openalex_id,doi,pmid,lens_id,label_included,label_abstract_included
https://openalex.org/w1530793052,https://doi.org/10.1002/14651858.cd006193.pub2,,,0,0
https://openalex.org/w2669995945,https://doi.org/10.4184/asj.2017.11.3.396,,,0,0
https://openalex.org/w2015841093,https://doi.org/10.1188/03.onf.433-440,,,0,0
https://openalex.org/w2058875551,https://doi.org/10.1046/j.1365-2648.1999.00903.x,,,0,0
https://openalex.org/w2102458110,https://doi.org/10.1093/bja/aeh028,,,0,0
https://openalex.org/w2972267676,https://doi.org/10.1002/14651858.cd013419,,,0,0
https://openalex.org/w2144282106,https://doi.org/10.1111/j.1744-1609.2012.00270.x,,,0,0
https://openalex.org/w1998219978,https://doi.org/10.1002/1529-0131(200201)46:1<100::aid-art10037>3.0.co;2-v,,,0,0
https://openalex.org/w2690119691,https://doi.org/10.12659/msm.901868,,,0,0
https://openalex.org/w2034756277,https://doi.org/10.1016/j.jmwh.2008.12.006,,,0,0
https://openalex.org/w2460708627,https://doi.org/10.1016/j.pedn.2016.05.004,,,0,0
https://openalex.org/w2613336318,https://doi.org/10.1002/14651858.cd012468.pub2,,,0,0
https://openalex.org/w121646383,https://doi.org/10.1002/central/cn-00125155/full'],,,0,0
https://openalex.org/w2915991624,https://doi.org/10.1016/j.pmn.2019.01.002,,,1,1
https://openalex.org/w2068735767,https://doi.org/10.1067/men.2002.122573,,,0,0
https://openalex.org/w2898627065,https://doi.org/10.23736/s1593-232x.18.00409-5,,,0,0
https://openalex.org/w2517339882,https://doi.org/10.4184/asj.2016.10.4.690,,,0,0
https://openalex.org/w4290282109,,,,0,0
https://openalex.org/w4251484569,https://doi.org/10.1186/isrctn48722734,,,0,0
https://openalex.org/w2789311598,https://doi.org/10.1097/md.0000000000009746,,,0,0
https://openalex.org/w2421961225,https://doi.org/10.7748/en2005.04.13.1.28.c1214,,,0,0
https://openalex.org/w3477231,https://doi.org/10.1080/08998280.2014.11929035,,,0,0
https://openalex.org/w2891129119,https://doi.org/10.5812/aapm.61041,,,0,0
https://openalex.org/w2796615987,https://doi.org/10.1111/ipd.12363,,,0,0
https://openalex.org/w129116385,https://doi.org/10.1002/central/cn-00460054/full'],,,0,0
https://openalex.org/w2076507731,https://doi.org/10.2165/00124363-200418060-00002,,,0,0
https://openalex.org/w2119081298,https://doi.org/10.1016/j.pmn.2008.12.002,,,0,1
https://openalex.org/w1974197735,https://doi.org/10.1089/jpm.2008.0072,,,0,0
https://openalex.org/w1901231523,https://doi.org/10.1111/ijn.12298,,,0,0
https://openalex.org/w2794197253,https://doi.org/10.1016/j.pmn.2017.10.015,,,0,0
https://openalex.org/w3155679705,https://doi.org/10.1002/central/cn-01931118,,,0,0
https://openalex.org/w2028197051,https://doi.org/10.5055/jom.2012.0121,,,0,0
https://openalex.org/w2947521698,https://doi.org/10.1016/j.nepr.2019.05.013,,,0,0
https://openalex.org/w2054566511,https://doi.org/10.1186/cc5966,,,0,0
https://openalex.org/w1965213541,https://doi.org/10.1016/s1526-9523(03)00277-0,,,0,0
https://openalex.org/w1989636031,https://doi.org/10.1007/bf03009508,,,0,0
https://openalex.org/w2139802068,https://doi.org/10.1111/j.1471-0528.2011.03043.x,,,0,0
https://openalex.org/w2128784702,https://doi.org/10.1177/0193945911420742,,,0,0
https://openalex.org/w1751026031,https://doi.org/10.1002/14651858.cd003528.pub2,,,0,0
https://openalex.org/w2142555691,https://doi.org/10.1016/j.iccn.2011.10.006,,,0,0
https://openalex.org/w1984102668,https://doi.org/10.1046/j.1442-2018.2002.00112.x,,,0,0
https://openalex.org/w2021252145,https://doi.org/10.1097/dcc.0b013e3181f0c48f,,,0,0
https://openalex.org/w2941113822,https://doi.org/10.4103/ijnmr.ijnmr_36_18,,,0,0
https://openalex.org/w1893662434,https://doi.org/10.1016/j.pmn.2015.01.003,,,0,0
https://openalex.org/w1991853792,https://doi.org/10.1111/j.1553-2712.2009.00401.x,,,0,0
https://openalex.org/w2093819326,,,,0,0
https://openalex.org/w368120941,,,,0,1
https://openalex.org/w2158140814,https://doi.org/10.1017/s0022215110000605,,,0,0
https://openalex.org/w2400762525,,,,0,0
https://openalex.org/w2302382543,https://doi.org/10.1177/201010581102000207,,,0,0
https://openalex.org/w1996656904,https://doi.org/10.1007/s11606-010-1605-5,,,0,0
https://openalex.org/w1971199940,https://doi.org/10.1053/ejso.2000.1079,,,0,0
https://openalex.org/w2290044401,https://doi.org/10.7257/1053-816x.2011.31.5.279,,,0,0
https://openalex.org/w1976029872,https://doi.org/10.1002/ptr.2127,,,0,0
https://openalex.org/w1503019693,https://doi.org/10.7748/ncyp2014.03.26.2.34.e334,,,0,0
https://openalex.org/w2069293542,https://doi.org/10.1097/00005082-198908000-00007,,,0,0
https://openalex.org/w2990818425,https://doi.org/10.1111/jjns.12306,,,0,1
https://openalex.org/w2055070831,https://doi.org/10.1016/s1089-9472(99)80097-5,,,0,0
https://openalex.org/w2004612819,https://doi.org/10.3928/21650799-20111227-02,,,0,0
https://openalex.org/w2059707574,https://doi.org/10.1016/j.jopan.2013.07.008,,,0,0
https://openalex.org/w2025120748,https://doi.org/10.1007/s16024-012-0118-z,,,0,0
https://openalex.org/w1992665207,https://doi.org/10.1089/acm.2008.0456,,,0,0
https://openalex.org/w2515760533,https://doi.org/10.1016/j.ijnurstu.2016.08.015,,,0,0
https://openalex.org/w2060864919,https://doi.org/10.1097/01.anc.0000296634.26669.13,,,0,0
https://openalex.org/w2065329133,https://doi.org/10.1111/j.1542-2011.2010.00013.x,,,0,1
https://openalex.org/w2033268602,https://doi.org/10.1002/central/cn-00092637/full'],,,0,0
https://openalex.org/w2064336777,https://doi.org/10.1046/j.1525-1438.2001.01045.x,,,0,0
https://openalex.org/w2019188576,https://doi.org/10.1007/bf03015442,,,0,0
https://openalex.org/w2903789525,https://doi.org/10.1186/s12889-018-6293-9,,,0,0
https://openalex.org/w2154206039,https://doi.org/10.1016/j.jcrc.2014.10.021,,,0,0
https://openalex.org/w2031690827,https://doi.org/10.1016/j.pmn.2003.11.002,,,0,0
https://openalex.org/w2029531240,https://doi.org/10.1053/jpmn.2000.19333,,,0,0
https://openalex.org/w72721808,https://doi.org/10.1891/1061-3749.9.3.219,,,0,0
https://openalex.org/w1986903180,https://doi.org/10.1007/bf00378441,,,0,0
https://openalex.org/w2787333021,https://doi.org/10.1016/j.ijnurstu.2018.01.016,,,0,0
https://openalex.org/w2128851611,https://doi.org/10.1186/1471-2474-10-150,,,0,0
https://openalex.org/w2485261812,https://doi.org/10.1016/j.ajem.2016.07.047,,,0,0
https://openalex.org/w1977122595,https://doi.org/10.1111/j.1745-7599.2009.00469.x,,,0,0
https://openalex.org/w2169710029,https://doi.org/10.1371/journal.pone.0113678,,,0,0
https://openalex.org/w50018973,https://doi.org/10.12968/bjon.2009.18.16.43969,,,0,0
https://openalex.org/w2045891711,https://doi.org/10.1016/j.jpainsymman.2004.03.006,,,0,0
https://openalex.org/w2092225513,https://doi.org/10.1111/j.1365-2702.2007.02075.x,,,0,0
https://openalex.org/w2187504922,,,,0,0
https://openalex.org/w2901427772,https://doi.org/10.1007/s00402-018-3052-4,,,0,0
https://openalex.org/w2059822793,https://doi.org/10.1177/0898010105280112,,,0,0
https://openalex.org/w2606945553,https://doi.org/10.1186/s12904-017-0200-5,,,0,0
https://openalex.org/w2058715697,https://doi.org/10.1136/fn.70.3.f177,,,0,0
https://openalex.org/w2156001377,https://doi.org/10.4037/ajcc2012611,,,0,0
https://openalex.org/w1195230685,,,,0,0
https://openalex.org/w2131488113,https://doi.org/10.1188/04.onf.625-631,,,0,0
https://openalex.org/w1994728053,https://doi.org/10.1111/j.1365-2702.2008.02382.x,,,0,0
https://openalex.org/w2092326662,https://doi.org/10.1007/s10067-004-1001-9,,,0,0
https://openalex.org/w2075598399,https://doi.org/10.1016/j.pmn.2005.01.002,,,0,0
https://openalex.org/w2021659796,https://doi.org/10.3310/hta10250,,,0,0
https://openalex.org/w1968409311,https://doi.org/10.1016/j.pain.2007.06.028,,,0,0
https://openalex.org/w2119807931,https://doi.org/10.1016/j.pain.2014.01.006,,053-431-051-784-659,1,1
https://openalex.org/w2896955649,https://doi.org/10.1016/j.ijotn.2018.10.002,,,0,0
https://openalex.org/w2141614836,https://doi.org/10.1002/14651858.cd010789.pub2,,,0,0
https://openalex.org/w2140768652,https://doi.org/10.1053/bean.2002.0259,,,0,0
https://openalex.org/w1969154711,https://doi.org/10.3109/00365521.2013.871576,,,0,0
https://openalex.org/w2753499676,https://doi.org/10.1111/jmwh.12644,,,0,0
https://openalex.org/w2080802705,https://doi.org/10.1089/jpm.2011.0486,,,0,0
https://openalex.org/w2066585600,https://doi.org/10.1188/09.onf.52-60,,,0,0
https://openalex.org/w1975707333,https://doi.org/10.1016/s0140-6736(84)91349-7,,,0,0
https://openalex.org/w2088758910,https://doi.org/10.1097/mat.0b013e3181dae1db,,,0,0
https://openalex.org/w2089698076,https://doi.org/10.1016/j.pmn.2006.02.004,,,0,0
https://openalex.org/w2985213765,https://doi.org/10.1097/hnp.0000000000000360,,,0,0
https://openalex.org/w2776712474,https://doi.org/10.4103/atmph.atmph_202_17,,,0,0
https://openalex.org/w1593129553,https://doi.org/10.1016/j.pmn.2014.07.004,,,0,0
https://openalex.org/w2570517218,https://doi.org/10.1111/jir.12355,,,0,0
https://openalex.org/w2012917090,https://doi.org/10.1016/j.pmn.2007.09.003,,,0,0
https://openalex.org/w2742407197,https://doi.org/10.1111/jocn.13978,,,0,0
https://openalex.org/w2110050932,https://doi.org/10.1177/089801019701500208,,,0,0
https://openalex.org/w2165283094,https://doi.org/10.1016/j.gerinurse.2012.04.001,,,0,0
https://openalex.org/w2396280560,https://doi.org/10.1016/j.jopan.2015.02.004,,063-387-154-371-918,1,1
https://openalex.org/w2013430619,https://doi.org/10.1016/j.pmn.2010.05.008,,,0,0
https://openalex.org/w2532762230,https://doi.org/10.1097/ajp.0000000000000450,,,0,0
https://openalex.org/w2069013408,https://doi.org/10.7326/0003-4819-91-1-106,,,0,0
https://openalex.org/w2089015412,https://doi.org/10.1046/j.1365-2346.1998.00292.x,,,0,0
https://openalex.org/w2401547988,https://doi.org/10.1001/jamaoto.2016.0656,,,0,0
https://openalex.org/w2011684897,https://doi.org/10.11604/pamj.2015.20.407.6010,,,0,0
https://openalex.org/w3203456191,https://doi.org/10.21474/ijar01/13415,,,0,0
https://openalex.org/w2040356335,https://doi.org/10.1016/s0149-2918(00)80066-1,,,0,0
https://openalex.org/w4256525002,https://doi.org/10.1001/archinte.151.7.1373,,,0,0
https://openalex.org/w2168912847,https://doi.org/10.1097/ajp.0b013e3181b51191,,,0,0
https://openalex.org/w3181520126,,,,0,0
https://openalex.org/w2067384032,https://doi.org/10.1213/01.ane.0000074236.76333.53,,,0,0
https://openalex.org/w2017554374,https://doi.org/10.1097/mlr.0b013e3181a31d00,,,0,0
https://openalex.org/w1970520522,https://doi.org/10.1097/tme.0b013e31827f50cb,,,0,0
https://openalex.org/w2513587826,https://doi.org/10.1097/md.0000000000004548,,,0,0
https://openalex.org/w2891320168,https://doi.org/10.1016/j.apnr.2018.09.001,,,0,0
https://openalex.org/w20287227,,,,0,0
https://openalex.org/w2955853287,https://doi.org/10.1007/s10067-019-04664-5,,,0,0
https://openalex.org/w2580695154,https://doi.org/10.1186/s12913-017-2029-2,,,0,0
https://openalex.org/w2046665283,https://doi.org/10.1007/s11916-005-0029-0,,,0,0
https://openalex.org/w3144643299,https://doi.org/10.1002/central/cn-00277805/full'],,,0,0
https://openalex.org/w2790335693,https://doi.org/10.22376/ijpbs.2018.9.1.p164-170,,,0,0
https://openalex.org/w4252711789,https://doi.org/10.31525/ct1-nct04014309,,,0,0
https://openalex.org/w2164415711,https://doi.org/10.1016/j.pec.2007.03.012,,,0,0
https://openalex.org/w4230021489,https://doi.org/10.1186/isrctn54744256,,,0,0
https://openalex.org/w2062057882,https://doi.org/10.1097/00006416-200019050-00005,,,0,0
https://openalex.org/w5881156,,,,0,0
https://openalex.org/w2115728474,https://doi.org/10.1200/jco.2004.06.140,,,0,1
https://openalex.org/w2157235063,https://doi.org/10.1067/mhl.2003.3,,,0,0
https://openalex.org/w2750823587,https://doi.org/10.1111/jgs.15064,,,0,0
https://openalex.org/w2900695204,https://doi.org/10.1371/journal.pone.0207174,,014-114-084-684-466,1,1
https://openalex.org/w2557286867,https://doi.org/10.1016/j.jval.2016.10.001,,,0,0
https://openalex.org/w2519574729,https://doi.org/10.1891/2156-5287.7.2.77,,,0,0
https://openalex.org/w2403267747,https://doi.org/10.1007/s001040051213,,,0,0
https://openalex.org/w2001869876,https://doi.org/10.1188/04.onf.809-816,,,0,0
https://openalex.org/w2105883353,https://doi.org/10.1186/ar3254,,,0,0
https://openalex.org/w1998164725,https://doi.org/10.1016/j.ejpain.2009.11.007,,,0,0
https://openalex.org/w2120925984,https://doi.org/10.1097/00132586-198308000-00062,,,0,0
https://openalex.org/w2083696729,https://doi.org/10.1016/j.pmn.2012.08.009,,,0,0
https://openalex.org/w2126599413,https://doi.org/10.1016/s0266-6138(99)90036-0,,,0,0
https://openalex.org/w2048287298,https://doi.org/10.1016/s0885-3924(96)00183-2,,,0,0
https://openalex.org/w2029820492,https://doi.org/10.1097/ncc.0b013e3182948418,,,0,0
https://openalex.org/w2414084017,,,,0,0
https://openalex.org/w1998449714,https://doi.org/10.1067/mge.2001.114056,,,0,0
https://openalex.org/w2130067632,https://doi.org/10.1046/j.1365-2648.1998.00712.x,,,0,0
https://openalex.org/w2014523850,https://doi.org/10.1097/01.ju.0000139830.42599.a6,,,0,0
https://openalex.org/w2079965672,https://doi.org/10.1016/j.jbmt.2013.05.007,,,0,0
https://openalex.org/w2419386133,https://doi.org/10.1002/central/cn-00567375/full'],,,0,0
https://openalex.org/w2167769857,https://doi.org/10.1093/bja/88.2.241,,,0,0
https://openalex.org/w2789776162,https://doi.org/10.1016/j.dhjo.2018.01.003,,,0,0
https://openalex.org/w4301170539,https://doi.org/10.48029/nji.2017.cviii206,,,0,0
https://openalex.org/w2440919411,https://doi.org/10.1002/central/cn-00353561/full'],,,0,0
https://openalex.org/w2052193833,https://doi.org/10.1080/13674670600757064,,,0,0
https://openalex.org/w2004860278,https://doi.org/10.1016/j.ejon.2011.06.004,,,0,0
https://openalex.org/w2811190212,https://doi.org/10.1093/pm/pny124,,,0,0
https://openalex.org/w2030492210,https://doi.org/10.1016/j.eplepsyres.2008.10.005,,,0,0
https://openalex.org/w2744093049,https://doi.org/10.22038/ebcj.2017.23797.1504,,,0,1
https://openalex.org/w1909241802,https://doi.org/10.1111/j.1365-2702.2010.03406.x,,,0,0
https://openalex.org/w2606944445,https://doi.org/10.3233/wor-172526,,,0,0
https://openalex.org/w2010179207,https://doi.org/10.1016/j.athoracsur.2008.12.099,,,0,0
https://openalex.org/w1979362180,https://doi.org/10.1097/01.ncc.0000305694.74754.7b,,,0,0
https://openalex.org/w2963504133,https://doi.org/10.1111/jpc.14559,,,0,0
https://openalex.org/w2061070935,https://doi.org/10.1016/s0001-2092(06)62999-2,,,0,0
https://openalex.org/w1573259024,,,,0,0
https://openalex.org/w2810768640,https://doi.org/10.7475/kjan.2018.30.3.245,,,0,0
https://openalex.org/w2067421420,https://doi.org/10.1016/0002-9610(77)90077-0,,,0,0
https://openalex.org/w2148185811,https://doi.org/10.1371/journal.pmed.1001783,,,0,0
https://openalex.org/w2031884602,https://doi.org/10.1016/j.otohns.2004.11.002,,,0,0
https://openalex.org/w2260165502,,,,0,0
https://openalex.org/w2007197854,https://doi.org/10.1097/01.nnr.0000319492.14005.7f,,,0,0
https://openalex.org/w2624923221,https://doi.org/10.1188/17.onf.596-605,,,0,0
https://openalex.org/w2052715869,https://doi.org/10.1001/archneur.1997.00550240063014,,,0,0
https://openalex.org/w2933517350,https://doi.org/10.1186/s10194-019-0973-4,,,0,0
https://openalex.org/w2045072968,https://doi.org/10.1111/j.1365-2648.2006.04102.x,,,0,0
https://openalex.org/w2101408608,https://doi.org/10.1111/j.1365-2702.2008.02232.x,,,0,0
https://openalex.org/w2137241295,https://doi.org/10.1016/j.pmn.2012.06.006,,,0,0
https://openalex.org/w3167218379,https://doi.org/10.1002/central/cn-01659891,,,0,0
https://openalex.org/w2028165634,https://doi.org/10.1007/bf03168960,,,0,0
https://openalex.org/w2057155219,https://doi.org/10.1016/s0304-3959(99)00002-0,,,0,1
https://openalex.org/w2016141381,https://doi.org/10.1016/j.rmedx.2006.01.002,,,0,0
https://openalex.org/w2120116440,https://doi.org/10.1186/1471-2318-11-12,,,0,0
https://openalex.org/w2000323549,https://doi.org/10.1016/j.jpainsymman.2011.10.024,,,0,0
https://openalex.org/w2163863124,https://doi.org/10.1016/j.jpainsymman.2011.03.026,,,0,0
https://openalex.org/w2119345913,,,,0,0
https://openalex.org/w52869138,,,,0,0
https://openalex.org/w1990027743,https://doi.org/10.1016/j.ajem.2014.12.058,,,0,0
https://openalex.org/w1976295582,https://doi.org/10.1111/j.1365-2648.2005.03502.x,,,0,1
https://openalex.org/w2863653928,https://doi.org/10.12659/msm.908797,,,0,0
https://openalex.org/w2075853217,https://doi.org/10.2310/7200.2005.32003,,,0,0
https://openalex.org/w2946147430,https://doi.org/10.1002/central/cn-01038507/full'],,,0,1
https://openalex.org/w2019355147,https://doi.org/10.1016/j.jpainsymman.2007.04.018,,,0,0
https://openalex.org/w2946781777,https://doi.org/10.1016/j.conctc.2019.100385,,,0,0
https://openalex.org/w2142956207,https://doi.org/10.1016/j.pmn.2015.08.004,,,0,0
https://openalex.org/w2066492488,https://doi.org/10.7748/paed2006.04.18.3.39.c8136,,,0,0
https://openalex.org/w2412604146,https://doi.org/10.5271/sjweh.3576,,,0,0
https://openalex.org/w2065224692,https://doi.org/10.1097/01.jnr.0000387486.78685.c5,,,0,0
https://openalex.org/w4255972811,https://doi.org/10.31525/ct1-nct04071028,,,0,0
https://openalex.org/w1985350336,https://doi.org/10.12968/ijpn.2014.20.2.69,,,0,0
https://openalex.org/w2418333411,https://doi.org/10.1002/central/cn-01786867/full'],,,0,0
https://openalex.org/w2140766029,https://doi.org/10.1186/s13063-015-0923-7,,,0,0
https://openalex.org/w2083564360,https://doi.org/10.1186/1471-2482-11-24,,,0,0
https://openalex.org/w2138928425,https://doi.org/10.1016/j.clnu.2004.07.015,,,0,0
https://openalex.org/w2325621522,https://doi.org/10.1111/jan.12956,,,0,0
https://openalex.org/w2416025113,,,,0,0
https://openalex.org/w2110128361,https://doi.org/10.1016/j.jvir.2013.12.154,,,0,0
https://openalex.org/w2074848797,https://doi.org/10.1097/00002820-200204000-00009,,,0,0
https://openalex.org/w91577149,https://doi.org/10.1007/s00482-004-0353-z,,,0,0
https://openalex.org/w2002624118,https://doi.org/10.1097/00007632-200108150-00002,,,0,0
https://openalex.org/w1554646654,https://doi.org/10.1002/central/cn-00524039/full'],,,0,0
https://openalex.org/w2799443016,https://doi.org/10.1007/s40266-018-0546-2,,,0,0
https://openalex.org/w1993240619,https://doi.org/10.1016/j.annemergmed.2010.11.025,,,0,0
https://openalex.org/w2326776861,https://doi.org/10.1097/xeb.0000000000000008,,,0,0
https://openalex.org/w2087822910,https://doi.org/10.1542/peds.110.4.758,,,0,0
https://openalex.org/w2054287250,https://doi.org/10.3928/0098-9134-19980701-08,,,0,0
https://openalex.org/w2099395201,https://doi.org/10.1016/j.ejcts.2011.01.067,,,0,0
https://openalex.org/w2078529191,https://doi.org/10.1016/s1036-7314(00)70645-x,,,0,0
https://openalex.org/w2783807489,https://doi.org/10.1016/j.ajem.2018.01.042,,,0,0
https://openalex.org/w2126694731,https://doi.org/10.7178/jig.157,,,0,0
https://openalex.org/w1982439022,https://doi.org/10.1016/j.jclinane.2010.12.015,,,0,0
https://openalex.org/w1965756909,https://doi.org/10.1111/j.1553-2712.2004.tb02207.x,,,0,0
https://openalex.org/w2275074732,https://doi.org/10.1016/j.gerinurse.2016.01.002,,,0,0
https://openalex.org/w2409242727,https://doi.org/10.1002/central/cn-00073226/full'],,,0,0
https://openalex.org/w2103522771,https://doi.org/10.1111/j.1744-6155.2012.00326.x,,,0,0
https://openalex.org/w2603660327,https://doi.org/10.1016/j.jpain.2017.03.001,,,0,0
https://openalex.org/w2897494512,https://doi.org/10.1186/s12877-018-0933-x,,,0,0
https://openalex.org/w1503202657,https://doi.org/10.3928/19404921-20090421-05,,,0,0
https://openalex.org/w146934483,,,,0,0
https://openalex.org/w2802210075,,,,0,0
https://openalex.org/w2054793331,https://doi.org/10.1007/s00431-009-0932-1,,,0,0
https://openalex.org/w1975900999,https://doi.org/10.1016/j.ijmedinf.2005.04.003,,,0,0
https://openalex.org/w2593212467,https://doi.org/10.1007/s00404-017-4325-9,,,0,0
https://openalex.org/w2898261345,https://doi.org/10.4293/jsls.2018.00023,,,0,0
https://openalex.org/w2807140362,https://doi.org/10.1186/s12884-018-1706-4,,,0,0
https://openalex.org/w1989353288,https://doi.org/10.1067/moe.2000.105713,,,0,0
https://openalex.org/w2770472177,https://doi.org/10.1111/jspn.12201,,,0,0
https://openalex.org/w2088017473,https://doi.org/10.2147/nrr.s36876,,,0,0
https://openalex.org/w2084662904,https://doi.org/10.1186/1471-2288-14-60,,,0,0
https://openalex.org/w2072215623,https://doi.org/10.1186/s12906-015-0613-8,,,0,0
https://openalex.org/w1592489872,https://doi.org/10.1111/j.1399-6576.2011.02613.x,,,0,0
https://openalex.org/w2940522008,https://doi.org/10.1016/j.eujim.2019.04.007,,,0,0
https://openalex.org/w2167730769,https://doi.org/10.1097/00006123-200207000-00016,,,0,0
https://openalex.org/w2139907383,https://doi.org/10.1016/j.ijotn.2013.07.004,,,0,0
https://openalex.org/w2238665301,https://doi.org/10.4040/jkan.2005.35.3.487,,,0,0
https://openalex.org/w1975715911,https://doi.org/10.1016/j.jpainsymman.2003.09.006,,,0,0
https://openalex.org/w2027983819,https://doi.org/10.1016/j.ejon.2009.04.003,,,0,0
https://openalex.org/w1967323663,https://doi.org/10.1159/000318228,,,0,0
https://openalex.org/w2541853034,https://doi.org/10.1016/j.amjms.2016.10.010,,,0,0
https://openalex.org/w1500835882,https://doi.org/10.1002/14651858.cd005364.pub2,,,0,0
https://openalex.org/w1991880389,https://doi.org/10.1097/00006416-200311000-00005,,,0,0
https://openalex.org/w2003713993,https://doi.org/10.1097/00004650-200405000-00006,,,0,0
https://openalex.org/w2973904,https://doi.org/10.1188/11.cjon.374-379,,,0,0
https://openalex.org/w2410835024,https://doi.org/10.1002/central/cn-01124857/full'],,,0,0
https://openalex.org/w4241838654,https://doi.org/10.1055/s-2003-37012,,,0,0
https://openalex.org/w2992185304,,,,0,0
https://openalex.org/w1984006037,https://doi.org/10.1186/1471-2377-8-38,,,0,0
https://openalex.org/w2997798471,https://doi.org/10.1002/central/cn-01988300/full'],,,0,0
https://openalex.org/w2914178421,https://doi.org/10.1016/j.jopan.2018.10.010,,,0,0
https://openalex.org/w2064839760,https://doi.org/10.1016/s1068-607x(98)00128-0,,,0,0
https://openalex.org/w2144003985,https://doi.org/10.1016/s0885-3924(98)00150-x,,,0,0
https://openalex.org/w2890269264,https://doi.org/10.1080/07317115.2018.1518282,,,0,0
https://openalex.org/w2101010608,https://doi.org/10.1067/mge.2002.124636,,,0,0
https://openalex.org/w2313050868,https://doi.org/10.4097/kjae.2004.47.4.521,,,0,0
https://openalex.org/w2327822293,https://doi.org/10.1097/00003643-201206001-00653,,,0,0
https://openalex.org/w1983006704,https://doi.org/10.1111/j.1744-1609.2008.00113.x,,082-755-627-757-163,0,0
https://openalex.org/w2003111510,https://doi.org/10.1111/j.1526-4610.2004.04010.x,,,0,0
https://openalex.org/w2135254185,https://doi.org/10.1089/tmj.2009.0107,,,0,0
https://openalex.org/w1880019219,https://doi.org/10.11124/01938924-201008280-00001,,034-327-847-230-978,0,0
https://openalex.org/w2077418965,https://doi.org/10.1097/00006199-200511000-00005,,,0,0
https://openalex.org/w2885497961,https://doi.org/10.1037/amp0000330,,,0,0
https://openalex.org/w2284138468,,,,0,1
https://openalex.org/w2142797142,https://doi.org/10.1016/j.pmn.2012.03.001,,,0,1
https://openalex.org/w2893515513,https://doi.org/10.1177/1099800418802638,,027-909-959-262-508,1,1
https://openalex.org/w2531585743,https://doi.org/10.1016/j.pmn.2016.05.006,,,0,0
https://openalex.org/w2112305593,https://doi.org/10.1016/j.curtheres.2014.10.001,,,0,0
https://openalex.org/w2031113056,https://doi.org/10.1016/s0885-3924(99)00022-6,,,0,0
https://openalex.org/w2003685316,https://doi.org/10.7326/0003-4819-147-7-200710020-00005,,002-728-480-309-204,0,0
https://openalex.org/w2121499999,https://doi.org/10.1177/0269215514554240,,,0,0
https://openalex.org/w4246452239,https://doi.org/10.1186/isrctn87127065,,,0,0
https://openalex.org/w2170275498,https://doi.org/10.1136/ard.62.5.394,,,0,0
https://openalex.org/w2036961625,https://doi.org/10.1007/s40265-013-0125-0,,,0,0
https://openalex.org/w1527493556,https://doi.org/10.1111/j.1365-2044.1991.tb09777.x,,,0,0
https://openalex.org/w2011103200,https://doi.org/10.1016/j.pmn.2010.02.003,,,0,1
https://openalex.org/w2102500957,https://doi.org/10.1186/1472-6904-11-14,,,0,0
https://openalex.org/w1978788862,https://doi.org/10.1097/00000542-199411000-00010,,,0,0
https://openalex.org/w2894677884,https://doi.org/10.1177/1533317518803773,,,0,0
https://openalex.org/w2050683502,https://doi.org/10.1111/j.1365-2648.1996.tb01020.x,,,0,0
https://openalex.org/w2279874661,https://doi.org/10.1002/central/cn-01128666/full'],,,0,0
https://openalex.org/w2132791402,https://doi.org/10.1007/s00520-014-2216-1,,,0,0
https://openalex.org/w2124264253,https://doi.org/10.2174/1874312901004010015,,,0,0
https://openalex.org/w2339382306,https://doi.org/10.1016/j.pmn.2016.01.002,,,0,0
https://openalex.org/w2163083259,https://doi.org/10.1016/j.jmig.2014.04.013,,,0,0
https://openalex.org/w2774237557,https://doi.org/10.1016/j.pmn.2017.10.014,,,0,0
https://openalex.org/w2086236878,https://doi.org/10.1111/j.1572-0241.2003.08668.x,,,0,0
https://openalex.org/w2890119454,https://doi.org/10.1177/2325967118794645,,,0,0
https://openalex.org/w2417963893,https://doi.org/10.1002/central/cn-00698790/full'],,,0,0
https://openalex.org/w2914042387,https://doi.org/10.1002/central/cn-01441168/full'],,,0,0
https://openalex.org/w2900054621,https://doi.org/10.1111/jan.13907,,,0,0
https://openalex.org/w2098755904,,,,0,0
https://openalex.org/w1953115518,https://doi.org/10.1111/hdi.12161,,,0,1
https://openalex.org/w2513681309,https://doi.org/10.1111/echo.13344,,,0,0
https://openalex.org/w2806060533,https://doi.org/10.1080/08941939.2018.1472318,,,0,0
https://openalex.org/w117287376,,,,0,0
https://openalex.org/w4249874170,https://doi.org/10.31525/ct1-nct03915704,,,0,0
https://openalex.org/w1972602009,https://doi.org/10.2146/ajhp060011,,,0,0
https://openalex.org/w1884441298,https://doi.org/10.4040/jkan.2011.41.4.451,,,0,0
https://openalex.org/w2909418905,https://doi.org/10.1093/europace/euy146,,,0,0
https://openalex.org/w2177774595,https://doi.org/10.2106/00004623-199807000-00009,,,0,0
https://openalex.org/w2169317038,https://doi.org/10.1016/j.pmn.2014.09.009,,,0,0
https://openalex.org/w1525813895,https://doi.org/10.1002/central/cn-00866359/full'],,,0,0
https://openalex.org/w1971525438,https://doi.org/10.1007/s11096-015-0090-7,,,0,0
https://openalex.org/w2148751174,https://doi.org/10.1177/0269216309346540,,,0,0
https://openalex.org/w2801670412,https://doi.org/10.1016/j.gie.2018.04.2342,,,0,0
https://openalex.org/w2616991939,https://doi.org/10.1097/ncc.0000000000000502,,025-850-840-842-269,1,1
https://openalex.org/w2066843645,https://doi.org/10.1188/12.onf.39-49,,,0,1
https://openalex.org/w2147205827,https://doi.org/10.1186/1471-2474-11-100,,,0,0
https://openalex.org/w2049307210,https://doi.org/10.1016/j.ejpain.2007.05.002,,,0,0
https://openalex.org/w2782787308,https://doi.org/10.1016/j.msksp.2018.01.006,,,0,0
https://openalex.org/w2099183731,https://doi.org/10.1016/j.jclinane.2010.07.001,,,0,0
https://openalex.org/w1760346561,https://doi.org/10.3233/wor-2004-00332,,,0,0
https://openalex.org/w2030768853,https://doi.org/10.1016/s0885-3924(01)00296-2,,,0,0
https://openalex.org/w2040213962,https://doi.org/10.1159/000098632,,,0,0
https://openalex.org/w2951208909,https://doi.org/10.1111/papr.12805,,,0,0
https://openalex.org/w2065772480,https://doi.org/10.1136/adc.2003.032599,,,0,0
https://openalex.org/w2141734066,https://doi.org/10.1007/s00405-010-1434-5,,,0,0
https://openalex.org/w2116089402,https://doi.org/10.1001/jama.2012.13872,,,0,0
https://openalex.org/w2936786000,https://doi.org/10.1186/s10194-019-0980-5,,,0,0
https://openalex.org/w2071662367,https://doi.org/10.1111/j.1365-2702.2009.03051.x,,,0,0
https://openalex.org/w2013285638,https://doi.org/10.1016/j.ijnss.2014.05.017,,,0,0
https://openalex.org/w2399727870,,,,0,0
https://openalex.org/w1595284066,https://doi.org/10.4040/jkan.2006.36.2.278,,,0,0
https://openalex.org/w2140405794,https://doi.org/10.1111/ijn.12190,,,0,0
https://openalex.org/w2987078501,https://doi.org/10.23736/s1973-9087.19.05686-7,,,0,1
https://openalex.org/w2591691714,https://doi.org/10.1093/ptj/pzx021,,,0,0
https://openalex.org/w1971365738,https://doi.org/10.12968/jowc.2003.12.1.26455,,,0,0
https://openalex.org/w4391442912,https://doi.org/10.37506/ijone.v11i1.4484,,,0,0
https://openalex.org/w2216677128,https://doi.org/10.4040/jkan.2006.36.6.992,,,0,0
https://openalex.org/w2792128870,https://doi.org/10.1111/anae.13789,,,0,0
https://openalex.org/w2117370518,https://doi.org/10.1002/pon.1429,,,0,0
https://openalex.org/w2045347888,https://doi.org/10.1016/j.jamda.2012.03.005,,,0,0
https://openalex.org/w2000640734,https://doi.org/10.1016/s0952-8180(00)00180-x,,,0,0
https://openalex.org/w1847108160,https://doi.org/10.1002/cncr.29563,,,0,0
https://openalex.org/w2155895740,https://doi.org/10.1002/central/cn-00649650/full'],,,0,0
https://openalex.org/w1992340361,https://doi.org/10.1046/j.1365-2273.2002.00534.x,,,0,0
https://openalex.org/w2159362394,https://doi.org/10.1177/0969733008100077,,,0,0
https://openalex.org/w1991730019,https://doi.org/10.1111/j.1365-2648.2006.04157.x,,,0,0
https://openalex.org/w2893998237,https://doi.org/10.1016/j.urology.2018.07.059,,,0,0
https://openalex.org/w2414468693,,,,0,0
https://openalex.org/w1972523756,https://doi.org/10.1016/j.spinee.2007.10.021,,,0,0
https://openalex.org/w2151882930,https://doi.org/10.1002/central/cn-00797798/full'],,,0,0
https://openalex.org/w1979798349,https://doi.org/10.1185/030079908x273291,,,0,0
https://openalex.org/w2086677376,https://doi.org/10.1177/104345429601300106,,,0,0
https://openalex.org/w4238317270,https://doi.org/10.1186/isrctn14069845,,,0,0
https://openalex.org/w2959995558,https://doi.org/10.1186/s12891-019-2678-x,,,0,0
https://openalex.org/w2006489554,https://doi.org/10.1097/00002508-199709000-00008,,,0,0
https://openalex.org/w1759325435,https://doi.org/10.1111/j.1755-6686.2013.12020.x,,,0,0
https://openalex.org/w2061302540,https://doi.org/10.1016/j.pedn.2004.05.016,,,0,0
https://openalex.org/w1975829726,https://doi.org/10.1038/clpt.1990.105,,,0,0
https://openalex.org/w2323689421,https://doi.org/10.5414/cpp41165,,,0,0
https://openalex.org/w4246183204,https://doi.org/10.1186/isrctn28898435,,,0,0
https://openalex.org/w4246152352,https://doi.org/10.1186/isrctn61397797,,,0,0
https://openalex.org/w42275970,https://doi.org/10.1002/central/cn-00167580/full'],,,0,0
https://openalex.org/w70372100,,,,0,0
https://openalex.org/w2042645035,https://doi.org/10.1002/msc.35,,,0,0
https://openalex.org/w2059944785,https://doi.org/10.1007/s00464-008-0119-2,,,0,0
https://openalex.org/w2098149328,https://doi.org/10.1097/01.ana.0000171730.41008.da,,,0,0
https://openalex.org/w2078656996,https://doi.org/10.5152/akd.2012.065,,,0,0
https://openalex.org/w2086182417,https://doi.org/10.1016/j.jana.2012.05.006,,,0,0
https://openalex.org/w2592264033,https://doi.org/10.1186/s12877-017-0454-z,,,0,0
https://openalex.org/w4393026831,,,,0,0
https://openalex.org/w2082995462,https://doi.org/10.1053/jpmn.2003.6,,,0,0
https://openalex.org/w1176189015,https://doi.org/10.1016/j.pmn.2015.08.001,,,0,0
https://openalex.org/w2089345785,https://doi.org/10.1053/jpan.2002.35366,,,0,0
https://openalex.org/w2661731376,https://doi.org/10.5812/ircmj.15176,,,0,0
https://openalex.org/w2017725859,https://doi.org/10.1213/01.ane.0000064206.51296.1d,,,0,0
https://openalex.org/w2034950845,https://doi.org/10.1177/1367493513486963,,,0,0
https://openalex.org/w2070671445,https://doi.org/10.1111/j.1741-6787.2004.04007.x,,,0,0
https://openalex.org/w2171696422,https://doi.org/10.4137/pcrt.s3296,,,0,0
https://openalex.org/w1879838490,https://doi.org/10.1002/gps.4063,,,0,0
https://openalex.org/w2074965145,https://doi.org/10.1016/j.jpainsymman.2007.12.011,,,0,0
https://openalex.org/w2052808057,https://doi.org/10.1111/j.1469-8749.2008.03069.x,,,0,0
https://openalex.org/w2024020297,https://doi.org/10.1186/1471-2474-11-253,,,0,0
https://openalex.org/w2897933059,https://doi.org/10.5271/sjweh.3769,,,0,0
https://openalex.org/w2038508677,https://doi.org/10.1186/1129-2377-15-s1-e37,,,0,0
https://openalex.org/w141944577,,,,0,0
https://openalex.org/w287071831,https://doi.org/10.1007/s00391-003-0167-0,,,0,0
https://openalex.org/w2322677626,https://doi.org/10.1097/won.0000000000000219,,,0,0
https://openalex.org/w2125651930,https://doi.org/10.1016/j.sjpain.2010.01.001,,,0,0
https://openalex.org/w1589153637,https://doi.org/10.1590/s0034-71672013000500004,,,0,0
https://openalex.org/w4241663842,https://doi.org/10.3109/14767050009053450,,,0,0
https://openalex.org/w2604600215,https://doi.org/10.2147/ndt.s131517,,,0,0
https://openalex.org/w4248604864,https://doi.org/10.11124/jbisrir-2013-940,,,0,0
https://openalex.org/w2062183998,https://doi.org/10.1054/ctnm.1999.0429,,,0,0
https://openalex.org/w1664419586,https://doi.org/10.11124/01938924-200907250-00001,,,0,0
https://openalex.org/w1995024818,https://doi.org/10.7475/kjan.2012.24.3.294,,,0,1
https://openalex.org/w2528359838,https://doi.org/10.1111/jgs.14374,,,0,0
https://openalex.org/w1999067408,https://doi.org/10.1097/01.pec.0000216566.33747.5b,,,0,0
https://openalex.org/w1980240274,https://doi.org/10.1111/pan.12332,,,0,0
https://openalex.org/w2799704511,https://doi.org/10.1016/j.ctim.2018.04.007,,,0,0
https://openalex.org/w2154228483,https://doi.org/10.1177/0894318404266322,,,0,0
https://openalex.org/w2315033012,https://doi.org/10.1097/ajp.0000000000000337,,,0,0
https://openalex.org/w1995876352,https://doi.org/10.1111/j.1440-172x.2010.01819.x,,044-735-894-446-590,1,1
https://openalex.org/w2052263357,https://doi.org/10.1016/j.iccn.2007.05.002,,,0,0
https://openalex.org/w2039296182,https://doi.org/10.1080/00140138908966078,,,0,0
https://openalex.org/w2034629007,https://doi.org/10.1197/j.jht.2004.02.007,,,0,0
https://openalex.org/w2155479483,https://doi.org/10.1002/pon.1840,,,0,0
https://openalex.org/w2914695405,https://doi.org/10.1017/s1478951518000901,,,0,0
https://openalex.org/w2071955072,https://doi.org/10.1016/j.pedn.2006.11.001,,,0,0
https://openalex.org/w2009079839,https://doi.org/10.1097/01.rhu.0000147050.45377.df,,,0,0
https://openalex.org/w2085051179,https://doi.org/10.1111/j.1471-0528.1998.tb10004.x,,,0,0
https://openalex.org/w2052806742,https://doi.org/10.1016/j.jopan.2003.09.003,,,0,0
https://openalex.org/w2245368950,https://doi.org/10.7416/ai.2014.1996,,,0,0
https://openalex.org/w1994998459,https://doi.org/10.12968/jowc.2001.10.3.26063,,,0,0
https://openalex.org/w2508483473,https://doi.org/10.1007/s12325-016-0405-7,,,0,0
https://openalex.org/w2072548073,https://doi.org/10.1046/j.1365-2648.2003.02936.x,,,0,0
https://openalex.org/w2991377960,https://doi.org/10.1089/acm.2019.0249,,,0,0
https://openalex.org/w2058911098,https://doi.org/10.1097/00003246-199910000-00025,,,0,0
https://openalex.org/w2946801316,https://doi.org/10.1089/photob.2018.4588,,,0,0
https://openalex.org/w2413469618,https://doi.org/10.1002/central/cn-00731933/full'],,,0,0
https://openalex.org/w2028713326,https://doi.org/10.1111/j.1552-6909.1994.tb01858.x,,,0,0
https://openalex.org/w2727021449,,,,0,0
https://openalex.org/w2109551225,https://doi.org/10.1016/s0090-4295(03)00003-7,,,0,0
https://openalex.org/w2060484836,https://doi.org/10.1016/j.jpainsymman.2011.04.025,,,0,0
https://openalex.org/w2375780016,https://doi.org/10.1682/jrrd.2014.10.0254,,,0,0
https://openalex.org/w124168532,,,,0,0
https://openalex.org/w2070736108,https://doi.org/10.1097/ncc.0b013e3181cfb55a,,,0,0
https://openalex.org/w164690680,https://doi.org/10.4037/15597768-1991-4013,,,0,0
https://openalex.org/w2070292196,https://doi.org/10.1188/07.cjon.433-439,,,0,0
https://openalex.org/w2335649477,https://doi.org/10.1016/j.sjpain.2016.03.003,,,0,0
https://openalex.org/w2121957794,https://doi.org/10.1016/j.curtheres.2013.11.005,,,0,0
https://openalex.org/w2156094671,https://doi.org/10.12968/ijpn.2000.6.9.9056,,,0,0
https://openalex.org/w2415930208,https://doi.org/10.1093/ajhp/39.1.98,,,0,0
https://openalex.org/w2054192275,https://doi.org/10.1016/j.ejcdt.2014.09.006,,,0,0
https://openalex.org/w2080717916,https://doi.org/10.1046/j.1365-2648.1995.21061101.x,,,0,0
https://openalex.org/w2048488258,https://doi.org/10.1097/00004045-200510000-00009,,,0,0
https://openalex.org/w59444297,https://doi.org/10.22371/07.2012.001,,,0,0
https://openalex.org/w1963497515,https://doi.org/10.1097/00006199-200211000-00005,,,0,0
https://openalex.org/w2041911689,https://doi.org/10.1093/ecam/neq064,,,0,0
https://openalex.org/w2015927616,https://doi.org/10.1179/174328810x12647087218992,,,0,0
https://openalex.org/w2089706537,https://doi.org/10.1111/j.1466-7657.2004.00249.x,,,0,0
https://openalex.org/w2090948462,https://doi.org/10.1016/s0750-7658(02)00808-0,,,0,0
https://openalex.org/w2153464879,https://doi.org/10.1177/0018720813508778,,,0,0
https://openalex.org/w2404610293,https://doi.org/10.1002/central/cn-00162855/full'],,,0,0
https://openalex.org/w2402357121,https://doi.org/10.1002/central/cn-00333048/full'],,,0,0
https://openalex.org/w2752563414,https://doi.org/10.1097/dcr.0000000000000909,,,0,0
https://openalex.org/w2067451393,https://doi.org/10.12968/jowc.2011.20.8.380,,,0,0
https://openalex.org/w1980025086,https://doi.org/10.12968/ijpn.2013.19.11.528,,,0,0
https://openalex.org/w1838090233,https://doi.org/10.1111/ijn.12079,,,0,0
https://openalex.org/w2064116139,https://doi.org/10.4103/0974-7796.152039,,,0,0
https://openalex.org/w2594970851,https://doi.org/10.1016/j.jse.2017.01.012,,,0,0
https://openalex.org/w1969121058,https://doi.org/10.1016/j.pec.2005.11.018,,,0,0
https://openalex.org/w2898491783,https://doi.org/10.1016/j.annemergmed.2018.09.004,,,0,0
https://openalex.org/w1982043439,https://doi.org/10.1136/heartjnl-2012-302920a.185,,,0,0
https://openalex.org/w2036861120,https://doi.org/10.1097/00002820-199112000-00003,,,0,0
https://openalex.org/w2006581821,https://doi.org/10.1016/s0304-3959(03)00014-9,,,0,0
https://openalex.org/w1995000928,https://doi.org/10.1016/j.juro.2009.03.027,,,0,0
https://openalex.org/w1998842198,https://doi.org/10.1007/s002280050363,,,0,0
https://openalex.org/w2109087676,https://doi.org/10.1089/1075553041323902,,,0,0
https://openalex.org/w2411559233,,,,0,0
https://openalex.org/w2011457745,https://doi.org/10.1111/j.1525-1497.2006.00457.x,,,0,0
https://openalex.org/w2769026123,https://doi.org/10.1002/2327-6924.12532,,,0,0
https://openalex.org/w2121961599,https://doi.org/10.1111/j.1471-6712.2010.00774.x,,,0,0
https://openalex.org/w2350583588,https://doi.org/10.1002/central/cn-01436604/full'],,,0,0
https://openalex.org/w2105302220,https://doi.org/10.1093/bja/73.5.634,,,0,0
https://openalex.org/w93328096,https://doi.org/10.1002/central/cn-00589082/full'],,,0,0
https://openalex.org/w4254495146,https://doi.org/10.1186/isrctn14675178,,,0,0
https://openalex.org/w2052083152,https://doi.org/10.1016/j.jpainsymman.2006.06.005,,,0,0
https://openalex.org/w2931455381,https://doi.org/10.1177/2050312119841823,,,0,0
https://openalex.org/w2972247997,https://doi.org/10.1186/s12912-019-0362-y,,,0,1
https://openalex.org/w2971723203,https://doi.org/10.1037/0278-6133.18.6.591,,,0,0
https://openalex.org/w2904929410,https://doi.org/10.1016/j.pmn.2018.03.001,,,0,0
https://openalex.org/w2037560717,https://doi.org/10.1163/156856903767650899,,,0,0
https://openalex.org/w2315528636,https://doi.org/10.5505/agri.2013.82621,,,0,0
https://openalex.org/w1551188149,https://doi.org/10.1002/central/cn-00682503/full'],,,0,1
https://openalex.org/w2072911414,https://doi.org/10.1188/09.onf.e205-e214,,,0,0
https://openalex.org/w2053503958,https://doi.org/10.1016/s0304-3959(02)00060-x,,,0,0
https://openalex.org/w1865071584,,,,0,0
https://openalex.org/w2600408519,https://doi.org/10.1177/1744987117690195,,,0,0
https://openalex.org/w2096739644,https://doi.org/10.1111/j.1523-536x.1996.tb00473.x,,,0,0
https://openalex.org/w2069610102,https://doi.org/10.1016/s1353-6117(98)80088-7,,,0,0
https://openalex.org/w1980210872,https://doi.org/10.1097/00002508-199109000-00006,,,0,0
https://openalex.org/w3139224371,https://doi.org/10.7123/01.asja.0000417543.21214.59,,,0,0
https://openalex.org/w2890675776,https://doi.org/10.3310/hta22460,,,0,0
https://openalex.org/w1964164642,https://doi.org/10.1016/s1036-7314(97)70405-3,,,0,0
https://openalex.org/w2097935215,https://doi.org/10.1186/1471-2474-15-59,,,0,0
https://openalex.org/w2922901920,,,,0,0
https://openalex.org/w2466631782,https://doi.org/10.1002/ejp.830,,,0,0
https://openalex.org/w2089885457,https://doi.org/10.1308/003588403321001363,,,0,0
https://openalex.org/w4241634038,https://doi.org/10.1186/isrctn46161863,,,0,0
https://openalex.org/w2068986530,https://doi.org/10.1002/hec.1159,,,0,0
https://openalex.org/w2141450330,https://doi.org/10.1046/j.1365-2346.1999.00520.x,,,0,0
https://openalex.org/w2084005651,https://doi.org/10.1136/ebn.6.3.93,,,0,0
https://openalex.org/w2011081166,https://doi.org/10.1016/s1090-3801(98)90003-9,,,0,0
https://openalex.org/w1977000069,https://doi.org/10.1007/s001200050136,,,0,0
https://openalex.org/w2215063606,https://doi.org/10.1016/j.sjpain.2015.04.018,,,0,0
https://openalex.org/w2073971999,https://doi.org/10.4103/2277-9531.98573,,,0,0
https://openalex.org/w2059179622,https://doi.org/10.1016/j.jmwh.2007.09.008,,,0,0
https://openalex.org/w2053641010,https://doi.org/10.1197/j.jht.2005.07.007,,,0,0
https://openalex.org/w2572462029,https://doi.org/10.11569/wcjd.v25.i4.383,,,0,0
https://openalex.org/w2484913823,https://doi.org/10.1186/s12891-016-1133-5,,,0,0
https://openalex.org/w2030611466,https://doi.org/10.1542/peds.2008-1444,,079-119-005-560-141,0,0
https://openalex.org/w1194818552,https://doi.org/10.1016/j.pmn.2015.06.006,,,0,0
https://openalex.org/w1964617975,https://doi.org/10.1111/j.1440-172x.1997.tb00078.x,,,0,0
https://openalex.org/w1972865364,https://doi.org/10.1002/art.1780400815,,,0,0
https://openalex.org/w2118234838,https://doi.org/10.1111/pme.12351,,,0,0
https://openalex.org/w2551019510,https://doi.org/10.1186/s40560-016-0192-x,,,0,0
https://openalex.org/w2163103018,https://doi.org/10.3109/07853899509031970,,,0,0
https://openalex.org/w2149632509,https://doi.org/10.1017/s1463423612000333,,,0,0
https://openalex.org/w2126209259,https://doi.org/10.1002/1098-240x(200012)23:6<486::aid-nur7>3.0.co;2-5,,,0,0
https://openalex.org/w2138015290,https://doi.org/10.1111/j.1552-6909.2002.tb00084.x,,,0,0
https://openalex.org/w2566215435,https://doi.org/10.14475/kjhpc.2016.19.4.296,,,0,0
https://openalex.org/w2061660898,https://doi.org/10.1016/j.aenj.2007.02.003,,,0,0
https://openalex.org/w1592039208,https://doi.org/10.1016/j.pmn.2014.09.005,,,0,0
https://openalex.org/w2011355153,https://doi.org/10.1016/j.pmr.2005.12.004,,,0,0
https://openalex.org/w2773511718,https://doi.org/10.1188/18.onf.106-114,,,0,0
https://openalex.org/w2762964021,https://doi.org/10.1136/bjsports-2016-097333,,,0,0
https://openalex.org/w2003297339,https://doi.org/10.1111/j.1526-4637.2006.00257.x,,,0,0
https://openalex.org/w2291862107,https://doi.org/10.1111/acem.12956,,,0,0
https://openalex.org/w1994840617,https://doi.org/10.1142/s0192415x03001466,,,0,0
https://openalex.org/w1957540153,https://doi.org/10.1002/14651858.cd008408.pub3,,,0,0
https://openalex.org/w2417546746,https://doi.org/10.1016/j.ctcp.2016.05.014,,,0,0
https://openalex.org/w2784011108,https://doi.org/10.1177/0897190017751207,,,0,0
https://openalex.org/w2135956897,https://doi.org/10.1136/ard.2008.092015,,,0,0
https://openalex.org/w4241111302,https://doi.org/10.31525/ct1-nct04027270,,,0,0
https://openalex.org/w2014677193,https://doi.org/10.1016/s0885-3924(01)00287-1,,,0,0
https://openalex.org/w2144803989,https://doi.org/10.1016/j.athoracsur.2004.05.083,,,0,0
https://openalex.org/w2789368215,https://doi.org/10.1016/j.jopan.2017.12.010,,,0,0
https://openalex.org/w2466229020,https://doi.org/10.6224/jn.63.3.73,,,0,0
https://openalex.org/w2906975484,https://doi.org/10.1097/md.0000000000013782,,,0,1
https://openalex.org/w2139168931,https://doi.org/10.1111/j.1365-2834.2004.00473.x,,,0,0
https://openalex.org/w2080660853,https://doi.org/10.1016/j.annemergmed.2008.12.025,,,0,0
https://openalex.org/w2046957537,https://doi.org/10.1002/nur.20080,,,0,0
https://openalex.org/w2321083465,https://doi.org/10.15452/cejnm.2015.06.0026,,,0,0
https://openalex.org/w991035672,https://doi.org/10.7314/apjcp.2015.16.12.4859,,,0,0
https://openalex.org/w2149800757,https://doi.org/10.1093/bja/ael084,,,0,0
https://openalex.org/w1970286449,https://doi.org/10.1016/j.jvn.2008.11.001,,,0,0
https://openalex.org/w2076050082,https://doi.org/10.1177/1367493506062555,,,0,0
https://openalex.org/w2021890084,https://doi.org/10.1016/s0882-5963(99)80030-x,,,0,0
https://openalex.org/w2096522117,https://doi.org/10.7326/0003-4819-155-4-201108160-00346,,,0,0
https://openalex.org/w2072312279,https://doi.org/10.1136/ebn.10.3.75,,,0,0
https://openalex.org/w2139334380,https://doi.org/10.1016/j.cgh.2015.04.178,,,0,0
https://openalex.org/w2024965143,https://doi.org/10.1016/j.jopan.2009.11.002,,,0,0
https://openalex.org/w2194931981,https://doi.org/10.1186/s13102-015-0025-6,,,0,0
https://openalex.org/w4233216452,https://doi.org/10.1001/jama.244.20.2298,,,0,0
https://openalex.org/w2080579364,https://doi.org/10.1007/s00520-007-0245-8,,,0,0
https://openalex.org/w2883190357,https://doi.org/10.1097/j.pain.0000000000001345,,,0,0
https://openalex.org/w1969505965,https://doi.org/10.1111/j.1445-2197.1995.tb01702.x,,,0,0
https://openalex.org/w2905802224,https://doi.org/10.1542/peds.2018-1173,,,0,0
https://openalex.org/w2023809970,https://doi.org/10.3928/08910162-20090527-04,,,0,0
https://openalex.org/w2010021386,https://doi.org/10.1097/ajp.0b013e31802e3bd7,,,0,0
https://openalex.org/w2810041331,https://doi.org/10.19082/6884,,,0,0
https://openalex.org/w2886634635,https://doi.org/10.1016/j.ocl.2018.06.003,,,0,0
https://openalex.org/w2554178612,https://doi.org/10.1016/j.jamda.2016.09.016,,,0,0
https://openalex.org/w2049738798,https://doi.org/10.1097/00006199-200007000-00002,,,0,0
https://openalex.org/w1933019395,https://doi.org/10.1200/jco.1997.15.1.94,,,0,0
https://openalex.org/w1882178802,https://doi.org/10.1002/2327-6924.12103,,,0,0
https://openalex.org/w1534638520,https://doi.org/10.1007/s00482-008-0733-x,,,0,0
https://openalex.org/w2965353248,https://doi.org/10.1200/jco.2019.37.15_suppl.11604,,,0,0
https://openalex.org/w2127354126,https://doi.org/10.1046/j.1365-2648.1997.1997026345.x,,,0,0
https://openalex.org/w2008338141,https://doi.org/10.1016/j.midw.2005.07.002,,,0,0
https://openalex.org/w2094778609,https://doi.org/10.1590/0104-1169.3307.2420,,,0,0
https://openalex.org/w4249714399,https://doi.org/10.1002/14651858.cd010273.pub2,,,0,0
https://openalex.org/w2029949384,https://doi.org/10.1111/jmwh.12194,,,0,0
https://openalex.org/w2124678082,https://doi.org/10.1001/archneur.62.8.1194,,,0,0
https://openalex.org/w2466275574,https://doi.org/10.3233/wor-162340,,,0,0
https://openalex.org/w191137135,,,,0,0
https://openalex.org/w1860568662,https://doi.org/10.1111/ijn.12239,,,0,0
https://openalex.org/w2019616691,https://doi.org/10.1097/00006199-196615040-00003,,,0,0
https://openalex.org/w1989704841,https://doi.org/10.1016/j.jamda.2010.06.004,,,0,0
https://openalex.org/w2291382821,https://doi.org/10.1177/1049909115593064,,,0,0
https://openalex.org/w1991344497,https://doi.org/10.1007/bf03014533,,,0,0
https://openalex.org/w2141732025,https://doi.org/10.1111/aas.12571,,,0,0
https://openalex.org/w2010626507,https://doi.org/10.1046/j.1365-2044.2000.01373.x,,,0,0
https://openalex.org/w2084973069,,,,0,0
https://openalex.org/w1988981280,https://doi.org/10.1016/s0378-3782(00)00085-2,,,0,0
https://openalex.org/w1549301275,https://doi.org/10.1002/14651858.cd001019.pub3,,,0,0
https://openalex.org/w4256662480,https://doi.org/10.1186/isrctn68176033,,,0,0
https://openalex.org/w1980434220,https://doi.org/10.1097/01.prs.0000206298.71083.df,,,0,0
https://openalex.org/w1970658936,https://doi.org/10.1093/ejcts/ezu203,,,0,0
https://openalex.org/w2971859111,https://doi.org/10.1007/s41999-019-00234-9,,,0,0
https://openalex.org/w1997272900,https://doi.org/10.1300/j088v08n02_03,,,0,0
https://openalex.org/w2049925136,https://doi.org/10.1519/jpt.0b013e3182550ea5,,,0,0
https://openalex.org/w2884061837,https://doi.org/10.1111/jjns.12221,,,0,0
https://openalex.org/w2756960608,https://doi.org/10.4103/ijnmr.ijnmr_176_15,,,0,0
https://openalex.org/w2092936263,https://doi.org/10.1097/qai.0b013e31828e6412,,,0,0
https://openalex.org/w2761496515,https://doi.org/10.1634/theoncologist.2017-0248,,,0,0
https://openalex.org/w2321525538,https://doi.org/10.1097/01241398-198701000-00016,,,0,0
https://openalex.org/w4234030245,https://doi.org/10.31525/ct1-nct03927846,,,0,0
https://openalex.org/w2048186842,https://doi.org/10.1016/j.jemermed.2012.08.021,,,0,0
https://openalex.org/w2128651647,https://doi.org/10.1371/journal.pone.0141015,,,0,0
https://openalex.org/w2897911561,https://doi.org/10.1097/jxx.0000000000000101,,,0,0
https://openalex.org/w2121571897,https://doi.org/10.1017/s1041610214001732,,,0,0
https://openalex.org/w1973046923,https://doi.org/10.1002/mpo.1088,,,0,0
https://openalex.org/w1986716565,https://doi.org/10.1111/j.1365-2648.2008.04854.x,,,0,0
https://openalex.org/w1978578070,https://doi.org/10.1111/j.1365-2648.2004.03236.x,,,0,0
https://openalex.org/w2148072908,https://doi.org/10.1183/09031936.00121610,,,0,0
https://openalex.org/w2084458725,https://doi.org/10.1016/s0003-9993(98)90032-6,,,0,0
https://openalex.org/w2257174980,https://doi.org/10.1002/central/cn-01044572/full'],,,0,0
https://openalex.org/w2406735815,https://doi.org/10.1177/0310057x9502300311,,,0,0
https://openalex.org/w2157783781,https://doi.org/10.1345/aph.1e477,,,0,0
https://openalex.org/w2004821343,https://doi.org/10.1188/02.onf.e8-e15,,,0,0
https://openalex.org/w2028026102,https://doi.org/10.1111/j.1365-2648.2008.04817.x,,,0,0
https://openalex.org/w2002858370,https://doi.org/10.1155/2014/676817,,,0,0
https://openalex.org/w2283919999,https://doi.org/10.1111/cod.12534,,,0,0
https://openalex.org/w75578801,https://doi.org/10.1007/s13341-011-0094-4,,,0,0
https://openalex.org/w2019973703,https://doi.org/10.1007/s00192-013-2194-8,,,0,0
https://openalex.org/w1798162315,https://doi.org/10.1016/j.midw.2015.06.003,,,0,0
https://openalex.org/w1989339196,https://doi.org/10.1097/nor.0b013e3181945f62,,,0,0
https://openalex.org/w1974937583,https://doi.org/10.1016/j.ctnm.2004.05.006,,,0,0
https://openalex.org/w2044399397,https://doi.org/10.1007/s00586-006-0124-x,,,0,0
https://openalex.org/w2748530128,https://doi.org/10.4172/clinical-practice.1000115,,,0,1
https://openalex.org/w4251074146,https://doi.org/10.31525/ct1-nct03881982,,,0,0
https://openalex.org/w2467531595,https://doi.org/10.1111/jocn.13456,,,0,0
https://openalex.org/w2040531108,https://doi.org/10.1016/0163-8343(81)90050-5,,,0,0
https://openalex.org/w2919119666,https://doi.org/10.4103/jehp.jehp_216_18,,,0,1
https://openalex.org/w2461396433,,,,0,0
https://openalex.org/w1994906279,https://doi.org/10.1016/j.pmn.2011.06.005,,,0,0
https://openalex.org/w2159125511,https://doi.org/10.1097/ajp.0b013e31816ed948,,,0,0
https://openalex.org/w1973306436,https://doi.org/10.1053/jpmn.2000.9294,,,0,0
https://openalex.org/w2076640772,https://doi.org/10.1111/j.1744-6155.2007.00111.x,,,0,0
https://openalex.org/w2916248091,https://doi.org/10.1097/jcn.0000000000000566,,,0,0
https://openalex.org/w2081953123,https://doi.org/10.1016/j.pmn.2009.03.003,,,0,0
https://openalex.org/w2325585158,https://doi.org/10.1016/j.yoto.2011.03.002,,,0,0
https://openalex.org/w2604972438,https://doi.org/10.1371/journal.pone.0174708,,,0,0
https://openalex.org/w2326726369,https://doi.org/10.3928/00220124-20101201-02,,,0,0
https://openalex.org/w2904090428,https://doi.org/10.1097/nnr.0000000000000322,,,0,0
https://openalex.org/w2591645985,https://doi.org/10.2217/pmt-2016-0049,,,0,0
https://openalex.org/w2768703591,https://doi.org/10.1016/j.pmn.2017.08.005,,,0,0
https://openalex.org/w1563105726,https://doi.org/10.1542/peds.93.3.379,,,0,0
https://openalex.org/w2947447092,https://doi.org/10.1016/j.jclinane.2019.05.005,,,0,0
https://openalex.org/w1970912642,https://doi.org/10.1016/j.pmn.2008.02.002,,,0,0
https://openalex.org/w2104769797,https://doi.org/10.1016/j.jmig.2014.12.012,,,0,0
https://openalex.org/w2430371848,https://doi.org/10.7748/ns.13.5.34.s46,,,0,0
https://openalex.org/w2426282634,,,,0,0
https://openalex.org/w2170066319,https://doi.org/10.1136/jech.53.10.643,,,0,0
https://openalex.org/w2765225880,https://doi.org/10.1007/s12663-017-1048-1,,,0,0
https://openalex.org/w2740864028,https://doi.org/10.1016/j.ijotn.2017.07.002,,,0,0
https://openalex.org/w2586183250,https://doi.org/10.1016/j.pedn.2017.01.006,,,0,0
https://openalex.org/w2011186783,https://doi.org/10.1111/j.1742-481x.2008.00559.x,,,0,0
https://openalex.org/w2139745826,https://doi.org/10.1093/humrep/dei440,,,0,0
https://openalex.org/w2523916871,https://doi.org/10.1111/jnu.12238,,,0,0
https://openalex.org/w2164185754,https://doi.org/10.1111/jan.12678,,,0,0
https://openalex.org/w1995782698,https://doi.org/10.1016/j.pedn.2007.09.007,,,0,0
https://openalex.org/w2084851504,https://doi.org/10.1016/j.nurpra.2012.12.020,,,0,0
https://openalex.org/w1979927698,https://doi.org/10.1597/05-066.1,,,0,0
https://openalex.org/w1973380349,https://doi.org/10.1186/1471-2431-11-87,,,0,0
https://openalex.org/w2418760380,,,,0,0
https://openalex.org/w2030866261,https://doi.org/10.1016/j.ajem.2005.01.001,,,0,0
https://openalex.org/w2740443631,https://doi.org/10.1016/j.hlc.2017.06.061,,,0,0
https://openalex.org/w1937885073,https://doi.org/10.1136/annrheumdis-2014-207171,,,0,0
https://openalex.org/w2008805522,https://doi.org/10.1016/j.ijnurstu.2011.01.010,,,0,0
https://openalex.org/w2125794331,https://doi.org/10.1034/j.1399-6576.2001.450905.x,,,0,0
https://openalex.org/w2971820561,https://doi.org/10.1016/j.ctim.2019.07.025,,,0,0
https://openalex.org/w2005398532,https://doi.org/10.1111/j.1471-0528.1997.tb10974.x,,,0,0
https://openalex.org/w2895053806,https://doi.org/10.1089/end.2018.0491,,,0,0
https://openalex.org/w2802644196,https://doi.org/10.1097/nhh.0000000000000486,,,0,0
https://openalex.org/w1993156625,https://doi.org/10.1002/chp.1340230306,,,0,0
https://openalex.org/w2927957584,https://doi.org/10.1186/s12909-019-1496-z,,,0,0
https://openalex.org/w4230742668,https://doi.org/10.1097/01.ta.0000460008.31398.31,,,0,0
https://openalex.org/w2326595890,https://doi.org/10.1097/nan.0b013e318243172f,,,0,0
https://openalex.org/w2026392526,https://doi.org/10.1188/10.onf.476-483,,,0,0
https://openalex.org/w2908890893,https://doi.org/10.23736/s1973-9087.18.05038-4,,,0,0
https://openalex.org/w2169904413,https://doi.org/10.1682/jrrd.2006.06.0064,,,0,0
https://openalex.org/w2417680203,https://doi.org/10.1002/central/cn-01022661/full'],,,0,0
https://openalex.org/w2137166745,https://doi.org/10.1371/journal.pone.0100402,,,0,0
https://openalex.org/w2896158365,https://doi.org/10.1136/bmjopen-2018-022142,,,0,0
https://openalex.org/w1482102136,https://doi.org/10.1016/j.pmn.2014.09.003,,,0,0
https://openalex.org/w2140598666,https://doi.org/10.1111/j.1532-5415.2008.02071.x,,,0,0
https://openalex.org/w1982326826,https://doi.org/10.1186/1471-2474-11-12,,,0,0
https://openalex.org/w2575889783,https://doi.org/10.1111/nin.12182,,,0,0
https://openalex.org/w2131169525,https://doi.org/10.1002/sim.1558,,,0,0
https://openalex.org/w4235916028,https://doi.org/10.1186/isrctn12154418,,,0,0
https://openalex.org/w2151192153,https://doi.org/10.1186/1745-6215-14-256,,,0,0
https://openalex.org/w1967063390,https://doi.org/10.1046/j.1365-2702.1999.00241.x,,,0,0
https://openalex.org/w2093584711,https://doi.org/10.1016/j.ijnurstu.2011.05.001,,,0,0
https://openalex.org/w1943636687,https://doi.org/10.7748/nr2005.04.12.4.71.c5960,,,0,0
https://openalex.org/w2130295534,https://doi.org/10.1136/adc.2003.032961,,,0,0
https://openalex.org/w2050654527,https://doi.org/10.1007/s11832-011-0337-3,,,0,0
https://openalex.org/w2302882021,https://doi.org/10.1136/acupmed-2015-010852,,,0,0
https://openalex.org/w2984996278,https://doi.org/10.4037/ajcc2019645,,,0,1
https://openalex.org/w2099337321,https://doi.org/10.1111/j.1526-4610.2005.05138.x,,,0,0
https://openalex.org/w1968977519,https://doi.org/10.1097/00006416-199907000-00009,,,0,0
https://openalex.org/w2077181141,https://doi.org/10.1097/ccm.0b013e31828e96c0,,,0,0
https://openalex.org/w2415675307,https://doi.org/10.1002/central/cn-00112510/full'],,,0,0
https://openalex.org/w2132593672,https://doi.org/10.1016/s0009-9236(99)70123-2,,,0,0
https://openalex.org/w2163220155,https://doi.org/10.1093/bja/63.6.756,,,0,0
https://openalex.org/w2737273266,https://doi.org/10.1186/s12887-017-0914-9,,,0,0
https://openalex.org/w1982012629,https://doi.org/10.1016/s0304-3959(00)00344-4,,,0,1
https://openalex.org/w2945431392,https://doi.org/10.1016/j.pmn.2019.02.007,,,0,0
https://openalex.org/w3006247899,,,,0,0
https://openalex.org/w1505738175,https://doi.org/10.1590/s0080-62342013000100011,,,0,0
https://openalex.org/w2137835339,https://doi.org/10.1111/j.1365-2648.2006.03968.x,,,0,0
https://openalex.org/w2605638562,https://doi.org/10.4103/jcas.jcas_110_16,,,0,0
https://openalex.org/w2417035889,https://doi.org/10.7748/en2005.04.13.1.34.c1215,,,0,0
https://openalex.org/w2321737046,https://doi.org/10.1097/00005053-196304000-00009,,,0,0
https://openalex.org/w81073530,https://doi.org/10.1002/central/cn-00155498/full'],,,0,0
https://openalex.org/w2889429581,https://doi.org/10.3390/pharmacy6030095,,,0,0
https://openalex.org/w2967545880,https://doi.org/10.1371/journal.pone.0219115,,058-284-687-581-720,1,1
https://openalex.org/w2141845773,https://doi.org/10.1111/j.1651-2227.1997.tb14800.x,,,0,0
https://openalex.org/w2249328156,,,,0,0
https://openalex.org/w2032677435,https://doi.org/10.1016/j.ajog.2007.03.039,,,0,0
https://openalex.org/w2593165139,https://doi.org/10.1097/nnr.0000000000000199,,,0,1
https://openalex.org/w2010171072,https://doi.org/10.1007/s00520-014-2357-2,,,0,0
https://openalex.org/w4253731119,https://doi.org/10.32920/14636286,,,0,0
https://openalex.org/w2154859870,https://doi.org/10.37464/2006.233.1932,,,0,0
https://openalex.org/w1974494906,https://doi.org/10.1007/s00420-012-0808-y,,,0,0
https://openalex.org/w2087809079,https://doi.org/10.1016/j.jpainsymman.2006.09.013,,,0,0
https://openalex.org/w2340383327,https://doi.org/10.1186/s12912-016-0147-5,,,0,0
https://openalex.org/w4206276469,https://doi.org/10.1186/isrctn18978802,,,0,0
https://openalex.org/w2134602189,https://doi.org/10.1016/s1542-3565(03)00226-x,,,0,0
https://openalex.org/w2062883424,https://doi.org/10.1111/j.1471-0528.1997.tb11534.x,,,0,0
https://openalex.org/w2341607849,https://doi.org/10.1016/j.pmn.2016.01.004,,,0,0
https://openalex.org/w2987542379,https://doi.org/10.1371/journal.pone.0225198,,,0,0
https://openalex.org/w2600326641,https://doi.org/10.1016/j.jopan.2016.10.006,,,0,0
https://openalex.org/w2080170958,https://doi.org/10.1016/j.pmn.2009.06.003,,,0,0
https://openalex.org/w2866512143,https://doi.org/10.4040/jkan.2003.33.5.651,,,0,0
https://openalex.org/w2096068802,https://doi.org/10.12968/bjon.2010.19.sup8.79063,,,0,0
https://openalex.org/w2802895706,https://doi.org/10.1016/j.pmn.2018.01.007,,,0,0
https://openalex.org/w2012777853,https://doi.org/10.1097/00002508-200311000-00003,,,0,0
https://openalex.org/w2941662568,https://doi.org/10.5812/aapm.67835,,,0,1
https://openalex.org/w2978060287,https://doi.org/10.14309/00000434-201310001-00560,,,0,0
https://openalex.org/w1232157885,https://doi.org/10.1002/central/cn-00598949/full'],,,0,0
https://openalex.org/w2800851817,,,,0,0
https://openalex.org/w2090590283,https://doi.org/10.1016/j.pmn.2007.09.001,,,0,0
https://openalex.org/w1979929759,https://doi.org/10.1097/ncq.0b013e3181b7050d,,,0,0
https://openalex.org/w2071562295,https://doi.org/10.1213/ane.0b013e318273f71c,,,0,0
https://openalex.org/w2907043955,https://doi.org/10.1111/nicc.12407,,,0,1
https://openalex.org/w2000533803,https://doi.org/10.1016/j.jamda.2008.04.001,,,0,0
https://openalex.org/w2071050129,https://doi.org/10.1093/bja/86.4.572,,,0,0
https://openalex.org/w2103381576,https://doi.org/10.1111/j.2042-3306.2012.00673.x,,,0,0
https://openalex.org/w1978689330,https://doi.org/10.1097/00006416-200505000-00005,,,0,0
https://openalex.org/w2066389656,https://doi.org/10.1016/j.jana.2006.07.002,,,0,0
https://openalex.org/w1981258713,https://doi.org/10.1097/00132586-198312000-00060,,,0,0
https://openalex.org/w3161359520,https://doi.org/10.1002/central/cn-01890683,,,0,0
https://openalex.org/w2790992106,https://doi.org/10.1016/j.ctcp.2018.02.017,,,0,0
https://openalex.org/w2052674432,https://doi.org/10.1046/j.1523-5394.1999.07207.x,,,0,0
https://openalex.org/w2913060703,https://doi.org/10.3928/00220124-20190115-08,,,0,0
https://openalex.org/w2130285688,https://doi.org/10.1542/peds.113.3.e217,,,0,0
https://openalex.org/w2943774891,https://doi.org/10.1016/s0140-6736(18)32817-4,,,0,0
https://openalex.org/w72704926,https://doi.org/10.1155/2013/369541,,,0,0
https://openalex.org/w4252170155,https://doi.org/10.31525/ct1-nct04096144,,,0,0
https://openalex.org/w1482248852,https://doi.org/10.1111/j.1532-5415.2004.52251.x,,,0,0
https://openalex.org/w2023502823,https://doi.org/10.1111/j.1365-2044.1996.tb12563.x,,,0,0
https://openalex.org/w1926207095,https://doi.org/10.5539/gjhs.v8n7p26,,,0,0
https://openalex.org/w2508889976,https://doi.org/10.1111/bjh.14019,,,0,0
https://openalex.org/w2007991401,https://doi.org/10.1177/0269216311412227,,,0,0
https://openalex.org/w2048969472,https://doi.org/10.1097/00006416-200309000-00013,,,0,0
https://openalex.org/w2624253901,https://doi.org/10.1136/bmjopen-2016-014537,,,0,0
https://openalex.org/w2326897344,https://doi.org/10.1016/j.soncn.2016.02.007,,,0,0
https://openalex.org/w4236695063,https://doi.org/10.31525/ct1-nct03945929,,,0,0
https://openalex.org/w2168221726,https://doi.org/10.1111/j.1526-4637.2009.00787.x,,,0,0
https://openalex.org/w1868123230,https://doi.org/10.1016/j.pmn.2014.09.002,,,0,0
https://openalex.org/w2132844400,https://doi.org/10.2522/ptj.20120412,,,0,0
https://openalex.org/w2030372904,https://doi.org/10.1016/j.ijporl.2008.10.014,,,0,0
https://openalex.org/w2097780252,https://doi.org/10.1016/j.apnr.2015.01.011,,,0,1
https://openalex.org/w2784793344,,,,0,0
https://openalex.org/w2070939384,https://doi.org/10.1097/ncc.0b013e3182747bcf,,,0,1
https://openalex.org/w2071065098,https://doi.org/10.1016/j.ejon.2009.01.003,,,0,0
https://openalex.org/w1533633459,https://doi.org/10.1001/archsurg.142.12.1158,,,0,0
https://openalex.org/w3140398789,,,,0,0
https://openalex.org/w2042890873,https://doi.org/10.1016/j.pain.2014.05.024,,,0,1
https://openalex.org/w2329529461,https://doi.org/10.1097/njh.0000000000000042,,,0,0
https://openalex.org/w2045429904,https://doi.org/10.1046/j.1365-2648.1999.00944.x,,,0,0
https://openalex.org/w2761318533,https://doi.org/10.1016/j.jopan.2016.08.017,,,0,0
https://openalex.org/w2089521184,https://doi.org/10.1053/crad.1999.0325,,,0,0
https://openalex.org/w2396073658,https://doi.org/10.1097/00007611-197707000-00013,,,0,0
https://openalex.org/w2314947777,https://doi.org/10.3109/01612840.2016.1138261,,,0,0
https://openalex.org/w1967090293,https://doi.org/10.1016/0091-2182(93)90014-8,,,0,0
https://openalex.org/w2041640555,https://doi.org/10.1016/j.pedn.2007.04.010,,,0,0
https://openalex.org/w1987205168,https://doi.org/10.1007/s00586-014-3748-2,,,0,0
https://openalex.org/w3125017267,https://doi.org/10.1002/central/cn-01045143/full'],,,0,0
https://openalex.org/w2769159732,https://doi.org/10.1136/emermed-2017-207308.26,,,0,0
https://openalex.org/w2038403554,https://doi.org/10.1188/02.onf.1421-1428,,,0,0
https://openalex.org/w4243537436,https://doi.org/10.1186/isrctn23704397,,,0,0
https://openalex.org/w2903754625,https://doi.org/10.1007/s12098-018-2813-y,,,0,0
https://openalex.org/w2106761001,https://doi.org/10.1586/14737175.7.6.627,,,0,0
https://openalex.org/w2147196805,https://doi.org/10.1177/104990910101800607,,,0,0
https://openalex.org/w2024003832,https://doi.org/10.1097/00000542-200306000-00017,,,0,0
https://openalex.org/w2556403732,https://doi.org/10.1186/s10194-016-0700-3,,,0,0
https://openalex.org/w2011171491,https://doi.org/10.1016/j.bjmsu.2010.05.003,,,0,0
https://openalex.org/w1983730739,https://doi.org/10.1016/j.pmn.2011.10.003,,,0,0
https://openalex.org/w1981254253,https://doi.org/10.1016/s1089-9472(98)80091-9,,,0,1
https://openalex.org/w2104667583,https://doi.org/10.1093/geronb/53b.1.p51,,,0,0
https://openalex.org/w2007653852,https://doi.org/10.4069/kjwhn.2014.20.3.204,,,0,1
https://openalex.org/w2777982461,https://doi.org/10.1016/j.pmn.2017.10.012,,,0,0
https://openalex.org/w2403774674,https://doi.org/10.1055/s-0030-1248180,,,0,0
https://openalex.org/w2887535637,https://doi.org/10.1016/j.ijotn.2018.08.001,,,0,1
https://openalex.org/w3143755617,,,,0,0
https://openalex.org/w2089819722,https://doi.org/10.1111/j.1365-2702.1995.tb00210.x,,,0,0
https://openalex.org/w2897919486,https://doi.org/10.1002/ijgo.12622,,,0,0
https://openalex.org/w2054029813,https://doi.org/10.1007/s10926-006-9053-0,,,0,0
https://openalex.org/w2324238228,https://doi.org/10.1097/00002508-199912000-00006,,,0,0
https://openalex.org/w2001579638,https://doi.org/10.1016/s0897-1897(97)80536-8,,,0,0
https://openalex.org/w2899700435,https://doi.org/10.1016/j.pmn.2018.09.002,,,0,0
https://openalex.org/w2725640172,https://doi.org/10.1093/intqhc/mzx074,,,0,0
https://openalex.org/w2620366969,https://doi.org/10.1188/17.cjon.s3.31-53,,,0,0
https://openalex.org/w3164731749,https://doi.org/10.1002/central/cn-01896672,,,0,0
https://openalex.org/w1999489843,https://doi.org/10.1016/j.ejon.2011.02.006,,,0,0
https://openalex.org/w2891866307,https://doi.org/10.4040/jkan.2018.48.4.465,,,0,1
https://openalex.org/w2924376716,https://doi.org/10.1371/journal.pone.0213683,,,0,0
https://openalex.org/w2022708251,https://doi.org/10.1007/s005860050041,,,0,0
https://openalex.org/w2006913405,https://doi.org/10.1016/j.vaccine.2010.05.015,,,0,0
https://openalex.org/w2990493347,https://doi.org/10.3760/cma.j.issn.1009-2587.2019.03.006,,,0,0
https://openalex.org/w2804076977,https://doi.org/10.1016/j.ctcp.2018.05.004,,,0,0
https://openalex.org/w2024500232,https://doi.org/10.1016/s1297-319x(03)00045-9,,,0,0
https://openalex.org/w2170922482,https://doi.org/10.1016/s0952-8180(03)00067-9,,,0,0
https://openalex.org/w2154191181,https://doi.org/10.1016/j.jpainsymman.2012.07.014,,,0,0
https://openalex.org/w2441240933,,,,0,0
https://openalex.org/w2551659193,https://doi.org/10.1155/2016/8432973,,,0,0
https://openalex.org/w2090768538,https://doi.org/10.1136/aim.2009.001115,,,0,0
https://openalex.org/w1975256892,https://doi.org/10.5172/conu.2012.43.1.29,,,0,0
https://openalex.org/w2030298359,https://doi.org/10.2147/jpr.s3717,,,0,0
https://openalex.org/w2166160108,https://doi.org/10.1188/09.onf.e11-e19,,,0,0
https://openalex.org/w2329532217,https://doi.org/10.1016/j.pmrj.2013.08.315,,,0,0
https://openalex.org/w2512362987,https://doi.org/10.1186/s12912-016-0173-3,,,0,0
https://openalex.org/w118780794,,,,0,0
https://openalex.org/w2068777635,https://doi.org/10.1016/j.jpainsymman.2013.01.008,,,0,0
https://openalex.org/w2086816131,https://doi.org/10.1186/1745-6215-14-s1-p141,,,0,0
https://openalex.org/w59944896,https://doi.org/10.1002/central/cn-00649614/full'],,,0,0
https://openalex.org/w4238861105,https://doi.org/10.1186/isrctn13624724,,,0,0
https://openalex.org/w2346662019,https://doi.org/10.1155/2016/7036415,,,0,0
https://openalex.org/w2113760228,https://doi.org/10.1200/jco.2004.06.115,,,0,0
https://openalex.org/w2045200750,https://doi.org/10.1016/j.ijnurstu.2009.02.003,,,0,0
https://openalex.org/w2607428884,https://doi.org/10.1590/1518-8345.1761.2843,,,0,0
https://openalex.org/w2068586488,https://doi.org/10.1016/j.joon.2007.07.004,,,0,0
https://openalex.org/w1987631593,https://doi.org/10.1016/j.jpainsymman.2011.09.015,,006-238-756-033-039,1,1
https://openalex.org/w2304445457,https://doi.org/10.3233/bmr-160673,,,0,0
https://openalex.org/w2710710972,https://doi.org/10.1016/j.clinthera.2017.05.226,,,0,0
https://openalex.org/w2078632940,https://doi.org/10.1111/j.1741-2358.2009.00281.x,,,0,0
https://openalex.org/w4256253724,https://doi.org/10.1186/isrctn15313991,,,0,0
https://openalex.org/w4242294487,https://doi.org/10.1186/isrctn17149988,,,0,0
https://openalex.org/w2297616383,https://doi.org/10.1111/acem.12961,,,0,0
https://openalex.org/w2978026214,https://doi.org/10.1371/journal.pone.0223306,,,0,0
https://openalex.org/w1986308251,https://doi.org/10.1016/j.jen.2012.09.011,,,0,0
https://openalex.org/w3142647932,https://doi.org/10.1002/central/cn-00805487/full'],,,0,0
https://openalex.org/w2023270523,https://doi.org/10.1111/j.1365-2648.1991.tb01728.x,,,0,0
https://openalex.org/w2154913014,https://doi.org/10.1016/j.ejpain.2009.04.009,,,0,0
https://openalex.org/w2018845973,https://doi.org/10.1111/j.1651-2227.2007.00402.x,,,0,0
https://openalex.org/w2024546486,https://doi.org/10.1016/j.clinthera.2009.10.009,,,0,0
https://openalex.org/w1997903925,https://doi.org/10.1097/nor.0b013e31824195fb,,,0,0
https://openalex.org/w3161388906,https://doi.org/10.1002/central/cn-01664165,,,0,0
https://openalex.org/w2153848705,https://doi.org/10.5812/ircmj.17778,,,0,0
https://openalex.org/w2138791900,https://doi.org/10.1093/bmb/ldu023,,,0,0
https://openalex.org/w2474029195,,,,0,0
https://openalex.org/w2099455922,https://doi.org/10.1177/089431849100400106,,,0,1
https://openalex.org/w2435209108,,,,0,0
https://openalex.org/w2078679378,https://doi.org/10.1055/s-2000-637,,,0,0
https://openalex.org/w2031910430,https://doi.org/10.1111/j.1745-7599.1990.tb00766.x,,,0,0
https://openalex.org/w1995962441,https://doi.org/10.1188/11.onf.133-142,,,0,0
https://openalex.org/w2136502914,https://doi.org/10.1111/j.1552-6909.1986.tb01426.x,,,0,0
https://openalex.org/w2124999565,https://doi.org/10.1136/emj.2002.003574,,,0,0
https://openalex.org/w1797400911,https://doi.org/10.1016/j.ajem.2015.10.038,,,0,0
https://openalex.org/w2089108800,https://doi.org/10.1136/ebn.9.1.10,,,0,0
https://openalex.org/w1932944483,,,,0,0
https://openalex.org/w2016111309,https://doi.org/10.1592/phco.20.17.1356.34890,,,0,0
https://openalex.org/w2019647379,https://doi.org/10.1038/eye.1990.56,,,0,0
https://openalex.org/w2274751657,https://doi.org/10.1515/jpem.2001.14.6.735,,,0,0
https://openalex.org/w2065998365,https://doi.org/10.1007/s00464-014-4006-8,,,0,0
https://openalex.org/w1970501084,https://doi.org/10.1002/oti.31,,,0,0
https://openalex.org/w2044276163,https://doi.org/10.1016/j.amjsurg.2003.07.021,,,0,0
https://openalex.org/w2095548585,https://doi.org/10.3109/01612849109040509,,,0,0
https://openalex.org/w2939526850,https://doi.org/10.1097/dcc.0000000000000232,,,0,0
https://openalex.org/w2588112948,https://doi.org/10.11569/wcjd.v25.i5.463,,,0,0
https://openalex.org/w2064533229,https://doi.org/10.1016/j.pmn.2009.06.002,,,0,0
https://openalex.org/w2101759370,https://doi.org/10.1016/j.sleep.2009.05.018,,,0,0
https://openalex.org/w2156316609,https://doi.org/10.1177/1054773812454136,,,0,0
https://openalex.org/w2413440601,,,,0,0
https://openalex.org/w2146944400,https://doi.org/10.1017/s1481803500006989,,,0,0
https://openalex.org/w2069563798,https://doi.org/10.1177/089801010001800106,,,0,0
https://openalex.org/w1778023735,https://doi.org/10.1188/15.onf.e368-e375,,,0,0
https://openalex.org/w2100066666,https://doi.org/10.1136/gut.2006.096842,,,0,0
https://openalex.org/w1991975462,https://doi.org/10.1002/nau.20030,,,0,0
https://openalex.org/w2096841078,https://doi.org/10.1080/09638280601055949,,,0,0
https://openalex.org/w1559442490,https://doi.org/10.1111/j.1744-6155.2011.00299.x,,,0,0
https://openalex.org/w2994044314,https://doi.org/10.1002/central/cn-00412316/full'],,,0,0
https://openalex.org/w2076584916,https://doi.org/10.1016/j.pmn.2014.08.005,,,0,0
https://openalex.org/w2166057430,https://doi.org/10.1016/j.ejcnurse.2009.01.001,,,0,0
https://openalex.org/w1705990254,https://doi.org/10.3928/00989134-20060401-05,,,0,0
https://openalex.org/w1986585339,https://doi.org/10.1186/1471-2474-9-56,,,0,0
https://openalex.org/w2142477521,https://doi.org/10.1093/bja/aem102,,,0,0
https://openalex.org/w2973204906,https://doi.org/10.1016/j.jopan.2019.06.009,,,0,1
https://openalex.org/w2337584268,https://doi.org/10.1002/central/cn-00081151/full'],,,0,0
https://openalex.org/w2121167576,https://doi.org/10.1378/chest.125.5.1783,,,0,0
https://openalex.org/w2588455485,https://doi.org/10.5664/jcsm.6468,,,0,0
https://openalex.org/w1998665720,https://doi.org/10.4314/tjpr.v10i6.17,,,0,0
https://openalex.org/w2747250425,https://doi.org/10.4103/ijnmr.ijnmr_119_13,,,0,0
https://openalex.org/w2432235805,,,,0,0
https://openalex.org/w2804508255,https://doi.org/10.1016/j.jpurol.2018.03.014,,,0,0
https://openalex.org/w2605857375,https://doi.org/10.1097/ncc.0000000000000496,,,0,0
https://openalex.org/w2157620841,https://doi.org/10.3122/jabfm.2007.05.070029,,,0,0
https://openalex.org/w1988343340,https://doi.org/10.1093/gerona/60.4.524,,,0,0
https://openalex.org/w4205690626,https://doi.org/10.1186/isrctn15032217,,,0,0
https://openalex.org/w4246926543,https://doi.org/10.1111/j.1572-0241.1999.01042.x,,,0,0
https://openalex.org/w2740794061,https://doi.org/10.1080/14764172.2017.1358458,,,0,0
https://openalex.org/w2409301196,,,,0,0
https://openalex.org/w2092288585,https://doi.org/10.1097/00001786-199904000-00004,,,0,0
https://openalex.org/w2410383625,https://doi.org/10.1891/0889-7182.6.1.43,,,0,0
https://openalex.org/w1992013487,https://doi.org/10.1016/0020-7489(91)90005-n,,,0,0
https://openalex.org/w2939832017,https://doi.org/10.1016/j.jamda.2019.02.019,,,0,0
https://openalex.org/w2416934602,https://doi.org/10.12669/pjms.321.8935,,,0,1
https://openalex.org/w2084373253,https://doi.org/10.1111/j.1466-7657.2003.00205.x,,,0,0
https://openalex.org/w1986146899,https://doi.org/10.1016/j.jpainsymman.2004.01.002,,,0,0
https://openalex.org/w2959221465,https://doi.org/10.1007/s11739-019-02147-8,,,0,0
https://openalex.org/w2791153704,https://doi.org/10.1016/j.jpainsymman.2018.02.019,,,0,1
https://openalex.org/w2402238362,https://doi.org/10.1371/journal.pone.0156076,,,0,0
https://openalex.org/w2106134296,https://doi.org/10.1002/14651858.cd002052.pub3,,,0,0
https://openalex.org/w2083959014,https://doi.org/10.1053/jpmn.2002.127571,,,0,0
https://openalex.org/w2156023074,https://doi.org/10.1002/central/cn-01070370/full'],,,0,0
https://openalex.org/w2109286221,https://doi.org/10.3233/bmr-2002-162-309,,,0,0
https://openalex.org/w2288573843,https://doi.org/10.1055/s-0035-1555658,,,0,0
https://openalex.org/w185287962,https://doi.org/10.48029/nji.2007.xcviii701,,,0,0
https://openalex.org/w2119445149,https://doi.org/10.3748/wjg.15.3783,,,0,0
https://openalex.org/w2889887688,https://doi.org/10.31925/farmacia.2018.4.17,,,0,0
https://openalex.org/w1980633351,https://doi.org/10.1046/j.1365-2648.2001.01776.x,,,0,0
https://openalex.org/w1996900336,https://doi.org/10.1007/s00431-010-1244-1,,,0,0
https://openalex.org/w2015105191,https://doi.org/10.1037/0278-6133.21.2.207,,,0,0
https://openalex.org/w2766364781,https://doi.org/10.1097/mlr.0000000000000835,,,0,0
https://openalex.org/w2049981199,https://doi.org/10.1038/sc.2013.104,,,0,1
https://openalex.org/w2791394353,https://doi.org/10.3928/19404921-20171128-01,,,0,0
https://openalex.org/w2885551422,https://doi.org/10.1002/phar.2169,,,0,0
https://openalex.org/w2085580282,https://doi.org/10.1016/j.jpainsymman.2005.06.010,,,0,0
https://openalex.org/w2576905013,https://doi.org/10.3310/pgfar04080,,,0,0
https://openalex.org/w2528968146,,,,0,0
https://openalex.org/w2397786449,https://doi.org/10.1097/j.pain.0000000000000626,,,0,0
https://openalex.org/w2803890880,https://doi.org/10.1016/j.pmn.2018.04.006,,,0,0
https://openalex.org/w2790185829,https://doi.org/10.4040/jkan.2018.48.1.26,,,0,0
https://openalex.org/w1500513062,https://doi.org/10.11124/jbisrir-2016-2392,,,0,0
https://openalex.org/w2015765871,https://doi.org/10.1111/j.1365-2648.2004.03181.x,,,0,0
https://openalex.org/w2032369921,https://doi.org/10.1016/0304-3959(89)90024-9,,,0,0
https://openalex.org/w2041640520,https://doi.org/10.1016/j.pmn.2012.11.001,,158-171-499-292-627,1,1
https://openalex.org/w2593803149,https://doi.org/10.1016/j.pmn.2016.12.004,,,0,0
https://openalex.org/w2149360163,https://doi.org/10.1177/089801019801600307,,,0,0
https://openalex.org/w2112446070,https://doi.org/10.1111/j.1440-172x.2012.02016.x,,,0,0
https://openalex.org/w1560624583,https://doi.org/10.1111/j.1532-5415.2007.01016.x,,,0,0
https://openalex.org/w2025129717,https://doi.org/10.1007/s10880-007-9090-7,,,0,0
https://openalex.org/w2109177598,https://doi.org/10.1016/j.ejcnurse.2004.10.001,,,0,0
https://openalex.org/w2073556760,https://doi.org/10.1046/j.1365-2648.2003.02511.x,,,0,0
https://openalex.org/w2081224160,https://doi.org/10.1016/j.pmn.2012.02.003,,,0,0
https://openalex.org/w2142349272,https://doi.org/10.1016/j.ijsu.2009.04.015,,,0,0
https://openalex.org/w2990774231,https://doi.org/10.5958/0973-5674.2019.00141.2,,,0,0
https://openalex.org/w2556491377,https://doi.org/10.1111/jocn.13662,,,0,0
https://openalex.org/w2012835326,https://doi.org/10.1111/j.1365-2648.1996.tb02925.x,,,0,0
https://openalex.org/w104672413,https://doi.org/10.1002/central/cn-00139231/full'],,,0,0
https://openalex.org/w2148775904,https://doi.org/10.1093/bja/aer223,,,0,0
https://openalex.org/w2060573339,https://doi.org/10.1053/jpmn.2002.123016,,,0,0
https://openalex.org/w2696080267,https://doi.org/10.2147/ijnrd.s130738,,,0,0
https://openalex.org/w1945666501,https://doi.org/10.1046/j.1365-2168.1999.01024.x,,,0,0
https://openalex.org/w1970246268,https://doi.org/10.1177/0884217503255196,,,0,0
https://openalex.org/w2799729329,https://doi.org/10.1016/j.ijnurstu.2018.04.017,,,0,0
https://openalex.org/w2169005406,https://doi.org/10.1111/j.1753-6405.2009.00425.x,,,0,0
https://openalex.org/w2144978994,https://doi.org/10.1111/j.1744-6155.1998.tb00217.x,,,0,0
https://openalex.org/w2527925268,https://doi.org/10.1111/jcpt.12453,,,0,0
https://openalex.org/w1971256311,https://doi.org/10.1007/bf02480069,,,0,0
https://openalex.org/w1594864304,https://doi.org/10.1111/j.1742-7843.2010.00559.x,,,0,0
https://openalex.org/w2794240251,https://doi.org/10.5152/tjg.2018.17536,,,0,0
https://openalex.org/w2008851526,https://doi.org/10.1097/00002820-200110000-00009,,,0,0
https://openalex.org/w1983554867,https://doi.org/10.1016/j.vaccine.2014.08.053,,,0,0
https://openalex.org/w2113422292,https://doi.org/10.1016/s1526-9523(01)00233-1,,,0,0
https://openalex.org/w1965361246,https://doi.org/10.1097/00006199-200605000-00006,,,0,0
https://openalex.org/w2153955318,https://doi.org/10.1002/central/cn-00915410/full'],,,0,0
https://openalex.org/w2107463708,https://doi.org/10.1016/s0952-8180(97)00062-7,,,0,0
https://openalex.org/w2142840130,https://doi.org/10.1046/j.1365-2168.2000.01471.x,,,0,0
https://openalex.org/w2091001908,https://doi.org/10.1016/s0929-693x(00)00176-7,,,0,0
https://openalex.org/w2065786595,https://doi.org/10.1055/s-2007-966718,,,0,0
https://openalex.org/w2066597210,https://doi.org/10.1055/s-0029-1215333,,,0,0
https://openalex.org/w2088904611,https://doi.org/10.1136/annrheumdis-2014-205636,,,0,0
https://openalex.org/w2799801829,https://doi.org/10.4037/ajcc2018271,,,0,1
https://openalex.org/w2038311148,https://doi.org/10.1016/j.ejon.2012.02.006,,,0,0
https://openalex.org/w203702458,,,,0,0
https://openalex.org/w2765972309,https://doi.org/10.1097/tme.0000000000000165,,011-867-433-553-761,1,1
https://openalex.org/w2761438341,,,,0,0
https://openalex.org/w2984609217,https://doi.org/10.1016/j.jen.2019.09.004,,,0,0
https://openalex.org/w2803056166,https://doi.org/10.1093/rheumatology/key075.180,,,0,0
https://openalex.org/w2145662237,https://doi.org/10.1097/00000542-199111000-00005,,,0,0
https://openalex.org/w2022230424,https://doi.org/10.1097/nan.0b013e318282a8a5,,,0,0
https://openalex.org/w2464611416,,,,0,0
https://openalex.org/w2005597896,https://doi.org/10.3844/ajptsp.2009.46.55,,,0,0
https://openalex.org/w2332723707,https://doi.org/10.1177/0269216315601953,,,0,0
https://openalex.org/w1478259162,https://doi.org/10.1016/j.pmn.2015.07.008,,080-957-863-784-182,1,1
https://openalex.org/w4231416744,https://doi.org/10.1213/00000539-200008000-00032,,,0,0
https://openalex.org/w2171892231,https://doi.org/10.1016/j.ejpain.2011.05.010,,,0,0
https://openalex.org/w2020323183,https://doi.org/10.1016/0002-9378(94)90021-3,,,0,0
https://openalex.org/w2106979240,https://doi.org/10.2522/ptj.20100265,,,0,0
https://openalex.org/w3021734113,https://doi.org/10.1590/s1516-31802009000600015,,,0,0
https://openalex.org/w2023410601,https://doi.org/10.1016/s0750-7658(98)80039-7,,,0,0
https://openalex.org/w2963039823,https://doi.org/10.1016/j.jopan.2019.05.006,,,0,0
https://openalex.org/w2571016078,https://doi.org/10.1097/pec.0000000000000953,,,0,0
https://openalex.org/w2397062143,,,,0,0
https://openalex.org/w2781877611,https://doi.org/10.1016/j.ajog.2018.02.016,,,0,0
https://openalex.org/w4233114174,https://doi.org/10.1186/isrctn87414969,,,0,0
https://openalex.org/w2889878852,https://doi.org/10.1111/jan.13860,,,0,0
https://openalex.org/w1983694374,https://doi.org/10.1016/j.ajem.2012.02.019,,,0,0
https://openalex.org/w2212219427,https://doi.org/10.4037/ajcc2000.9.2.125,,,0,0
https://openalex.org/w2038844124,https://doi.org/10.1177/1043454204270251,,,0,0
https://openalex.org/w2402478158,,,,0,0
https://openalex.org/w2057728533,https://doi.org/10.1016/j.arthro.2013.04.017,,,0,0
https://openalex.org/w2469976337,https://doi.org/10.1186/s12891-016-1125-5,,,0,0
https://openalex.org/w2974097946,https://doi.org/10.13189/app.2019.070302,,,0,0
https://openalex.org/w2006236842,https://doi.org/10.1016/s0304-3959(97)00225-x,,,0,1
https://openalex.org/w2912865989,https://doi.org/10.1111/jocn.14809,,,0,0
https://openalex.org/w1986782242,https://doi.org/10.1016/j.jpainsymman.2007.12.023,,,0,0
https://openalex.org/w2046181973,https://doi.org/10.1016/j.ijnss.2014.05.014,,,0,0
https://openalex.org/w193619879,,,,0,0
https://openalex.org/w2569075962,https://doi.org/10.1155/2017/3954181,,,0,0
https://openalex.org/w2137513647,https://doi.org/10.1111/j.1365-2702.2006.01273.x,,,0,0
https://openalex.org/w1710097124,https://doi.org/10.1016/j.pmn.2015.04.004,,,0,0
https://openalex.org/w3094304872,https://doi.org/10.14309/01.ajg.0000704404.19823.84,,,0,0
https://openalex.org/w4234654527,https://doi.org/10.1136/dtb.2005.4329,,,0,0
https://openalex.org/w1965569837,https://doi.org/10.1053/jpmn.2000.19332,,,0,0
https://openalex.org/w2886030478,https://doi.org/10.1212/wnl.0000000000006081,,,0,0
https://openalex.org/w2899125755,https://doi.org/10.1016/j.ienj.2018.10.001,,,0,0
https://openalex.org/w2075948201,https://doi.org/10.1067/men.2001.116648,,,0,0
https://openalex.org/w2163614135,https://doi.org/10.1345/aph.1p438,,,0,0
https://openalex.org/w2937880747,https://doi.org/10.23750/abm.v89i6-s.7378,,,0,0
https://openalex.org/w2778074450,https://doi.org/10.1542/peds.2017-1811,,,0,0
https://openalex.org/w2131457717,https://doi.org/10.1016/j.pmn.2005.08.003,,,0,0
https://openalex.org/w2070208538,https://doi.org/10.1164/rccm.201306-1174oc,,,0,0
https://openalex.org/w2083494919,https://doi.org/10.1111/j.1365-2648.2006.03773.x,,,0,1
https://openalex.org/w2180204711,https://doi.org/10.1155/2008/694745,,,0,0
https://openalex.org/w2404063048,https://doi.org/10.1177/0898010115609486,,,0,0
https://openalex.org/w2615543788,https://doi.org/10.1016/j.rbre.2014.03.002,,,0,0
https://openalex.org/w2465131954,https://doi.org/10.3928/0148-4834-20030801-10,,,0,0
https://openalex.org/w1978991289,https://doi.org/10.1111/j.1365-2702.2008.02302.x,,,0,0
https://openalex.org/w2051683320,https://doi.org/10.1016/j.pmn.2004.11.001,,,0,0
https://openalex.org/w2914122363,https://doi.org/10.1177/0194599818801757,,,0,0
https://openalex.org/w2143940904,https://doi.org/10.1016/j.jopan.2006.05.011,,,0,0
https://openalex.org/w1997154129,https://doi.org/10.1016/s0010-7824(03)00139-2,,,0,0
https://openalex.org/w2598095212,https://doi.org/10.1097/nor.0000000000000325,,,0,0
https://openalex.org/w2051762634,https://doi.org/10.1016/j.archger.2011.10.006,,,0,0
https://openalex.org/w4235638222,https://doi.org/10.1002/14651858.cd007598,,153-489-289-335-041,0,0
https://openalex.org/w2016210681,https://doi.org/10.3174/ajnr.a3170,,,0,0
https://openalex.org/w2044846829,https://doi.org/10.1002/gps.906,,,0,0
https://openalex.org/w2003544922,https://doi.org/10.1016/0091-2182(94)90156-2,,,0,0
https://openalex.org/w2297753742,https://doi.org/10.1016/j.ijsu.2015.07.036,,,0,0
https://openalex.org/w27675363,https://doi.org/10.1002/central/cn-00080673/full'],,,0,0
https://openalex.org/w1538198434,https://doi.org/10.1111/nicc.12194,,,0,0
https://openalex.org/w2126095225,https://doi.org/10.1097/01.chi.0000135621.23145.05,,,0,0
https://openalex.org/w1646667561,https://doi.org/10.1111/pme.12885,,,0,0
https://openalex.org/w2030184384,https://doi.org/10.1097/ajp.0b013e3181c4458a,,,0,0
https://openalex.org/w2061575811,https://doi.org/10.1097/sga.0b013e3181aeaf83,,,0,0
https://openalex.org/w2074791466,https://doi.org/10.1155/2014/796518,,,0,0
https://openalex.org/w2285280617,https://doi.org/10.1186/s12891-016-0899-9,,,0,0
https://openalex.org/w2800550577,https://doi.org/10.2147/oajct.s154782,,,0,0
https://openalex.org/w2023386112,https://doi.org/10.1080/09638280500055800,,,0,0
https://openalex.org/w2588436597,https://doi.org/10.1093/jjco/hyx020,,,0,0
https://openalex.org/w1978372009,https://doi.org/10.1097/00006199-199703000-00002,,,0,0
https://openalex.org/w1993103268,https://doi.org/10.5958/0974-9357.2015.00097.5,,039-610-222-858-277,0,0
https://openalex.org/w1990229726,https://doi.org/10.1080/02703180802448049,,,0,0
https://openalex.org/w2888454492,https://doi.org/10.1186/s13063-018-2690-8,,,0,0
https://openalex.org/w2289577871,,,,0,0
https://openalex.org/w2143851464,https://doi.org/10.1111/j.1365-2648.2008.04846.x,,,0,0
https://openalex.org/w2079884120,https://doi.org/10.1136/adc.85.5.404,,,0,0
https://openalex.org/w1970455826,https://doi.org/10.1016/j.clnu.2006.01.001,,,0,0
https://openalex.org/w2940942153,https://doi.org/10.1016/j.bja.2019.03.036,,,0,0
https://openalex.org/w2004537828,https://doi.org/10.1016/j.rapm.2004.11.004,,,0,0
https://openalex.org/w1996691791,https://doi.org/10.1067/mge.2003.365,,,0,0
https://openalex.org/w2808215221,https://doi.org/10.1186/s12871-018-0525-5,,,0,0
https://openalex.org/w2947922368,https://doi.org/10.1016/j.jpsychores.2019.03.058,,,0,0
https://openalex.org/w1979980522,https://doi.org/10.1016/j.pain.2004.01.012,,,0,1
https://openalex.org/w2009994516,https://doi.org/10.1002/ejp.663,,,0,0
https://openalex.org/w1836264708,https://doi.org/10.1111/1742-6723.12103,,024-282-303-579-443,0,0
https://openalex.org/w2148904009,https://doi.org/10.5271/sjweh.3398,,,0,0
https://openalex.org/w2328923466,https://doi.org/10.1097/ccm.0000000000001463,,,0,0
https://openalex.org/w2086748459,https://doi.org/10.1097/00006199-198307000-00017,,,0,0
https://openalex.org/w2581296925,https://doi.org/10.1539/joh.16-0203-oa,,,0,0
https://openalex.org/w2030573796,https://doi.org/10.4111/kju.2007.48.2.163,,,0,0
https://openalex.org/w2038494925,https://doi.org/10.1016/j.clon.2011.04.003,,,0,0
https://openalex.org/w2443061671,https://doi.org/10.1002/central/cn-00104002/full'],,,0,0
https://openalex.org/w2594978379,https://doi.org/10.12998/wjcc.v5.i3.73,,,0,0
https://openalex.org/w2793693688,https://doi.org/10.1016/j.pmn.2017.11.006,,,0,0
https://openalex.org/w2128113095,https://doi.org/10.4037/ajcc2013869,,,0,0
https://openalex.org/w2954294451,,,,0,0
https://openalex.org/w2435113531,https://doi.org/10.5489/cuaj.3421,,,0,0
https://openalex.org/w2400064999,,,,0,0
https://openalex.org/w2912290551,https://doi.org/10.1177/1759720x19827504,,,0,0
https://openalex.org/w2049782385,https://doi.org/10.1177/104990910402100513,,,0,0
https://openalex.org/w2894558490,https://doi.org/10.1111/jan.13871,,,0,0
https://openalex.org/w2413344868,,,,0,0
https://openalex.org/w2066953852,https://doi.org/10.2147/ppa.s15017,,,0,0
https://openalex.org/w2748894231,https://doi.org/10.22038/ebcj.2017.24247.1529,,,0,0
https://openalex.org/w2045522920,https://doi.org/10.1038/bjc.2013.733,,,0,0
https://openalex.org/w2924069434,https://doi.org/10.1016/j.resuscitation.2019.03.009,,,0,0
https://openalex.org/w2597730437,https://doi.org/10.3233/ies-206161,,,0,0
https://openalex.org/w2554703631,https://doi.org/10.1016/j.apnr.2016.11.009,,,0,0
https://openalex.org/w2622007783,https://doi.org/10.1016/j.pmn.2017.03.005,,,0,0
https://openalex.org/w2152740846,https://doi.org/10.1016/s0140-6736(03)14966-5,,,0,0
https://openalex.org/w2760255446,https://doi.org/10.12968/bjcn.2017.22.sup10.s26,,,0,0
https://openalex.org/w2895751506,https://doi.org/10.1007/s00423-018-1705-y,,,0,0
https://openalex.org/w2623426875,https://doi.org/10.1002/central/cn-01089315/full'],,,0,0
https://openalex.org/w2979127813,https://doi.org/10.4037/ccn2019849,,,0,0
https://openalex.org/w2345194595,https://doi.org/10.21162/pakjas/16.2431,,,0,0
https://openalex.org/w2594090483,https://doi.org/10.1177/1545968317697032,,,0,0
https://openalex.org/w2571088276,https://doi.org/10.1097/spv.0000000000000368,,,0,0
https://openalex.org/w2091705104,https://doi.org/10.1016/j.ctcp.2009.05.004,,,0,1
https://openalex.org/w2003069413,https://doi.org/10.1046/j.1365-2702.2003.00849.x,,,0,0
https://openalex.org/w74826695,https://doi.org/10.1002/central/cn-00110360/full'],,,0,0
https://openalex.org/w2084881417,https://doi.org/10.1111/j.1365-2648.2009.05119.x,,,0,0
https://openalex.org/w2010834215,https://doi.org/10.1016/j.jpainsymman.2013.12.247,,,0,0
https://openalex.org/w4233520461,https://doi.org/10.1186/isrctn54273961,,,0,0
https://openalex.org/w2017372056,https://doi.org/10.1539/joh.47.149,,,0,0
https://openalex.org/w2107375358,https://doi.org/10.1111/jocn.12549,,,0,0
https://openalex.org/w1970162163,https://doi.org/10.1002/pdi.360,,,0,0
https://openalex.org/w2953671918,https://doi.org/10.1542/hpeds.2018-0249,,,0,0
https://openalex.org/w2791597004,https://doi.org/10.1371/journal.pone.0194271,,,0,0
https://openalex.org/w4320829264,https://doi.org/10.1002/central/cn-00995795/full'],,,0,0
https://openalex.org/w84394685,https://doi.org/10.1002/central/cn-00061425/full'],,,0,0
https://openalex.org/w2032725696,https://doi.org/10.1046/j.1365-2648.2002.02428.x,,,0,0
https://openalex.org/w2735276853,https://doi.org/10.1016/j.jpainsymman.2017.07.004,,,0,0
https://openalex.org/w2127298579,https://doi.org/10.4040/jkan.2007.37.2.163,,,0,0
https://openalex.org/w1574088822,https://doi.org/10.1016/j.pmn.2014.09.006,,,0,1
https://openalex.org/w1975860256,https://doi.org/10.1097/00007632-199304000-00011,,,0,0
https://openalex.org/w2053617765,https://doi.org/10.1007/bf03015655,,,0,0
https://openalex.org/w2409850135,https://doi.org/10.1002/central/cn-00611507/full'],,,0,0
https://openalex.org/w2770679860,https://doi.org/10.1016/j.pmn.2017.08.004,,,0,0
https://openalex.org/w2166095704,https://doi.org/10.12968/jowc.2014.23.11.543,,,0,0
https://openalex.org/w1850712475,https://doi.org/10.1111/jocn.12858,,,0,0
https://openalex.org/w2755890175,https://doi.org/10.1097/nor.0000000000000382,,127-090-032-894-588,1,1
https://openalex.org/w36642058,,,,0,0
https://openalex.org/w2141548007,https://doi.org/10.1111/j.1744-6155.2003.tb00179.x,,,0,0
https://openalex.org/w2017109080,https://doi.org/10.1016/j.aorn.2007.07.011,,,0,0
https://openalex.org/w2389983894,https://doi.org/10.3390/ijerph13050499,,,0,0
https://openalex.org/w2336316347,https://doi.org/10.2147/jpr.s89278,,,0,0
https://openalex.org/w2786082650,https://doi.org/10.1371/journal.pmed.1002500,,,0,0
https://openalex.org/w2059182235,https://doi.org/10.1111/j.1365-2044.1992.tb03160.x,,,0,0
https://openalex.org/w2336114117,https://doi.org/10.1097/j.pain.0000000000000583,,,0,0
https://openalex.org/w2496874778,,,,0,0
https://openalex.org/w2057922008,https://doi.org/10.1016/j.jopan.2013.04.137,,,0,0
https://openalex.org/w2554225073,https://doi.org/10.2196/resprot.6277,,,0,0
https://openalex.org/w2013414202,https://doi.org/10.1016/j.jpainsymman.2012.03.015,,,0,0
https://openalex.org/w4407315907,,,,0,0
https://openalex.org/w2160512279,https://doi.org/10.1177/1054773813493000,,042-135-479-399-924,0,0
https://openalex.org/w2333918233,https://doi.org/10.1097/phm.0b013e3182643fd5,,,0,0
https://openalex.org/w2085381550,https://doi.org/10.1097/00002508-199703000-00009,,,0,0
https://openalex.org/w1501911198,https://doi.org/10.4040/jkan.2010.40.3.317,,,0,0
https://openalex.org/w2000837179,https://doi.org/10.1007/s10067-007-0700-4,,,0,0
https://openalex.org/w1973306397,https://doi.org/10.1016/j.midw.2014.11.001,,,0,0
https://openalex.org/w2019386364,https://doi.org/10.1016/j.jpainsymman.2006.12.011,,,0,0
https://openalex.org/w2064881131,https://doi.org/10.1016/j.ijnurstu.2013.03.010,,,0,0
https://openalex.org/w2125884746,https://doi.org/10.1093/geront/44.1.24,,,0,0
https://openalex.org/w2041788768,https://doi.org/10.1016/j.joon.2005.07.010,,,0,0
https://openalex.org/w2768359248,https://doi.org/10.1016/j.pmn.2017.09.004,,,0,0
https://openalex.org/w2770135149,https://doi.org/10.1200/jco.2017.35.31_suppl.203,,,0,1
https://openalex.org/w2270819142,https://doi.org/10.1111/jan.12908,,,0,0
https://openalex.org/w2044776232,https://doi.org/10.1038/eye.1998.256,,,0,0
https://openalex.org/w2761938613,https://doi.org/10.17672/fnjn.343259,,,0,0
https://openalex.org/w2170997704,https://doi.org/10.1111/jocn.12413,,,0,1
https://openalex.org/w2151742382,https://doi.org/10.1002/central/cn-00619248/full'],,,0,0
https://openalex.org/w2801830057,https://doi.org/10.1016/j.ijsu.2018.04.060,,,0,0
https://openalex.org/w2050050237,https://doi.org/10.1111/j.1532-5415.1996.tb02435.x,,,0,0
https://openalex.org/w1998588562,https://doi.org/10.1097/ncc.0b013e3182360730,,,0,1
https://openalex.org/w2090257506,https://doi.org/10.1016/j.vaccine.2013.03.056,,,0,0
https://openalex.org/w2789363550,https://doi.org/10.1111/jan.13571,,,0,0
https://openalex.org/w2606038080,https://doi.org/10.1016/j.pmn.2016.12.003,,,0,0
https://openalex.org/w2070788492,https://doi.org/10.1046/j.1365-2141.2003.04193.x,,,0,0
https://openalex.org/w2030649340,https://doi.org/10.1016/s0738-3991(02)00191-x,,,0,1
https://openalex.org/w2124230346,https://doi.org/10.1345/aph.1a477,,,0,0
https://openalex.org/w4255817199,https://doi.org/10.1037/0021-843x.84.6.677,,,0,0
https://openalex.org/w2001746999,https://doi.org/10.1177/10547730022158645,,,0,1
https://openalex.org/w3132601122,https://doi.org/10.1002/14651858.cd012449.pub2,,,0,0
https://openalex.org/w2035932066,https://doi.org/10.1016/j.ijnurstu.2004.01.009,,,0,0
https://openalex.org/w1944343919,https://doi.org/10.1111/nicc.12170,,,0,0
https://openalex.org/w2994988523,https://doi.org/10.23736/s0375-9393.17.11758-x,,,0,0
https://openalex.org/w2157614954,https://doi.org/10.1177/0009922814561593,,,0,0
https://openalex.org/w2149107051,https://doi.org/10.1093/occmed/kqp124,,,0,0
https://openalex.org/w2924965939,https://doi.org/10.1093/jas/skz094,,,0,0
https://openalex.org/w1999853540,https://doi.org/10.1111/apa.12509,,,0,0
https://openalex.org/w2135966692,https://doi.org/10.1016/s0736-4679(98)00157-7,,,0,0
https://openalex.org/w2021953222,https://doi.org/10.1067/men.2001.114386,,,0,0
https://openalex.org/w2765681123,https://doi.org/10.1016/j.jopan.2015.11.012,,,0,0
https://openalex.org/w2909857851,https://doi.org/10.1016/j.ijsu.2019.01.004,,,0,0
https://openalex.org/w962999339,https://doi.org/10.1097/rlu.0000000000000905,,,0,0
https://openalex.org/w2138007690,https://doi.org/10.1016/j.clinthera.2013.06.004,,,0,0
https://openalex.org/w1986751814,https://doi.org/10.1016/j.jpain.2012.01.253,,,0,0
https://openalex.org/w2058564219,https://doi.org/10.1007/s11999-014-3931-0,,,0,0
https://openalex.org/w2095119025,https://doi.org/10.1097/aln.0b013e3181e2c34b,,,0,0
https://openalex.org/w3024058487,,,,0,0
https://openalex.org/w190301721,,,,0,0
https://openalex.org/w2964852613,https://doi.org/10.1097/mjt.0000000000000951,,,0,0
https://openalex.org/w2090158365,https://doi.org/10.1016/j.pmn.2010.09.004,,,0,0
https://openalex.org/w2543381037,https://doi.org/10.1002/central/cn-01331517/full'],,,0,1
https://openalex.org/w2966643245,https://doi.org/10.1200/jco.2012.30.15_suppl.9137,,,0,0
https://openalex.org/w4240833980,https://doi.org/10.31525/ct1-nct03935815,,,0,0
https://openalex.org/w2156287648,https://doi.org/10.1177/112067210401400205,,,0,0
https://openalex.org/w2155151901,https://doi.org/10.1002/14651858.cd004249.pub4,,,0,0
https://openalex.org/w4245797387,https://doi.org/10.1037/0090-5550.47.3.291,,,0,0
https://openalex.org/w1836518739,https://doi.org/10.4037/ajcc1995.4.4.308,,,0,0
https://openalex.org/w2734622077,https://doi.org/10.1111/papr.12612,,,0,0
https://openalex.org/w2424967996,https://doi.org/10.1002/central/cn-01001759/full'],,,0,0
https://openalex.org/w2056424731,https://doi.org/10.1016/j.cnur.2003.11.012,,,0,0
https://openalex.org/w2463473983,https://doi.org/10.1111/nhs.12295,,,0,0
https://openalex.org/w2080825679,https://doi.org/10.1016/j.midw.2007.08.002,,,0,0
https://openalex.org/w4205615894,https://doi.org/10.1016/s0001-2092(06)61276-3,,,0,0
https://openalex.org/w2016644726,https://doi.org/10.1111/j.1365-2648.2007.04209.x,,,0,0
https://openalex.org/w2052933718,https://doi.org/10.1002/bjs.5055,,,0,0
https://openalex.org/w2049206274,https://doi.org/10.1177/0269215515576812,,,0,0
https://openalex.org/w2087160317,https://doi.org/10.1016/j.asj.2005.09.003,,,0,0
https://openalex.org/w2322716567,https://doi.org/10.4317/medoral.17643763,,,0,0
https://openalex.org/w2057941460,https://doi.org/10.1155/2012/679648,,,0,0
https://openalex.org/w1990263030,https://doi.org/10.1002/nur.20129,,,0,0
https://openalex.org/w2045517780,https://doi.org/10.1111/pan.12381,,,0,0
https://openalex.org/w1768207837,https://doi.org/10.1002/j.1875-9114.1997.tb03780.x,,,0,0
https://openalex.org/w2151717639,https://doi.org/10.1111/1745-7599.12020,,,0,0
https://openalex.org/w2112965976,https://doi.org/10.1136/emj.2010.098053,,,0,1
https://openalex.org/w2100192304,https://doi.org/10.1111/j.1365-2702.2006.01304.x,,,0,0
https://openalex.org/w2076052765,https://doi.org/10.3310/hta10400,,,0,0
https://openalex.org/w128960381,,,,0,0
https://openalex.org/w4244607423,https://doi.org/10.1186/isrctn17816427,,,0,0
https://openalex.org/w2166021541,https://doi.org/10.3238/arztebl.2013.0271,,,0,0
https://openalex.org/w2021466277,https://doi.org/10.1016/s1524-9042(02)54213-2,,,0,0
https://openalex.org/w1964273201,https://doi.org/10.1007/s00464-009-0804-9,,,0,0
https://openalex.org/w2800683401,https://doi.org/10.5742/mewfm.2017.93052,,,0,0
https://openalex.org/w3147110335,https://doi.org/10.5388/aon.2012.12.1.69,,020-287-958-961-106,0,0
https://openalex.org/w2898554788,https://doi.org/10.1007/s40266-018-0605-8,,,0,0
https://openalex.org/w1998818484,https://doi.org/10.1097/01.ccm.0000150268.04228.68,,,0,0
https://openalex.org/w1986636374,https://doi.org/10.1188/02.onf.1304-1313,,,0,1
https://openalex.org/w2958242093,https://doi.org/10.1080/15284336.2019.1627509,,,0,0
https://openalex.org/w2567724429,,,,0,0
https://openalex.org/w2137068022,https://doi.org/10.1136/ebn.7.3.84,,,0,0
https://openalex.org/w2912169561,https://doi.org/10.1136/bmjopen-2018-025158,,,0,0
https://openalex.org/w2131591029,https://doi.org/10.1016/j.resuscitation.2006.01.023,,,0,0
https://openalex.org/w2886132879,https://doi.org/10.1016/j.pmn.2018.06.001,,,0,0
https://openalex.org/w2024506922,https://doi.org/10.1016/j.jpainsymman.2011.01.007,,,0,0
https://openalex.org/w2342387397,https://doi.org/10.1111/apa.13454,,,0,0
https://openalex.org/w2016939404,https://doi.org/10.1016/s0002-9149(00)00848-1,,,0,0
https://openalex.org/w2991460432,https://doi.org/10.1136/bjsports-2019-101183,,,0,0
https://openalex.org/w2108386035,https://doi.org/10.1016/j.pmn.2012.07.005,,,0,0
https://openalex.org/w2124701107,https://doi.org/10.1001/jama.291.6.697,,,0,0
https://openalex.org/w2530545069,https://doi.org/10.1007/s00540-016-2268-0,,,0,0
https://openalex.org/w2104467779,https://doi.org/10.1093/rheumatology/kem151,,,0,0
https://openalex.org/w2004300395,https://doi.org/10.1136/ebn.8.1.16,,,0,0
https://openalex.org/w2027107690,https://doi.org/10.1111/j.1399-6576.1984.tb02006.x,,,0,0
https://openalex.org/w2059432187,https://doi.org/10.1097/ajp.0b013e318032456f,,,0,0
https://openalex.org/w2760600135,https://doi.org/10.1016/j.pedn.2017.09.009,,,0,0
https://openalex.org/w2528927679,https://doi.org/10.1097/nur.0000000000000245,,,0,0
https://openalex.org/w2064882903,https://doi.org/10.12968/bjon.2007.16.5.23000,,,0,0
https://openalex.org/w2109664895,https://doi.org/10.1136/ip.2009.021766,,,0,0
https://openalex.org/w2597047248,https://doi.org/10.1007/s00404-017-4345-5,,,0,0
https://openalex.org/w1995066439,https://doi.org/10.1016/j.sjpain.2015.01.003,,,0,0
https://openalex.org/w2977740936,https://doi.org/10.1111/jan.14216,,,0,0
https://openalex.org/w2127242274,https://doi.org/10.1016/j.pmn.2006.02.002,,,0,0
https://openalex.org/w2019005611,https://doi.org/10.7326/0003-4819-143-6-200509200-00007,,,0,0
https://openalex.org/w2780176051,https://doi.org/10.12788/jhm.2895,,,0,0
https://openalex.org/w2087594513,https://doi.org/10.1111/j.1365-2648.1987.tb01355.x,,,0,0
https://openalex.org/w2905827813,,,,0,0
https://openalex.org/w2802528567,https://doi.org/10.4040/jkan.2018.48.2.221,,,0,1
https://openalex.org/w1982421734,https://doi.org/10.1016/j.jpainsymman.2003.10.011,,,0,0
https://openalex.org/w2792068197,https://doi.org/10.1177/1129729817747535,,,0,0
https://openalex.org/w2117511555,https://doi.org/10.3899/jrheum.100753,,,0,0
https://openalex.org/w2465676392,https://doi.org/10.1002/central/cn-00042421/full'],,,0,0
https://openalex.org/w2049959935,https://doi.org/10.1111/jocn.12816,,,0,0
https://openalex.org/w2148413240,https://doi.org/10.1002/14651858.cd004638.pub3,,,0,0
https://openalex.org/w2987390816,https://doi.org/10.1016/j.iccn.2019.102767,,,0,0
https://openalex.org/w2084542204,https://doi.org/10.1097/00002820-200407000-00002,,,0,0
https://openalex.org/w142562625,,,,0,0
https://openalex.org/w2294264805,https://doi.org/10.1093/pm/pnv048,,,0,1
https://openalex.org/w2321222073,https://doi.org/10.1016/s1041-892x(07)70202-0,,,0,0
https://openalex.org/w2137191478,https://doi.org/10.3171/jns.1995.83.1.0072,,,0,0
https://openalex.org/w4244004678,https://doi.org/10.31525/ct1-nct04003701,,,0,0
https://openalex.org/w2101144344,https://doi.org/10.1002/central/cn-01177959/full'],,,0,0
https://openalex.org/w1891763290,https://doi.org/10.1111/j.1365-2702.2010.03529.x,,,0,0
https://openalex.org/w2005858019,https://doi.org/10.1016/j.cger.2005.02.001,,,0,0
https://openalex.org/w4240267618,https://doi.org/10.1016/j.jamda.2006.05.007,,,0,0
https://openalex.org/w4249732226,https://doi.org/10.1188/04.onf.691-698,,,0,0
https://openalex.org/w2471500156,https://doi.org/10.1016/j.math.2016.05.294,,,0,0
https://openalex.org/w2581063725,https://doi.org/10.22038/ijp.2016.7238,,,0,0
https://openalex.org/w2337509194,,,,0,0
https://openalex.org/w2789189325,https://doi.org/10.1188/18.onf.260-272,,,0,1
https://openalex.org/w1893237662,https://doi.org/10.1111/pme.12637,,,0,0
https://openalex.org/w2167256236,https://doi.org/10.1186/1749-8546-5-5,,,0,0
https://openalex.org/w4250797099,https://doi.org/10.31525/ct1-nct04067609,,,0,0
https://openalex.org/w2171084717,https://doi.org/10.1093/humrep/deu007,,,0,0
https://openalex.org/w2359427819,https://doi.org/10.1002/central/cn-00983169/full'],,,0,0
https://openalex.org/w2513393937,https://doi.org/10.1097/phm.0000000000000610,,,0,0
https://openalex.org/w2050028399,https://doi.org/10.1046/j.1365-2648.2003.02647.x,,,0,0
https://openalex.org/w1806801380,https://doi.org/10.1002/gps.4256,,,0,0
https://openalex.org/w2023556671,https://doi.org/10.1093/jmt/43.3.247,,,0,0
https://openalex.org/w3026196704,https://doi.org/10.1002/central/cn-00914854/full'],,,0,0
https://openalex.org/w2075002168,https://doi.org/10.1055/s-2007-1001419,,,0,0
https://openalex.org/w2046571021,https://doi.org/10.2196/jmir.2070,,,0,1
https://openalex.org/w2092405641,https://doi.org/10.1002/1098-240x(200102)24:1<57::aid-nur1007>3.0.co;2-j,,,0,0
https://openalex.org/w2409134880,,,,0,0
https://openalex.org/w2903854467,https://doi.org/10.1111/papr.12756,,,0,0
https://openalex.org/w2792410206,https://doi.org/10.1136/bmjopen-2017-016058,,,0,0
https://openalex.org/w1989150256,https://doi.org/10.1016/j.jamda.2007.11.011,,,0,0
https://openalex.org/w2102884783,https://doi.org/10.1016/j.jpain.2005.07.010,,,0,0
https://openalex.org/w1968915234,https://doi.org/10.1016/j.pmn.2012.07.007,,,0,0
https://openalex.org/w187352716,https://doi.org/10.7748/en2009.02.16.9.31.c6848,,,0,0
https://openalex.org/w2143413117,https://doi.org/10.1111/j.1745-7599.2003.tb00398.x,,,0,0
https://openalex.org/w2108504783,https://doi.org/10.1542/peds.2010-1142,,,0,0
https://openalex.org/w2029976435,https://doi.org/10.1016/s1063-4584(10)60396-2,,,0,0
https://openalex.org/w2603162728,https://doi.org/10.1016/j.jopan.2016.03.014,,,0,0
https://openalex.org/w2309309868,https://doi.org/10.1136/bmjsem-2015-000098,,,0,0
https://openalex.org/w2942026928,https://doi.org/10.1097/tme.0000000000000244,,,0,0
https://openalex.org/w2017578067,https://doi.org/10.1016/j.jopan.2009.07.001,,019-802-616-872-937,0,0
https://openalex.org/w1977436760,https://doi.org/10.1016/j.jpainsymman.2013.12.242,,,0,0
https://openalex.org/w2003617285,https://doi.org/10.1016/j.pmn.2012.08.006,,,0,0
https://openalex.org/w2784786198,,,,0,0
https://openalex.org/w2036396884,https://doi.org/10.1016/j.ejcnurse.2007.02.002,,,0,0
https://openalex.org/w2136142542,https://doi.org/10.1016/j.otorri.2013.10.006,,,0,0
https://openalex.org/w2102468518,https://doi.org/10.1093/rheumatology/keh298,,,0,0
https://openalex.org/w2808236905,https://doi.org/10.1002/pbc.27242,,,0,0
https://openalex.org/w2001098497,https://doi.org/10.1177/1474515111430879,,,0,0
https://openalex.org/w1764089190,https://doi.org/10.1111/jspn.12094,,,0,0
https://openalex.org/w2902834916,https://doi.org/10.1186/s12872-018-0957-3,,,0,0
https://openalex.org/w2465642086,https://doi.org/10.1016/j.sjpain.2016.06.006,,,0,0
https://openalex.org/w2325322017,https://doi.org/10.1080/0742-969x.1998.11882905,,,0,0
https://openalex.org/w2747435345,https://doi.org/10.2174/1574887112666170816151232,,,0,0
https://openalex.org/w2117567789,https://doi.org/10.1093/intqhc/mzt046,,,0,0
https://openalex.org/w2059003634,https://doi.org/10.1016/s0001-2092(06)64000-3,,,0,0
https://openalex.org/w2028367001,https://doi.org/10.1016/s0140-6736(02)09312-1,,,0,0
https://openalex.org/w2070016238,https://doi.org/10.1097/01.ccm.0000218416.62457.56,,,0,1
https://openalex.org/w2139166671,https://doi.org/10.1016/0738-3991(96)00909-3,,,0,0
https://openalex.org/w2994127831,,,,0,0
https://openalex.org/w2097541517,https://doi.org/10.1186/1471-2431-8-13,,,0,0
https://openalex.org/w2139165705,https://doi.org/10.1016/j.jpedsurg.2011.09.022,,,0,0
https://openalex.org/w1968711770,https://doi.org/10.1111/j.1572-0241.2004.04088.x,,,0,0
https://openalex.org/w2146820317,https://doi.org/10.1590/s0104-11692013000100021,,,0,0
https://openalex.org/w2321894717,https://doi.org/10.1097/won.0000000000000009,,133-391-625-990-758,0,0
https://openalex.org/w2164126355,https://doi.org/10.1185/030079902125001209,,,0,0
https://openalex.org/w1548962750,https://doi.org/10.1002/central/cn-00110751/full'],,,0,0
https://openalex.org/w2092972860,https://doi.org/10.1111/j.1651-2227.2007.00021.x,,,0,0
https://openalex.org/w2761239908,https://doi.org/10.1016/j.conctc.2017.10.004,,,0,0
https://openalex.org/w4299582008,https://doi.org/10.1111/ajt.14306,,,0,0
https://openalex.org/w1605569488,https://doi.org/10.1111/ijn.12358,,,0,1
https://openalex.org/w2005026013,https://doi.org/10.1097/00002508-200106000-00010,,,0,0
https://openalex.org/w2156312023,https://doi.org/10.1142/s0192415x80000153,,,0,0
https://openalex.org/w2043882582,https://doi.org/10.1016/j.pmn.2010.02.002,,,0,0
https://openalex.org/w2903425982,https://doi.org/10.1002/lio2.212,,,0,0
https://openalex.org/w2031891567,https://doi.org/10.1007/s00384-012-1527-2,,,0,0
https://openalex.org/w1490128690,https://doi.org/10.1111/j.1365-2648.2010.05603.x,,,0,0
https://openalex.org/w2992762454,,,,0,0
https://openalex.org/w2913437870,https://doi.org/10.1097/tme.0000000000000232,,,0,0
https://openalex.org/w2603431360,https://doi.org/10.5301/jva.5000652,,,0,0
https://openalex.org/w2076314966,https://doi.org/10.1188/06.onf.821-825,,,0,0
https://openalex.org/w2905893705,https://doi.org/10.1038/sj.ebd.6401340,,,0,0
https://openalex.org/w2017122850,https://doi.org/10.1055/s-2006-925000,,,0,0
https://openalex.org/w2905830350,https://doi.org/10.1016/j.jamda.2018.11.013,,,0,0
https://openalex.org/w1905870215,,,,0,0
https://openalex.org/w2090638354,https://doi.org/10.1016/j.pmn.2014.09.011,,,0,0
https://openalex.org/w2068535849,https://doi.org/10.1016/j.jpainsymman.2013.04.006,,,0,0
https://openalex.org/w2046398353,https://doi.org/10.1053/jpmn.2002.123846,,,0,1
https://openalex.org/w2276230783,https://doi.org/10.1016/s0027-9684(15)30029-8,,,0,0
https://openalex.org/w2107145917,https://doi.org/10.1016/s0001-2092(06)62917-7,,,0,0
https://openalex.org/w2531670760,https://doi.org/10.3310/hta20750,,,0,0
https://openalex.org/w2073959399,https://doi.org/10.1016/j.pmn.2014.05.006,,,0,0
https://openalex.org/w2806736017,https://doi.org/10.4184/asj.2018.12.3.490,,,0,0
https://openalex.org/w2946107391,https://doi.org/10.7717/peerj.6945,,,0,0
https://openalex.org/w2084192506,https://doi.org/10.1111/jocn.12548,,,0,0
https://openalex.org/w2759774497,https://doi.org/10.4103/ijnmr.ijnmr_108_16,,,0,0
https://openalex.org/w2064242622,https://doi.org/10.1007/s00540-004-0278-9,,,0,0
https://openalex.org/w2409121433,,,,0,0
https://openalex.org/w2001450846,https://doi.org/10.1046/j.1365-2648.2003.02570.x,,,0,0
https://openalex.org/w3208891570,https://doi.org/10.5281/zenodo.1120319,,,0,0
https://openalex.org/w2201886170,https://doi.org/10.1016/j.sjpain.2015.04.023,,,0,1
https://openalex.org/w2160062195,https://doi.org/10.1016/j.ajem.2012.04.030,,,0,0
https://openalex.org/w2060009020,https://doi.org/10.1542/peds.100.6.e5,,,0,0
https://openalex.org/w2970139908,https://doi.org/10.12998/wjcc.v7.i16.2165,,,0,0
https://openalex.org/w2048700925,https://doi.org/10.1046/j.1365-2648.2001.01846.x,,,0,0
https://openalex.org/w2461567838,https://doi.org/10.22605/rrh3667,,,0,0
https://openalex.org/w2605403846,https://doi.org/10.1111/jocn.13848,,,0,0
https://openalex.org/w2050847200,https://doi.org/10.1016/j.midw.2006.02.003,,,0,0
https://openalex.org/w2807063123,https://doi.org/10.1002/central/cn-01051490/full'],,,0,0
https://openalex.org/w2932379223,https://doi.org/10.1080/09638288.2018.1555620,,,0,0
https://openalex.org/w2029162638,https://doi.org/10.1007/s00404-011-2037-0,,,0,0
https://openalex.org/w2759323497,https://doi.org/10.1016/j.pmn.2017.05.008,,,0,0
https://openalex.org/w2050224985,https://doi.org/10.1016/j.jen.2009.02.008,,,0,0
https://openalex.org/w2313322797,https://doi.org/10.1111/jocn.13193,,038-167-497-916-982,1,1
https://openalex.org/w2737533631,https://doi.org/10.1177/1054773817721400,,,0,0
https://openalex.org/w1576923546,https://doi.org/10.1016/s0738-3991(03)00165-4,,,0,0
https://openalex.org/w2110274100,https://doi.org/10.1111/j.1365-2702.2006.01719.x,,,0,0
https://openalex.org/w2747284055,https://doi.org/10.1177/0898010117726633,,,0,0
https://openalex.org/w2417076461,https://doi.org/10.1016/s0022-5347(17)40570-2,,,0,0
https://openalex.org/w108043340,https://doi.org/10.1136/rapm-00115550-199520060-00008,,,0,0
https://openalex.org/w2120552124,https://doi.org/10.1136/gutjnl-2013-306293,,,0,0
https://openalex.org/w2307134869,https://doi.org/10.1089/acu.2015.1161,,,0,0
https://openalex.org/w2915398302,https://doi.org/10.1186/s13063-019-3190-1,,,0,0
https://openalex.org/w1949546553,https://doi.org/10.1111/ijn.12191,,,0,0
https://openalex.org/w2792751377,https://doi.org/10.5505/agri.2018.28247,,,0,0
https://openalex.org/w2031799646,https://doi.org/10.1016/s0993-9857(06)76355-5,,,0,0
https://openalex.org/w2214834278,https://doi.org/10.15256/joc.2015.5.60,,,0,0
https://openalex.org/w2130037902,https://doi.org/10.1590/s1413-35552012005000057,,,0,0
https://openalex.org/w1809958951,https://doi.org/10.1177/0333102415612767,,,0,0
https://openalex.org/w2039937795,https://doi.org/10.1097/01.pec.0000210172.17892.a1,,,0,0
https://openalex.org/w2158024369,https://doi.org/10.1111/j.1532-5415.2006.00766.x,,,0,0
https://openalex.org/w2119030508,https://doi.org/10.1016/s0885-3924(96)00182-0,,,0,0
https://openalex.org/w2319290541,https://doi.org/10.1016/j.midw.2016.03.013,,,0,0
https://openalex.org/w2897445030,https://doi.org/10.22038/jmrh.2018.24788.1267,,,0,0
https://openalex.org/w1925787329,https://doi.org/10.1111/j.1468-3083.2011.04110.x,,,0,0
https://openalex.org/w2976173810,https://doi.org/10.1037/ccp0000436,,,0,0
https://openalex.org/w2767922737,https://doi.org/10.1177/0193945917738781,,,0,1
https://openalex.org/w2059655700,,,,0,0
https://openalex.org/w2030333136,https://doi.org/10.1016/j.apnr.2009.03.005,,,0,0
https://openalex.org/w2474324616,,,,0,0
https://openalex.org/w87500583,https://doi.org/10.1002/central/cn-00054254/full'],,,0,0
https://openalex.org/w1951863846,https://doi.org/10.1111/jorc.12078,,139-587-600-812-982,1,1
https://openalex.org/w2031539210,https://doi.org/10.1111/jocn.12595,,,0,0
https://openalex.org/w2889496546,https://doi.org/10.1177/0898010118797195,,,0,0
https://openalex.org/w2150479916,https://doi.org/10.1186/1479-5868-9-104,,,0,0
https://openalex.org/w1986926124,https://doi.org/10.1016/j.gie.2005.08.015,,,0,0
https://openalex.org/w1516593405,https://doi.org/10.1016/j.ejpain.2011.07.009,,,0,0
https://openalex.org/w2377658964,,,,0,0
https://openalex.org/w1653593519,https://doi.org/10.4040/jkan.2012.42.3.333,,,0,0
https://openalex.org/w1972441494,https://doi.org/10.1177/1043454206298837,,,0,0
https://openalex.org/w1970712133,https://doi.org/10.1016/j.pec.2006.04.009,,,0,0
https://openalex.org/w2951524359,https://doi.org/10.1097/md.0000000000015923,,,0,1
https://openalex.org/w1982724102,https://doi.org/10.1016/j.apmr.2013.11.015,,,0,0
https://openalex.org/w2769681148,https://doi.org/10.1097/ico.0000000000001451,,,0,0
https://openalex.org/w2803527058,https://doi.org/10.1016/j.aucc.2018.04.003,,,0,0
https://openalex.org/w117430661,https://doi.org/10.1177/0310057x9902700505,,,0,0
https://openalex.org/w2140639410,https://doi.org/10.1136/vr.133.10.240,,,0,0
https://openalex.org/w4245428333,https://doi.org/10.1097/00003643-200311000-00008,,,0,0
https://openalex.org/w1008157409,https://doi.org/10.4103/0970-9185.74818,,,0,0
https://openalex.org/w2921941427,https://doi.org/10.1111/jan.13994,,,0,0
https://openalex.org/w2142402548,,,,0,0
https://openalex.org/w2748142508,https://doi.org/10.11569/wcjd.v25.i23.2150,,,0,0
https://openalex.org/w2626539441,https://doi.org/10.1002/14651858.cd011129.pub2,,,0,0
https://openalex.org/w1543844365,https://doi.org/10.1097/00007611-199905000-00005,,,0,0
https://openalex.org/w2294000908,,,,0,0
https://openalex.org/w2006152035,https://doi.org/10.12968/ijpn.2010.16.6.48829,,,0,0
https://openalex.org/w2088600191,https://doi.org/10.1016/j.ijrobp.2004.07.722,,,0,0
https://openalex.org/w2072598547,https://doi.org/10.1007/s00415-010-5463-1,,,0,0
https://openalex.org/w1966940992,https://doi.org/10.7326/0003-4819-155-10-201111150-02009,,060-901-987-824-176,0,0
https://openalex.org/w2031222927,https://doi.org/10.1046/j.1365-2648.2002.02429.x,,,0,0
https://openalex.org/w2137912057,https://doi.org/10.1016/s0140-6736(08)60991-5,,,0,0
https://openalex.org/w2529656420,https://doi.org/10.1097/brs.0000000000001922,,,0,0
https://openalex.org/w2132674374,https://doi.org/10.1213/ane.0b013e3181c3119e,,,0,0
https://openalex.org/w2103654260,https://doi.org/10.1002/nur.4770180505,,,0,0
https://openalex.org/w2259246008,https://doi.org/10.2147/ppa.s96991,,,0,0
https://openalex.org/w2105666003,https://doi.org/10.1097/01.jam.0000043419.51772.a3,,,0,0
https://openalex.org/w2945884799,https://doi.org/10.22038/ebcj.2019.37266.1961,,,0,0
https://openalex.org/w1717040394,https://doi.org/10.1111/j.1600-6143.2010.03358.x,,,0,0
https://openalex.org/w2118285407,https://doi.org/10.1016/j.nut.2012.12.016,,,0,0
https://openalex.org/w2066878080,https://doi.org/10.1007/bf03324862,,,0,0
https://openalex.org/w2069223322,https://doi.org/10.1007/s00540-011-1300-7,,,0,0
https://openalex.org/w1968251582,https://doi.org/10.1016/j.pmn.2011.03.004,,,0,0
https://openalex.org/w2527945455,https://doi.org/10.1186/s12871-016-0251-9,,,0,0
https://openalex.org/w2517734351,https://doi.org/10.1186/s12912-016-0175-1,,,0,0
https://openalex.org/w2101638417,https://doi.org/10.1016/j.jopan.2009.04.003,,,0,0
https://openalex.org/w2178587503,https://doi.org/10.1016/j.pmn.2015.08.003,,,0,0
https://openalex.org/w2087898305,https://doi.org/10.1016/j.ejvs.2005.06.009,,,0,0
https://openalex.org/w2904815418,https://doi.org/10.1016/j.pmn.2018.04.008,,,0,0
https://openalex.org/w1993123687,https://doi.org/10.1111/j.1365-2702.2009.03025.x,,,0,0
https://openalex.org/w2046132081,https://doi.org/10.1007/s40266-014-0222-0,,,0,0
https://openalex.org/w1892870470,https://doi.org/10.1111/j.1365-2648.2010.05402.x,,,0,0
https://openalex.org/w2059203669,https://doi.org/10.1016/j.jtcvs.2006.11.001,,,0,0
https://openalex.org/w2953672291,https://doi.org/10.1186/s13063-019-3511-4,,,0,0
https://openalex.org/w2110235567,https://doi.org/10.1016/s1089-9472(03)00131-x,,,0,1
https://openalex.org/w2793272548,https://doi.org/10.1177/2057158518754785,,,0,0
https://openalex.org/w2123059334,https://doi.org/10.1136/bmj.a1021,,,0,0
https://openalex.org/w2954157305,https://doi.org/10.1016/j.jpsychores.2019.109745,,,0,0
https://openalex.org/w2060520589,https://doi.org/10.1016/j.jpain.2012.05.009,,,0,0
https://openalex.org/w2189461338,https://doi.org/10.1002/central/cn-01722215/full'],,,0,0
https://openalex.org/w2906344920,,,,0,0
https://openalex.org/w2277449019,,,,0,1
https://openalex.org/w2111905387,https://doi.org/10.1001/archinte.166.9.1033,,,0,0
https://openalex.org/w2463421692,,,,0,0
https://openalex.org/w2065023321,https://doi.org/10.1016/s0305-4179(97)00788-2,,,0,0
https://openalex.org/w1989059421,https://doi.org/10.1016/s0304-3959(99)00239-0,,,0,0
https://openalex.org/w2013381900,https://doi.org/10.12968/bjon.2003.12.sup3.11433,,,0,0
https://openalex.org/w2125423456,https://doi.org/10.1016/j.burns.2009.06.193,,,0,1
https://openalex.org/w1983099188,https://doi.org/10.1111/j.1365-2648.2008.04644.x,,,0,0
https://openalex.org/w4229959733,https://doi.org/10.1186/isrctn11248599,,,0,0
https://openalex.org/w4236283861,https://doi.org/10.1111/j.1440-1754.2006.00799_1.x,,,0,0
https://openalex.org/w256404589,https://doi.org/10.1007/s00482-015-0001-9,,,0,0
https://openalex.org/w1981978880,https://doi.org/10.12968/bjon.2006.15.17.21904,,,0,0
https://openalex.org/w2163410679,https://doi.org/10.1016/j.apnr.2008.08.001,,,0,0
https://openalex.org/w1586460145,https://doi.org/10.1542/peds.95.5.709,,,0,0
https://openalex.org/w2290451389,https://doi.org/10.1111/jocn.13057,,,0,0
https://openalex.org/w1919902316,https://doi.org/10.1111/j.1365-2702.2011.04040.x,,,0,1
https://openalex.org/w118425535,,,,0,0
https://openalex.org/w2119250300,https://doi.org/10.1093/ageing/afs199,,,0,0
https://openalex.org/w2082011112,https://doi.org/10.1016/j.pmn.2011.09.003,,,0,0
https://openalex.org/w2766672800,https://doi.org/10.1111/jocn.14133,,,0,0
https://openalex.org/w2003461031,https://doi.org/10.12968/jowc.2007.16.5.27047,,,0,0
https://openalex.org/w58680746,https://doi.org/10.1155/2014/938352,,,0,0
https://openalex.org/w2324630826,https://doi.org/10.1097/00002508-200211000-00006,,,0,0
https://openalex.org/w2899800814,https://doi.org/10.1007/s11136-018-2041-y,,,0,0
https://openalex.org/w1604288537,,,,0,0
https://openalex.org/w2164597249,https://doi.org/10.1002/gps.2048,,,0,0
https://openalex.org/w1916130801,https://doi.org/10.1111/j.1365-2702.2007.02190.x,,,0,0
https://openalex.org/w1948261414,https://doi.org/10.1111/j.1365-2702.2011.03894.x,,,0,0
https://openalex.org/w2793082203,https://doi.org/10.1016/j.ctcp.2018.02.020,,,0,0
https://openalex.org/w1976861388,https://doi.org/10.1097/nnr.0b013e318298b0be,,,0,0
https://openalex.org/w1989474931,https://doi.org/10.1016/j.ejheart.2008.05.012,,,0,0
https://openalex.org/w3215757394,https://doi.org/10.1002/central/cn-01860482,,,0,0
https://openalex.org/w2883202853,https://doi.org/10.1097/tme.0000000000000203,,,0,0
https://openalex.org/w2039538263,https://doi.org/10.1046/j.1365-2648.2001.01875.x,,,0,0
https://openalex.org/w1891585045,,,,0,0
https://openalex.org/w1967444136,https://doi.org/10.1016/j.jpainsymman.2003.05.006,,,0,0
https://openalex.org/w2910383828,https://doi.org/10.3390/cancers11010079,,,0,1
https://openalex.org/w2557595304,https://doi.org/10.1016/j.physio.2016.10.305,,,0,0
https://openalex.org/w2419119793,,,,0,0
https://openalex.org/w1991599314,https://doi.org/10.1016/j.addbeh.2013.11.026,,,0,0
https://openalex.org/w2091772492,https://doi.org/10.1097/01376517-199606000-00005,,,0,0
https://openalex.org/w2023021760,https://doi.org/10.4038/slja.v18i1.1557,,,0,0
https://openalex.org/w39853340,https://doi.org/10.1002/central/cn-00749467/full'],,,0,0
https://openalex.org/w2075019212,https://doi.org/10.1053/jpan.2001.22594,,,0,0
https://openalex.org/w2147123403,https://doi.org/10.1016/j.pmn.2010.10.033,,,0,0
https://openalex.org/w2526975768,https://doi.org/10.1177/1357633x16670815,,,0,1
https://openalex.org/w2061116917,https://doi.org/10.12968/bjon.2014.23.sup10.s24,,,0,0
https://openalex.org/w1983037734,https://doi.org/10.1016/j.midw.2011.02.004,,,0,0
https://openalex.org/w2295398440,https://doi.org/10.1111/apa.13338,,,0,0
https://openalex.org/w2766153783,https://doi.org/10.1016/j.anr.2017.10.002,,,0,0
https://openalex.org/w2044505048,https://doi.org/10.1053/jpmn.2002.127178,,,0,0
https://openalex.org/w2767090216,https://doi.org/10.1542/peds.2017-1818,,,0,0
https://openalex.org/w2015589015,https://doi.org/10.1016/j.pmn.2008.09.004,,,0,0
https://openalex.org/w1999391768,https://doi.org/10.1016/j.jmpt.2008.06.012,,,0,0
https://openalex.org/w2394887210,https://doi.org/10.1016/j.ijnurstu.2016.05.004,,,0,0
https://openalex.org/w2915538501,https://doi.org/10.5958/0976-5506.2019.00077.9,,,0,1
https://openalex.org/w2093814871,https://doi.org/10.1016/s0016-5107(87)71678-2,,,0,0
https://openalex.org/w2073711051,https://doi.org/10.1097/mej.0000000000000080,,,0,0
https://openalex.org/w2415410329,https://doi.org/10.1177/0310057x0403200105,,,0,0
https://openalex.org/w1965587236,https://doi.org/10.3109/14767058.2013.784262,,,0,0
https://openalex.org/w2112548728,https://doi.org/10.1093/intqhc/14.1.39,,,0,0
https://openalex.org/w1996646858,https://doi.org/10.1016/j.jopan.2012.07.012,,,0,0
https://openalex.org/w4239390427,https://doi.org/10.1080/10376178.2014.11081929,,,0,0
https://openalex.org/w2089757364,https://doi.org/10.1097/00000542-199908000-00019,,,0,0
https://openalex.org/w2272381987,https://doi.org/10.1002/central/cn-00108333/full'],,,0,0
https://openalex.org/w2950809858,https://doi.org/10.1177/1474515119858826,,,0,0
https://openalex.org/w2791943788,https://doi.org/10.1186/s12873-018-0159-4,,,0,0
https://openalex.org/w1997477331,https://doi.org/10.1016/j.pmn.2011.01.002,,,0,0
https://openalex.org/w2152833864,https://doi.org/10.1046/j.1365-2702.2002.00608.x,,,0,0
https://openalex.org/w2621877995,https://doi.org/10.1016/j.ejon.2017.05.007,,,0,0
https://openalex.org/w1996386459,https://doi.org/10.1097/00003465-200311000-00010,,,0,0
https://openalex.org/w2055615342,https://doi.org/10.1089/jpm.2012.0487,,,0,0
https://openalex.org/w2070450674,https://doi.org/10.1016/j.wombi.2010.12.002,,,0,0
https://openalex.org/w2075763193,https://doi.org/10.1016/j.jana.2012.05.003,,,0,0
https://openalex.org/w2594227253,,,,0,0
https://openalex.org/w1536964710,https://doi.org/10.1111/j.1526-4637.2011.01324.x,,,0,0
https://openalex.org/w1979295553,https://doi.org/10.1089/acm.2006.12.535,,,0,0
https://openalex.org/w2032558331,https://doi.org/10.1016/j.cct.2014.05.005,,,0,0
https://openalex.org/w2155314912,https://doi.org/10.1177/089431849300600206,,,0,0
https://openalex.org/w3149448264,,,,0,0
https://openalex.org/w2154104263,https://doi.org/10.1186/1471-2318-12-59,,,0,0
https://openalex.org/w2059307891,https://doi.org/10.1097/01.aog.0000146290.10472.b3,,,0,0
https://openalex.org/w2089301665,,,,0,0
https://openalex.org/w1993006963,https://doi.org/10.1016/j.joon.2007.11.002,,,0,0
https://openalex.org/w2507964556,https://doi.org/10.1111/jocn.13530,,,0,0
https://openalex.org/w2043511699,https://doi.org/10.1111/j.1552-6909.2006.00066.x,,,0,0
https://openalex.org/w2084445700,https://doi.org/10.1111/opn.12045,,,0,0
https://openalex.org/w2136192799,https://doi.org/10.1093/humrep/deq037,,,0,0
https://openalex.org/w4255815948,https://doi.org/10.31525/ct1-nct04027322,,,0,0
https://openalex.org/w2786320508,https://doi.org/10.1016/j.apnr.2018.01.007,,,0,0
https://openalex.org/w2000260361,https://doi.org/10.1016/j.pmn.2012.08.010,,,0,0
https://openalex.org/w2607158498,https://doi.org/10.1177/1534734617701051,,,0,0
https://openalex.org/w2098805754,https://doi.org/10.1016/j.midw.2007.01.009,,,0,0
https://openalex.org/w2055501254,https://doi.org/10.1080/10903120600887072,,,0,0
https://openalex.org/w1984560924,https://doi.org/10.1016/j.ijnurstu.2013.11.001,,,0,0
https://openalex.org/w2059523377,https://doi.org/10.1371/journal.pone.0105900,,,0,0
https://openalex.org/w2015831551,https://doi.org/10.1016/j.pmn.2013.08.003,,,0,0
https://openalex.org/w4242661280,https://doi.org/10.31525/ct1-nct04006743,,,0,0
https://openalex.org/w1973373491,https://doi.org/10.1089/acm.2009.0558,,,0,0
https://openalex.org/w26430169,https://doi.org/10.1007/bf03259507,,,0,0
https://openalex.org/w2531999088,https://doi.org/10.1016/j.wombi.2016.09.010,,,0,0
https://openalex.org/w1549752385,https://doi.org/10.1002/j.1875-9114.1994.tb02823.x,,,0,0
https://openalex.org/w2045750418,https://doi.org/10.1111/j.1532-5415.2011.03698.x,,,0,0
https://openalex.org/w1978942748,https://doi.org/10.1007/s003910200005,,,0,0
https://openalex.org/w2078085969,https://doi.org/10.1016/0952-8180(96)00079-7,,,0,0
https://openalex.org/w4299589671,,,,0,0
https://openalex.org/w2087777937,https://doi.org/10.1188/05.cjon.211-218,,,0,0
https://openalex.org/w2416600519,https://doi.org/10.1002/central/cn-01097758/full'],,,0,0
https://openalex.org/w2804041593,https://doi.org/10.1016/j.pmn.2018.04.010,,,0,0
https://openalex.org/w2113382773,https://doi.org/10.1016/j.otohns.2007.06.726,,,0,0
https://openalex.org/w2765205755,https://doi.org/10.1016/j.pedn.2017.10.012,,,0,0
https://openalex.org/w2055293159,https://doi.org/10.1016/j.ijporl.2015.03.003,,,0,0
https://openalex.org/w2220534392,https://doi.org/10.1155/2010/528092,,,0,0
https://openalex.org/w4241412120,https://doi.org/10.1136/rapm-00115550-199722020-00008,,,0,0
https://openalex.org/w2140577909,https://doi.org/10.1046/j.1365-2648.2002.02147.x,,,0,1
https://openalex.org/w2040102408,https://doi.org/10.1002/gps.493,,,0,0
https://openalex.org/w2579310035,https://doi.org/10.1186/s12912-016-0196-9,,,0,0
https://openalex.org/w1802161029,https://doi.org/10.1002/14651858.cd010770.pub2,,,0,0
https://openalex.org/w2156814377,https://doi.org/10.1016/j.jopan.2009.10.013,,,0,0
https://openalex.org/w2787815465,https://doi.org/10.1016/j.jogc.2017.08.003,,,0,0
https://openalex.org/w2092364837,https://doi.org/10.1016/s0885-3924(96)00275-8,,,0,0
https://openalex.org/w2069004722,https://doi.org/10.1016/j.ienj.2014.07.010,,,0,0
https://openalex.org/w2966924437,https://doi.org/10.1111/jicd.12448,,,0,0
https://openalex.org/w2076341793,https://doi.org/10.1016/j.pain.2007.08.024,,,0,0
https://openalex.org/w2037034980,https://doi.org/10.1007/bf03010650,,,0,0
https://openalex.org/w2061235749,https://doi.org/10.3816/clc.2008.n.051,,,0,0
https://openalex.org/w2124222264,https://doi.org/10.1016/j.jamda.2005.06.003,,,0,0
https://openalex.org/w2883643898,https://doi.org/10.1007/s13187-018-1401-1,,,1,1
https://openalex.org/w2773992299,https://doi.org/10.1016/j.ctim.2017.12.005,,,0,0
https://openalex.org/w2170782249,https://doi.org/10.4037/ajcc2013284,,,0,0
https://openalex.org/w2102936621,https://doi.org/10.1097/00000542-199812000-00015,,,0,0
https://openalex.org/w4237028940,https://doi.org/10.1186/isrctn11875357,,,0,0
https://openalex.org/w2154652032,https://doi.org/10.1016/s0952-8180(99)00101-4,,,0,0
https://openalex.org/w3003039095,,,,0,0
https://openalex.org/w2047335238,https://doi.org/10.1093/bja/61.2.160,,,0,0
https://openalex.org/w2050226808,https://doi.org/10.1016/j.pmn.2013.07.001,,,0,0
https://openalex.org/w2047417695,https://doi.org/10.1016/j.jpainsymman.2004.08.018,,,0,0
https://openalex.org/w188606338,,,,0,0
https://openalex.org/w2566549970,https://doi.org/10.1007/s00482-016-0169-7,,,0,0
https://openalex.org/w2040120842,https://doi.org/10.1111/j.1365-2648.2006.03713.x,,,0,0
https://openalex.org/w2540908732,https://doi.org/10.1136/emermed-2016-206044,,,0,0
https://openalex.org/w2896537826,https://doi.org/10.1016/j.pmn.2018.07.010,,,0,0
https://openalex.org/w2903226103,https://doi.org/10.21037/atm.2018.11.27,,,0,0
https://openalex.org/w2914260070,https://doi.org/10.1016/j.apnr.2019.02.006,,,0,0
https://openalex.org/w2916323071,https://doi.org/10.1007/s00192-019-03895-z,,,0,0
https://openalex.org/w2335921015,https://doi.org/10.1016/j.pmn.2016.01.003,,,0,0
https://openalex.org/w1998670065,https://doi.org/10.1590/s0104-11692011000200002,,,0,0
https://openalex.org/w1488278893,https://doi.org/10.1002/14651858.cd009517.pub3,,,0,0
https://openalex.org/w2096514478,https://doi.org/10.1136/archdischild-2014-307478,,,0,0
https://openalex.org/w2136148014,https://doi.org/10.1136/emj.2008.067652,,,0,0
https://openalex.org/w1832183537,https://doi.org/10.1002/14651858.cd003526.pub3,,,0,0
https://openalex.org/w2897251139,https://doi.org/10.1016/j.jmig.2018.09.138,,,0,0
https://openalex.org/w2897750306,https://doi.org/10.1016/j.pmn.2018.07.009,,028-942-888-234-761,1,1
https://openalex.org/w2061790396,https://doi.org/10.1213/ane.0b013e3181cf9281,,,0,0
https://openalex.org/w2793890697,,,,0,0
https://openalex.org/w2063654035,https://doi.org/10.1097/sga.0b013e3182608fc1,,,0,1
https://openalex.org/w2073013163,https://doi.org/10.1111/j.1365-2648.2006.03725.x,,,0,0
https://openalex.org/w2493608292,https://doi.org/10.1016/j.archger.2016.07.004,,,0,0
https://openalex.org/w4241474681,https://doi.org/10.1186/isrctn21613721,,,0,0
https://openalex.org/w4388276178,,,,0,0
https://openalex.org/w4214629751,https://doi.org/10.1186/isrctn42557578,,,0,0
https://openalex.org/w2126317287,https://doi.org/10.12968/ijpn.2013.19.7.341,,,0,0
https://openalex.org/w1484474808,https://doi.org/10.1002/14651858.cd008435.pub3,,,0,0
https://openalex.org/w2789720913,https://doi.org/10.1111/jocn.14302,,009-440-460-776-966,1,1
https://openalex.org/w2755679862,https://doi.org/10.1024/1012-5302/a000575,,006-842-283-265-139,0,0
https://openalex.org/w1965485791,https://doi.org/10.1016/j.spinee.2011.01.031,,,0,0
https://openalex.org/w2259638458,https://doi.org/10.1111/jgs.13868,,,0,0
https://openalex.org/w2411613201,https://doi.org/10.17219/acem/34698,,,0,0
https://openalex.org/w2982059919,https://doi.org/10.1002/central/cn-00172962/full'],,,0,0
https://openalex.org/w2015464292,https://doi.org/10.1111/j.1547-5069.2000.00153.x,,,0,0
https://openalex.org/w2766713594,https://doi.org/10.1136/bmjopen-2016-015505,,,0,0
https://openalex.org/w2397651075,https://doi.org/10.7748/ncyp.28.4.81.s70,,,0,0
https://openalex.org/w2050124073,https://doi.org/10.1016/j.ijnurstu.2006.03.021,,,0,0
https://openalex.org/w2016171818,https://doi.org/10.1016/j.pmn.2013.11.002,,,0,0
https://openalex.org/w2021851314,https://doi.org/10.1097/ncc.0b013e3181ce5a1a,,,0,0
https://openalex.org/w407946625,https://doi.org/10.11909/j.issn.1671-5411.2015.03.017,,,0,0
https://openalex.org/w2747226248,https://doi.org/10.1007/s00134-017-4891-0,,,0,0
https://openalex.org/w2808920712,https://doi.org/10.7860/jcdr/2018/32786.11518,,,0,0
https://openalex.org/w2042554007,https://doi.org/10.4061/2010/343574,,,0,0
https://openalex.org/w1973179114,https://doi.org/10.1016/j.ejon.2012.05.005,,,0,0
https://openalex.org/w2602946064,https://doi.org/10.1002/central/cn-01306751/full'],,,0,1
https://openalex.org/w4242342960,https://doi.org/10.4103/nms.nms_5_17,,,0,1
https://openalex.org/w1964985438,https://doi.org/10.1007/bf02237123,,,0,0
https://openalex.org/w2413377890,,,,0,0
https://openalex.org/w2569843657,https://doi.org/10.1186/s13063-016-1739-9,,,0,0
https://openalex.org/w3148784891,https://doi.org/10.1002/central/cn-00680926/full'],,,0,0
https://openalex.org/w2428475940,https://doi.org/10.1002/central/cn-00107696/full'],,,0,0
https://openalex.org/w2020898097,https://doi.org/10.1097/eja.0b013e32833d91c3,,,0,0
https://openalex.org/w2153635050,https://doi.org/10.1080/16501970116887,,,0,0
https://openalex.org/w2153047032,https://doi.org/10.1111/j.1365-2702.2009.03113.x,,,0,0
https://openalex.org/w2282584290,https://doi.org/10.1093/oxfordjournals.annonc.a058765,,,0,0
https://openalex.org/w2956267944,https://doi.org/10.5958/0976-5506.2019.01435.9,,,0,0
https://openalex.org/w2084667095,https://doi.org/10.1016/j.ctim.2015.01.005,,,0,0
https://openalex.org/w2068966457,https://doi.org/10.1097/nan.0b013e3181f85628,,,0,0
https://openalex.org/w2092999029,https://doi.org/10.1016/j.jpainsymman.2007.12.020,,,0,0
https://openalex.org/w2049571755,https://doi.org/10.1111/j.1744-6155.2007.00110.x,,,0,0
https://openalex.org/w2107601733,https://doi.org/10.1136/acupmed-2012-010182,,,0,0
https://openalex.org/w2132346177,https://doi.org/10.1016/s2352-3018(15)00111-3,,,0,1
https://openalex.org/w4255786427,https://doi.org/10.31525/ct1-nct04039191,,,0,0
https://openalex.org/w2028378928,https://doi.org/10.1097/psy.0b013e3181970c1c,,,0,0
https://openalex.org/w1562159341,https://doi.org/10.1111/j.1744-1609.2011.00233.x,,,0,0
https://openalex.org/w1992226525,https://doi.org/10.1111/j.1399-6576.1994.tb03858.x,,,0,0
https://openalex.org/w2739686870,https://doi.org/10.1002/14651858.cd012744,,,0,0
https://openalex.org/w1497082223,https://doi.org/10.1111/j.1460-9592.2010.03427.x,,,0,0
https://openalex.org/w1540477289,https://doi.org/10.1007/s12630-009-9159-x,,,0,0
https://openalex.org/w2795494816,https://doi.org/10.4066/biomedicalresearch.29-17-3691,,,0,1
https://openalex.org/w2091654029,https://doi.org/10.1016/j.arthro.2008.02.003,,,0,0
https://openalex.org/w2394649701,https://doi.org/10.1177/082585979801400313,,,0,0
https://openalex.org/w2585095842,https://doi.org/10.1177/1054773816686262,,,0,0
https://openalex.org/w1997533359,https://doi.org/10.1038/nrneurol.2012.53,,,0,0
https://openalex.org/w1963535424,https://doi.org/10.1016/j.surge.2009.10.039,,,0,0
https://openalex.org/w2767838170,https://doi.org/10.1016/j.apmr.2017.10.018,,,0,0
https://openalex.org/w1822262449,https://doi.org/10.1111/j.1463-1318.2011.02550.x,,,0,0
https://openalex.org/w2121383476,https://doi.org/10.1111/j.1547-5069.2006.00081.x,,,0,0
https://openalex.org/w2548144688,https://doi.org/10.23736/s0375-9393.16.11103-4,,,0,0
https://openalex.org/w2031391739,https://doi.org/10.1097/00000539-200204000-00017,,,0,0
https://openalex.org/w2066654464,https://doi.org/10.1016/j.pmn.2011.07.002,,,0,0
https://openalex.org/w196345709,https://doi.org/10.1155/2009/343871,,,0,0
https://openalex.org/w2106187667,https://doi.org/10.1186/1749-8090-3-48,,,0,0
https://openalex.org/w2110166086,https://doi.org/10.5507/bp.2011.024,,,0,0
https://openalex.org/w2127512944,https://doi.org/10.2196/jmir.3235,,,0,0
https://openalex.org/w1829246344,https://doi.org/10.1111/j.1365-2702.2008.02361.x,,,0,0
https://openalex.org/w2024520615,https://doi.org/10.1191/0269216305pm930oa,,,0,0
https://openalex.org/w2771055810,https://doi.org/10.16948/zktipb.304443,,,0,0
https://openalex.org/w4234187426,https://doi.org/10.1200/jco.2014.32.15_suppl.tps652,,,0,0
https://openalex.org/w2016271781,https://doi.org/10.3109/00365521.2012.758766,,,0,0
https://openalex.org/w2146723009,https://doi.org/10.1016/s0161-4754(01)99423-0,,,0,0
https://openalex.org/w1589619458,https://doi.org/10.2165/00148581-200911020-00004,,,0,0
https://openalex.org/w2009659147,https://doi.org/10.7475/kjan.2012.24.4.417,,,0,0
https://openalex.org/w1991913176,https://doi.org/10.1016/j.pedn.2009.05.007,,,0,0
https://openalex.org/w2142643469,,,,0,0
https://openalex.org/w2038773908,https://doi.org/10.1097/ajp.0b013e3181b85f98,,,0,0
https://openalex.org/w2301632935,https://doi.org/10.1002/central/cn-01109899/full'],,,0,0
https://openalex.org/w2513697278,https://doi.org/10.1186/s12904-016-0151-2,,,0,0
https://openalex.org/w2122515167,https://doi.org/10.1007/s00520-014-2201-8,,,0,0
https://openalex.org/w1581005699,https://doi.org/10.1111/fct.12161,,,0,0
https://openalex.org/w2163190189,https://doi.org/10.1016/j.jcrc.2013.06.019,,,0,0
https://openalex.org/w2161321950,https://doi.org/10.1111/j.1475-6773.2008.00913.x,,,0,0
https://openalex.org/w2790793435,https://doi.org/10.4103/atmph.atmph_305_17,,,0,0
https://openalex.org/w2077511404,https://doi.org/10.1016/j.cct.2010.06.005,,,0,0
https://openalex.org/w2057364643,https://doi.org/10.1016/j.ijnurstu.2010.03.008,,,0,1
https://openalex.org/w4230351470,https://doi.org/10.31525/ct1-nct04102969,,,0,0
https://openalex.org/w2487557680,https://doi.org/10.1002/central/cn-01367712/full'],,,0,0
https://openalex.org/w2008583356,https://doi.org/10.1097/00001610-200511000-00006,,,0,0
https://openalex.org/w1989595291,https://doi.org/10.1016/j.jamda.2012.05.013,,,0,0
https://openalex.org/w2157134146,https://doi.org/10.1080/08964289.2015.1053426,,,0,0
https://openalex.org/w2099037522,https://doi.org/10.1016/s0897-1897(00)03835-0,,,0,0
https://openalex.org/w2048126472,https://doi.org/10.1097/00000542-199809000-00006,,,0,0
https://openalex.org/w2765393692,https://doi.org/10.1016/j.ijotn.2017.10.003,,,0,0
https://openalex.org/w2046376594,https://doi.org/10.1016/j.jpainsymman.2009.09.025,,,0,0
https://openalex.org/w2082233982,https://doi.org/10.1053/eujp.2001.0239,,,0,1
https://openalex.org/w2134092650,https://doi.org/10.1080/00221320109597486,,,0,0
https://openalex.org/w2008957326,https://doi.org/10.1016/j.vaccine.2012.08.006,,,0,0
https://openalex.org/w2141682056,https://doi.org/10.4040/jkan.2012.42.7.1009,,,0,0
https://openalex.org/w2508736479,https://doi.org/10.1186/s12916-016-0663-x,,,0,0
https://openalex.org/w1987173760,https://doi.org/10.1016/j.pmn.2011.08.002,,,0,0
https://openalex.org/w2062119589,https://doi.org/10.1016/0885-3924(94)00124-4,,,0,0
https://openalex.org/w2092319718,https://doi.org/10.1188/12.onf.568-577,,,0,0
https://openalex.org/w2765921655,,,,0,0
https://openalex.org/w2018594505,https://doi.org/10.3171/jns.2002.97.4.0803,,,0,0
https://openalex.org/w2920825275,https://doi.org/10.1097/njh.0000000000000510,,,0,0
https://openalex.org/w2018613937,https://doi.org/10.1097/01241398-199414060-00008,,,0,0
https://openalex.org/w4241172457,https://doi.org/10.31838/ijpr/2019.11.01.073,,,0,0
https://openalex.org/w1985657528,https://doi.org/10.1007/s12199-010-0170-1,,,0,0
https://openalex.org/w2604718554,https://doi.org/10.14260/jemds/2015/1005,,,0,0
https://openalex.org/w2279694646,https://doi.org/10.5958/0974-9357.2015.00169.5,,,0,0
https://openalex.org/w2789507257,https://doi.org/10.1002/msc.1241,,,0,0
https://openalex.org/w1479717129,,,,0,0
https://openalex.org/w2010380054,https://doi.org/10.1053/s1536-0903(03)00169-3,,,0,0
https://openalex.org/w2118915879,https://doi.org/10.1177/01939459922043767,,,0,0
https://openalex.org/w2009330257,https://doi.org/10.1177/1527154408327094,,,0,0
https://openalex.org/w2157115043,https://doi.org/10.1016/j.joca.2015.02.072,,,0,0
https://openalex.org/w2899595291,https://doi.org/10.18502/pbr.v4i2.215,,,0,0
https://openalex.org/w1964997611,https://doi.org/10.1056/nejm197802092980604,,,0,0
https://openalex.org/w2776009264,https://doi.org/10.4103/atmph.atmph_269_17,,,0,0
https://openalex.org/w2149359304,https://doi.org/10.1111/j.1365-2648.2009.05052.x,,,0,0
https://openalex.org/w2069037438,https://doi.org/10.1097/00000542-200003000-00028,,,0,0
https://openalex.org/w1969169717,https://doi.org/10.1590/s0104-11692012000500011,,,0,0
https://openalex.org/w2989051458,,,,0,0
https://openalex.org/w2603294042,https://doi.org/10.1111/papr.12575,,,0,0
https://openalex.org/w2018885636,https://doi.org/10.1016/j.midw.2012.11.011,,,0,0
https://openalex.org/w2120483414,https://doi.org/10.1016/j.burns.2007.01.005,,,0,0
https://openalex.org/w2115763186,https://doi.org/10.1111/j.1365-2648.2010.05513.x,,089-218-371-064-355,1,1
https://openalex.org/w2114796772,https://doi.org/10.1097/00003246-200212000-00003,,,0,0
https://openalex.org/w2234134817,,,,0,0
https://openalex.org/w2414051314,,,,0,0
https://openalex.org/w1969763767,https://doi.org/10.1186/1472-684x-11-2,,,0,0
https://openalex.org/w2108997062,https://doi.org/10.1136/jme.2008.025296,,,0,0
https://openalex.org/w1965062767,https://doi.org/10.1016/j.midw.2013.01.014,,,0,0
https://openalex.org/w2103761501,https://doi.org/10.1590/s1516-31802012000500015,,,0,0
https://openalex.org/w1544277770,https://doi.org/10.1007/bf03021528,,,0,0
https://openalex.org/w2120753670,https://doi.org/10.5812/ircmj.11502,,,0,0
https://openalex.org/w2003566480,https://doi.org/10.1097/brs.0b013e318145a74b,,,0,0
https://openalex.org/w2129601480,https://doi.org/10.1016/s0964-3397(03)00005-3,,,0,0
https://openalex.org/w2403537096,https://doi.org/10.1177/106002808702100412,,,0,0
https://openalex.org/w1985000367,https://doi.org/10.1054/brst.2002.0418,,,0,0
https://openalex.org/w2199461167,https://doi.org/10.1177/106002809603001104,,,0,0
https://openalex.org/w2018111808,https://doi.org/10.1007/s00534-010-0271-7,,,0,0
https://openalex.org/w2033142203,https://doi.org/10.1016/j.kim.2007.10.011,,,0,0
https://openalex.org/w2096715273,https://doi.org/10.1177/10547739922158232,,,0,0
https://openalex.org/w1714375491,https://doi.org/10.4040/jkan.2005.35.7.1325,,,0,0
https://openalex.org/w2085265699,https://doi.org/10.1016/j.pmn.2010.05.002,,,0,1
https://openalex.org/w2613149946,,,,0,0
https://openalex.org/w2291068770,https://doi.org/10.1097/ncc.0000000000000353,,,0,0
https://openalex.org/w1531231805,https://doi.org/10.1155/2004/686913,,,0,0
https://openalex.org/w1564375600,,,,0,1
https://openalex.org/w2016006997,https://doi.org/10.3310/hta19080,,,0,0
https://openalex.org/w2084180094,https://doi.org/10.1542/peds.2006-2510,,,0,0
https://openalex.org/w2086021006,https://doi.org/10.1111/j.1365-2648.2008.04712.x,,,0,0
https://openalex.org/w2074334411,https://doi.org/10.1097/ana.0b013e3181b7fef5,,,0,0
https://openalex.org/w2469467113,https://doi.org/10.1097/pec.0000000000000778,,,0,0
https://openalex.org/w2171462588,https://doi.org/10.1002/ejp.523,,,0,0
https://openalex.org/w2946924919,https://doi.org/10.1111/tbj.13349,,,0,0
https://openalex.org/w2930652591,https://doi.org/10.1111/jocn.14860,,,0,0
https://openalex.org/w2026379144,https://doi.org/10.1159/000321900,,,0,0
https://openalex.org/w2914932093,https://doi.org/10.1016/j.vaccine.2019.01.039,,,0,0
https://openalex.org/w2157912007,https://doi.org/10.1002/central/cn-00511317/full'],,,0,0
https://openalex.org/w1982281989,https://doi.org/10.1080/00140139.2011.583360,,,0,0
https://openalex.org/w2322539257,https://doi.org/10.1177/010740830302300110,,,0,0
https://openalex.org/w2096313093,https://doi.org/10.1093/sw/52.4.321,,,0,0
https://openalex.org/w2543422583,https://doi.org/10.1188/16.onf.725-732,,,0,0
https://openalex.org/w2949915901,https://doi.org/10.24875/gmm.19005136,,,0,0
https://openalex.org/w2159135714,https://doi.org/10.1016/s0885-3924(98)00034-7,,,0,0
https://openalex.org/w2062860688,https://doi.org/10.1155/2014/752318,,,0,0
https://openalex.org/w4236033360,https://doi.org/10.31525/ct1-nct03976297,,,0,0
https://openalex.org/w2016184376,https://doi.org/10.1055/s-2002-20105,,,0,0
https://openalex.org/w840814184,,,,0,0
https://openalex.org/w1977010685,https://doi.org/10.1111/j.1399-6576.1998.tb05280.x,,,0,0
https://openalex.org/w2078845802,https://doi.org/10.1016/j.nedt.2013.01.006,,,0,0
https://openalex.org/w2155029344,https://doi.org/10.1111/j.1460-9592.2010.03394.x,,,0,0
https://openalex.org/w2338888536,https://doi.org/10.1002/bjs.10154,,,0,0
https://openalex.org/w591116886,,,,0,0
https://openalex.org/w2112389120,https://doi.org/10.1111/j.1365-2702.2006.01272.x,,,0,0
https://openalex.org/w3022749503,https://doi.org/10.1002/central/cn-01719806/full'],,,0,0
https://openalex.org/w2907470092,https://doi.org/10.5812/ircmj.61469,,,0,0
https://openalex.org/w2169204808,https://doi.org/10.1016/j.pmn.2007.11.004,,,0,0
https://openalex.org/w2165305976,https://doi.org/10.1111/j.1365-2648.1996.tb03132.x,,,0,0
https://openalex.org/w2013361505,https://doi.org/10.3109/02844319109020629,,,0,0
https://openalex.org/w2060908977,https://doi.org/10.1163/156856901753702447,,,0,0
https://openalex.org/w1854099444,https://doi.org/10.1186/s13012-015-0310-5,,,0,0
https://openalex.org/w2152042814,https://doi.org/10.1136/thx.2003.019836,,,0,0
https://openalex.org/w1995611952,https://doi.org/10.1046/j.1523-5394.1999.76007.x,,,0,0
https://openalex.org/w2919501482,https://doi.org/10.1097/njh.0000000000000507,,,0,0
https://openalex.org/w2982073140,https://doi.org/10.1002/central/cn-01645374/full'],,,0,0
https://openalex.org/w1538960548,https://doi.org/10.1111/j.1365-2702.2010.03300.x,,,0,0
https://openalex.org/w2030445729,https://doi.org/10.1016/s1474-5151(03)00027-6,,,0,0
https://openalex.org/w1985496993,https://doi.org/10.1016/j.eujim.2011.08.007,,,0,0
https://openalex.org/w1923400455,https://doi.org/10.1186/s12885-015-1428-1,,,0,0
https://openalex.org/w1971191972,https://doi.org/10.1017/s1478951503030037,,,0,0
https://openalex.org/w2068688273,https://doi.org/10.1016/j.acpain.2005.11.001,,,0,0
https://openalex.org/w2086105467,https://doi.org/10.1188/13.onf.549-557,,,0,0
https://openalex.org/w76823681,,,,0,0
https://openalex.org/w2080821235,https://doi.org/10.1016/j.gie.2008.02.092,,,0,0
https://openalex.org/w2802717932,https://doi.org/10.1016/j.pmn.2018.01.001,,,0,0
https://openalex.org/w4251356972,https://doi.org/10.1186/isrctn15759273,,,0,0
https://openalex.org/w2197846757,https://doi.org/10.1002/central/cn-01721357/full'],,,0,0
https://openalex.org/w1972600468,https://doi.org/10.1089/jpm.2005.8.576,,,0,0
https://openalex.org/w1858031200,https://doi.org/10.1097/00007632-199610150-00005,,,0,0
https://openalex.org/w2810889564,https://doi.org/10.1186/s12913-018-3301-9,,,0,0
https://openalex.org/w2169060212,https://doi.org/10.1186/s13063-015-0846-3,,,0,0
https://openalex.org/w2120381750,https://doi.org/10.1016/j.pec.2007.09.018,,,0,0
https://openalex.org/w2047327572,https://doi.org/10.1016/s0099-1767(97)90276-2,,,0,0
https://openalex.org/w1588169323,https://doi.org/10.1111/j.1365-2702.2010.03260.x,,,0,1
https://openalex.org/w2000639259,https://doi.org/10.1016/j.jpain.2012.01.371,,,0,0
https://openalex.org/w2411763813,https://doi.org/10.1177/1403494816653668,,,0,0
https://openalex.org/w1982408316,https://doi.org/10.1016/s1068-607x(98)00131-0,,,0,0
https://openalex.org/w2058392982,https://doi.org/10.1185/030079907x233188,,,0,0
https://openalex.org/w2060081230,https://doi.org/10.1016/j.ijnurstu.2011.09.017,,,0,0
https://openalex.org/w2605856145,https://doi.org/10.1002/pbc.26554,,,0,0
https://openalex.org/w1973504388,https://doi.org/10.1016/j.jpainsymman.2006.10.021,,,0,0
https://openalex.org/w1531294781,https://doi.org/10.1111/j.1365-2648.2004.03027.x,,,0,0
https://openalex.org/w4233850584,https://doi.org/10.31525/ct1-nct04020601,,,0,0
https://openalex.org/w2051496168,https://doi.org/10.1177/0193945909348009,,,0,1
https://openalex.org/w2404094818,https://doi.org/10.1002/central/cn-00062115/full'],,,0,0
https://openalex.org/w2573877562,https://doi.org/10.1016/j.jpainsymman.2016.12.053,,,0,0
https://openalex.org/w1983200445,https://doi.org/10.1016/0885-3924(94)00126-6,,,0,0
https://openalex.org/w1966374656,https://doi.org/10.1016/j.spinee.2013.08.028,,,0,0
https://openalex.org/w2160038208,https://doi.org/10.1186/1745-6215-10-92,,,0,0
https://openalex.org/w2135165648,https://doi.org/10.1111/j.1365-2702.2011.03955.x,,,0,0
https://openalex.org/w1997434265,https://doi.org/10.1097/01.ajp.0000210921.10912.47,,,0,0
https://openalex.org/w1490791143,,,,0,0
https://openalex.org/w2069943880,https://doi.org/10.1200/jco.2006.07.9038,,,0,0
https://openalex.org/w2910329483,https://doi.org/10.1016/j.jamda.2018.11.006,,,0,0
https://openalex.org/w2918868366,https://doi.org/10.1097/nnr.0000000000000336,,,0,1
https://openalex.org/w2947282384,https://doi.org/10.1200/jco.2019.37.15_suppl.tps11635,,,0,0
https://openalex.org/w2337698719,https://doi.org/10.1016/j.pmn.2016.02.052,,,0,0
https://openalex.org/w1582221013,https://doi.org/10.1177/1715163513490400,,068-645-329-991-15X,0,0
https://openalex.org/w2016044263,https://doi.org/10.1097/00006199-199901000-00006,,,0,0
https://openalex.org/w2040107196,https://doi.org/10.1016/s1524-9042(03)00027-4,,,0,0
https://openalex.org/w2142821298,https://doi.org/10.1186/1472-6963-11-233,,,0,0
https://openalex.org/w1592227907,https://doi.org/10.11124/jbisrir-2013-608,,,0,0
https://openalex.org/w2073501246,https://doi.org/10.1016/j.regg.2009.10.012,,,0,0
https://openalex.org/w4231269906,https://doi.org/10.2165/00126839-200607060-00006,,,0,0
https://openalex.org/w2908291311,https://doi.org/10.1016/j.jpainsymman.2018.12.334,,,0,0
https://openalex.org/w1755489631,https://doi.org/10.1016/s0015-0282(16)56990-8,,,0,0
https://openalex.org/w2099564906,https://doi.org/10.1136/archdischild-2013-305031,,,0,0
https://openalex.org/w2021496432,https://doi.org/10.1590/s0104-11692013000500007,,,0,0
https://openalex.org/w1998184207,https://doi.org/10.1016/j.jpainsymman.2013.04.005,,,0,0
https://openalex.org/w2064452626,https://doi.org/10.1016/j.jpainsymman.2013.07.013,,,0,0
https://openalex.org/w2988027533,https://doi.org/10.25258/ijpcr.v9i7.8782,,,0,0
https://openalex.org/w2344731214,https://doi.org/10.1155/2016/9704185,,,0,0
https://openalex.org/w1983411801,https://doi.org/10.1016/j.pmn.2012.12.006,,,0,0
https://openalex.org/w2802914359,https://doi.org/10.1016/j.jopan.2017.12.009,,,0,0
https://openalex.org/w2398031453,https://doi.org/10.1371/journal.pone.0156220,,,0,0
https://openalex.org/w2043695453,https://doi.org/10.1111/j.1365-2044.2005.04435.x,,,0,0
https://openalex.org/w2751512295,https://doi.org/10.2147/jpr.s139106,,,0,0
https://openalex.org/w94492221,,,,0,0
https://openalex.org/w2573399950,https://doi.org/10.3928/00989134-20170111-09,,,0,0
https://openalex.org/w1973992965,https://doi.org/10.1211/fact.2008.0004,,,0,0
https://openalex.org/w2076043451,https://doi.org/10.1111/j.1365-2648.2005.03499.x,,,0,0
https://openalex.org/w2565769920,https://doi.org/10.1002/central/cn-01054063/full'],,,0,0
https://openalex.org/w2782231085,,,,0,1
https://openalex.org/w2602604395,https://doi.org/10.1016/j.pmn.2017.01.003,,,0,0
https://openalex.org/w2085455384,https://doi.org/10.1177/1471301215583391,,,0,0
https://openalex.org/w2045194019,https://doi.org/10.1016/j.pedn.2007.07.004,,,0,0
https://openalex.org/w1537711085,,,,0,0
https://openalex.org/w1624833955,https://doi.org/10.1111/j.1365-2702.2010.03356.x,,,0,0
https://openalex.org/w2151638386,https://doi.org/10.1016/j.jradnu.2008.10.002,,,0,0
https://openalex.org/w2398891616,https://doi.org/10.2340/16501977-2012,,,0,0
https://openalex.org/w2137739158,https://doi.org/10.1016/j.annemergmed.2003.11.019,,,0,0
https://openalex.org/w2781264818,https://doi.org/10.1002/gps.4839,,,0,0
https://openalex.org/w2773339312,https://doi.org/10.1016/j.pmn.2017.09.005,,,0,0
https://openalex.org/w2802133867,https://doi.org/10.1136/bmjopen-2017-019052,,,0,0
https://openalex.org/w2889855849,https://doi.org/10.4103/nms.nms_34_17,,,0,1
https://openalex.org/w2794369840,https://doi.org/10.1016/j.ctcp.2018.03.013,,,0,0
https://openalex.org/w1758375661,https://doi.org/10.1177/2165079915571355,,,0,0
https://openalex.org/w2414838566,https://doi.org/10.1002/central/cn-00256345/full'],,,0,0
https://openalex.org/w1996578341,https://doi.org/10.1111/j.1399-6576.1996.tb04514.x,,,0,0
https://openalex.org/w2068221969,https://doi.org/10.1188/14.cjon.e45-e49,,,0,0
https://openalex.org/w2624192213,https://doi.org/10.1016/j.apnr.2017.06.006,,,0,0
https://openalex.org/w2021570579,https://doi.org/10.1097/00002820-200304000-00004,,,0,0
https://openalex.org/w2414103050,https://doi.org/10.1002/central/cn-00840121/full'],,,0,0
https://openalex.org/w4255154074,https://doi.org/10.31525/ct1-nct03909607,,,0,0
https://openalex.org/w2555810415,https://doi.org/10.1111/apa.13666,,,0,0
https://openalex.org/w2082200118,https://doi.org/10.1111/jan.12659,,,0,0
https://openalex.org/w2211638330,,,,0,0
https://openalex.org/w2789436384,https://doi.org/10.1136/bmjopen-2016-015461,,,0,0
https://openalex.org/w2004710244,https://doi.org/10.1590/s0104-11692002000500005,,,0,0
https://openalex.org/w2983749432,https://doi.org/10.1097/jcma.0000000000000220,,,0,0
https://openalex.org/w2037432751,https://doi.org/10.1080/00207144.2011.594737,,,0,0
https://openalex.org/w2169783268,https://doi.org/10.1093/bja/aei237,,,0,0
https://openalex.org/w2520533345,https://doi.org/10.1016/j.cct.2016.09.002,,,0,0
https://openalex.org/w2050043998,https://doi.org/10.1002/1097-4679(196310)19:4<406::aid-jclp2270190409>3.0.co;2-0,,,0,0
https://openalex.org/w4232123991,https://doi.org/10.31525/ct1-nct04081493,,,0,0
https://openalex.org/w2088875894,https://doi.org/10.1111/j.1365-2044.1993.tb06784.x,,,0,0
https://openalex.org/w2606571732,https://doi.org/10.1097/hnp.0000000000000205,,,0,0
https://openalex.org/w2112605327,https://doi.org/10.1002/14651858.cd006142.pub2,,,0,0
https://openalex.org/w2753199914,https://doi.org/10.1016/j.ijnurstu.2017.08.009,,,0,0
https://openalex.org/w2067050718,https://doi.org/10.1053/eujp.2001.0264,,,0,0
https://openalex.org/w2281572170,https://doi.org/10.1155/2015/345432,,,0,0
https://openalex.org/w44243657,,,,0,0
https://openalex.org/w2015177461,https://doi.org/10.1016/j.ijnurstu.2006.04.002,,,0,0
https://openalex.org/w2012878849,https://doi.org/10.1097/01.ncc.0000305725.65345.f3,,,0,0
https://openalex.org/w2338282287,https://doi.org/10.2174/2213476x03666160303215315,,,0,0
https://openalex.org/w1882297362,https://doi.org/10.1590/s0104-11692005000200014,,,0,0
https://openalex.org/w1850458446,https://doi.org/10.4037/ajcc2000.9.2.87,,,0,0
https://openalex.org/w4245362645,https://doi.org/10.1213/00000539-199804000-00019,,,0,0
https://openalex.org/w2169446629,https://doi.org/10.1111/j.1365-2648.2008.04940.x,,,0,0
https://openalex.org/w1600032554,https://doi.org/10.1111/j.1365-2702.2011.04032.x,,053-275-723-207-378,1,1
https://openalex.org/w2023049866,https://doi.org/10.1097/ncc.0b013e318299ad23,,,0,0
https://openalex.org/w4233989959,https://doi.org/10.3109/15360281003799353,,,0,0
https://openalex.org/w1986405698,https://doi.org/10.1016/j.jpainsymman.2008.12.004,,,0,0
https://openalex.org/w2130119937,https://doi.org/10.1186/1748-5908-6-126,,,0,0
https://openalex.org/w1970029167,https://doi.org/10.1016/j.jpainsymman.2008.04.017,,,0,0
https://openalex.org/w1978934971,https://doi.org/10.1111/j.1547-5069.2002.00257.x,,,0,0
https://openalex.org/w2561186204,https://doi.org/10.1002/central/cn-01628175/full'],,,0,0
https://openalex.org/w2970286822,https://doi.org/10.4103/iahs.iahs_10_19,,,0,0
https://openalex.org/w2612474533,https://doi.org/10.1177/0269216317705100,,,0,0
https://openalex.org/w2761950676,,,,0,0
https://openalex.org/w4411611425,https://doi.org/10.1186/isrctn10330683,,,0,0
https://openalex.org/w2151178936,https://doi.org/10.1542/peds.112.1.116,,,0,0
https://openalex.org/w2136166300,https://doi.org/10.6004/jadpro.2013.4.6.4,,,0,0
https://openalex.org/w2113009321,https://doi.org/10.1016/j.pmn.2015.06.010,,,0,0
https://openalex.org/w2035750123,https://doi.org/10.1016/j.fertnstert.2012.07.419,,,0,0
https://openalex.org/w2134126201,https://doi.org/10.1136/aim.25.3.65,,,0,0
https://openalex.org/w2045890076,https://doi.org/10.1016/s0885-3924(02)00385-8,,,0,0
https://openalex.org/w2319389872,https://doi.org/10.1097/nan.0b013e31824241cc,,,0,0
https://openalex.org/w2586854359,https://doi.org/10.1016/j.chiabu.2017.02.002,,,0,0
https://openalex.org/w2117297043,https://doi.org/10.1186/s12913-015-1147-y,,,0,0
https://openalex.org/w2009858446,https://doi.org/10.1016/j.amjcard.2003.09.024,,,0,0
https://openalex.org/w2094397957,https://doi.org/10.1097/ajp.0b013e31818ecc52,,,0,0
https://openalex.org/w1467860274,https://doi.org/10.1089/lap.2013.0397,,,0,0
https://openalex.org/w2952727562,https://doi.org/10.1136/bmjopen-2018-025971,,,0,0
https://openalex.org/w2083708743,https://doi.org/10.1016/j.pmn.2010.07.008,,,0,0
https://openalex.org/w44519025,https://doi.org/10.1002/central/cn-00067221/full'],,,0,0
https://openalex.org/w2991796302,,,,0,0
https://openalex.org/w2121565819,https://doi.org/10.1038/sj.bjc.6604811,,,0,0
https://openalex.org/w2400161753,https://doi.org/10.1097/nmc.0b013e31825a8aa5,,,0,0
https://openalex.org/w2065387490,https://doi.org/10.1016/j.pain.2009.08.027,,,0,0
https://openalex.org/w4247229046,https://doi.org/10.1186/isrctn68236655,,,0,0
https://openalex.org/w2586076626,https://doi.org/10.1111/den.12841,,,0,0
https://openalex.org/w2765441270,https://doi.org/10.1093/pm/pnx220,,,0,0
https://openalex.org/w2791918067,https://doi.org/10.1111/apa.14242,,,0,0
https://openalex.org/w2011895215,https://doi.org/10.1111/j.1399-6576.1994.tb03902.x,,,0,0
https://openalex.org/w2191491938,https://doi.org/10.1016/j.pedn.2015.07.010,,,0,0
https://openalex.org/w2319021768,https://doi.org/10.1080/10376178.2016.1166971,,,0,0
https://openalex.org/w2763463550,https://doi.org/10.1111/jan.13478,,,0,0
https://openalex.org/w2804129054,https://doi.org/10.1016/j.jradnu.2018.04.002,,,0,0
https://openalex.org/w2779270731,https://doi.org/10.1159/000485745,,,0,0
https://openalex.org/w2400822111,https://doi.org/10.1097/anc.0000000000000267,,,0,0
https://openalex.org/w2058038720,https://doi.org/10.1007/s10549-006-9365-y,,,0,0
https://openalex.org/w2619532883,https://doi.org/10.4103/0259-1162.206855,,,0,0
https://openalex.org/w2130384302,https://doi.org/10.1093/sleep/25.3.351,,,0,0
https://openalex.org/w2015995074,https://doi.org/10.1111/j.1466-7657.2004.00401.x,,,0,0
https://openalex.org/w2069060923,https://doi.org/10.1111/j.1365-2648.2005.03573.x,,,0,0
https://openalex.org/w2406881781,,,,0,0
https://openalex.org/w2153163403,https://doi.org/10.1186/1471-2318-11-38,,,0,0
https://openalex.org/w2000412239,https://doi.org/10.1016/j.jtcvs.2012.04.027,,,0,0
https://openalex.org/w1980110414,https://doi.org/10.2519/jospt.2014.5009,,,0,0
https://openalex.org/w1992767025,https://doi.org/10.1097/00012272-200701000-00015,,,0,0
https://openalex.org/w2240688186,https://doi.org/10.1142/s0218957715500086,,,0,0
https://openalex.org/w2146947767,https://doi.org/10.1016/j.ijnurstu.2011.08.008,,,0,0
https://openalex.org/w2019816031,https://doi.org/10.1097/00000542-200203000-00004,,,0,0
https://openalex.org/w116993026,https://doi.org/10.1007/s12630-013-9976-9,,,0,0
https://openalex.org/w2782516825,https://doi.org/10.1055/s-0037-1615276,,,0,0
https://openalex.org/w1977132441,https://doi.org/10.1016/j.ijnurstu.2011.09.013,,,0,0
https://openalex.org/w1977020242,https://doi.org/10.1016/s1031-170x(96)80018-3,,,0,0
https://openalex.org/w2345898431,,,,0,0
https://openalex.org/w3007935853,,,,0,1
https://openalex.org/w2970734732,https://doi.org/10.1111/jspn.12270,,,0,0
https://openalex.org/w132222515,https://doi.org/10.1002/central/cn-00049813/full'],,,0,0
https://openalex.org/w2020156389,https://doi.org/10.4102/curationis.v25i4.801,,,0,0
https://openalex.org/w2140248565,https://doi.org/10.1016/j.jen.2015.02.012,,,0,0
https://openalex.org/w2051201491,https://doi.org/10.1016/j.ejvs.2010.02.022,,,0,0
https://openalex.org/w2767751681,https://doi.org/10.1002/lio2.121,,,0,0
https://openalex.org/w2380699866,https://doi.org/10.1097/anc.0000000000000262,,,0,0
https://openalex.org/w1996678952,https://doi.org/10.1016/s0891-5245(98)90206-1,,,0,0
https://openalex.org/w2130061655,https://doi.org/10.1089/jmf.2010.0150,,,0,0
https://openalex.org/w1570791838,,,,0,0
https://openalex.org/w2528599181,https://doi.org/10.4314/tjpr.v15i9.31,,,0,0
https://openalex.org/w2415156172,,,,0,0
https://openalex.org/w1995124159,https://doi.org/10.1053/j.sempedsurg.2008.07.007,,,0,0
https://openalex.org/w2089757288,https://doi.org/10.1002/j.2048-7940.2005.tb00111.x,,,0,0
https://openalex.org/w2083087083,https://doi.org/10.1046/j.1365-2648.2002.02083.x,,,0,0
https://openalex.org/w2946560653,https://doi.org/10.7897/2230-8407.1004137,,,0,1
https://openalex.org/w2079407519,https://doi.org/10.1207/s15326888chc2902_2,,,0,0
https://openalex.org/w2396813986,,,,0,0
https://openalex.org/w4205949231,https://doi.org/10.1186/isrctn92707862,,,0,0
https://openalex.org/w228501780,,,,0,0
https://openalex.org/w2072325558,https://doi.org/10.1097/00006416-200409000-00012,,,0,0
https://openalex.org/w2329955565,https://doi.org/10.7178/jig.116,,,0,0
https://openalex.org/w2893681004,https://doi.org/10.1177/1357633x18802978,,,0,0
https://openalex.org/w4301913455,https://doi.org/10.48029/nji.2018.cix103,,,0,0
https://openalex.org/w2025551299,https://doi.org/10.1016/j.earlhumdev.2005.09.012,,,0,0
https://openalex.org/w2081249319,https://doi.org/10.1016/j.ijnurstu.2005.11.016,,,0,0
https://openalex.org/w4255965381,https://doi.org/10.1213/00000539-199807000-00004,,,0,0
https://openalex.org/w2524165754,https://doi.org/10.1159/000448806,,,0,0
https://openalex.org/w2095618468,https://doi.org/10.1016/j.ejcnurse.2011.03.003,,,0,0
https://openalex.org/w1552260928,https://doi.org/10.1111/nicc.12026,,,0,0
https://openalex.org/w2092704877,https://doi.org/10.1097/ajp.0b013e318156d921,,,0,0
https://openalex.org/w2978880611,https://doi.org/10.4040/jkan.2005.35.1.186,,,0,0
https://openalex.org/w2586759495,https://doi.org/10.1111/jocn.13751,,,0,0
https://openalex.org/w2802670992,https://doi.org/10.23750/abm.v89i4-s.7055,,,0,0
https://openalex.org/w1496245848,https://doi.org/10.1111/j.1365-2702.2011.03784.x,,,0,0
https://openalex.org/w2531766939,https://doi.org/10.1111/jan.13182,,,0,0
https://openalex.org/w2057676113,https://doi.org/10.1097/ajp.0b013e31822be973,,081-893-642-839-852,1,1
https://openalex.org/w2801184738,https://doi.org/10.1177/0269216318773878,,,0,0
https://openalex.org/w2039462222,https://doi.org/10.1097/nmc.0b013e3181cae7ad,,,0,0
https://openalex.org/w2044028563,https://doi.org/10.1080/00029157.1989.10402884,,,0,0
https://openalex.org/w2398090965,,,,0,0
https://openalex.org/w4254128487,https://doi.org/10.31525/ct1-nct03882541,,,0,0
https://openalex.org/w2054789034,https://doi.org/10.1097/anc.0b013e318210d043,,,0,0
https://openalex.org/w2291053727,https://doi.org/10.1155/2011/198703,,,0,0
https://openalex.org/w1985159678,https://doi.org/10.1016/j.jamda.2014.07.002,,,0,0
https://openalex.org/w1992173037,https://doi.org/10.1016/j.ejon.2012.08.002,,,0,0
https://openalex.org/w2751178159,https://doi.org/10.11569/wcjd.v25.i25.2296,,,0,0
https://openalex.org/w2014085299,https://doi.org/10.1016/s0882-5963(99)80074-8,,,0,0
https://openalex.org/w1581750950,https://doi.org/10.1111/j.1552-6909.2012.01424.x,,,0,1
https://openalex.org/w2140170285,https://doi.org/10.1016/j.jpainsymman.2010.04.019,,,0,0
https://openalex.org/w1998294252,https://doi.org/10.1097/00006199-196716040-00010,,,0,0
https://openalex.org/w2731020623,https://doi.org/10.1002/central/cn-01394984/full'],,,0,1
https://openalex.org/w2979438348,https://doi.org/10.3310/hta23560,,,0,0
https://openalex.org/w2520894846,https://doi.org/10.1055/s-2005-921192,,,0,0
https://openalex.org/w2957952233,https://doi.org/10.5958/0976-5506.2019.01396.2,,,0,0
https://openalex.org/w2508313445,https://doi.org/10.1097/pcc.0000000000000904,,,0,0
https://openalex.org/w2028208555,https://doi.org/10.1111/j.1524-475x.2004.04045.x,,,0,0
https://openalex.org/w2615174148,https://doi.org/10.1002/central/cn-01068094/full'],,,0,0
https://openalex.org/w1857352754,https://doi.org/10.1111/j.1526-4637.2012.01405.x,,,0,0
https://openalex.org/w2108961155,https://doi.org/10.1177/2049463714553312,,,0,0
https://openalex.org/w2768923143,https://doi.org/10.1016/j.pmn.2017.09.006,,047-046-866-502-730,1,1
https://openalex.org/w4231031001,https://doi.org/10.11569/wcjd.v23.i13.2149,,,0,1
https://openalex.org/w210387780,https://doi.org/10.1177/0310057x9202000108,,,0,0
https://openalex.org/w2315684177,https://doi.org/10.1080/15360280802251298,,,0,0
https://openalex.org/w4236286633,https://doi.org/10.1308/rcsann.2013.95.8.545,,,0,0
https://openalex.org/w2060446690,https://doi.org/10.1016/0952-8180(94)90115-5,,,0,0
https://openalex.org/w2043358111,https://doi.org/10.1089/end.2011.0465,,,0,0
https://openalex.org/w2260944875,https://doi.org/10.1016/j.fertnstert.2015.07.562,,,0,0
https://openalex.org/w2098907038,https://doi.org/10.1080/02688690903100595,,,0,0
https://openalex.org/w2147679020,https://doi.org/10.1177/0969733011398093,,,0,0
https://openalex.org/w2086574640,https://doi.org/10.1097/jgp.0b013e3180325a2d,,,0,0
https://openalex.org/w1972558157,https://doi.org/10.1891/1541-6577.28.4.335,,,0,0
https://openalex.org/w2102489966,,,,0,0
https://openalex.org/w2982565448,https://doi.org/10.1136/bmjopen-2019-031142,,,0,0
https://openalex.org/w1964151114,https://doi.org/10.12659/msm.881983,,,0,0
https://openalex.org/w2129322795,https://doi.org/10.1007/s10926-009-9162-7,,,0,0
https://openalex.org/w2410748872,https://doi.org/10.1007/bf03022623,,,0,0
https://openalex.org/w1983086595,https://doi.org/10.1097/nnr.0b013e3182001c63,,,0,0
https://openalex.org/w4235635826,https://doi.org/10.31525/ct1-nct03909516,,,0,0
https://openalex.org/w2565763191,https://doi.org/10.1093/annonc/mdv345.08,,,0,0
https://openalex.org/w2151907103,https://doi.org/10.1111/jjns.12065,,,0,0
https://openalex.org/w1996714690,https://doi.org/10.1053/jpdn.2002.126714,,,0,0
https://openalex.org/w2324881013,https://doi.org/10.1097/anc.0b013e318235c1ff,,,0,0
https://openalex.org/w81809590,,,,0,0
https://openalex.org/w4239475543,https://doi.org/10.1007/s11739-018-02014-y,,,0,0
https://openalex.org/w2511294276,https://doi.org/10.1093/pm/pnw195,,,0,0
https://openalex.org/w2906232610,https://doi.org/10.1016/j.spinee.2018.12.013,,,0,0
https://openalex.org/w2169280954,https://doi.org/10.1046/j.1365-2648.1998.00538.x,,,0,0
https://openalex.org/w2179853787,https://doi.org/10.1016/j.jpain.2015.10.016,,,0,0
https://openalex.org/w147056344,https://doi.org/10.1002/central/cn-00297945/full'],,,0,0
https://openalex.org/w2064242869,https://doi.org/10.1002/central/cn-00047804/full'],,,0,0
https://openalex.org/w2464789372,https://doi.org/10.1155/2019/2703579,,,0,0
https://openalex.org/w2113000808,https://doi.org/10.1016/j.jpain.2015.01.023,,,0,0
https://openalex.org/w2105822977,https://doi.org/10.1007/s00586-003-0609-9,,,0,0
https://openalex.org/w2756410162,https://doi.org/10.1007/s00520-017-3877-3,,,0,0
https://openalex.org/w2313357327,https://doi.org/10.5505/agri.2014.41103,,010-925-438-020-135,0,0
https://openalex.org/w2121346762,https://doi.org/10.1089/107555303321222964,,,0,1
https://openalex.org/w1967775978,https://doi.org/10.1016/s0266-6138(88)80024-x,,,0,0
https://openalex.org/w1902925997,https://doi.org/10.1016/j.pmn.2015.08.006,,,0,0
https://openalex.org/w1486868605,https://doi.org/10.1046/j.1464-410x.1999.00894.x,,,0,0
https://openalex.org/w2509069782,https://doi.org/10.1016/j.jpainsymman.2016.07.004,,,0,0
https://openalex.org/w3148275684,https://doi.org/10.3390/ijerph18073625,,,0,0
https://openalex.org/w2132706483,https://doi.org/10.1111/cod.12335,,,0,0
https://openalex.org/w2326177646,https://doi.org/10.1055/s-2003-41513,,,0,0
https://openalex.org/w3136326503,https://doi.org/10.33915/etd.2417,,,0,0
https://openalex.org/w2921598042,https://doi.org/10.1186/s40814-019-0412-y,,,0,0
https://openalex.org/w2051358998,https://doi.org/10.1054/midw.2002.0298,,,0,0
https://openalex.org/w2098448464,https://doi.org/10.17795/nmsjournal20213,,,0,1
https://openalex.org/w2986904239,https://doi.org/10.1136/bmjopen-2019-032927,,,0,0
https://openalex.org/w2125426971,https://doi.org/10.1093/ageing/28.6.562,,,0,0
https://openalex.org/w1995545655,https://doi.org/10.14419/ijans.v2i2.578,,,0,0
https://openalex.org/w2130129376,https://doi.org/10.1200/jco.2004.01.241,,,0,0
https://openalex.org/w2989135739,https://doi.org/10.1097/md.0000000000017381,,,0,0
https://openalex.org/w1939157572,https://doi.org/10.1111/aas.12100,,101-984-024-189-298,1,1
https://openalex.org/w2044651820,https://doi.org/10.1007/s10620-008-0576-4,,,0,0
https://openalex.org/w2133702746,https://doi.org/10.1136/bmjopen-2012-002050,,,0,0
https://openalex.org/w2890485965,https://doi.org/10.1002/central/cn-01179170/full'],,,0,0
https://openalex.org/w1943019356,https://doi.org/10.1111/j.1526-4637.2012.01433.x,,,0,0
https://openalex.org/w2955101048,https://doi.org/10.2196/14705,,,0,0
https://openalex.org/w2968028269,https://doi.org/10.1111/papr.12830,,,0,1
https://openalex.org/w1995171222,https://doi.org/10.1016/j.ejon.2005.07.006,,,0,0
https://openalex.org/w2042448466,https://doi.org/10.1016/s0966-6532(02)00041-0,,,0,0
https://openalex.org/w2096075219,https://doi.org/10.1213/ane.0b013e3182a7f73c,,,0,0
https://openalex.org/w1972911252,https://doi.org/10.1007/s13187-011-0268-1,,,0,0
https://openalex.org/w2096609745,https://doi.org/10.1007/s00198-015-3267-y,,,0,0
https://openalex.org/w2900149697,,,,0,0
https://openalex.org/w2898034707,https://doi.org/10.1111/wvn.12325,,,0,0
https://openalex.org/w1975759642,https://doi.org/10.1097/00000539-200301000-00038,,,0,0
https://openalex.org/w2153101435,https://doi.org/10.1111/pme.12050,,,0,0
https://openalex.org/w1570521873,https://doi.org/10.1023/a:1018487411186,,,0,0
https://openalex.org/w2033744253,https://doi.org/10.1046/j.1365-2648.1999.01101.x,,,0,0
https://openalex.org/w4244620886,https://doi.org/10.20467/1091-5710.19.4.56,,,0,0
https://openalex.org/w2090085385,https://doi.org/10.3390/ijerph111213035,,,0,0
https://openalex.org/w2041682090,https://doi.org/10.1097/ajp.0b013e3181b2c985,,,0,0
https://openalex.org/w2130100481,https://doi.org/10.1093/bja/ael367,,,0,0
https://openalex.org/w2142651161,https://doi.org/10.1016/s1754-3207(11)70199-7,,,0,0
https://openalex.org/w2036269254,https://doi.org/10.1016/j.jmwh.2005.06.003,,,0,0
https://openalex.org/w2083771749,https://doi.org/10.1016/j.ajog.2014.06.052,,,0,0
https://openalex.org/w2409581964,https://doi.org/10.1055/s-2003-41519,,,0,0
https://openalex.org/w2897362427,https://doi.org/10.1177/1049909118804984,,,0,0
https://openalex.org/w2219590467,https://doi.org/10.1016/j.jcm.2015.03.001,,,0,0
https://openalex.org/w611348403,,,,0,0
https://openalex.org/w1979684657,https://doi.org/10.1007/s00228-010-0983-2,,,0,0
https://openalex.org/w105608671,https://doi.org/10.1007/bf03018574,,,0,0
https://openalex.org/w2069528176,https://doi.org/10.1016/j.pmn.2014.08.001,,,0,0
https://openalex.org/w2466361976,https://doi.org/10.1016/j.pmn.2016.05.003,,,0,0
https://openalex.org/w2093310078,https://doi.org/10.1002/nur.20191,,,0,0
https://openalex.org/w1990535109,https://doi.org/10.1188/08.onf.265-272,,,0,0
https://openalex.org/w2770994643,https://doi.org/10.1016/j.pmn.2017.10.006,,,0,0
https://openalex.org/w1550432745,,,,0,0
https://openalex.org/w1963615621,https://doi.org/10.1016/j.pmn.2010.08.002,,,0,0
https://openalex.org/w2151251018,https://doi.org/10.1542/peds.2005-2326,,,0,0
https://openalex.org/w4237133077,https://doi.org/10.1186/isrctn60065373,,,0,0
https://openalex.org/w2108821955,https://doi.org/10.1136/bmjspcare-2013-000447,,,0,0
https://openalex.org/w2034556187,https://doi.org/10.1155/2013/742421,,006-571-226-752-537,0,0
https://openalex.org/w2127894683,,,,0,0
https://openalex.org/w194847884,,,,0,0
https://openalex.org/w2121753688,https://doi.org/10.1136/ebn.2011.100146,,047-688-438-874-321,0,0
https://openalex.org/w2008948504,https://doi.org/10.1097/sga.0000000000000054,,,0,0
https://openalex.org/w2598199570,https://doi.org/10.1089/bfm.2016.0173,,,0,0
https://openalex.org/w4242962824,https://doi.org/10.1097/00003643-200409000-00012,,,0,0
https://openalex.org/w2240177481,https://doi.org/10.1177/2050312115611431,,,0,0
https://openalex.org/w2018950274,https://doi.org/10.12968/bjon.2013.22.21.1234,,,0,0
https://openalex.org/w2946429522,https://doi.org/10.3892/ol.2019.10379,,,0,0
https://openalex.org/w2089012710,https://doi.org/10.1016/j.hoc.2008.04.003,,,0,0
https://openalex.org/w1977239269,https://doi.org/10.1002/pds.1983,,,0,0
https://openalex.org/w2023428917,https://doi.org/10.1016/j.pmn.2013.07.008,,,0,0
https://openalex.org/w2152890323,https://doi.org/10.1001/archinte.156.1.76,,,0,0
https://openalex.org/w2141499034,https://doi.org/10.5271/sjweh.586,,,0,0
https://openalex.org/w2070082547,https://doi.org/10.1136/ebmh.13.1.13,,,0,0
https://openalex.org/w2395027987,https://doi.org/10.1002/central/cn-00682875/full'],,,0,0
https://openalex.org/w2565244371,https://doi.org/10.1016/j.nedt.2016.12.019,,,0,0
https://openalex.org/w2410184954,https://doi.org/10.1002/central/cn-00631370/full'],,,0,0
https://openalex.org/w2767852902,https://doi.org/10.1016/j.jpsychores.2017.11.004,,,0,0
https://openalex.org/w63710650,https://doi.org/10.12968/bjon.1994.3.10.494,,,0,0
https://openalex.org/w2136157653,https://doi.org/10.1177/010740831103100404,,,0,0
https://openalex.org/w2140401766,https://doi.org/10.1017/s1463423614000565,,,0,0
https://openalex.org/w1966712161,https://doi.org/10.1136/bmj.b3532,,,0,0
https://openalex.org/w2064357522,https://doi.org/10.1016/j.pmn.2007.09.004,,,0,1
https://openalex.org/w2036921445,https://doi.org/10.1188/10.onf.e151-e159,,,0,0
https://openalex.org/w1987340441,https://doi.org/10.1258/jtt.2012.111201,,,0,0
https://openalex.org/w1217745467,,,,0,0
https://openalex.org/w2039817690,https://doi.org/10.1097/01.nor.0000315625.44137.4f,,,0,0
https://openalex.org/w2030342854,https://doi.org/10.4040/jkan.2013.43.5.658,,,0,0
https://openalex.org/w1974178428,https://doi.org/10.5172/conu.2012.42.1.53,,,0,0
https://openalex.org/w2532505595,https://doi.org/10.1590/0034-7167-2015-0121,,070-174-477-757-684,0,0
https://openalex.org/w2128703998,https://doi.org/10.1016/j.ajem.2008.04.011,,,0,0
https://openalex.org/w2046157195,https://doi.org/10.1016/0304-3959(90)91088-z,,,0,0
https://openalex.org/w2918315198,https://doi.org/10.1016/j.anr.2019.02.004,,,0,1
https://openalex.org/w2134617251,https://doi.org/10.1111/j.1365-2702.2009.03028.x,,,0,1
https://openalex.org/w2558243774,https://doi.org/10.3928/00989134-20161110-08,,,0,0
https://openalex.org/w2253305539,https://doi.org/10.5958/0976-5506.2015.00194.1,,,0,0
https://openalex.org/w2153226043,https://doi.org/10.1080/001401300750004195,,,0,0
https://openalex.org/w4254005922,https://doi.org/10.1016/j.ebcm.2004.03.037,,,0,0
https://openalex.org/w2043214659,https://doi.org/10.1016/j.annemergmed.2008.01.336,,,0,0
https://openalex.org/w2373124465,https://doi.org/10.1136/bmjopen-2015-010556,,,0,0
https://openalex.org/w2323088237,https://doi.org/10.1016/j.iccn.2016.03.001,,,0,0
https://openalex.org/w2753918304,https://doi.org/10.1016/j.vhri.2017.07.003,,,0,0
https://openalex.org/w1974314956,https://doi.org/10.2147/ppa.s64111,,,0,0
https://openalex.org/w2058906610,https://doi.org/10.1016/j.jopan.2010.11.001,,,0,0
https://openalex.org/w2006814721,https://doi.org/10.1016/j.annemergmed.2006.09.006,,,0,0
https://openalex.org/w2129603096,https://doi.org/10.4081/pr.2012.e10,,,0,0
https://openalex.org/w2809042357,https://doi.org/10.1016/j.pmn.2018.05.005,,,0,0
https://openalex.org/w1976062888,https://doi.org/10.1188/02.onf.41-50,,,0,0
https://openalex.org/w94676714,https://doi.org/10.1002/central/cn-00081374/full'],,,0,0
https://openalex.org/w2768044463,https://doi.org/10.1177/1049909117729477,,,0,0
https://openalex.org/w1981894341,https://doi.org/10.1188/08.onf.233-240,,,0,0
https://openalex.org/w2017463832,https://doi.org/10.1016/j.pmn.2004.01.002,,,0,0
https://openalex.org/w1970098082,https://doi.org/10.1007/bf00378369,,,0,0
https://openalex.org/w2056916052,https://doi.org/10.1592/phco.22.13.1105.33510,,,0,0
https://openalex.org/w2509873341,https://doi.org/10.1016/j.pmn.2016.07.001,,,0,0
https://openalex.org/w2415636615,https://doi.org/10.1002/central/cn-00467812/full'],,,0,0
https://openalex.org/w2012355970,https://doi.org/10.1016/j.pmn.2014.09.013,,,0,1
https://openalex.org/w1993217872,https://doi.org/10.1002/nur.20065,,,0,0
https://openalex.org/w2918977114,https://doi.org/10.5811/westjem.2018.12.40554,,,0,0
https://openalex.org/w1775697053,https://doi.org/10.6004/jnccn.2009.0078,,,0,0
https://openalex.org/w2107642621,https://doi.org/10.1200/jco.2007.15.5796,,,0,0
https://openalex.org/w2043092151,https://doi.org/10.1055/s-0029-1214711,,,0,0
https://openalex.org/w2061219838,https://doi.org/10.1037/0278-6133.25.3.307,,,0,0
https://openalex.org/w4246046493,https://doi.org/10.31525/ct1-nct03996564,,,0,0
https://openalex.org/w2977080136,https://doi.org/10.1080/13548506.2019.1595687,,,0,0
https://openalex.org/w2068491734,https://doi.org/10.1016/0020-7489(94)90004-3,,,0,0
https://openalex.org/w2324401374,https://doi.org/10.1097/01.nurse.0000410313.23487.3f,,,0,0
https://openalex.org/w2108344731,https://doi.org/10.1111/j.1365-2702.2012.04089.x,,,0,0
https://openalex.org/w2134657148,https://doi.org/10.1053/jcan.2002.128414,,,0,0
https://openalex.org/w2111475992,https://doi.org/10.1016/j.pmn.2014.08.006,,,0,0
https://openalex.org/w2410189622,,,,0,0
https://openalex.org/w2328958832,https://doi.org/10.1097/sga.0b013e31820f9ac3,,,0,0
https://openalex.org/w2035429460,https://doi.org/10.1016/j.gie.2008.09.033,,,0,0
https://openalex.org/w2739042599,https://doi.org/10.1111/wvn.12234,,,0,0
https://openalex.org/w2260949861,https://doi.org/10.1188/15.onf.e339-e357,,,0,0
https://openalex.org/w1493168317,https://doi.org/10.1111/j.1532-5415.2004.52553.x,,,0,0
https://openalex.org/w2462259096,https://doi.org/10.1002/central/cn-00095512/full'],,,0,0
https://openalex.org/w1982681893,https://doi.org/10.1097/00006416-199301000-00007,,,0,0
https://openalex.org/w2520773585,https://doi.org/10.1016/j.contraception.2016.09.006,,,0,0
https://openalex.org/w2127453693,https://doi.org/10.1016/s0952-8180(02)00511-1,,,0,0
https://openalex.org/w2072650118,https://doi.org/10.1016/j.jcgg.2011.08.002,,,0,0
https://openalex.org/w2135345417,https://doi.org/10.4040/jkan.2006.36.1.159,,,0,0
https://openalex.org/w1993284741,https://doi.org/10.2147/mder.s52590,,,0,0
https://openalex.org/w4254713759,https://doi.org/10.1186/isrctn87954265,,,0,0
https://openalex.org/w100633681,https://doi.org/10.1007/bf02527827,,,0,0
https://openalex.org/w2971805148,https://doi.org/10.1016/j.ctim.2019.09.001,,,0,0
https://openalex.org/w2049073164,https://doi.org/10.1038/sj.jp.7211861,,,0,0
https://openalex.org/w2578008182,https://doi.org/10.1007/s00296-016-3644-7,,,0,0
https://openalex.org/w1993882370,https://doi.org/10.1136/aim.21.3.92,,,0,0
https://openalex.org/w2151207874,https://doi.org/10.1016/j.jemermed.2008.03.042,,,0,0
https://openalex.org/w2074465840,https://doi.org/10.1097/nnr.0b013e31818c66f6,,,0,0
https://openalex.org/w2165754238,https://doi.org/10.1016/j.ridd.2008.10.005,,,0,0
https://openalex.org/w2607658015,,,,0,0
https://openalex.org/w2903217301,https://doi.org/10.3233/bmr-181218,,,0,0
https://openalex.org/w2758622330,,,,0,0
https://openalex.org/w2769251868,https://doi.org/10.1016/j.pmn.2017.09.002,,,0,0
https://openalex.org/w3112809295,https://doi.org/10.4040/jkan.2003.33.6.753,,,0,0
https://openalex.org/w1978942936,https://doi.org/10.1186/1546-0096-6-1,,,0,0
https://openalex.org/w2113551233,https://doi.org/10.1111/j.1365-2648.2004.03054.x,,,0,0
https://openalex.org/w1968475182,https://doi.org/10.1017/s1041610211002468,,,0,0
https://openalex.org/w2411057986,https://doi.org/10.1002/14651858.cd009484.pub2,,,0,0
https://openalex.org/w2413693538,https://doi.org/10.1002/central/cn-00702206/full'],,,0,0
https://openalex.org/w2079540037,https://doi.org/10.1016/j.pmn.2008.08.003,,,0,0
https://openalex.org/w2046104727,https://doi.org/10.1046/j.1365-2648.2001.02037.x,,,0,0
https://openalex.org/w2333616430,https://doi.org/10.1097/lbr.0b013e318216da26,,,0,0
https://openalex.org/w1760120193,https://doi.org/10.1016/j.ijnurstu.2015.09.003,,,0,0
https://openalex.org/w2414592155,,,,0,0
https://openalex.org/w2018536849,https://doi.org/10.1111/j.1552-6909.1995.tb02455.x,,,0,0
https://openalex.org/w2898487451,https://doi.org/10.1111/jocn.14704,,,0,0
https://openalex.org/w2741510275,https://doi.org/10.1016/j.pmn.2017.05.007,,,0,0
https://openalex.org/w2315798811,https://doi.org/10.1097/eja.0b013e32834a0255,,,0,0
https://openalex.org/w2497034922,https://doi.org/10.1016/j.ijnurstu.2016.07.017,,,0,0
https://openalex.org/w2164080596,https://doi.org/10.1177/0898010110368861,,,0,0
https://openalex.org/w2314499573,https://doi.org/10.1097/00002508-200106000-00003,,,0,0
https://openalex.org/w4231892373,https://doi.org/10.1002/14651858.cd011219.pub4,,,0,0
https://openalex.org/w1973141883,https://doi.org/10.1016/j.annemergmed.2011.06.420,,,0,0
https://openalex.org/w2460256460,,,,0,0
https://openalex.org/w2101830338,https://doi.org/10.3310/hta18060,,,0,0
https://openalex.org/w2334208383,https://doi.org/10.1097/eja.0b013e328352234d,,,0,0
https://openalex.org/w2079836825,https://doi.org/10.1097/00000539-200112000-00006,,,0,0
https://openalex.org/w2128205298,https://doi.org/10.1046/j.1523-536x.1998.00005.x,,,0,0
https://openalex.org/w2980964806,https://doi.org/10.5812/msnj.95895,,,0,0
https://openalex.org/w2086202322,https://doi.org/10.1124/mi.9.3.1,,,0,0
https://openalex.org/w2306640398,https://doi.org/10.1080/003655098444291,,,0,0
https://openalex.org/w2161456908,https://doi.org/10.1002/2327-6924.12154,,,0,0
https://openalex.org/w2782978265,https://doi.org/10.58088/bfr7-kj21,,,0,0
https://openalex.org/w2792246385,https://doi.org/10.1177/0193945918759958,,,0,0
https://openalex.org/w2945744190,https://doi.org/10.1016/j.pmn.2019.01.003,,,0,0
https://openalex.org/w2743127975,https://doi.org/10.1155/2017/9431984,,,0,0
https://openalex.org/w1987711821,https://doi.org/10.1016/s0145-2134(00)00112-5,,,0,0
https://openalex.org/w2341567085,https://doi.org/10.1093/humrep/dev286,,,0,0
https://openalex.org/w2031443809,https://doi.org/10.1521/psyc.66.2.133.20618,,,0,0
https://openalex.org/w2770658537,https://doi.org/10.1111/jspn.12202,,,0,0
https://openalex.org/w1993058823,https://doi.org/10.1111/j.1460-9592.2009.03242.x,,,0,0
https://openalex.org/w2793550843,https://doi.org/10.3389/fpsyg.2018.00134,,,0,0
https://openalex.org/w2139214755,https://doi.org/10.1046/j.1365-2648.1999.01161.x,,,0,0
https://openalex.org/w2161828390,https://doi.org/10.1111/j.1365-2648.2006.04078.x,,,0,0
https://openalex.org/w2144497631,https://doi.org/10.1097/01.asw.0000305483.60616.26,,,0,0
https://openalex.org/w2059806576,https://doi.org/10.1016/j.resuscitation.2011.04.026,,,0,0
https://openalex.org/w2888609067,https://doi.org/10.1016/j.jvs.2018.07.014,,,0,0
https://openalex.org/w1988644015,https://doi.org/10.1016/j.jopan.2004.04.004,,,0,0
https://openalex.org/w2083718558,https://doi.org/10.1177/089801019301100110,,,0,0
https://openalex.org/w2754316275,https://doi.org/10.1111/head.13178,,,0,0
https://openalex.org/w1998601320,https://doi.org/10.1177/1941738111398583,,,0,0
https://openalex.org/w2091901661,https://doi.org/10.1097/sga.0b013e318211dda3,,,0,0
https://openalex.org/w2013310268,https://doi.org/10.1046/j.1442-2018.2003.00130.x,,,0,0
https://openalex.org/w2011671140,https://doi.org/10.1016/s1053-0770(05)80138-7,,,0,0
https://openalex.org/w2080775662,https://doi.org/10.1111/j.1526-4610.2009.01449.x,,,0,0
https://openalex.org/w2097873288,https://doi.org/10.1016/j.ijporl.2004.10.016,,,0,0
https://openalex.org/w2414550599,,,,0,0
https://openalex.org/w2094751007,https://doi.org/10.1016/j.pedn.2010.01.009,,,0,0
https://openalex.org/w2089505299,https://doi.org/10.1016/j.jopan.2013.04.033,,,0,0
https://openalex.org/w2004808173,https://doi.org/10.1016/j.drugalcdep.2014.09.062,,,0,0
https://openalex.org/w2762145864,https://doi.org/10.1213/ane.0000000000002489,,,0,0
https://openalex.org/w2079224342,https://doi.org/10.1038/clpt.1986.15,,,0,0
https://openalex.org/w2913913102,https://doi.org/10.1177/1054773818825486,,,0,0
https://openalex.org/w2073149845,https://doi.org/10.1016/j.pmn.2009.05.004,,,0,1
https://openalex.org/w2404669422,https://doi.org/10.1002/central/cn-00059176/full'],,,0,0
https://openalex.org/w1980015634,https://doi.org/10.1097/nnr.0b013e3181dbb2b3,,117-798-359-989-256,1,1
https://openalex.org/w35896674,,,,0,0
https://openalex.org/w2115622976,https://doi.org/10.1016/j.jmwh.2006.01.002,,,0,0
https://openalex.org/w2137565615,https://doi.org/10.1177/0269216310391691,,,0,0
https://openalex.org/w1568227991,https://doi.org/10.1111/j.1365-2648.2011.05841.x,,,0,0
https://openalex.org/w2040927420,https://doi.org/10.1136/thoraxjnl-2011-201054b.28,,,0,0
https://openalex.org/w2083692313,https://doi.org/10.1016/j.jopan.2010.03.006,,,0,0
https://openalex.org/w4246641004,https://doi.org/10.1891/1078-4535.14.1.45,,,0,0
https://openalex.org/w2521993632,https://doi.org/10.1002/central/cn-01263475/full'],,,0,0
https://openalex.org/w4256192554,https://doi.org/10.31525/ct1-nct03939910,,,0,0
https://openalex.org/w2089589698,https://doi.org/10.1188/05.onf.363-374,,,0,0
https://openalex.org/w2974987110,https://doi.org/10.5958/0976-5506.2019.01979.x,,,0,0
https://openalex.org/w1492220811,https://doi.org/10.1002/14651858.cd003348.pub2,,,0,0
https://openalex.org/w4253178432,https://doi.org/10.1186/isrctn63478884,,,0,0
https://openalex.org/w2425509791,,,,0,0
https://openalex.org/w1970390451,https://doi.org/10.1007/s00540-012-1355-0,,,0,0
https://openalex.org/w2055622535,https://doi.org/10.1197/j.aem.2006.01.026,,,0,0
https://openalex.org/w2914504863,https://doi.org/10.1016/j.pedn.2019.01.010,,,0,0
https://openalex.org/w2003998036,https://doi.org/10.1053/j.jvca.2014.11.006,,,0,0
https://openalex.org/w2130380466,https://doi.org/10.1111/j.1440-1754.2006.00912.x,,,0,0
https://openalex.org/w2507188707,https://doi.org/10.19082/2650,,,0,1
https://openalex.org/w2054167053,https://doi.org/10.1097/ana.0b013e31828cb6c0,,,0,0
https://openalex.org/w2751107394,https://doi.org/10.1177/0194599817728911,,,0,0
https://openalex.org/w2086744103,https://doi.org/10.1089/acm.2010.0533,,,0,0
https://openalex.org/w4231308326,https://doi.org/10.1016/j.midw.2009.03.009,,,0,0
https://openalex.org/w2022165629,https://doi.org/10.1016/s0735-1097(97)00229-5,,,0,0
https://openalex.org/w2026372523,https://doi.org/10.1188/06.onf.257-264,,,0,0
https://openalex.org/w2915892119,https://doi.org/10.1017/cem.2018.261,,,0,0
https://openalex.org/w2025955631,https://doi.org/10.2165/11599340-000000000-00000,,,0,0
https://openalex.org/w2018565779,https://doi.org/10.1016/j.jpainsymman.2013.05.019,,,0,0
https://openalex.org/w2797262696,https://doi.org/10.1111/jan.13582,,,0,0
https://openalex.org/w1974754291,https://doi.org/10.1097/01.ju.0000176595.49213.13,,,0,0
https://openalex.org/w2146204363,https://doi.org/10.3928/01477447-20100225-17,,,0,0
https://openalex.org/w3014713744,,,,0,0
https://openalex.org/w2152243448,https://doi.org/10.1093/bja/71.5.665,,,0,0
https://openalex.org/w2042316619,https://doi.org/10.1007/s00402-011-1341-2,,,0,0
https://openalex.org/w1937335472,https://doi.org/10.1136/bmj.h2988,,,0,0
https://openalex.org/w2106561575,https://doi.org/10.1186/1472-6963-13-328,,,0,0
https://openalex.org/w2769652776,https://doi.org/10.1016/j.enfi.2017.08.003,,077-913-547-601-767,0,0
https://openalex.org/w3150429213,https://doi.org/10.1002/central/cn-00697846/full'],,,0,0
https://openalex.org/w2095632856,https://doi.org/10.1016/s1836-9553(11)70057-1,,,0,0
https://openalex.org/w2006194347,https://doi.org/10.1034/j.1399-6576.2000.440910.x,,,0,0
https://openalex.org/w1525166834,https://doi.org/10.1016/j.pmn.2014.08.014,,,0,0
https://openalex.org/w2782782137,https://doi.org/10.1186/s12879-017-2900-0,,,0,0
https://openalex.org/w2922775169,https://doi.org/10.1111/jgs.15861,,,0,0
https://openalex.org/w2063586529,https://doi.org/10.1097/00000539-200009000-00014,,,0,0
https://openalex.org/w2030905187,https://doi.org/10.1111/j.1442-2018.2009.00505.x,,,0,0
https://openalex.org/w2081234000,https://doi.org/10.1016/j.pedhc.2008.04.014,,,0,0
https://openalex.org/w4244248728,https://doi.org/10.11124/01938924-201008240-00001,,,0,0
https://openalex.org/w2280994933,,,,0,0
https://openalex.org/w2027780392,https://doi.org/10.3402/fnr.v58.24825,,,0,0
https://openalex.org/w2046734299,https://doi.org/10.1016/s1297-319x(00)00225-6,,,0,0
https://openalex.org/w1969703080,https://doi.org/10.1197/j.aem.2003.10.029,,,0,0
https://openalex.org/w2774253861,https://doi.org/10.1097/ncc.0000000000000551,,,0,1
https://openalex.org/w2583617167,https://doi.org/10.1186/s40814-016-0115-6,,,0,0
https://openalex.org/w2026537001,https://doi.org/10.1185/03007990802240552,,,0,0
https://openalex.org/w2054965187,https://doi.org/10.1177/1043454203262680,,,0,0
https://openalex.org/w2056048928,https://doi.org/10.1016/j.jpainsymman.2006.07.015,,,0,0
https://openalex.org/w2272120495,https://doi.org/10.1002/central/cn-01022113/full'],,,0,0
https://openalex.org/w1992864913,https://doi.org/10.1016/j.pmn.2012.02.006,,,0,0
https://openalex.org/w2170034656,https://doi.org/10.1111/j.1745-7599.2011.00665.x,,,0,0
https://openalex.org/w2333368826,https://doi.org/10.1177/0333102413490349,,,0,0
https://openalex.org/w1994467299,https://doi.org/10.1097/sla.0000000000001067,,,0,0
https://openalex.org/w2032146542,https://doi.org/10.1055/s-2004-820987,,,0,0
https://openalex.org/w2014711956,https://doi.org/10.1016/j.acuro.2012.11.004,,,0,0
https://openalex.org/w649088310,,,,0,0
https://openalex.org/w2947883798,https://doi.org/10.1111/jjns.12254,,,0,0
https://openalex.org/w2584178078,https://doi.org/10.1111/jan.13271,,,0,0
https://openalex.org/w2147838439,https://doi.org/10.1542/peds.2009-0539,,,0,0
https://openalex.org/w2051962544,https://doi.org/10.1046/j.0265-0215.2000.00796.x,,,0,0
https://openalex.org/w2404830577,,,,0,0
https://openalex.org/w2397874797,https://doi.org/10.1016/j.jpainsymman.2015.12.343,,,0,0
https://openalex.org/w2336786295,https://doi.org/10.1016/j.ijnss.2016.02.008,,,0,0
https://openalex.org/w877690913,https://doi.org/10.5812/ijp.25(3)2015.532,,,0,0
https://openalex.org/w2084336867,https://doi.org/10.1016/j.jagp.2012.12.006,,,0,0
https://openalex.org/w2286209080,,,,0,0
https://openalex.org/w2399737318,https://doi.org/10.12968/bjon.1994.3.4.159,,,0,0
https://openalex.org/w2013390235,https://doi.org/10.1093/eurjhf/hft097,,,0,0
https://openalex.org/w2396695431,,,,0,0
https://openalex.org/w2015143346,https://doi.org/10.1136/fn.77.2.f143,,,0,0
https://openalex.org/w2587982072,https://doi.org/10.1007/s11938-017-0119-1,,,0,0
https://openalex.org/w2084051260,https://doi.org/10.1155/2012/450150,,,0,0
https://openalex.org/w1990985514,https://doi.org/10.1016/j.pmn.2014.06.002,,,0,0
https://openalex.org/w2148780737,https://doi.org/10.1093/jpepsy/jsp015,,,0,0
https://openalex.org/w1985938576,https://doi.org/10.1089/jpm.2013.0143,,,0,0
https://openalex.org/w2110967435,,,,0,0
https://openalex.org/w2009465167,https://doi.org/10.1080/03009740802241709,,,0,0
https://openalex.org/w1967963368,https://doi.org/10.1016/j.pmn.2007.03.004,,,0,0
https://openalex.org/w1581813393,https://doi.org/10.1002/central/cn-00555871/full'],,,0,0
https://openalex.org/w2153509462,https://doi.org/10.1016/j.pmn.2011.06.008,,,0,0
https://openalex.org/w2032199511,https://doi.org/10.1016/s1353-6117(98)80057-7,,,0,0
https://openalex.org/w2772446250,https://doi.org/10.1155/2017/2856592,,,0,0
https://openalex.org/w2533729176,https://doi.org/10.1186/s13049-016-0316-2,,,0,0
https://openalex.org/w1965683314,https://doi.org/10.1179/1743288x10y.0000000016,,,0,0
https://openalex.org/w3142829040,,,,0,0
https://openalex.org/w2126118966,https://doi.org/10.1186/1745-6215-14-90,,,0,0
https://openalex.org/w2135929731,https://doi.org/10.1007/s00702-007-0833-2,,,0,0
https://openalex.org/w1997263338,https://doi.org/10.1016/j.pmn.2005.12.001,,,0,0
https://openalex.org/w35964831,https://doi.org/10.1002/central/cn-00532469/full'],,,0,0
https://openalex.org/w2904830157,https://doi.org/10.1016/j.pmn.2018.09.006,,,0,0
https://openalex.org/w1583616680,https://doi.org/10.1111/j.1553-2712.2011.01155.x,,,0,0
https://openalex.org/w2784212048,https://doi.org/10.2147/cia.s144288,,,0,0
https://openalex.org/w1970909290,https://doi.org/10.1016/s1754-3207(08)60006-1,,,0,0
https://openalex.org/w2146142306,https://doi.org/10.1111/j.1445-2197.1990.tb07457.x,,,0,0
https://openalex.org/w2145200910,https://doi.org/10.1016/j.jmwh.2004.07.007,,,0,0
https://openalex.org/w4244698484,https://doi.org/10.22371/07.1997.005,,,0,0
https://openalex.org/w2008104127,https://doi.org/10.1016/j.urology.2010.01.018,,,0,0
https://openalex.org/w1986995299,https://doi.org/10.1111/j.1365-2648.2007.04255.x,,,0,0
https://openalex.org/w1489123024,https://doi.org/10.1002/central/cn-00316308/full'],,,0,0
https://openalex.org/w2053928310,https://doi.org/10.1097/00002820-198708000-00005,,,0,0
https://openalex.org/w2151235596,https://doi.org/10.1002/14651858.cd009587.pub2,,,0,0
https://openalex.org/w2077135770,https://doi.org/10.1097/ajp.0b013e318190862b,,,0,0
https://openalex.org/w2048955826,https://doi.org/10.1177/1367493509102468,,,0,0
https://openalex.org/w1980566902,https://doi.org/10.1007/s12301-011-0010-6,,,0,0
https://openalex.org/w121801516,https://doi.org/10.1007/s12630-013-9890-1,,,0,0
https://openalex.org/w4242089603,https://doi.org/10.1186/isrctn48277388,,,0,0
https://openalex.org/w1965660577,https://doi.org/10.1016/0021-9681(85)90012-8,,,0,0
https://openalex.org/w2016214734,https://doi.org/10.1111/jan.12380,,,0,0
https://openalex.org/w2184698998,,,,0,0
https://openalex.org/w2500765127,,,,0,0
https://openalex.org/w2734356183,https://doi.org/10.1016/s0140-6736(17)31327-2,,,0,0
https://openalex.org/w2793777358,https://doi.org/10.1111/jmwh.12681,,,0,0
https://openalex.org/w2093877020,https://doi.org/10.1016/j.anr.2014.05.008,,,0,0
https://openalex.org/w2565246255,https://doi.org/10.1111/ggi.12924,,,0,0
https://openalex.org/w2889575158,https://doi.org/10.1007/s13300-018-0514-1,,,0,0
https://openalex.org/w2169902446,https://doi.org/10.1080/02701960.2012.702165,,,0,0
https://openalex.org/w2074519967,https://doi.org/10.1097/00005176-199903000-00018,,,0,0
https://openalex.org/w158983960,https://doi.org/10.1002/central/cn-00505122/full'],,,0,0
https://openalex.org/w2016580184,https://doi.org/10.1016/j.gie.2008.02.011,,,0,0
https://openalex.org/w2774856630,https://doi.org/10.1097/rnj.0000000000000103,,,0,0
https://openalex.org/w2031748786,https://doi.org/10.1186/1472-6955-7-10,,,0,1
https://openalex.org/w2069054818,https://doi.org/10.1016/j.pmn.2010.08.005,,,0,0
https://openalex.org/w2593269882,https://doi.org/10.1177/2050312117696436,,,0,0
https://openalex.org/w2552135557,https://doi.org/10.1177/0898010116677383,,,0,1
https://openalex.org/w2980779061,https://doi.org/10.1177/2049463719880333,,,0,0
https://openalex.org/w2964028213,https://doi.org/10.1080/21548331.2019.1646074,,,0,0
https://openalex.org/w2077697888,https://doi.org/10.1177/0898010111417875,,,0,0
https://openalex.org/w2101807506,https://doi.org/10.1016/j.jpainsymman.2007.04.009,,,0,0
https://openalex.org/w2067481610,https://doi.org/10.1097/pec.0b013e3182587d27,,,0,0
https://openalex.org/w1992636390,https://doi.org/10.1016/j.gie.2010.09.035,,,0,0
https://openalex.org/w2908215580,https://doi.org/10.4037/ajcc2019400,,,0,0
https://openalex.org/w2913444850,https://doi.org/10.1016/j.conctc.2019.100331,,,0,0
https://openalex.org/w1586965988,https://doi.org/10.1002/14651858.cd011433.pub2,,,0,0
https://openalex.org/w2328070064,https://doi.org/10.1097/won.0b013e3182349d2f,,,0,0
https://openalex.org/w1987789238,https://doi.org/10.1016/j.pain.2014.06.021,,,0,0
https://openalex.org/w2743941242,https://doi.org/10.1111/crj.12669,,,0,0
https://openalex.org/w2071348562,https://doi.org/10.1097/00006982-200501000-00008,,,0,0
https://openalex.org/w2104758551,https://doi.org/10.1186/1471-2318-12-76,,,0,0
https://openalex.org/w2015868186,https://doi.org/10.1016/0020-7489(90)90022-b,,,0,0
https://openalex.org/w2060311384,https://doi.org/10.1097/00005721-198805000-00010,,,0,0
https://openalex.org/w2467508299,,,,0,0
https://openalex.org/w2164655117,https://doi.org/10.3310/hta12290,,,0,0
https://openalex.org/w2782455710,https://doi.org/10.1016/j.ajog.2017.10.306,,,0,1
https://openalex.org/w1973284140,https://doi.org/10.1160/me0406,,,0,0
https://openalex.org/w2331285998,https://doi.org/10.1891/0730-0832.21.6.15,,,0,0
https://openalex.org/w2049430789,https://doi.org/10.1111/j.1742-7843.2006.pto_271.x,,,0,0
https://openalex.org/w1974730601,https://doi.org/10.1016/j.jpainsymman.2006.09.025,,,0,0
https://openalex.org/w2904668411,https://doi.org/10.2147/cia.s188601,,,0,0
https://openalex.org/w2337314345,https://doi.org/10.1097/dcr.0000000000000594,,,0,0
https://openalex.org/w2341927566,https://doi.org/10.1016/j.jana.2016.04.004,,,0,0
https://openalex.org/w2022589763,https://doi.org/10.1111/jan.12386,,,0,0
https://openalex.org/w2088704030,https://doi.org/10.1097/01.ncq.0000277784.14310.66,,,0,0
https://openalex.org/w2969826405,https://doi.org/10.1136/bmjopen-2019-032388,,,0,0
https://openalex.org/w2965318710,https://doi.org/10.1089/jpm.2018.0549,,,0,0
https://openalex.org/w4241454083,https://doi.org/10.31525/ct1-nct03950817,,,0,0
https://openalex.org/w2090821275,https://doi.org/10.1016/j.ijgo.2011.09.028,,,0,0
https://openalex.org/w2910744720,https://doi.org/10.23750/abm.v89i7-s.7875,,,0,0
https://openalex.org/w2094947079,https://doi.org/10.1016/j.pmn.2012.12.004,,,0,1
https://openalex.org/w2769265817,https://doi.org/10.1016/j.anr.2017.11.001,,,0,1
https://openalex.org/w2803477209,https://doi.org/10.11569/wcjd.v26.i14.879,,,0,0
https://openalex.org/w2170869173,https://doi.org/10.1080/14015430119481,,,0,0
https://openalex.org/w2086410659,https://doi.org/10.1016/s0897-1897(05)80135-1,,,0,0
https://openalex.org/w2106671891,https://doi.org/10.1002/central/cn-00375379/full'],,,0,0
https://openalex.org/w26159735,,,,0,0
https://openalex.org/w2159968504,https://doi.org/10.1136/archdischild-2012-302906,,,0,0
https://openalex.org/w2804499522,https://doi.org/10.1186/s40634-018-0123-y,,,0,0
https://openalex.org/w2895303478,https://doi.org/10.1002/central/cn-01619963/full'],,,0,0
https://openalex.org/w2963636623,https://doi.org/10.1111/inr.12515,,,0,0
https://openalex.org/w2896951272,https://doi.org/10.1097/md.0000000000012654,,,0,0
https://openalex.org/w2171362859,https://doi.org/10.1177/105477389200100111,,,0,0
https://openalex.org/w3164398349,https://doi.org/10.1002/central/cn-01971329,,,0,0
https://openalex.org/w2094377516,https://doi.org/10.1016/j.pmn.2014.02.001,,,0,0
https://openalex.org/w2055150405,https://doi.org/10.1542/peds.105.4.e47,,,0,0
https://openalex.org/w2290000235,https://doi.org/10.2147/ndt.s98511,,,0,0
https://openalex.org/w2605894749,https://doi.org/10.7748/ns.2017.e10861,,,0,0
https://openalex.org/w1927649363,https://doi.org/10.1111/j.1744-1609.2010.00172.x,,,0,0
https://openalex.org/w2065787900,https://doi.org/10.1080/00140130802238606,,,0,0
https://openalex.org/w2095769126,https://doi.org/10.1111/j.1552-6909.2001.tb01570.x,,,0,0
https://openalex.org/w2004673095,https://doi.org/10.1089/acm.2007.0577,,,0,0
https://openalex.org/w2105317038,https://doi.org/10.1111/j.1523-536x.2007.00186.x,,026-832-884-186-803,0,0
https://openalex.org/w2795263214,https://doi.org/10.1016/j.iccn.2018.02.007,,,0,0
https://openalex.org/w1976161539,https://doi.org/10.4103/0019-5049.98774,,,0,0
https://openalex.org/w2064509418,https://doi.org/10.1016/s0020-7489(97)00024-2,,,0,0
https://openalex.org/w1980107091,https://doi.org/10.1097/00006199-198707000-00010,,,0,0
https://openalex.org/w2164827938,https://doi.org/10.1016/j.jpainsymman.2004.04.012,,,0,0
https://openalex.org/w2158860860,https://doi.org/10.1177/0269215506069486,,,0,0
https://openalex.org/w2760605771,https://doi.org/10.1155/2017/7962135,,,0,0
https://openalex.org/w2039463819,https://doi.org/10.1016/s0897-1897(05)80148-x,,,0,0
https://openalex.org/w4300532655,https://doi.org/10.4037/ccn1995.15.6.74,,042-843-680-049-595,0,0
https://openalex.org/w2366199171,https://doi.org/10.1002/central/cn-01046140/full'],,,0,0
https://openalex.org/w2889974712,https://doi.org/10.1016/j.ijnss.2018.08.005,,,0,0
https://openalex.org/w2765544353,https://doi.org/10.1188/17.onf.729-738,,,0,0
https://openalex.org/w2492902149,https://doi.org/10.1016/j.ijnurstu.2016.07.015,,,0,0
https://openalex.org/w1989626663,https://doi.org/10.1002/j.1552-4604.1985.tb02858.x,,,0,0
https://openalex.org/w2887006239,https://doi.org/10.1111/jan.13817,,,0,0
https://openalex.org/w2465444652,https://doi.org/10.1080/15284336.2016.1189754,,,0,0
https://openalex.org/w2080159642,https://doi.org/10.1007/s00520-010-1015-6,,,0,0
https://openalex.org/w1928091963,https://doi.org/10.4037/ajcc1999.8.6.410,,,0,1
https://openalex.org/w2067266594,https://doi.org/10.1016/j.pmn.2014.02.003,,,0,0
https://openalex.org/w1555885724,https://doi.org/10.1111/j.1365-2036.2007.03404.x,,,0,0
https://openalex.org/w2469501562,https://doi.org/10.5505/agri.2016.48343,,,0,0
https://openalex.org/w2153209891,https://doi.org/10.1016/j.jpainsymman.2003.12.016,,,0,0
https://openalex.org/w2002674437,https://doi.org/10.1016/j.explore.2015.02.006,,,0,0
https://openalex.org/w2424655405,https://doi.org/10.3928/0022-0124-20050101-05,,,0,0
https://openalex.org/w2983059765,https://doi.org/10.5958/0976-5506.2019.02666.4,,,0,0
https://openalex.org/w1983154730,https://doi.org/10.1016/s0885-3924(96)00204-7,,,0,1
https://openalex.org/w1988528485,https://doi.org/10.1016/s0885-3924(00)00162-7,,,0,0
https://openalex.org/w2317934686,https://doi.org/10.1016/j.yane.2011.11.013,,,0,0
https://openalex.org/w2396500833,https://doi.org/10.1371/journal.pone.0155890,,,0,0
https://openalex.org/w2029366585,https://doi.org/10.1053/j.trap.2003.10.005,,,0,0
https://openalex.org/w2070226016,https://doi.org/10.1016/j.pmn.2012.03.009,,,0,0
https://openalex.org/w2024587631,https://doi.org/10.1016/j.jopan.2011.04.003,,,0,0
https://openalex.org/w2016267471,https://doi.org/10.1016/j.cct.2012.11.008,,,0,0
https://openalex.org/w2915520282,https://doi.org/10.1002/central/cn-00118220/full'],,,0,0
https://openalex.org/w2150429903,https://doi.org/10.1111/ijn.12202,,,0,0
https://openalex.org/w2034050580,https://doi.org/10.1177/1054773804271934,,,0,0
https://openalex.org/w2037408298,https://doi.org/10.1016/j.ijnurstu.2005.11.017,,,0,0
https://openalex.org/w2000280467,https://doi.org/10.1016/j.pmn.2009.04.002,,,0,0
https://openalex.org/w2002963318,https://doi.org/10.1111/j.1741-6787.2008.00125.x,,,0,0
https://openalex.org/w2807160888,https://doi.org/10.4187/respcare.05880,,,0,0
https://openalex.org/w2517980367,https://doi.org/10.1177/0193945916660527,,,0,0
https://openalex.org/w2909980293,https://doi.org/10.1136/bjsports-2018-100486,,,0,0
https://openalex.org/w2793007618,https://doi.org/10.1155/2018/8406138,,,0,0
https://openalex.org/w2915381730,https://doi.org/10.1007/s10067-019-04484-7,,,0,0
https://openalex.org/w2142328795,https://doi.org/10.1034/j.1399-6576.1999.430219.x,,,0,0
https://openalex.org/w2148571778,https://doi.org/10.11124/jbisrir-2015-2288,,,0,0
https://openalex.org/w1904608111,https://doi.org/10.1016/j.pmn.2015.01.006,,,0,1
https://openalex.org/w2044053514,https://doi.org/10.1016/j.annfar.2009.03.002,,,0,0
https://openalex.org/w2049815993,https://doi.org/10.1197/j.aem.2004.11.019,,,0,1
https://openalex.org/w2171476405,https://doi.org/10.1016/s0022-3468(96)90329-2,,,0,0
https://openalex.org/w2114287750,https://doi.org/10.1111/scs.12022,,,0,0
https://openalex.org/w2072766937,https://doi.org/10.1016/j.suc.2005.09.009,,,0,0
https://openalex.org/w2105764915,https://doi.org/10.1186/1471-2474-13-246,,,0,0
https://openalex.org/w1563105085,https://doi.org/10.1111/j.1526-4637.2008.00428.x,,,0,0
https://openalex.org/w1999614232,https://doi.org/10.1016/j.ejca.2004.04.021,,,0,0
https://openalex.org/w4238063506,https://doi.org/10.1186/isrctn02258149,,,0,0
https://openalex.org/w1983611940,https://doi.org/10.1016/j.physio.2012.12.003,,,0,0
https://openalex.org/w278388192,https://doi.org/10.1188/15.onf.165-173,,,0,0
https://openalex.org/w2428631663,https://doi.org/10.1002/central/cn-00723023/full'],,,0,0
https://openalex.org/w2899874314,https://doi.org/10.1016/j.apnr.2018.11.005,,,0,0
https://openalex.org/w2724667754,https://doi.org/10.1097/lgt.0000000000000318,,,0,0
https://openalex.org/w2942965426,https://doi.org/10.1016/j.artd.2019.03.003,,,0,0
https://openalex.org/w2138412394,https://doi.org/10.1207/s15327558ijbm1301_10,,,0,0
https://openalex.org/w2004461412,https://doi.org/10.1136/bmj.316.7142.1434,,,0,0
https://openalex.org/w2731190266,https://doi.org/10.1377/hlthaff.2017.0164,,,0,0
https://openalex.org/w2340197284,https://doi.org/10.5005/jp-journals-10006-1353,,,0,0
https://openalex.org/w2061343226,https://doi.org/10.1016/s1524-9042(02)54201-6,,,0,0
https://openalex.org/w2185608551,https://doi.org/10.1016/j.pmn.2015.08.005,,,0,0
https://openalex.org/w2147154358,https://doi.org/10.1111/j.1365-2702.2011.03740.x,,,0,1
https://openalex.org/w1995773399,https://doi.org/10.1016/s1836-9553(10)70008-4,,,0,0
https://openalex.org/w2135079131,https://doi.org/10.1111/j.1442-2018.2011.00624.x,,,0,0
https://openalex.org/w2770515167,https://doi.org/10.1016/j.midw.2017.11.002,,,0,0
https://openalex.org/w2170347949,https://doi.org/10.1093/geront/gnr065,,,0,0
https://openalex.org/w1000298009,,,,0,0
https://openalex.org/w2906463240,https://doi.org/10.1016/j.ajog.2018.11.829,,,0,0
https://openalex.org/w1975086647,https://doi.org/10.1016/j.jpainsymman.2007.10.009,,,0,0
https://openalex.org/w2107751662,https://doi.org/10.1136/aim.2011.004044,,,0,0
https://openalex.org/w2886169566,https://doi.org/10.1016/j.soncn.2018.06.004,,,0,0
https://openalex.org/w2059479006,https://doi.org/10.1097/01.ncc.0000343362.68129.ed,,,0,0
https://openalex.org/w3141706917,,,,0,0
https://openalex.org/w1986254588,https://doi.org/10.1016/0304-3959(94)00204-r,,,0,0
https://openalex.org/w2470621973,https://doi.org/10.1002/rnj.287,,,0,0
https://openalex.org/w2892056663,https://doi.org/10.1186/s13063-018-2863-5,,,0,0
https://openalex.org/w2138823503,https://doi.org/10.1016/s0749-0690(05)70086-0,,,0,0
https://openalex.org/w2899354459,https://doi.org/10.1097/njh.0000000000000484,,,0,0
https://openalex.org/w2975189312,https://doi.org/10.1016/j.apmr.2019.08.035,,,0,0
https://openalex.org/w2471737237,https://doi.org/10.1097/qai.0000000000000742,,,0,0
https://openalex.org/w2159984003,https://doi.org/10.1111/jan.12234,,,0,0
https://openalex.org/w2797513565,https://doi.org/10.5505/agri.2018.43815,,,0,0
https://openalex.org/w2434562957,https://doi.org/10.2174/1567205013666160602234932,,,0,0
https://openalex.org/w2149584599,https://doi.org/10.1590/s0104-11692008000200016,,,0,0
https://openalex.org/w2006895961,https://doi.org/10.1016/j.jemermed.2014.06.028,,,0,0
https://openalex.org/w2505374576,https://doi.org/10.5812/aapm.38337,,,0,0
https://openalex.org/w2345798826,https://doi.org/10.1016/j.ijmedinf.2016.04.013,,,0,0
https://openalex.org/w2808414299,https://doi.org/10.1016/j.ijnurstu.2018.06.007,,,0,0
https://openalex.org/w2018310109,https://doi.org/10.1016/j.drugalcdep.2014.04.005,,,0,0
https://openalex.org/w2609323387,https://doi.org/10.1016/j.jad.2017.04.038,,,0,0
https://openalex.org/w1897106213,https://doi.org/10.1002/14651858.cd009727.pub2,,,0,0
https://openalex.org/w2042316064,https://doi.org/10.1016/j.jpainsymman.2010.07.016,,,0,0
https://openalex.org/w2801795637,https://doi.org/10.1093/pm/pnx257,,,0,0
https://openalex.org/w2020441543,https://doi.org/10.1136/bmj.300.6727.791,,,0,0
https://openalex.org/w2020696881,https://doi.org/10.1007/s12603-009-0197-4,,,0,0
https://openalex.org/w128005569,,,,0,0
https://openalex.org/w2019801824,https://doi.org/10.1097/00001610-200403000-00006,,,0,0
https://openalex.org/w2058902109,https://doi.org/10.1016/j.gie.2014.07.029,,,0,0
https://openalex.org/w1991067533,https://doi.org/10.1097/01.nnr.0000263965.16501.26,,,0,0
https://openalex.org/w2417247964,,,,0,0
https://openalex.org/w2137352267,https://doi.org/10.1111/j.1532-5415.2008.02063.x,,,0,0
https://openalex.org/w2031572026,https://doi.org/10.1016/j.pmn.2012.01.001,,,0,0
https://openalex.org/w2900377748,https://doi.org/10.1016/j.pmn.2018.07.002,,,0,0
https://openalex.org/w2046893732,https://doi.org/10.1016/j.pmn.2009.08.001,,,0,0
https://openalex.org/w1572978167,https://doi.org/10.1016/j.pmn.2015.01.001,,,0,0
https://openalex.org/w1538800223,https://doi.org/10.1016/s0966-6532(99)00023-2,,,0,0
https://openalex.org/w1971934400,https://doi.org/10.1177/136140960300800502,,,0,0
https://openalex.org/w2027055579,https://doi.org/10.1016/j.jpainsymman.2006.11.018,,,0,0
https://openalex.org/w2131414943,https://doi.org/10.1097/00004650-200207000-00009,,,0,0
https://openalex.org/w2315409255,https://doi.org/10.2217/nmt-2015-0006,,,0,0
https://openalex.org/w4389006400,,,,1,1
https://openalex.org/w4236856317,https://doi.org/10.1186/isrctn17470334,,,0,0
https://openalex.org/w2021954809,https://doi.org/10.1111/j.1743-6109.2005.20361.x,,,0,0
https://openalex.org/w1986634070,https://doi.org/10.1016/j.pmn.2012.05.001,,,0,0
https://openalex.org/w2037665263,https://doi.org/10.1016/j.midw.2009.03.004,,,0,0
https://openalex.org/w2396915988,https://doi.org/10.1111/papr.12432,,,0,0
https://openalex.org/w2047527665,https://doi.org/10.1016/j.pain.2007.08.031,,,0,0
https://openalex.org/w2115528426,https://doi.org/10.1370/afm.527,,,0,0
https://openalex.org/w1919032659,https://doi.org/10.1111/acem.12687,,,0,0
https://openalex.org/w2135876384,https://doi.org/10.26181/22201009,,,0,0
https://openalex.org/w2010680522,https://doi.org/10.1016/s1366-0071(99)80040-0,,,0,0
https://openalex.org/w2227597566,https://doi.org/10.1016/j.pedhc.2015.11.011,,,0,0
https://openalex.org/w2075205862,https://doi.org/10.1016/j.ijnurstu.2015.01.006,,,0,0
https://openalex.org/w2110121878,https://doi.org/10.1111/j.1365-2702.2012.04317.x,,,0,1
https://openalex.org/w2167246394,https://doi.org/10.1002/14651858.cd003348.pub3,,,0,0
https://openalex.org/w2135296804,https://doi.org/10.2174/138945005774574524,,,0,0
https://openalex.org/w1524258016,https://doi.org/10.1002/14651858.cd010358.pub2,,,0,0
https://openalex.org/w2082313295,https://doi.org/10.1188/14.onf.e248-e255,,,0,0
https://openalex.org/w3030617590,https://doi.org/10.4040/jkan.2006.36.6.968,,,0,0
https://openalex.org/w2415501142,,,,0,0
https://openalex.org/w2111521823,https://doi.org/10.1034/j.1600-0579.2003.00202.x,,,0,0
https://openalex.org/w4239435149,https://doi.org/10.31525/ct1-nct04040036,,,0,0
https://openalex.org/w2412048852,https://doi.org/10.1016/j.amj.2015.12.016,,,0,0
https://openalex.org/w2896043697,https://doi.org/10.1002/nur.21915,,,0,0
https://openalex.org/w4233481187,https://doi.org/10.1186/isrctn21348449,,,0,0
https://openalex.org/w2132951599,https://doi.org/10.1080/00207144.2014.869128,,,0,0
https://openalex.org/w1877311846,https://doi.org/10.12968/jowc.2008.17.4.28840,,,0,0
https://openalex.org/w2134260854,https://doi.org/10.1016/j.ienj.2015.02.002,,,0,0
https://openalex.org/w2803183600,https://doi.org/10.1016/j.pmn.2018.04.005,,,0,1
https://openalex.org/w4205777229,https://doi.org/10.1136/bmj.1.5698.709,,,0,0
https://openalex.org/w2045555521,https://doi.org/10.1097/ajp.0b013e3181a00414,,,0,0
https://openalex.org/w2093846267,https://doi.org/10.1300/j088v06n03_02,,,0,0
https://openalex.org/w2289691216,,,,0,0
https://openalex.org/w2318373182,https://doi.org/10.1097/nmc.0000000000000078,,,0,0
https://openalex.org/w1983958928,https://doi.org/10.12659/msm.893297,,,0,0
https://openalex.org/w8414473,,,,0,0
https://openalex.org/w2434879924,https://doi.org/10.1002/central/cn-00098820/full'],,,0,0
https://openalex.org/w2088984164,https://doi.org/10.1016/j.ejcnurse.2009.09.002,,,0,0
https://openalex.org/w2900678550,https://doi.org/10.7748/ns.2018.e11303,,,0,0
https://openalex.org/w2370133297,https://doi.org/10.1002/central/cn-01436538/full'],,,0,0
https://openalex.org/w1988690014,https://doi.org/10.1016/j.pmn.2012.03.006,,,0,0
https://openalex.org/w2043725992,https://doi.org/10.1016/j.apnr.2004.06.004,,,0,1
https://openalex.org/w2908300751,,,,0,0
https://openalex.org/w2165975082,https://doi.org/10.1186/1745-6215-14-216,,,0,0
https://openalex.org/w2120383609,https://doi.org/10.1111/j.1532-5415.1978.tb03337.x,,,0,0
https://openalex.org/w2071230871,https://doi.org/10.1097/nor.0b013e3181c8ce23,,,0,0
https://openalex.org/w3025056759,https://doi.org/10.13201/j.issn.1001-1781.2018.04.007,,,0,0
https://openalex.org/w2254202597,,,,0,0
https://openalex.org/w1599713004,https://doi.org/10.1177/0310057x1204000310,,,0,0
https://openalex.org/w2811188898,https://doi.org/10.1188/18.onf.545-552,,045-565-148-385-05X,1,1
https://openalex.org/w4248063051,https://doi.org/10.1016/s0002-9270(00)02344-3,,,0,0
https://openalex.org/w2122433118,https://doi.org/10.1345/aph.1e476,,,0,0
https://openalex.org/w4256018067,https://doi.org/10.1186/isrctn76170309,,,0,0
https://openalex.org/w1565526581,https://doi.org/10.1111/j.1749-4486.2011.02410.x,,,0,0
https://openalex.org/w2047344109,https://doi.org/10.1016/s1098-7339(03)00221-9,,,0,0
https://openalex.org/w1978613803,https://doi.org/10.1111/j.0004-8666.2002.00065.x,,,0,0
https://openalex.org/w2973268094,https://doi.org/10.1093/jbcr/irz023,,,0,0
https://openalex.org/w2244615313,,,,0,0
https://openalex.org/w2037494966,https://doi.org/10.1016/s0022-5347(05)66388-4,,,0,0
https://openalex.org/w2470800259,https://doi.org/10.1097/nnr.0000000000000160,,,0,0
https://openalex.org/w2924251615,https://doi.org/10.1016/j.ejon.2019.03.002,,,0,0
https://openalex.org/w6473777,https://doi.org/10.48029/nji.2012.ciii407,,,0,0
https://openalex.org/w2017809545,https://doi.org/10.1177/0193945904269292,,,0,0
https://openalex.org/w163280706,https://doi.org/10.1002/central/cn-00505238/full'],,,0,0
https://openalex.org/w2105807074,https://doi.org/10.1111/j.1460-9592.2009.03180.x,,,0,0
https://openalex.org/w1989254357,https://doi.org/10.3928/01484834-20080801-05,,,0,0
https://openalex.org/w2432366219,https://doi.org/10.1002/central/cn-00668859/full'],,,0,0
https://openalex.org/w2027314948,https://doi.org/10.1016/s0029-7844(01)01383-7,,,0,0
https://openalex.org/w1968293033,https://doi.org/10.1016/j.juro.2012.02.1419,,,0,0
https://openalex.org/w2100044992,https://doi.org/10.1542/peds.2011-0272,,,0,0
https://openalex.org/w2003458199,https://doi.org/10.1016/j.jamda.2004.12.024,,,0,0
https://openalex.org/w2147308902,https://doi.org/10.1046/j.1365-2648.1994.20010061.x,,,0,0
https://openalex.org/w1978362830,https://doi.org/10.1016/s0897-1897(89)80037-0,,,0,0
https://openalex.org/w2147285125,https://doi.org/10.1136/annrheumdis-2012-202695,,,0,0
https://openalex.org/w4240812817,https://doi.org/10.1186/isrctn40263056,,,0,0
https://openalex.org/w2791928453,https://doi.org/10.1111/1751-2980.12579,,,0,0
https://openalex.org/w2067289242,https://doi.org/10.1188/03.onf.65-73,,,0,0
https://openalex.org/w2743766620,https://doi.org/10.1097/mej.0000000000000496,,,0,0
https://openalex.org/w1484259559,https://doi.org/10.1111/j.1365-2648.2010.05334.x,,,0,1
https://openalex.org/w2050406464,https://doi.org/10.1159/000121458,,,0,0
https://openalex.org/w2057513130,https://doi.org/10.1016/j.jmpt.2011.04.008,,,0,0
https://openalex.org/w2610167889,https://doi.org/10.1186/s10194-017-0762-x,,,0,0
https://openalex.org/w2912225009,https://doi.org/10.1590/s1980-220x2018009003418,,,0,0
https://openalex.org/w1978209753,https://doi.org/10.1097/01.jnr.0000387577.51350.5f,,,0,1
https://openalex.org/w2041091772,https://doi.org/10.1016/s0882-5963(96)80082-0,,,0,0
https://openalex.org/w2049769696,https://doi.org/10.1002/gps.2649,,,0,0
https://openalex.org/w1488953502,https://doi.org/10.1016/j.pmn.2014.08.016,,,0,0
https://openalex.org/w2166780483,https://doi.org/10.7739/jkafn.2015.22.3.287,,,0,0
https://openalex.org/w2621970347,https://doi.org/10.1016/j.pmn.2017.04.006,,,0,0
https://openalex.org/w2408862924,https://doi.org/10.1177/0310057x9402200516,,,0,0
https://openalex.org/w2767153499,https://doi.org/10.22038/ijp.2017.25179.2134,,,0,0
https://openalex.org/w2946261025,https://doi.org/10.1002/14651858.cd013339,,,0,0
https://openalex.org/w2049612337,https://doi.org/10.1016/j.ajog.2014.07.043,,,0,0
https://openalex.org/w2139636845,https://doi.org/10.1111/j.1532-5415.2004.52305.x,,,0,0
https://openalex.org/w2169352671,,,,0,0
https://openalex.org/w2066886341,https://doi.org/10.4069/kjwhn.2012.18.2.149,,,0,0
https://openalex.org/w1481919466,https://doi.org/10.1155/2008/465891,,,0,0
https://openalex.org/w2985191446,https://doi.org/10.1016/j.jpainsymman.2019.10.028,,,0,1
https://openalex.org/w1924136830,https://doi.org/10.4040/jkan.2009.39.3.366,,,0,0
https://openalex.org/w2027330758,https://doi.org/10.1111/j.1552-6909.2009.01039.x,,,0,0
https://openalex.org/w2593839007,,,,0,0
https://openalex.org/w2003597709,https://doi.org/10.1067/mge.2000.108411,,,0,0
https://openalex.org/w2047314494,https://doi.org/10.1016/j.jpainsymman.2013.10.015,,,0,0
https://openalex.org/w2013233523,https://doi.org/10.1016/j.dza.2013.03.008,,,0,0
https://openalex.org/w2067658553,https://doi.org/10.3310/hta17480,,,0,0
https://openalex.org/w123983793,https://doi.org/10.1155/2013/395481,,,0,0
https://openalex.org/w2054417670,https://doi.org/10.1111/j.1365-2702.2008.02776.x,,,0,0
https://openalex.org/w2469960578,https://doi.org/10.1002/central/cn-00022884/full'],,,0,0
https://openalex.org/w2121382468,https://doi.org/10.1188/03.onf.75-89,,,0,0
https://openalex.org/w4233713842,https://doi.org/10.31525/ct1-nct04033874,,,0,0
https://openalex.org/w2012876703,https://doi.org/10.1054/brst.2001.0386,,,0,0
https://openalex.org/w1999256128,https://doi.org/10.1016/j.ijporl.2006.05.017,,,0,0
https://openalex.org/w2118089538,https://doi.org/10.7860/jcdr/2014/9731.4675,,,0,0
https://openalex.org/w2559555502,https://doi.org/10.1016/j.java.2016.10.021,,,0,0
https://openalex.org/w2793637895,https://doi.org/10.1111/jan.13573,,,0,0
https://openalex.org/w1990856091,https://doi.org/10.1002/ccd.1810340106,,,0,0
https://openalex.org/w2062764875,https://doi.org/10.1016/j.ijoa.2012.06.006,,,0,0
https://openalex.org/w4233725892,https://doi.org/10.31525/ct1-nct03929640,,,0,0
https://openalex.org/w2099979342,https://doi.org/10.1007/s00134-010-1902-9,,,0,0
https://openalex.org/w2944394708,https://doi.org/10.1002/14651858.cd005179.pub4,,,0,0
https://openalex.org/w2911929417,https://doi.org/10.1097/ajp.0000000000000678,,,0,1
https://openalex.org/w1955714580,https://doi.org/10.1111/j.1365-2702.2010.03548.x,,,0,0
https://openalex.org/w2614417711,https://doi.org/10.4103/aer.aer_23_17,,,0,0
https://openalex.org/w2085727901,https://doi.org/10.1111/jocn.12221,,000-405-422-785-721,1,1
https://openalex.org/w2565981132,https://doi.org/10.1111/sms.12802,,,0,0
https://openalex.org/w2131863361,https://doi.org/10.1089/jpm.2014.0279,,,0,0
https://openalex.org/w2126503396,https://doi.org/10.1016/s0304-3959(97)00190-5,,,0,0
https://openalex.org/w2016671947,https://doi.org/10.1016/s0304-3959(97)00070-5,,,0,1
https://openalex.org/w2758394849,https://doi.org/10.1016/j.jpainsymman.2017.09.019,,,0,0
https://openalex.org/w2135607495,https://doi.org/10.1111/j.1478-5153.2009.00383.x,,,0,0
https://openalex.org/w1852381795,https://doi.org/10.5455/musbed.20140207083603,,,0,0
https://openalex.org/w2337436840,https://doi.org/10.1016/j.ijnss.2016.02.005,,,0,0
https://openalex.org/w2145354003,https://doi.org/10.1111/ner.12172,,,0,0
https://openalex.org/w2059096957,https://doi.org/10.1016/s1096-2190(98)00036-5,,,0,0
https://openalex.org/w2184212949,https://doi.org/10.1002/central/cn-00753724/full'],,,0,0
https://openalex.org/w2163485591,https://doi.org/10.1111/j.1365-2648.2005.03381.x,,,0,0
https://openalex.org/w2218621233,https://doi.org/10.1016/j.pmn.2015.10.002,,,0,0
https://openalex.org/w1865480706,,,,0,0
https://openalex.org/w2048928831,https://doi.org/10.1016/j.ccc.2009.03.001,,,0,0
https://openalex.org/w2185995785,,,,0,0
https://openalex.org/w2001716508,https://doi.org/10.1016/s0738-3991(02)00245-8,,,0,0
https://openalex.org/w2164558673,https://doi.org/10.1093/jmt/40.2.113,,,0,0
https://openalex.org/w2516619794,https://doi.org/10.1089/jpm.2015.0367,,,0,0
https://openalex.org/w2015239634,https://doi.org/10.1002/(sici)1098-240x(199808)21:4<315::aid-nur4>3.0.co;2-i,,,0,0
https://openalex.org/w2023717700,https://doi.org/10.11124/jbisrir-2013-926,,,0,0
https://openalex.org/w2150985218,https://doi.org/10.1002/nur.4770120504,,,0,0
https://openalex.org/w2064955581,https://doi.org/10.1007/s10350-004-0860-0,,,0,0
https://openalex.org/w2066428281,https://doi.org/10.1016/j.joon.2008.10.007,,,0,0
https://openalex.org/w2043823341,https://doi.org/10.1016/s1015-9584(08)60032-9,,,0,0
https://openalex.org/w1987947035,https://doi.org/10.1016/j.pmn.2013.09.001,,,0,0
https://openalex.org/w1856969622,https://doi.org/10.1002/14651858.cd000518.pub2,,,0,0
https://openalex.org/w2237133171,https://doi.org/10.1016/j.clnu.2016.01.002,,,0,0
https://openalex.org/w1915415527,https://doi.org/10.1016/j.pmn.2015.03.001,,,0,0
https://openalex.org/w1987424263,https://doi.org/10.3109/01460860903281341,,,0,0
https://openalex.org/w115422290,https://doi.org/10.1177/000313481107701006,,,0,0
https://openalex.org/w2791021258,https://doi.org/10.1177/0193945918763817,,,0,0
https://openalex.org/w2113148809,https://doi.org/10.1272/jnms.70.327,,,0,0
https://openalex.org/w2732094835,https://doi.org/10.1111/nhs.12356,,,0,0
https://openalex.org/w2742875398,https://doi.org/10.1111/jocn.13981,,,0,0
https://openalex.org/w2765588489,https://doi.org/10.22038/ijp.2017.26364.2258,,,0,0
https://openalex.org/w1982241704,https://doi.org/10.1002/bjs.4506,,,0,0
https://openalex.org/w4298279738,https://doi.org/10.17615/zd6d-rj81,,,0,0
https://openalex.org/w2057450456,https://doi.org/10.1007/bf03019733,,,0,0
https://openalex.org/w2883148739,https://doi.org/10.1111/opn.12206,,,0,0
https://openalex.org/w2049035760,https://doi.org/10.1016/j.jpainsymman.2012.02.017,,,0,0
https://openalex.org/w2264066703,https://doi.org/10.3928/0022-0124-19950901-06,,,0,0
https://openalex.org/w2398965004,https://doi.org/10.1002/central/cn-00106150/full'],,,0,0
https://openalex.org/w2614765684,https://doi.org/10.1016/j.jen.2017.03.022,,,0,0
https://openalex.org/w2333432576,https://doi.org/10.1097/spc.0b013e32835242d2,,,0,0
https://openalex.org/w2600136300,https://doi.org/10.4103/ija.ija_506_16,,,0,0
https://openalex.org/w94617215,https://doi.org/10.1016/s0029-6465(22)00115-3,,,0,0
https://openalex.org/w2961226504,https://doi.org/10.17533/udea.iee.v37n2e10,,,0,0
https://openalex.org/w579498963,https://doi.org/10.1093/pch/20.5.239,,,0,0
https://openalex.org/w2117484391,https://doi.org/10.1177/1744987114529298,,079-481-445-257-359,1,1
https://openalex.org/w883923714,https://doi.org/10.1097/hnp.0000000000000091,,,0,0
https://openalex.org/w1982550015,https://doi.org/10.1016/j.clinthera.2009.07.023,,,0,0
https://openalex.org/w4256708917,https://doi.org/10.31525/ct1-nct03881293,,,0,1
https://openalex.org/w2795284122,https://doi.org/10.1002/central/cn-00156219/full'],,,0,0
https://openalex.org/w1593247204,https://doi.org/10.1002/central/cn-00266278/full'],,,0,0
https://openalex.org/w2167915438,https://doi.org/10.1002/ejp.558,,,0,0
https://openalex.org/w1979099850,https://doi.org/10.1016/s0140-6736(15)60831-5,,,0,0
https://openalex.org/w2098248714,https://doi.org/10.1034/j.1399-6576.2000.440310.x,,,0,0
https://openalex.org/w2082618354,https://doi.org/10.1016/j.jpainsymman.2011.03.017,,,0,0
https://openalex.org/w2046808930,https://doi.org/10.1111/j.1542-2011.2010.00018.x,,,0,1
https://openalex.org/w2562614509,https://doi.org/10.1016/j.ijnss.2016.12.007,,,0,0
https://openalex.org/w2320854088,https://doi.org/10.3310/hta9340,,,0,0
https://openalex.org/w1994090545,https://doi.org/10.3899/jrheum.071262,,,0,0
https://openalex.org/w2333201261,https://doi.org/10.5505/phd.2014.29292,,,0,0
https://openalex.org/w2030257399,https://doi.org/10.1016/j.jpainsymman.2005.07.003,,,0,0
https://openalex.org/w4249432206,https://doi.org/10.23736/s1593-232x.18.00412-5,,,0,0
https://openalex.org/w2143732277,https://doi.org/10.1371/journal.pone.0123153,,,0,0
https://openalex.org/w2091822626,https://doi.org/10.1016/j.pmn.2008.05.002,,,0,0
https://openalex.org/w2160503130,https://doi.org/10.1046/j.0283-9318.2003.00237.x,,,0,0
https://openalex.org/w1806498129,https://doi.org/10.1002/14651858.cd007132.pub2,,,0,0
https://openalex.org/w2554584065,https://doi.org/10.22605/rrh3853,,,0,0
https://openalex.org/w2951967413,https://doi.org/10.1177/0300060519853656,,,0,0
https://openalex.org/w2751489250,https://doi.org/10.5958/0974-9357.2017.00073.3,,,0,0
https://openalex.org/w1840359989,,,,0,0
https://openalex.org/w1976231060,https://doi.org/10.1016/j.ijnurstu.2010.06.003,,,0,0
https://openalex.org/w2080595262,https://doi.org/10.1016/j.jopan.2011.05.009,,,0,0
https://openalex.org/w2522728879,https://doi.org/10.1097/nor.0000000000000276,,,0,0
https://openalex.org/w2014542407,https://doi.org/10.5935/1414-8145.20140056,,010-413-349-940-635,0,0
https://openalex.org/w2107679966,https://doi.org/10.1186/2047-0525-2-5,,,0,0
https://openalex.org/w2186660904,,,,0,0
https://openalex.org/w1967781685,https://doi.org/10.1016/j.jpainsymman.2010.02.015,,,0,0
https://openalex.org/w2411590766,https://doi.org/10.1002/central/cn-00389863/full'],,,0,0
https://openalex.org/w2042728836,https://doi.org/10.1016/j.pmn.2009.01.001,,,0,0
https://openalex.org/w2141243714,https://doi.org/10.1111/1552-6909.12483,,,0,0
https://openalex.org/w2133727527,https://doi.org/10.1001/archpedi.157.11.1115,,,0,0
https://openalex.org/w2011454048,https://doi.org/10.1007/bf03340134,,,0,0
https://openalex.org/w2130880424,https://doi.org/10.1080/014608698265456,,,0,0
https://openalex.org/w2069048621,https://doi.org/10.1016/j.earlhumdev.2009.05.012,,,0,0
https://openalex.org/w55316361,https://doi.org/10.1093/jmt/thw010,,,0,0
https://openalex.org/w2168236367,https://doi.org/10.1111/j.1526-4637.2008.00476.x,,,0,0
https://openalex.org/w2889807273,https://doi.org/10.5812/ircmj.61173,,,0,0
https://openalex.org/w2982895439,https://doi.org/10.11817/j.issn.1672-7347.2018.06.013,,,0,1
https://openalex.org/w1976918791,https://doi.org/10.1016/j.pmn.2011.05.001,,,0,0
https://openalex.org/w2121668386,https://doi.org/10.1016/j.jvsv.2013.10.002,,,0,0
https://openalex.org/w2897764606,https://doi.org/10.11569/wcjd.v26.i29.1701,,,0,1
https://openalex.org/w2977452872,https://doi.org/10.20467/1091-5710.23.3.234,,,0,0
https://openalex.org/w2026147097,https://doi.org/10.1016/j.jen.2008.08.006,,,0,0
https://openalex.org/w2342114922,https://doi.org/10.5005/jp-journals-10006-1385,,,0,0
https://openalex.org/w2773312357,https://doi.org/10.5812/numonthly.14252,,,0,0
https://openalex.org/w1983797272,https://doi.org/10.1097/ncc.0b013e31826909a8,,,0,0
https://openalex.org/w2415500601,https://doi.org/10.1111/nicc.12246,,,0,0
https://openalex.org/w2084324378,https://doi.org/10.1016/j.jopan.2004.03.005,,,0,0
https://openalex.org/w2043370286,https://doi.org/10.4103/1658-354x.121045,,,0,0
https://openalex.org/w2100063742,https://doi.org/10.1016/j.pmn.2010.11.001,,,0,1
https://openalex.org/w1998575307,https://doi.org/10.1016/j.cger.2005.02.006,,,0,0
https://openalex.org/w2075686018,https://doi.org/10.1016/j.jpainsymman.2005.05.020,,,0,0
https://openalex.org/w2117512384,https://doi.org/10.4040/jkan.2009.39.4.528,,,0,1
https://openalex.org/w2557215575,https://doi.org/10.1093/pm/pnw265,,,0,0
https://openalex.org/w59594540,https://doi.org/10.1002/central/cn-00039872/full'],,,0,0
https://openalex.org/w2096364532,https://doi.org/10.1136/oem.2003.010843,,,0,0
https://openalex.org/w2428702779,https://doi.org/10.1089/acm.2016.0058,,,0,0
https://openalex.org/w2284167148,https://doi.org/10.1089/acm.2014.0142,,,0,0
https://openalex.org/w2147201865,https://doi.org/10.1016/j.jpainsymman.2013.01.013,,,0,0
https://openalex.org/w1990084533,https://doi.org/10.3310/hta16110,,,0,0
https://openalex.org/w1789721431,https://doi.org/10.1093/ajhp/51.11.1433,,,0,0
https://openalex.org/w2112173999,https://doi.org/10.1177/1740774512454243,,,0,0
https://openalex.org/w2798201682,https://doi.org/10.1016/j.pedn.2018.04.001,,,0,0
https://openalex.org/w2022574288,https://doi.org/10.1097/00000542-199406000-00015,,,0,0
https://openalex.org/w2155104483,https://doi.org/10.1053/apnr.2002.34146,,,0,1
https://openalex.org/w1983391198,https://doi.org/10.1016/j.physio.2013.09.005,,,0,0
https://openalex.org/w2086144010,https://doi.org/10.1016/0003-4975(94)90435-9,,,0,0
https://openalex.org/w2145250100,https://doi.org/10.1542/peds.111.5.e574,,,0,0
https://openalex.org/w2320051927,https://doi.org/10.7748/ns2000.02.14.22.32.c2764,,,0,0
https://openalex.org/w2094079552,https://doi.org/10.1188/05.onf.319-327,,,0,0
https://openalex.org/w2590489772,https://doi.org/10.1080/2000656x.2016.1269776,,,0,0
https://openalex.org/w2083300415,https://doi.org/10.4102/curationis.v37i2.1246,,,0,0
https://openalex.org/w2007988143,https://doi.org/10.1111/j.1365-2702.2008.02397.x,,,0,0
https://openalex.org/w2329552564,https://doi.org/10.5056/jnm15067,,,0,1
https://openalex.org/w2761891113,https://doi.org/10.12968/bjsn.2017.12.7.338,,,0,0
https://openalex.org/w2967425093,https://doi.org/10.1186/s12871-019-0826-3,,,0,1
https://openalex.org/w2079924177,https://doi.org/10.1067/mge.2001.116174,,,0,0
https://openalex.org/w2068732508,https://doi.org/10.1016/j.jvs.2012.03.258,,,0,0
https://openalex.org/w2043447367,https://doi.org/10.1188/03.onf.1037-1043,,,0,0
https://openalex.org/w2032574277,https://doi.org/10.1097/00002820-199406000-00005,,,0,1
https://openalex.org/w2079987825,https://doi.org/10.12968/bjon.2007.16.5.23014,,,0,0
https://openalex.org/w2914691057,https://doi.org/10.1186/s13063-018-3152-z,,,0,0
https://openalex.org/w2151620005,https://doi.org/10.1177/0269215513488898,,,0,0
https://openalex.org/w2132759254,https://doi.org/10.1111/j.1475-6773.2008.00912.x,,,0,0
https://openalex.org/w2904522537,https://doi.org/10.1016/j.apmr.2018.11.014,,,0,0
https://openalex.org/w2031206054,https://doi.org/10.1186/s13049-015-0091-5,,,0,0
https://openalex.org/w2111345980,https://doi.org/10.1212/wnl.45.4.712,,,0,0
https://openalex.org/w2097096218,https://doi.org/10.1136/bmjopen-2013-003584,,,0,0
https://openalex.org/w2313621823,,,,0,0
https://openalex.org/w2026801013,https://doi.org/10.1111/j.1399-6576.2005.00941.x,,,0,0
https://openalex.org/w2038237461,https://doi.org/10.1016/s1754-3207(11)70979-8,,,0,0
https://openalex.org/w2327832294,https://doi.org/10.1097/00004630-198207000-00010,,,0,0
https://openalex.org/w2986184988,https://doi.org/10.1111/jocn.15088,,,0,0
https://openalex.org/w2900603071,https://doi.org/10.1186/s12877-018-0974-1,,,0,0
https://openalex.org/w68105507,https://doi.org/10.1002/central/cn-00326324/full'],,,0,0
https://openalex.org/w2161091979,https://doi.org/10.5372/abm.v8i3.2561,,,0,0
https://openalex.org/w2123876142,https://doi.org/10.1002/rnj.186,,,0,0
https://openalex.org/w2038579529,https://doi.org/10.1016/j.pmn.2008.06.002,,,0,0
https://openalex.org/w2888549757,https://doi.org/10.1080/14397595.2018.1514998,,,0,0
https://openalex.org/w2008417472,https://doi.org/10.1016/0165-5876(95)01275-3,,,0,0
https://openalex.org/w1612200255,https://doi.org/10.1186/1471-2431-4-23,,,0,0
https://openalex.org/w196471443,https://doi.org/10.1002/central/cn-00778276/full'],,,0,1
https://openalex.org/w1997737568,https://doi.org/10.1002/art.23080,,,0,0
https://openalex.org/w2952827106,https://doi.org/10.2174/1876386301912010006,,,0,1
https://openalex.org/w2929819428,https://doi.org/10.1093/pch/pxz020,,,0,0
https://openalex.org/w2931468902,https://doi.org/10.2196/11387,,,0,0
https://openalex.org/w1950000841,https://doi.org/10.1186/s13063-015-0981-x,,,0,0
https://openalex.org/w4389006627,,,,0,0
https://openalex.org/w4255862161,https://doi.org/10.1186/isrctn40965795,,,0,0
https://openalex.org/w2438163940,https://doi.org/10.1002/central/cn-00770676/full'],,,0,0
https://openalex.org/w2105173753,https://doi.org/10.1017/s026502150500205x,,,0,0
https://openalex.org/w2740091067,https://doi.org/10.4149/bll_2017_078,,,0,0
https://openalex.org/w2078180229,https://doi.org/10.1097/ncq.0b013e318258a7d3,,,0,0
https://openalex.org/w4205380725,https://doi.org/10.1186/isrctn53460881,,,0,0
https://openalex.org/w2024121603,https://doi.org/10.1111/j.1365-2648.2003.02977.x,,,0,1
https://openalex.org/w2065921322,https://doi.org/10.1016/j.jopan.2012.01.006,,045-776-415-168-253,0,0
https://openalex.org/w2067831519,https://doi.org/10.1016/j.jpain.2010.03.008,,,0,0
https://openalex.org/w1910574063,https://doi.org/10.1002/nur.21637,,,0,0
https://openalex.org/w2169815948,https://doi.org/10.1016/0020-7489(96)00009-0,,,0,0
https://openalex.org/w1994010642,https://doi.org/10.1002/central/cn-00156838/full'],,,0,0
https://openalex.org/w2407520187,https://doi.org/10.1002/central/cn-00087616/full'],,,0,0
https://openalex.org/w2806668629,https://doi.org/10.1080/01443615.2018.1447914,,,0,0
https://openalex.org/w2021745097,https://doi.org/10.1111/j.1440-1754.2006.00781.x,,,0,0
https://openalex.org/w1940526123,https://doi.org/10.1093/ptj/74.10.908,,,0,0
https://openalex.org/w2902525686,https://doi.org/10.1002/central/cn-01306652/full'],,,0,0
https://openalex.org/w1960721460,https://doi.org/10.1111/j.1742-7924.2010.00150.x,,,0,0
https://openalex.org/w2795791307,https://doi.org/10.1186/s13012-018-0720-2,,,0,0
https://openalex.org/w2513495339,https://doi.org/10.1186/s12885-016-2726-y,,,0,0
https://openalex.org/w2169663472,https://doi.org/10.1016/j.jamda.2007.12.008,,,0,0
https://openalex.org/w4231012080,https://doi.org/10.31525/ct1-nct03870698,,,0,0
https://openalex.org/w2037976192,https://doi.org/10.1542/peds.102.1.59,,,0,0
https://openalex.org/w2415045490,https://doi.org/10.1016/0016-5085(95)29298-5,,,0,0
https://openalex.org/w1513995676,https://doi.org/10.1111/j.1365-2702.2011.04019.x,,,0,0
https://openalex.org/w2325586575,https://doi.org/10.1097/hnp.0000000000000041,,019-778-373-375-356,1,1
https://openalex.org/w2929310403,https://doi.org/10.4103/jcrt.jcrt_551_18,,,0,0
https://openalex.org/w4247281076,https://doi.org/10.31525/ct1-nct03903172,,,0,0
https://openalex.org/w2012507879,https://doi.org/10.1016/j.explore.2007.06.001,,,0,0
https://openalex.org/w2726832237,https://doi.org/10.1016/j.otsr.2017.06.007,,,0,0
https://openalex.org/w2802666649,https://doi.org/10.1001/jamainternmed.2018.1044,,,0,0
https://openalex.org/w1574412263,https://doi.org/10.1111/nicc.12105,,,0,0
https://openalex.org/w2149367461,https://doi.org/10.1177/1043454206296018,,,0,0
https://openalex.org/w2030160384,https://doi.org/10.1016/j.bpobgyn.2009.01.014,,,0,0
https://openalex.org/w2060617220,https://doi.org/10.12968/bjcn.2006.11.1.20282,,,0,0
https://openalex.org/w4239765938,https://doi.org/10.1186/isrctn10158028,,,0,0
https://openalex.org/w2099273354,https://doi.org/10.1016/s1836-9553(10)70007-2,,,0,0
https://openalex.org/w2900984862,https://doi.org/10.5152/turkpediatriars.2018.6350,,,0,0
https://openalex.org/w2606712923,https://doi.org/10.1016/j.pmn.2017.02.198,,,0,0
https://openalex.org/w2019005588,https://doi.org/10.1016/j.clinthera.2009.08.001,,,0,0
https://openalex.org/w2043828639,https://doi.org/10.1097/nmc.0b013e3181f4fc53,,,0,0
https://openalex.org/w2933589765,https://doi.org/10.1186/s12874-019-0672-5,,,0,0
https://openalex.org/w2163569030,https://doi.org/10.1046/j.1365-2648.2001.01655.x,,,0,0
https://openalex.org/w2004198008,https://doi.org/10.1186/1471-2334-12-288,,,0,0
https://openalex.org/w1277766683,,,,0,0
https://openalex.org/w2124468091,https://doi.org/10.1186/1472-684x-9-15,,,0,0
https://openalex.org/w1609248557,https://doi.org/10.1016/j.enfi.2015.07.004,,,0,0
https://openalex.org/w2124000120,https://doi.org/10.4085/1062-6050-43.2.222,,,0,0
https://openalex.org/w2735915487,,,,0,1
https://openalex.org/w2443009847,https://doi.org/10.1024/1012-5302.13.5.306,,,0,0
https://openalex.org/w2413708084,https://doi.org/10.1097/jpn.0000000000000121,,,0,0
https://openalex.org/w2088176481,https://doi.org/10.1191/026921600701536200,,,0,0
https://openalex.org/w1963628774,https://doi.org/10.1002/pbc.22233,,,0,0
https://openalex.org/w2073750985,https://doi.org/10.1016/j.pmn.2012.10.003,,,0,0
https://openalex.org/w2323836354,https://doi.org/10.1097/00003643-201106001-00498,,,0,0
https://openalex.org/w4211114671,https://doi.org/10.1177/0194599813517083,,,0,0
https://openalex.org/w2937989129,https://doi.org/10.32598/sija.13.special-issue.604,,,0,0
https://openalex.org/w1976302091,https://doi.org/10.1016/j.ijnss.2014.10.006,,,0,0
https://openalex.org/w1986330500,https://doi.org/10.1186/cc12707,,,0,0
https://openalex.org/w2309126213,https://doi.org/10.1371/journal.pmed.1002040,,,0,1
https://openalex.org/w2053092279,https://doi.org/10.1016/j.jpainsymman.2009.12.020,,,0,0
https://openalex.org/w1812739043,https://doi.org/10.1111/jocn.12817,,,0,0
https://openalex.org/w1533794306,https://doi.org/10.1111/j.1460-9592.2012.03876.x,,,0,0
https://openalex.org/w1987082350,https://doi.org/10.1111/j.1532-5415.2000.tb03130.x,,,0,1
https://openalex.org/w2790589040,https://doi.org/10.1136/bmjopen-2017-020368,,,0,0
https://openalex.org/w2155657497,https://doi.org/10.1177/000992280604500203,,,0,0
https://openalex.org/w2620518621,https://doi.org/10.1016/j.ajog.2017.05.041,,,0,0
https://openalex.org/w2558124059,https://doi.org/10.4103/1735-9066.193395,,,0,0
https://openalex.org/w2003387489,https://doi.org/10.1111/jocn.12626,,,0,1
https://openalex.org/w2118086156,https://doi.org/10.1111/j.1552-6909.1999.tb02167.x,,,0,0
https://openalex.org/w2050434119,https://doi.org/10.1097/00000542-200012000-00006,,,0,0
https://openalex.org/w2791450657,https://doi.org/10.1177/1533317518765133,,,0,0
https://openalex.org/w2943876305,https://doi.org/10.5958/0973-9130.2019.00108.7,,,0,0
https://openalex.org/w2793705815,https://doi.org/10.1002/cncr.31312,,,0,0
https://openalex.org/w2025401998,https://doi.org/10.1111/j.1479-828x.2006.00624.x,,,0,0
https://openalex.org/w1213040932,https://doi.org/10.1007/s00391-013-0505-9,,,0,0
https://openalex.org/w2025046029,https://doi.org/10.1186/1471-2431-13-182,,,0,0
https://openalex.org/w2007719763,https://doi.org/10.1016/s0003-4975(99)01363-6,,,0,0
https://openalex.org/w1971333461,https://doi.org/10.1053/jpmn.2003.7,,,0,0
https://openalex.org/w2053088800,https://doi.org/10.1016/j.archger.2008.12.003,,,0,0
https://openalex.org/w2105111190,https://doi.org/10.1016/j.jclinane.2003.06.002,,,0,0
https://openalex.org/w1920438638,https://doi.org/10.1002/14651858.cd004282.pub3,,,0,0
https://openalex.org/w2770742907,https://doi.org/10.1016/j.pmn.2017.09.001,,,0,0
https://openalex.org/w2109961838,https://doi.org/10.1016/j.jopan.2006.05.007,,,0,0
https://openalex.org/w2036339881,https://doi.org/10.1111/j.1365-2273.2007.01468.x,,,0,0
https://openalex.org/w2775022928,https://doi.org/10.1097/ncc.0000000000000577,,,0,1
https://openalex.org/w2984023809,,,,0,0
https://openalex.org/w2120507917,https://doi.org/10.1111/j.1547-5069.2009.01280.x,,,0,0
https://openalex.org/w2117589815,https://doi.org/10.1111/j.1744-1609.2010.00199.x,,,0,0
https://openalex.org/w1985878249,https://doi.org/10.1016/j.jopan.2015.01.008,,,0,0
https://openalex.org/w2313806910,https://doi.org/10.1097/jcn.0000000000000194,,048-495-581-092-045,1,1
https://openalex.org/w2293943939,https://doi.org/10.1007/s40261-016-0387-x,,,0,0
https://openalex.org/w2034835196,https://doi.org/10.1002/nur.4770170206,,,0,0
https://openalex.org/w1998819361,https://doi.org/10.1016/s0147-9563(96)80113-0,,,0,0
https://openalex.org/w1973713437,https://doi.org/10.3126/jnps.v33i1.7017,,,0,0
https://openalex.org/w2766186650,https://doi.org/10.1016/j.ijnurstu.2017.10.015,,,0,0
https://openalex.org/w2524371416,https://doi.org/10.1093/pm/pnw242,,,0,0
https://openalex.org/w2566335084,https://doi.org/10.1016/j.pmn.2016.10.005,,,0,0
https://openalex.org/w2144753555,https://doi.org/10.2174/1567205011666140618103406,,,0,0
https://openalex.org/w3029214022,https://doi.org/10.3760/cma.j.issn.1674-635x.2011.02.014,,,0,0
https://openalex.org/w2170945727,https://doi.org/10.1093/gerona/57.11.m733,,,0,0
https://openalex.org/w1989645920,https://doi.org/10.1097/00005721-200507000-00004,,,0,0
https://openalex.org/w2047388901,https://doi.org/10.1016/j.pmn.2011.01.004,,019-462-968-081-444,0,0
https://openalex.org/w2077985887,https://doi.org/10.1197/j.aem.2006.01.016,,,0,0
https://openalex.org/w2334846511,https://doi.org/10.1097/nur.0b013e3182819133,,,0,0
https://openalex.org/w86828456,,,,0,0
https://openalex.org/w2924746448,https://doi.org/10.1002/central/cn-00796362/full'],,,0,0
https://openalex.org/w2992743182,https://doi.org/10.1002/central/cn-00876493/full'],,,0,0
https://openalex.org/w2018367958,https://doi.org/10.1016/j.medipa.2014.10.004,,,0,0
https://openalex.org/w1987718354,https://doi.org/10.1046/j.1365-2648.2003.02859.x,,,0,0
https://openalex.org/w2792461452,https://doi.org/10.1016/j.pmn.2017.12.001,,,0,0
https://openalex.org/w2313609231,https://doi.org/10.11569/wcjd.v23.i9.1479,,,0,0
https://openalex.org/w2753537254,https://doi.org/10.1177/0269216317726443,,,0,0
https://openalex.org/w2900678526,https://doi.org/10.1016/j.jopan.2018.07.006,,,0,1
https://openalex.org/w292417042,,,,0,0
https://openalex.org/w4239708324,https://doi.org/10.1186/isrctn22641495,,,0,0
https://openalex.org/w1802396702,https://doi.org/10.1111/j.1442-2018.2011.00641.x,,,0,0
https://openalex.org/w4248465292,https://doi.org/10.1186/isrctn49470934,,,0,0
https://openalex.org/w971889430,https://doi.org/10.3310/hsdr03320,,,0,0
https://openalex.org/w2036618323,https://doi.org/10.1111/j.1365-2702.2008.02436.x,,,0,0
https://openalex.org/w2374000043,https://doi.org/10.1097/01.naj.0000475290.20362.77,,,0,0
https://openalex.org/w2036448839,https://doi.org/10.1016/j.spinee.2007.09.010,,,0,0
https://openalex.org/w2417468503,https://doi.org/10.1097/spv.0000000000000238,,,0,0
https://openalex.org/w2950747839,https://doi.org/10.1080/10376178.2019.1628650,,,0,1
https://openalex.org/w2428794801,,,,0,0
https://openalex.org/w1768271528,https://doi.org/10.1016/j.hrtlng.2015.08.001,,,0,0
https://openalex.org/w2025305683,https://doi.org/10.3310/hta17530,,,0,0
https://openalex.org/w1502731058,https://doi.org/10.1111/j.1442-2018.2011.00633.x,,,0,1
https://openalex.org/w1983401059,https://doi.org/10.1016/j.hlc.2004.08.010,,,0,0
https://openalex.org/w4299493496,https://doi.org/10.1097/00006416-199801000-00006,,,0,0
https://openalex.org/w2124796723,https://doi.org/10.1007/s10926-008-9130-7,,,0,0
https://openalex.org/w2408793170,,,,0,0
https://openalex.org/w1970552956,https://doi.org/10.1016/s1053-0770(98)90237-3,,,0,0
https://openalex.org/w4392618217,,,,0,1
https://openalex.org/w2793433002,https://doi.org/10.1002/nur.21862,,,0,0
https://openalex.org/w2008677544,https://doi.org/10.2147/tcrm.s24458,,,0,0
https://openalex.org/w4245350650,https://doi.org/10.1097/01.ogx.0000511085.61752.f2,,,0,0
https://openalex.org/w4238367797,https://doi.org/10.1213/00000539-200004000-00017,,,0,0
https://openalex.org/w2138938729,https://doi.org/10.1053/jpmn.2001.23556,,,0,0
https://openalex.org/w2409709588,,,,0,0
https://openalex.org/w1965539936,https://doi.org/10.1016/s1055-3290(98)80073-3,,,0,0
https://openalex.org/w2767901555,https://doi.org/10.1016/j.douler.2017.09.011,,,0,0
https://openalex.org/w2046664085,https://doi.org/10.1016/j.bone.2011.03.469,,,0,0
https://openalex.org/w1480069200,https://doi.org/10.1007/s00508-009-1202-y,,,0,0
https://openalex.org/w2594015532,https://doi.org/10.1136/bmjopen-2016-012987,,,0,0
https://openalex.org/w1527280763,https://doi.org/10.1111/inr.12172,,,0,0
https://openalex.org/w2071948541,https://doi.org/10.1016/s1524-9042(02)54202-8,,,0,0
https://openalex.org/w2605808076,https://doi.org/10.1002/central/cn-01760201/full'],,,0,0
https://openalex.org/w2162232427,https://doi.org/10.1111/jan.12521,,,0,0
https://openalex.org/w2970725328,https://doi.org/10.1016/j.burns.2019.07.001,,,0,1
https://openalex.org/w2092354595,https://doi.org/10.1046/j.1365-2648.2000.01595.x,,,0,0
https://openalex.org/w174027824,,,,0,0
https://openalex.org/w2123221903,https://doi.org/10.1111/jhq.12031,,,0,0
https://openalex.org/w2338469390,https://doi.org/10.1097/bot.0000000000000561,,,0,0
https://openalex.org/w2127054588,https://doi.org/10.4037/ajcc1994.3.4.273,,,0,0
https://openalex.org/w2043155251,https://doi.org/10.1177/1367493508096204,,,0,0
https://openalex.org/w2144480167,https://doi.org/10.5812/aapm.16662,,,0,0
https://openalex.org/w2131323891,https://doi.org/10.1111/j.1744-1609.2008.00106.x,,,0,0
https://openalex.org/w889745753,https://doi.org/10.1016/j.jsat.2015.06.018,,,0,0
https://openalex.org/w3156692237,https://doi.org/10.1002/central/cn-01966330,,,0,0
https://openalex.org/w2091667570,https://doi.org/10.1097/00005721-200309000-00009,,,0,0
https://openalex.org/w2105335945,https://doi.org/10.1093/rheumatology/41.1.14,,,0,0
https://openalex.org/w1995629587,https://doi.org/10.1016/s0885-3924(98)80009-2,,,0,0
https://openalex.org/w4244120708,https://doi.org/10.31525/ct1-nct04039568,,,0,0
https://openalex.org/w2608216631,https://doi.org/10.1016/j.jams.2017.04.001,,,0,0
https://openalex.org/w2086587804,https://doi.org/10.1007/s10151-014-1188-y,,,0,0
https://openalex.org/w2785777672,https://doi.org/10.1007/s11605-017-3656-y,,,0,0
https://openalex.org/w2282298023,https://doi.org/10.3399/bjgp15x687337,,,0,0
https://openalex.org/w1997781337,https://doi.org/10.1111/jan.12608,,,0,0
https://openalex.org/w2971028309,https://doi.org/10.1111/jgs.16148,,,0,0
https://openalex.org/w2163023032,https://doi.org/10.1111/j.1365-2702.2006.01770.x,,,0,0
https://openalex.org/w2002016585,https://doi.org/10.1034/j.1399-6576.2002.460115.x,,,0,0
https://openalex.org/w2105766260,https://doi.org/10.1542/peds.2015-0658,,,0,0
https://openalex.org/w1711021486,https://doi.org/10.1155/2014/804367,,,0,0
https://openalex.org/w2068895565,https://doi.org/10.1046/j.1442-2018.2002.00098.x,,,0,0
https://openalex.org/w2078014496,https://doi.org/10.1111/j.1572-0241.2001.03458.x,,,0,0
https://openalex.org/w2055801787,https://doi.org/10.1097/bpo.0b013e31816d7235,,,0,0
https://openalex.org/w1976218914,https://doi.org/10.1037/a0015341,,,0,0
https://openalex.org/w2156820584,https://doi.org/10.1177/0898010113512182,,,0,0
https://openalex.org/w2330626773,https://doi.org/10.4037/ajcc1994.3.4.282,,,0,0
https://openalex.org/w2897255798,https://doi.org/10.5507/bp.2018.060,,,0,0
https://openalex.org/w2148593190,https://doi.org/10.1046/j.1365-2648.2001.01925.x,,,0,1
https://openalex.org/w1990896772,https://doi.org/10.1016/j.pmn.2014.05.002,,,0,0
https://openalex.org/w2300679887,https://doi.org/10.1111/jocn.13075,,,0,0
https://openalex.org/w2416783311,https://doi.org/10.1038/ajg.2016.224,,,0,0
https://openalex.org/w2269174510,https://doi.org/10.7314/apjcp.2015.16.16.7117,,,0,0
https://openalex.org/w1123942635,https://doi.org/10.1016/j.ijnss.2015.08.005,,,0,0
https://openalex.org/w2136354978,https://doi.org/10.1111/j.1365-2702.2006.01456.x,,,0,0
https://openalex.org/w2001382561,https://doi.org/10.1016/0738-3991(87)90128-5,,,0,1
https://openalex.org/w1993675453,https://doi.org/10.2309/java.14-1-8,,,0,0
https://openalex.org/w2484188741,https://doi.org/10.1111/jan.13053,,,0,0
https://openalex.org/w2972343047,,,,0,0
https://openalex.org/w2056316436,https://doi.org/10.1111/apa.13000,,,0,0
https://openalex.org/w2977109274,https://doi.org/10.1016/j.pmn.2019.07.006,,,0,0
https://openalex.org/w2610462800,https://doi.org/10.1097/tme.0000000000000145,,,0,0
https://openalex.org/w4233160147,https://doi.org/10.1186/isrctn17508514,,,0,0
https://openalex.org/w2737742072,https://doi.org/10.1016/j.pmn.2017.05.006,,,0,0
https://openalex.org/w2053123087,https://doi.org/10.1188/07.cjon.561-567,,,0,0
https://openalex.org/w1559694785,https://doi.org/10.1111/j.1460-9592.2011.03656.x,,,0,0
https://openalex.org/w2982737174,https://doi.org/10.1001/jamainternmed.2019.5349,,,0,0
https://openalex.org/w2768454775,https://doi.org/10.18632/oncotarget.22746,,,0,0
https://openalex.org/w135710563,https://doi.org/10.1002/central/cn-00604745/full'],,,0,1
https://openalex.org/w2901191888,https://doi.org/10.1016/j.jamda.2018.09.031,,,0,0
https://openalex.org/w2094631168,https://doi.org/10.1007/s00520-003-0491-3,,,0,0
https://openalex.org/w1990601354,https://doi.org/10.1002/nur.20076,,,0,1
https://openalex.org/w2804744690,https://doi.org/10.2147/cia.s157246,,,0,0
https://openalex.org/w2072275815,https://doi.org/10.1111/j.1552-6909.1985.tb02094.x,,,0,0
https://openalex.org/w2242153722,,,,0,1
https://openalex.org/w2147727017,https://doi.org/10.3109/14767058.2012.663548,,,0,0
https://openalex.org/w1883153109,https://doi.org/10.1111/j.1742-1241.2007.01544.x,,,0,0
https://openalex.org/w2720819396,https://doi.org/10.1155/2017/8738924,,,0,0
https://openalex.org/w2916208874,https://doi.org/10.1016/j.jopan.2018.11.010,,,0,0
https://openalex.org/w2073839878,https://doi.org/10.1016/j.pmn.2009.03.005,,,0,0
https://openalex.org/w1975034993,https://doi.org/10.1016/s0020-7489(98)00053-4,,,0,1
https://openalex.org/w2075553776,https://doi.org/10.1046/j.1460-9592.2003.01241.x,,,0,0
https://openalex.org/w2891135921,https://doi.org/10.5281/zenodo.1134411,,,0,0
https://openalex.org/w1925193829,https://doi.org/10.20381/ruor-12531,,,1,1
https://openalex.org/w1964695588,https://doi.org/10.1016/j.pmn.2014.06.004,,,0,0
https://openalex.org/w2063137633,https://doi.org/10.1016/j.rapm.2006.08.011,,,0,0
https://openalex.org/w2586599753,https://doi.org/10.1200/jco.2012.30.34_suppl.2,,,0,0
https://openalex.org/w2320118663,https://doi.org/10.1097/jnr.0000000000000112,,,0,0
https://openalex.org/w1988242194,https://doi.org/10.1016/j.jpainsymman.2012.02.007,,,0,0
https://openalex.org/w2086668802,https://doi.org/10.1089/cpb.2006.9.207,,,0,0
https://openalex.org/w2090292271,https://doi.org/10.1186/cc6151,,,0,0
https://openalex.org/w2966976380,https://doi.org/10.1007/s40272-019-00351-9,,,0,0
https://openalex.org/w2128884330,https://doi.org/10.1111/j.1365-2648.2006.03837.x,,,0,0
https://openalex.org/w2418920422,https://doi.org/10.7748/paed.14.8.30.s22,,,0,0
https://openalex.org/w2087465718,https://doi.org/10.1016/0885-3924(95)00136-0,,,0,0
https://openalex.org/w2974426944,https://doi.org/10.1016/j.jcyt.2019.08.005,,,0,0
https://openalex.org/w1987418832,https://doi.org/10.1016/s0091-2182(99)00057-9,,,0,0
https://openalex.org/w1987064870,https://doi.org/10.1016/j.regg.2013.07.002,,,0,0
https://openalex.org/w2888139190,https://doi.org/10.1111/apa.14555,,,0,0
https://openalex.org/w2000629568,https://doi.org/10.1097/pec.0b013e31825d20f6,,,0,0
https://openalex.org/w2156769260,https://doi.org/10.1093/bja/aei156,,,0,0
https://openalex.org/w2041560994,https://doi.org/10.4321/s1130-01082013000700002,,,0,0
https://openalex.org/w1927246577,https://doi.org/10.1111/jspn.12018,,,0,0
https://openalex.org/w1947733555,https://doi.org/10.1111/jjns.12070,,,0,0
https://openalex.org/w1918811446,https://doi.org/10.1111/j.1365-2648.2011.05810.x,,,0,0
https://openalex.org/w2042405493,https://doi.org/10.1007/s11916-011-0203-5,,,0,0
https://openalex.org/w4254093287,https://doi.org/10.1186/isrctn14974395,,,0,0
https://openalex.org/w2033047014,https://doi.org/10.1053/apnr.2001.26784,,,0,0
https://openalex.org/w89099810,https://doi.org/10.1093/pch/18.7.367,,,0,0
https://openalex.org/w2774951991,https://doi.org/10.1080/09638288.2017.1410730,,,0,0
https://openalex.org/w1976194609,https://doi.org/10.1159/000121479,,,0,0
https://openalex.org/w1990726079,https://doi.org/10.1016/j.pmn.2012.06.007,,,0,0
https://openalex.org/w2002386833,https://doi.org/10.1067/mpd.2002.122470,,,0,0
https://openalex.org/w2813174558,https://doi.org/10.1371/journal.pone.0200240,,,0,0
https://openalex.org/w2040112185,https://doi.org/10.1016/j.pain.2004.10.020,,,0,0
https://openalex.org/w2035785010,https://doi.org/10.1016/j.apergo.2014.05.007,,,0,0
https://openalex.org/w1967855664,https://doi.org/10.1016/j.pmn.2009.09.002,,062-826-224-155-432,1,1
https://openalex.org/w2782964247,https://doi.org/10.1097/j.pain.0000000000001146,,,0,0
https://openalex.org/w2111923914,https://doi.org/10.1503/cmaj.070874,,,0,0
https://openalex.org/w2417881922,,,,0,0
https://openalex.org/w2412222119,,,,0,0
https://openalex.org/w4250681238,https://doi.org/10.26226/morressier.5afadd8cf314ac000849addb,,,0,0
https://openalex.org/w2727140030,https://doi.org/10.1177/0269216317715197,,,0,0
https://openalex.org/w2043809157,https://doi.org/10.1111/j.1365-2702.2006.01570.x,,,0,0
https://openalex.org/w1939198378,https://doi.org/10.1002/central/cn-00020462/full'],,,0,0
https://openalex.org/w2345984011,https://doi.org/10.2147/jpr.s97826,,,0,0
https://openalex.org/w2154639860,https://doi.org/10.1053/gast.2002.34232,,,0,0
https://openalex.org/w1972967759,https://doi.org/10.1213/01.ane.0000261521.52562.de,,,0,0
https://openalex.org/w2031661364,https://doi.org/10.1111/j.1445-2197.1987.tb01346.x,,,0,0
https://openalex.org/w1990456444,https://doi.org/10.1016/j.pmn.2014.08.013,,,0,0
https://openalex.org/w1989092924,https://doi.org/10.1111/j.1542-2011.2011.00138.x,,,0,0
https://openalex.org/w2979560573,https://doi.org/10.11569/wcjd.v27.i19.1220,,,0,0
https://openalex.org/w2083275807,https://doi.org/10.1111/j.1365-2702.2012.04309.x,,,0,0
https://openalex.org/w1985841474,https://doi.org/10.1067/mge.2003.47,,,0,0
https://openalex.org/w2304763089,https://doi.org/10.1016/j.jopan.2015.09.009,,,0,0
https://openalex.org/w1991593621,https://doi.org/10.1016/j.pmn.2004.10.005,,,0,0
https://openalex.org/w2086586554,https://doi.org/10.1054/aaen.2000.0168,,,0,0
https://openalex.org/w2888317288,https://doi.org/10.3389/fpubh.2018.00229,,,0,0
https://openalex.org/w2088034265,https://doi.org/10.1097/00004650-200609000-00002,,,0,0
https://openalex.org/w2111866018,https://doi.org/10.1136/bmj.d7894,,,0,0
https://openalex.org/w2144332886,https://doi.org/10.1155/2013/502727,,,0,1
https://openalex.org/w1978297032,https://doi.org/10.1590/s0080-623420130000500005,,,0,0
https://openalex.org/w2016008575,https://doi.org/10.1007/s00464-006-9087-6,,,0,0
https://openalex.org/w2061152820,https://doi.org/10.1111/j.1365-2702.2011.03802.x,,,0,0
https://openalex.org/w1992251077,https://doi.org/10.1016/j.jopan.2003.11.001,,,0,0
https://openalex.org/w2027626548,https://doi.org/10.1016/j.apnr.2008.03.003,,,0,0
https://openalex.org/w2028769901,https://doi.org/10.1111/j.1744-6155.1999.tb00043.x,,,0,0
https://openalex.org/w2077722309,https://doi.org/10.1007/s00228-007-0283-7,,,0,0
https://openalex.org/w2008631666,https://doi.org/10.1016/j.pmn.2008.07.003,,,0,0
https://openalex.org/w2894338440,https://doi.org/10.3166/afmu-2018-0075,,,0,0
https://openalex.org/w2802608061,https://doi.org/10.1002/nur.21865,,,0,0
https://openalex.org/w2165745619,https://doi.org/10.1093/jpepsy/21.5.615,,,0,0
https://openalex.org/w2094042276,https://doi.org/10.1016/j.burns.2013.01.006,,,0,0
https://openalex.org/w1982979587,https://doi.org/10.1016/j.pmn.2009.10.001,,,0,0
https://openalex.org/w2887579385,https://doi.org/10.1016/j.pmn.2018.06.003,,047-609-543-399-86X,1,1
https://openalex.org/w2964613946,https://doi.org/10.1002/ejp.1466,,,0,0
https://openalex.org/w1979494212,https://doi.org/10.1016/j.aorn.2007.09.013,,,0,0
https://openalex.org/w2081155271,https://doi.org/10.1016/j.pmn.2014.03.003,,,0,0
https://openalex.org/w2571595105,https://doi.org/10.1111/ijn.12513,,,0,0
https://openalex.org/w2056566031,https://doi.org/10.1016/j.gerinurse.2013.05.003,,,0,0
https://openalex.org/w2051119134,https://doi.org/10.1177/1533317506288949,,,0,0
https://openalex.org/w2171075837,https://doi.org/10.1016/j.burns.2003.10.017,,,0,0
https://openalex.org/w1996044800,https://doi.org/10.1007/s10549-011-1533-z,,,0,1
https://openalex.org/w2023369151,https://doi.org/10.1188/06.onf.1183-1188,,,0,0
https://openalex.org/w2092699797,https://doi.org/10.3928/00989134-20100202-02,,,0,0
https://openalex.org/w2771886399,https://doi.org/10.1002/central/cn-01420717/full'],,,0,0
https://openalex.org/w2040322797,https://doi.org/10.1016/j.pmn.2013.07.009,,,0,0
https://openalex.org/w3093755622,,,,0,0
https://openalex.org/w2581893236,https://doi.org/10.21037/apm.2017.01.02,,,0,0
https://openalex.org/w2118675163,https://doi.org/10.1093/rheumatology/kei177,,,0,0
https://openalex.org/w2413890543,,,,0,0
https://openalex.org/w2770077251,https://doi.org/10.1111/jan.13509,,,0,0
https://openalex.org/w2081011343,https://doi.org/10.1016/s0304-3959(96)03171-5,,,0,0
https://openalex.org/w2931269576,https://doi.org/10.1097/md.0000000000015119,,,0,0
https://openalex.org/w2579847742,https://doi.org/10.1007/s11606-006-0003-5,,,0,0
https://openalex.org/w2169162427,https://doi.org/10.1542/peds.2012-2346,,,0,0
https://openalex.org/w1972825307,https://doi.org/10.1111/j.1440-1843.2009.01587.x,,,0,0
https://openalex.org/w2145743639,https://doi.org/10.1111/j.1526-4637.2007.00316.x,,,0,0
https://openalex.org/w2132486660,https://doi.org/10.1093/jpepsy/jsi062,,,0,0
https://openalex.org/w4252586332,https://doi.org/10.1186/isrctn19037867,,,0,0
https://openalex.org/w1970507327,https://doi.org/10.1188/09.onf.544-552,,,0,1
https://openalex.org/w114407908,https://doi.org/10.1002/central/cn-00063512/full'],,,0,0
https://openalex.org/w1834735410,https://doi.org/10.1111/j.1365-2702.2009.03014.x,,,0,0
https://openalex.org/w2474432849,https://doi.org/10.1002/central/cn-00565672/full'],,,0,0
https://openalex.org/w4250615509,https://doi.org/10.1097/00124645-200111000-00008,,,0,0
https://openalex.org/w3482134,,,,0,0
https://openalex.org/w2052807863,https://doi.org/10.1097/00006416-199405000-00011,,,0,0
https://openalex.org/w1899852582,https://doi.org/10.4040/jkan.2011.41.1.18,,,0,0
https://openalex.org/w1984533875,https://doi.org/10.1016/j.jpainsymman.2012.10.119,,,0,0
https://openalex.org/w2465028109,https://doi.org/10.1016/j.ijnurstu.2016.06.012,,,0,0
https://openalex.org/w2048448550,https://doi.org/10.1093/bja/71.6.835,,,0,0
https://openalex.org/w4323253500,https://doi.org/10.1097/meg.0b013e328365ac70,,,0,0
https://openalex.org/w2800197301,https://doi.org/10.11569/wcjd.v26.i13.790,,,0,1
https://openalex.org/w2286834275,https://doi.org/10.1016/j.jamda.2016.01.001,,,0,0
https://openalex.org/w1969123438,https://doi.org/10.1016/j.jen.2008.08.005,,,0,0
https://openalex.org/w2077625499,https://doi.org/10.1016/s0304-3959(02)00458-x,,,0,0
https://openalex.org/w2474140782,https://doi.org/10.1186/s40064-016-2690-7,,,0,0
https://openalex.org/w2128459237,https://doi.org/10.1111/j.1365-2702.2011.03973.x,,,0,0
https://openalex.org/w2038548417,https://doi.org/10.1016/j.pmn.2010.09.005,,,0,0
https://openalex.org/w2087386278,https://doi.org/10.1016/s1134-282x(04)77713-1,,,0,0
https://openalex.org/w2013547083,https://doi.org/10.1016/j.clinthera.2009.07.024,,,0,0
https://openalex.org/w1713358985,https://doi.org/10.1002/central/cn-00356653/full'],,,0,0
https://openalex.org/w74710494,https://doi.org/10.1155/2009/538675,,,0,0
https://openalex.org/w2138587701,https://doi.org/10.1136/adc.78.5.453,,,0,0
https://openalex.org/w2922176036,https://doi.org/10.1016/j.jopan.2018.12.005,,000-126-537-036-446,1,1
https://openalex.org/w2747944843,https://doi.org/10.1016/j.pmn.2017.07.003,,,0,0
https://openalex.org/w2004373092,https://doi.org/10.3109/01460869609026861,,,0,0
https://openalex.org/w2519463201,https://doi.org/10.11124/jbisrir-2016-003058,,,0,0
https://openalex.org/w1991081078,https://doi.org/10.1188/02.onf.949-956,,,0,1
https://openalex.org/w4231022888,https://doi.org/10.1186/isrctn21206220,,,0,0
https://openalex.org/w2585852450,https://doi.org/10.1177/0269216316689237,,,0,0
https://openalex.org/w1986073191,https://doi.org/10.1111/j.1526-4637.2009.00707.x,,,0,0
https://openalex.org/w161458629,https://doi.org/10.4414/smw.2008.12224,,,0,0
https://openalex.org/w2317286424,https://doi.org/10.1097/00003643-201406001-00358,,,0,0
https://openalex.org/w2023661180,https://doi.org/10.1016/j.pmn.2010.05.001,,036-188-104-361-42X,1,1
https://openalex.org/w2935692864,https://doi.org/10.1111/wvn.12359,,,0,0
https://openalex.org/w2067656250,https://doi.org/10.1016/j.jopan.2006.01.016,,,0,0
https://openalex.org/w2945930040,https://doi.org/10.1108/ijhcqa-07-2018-0185,,,0,0
https://openalex.org/w2468426315,https://doi.org/10.4103/0973-1075.185042,,,0,0
https://openalex.org/w2969504646,https://doi.org/10.1016/j.spinee.2019.05.319,,,0,0
https://openalex.org/w2075526279,https://doi.org/10.1016/s1525-8610(04)70413-2,,,0,0
https://openalex.org/w2619670153,https://doi.org/10.1155/2017/6594782,,034-820-427-550-51X,1,1
https://openalex.org/w2043047272,https://doi.org/10.1016/j.pmn.2014.08.008,,012-164-134-189-838,1,1
https://openalex.org/w2972836170,https://doi.org/10.1186/s12877-019-1266-0,,,0,0
https://openalex.org/w2264853495,https://doi.org/10.1186/s13052-016-0218-y,,,0,0
https://openalex.org/w2896744558,https://doi.org/10.1097/md.0000000000012749,,,0,0
https://openalex.org/w2110302721,https://doi.org/10.1002/14651858.cd007672.pub2,,,0,0
https://openalex.org/w14210925,https://doi.org/10.1177/0310057x9402200605,,,0,0
https://openalex.org/w2817692153,https://doi.org/10.1186/s40814-018-0312-6,,,0,1
https://openalex.org/w2113548074,https://doi.org/10.1371/journal.pone.0115059,,,0,0
https://openalex.org/w1988027380,https://doi.org/10.1111/jocn.12657,,,0,0
https://openalex.org/w2138831146,https://doi.org/10.1136/adc.2004.069328,,,0,0
https://openalex.org/w2007084439,https://doi.org/10.1007/s00590-013-1351-6,,,0,0
https://openalex.org/w3209709378,https://doi.org/10.1002/central/cn-01884299,,,0,0
https://openalex.org/w2165663917,https://doi.org/10.1186/1748-5908-7-115,,,0,0
https://openalex.org/w1988073873,https://doi.org/10.1542/peds.2011-1879,,,0,0
https://openalex.org/w2093917195,https://doi.org/10.1016/j.arcped.2005.05.007,,,0,0
https://openalex.org/w2607273071,https://doi.org/10.1186/s12913-017-2244-x,,,0,0
https://openalex.org/w2030944974,https://doi.org/10.1007/s00520-014-2415-9,,,0,0
https://openalex.org/w2122637321,https://doi.org/10.1016/j.soard.2009.08.008,,,0,0
https://openalex.org/w2786952493,https://doi.org/10.4037/ccn2018676,,,0,0
https://openalex.org/w2161293798,https://doi.org/10.1080/073993301317094317,,,0,0
https://openalex.org/w1967153744,https://doi.org/10.1111/j.1471-0528.2002.01212.x,,102-624-433-315-520,0,0
https://openalex.org/w1992711381,https://doi.org/10.2165/00003088-200544010-00001,,,0,0
https://openalex.org/w92469905,,,,0,0
https://openalex.org/w2117455509,https://doi.org/10.1016/j.midw.2004.12.009,,,0,0
https://openalex.org/w2034898515,https://doi.org/10.1016/j.pain.2007.10.026,,,0,0
https://openalex.org/w2071849976,https://doi.org/10.1016/0952-8180(92)90128-n,,,0,0
https://openalex.org/w4405250198,,,,0,0
https://openalex.org/w4393022880,,,,0,1
https://openalex.org/w2132741616,https://doi.org/10.1111/j.1460-9592.2004.01279.x,,,0,0
https://openalex.org/w2056681087,https://doi.org/10.1002/j.2048-7940.2006.tb00377.x,,,0,0
https://openalex.org/w2883518708,https://doi.org/10.1007/s10620-018-5220-3,,,0,0
https://openalex.org/w2768956340,https://doi.org/10.1016/j.apnr.2017.11.026,,,0,0
https://openalex.org/w2281155166,https://doi.org/10.1002/central/cn-00722555/full'],,,0,0
https://openalex.org/w2064582770,https://doi.org/10.1111/jan.12183,,,0,0
https://openalex.org/w2111160883,https://doi.org/10.1016/j.medin.2013.11.008,,,0,0
https://openalex.org/w2093639349,https://doi.org/10.1136/bmj.d4065,,,0,0
https://openalex.org/w1926731789,https://doi.org/10.1111/j.1365-2702.2010.03546.x,,,0,0
https://openalex.org/w2014401817,https://doi.org/10.1188/14.onf.e238-e247,,,0,0
https://openalex.org/w2166168729,https://doi.org/10.1186/1475-2875-12-131,,,0,0
https://openalex.org/w1967877726,https://doi.org/10.1016/j.enfcli.2009.07.004,,,0,0
https://openalex.org/w1695537459,https://doi.org/10.1111/j.1460-9592.2011.03737.x,,,0,0
https://openalex.org/w2803987732,https://doi.org/10.1111/head.13337,,,0,0
https://openalex.org/w2111380270,https://doi.org/10.1111/j.1365-2702.2007.02234.x,,,0,0
https://openalex.org/w2135936287,https://doi.org/10.1002/1098-240x(200010)23:5<393::aid-nur6>3.0.co;2-o,,,0,1
https://openalex.org/w2025422005,https://doi.org/10.1248/yakushi.126.499,,,0,0
https://openalex.org/w2087268381,https://doi.org/10.1046/j.1526-4637.2002.02030.x,,,0,0
https://openalex.org/w2956820004,https://doi.org/10.1097/jnr.0000000000000331,,,0,0
https://openalex.org/w2078514180,https://doi.org/10.1016/j.fertnstert.2006.08.097,,,0,0
https://openalex.org/w2171696130,https://doi.org/10.1111/j.1365-2648.1994.tb01189.x,,,0,0
https://openalex.org/w2799487736,https://doi.org/10.1016/j.pmn.2018.01.006,,,0,1
https://openalex.org/w2027414938,https://doi.org/10.1097/00129804-200111000-00009,,,0,0
https://openalex.org/w1988341723,https://doi.org/10.1188/07.onf.127-132,,,0,0
https://openalex.org/w2399543954,https://doi.org/10.1097/hnp.0000000000000105,,,0,0
https://openalex.org/w1486814714,https://doi.org/10.1016/j.pmn.2014.06.008,,,0,0
https://openalex.org/w2060668490,https://doi.org/10.1111/j.1526-4637.2009.00667.x,,,0,0
https://openalex.org/w2776009635,https://doi.org/10.3310/hta21760,,,0,0
https://openalex.org/w2088732194,https://doi.org/10.1007/s00520-009-0768-2,,,0,0
https://openalex.org/w2435089917,https://doi.org/10.1016/j.jamda.2016.05.006,,,0,0
https://openalex.org/w1969929479,https://doi.org/10.1093/ecam/nem076,,,0,0
https://openalex.org/w2095533566,https://doi.org/10.1111/j.1552-6909.1994.tb01849.x,,,0,0
https://openalex.org/w2551854667,https://doi.org/10.1016/j.jmpt.2016.08.003,,,0,0
https://openalex.org/w2242824173,https://doi.org/10.1097/ajp.0b013e3182290d56,,,0,0
https://openalex.org/w1973694116,https://doi.org/10.1111/j.1365-2648.2008.04642.x,,,0,0
https://openalex.org/w2132990056,https://doi.org/10.1177/106002809402800706,,,0,0
https://openalex.org/w112096400,,,,0,0
https://openalex.org/w2789477246,https://doi.org/10.16948/zktipb.303625,,,0,0
https://openalex.org/w2952960762,https://doi.org/10.1016/j.jamda.2019.04.031,,,0,0
https://openalex.org/w2083287551,https://doi.org/10.1016/j.ctim.2010.05.037,,,0,0
https://openalex.org/w2775744087,https://doi.org/10.1097/rnj.0000000000000120,,,0,0
https://openalex.org/w2112425786,https://doi.org/10.1002/14651858.cd007030.pub3,,,0,0
https://openalex.org/w3142606331,,,,0,0
https://openalex.org/w2519177588,https://doi.org/10.1007/s00540-016-2233-y,,,0,0
https://openalex.org/w259974783,https://doi.org/10.1080/08858190009528701,,,0,0
https://openalex.org/w1983668035,https://doi.org/10.1097/01.ccm.0000162565.18193.e5,,,0,0
https://openalex.org/w1866438480,https://doi.org/10.6004/jnccn.2007.0090,,,0,0
https://openalex.org/w2125483807,https://doi.org/10.1016/j.ctim.2015.08.005,,,0,0
https://openalex.org/w2050143859,https://doi.org/10.1136/bmj.307.6906.714,,,0,0
https://openalex.org/w2142664856,https://doi.org/10.1300/j088v02n03_02,,,0,0
https://openalex.org/w2297101343,https://doi.org/10.1002/central/cn-01100706/full'],,,0,0
https://openalex.org/w2566748933,https://doi.org/10.1111/jocn.13714,,,0,0
https://openalex.org/w2143618573,https://doi.org/10.1002/central/cn-00902242/full'],,,0,0
https://openalex.org/w2667698269,https://doi.org/10.1002/14651858.cd012700,,,0,0
https://openalex.org/w2103157046,https://doi.org/10.1177/1043454209355983,,,0,0
https://openalex.org/w2797430321,https://doi.org/10.4103/1319-2442.229265,,,0,0
https://openalex.org/w2745502047,https://doi.org/10.1515/med-2017-0037,,,0,0
https://openalex.org/w2563622368,https://doi.org/10.1002/central/cn-01300129/full'],,,0,0
https://openalex.org/w2588186687,https://doi.org/10.1093/annonc/mdw384.06,,,0,1
https://openalex.org/w2090548233,https://doi.org/10.1016/j.ejpain.2009.06.010,,,0,0
https://openalex.org/w2289421821,,,,0,0
https://openalex.org/w2191919970,https://doi.org/10.1016/j.jacc.2014.11.056,,,0,0
https://openalex.org/w2558625439,https://doi.org/10.1111/jocn.13680,,,0,0
https://openalex.org/w2014436788,https://doi.org/10.1016/j.pmn.2007.03.003,,,0,0
https://openalex.org/w2792406497,https://doi.org/10.1016/j.ctcp.2018.01.006,,,0,0
https://openalex.org/w2803324623,https://doi.org/10.1016/j.pmn.2018.02.065,,,0,0
https://openalex.org/w1979544351,https://doi.org/10.1002/art.10994,,,0,0
https://openalex.org/w2157293397,https://doi.org/10.1053/hl.1999.v28.a95256,,,0,1
https://openalex.org/w2014899363,https://doi.org/10.1111/j.1553-2712.2000.tb02234.x,,,0,0
https://openalex.org/w2555509469,https://doi.org/10.1159/000452478,,,0,0
https://openalex.org/w2291832858,https://doi.org/10.1111/jgs.13874,,,0,0
https://openalex.org/w2892613170,https://doi.org/10.1111/ggi.13509,,,0,0
https://openalex.org/w2004842411,https://doi.org/10.1053/jpmn.2001.23918,,,0,0
https://openalex.org/w2945106297,https://doi.org/10.1136/bmjopen-2018-024549,,,0,0
https://openalex.org/w2585017666,https://doi.org/10.3389/fped.2017.00010,,,0,0
https://openalex.org/w2499473798,https://doi.org/10.1177/1099800416657636,,,0,0
https://openalex.org/w1844649174,https://doi.org/10.4037/ajcc1993.2.4.293,,,0,0
https://openalex.org/w2284319028,https://doi.org/10.1111/jocn.13112,,,0,0
https://openalex.org/w2441482623,https://doi.org/10.3928/00989134-20151111-02,,,0,0
https://openalex.org/w2019960309,https://doi.org/10.1097/00006199-199301000-00009,,,0,0
https://openalex.org/w2063950018,https://doi.org/10.12968/bjch.1997.2.9.7270,,,0,0
https://openalex.org/w3200594088,https://doi.org/10.1002/central/cn-01659928,,,0,0
https://openalex.org/w2912007206,https://doi.org/10.1016/j.ctcp.2019.02.007,,,0,0
https://openalex.org/w2104634736,https://doi.org/10.1016/j.apnr.2010.10.001,,,0,0
https://openalex.org/w2168347354,https://doi.org/10.1097/00002508-200106000-00011,,,0,0
https://openalex.org/w2593119224,https://doi.org/10.1097/jpn.0000000000000243,,,0,1
https://openalex.org/w1983467477,https://doi.org/10.1007/s12098-010-0327-3,,,0,0
https://openalex.org/w2141611984,https://doi.org/10.1016/j.anclin.2010.08.010,,,0,0
https://openalex.org/w2321997138,https://doi.org/10.1891/0730-0832.32.4.274,,,0,0
https://openalex.org/w1781535328,https://doi.org/10.5681/jcs.2012.031,,,0,0
https://openalex.org/w2159097305,https://doi.org/10.1111/j.1552-6909.1995.tb02456.x,,,0,0
https://openalex.org/w2944635301,https://doi.org/10.1177/0269216319833588,,,0,0
https://openalex.org/w2137376076,https://doi.org/10.1016/j.jemermed.2011.06.090,,,0,1
https://openalex.org/w2526733846,https://doi.org/10.1111/jocn.13591,,,0,0
https://openalex.org/w2911936851,https://doi.org/10.1136/annrheumdis-2018-214469,,,0,0
https://openalex.org/w2024225212,https://doi.org/10.1111/j.1547-5069.2008.00229.x,,,0,0
https://openalex.org/w2068355410,https://doi.org/10.1046/j.1523-536x.2001.00084.x,,,0,0
https://openalex.org/w2074405924,https://doi.org/10.1046/j.1365-2044.2003.296822.x,,,0,0
https://openalex.org/w3005046000,,,,0,0
https://openalex.org/w2040760160,https://doi.org/10.1016/j.ijnurstu.2008.12.002,,,0,0
https://openalex.org/w2154339267,https://doi.org/10.1002/j.1875-9114.1995.tb04355.x,,,0,0
https://openalex.org/w2168029080,https://doi.org/10.1111/j.1365-2648.2004.03268.x,,,0,0
https://openalex.org/w2001465582,https://doi.org/10.1177/1043454209355452,,,0,0
https://openalex.org/w2591060180,https://doi.org/10.1016/j.sjpain.2017.01.013,,,0,0
https://openalex.org/w2036191769,https://doi.org/10.1046/j.1532-5415.2002.50021.x,,,0,0
https://openalex.org/w1971966032,https://doi.org/10.1016/s1607-551x(09)70132-9,,,0,0
https://openalex.org/w2602930973,,,,0,0
https://openalex.org/w1988552036,https://doi.org/10.1016/0885-3924(93)90141-h,,,0,0
https://openalex.org/w2122438864,https://doi.org/10.1136/acupmed.2011.010025,,,0,0
https://openalex.org/w2081444962,https://doi.org/10.1016/j.ctcp.2010.06.005,,,0,0
https://openalex.org/w2497387870,https://doi.org/10.1016/j.jcrc.2016.07.011,,,0,0
https://openalex.org/w96510721,https://doi.org/10.1002/central/cn-00167582/full'],,,0,0
https://openalex.org/w2904194780,https://doi.org/10.1186/s12912-018-0323-x,,,0,0
https://openalex.org/w2046219885,https://doi.org/10.1097/00005721-200103000-00005,,,0,0
https://openalex.org/w4312455889,https://doi.org/10.48029/nji.2010.ci603,,,0,0
https://openalex.org/w2110840915,https://doi.org/10.1136/ebn.8.1.17,,,0,0
https://openalex.org/w2939761201,https://doi.org/10.1177/0961203319841435,,,0,0
https://openalex.org/w2123315913,https://doi.org/10.1136/bmjopen-2013-002577,,,0,0
https://openalex.org/w2049577521,https://doi.org/10.1002/j.1552-4604.1986.tb02977.x,,,0,0
https://openalex.org/w1999250349,https://doi.org/10.1097/qai.0b013e3182158967,,,0,0
https://openalex.org/w2129479569,https://doi.org/10.1136/emj.2009.086298,,,0,0
https://openalex.org/w2044562779,https://doi.org/10.1016/j.jpainsymman.2011.12.033,,,0,0
https://openalex.org/w2046603504,https://doi.org/10.1111/j.1526-4637.2003.03046.x,,,0,0
https://openalex.org/w1982342134,https://doi.org/10.1016/0022-3468(90)90400-4,,,0,0
https://openalex.org/w2326509519,https://doi.org/10.2196/resprot.4995,,,0,0
https://openalex.org/w2339512035,https://doi.org/10.1093/pm/pnv121,,,0,0
https://openalex.org/w2625527484,https://doi.org/10.1002/central/cn-01395907/full'],,,0,0
https://openalex.org/w2075871388,https://doi.org/10.1097/00006199-197309000-00008,,,0,0
https://openalex.org/w2032719171,https://doi.org/10.1186/1471-2318-14-99,,,0,0
https://openalex.org/w2785267178,https://doi.org/10.1016/j.pmn.2017.10.018,,,0,1
https://openalex.org/w4233363182,https://doi.org/10.1186/isrctn91987302,,,0,0
https://openalex.org/w2046754423,https://doi.org/10.1111/jan.12072,,,0,0
https://openalex.org/w2086561318,https://doi.org/10.1016/j.jpeds.2012.06.020,,,0,0
https://openalex.org/w2139019282,https://doi.org/10.1016/j.vhri.2012.03.013,,,0,0
https://openalex.org/w2316781762,https://doi.org/10.11569/wcjd.v23.i4.633,,,0,0
https://openalex.org/w2222797046,https://doi.org/10.1002/central/cn-00916868/full'],,,0,1
https://openalex.org/w2330014244,https://doi.org/10.1097/eja.0b013e3283418fb0,,,0,0
https://openalex.org/w1166646603,https://doi.org/10.1016/j.pmn.2015.06.007,,,0,0
https://openalex.org/w2137196567,https://doi.org/10.1093/jpepsy/21.5.603,,,0,0
https://openalex.org/w1981646950,https://doi.org/10.1097/01.brs.0000186323.11285.b1,,,0,0
https://openalex.org/w2085421485,https://doi.org/10.1188/04.onf.81-88,,,0,0
https://openalex.org/w1566572813,https://doi.org/10.1111/jspn.12048,,,0,0
https://openalex.org/w2142645129,https://doi.org/10.1016/j.enfcli.2015.02.001,,,0,0
https://openalex.org/w2068282738,https://doi.org/10.1016/j.jpainsymman.2007.08.010,,,0,0
https://openalex.org/w2010164712,https://doi.org/10.1016/j.juro.2011.06.005,,,0,0
https://openalex.org/w2170780958,https://doi.org/10.1185/03007990902728183,,,0,0
https://openalex.org/w2041500897,https://doi.org/10.1179/joc.2006.18.2.217,,,0,0
https://openalex.org/w2593558741,https://doi.org/10.1016/j.ajog.2016.12.167,,,0,0
https://openalex.org/w4248476315,https://doi.org/10.1186/isrctn48083859,,,0,0
https://openalex.org/w2087366406,https://doi.org/10.1016/j.gerinurse.2003.09.006,,,0,0
https://openalex.org/w2050955804,https://doi.org/10.1016/j.ijnurstu.2010.10.009,,,0,0
https://openalex.org/w2108409144,https://doi.org/10.1016/j.arthro.2015.01.023,,,0,0
https://openalex.org/w2004366065,https://doi.org/10.1111/j.1365-2702.2006.01779.x,,,0,0
https://openalex.org/w2021662989,https://doi.org/10.1111/j.1741-6787.2007.00098.x,,,0,0
https://openalex.org/w2600021833,https://doi.org/10.1016/j.jpain.2017.02.003,,,0,0
https://openalex.org/w4239908478,https://doi.org/10.1186/isrctn78400671,,,0,0
https://openalex.org/w2021480620,https://doi.org/10.1016/j.jclinane.2008.07.005,,,0,0
https://openalex.org/w2901271783,https://doi.org/10.5507/bp.2018.072,,,0,0
https://openalex.org/w2178248092,https://doi.org/10.4085/1062-6050-46.5.543,,,0,0
https://openalex.org/w1975447144,https://doi.org/10.1111/j.1365-2702.2008.02652.x,,,0,0
https://openalex.org/w2047101697,https://doi.org/10.1111/jocn.12152,,,0,0
https://openalex.org/w2076830765,https://doi.org/10.1038/ajg.2009.250,,,0,0
https://openalex.org/w2113774168,https://doi.org/10.1191/026921699675854885,,,0,0
https://openalex.org/w4234670530,https://doi.org/10.1186/isrctn07784216,,,0,0
https://openalex.org/w2324343702,https://doi.org/10.1016/j.jpainsymman.2011.12.191,,,0,0
https://openalex.org/w2065975313,https://doi.org/10.1016/j.aorn.2010.04.001,,,0,0
https://openalex.org/w2048893050,https://doi.org/10.1539/joh.l7150,,,0,0
https://openalex.org/w2975614423,https://doi.org/10.5173/ceju.2017.938,,,0,0
https://openalex.org/w2609183585,https://doi.org/10.1097/prs.0000000000003243,,,0,0
https://openalex.org/w2618447330,https://doi.org/10.22038/ijogi.2017.8979,,,0,0
https://openalex.org/w2033178729,https://doi.org/10.1136/emj.2005.029231,,,0,0
https://openalex.org/w2097131858,https://doi.org/10.1111/j.1471-6712.2010.00785.x,,,0,0
https://openalex.org/w2015024176,https://doi.org/10.1097/jnn.0000000000000086,,,0,1
https://openalex.org/w2024990625,https://doi.org/10.1016/0002-9343(86)90112-9,,,0,0
https://openalex.org/w2092539033,https://doi.org/10.2147/jpr.s37272,,,0,0
https://openalex.org/w2118673816,https://doi.org/10.1517/14656566.9.9.1541,,,0,0
https://openalex.org/w2098609135,https://doi.org/10.1136/ebn.9.2.41,,,0,0
https://openalex.org/w2782192870,https://doi.org/10.29252/beat-060105,,,0,0
https://openalex.org/w2138448584,https://doi.org/10.1213/ane.0b013e3181ed1317,,,0,0
https://openalex.org/w2413941993,https://doi.org/10.1177/0310057x0002800502,,,0,0
https://openalex.org/w2889710630,https://doi.org/10.4103/aer.aer_113_18,,,0,0
https://openalex.org/w2546795689,https://doi.org/10.1007/s10343-016-0377-1,,,0,0
https://openalex.org/w2282818693,,,,0,0
https://openalex.org/w1919245653,https://doi.org/10.4040/jkan.2011.41.1.141,,,0,0
https://openalex.org/w2944970661,https://doi.org/10.1002/14651858.cd013340,,,0,0
https://openalex.org/w4251763335,https://doi.org/10.1002/14651858.cd006275.pub2,,,0,0
https://openalex.org/w1500819085,https://doi.org/10.1111/j.1651-2227.2012.02763.x,,,0,0
https://openalex.org/w2553497393,https://doi.org/10.1111/jocn.13643,,,0,0
https://openalex.org/w2153436810,https://doi.org/10.1136/oem.2003.012245,,,0,0
https://openalex.org/w2012733290,https://doi.org/10.1016/s0966-6532(02)00019-7,,,0,0
https://openalex.org/w2276112149,https://doi.org/10.4097/kjae.2000.38.1.105,,,0,0
https://openalex.org/w2768348541,https://doi.org/10.1016/j.jogn.2017.10.005,,,0,0
https://openalex.org/w2124335510,https://doi.org/10.1093/bja/70.6.626,,,0,0
https://openalex.org/w2189609467,https://doi.org/10.1016/j.vaccine.2015.10.095,,,0,0
https://openalex.org/w2026721207,https://doi.org/10.1016/0304-3959(84)90885-6,,,0,0
https://openalex.org/w2041130741,https://doi.org/10.1016/s0304-3959(03)00046-0,,,0,0
https://openalex.org/w2054711193,https://doi.org/10.1016/j.jpainsymman.2010.06.009,,,0,0
https://openalex.org/w2157018200,https://doi.org/10.1097/aln.0b013e3181c6316e,,,0,0
https://openalex.org/w2103156363,https://doi.org/10.1111/j.0889-7204.2001.00797.x,,,0,0
https://openalex.org/w2552778242,https://doi.org/10.1097/01.ccm.0000509448.34327.23,,,0,0
https://openalex.org/w2041063276,https://doi.org/10.5172/conu.3.1.6,,,0,1
https://openalex.org/w3145064094,https://doi.org/10.1002/14651858.cd002287.pub3,,,0,0
https://openalex.org/w2973353075,https://doi.org/10.1136/bmjopen-2019-029264,,,0,0
https://openalex.org/w1969766933,https://doi.org/10.1016/j.jmig.2013.08.009,,,0,0
https://openalex.org/w2951209985,https://doi.org/10.1177/0300060519845807,,,0,0
https://openalex.org/w1990074249,https://doi.org/10.1016/s0011-393x(05)80203-6,,,0,0
https://openalex.org/w1969874160,https://doi.org/10.1016/j.ijcard.2013.05.067,,,0,0
https://openalex.org/w2948187695,https://doi.org/10.1016/j.injury.2019.06.002,,,0,0
https://openalex.org/w2770644907,https://doi.org/10.11569/wcjd.v25.i32.2906,,,0,0
https://openalex.org/w2035059797,https://doi.org/10.1097/00006416-200203000-00009,,,0,1
https://openalex.org/w2011681195,https://doi.org/10.1016/j.apnr.2003.10.005,,,0,0
https://openalex.org/w2986411214,,,,0,0
https://openalex.org/w1798457041,https://doi.org/10.1111/j.1365-2648.2011.05920.x,,,0,0
https://openalex.org/w1983679136,https://doi.org/10.1196/annals.1414.033,,,0,0
https://openalex.org/w324781170,,,,0,0
https://openalex.org/w2038617822,https://doi.org/10.1016/j.pmn.2009.05.005,,,0,0
https://openalex.org/w2779990888,https://doi.org/10.1016/j.ijnurstu.2017.12.009,,,0,0
https://openalex.org/w2156057776,https://doi.org/10.1111/j.1526-4637.2010.01020.x,,,0,0
https://openalex.org/w1973186201,https://doi.org/10.1016/j.injury.2011.09.018,,,0,0
https://openalex.org/w2101200650,https://doi.org/10.1002/14651858.cd005958.pub3,,,0,0
https://openalex.org/w1513482643,https://doi.org/10.4040/jkan.2006.36.6.897,,,0,0
https://openalex.org/w2971792582,https://doi.org/10.1016/j.pedn.2019.08.013,,,0,0
https://openalex.org/w2012488373,https://doi.org/10.1111/j.1088-145x.2005.00002.x,,,0,0
https://openalex.org/w2101000025,https://doi.org/10.1590/s0080-623420140000400014,,,0,0
https://openalex.org/w2025072916,https://doi.org/10.1186/1748-5908-2-16,,,0,0
https://openalex.org/w2014104213,https://doi.org/10.1016/j.ejpain.2007.04.004,,,0,0
https://openalex.org/w2938025109,,,,0,0
https://openalex.org/w2974565437,https://doi.org/10.1136/bmjopen-2019-030863,,,0,0
https://openalex.org/w2074090097,https://doi.org/10.1016/j.pmn.2014.04.004,,,0,0
https://openalex.org/w2518632137,https://doi.org/10.5812/nmsjournal.35909,,,0,0
https://openalex.org/w1656630057,https://doi.org/10.1002/smi.2429,,,0,0
https://openalex.org/w2945273149,https://doi.org/10.1016/j.pmn.2019.02.012,,,0,0
https://openalex.org/w2328617481,https://doi.org/10.11569/wcjd.v22.i31.4858,,,0,0
https://openalex.org/w2785166452,,,,0,1
https://openalex.org/w1877810678,,,,0,0
https://openalex.org/w2027313155,https://doi.org/10.1542/peds.2010-1593,,,0,0
https://openalex.org/w2096713010,https://doi.org/10.1111/j.1365-2702.2011.03829.x,,077-201-913-033-961,1,1
https://openalex.org/w2003378304,https://doi.org/10.1046/j.1440-0979.2000.00176.x,,,0,0
https://openalex.org/w2052542938,https://doi.org/10.1016/s0882-5963(05)80034-x,,,0,0
https://openalex.org/w2034604287,https://doi.org/10.1177/026921639601000207,,,0,0
https://openalex.org/w2743061509,https://doi.org/10.11569/wcjd.v25.i22.2061,,,0,0
https://openalex.org/w2409000183,https://doi.org/10.1891/1541-6577.30.1.44,,,0,0
https://openalex.org/w1972841241,https://doi.org/10.1177/0193945906292538,,,0,0
https://openalex.org/w4247969284,https://doi.org/10.31525/ct1-nct03878212,,,0,0
https://openalex.org/w2026437904,https://doi.org/10.1016/j.pmn.2006.06.002,,,0,0
https://openalex.org/w2797782884,https://doi.org/10.1177/1534735418769153,,,0,0
https://openalex.org/w2069494874,https://doi.org/10.1016/j.pmn.2012.07.008,,,0,0
https://openalex.org/w1996787309,https://doi.org/10.1089/jwh.2010.2128,,,0,0
https://openalex.org/w2904987382,https://doi.org/10.5812/msnj.79613,,,0,0
https://openalex.org/w2139159190,https://doi.org/10.1016/j.jen.2004.08.010,,,0,0
https://openalex.org/w1500175872,https://doi.org/10.1111/j.1532-5415.2005.53572.x,,,0,0
https://openalex.org/w2415574306,,,,0,0
https://openalex.org/w1933904227,https://doi.org/10.1111/wvn.12099,,,0,0
https://openalex.org/w2980861097,https://doi.org/10.1016/j.ejon.2019.101678,,,0,0
https://openalex.org/w2116588502,https://doi.org/10.1093/jpepsy/26.8.513,,,0,0
https://openalex.org/w2470736194,,,,0,0
https://openalex.org/w2904034122,https://doi.org/10.1016/j.pmn.2018.04.003,,,0,0
https://openalex.org/w1584781401,https://doi.org/10.1111/j.1532-5415.2009.02315.x,,,0,0
https://openalex.org/w2960296311,https://doi.org/10.1016/j.jopan.2019.05.005,,,0,1
https://openalex.org/w2127264018,https://doi.org/10.1186/1745-6215-11-29,,,0,0
https://openalex.org/w2055911679,https://doi.org/10.1037//0022-006x.58.5.565,,,0,0
https://openalex.org/w1935422005,https://doi.org/10.1111/nicc.12159,,,0,1
https://openalex.org/w1985402024,https://doi.org/10.1016/j.pmn.2008.03.001,,,0,0
https://openalex.org/w2978732851,https://doi.org/10.4103/jcn.jcn_59_18,,,0,0
https://openalex.org/w2983922574,https://doi.org/10.1016/j.jopan.2019.08.009,,,0,0
https://openalex.org/w4400013827,https://doi.org/10.37464/2018.354.1500,,,0,0
https://openalex.org/w2028920210,https://doi.org/10.1016/s0304-3959(98)00158-4,,,0,0
https://openalex.org/w1992912676,https://doi.org/10.11124/jbisrir-2015-1885,,,0,0
https://openalex.org/w2944006110,https://doi.org/10.1016/j.pmn.2018.10.002,,,0,0
https://openalex.org/w2033245579,https://doi.org/10.1007/s00296-010-1627-7,,,0,0
https://openalex.org/w2987627973,https://doi.org/10.1001/jamapsychiatry.2019.3474,,,0,0
https://openalex.org/w1965343691,https://doi.org/10.1097/nnr.0b013e318199b599,,,0,0
https://openalex.org/w1488549122,,,,0,0
https://openalex.org/w2146153004,https://doi.org/10.1186/1745-6673-9-15,,,0,0
https://openalex.org/w2188657916,,,,0,0
https://openalex.org/w2138819300,https://doi.org/10.1093/ageing/afu052,,,0,0
https://openalex.org/w2135559158,https://doi.org/10.1136/annrheumdis-2012-202296,,,0,0
https://openalex.org/w2136699063,https://doi.org/10.1097/nan.0000000000000065,,,0,0
https://openalex.org/w2439239247,,,,0,0
https://openalex.org/w2101599294,https://doi.org/10.1016/j.jvn.2011.11.003,,,0,0
https://openalex.org/w151133566,https://doi.org/10.1007/bf02527904,,,0,0
https://openalex.org/w2286698267,https://doi.org/10.4037/ajcc2001.10.4.238,,,0,0
https://openalex.org/w2216675717,https://doi.org/10.5812/traumamon.25607,,,0,0
https://openalex.org/w2965969777,https://doi.org/10.1016/j.ctim.2019.08.004,,,0,0
https://openalex.org/w2116072603,https://doi.org/10.1186/1471-2318-10-9,,,0,0
https://openalex.org/w2037257846,https://doi.org/10.1097/00002820-200505000-00002,,,0,0
https://openalex.org/w2161720408,https://doi.org/10.1016/j.jopan.2012.08.005,,,0,0
https://openalex.org/w2573380238,https://doi.org/10.1093/bja/aew403,,,0,0
https://openalex.org/w2107977704,https://doi.org/10.1177/0017896912471136,,,0,0
https://openalex.org/w2516993937,https://doi.org/10.1097/bcr.0000000000000423,,,0,0
https://openalex.org/w2443084587,https://doi.org/10.1002/central/cn-00597817/full'],,,0,0
https://openalex.org/w2734779499,https://doi.org/10.1136/bmjopen-2016-015515,,,0,0
https://openalex.org/w2750220604,https://doi.org/10.1016/j.pmn.2017.05.009,,,0,0
https://openalex.org/w4405665040,,,,0,0
https://openalex.org/w2127520111,https://doi.org/10.1016/j.ejpain.2006.02.010,,,0,0
https://openalex.org/w2067178419,https://doi.org/10.4103/0189-6725.129236,,,0,0
https://openalex.org/w4231733697,https://doi.org/10.4328/jcam.5477,,,0,0
https://openalex.org/w1968233640,https://doi.org/10.1186/1471-2474-15-232,,,0,0
https://openalex.org/w2337750938,https://doi.org/10.1016/j.aucc.2016.04.001,,,0,0
https://openalex.org/w1908499568,https://doi.org/10.1016/s0140-6736(15)61137-0,,,0,0
https://openalex.org/w4236587947,https://doi.org/10.31525/ct1-nct03999671,,,0,0
https://openalex.org/w1997832579,https://doi.org/10.1016/0304-3959(94)90004-3,,,0,0
https://openalex.org/w2967340095,https://doi.org/10.1002/14651858.cd002099.pub3,,,0,0
https://openalex.org/w2104925331,https://doi.org/10.1093/bja/87.1.36,,017-944-679-560-640,0,0
https://openalex.org/w2022670329,https://doi.org/10.1111/j.1572-0241.2005.00335.x,,,0,0
https://openalex.org/w2074398189,https://doi.org/10.1097/00004630-199501000-00011,,,0,0
https://openalex.org/w2987187048,https://doi.org/10.3390/ijerph16214254,,,0,0
https://openalex.org/w2005262317,https://doi.org/10.2165/00115677-200513030-00004,,,0,0
https://openalex.org/w2100064129,https://doi.org/10.1016/s0952-8180(01)00304-x,,,0,0
https://openalex.org/w1580782831,https://doi.org/10.1016/j.jpainsymman.2010.07.020,,,0,0
https://openalex.org/w312900492,,,,0,0
https://openalex.org/w2108190259,https://doi.org/10.1002/central/cn-01734204/full'],,,0,0
https://openalex.org/w2952844955,https://doi.org/10.1111/jjns.12273,,,0,0
https://openalex.org/w1839546484,https://doi.org/10.1016/j.pmn.2015.01.005,,,0,0
https://openalex.org/w4415078868,https://doi.org/10.1136/rapm-00115550-199924050-00012,,,0,0
https://openalex.org/w2047614029,https://doi.org/10.1016/j.jphotobiol.2010.07.002,,,0,0
https://openalex.org/w2051879338,https://doi.org/10.1016/s1353-6117(03)00020-9,,,0,0
https://openalex.org/w2582116600,https://doi.org/10.1188/17.cjon.e15-e22,,,0,0
https://openalex.org/w1998044800,https://doi.org/10.1002/j.1552-4604.1984.tb01811.x,,,0,0
https://openalex.org/w2933605724,https://doi.org/10.1136/bmjopen-2018-024441,,,0,0
https://openalex.org/w2155865477,https://doi.org/10.1016/0959-8049(94)90420-0,,,0,0
https://openalex.org/w2088792886,https://doi.org/10.1016/s1366-0071(00)80002-9,,,0,0
https://openalex.org/w2107160343,https://doi.org/10.1046/j.1365-2648.2003.02646.x,,,0,0
https://openalex.org/w2024161109,https://doi.org/10.1111/acem.12072,,,0,0
https://openalex.org/w1969413924,https://doi.org/10.1179/107902611x12971826988255,,,0,0
https://openalex.org/w2154700876,https://doi.org/10.1136/ebn.5.2.47,,,0,0
https://openalex.org/w2020067983,https://doi.org/10.1016/j.midw.2010.08.009,,,0,0
https://openalex.org/w2321473074,https://doi.org/10.1016/j.gie.2015.03.112,,,0,0
https://openalex.org/w2048285658,https://doi.org/10.1111/j.1744-1609.2012.00257.x,,,0,0
https://openalex.org/w2514215697,https://doi.org/10.3390/ani6090052,,,0,0
https://openalex.org/w2019863877,https://doi.org/10.7326/0003-4819-139-12-200312160-00007,,,0,0
https://openalex.org/w2019391228,https://doi.org/10.7586/jkbns.2015.17.1.28,,,0,1
https://openalex.org/w2324180289,https://doi.org/10.1097/jnr.0000000000000129,,,0,1
https://openalex.org/w2046221441,https://doi.org/10.1177/104990919901600407,,,0,0
https://openalex.org/w2133064705,https://doi.org/10.1002/central/cn-00837683/full'],,,0,0
https://openalex.org/w2082525642,https://doi.org/10.1016/j.pmn.2004.06.001,,,0,0
https://openalex.org/w2107879572,https://doi.org/10.1111/j.1365-2702.2007.02115.x,,,0,1
https://openalex.org/w2970621146,https://doi.org/10.1111/jan.14184,,,0,0
https://openalex.org/w1503214183,https://doi.org/10.1111/j.1365-2702.2011.04009.x,,000-544-725-158-389,1,1
https://openalex.org/w2027854769,https://doi.org/10.1016/s0020-7489(03)00129-9,,,0,0
https://openalex.org/w2049681759,https://doi.org/10.1089/cpb.2008.0056,,,0,0
https://openalex.org/w2314826063,https://doi.org/10.1097/hnp.0000000000000062,,,0,1
https://openalex.org/w2018375872,https://doi.org/10.1590/s0104-11692012000300012,,,0,0
https://openalex.org/w1964500386,https://doi.org/10.1016/0304-3959(95)00189-1,,,0,0
https://openalex.org/w2403431452,https://doi.org/10.1136/rapm-00115550-199217060-00004,,,0,0
https://openalex.org/w2072069249,https://doi.org/10.1111/j.1365-2648.2007.04550.x,,,0,0
https://openalex.org/w1991319989,https://doi.org/10.1111/j.1526-4610.1989.hed2908528.x,,,0,0
https://openalex.org/w1968217566,https://doi.org/10.1111/j.1365-2648.1996.tb00012.x,,,0,0
https://openalex.org/w2047336143,https://doi.org/10.1016/j.pmn.2014.08.003,,,0,0
https://openalex.org/w2050707713,https://doi.org/10.1016/j.pmn.2014.05.010,,,0,0
https://openalex.org/w2767241397,https://doi.org/10.1016/j.jval.2017.08.3017,,,0,0
https://openalex.org/w1975319171,https://doi.org/10.1136/bmj.h3147,,,0,0
https://openalex.org/w2911974223,https://doi.org/10.1093/pm/pny288,,,0,0
https://openalex.org/w2338192967,https://doi.org/10.7518/hxkq.2014.03.013,,,0,0
https://openalex.org/w2063842454,https://doi.org/10.1097/00002508-199803000-00004,,,0,0
https://openalex.org/w4413973780,https://doi.org/10.1136/rapm-00115550-199823060-00011,,,0,0
https://openalex.org/w2514824184,https://doi.org/10.1007/s11724-006-0017-0,,,0,0
https://openalex.org/w2144436728,https://doi.org/10.3171/2014.9.jns14406,,,0,0
https://openalex.org/w4302966919,,,,0,0
https://openalex.org/w2784268385,https://doi.org/10.1016/j.athoracsur.2017.12.011,,,0,0
https://openalex.org/w4250174095,https://doi.org/10.31525/ct1-nct03933865,,,0,0
https://openalex.org/w1836772088,https://doi.org/10.4037/ajcc1999.8.2.105,,,0,0
https://openalex.org/w4300723219,https://doi.org/10.1002/central/cn-00413316/full'],,,0,0
https://openalex.org/w2549267330,https://doi.org/10.1016/j.ctcp.2016.11.003,,,0,0
https://openalex.org/w1998905920,https://doi.org/10.1016/j.midw.2008.11.003,,,0,0
https://openalex.org/w2092807911,https://doi.org/10.1111/j.1460-9592.2008.02601.x,,,0,0
https://openalex.org/w2000556858,https://doi.org/10.1016/j.ptsp.2007.02.002,,,0,0
https://openalex.org/w2110812052,https://doi.org/10.1002/14651858.cd002287.pub2,,,0,0
https://openalex.org/w1987220405,https://doi.org/10.1111/j.1365-2044.2004.03661.x,,,0,0
https://openalex.org/w25327266,https://doi.org/10.1007/978-1-4419-1651-8_10,,,0,0
https://openalex.org/w4232017797,https://doi.org/10.31525/ct1-nct04075006,,,0,0
https://openalex.org/w2947563074,https://doi.org/10.1186/s12877-019-1139-6,,,0,0
https://openalex.org/w2360777728,https://doi.org/10.1002/central/cn-00754312/full'],,,0,0
https://openalex.org/w2956119278,https://doi.org/10.12927/hcq.2019.25834,,,0,0
https://openalex.org/w2046418815,https://doi.org/10.1016/j.jamda.2010.02.011,,,0,0
https://openalex.org/w1496175150,https://doi.org/10.4314/aju.v13i1.8174,,,0,0
https://openalex.org/w1986861949,https://doi.org/10.5737/1181912x163137144,,,0,1
https://openalex.org/w2530962510,https://doi.org/10.1093/rheumatology/keu107.005,,,0,0
https://openalex.org/w1506292149,https://doi.org/10.1002/j.1875-9114.1983.tb04533.x,,,0,0
https://openalex.org/w1843623644,https://doi.org/10.1002/j.1532-2149.2013.00336.x,,,0,0
https://openalex.org/w2121282677,https://doi.org/10.1046/j.1523-536x.1999.00011.x,,,0,0
https://openalex.org/w1864532440,https://doi.org/10.1111/j.1365-2702.2010.03675.x,,,0,0
https://openalex.org/w2755752566,https://doi.org/10.1016/j.spinee.2017.09.005,,,0,0
https://openalex.org/w2010259667,https://doi.org/10.1111/j.1365-2648.2010.05273.x,,,0,1
https://openalex.org/w2170445946,https://doi.org/10.1136/oem.2003.008482,,,0,0
https://openalex.org/w2090378214,https://doi.org/10.1046/j.0309-2402.2003.02835.x,,,0,1
https://openalex.org/w2102299774,https://doi.org/10.1093/rheumatology/kep049,,,0,0
https://openalex.org/w2102799144,https://doi.org/10.2522/ptj.20080295,,,0,0
https://openalex.org/w2008555583,https://doi.org/10.1111/j.1532-5415.1994.tb06515.x,,,0,0
https://openalex.org/w2036831435,https://doi.org/10.1046/j.1365-2648.2002.02426.x,,,0,0
https://openalex.org/w2149711600,https://doi.org/10.4040/jkan.2006.36.4.652,,,0,0
https://openalex.org/w2122458706,https://doi.org/10.1177/0269215511417739,,,0,0
https://openalex.org/w2121059950,https://doi.org/10.1542/peds.104.3.e31,,,0,0
https://openalex.org/w2148781975,https://doi.org/10.1213/01.ane.0000093314.13848.7e,,,0,0
https://openalex.org/w2588869869,https://doi.org/10.1177/1099800416682617,,,0,0
https://openalex.org/w2051306513,https://doi.org/10.1186/1471-2474-14-239,,,0,0
https://openalex.org/w2135552065,https://doi.org/10.1186/s13741-014-0010-8,,,0,0
https://openalex.org/w1972231287,https://doi.org/10.1111/j.1526-4610.2008.00911.x,,,0,0
https://openalex.org/w2143648449,https://doi.org/10.1016/j.jpain.2015.01.026,,,0,0
https://openalex.org/w4243664698,https://doi.org/10.31525/ct1-nct03934918,,,0,0
https://openalex.org/w2096086377,https://doi.org/10.1111/jan.12513,,,0,0
https://openalex.org/w1924243490,https://doi.org/10.1002/14651858.cd011108.pub2,,,0,0
https://openalex.org/w2794895353,https://doi.org/10.1080/13561820.2018.1452725,,,0,0
https://openalex.org/w82256238,https://doi.org/10.3928/0022-0124-19960501-10,,,0,0
https://openalex.org/w2090270262,https://doi.org/10.1016/j.jpainsymman.2012.05.008,,,0,1
https://openalex.org/w2900683218,https://doi.org/10.1891/1541-6577.32.4.436,,,0,0
https://openalex.org/w2056738247,https://doi.org/10.1016/j.jpainsymman.2010.12.010,,,0,0
https://openalex.org/w2069577310,https://doi.org/10.1177/136749350200600203,,,0,0
https://openalex.org/w2768019634,https://doi.org/10.1002/central/cn-01911305/full'],,,0,0
https://openalex.org/w2024952575,https://doi.org/10.1007/s00520-008-0564-4,,,0,1
https://openalex.org/w2775638027,https://doi.org/10.1016/j.ejon.2017.11.006,,,0,0
https://openalex.org/w2951909348,https://doi.org/10.31486/toj.18.0164,,,0,1
https://openalex.org/w2145931121,https://doi.org/10.1016/j.jbspin.2006.02.006,,,0,0
https://openalex.org/w2604576257,https://doi.org/10.1590/s1980-220x2016034403210,,,0,0
https://openalex.org/w4210809582,https://doi.org/10.1186/isrctn92118149,,,0,0
https://openalex.org/w2058923765,https://doi.org/10.1053/eujp.2000.0198,,,0,0
https://openalex.org/w2012180729,https://doi.org/10.1016/j.jpainsymman.2008.04.021,,,0,0
https://openalex.org/w2033776975,https://doi.org/10.1046/j.1526-4610.2003.03104.x,,,0,0
https://openalex.org/w2886693626,https://doi.org/10.1016/j.eujim.2018.08.001,,,0,0
https://openalex.org/w1974759537,https://doi.org/10.1016/j.pmn.2010.04.002,,,0,0
https://openalex.org/w2803121018,https://doi.org/10.2147/cia.s161052,,,0,0
https://openalex.org/w2038781134,https://doi.org/10.1097/00005721-200405000-00004,,,0,0
https://openalex.org/w1965869576,https://doi.org/10.1097/mlg.0b013e31817f18e7,,,0,0
https://openalex.org/w2914203460,https://doi.org/10.1007/s11673-018-9892-3,,,0,0
https://openalex.org/w2381037662,https://doi.org/10.1002/central/cn-01435440/full'],,,0,0
https://openalex.org/w1978857106,https://doi.org/10.1080/00365590701685793,,,0,0
https://openalex.org/w2000902886,https://doi.org/10.1111/j.1471-0528.1991.tb13479.x,,,0,0
https://openalex.org/w2416973465,https://doi.org/10.1002/central/cn-00798043/full'],,,0,1
https://openalex.org/w2238925696,,,,0,0
https://openalex.org/w2019011258,https://doi.org/10.1111/pan.12090,,,0,0
https://openalex.org/w2937498345,https://doi.org/10.1186/s12889-019-6683-7,,,0,0
https://openalex.org/w1542905555,,,,0,0
https://openalex.org/w2081864239,https://doi.org/10.1097/00000539-200211000-00020,,,0,0
https://openalex.org/w2141176195,https://doi.org/10.1097/01.jnr.0000347644.35251.c1,,,0,0
https://openalex.org/w2087372595,https://doi.org/10.1111/j.1365-2648.1996.tb00016.x,,,0,0
https://openalex.org/w2772275090,https://doi.org/10.1136/bmjopen-2016-015149,,,0,0
https://openalex.org/w1879930895,https://doi.org/10.1186/1471-2253-5-9,,,0,0
https://openalex.org/w1971382612,https://doi.org/10.1016/s0749-0690(05)70057-4,,,0,0
https://openalex.org/w2085558397,https://doi.org/10.1016/j.hrtlng.2009.03.001,,,0,1
https://openalex.org/w2142351678,https://doi.org/10.1016/j.jclinepi.2008.09.007,,,0,0
https://openalex.org/w2112705923,https://doi.org/10.1002/14651858.cd008313.pub3,,,0,0
https://openalex.org/w106621586,https://doi.org/10.1002/central/cn-00907494/full'],,,0,0
https://openalex.org/w2902012533,https://doi.org/10.1111/jjns.12244,,,0,0
https://openalex.org/w1998900871,https://doi.org/10.1002/1099-1557(200011)9:6<457::aid-pds529>3.0.co;2-r,,,0,0
https://openalex.org/w2942402272,https://doi.org/10.1111/wvn.12358,,,0,0
https://openalex.org/w1526021964,https://doi.org/10.1002/14651858.cd005110.pub2,,,0,0
https://openalex.org/w2985365123,https://doi.org/10.1016/j.pmn.2019.09.005,,,0,1
https://openalex.org/w2094940020,https://doi.org/10.1016/j.jpainsymman.2005.02.008,,,0,0
https://openalex.org/w2061635290,https://doi.org/10.1016/j.pain.2004.03.008,,,0,0
https://openalex.org/w1893768405,https://doi.org/10.1016/j.transproceed.2014.09.184,,,0,0
https://openalex.org/w2083177888,https://doi.org/10.1111/j.1741-6787.2010.00191.x,,,0,0
https://openalex.org/w1485405511,,,,0,0
https://openalex.org/w2105095639,https://doi.org/10.1046/j.1365-2648.2001.02006.x,,,0,0
https://openalex.org/w2961780637,https://doi.org/10.1016/j.pedn.2019.07.004,,,0,0
https://openalex.org/w2148452103,https://doi.org/10.1002/nur.1040,,,0,0
https://openalex.org/w2102499931,https://doi.org/10.1034/j.1399-6576.2000.440108.x,,,0,0
https://openalex.org/w2102911045,https://doi.org/10.1016/j.whi.2003.09.002,,,0,0
https://openalex.org/w2883451430,https://doi.org/10.1016/j.jmpt.2017.10.014,,,0,0
https://openalex.org/w2146009051,https://doi.org/10.1186/1477-7525-10-118,,,0,0
https://openalex.org/w2808198640,https://doi.org/10.4040/jkan.2014.44.2.189,,,0,0
https://openalex.org/w2884586221,https://doi.org/10.1111/apa.14523,,,0,0
https://openalex.org/w2980669962,,,,0,0
https://openalex.org/w2018974197,https://doi.org/10.1016/j.ijnurstu.2012.11.020,,,0,0
https://openalex.org/w2075132557,https://doi.org/10.1539/joh.50.57,,,0,0
https://openalex.org/w2071908767,https://doi.org/10.1038/clpt.1981.85,,,0,0
https://openalex.org/w2041724890,https://doi.org/10.1111/j.1532-5415.2004.52228.x,,,0,0
https://openalex.org/w2144906400,https://doi.org/10.1093/bja/68.4.411,,,0,0
https://openalex.org/w2021711936,,,,0,0
https://openalex.org/w2310238495,https://doi.org/10.1136/bmjopen-2014-007014,,,0,0
https://openalex.org/w2886445817,https://doi.org/10.1111/jocn.14645,,,0,0
https://openalex.org/w2885312838,https://doi.org/10.1016/j.jpainsymman.2018.07.001,,,0,0
https://openalex.org/w1964692445,https://doi.org/10.1007/s004670050190,,,0,0
https://openalex.org/w2018147598,https://doi.org/10.1111/j.1365-2702.2007.01991.x,,,0,0
https://openalex.org/w2767266039,https://doi.org/10.1002/central/cn-01455344/full'],,,0,0
https://openalex.org/w1976345899,https://doi.org/10.1002/ccd.20161,,,0,0
https://openalex.org/w2437039710,https://doi.org/10.7490/f1000research.1110914.1,,,0,1
https://openalex.org/w2809232170,https://doi.org/10.1016/j.pmn.2018.04.002,,,0,0
https://openalex.org/w2807553109,https://doi.org/10.1177/0269215518780953,,,0,0
https://openalex.org/w1965584408,https://doi.org/10.1542/peds.105.1.73,,,0,0
https://openalex.org/w2146472156,https://doi.org/10.1186/1471-2431-12-66,,,0,0
https://openalex.org/w2022477680,https://doi.org/10.1097/ncc.0b013e3181ddc58c,,,0,0
https://openalex.org/w2567185736,https://doi.org/10.1016/j.apmr.2016.11.014,,,0,0
https://openalex.org/w1977782423,https://doi.org/10.1016/j.wombi.2011.11.002,,,0,0
https://openalex.org/w2181535871,,,,0,0
https://openalex.org/w2904838355,https://doi.org/10.1016/j.jen.2018.10.007,,,0,0
https://openalex.org/w2142115981,https://doi.org/10.1519/00139143-200704000-00007,,,0,0
https://openalex.org/w2003992606,https://doi.org/10.1016/s0749-0690%2805%2970098-7,,,0,0
https://openalex.org/w2115463167,https://doi.org/10.1016/j.jpurol.2006.08.006,,,0,0
https://openalex.org/w2036904522,https://doi.org/10.1186/1471-2458-12-478,,,0,0
https://openalex.org/w2115238070,https://doi.org/10.1016/j.annemergmed.2006.06.001,,,0,0
https://openalex.org/w2006608492,https://doi.org/10.1016/s0304-3959(02)00031-3,,,0,0
https://openalex.org/w2341332455,https://doi.org/10.4102/safp.v58i2.4447,,,0,0
https://openalex.org/w2239268754,https://doi.org/10.1111/jan.12895,,,0,0
https://openalex.org/w2003671246,https://doi.org/10.5737/1181912x1729195,,,0,0
https://openalex.org/w2136212681,https://doi.org/10.1177/10547739922158151,,,0,0
https://openalex.org/w2087718133,https://doi.org/10.1097/00003246-200206000-00010,,,0,0
https://openalex.org/w2128962082,https://doi.org/10.1136/bmjopen-2012-000849,,,0,0
https://openalex.org/w1584134313,https://doi.org/10.1002/jcu.22227,,,0,0
https://openalex.org/w2094171396,https://doi.org/10.12968/bjon.2013.22.8.470,,,0,0
https://openalex.org/w2169374264,https://doi.org/10.1067/mhl.2001.118303,,,0,0
https://openalex.org/w2062384985,https://doi.org/10.1016/0304-3959(88)90283-7,,,0,0
https://openalex.org/w2592036530,https://doi.org/10.1007/s00420-017-1202-6,,,0,0
https://openalex.org/w2021241118,https://doi.org/10.1002/(sici)1099-1611(199712)6:4<302::aid-pon284>3.0.co;2-d,,,0,0
https://openalex.org/w2000345439,https://doi.org/10.1111/j.1365-2648.2009.04991.x,,,0,0
https://openalex.org/w2126609854,https://doi.org/10.1177/036354658901700306,,,0,0
https://openalex.org/w2181198555,https://doi.org/10.1007/s00066-013-0348-8,,,0,0
https://openalex.org/w2129472459,,,,0,0
https://openalex.org/w2737456699,https://doi.org/10.1177/0269216317719588,,,0,0
https://openalex.org/w2919204466,https://doi.org/10.1002/nur.21938,,,0,0
https://openalex.org/w2971478011,https://doi.org/10.1016/j.pmn.2019.08.002,,,0,0
https://openalex.org/w2149303193,https://doi.org/10.1186/ar3703,,,0,0
https://openalex.org/w2015505691,https://doi.org/10.1589/jpts.26.969,,,0,0
https://openalex.org/w2086736938,https://doi.org/10.1111/jan.12328,,,0,0
https://openalex.org/w2398752507,,,,0,0
https://openalex.org/w2791514788,https://doi.org/10.1111/jan.13562,,,0,0
https://openalex.org/w1745717711,https://doi.org/10.1002/pbc.25197,,,0,0
https://openalex.org/w2064471517,https://doi.org/10.1080/00207450490450163,,,0,0
https://openalex.org/w2765460683,https://doi.org/10.1111/wvn.12206,,,0,0
https://openalex.org/w2081405822,https://doi.org/10.1016/j.pain.2011.06.021,,,0,1
https://openalex.org/w2011311966,https://doi.org/10.1007/bf00992220,,,0,0
https://openalex.org/w2549920271,https://doi.org/10.1097/jtn.0000000000000250,,,0,0
https://openalex.org/w2288644948,https://doi.org/10.1111/anae.13406,,,0,0
https://openalex.org/w2063543616,https://doi.org/10.1016/j.ejso.2004.01.005,,,0,0
https://openalex.org/w2175437861,https://doi.org/10.1016/j.surg.2015.08.025,,,0,0
https://openalex.org/w2160485069,https://doi.org/10.1001/archfami.8.3.210,,,0,0
https://openalex.org/w2800949033,https://doi.org/10.1186/s12913-018-3146-2,,074-949-309-466-411,1,1
https://openalex.org/w2567223402,https://doi.org/10.1002/14651858.cd004870.pub5,,,0,0
https://openalex.org/w2395761908,,,,0,0
https://openalex.org/w2045088076,https://doi.org/10.1097/ccm.0b013e318287f289,,,0,0
https://openalex.org/w2168237960,https://doi.org/10.1186/1745-6215-15-205,,,0,0
https://openalex.org/w113633989,,,,0,0
https://openalex.org/w2107106248,https://doi.org/10.1200/jco.2012.44.4216,,,0,0
https://openalex.org/w2512706145,https://doi.org/10.1177/0193945916665814,,,0,0
https://openalex.org/w2074037577,https://doi.org/10.1159/000073219,,,0,0
https://openalex.org/w2244459369,https://doi.org/10.4040/jkan.2006.36.1.189,,,0,0
https://openalex.org/w2799836334,https://doi.org/10.1016/j.sedene.2018.04.001,,,0,0
https://openalex.org/w1519071106,https://doi.org/10.1097/01.gme.0000187245.32589.4d,,,0,0
https://openalex.org/w2414028924,https://doi.org/10.2147/ccid.s93137,,,0,0
https://openalex.org/w3008390926,,,,0,0
https://openalex.org/w3047102043,https://doi.org/10.1002/14651858.cd008618.pub3,,,0,0
https://openalex.org/w2625099123,https://doi.org/10.1016/j.jopan.2016.09.010,,,0,0
https://openalex.org/w2886392706,https://doi.org/10.1016/j.jen.2018.07.003,,,0,0
https://openalex.org/w2737641408,https://doi.org/10.1016/j.midw.2017.07.016,,,0,0
https://openalex.org/w2017046747,https://doi.org/10.1111/j.1532-5415.2000.tb04697.x,,,0,0
https://openalex.org/w2921476640,https://doi.org/10.1097/md.0000000000014792,,,0,0
https://openalex.org/w2062710283,https://doi.org/10.1097/hnp.0b013e3181c8e435,,,0,0
https://openalex.org/w2085526885,https://doi.org/10.1016/s0886-3350(98)80110-7,,,0,0
https://openalex.org/w2945913159,https://doi.org/10.1016/j.pmn.2019.02.004,,,0,1
https://openalex.org/w2032992584,https://doi.org/10.1213/01.ane.0000093390.94921.4a,,,0,0
https://openalex.org/w2897808676,https://doi.org/10.1016/j.amjsurg.2018.10.017,,,0,0
https://openalex.org/w2883928128,https://doi.org/10.1016/j.ijnss.2018.07.006,,,0,1
https://openalex.org/w2978494228,https://doi.org/10.7257/1053-816x.2018.38.3.137,,,0,0
https://openalex.org/w2016187932,https://doi.org/10.1016/0304-3959(85)90283-0,,,0,0
https://openalex.org/w2171303352,https://doi.org/10.1111/j.1365-2702.2012.04195.x,,,0,0
https://openalex.org/w2804382561,https://doi.org/10.1016/j.pmn.2018.04.009,,,0,1
https://openalex.org/w2950048759,https://doi.org/10.1007/s11606-019-05121-4,,,0,1
https://openalex.org/w2047674834,https://doi.org/10.1016/j.pmn.2012.10.006,,,0,1
https://openalex.org/w2026929765,https://doi.org/10.1089/jwh.2008.1015,,,0,0
https://openalex.org/w1930986598,https://doi.org/10.12968/bjnn.2015.11.3.112,,,0,0
https://openalex.org/w1984056141,https://doi.org/10.3928/00989134-20140311-01,,,0,0
https://openalex.org/w2056550676,https://doi.org/10.1136/ebn.8.4.113,,,0,0
https://openalex.org/w2914939582,https://doi.org/10.12659/msm.913304,,,0,0
https://openalex.org/w2092440822,https://doi.org/10.1016/j.jpedsurg.2014.07.015,,,0,0
https://openalex.org/w119871647,https://doi.org/10.1007/bf03021843,,,0,0
https://openalex.org/w2069060629,https://doi.org/10.1016/j.jpainsymman.2013.12.238,,,0,0
https://openalex.org/w2092947233,https://doi.org/10.1111/j.1399-6576.1997.tb04668.x,,,0,0
https://openalex.org/w2051216674,https://doi.org/10.1891/0730-0832.25.4.275,,,0,0
https://openalex.org/w2982084447,https://doi.org/10.3928/00989134-20070901-03,,,0,0
https://openalex.org/w2163127298,https://doi.org/10.1016/s0749-2081(98)80030-2,,,0,0
https://openalex.org/w2061588334,https://doi.org/10.3928/19404921-20110706-02,,,0,0
https://openalex.org/w2049857535,https://doi.org/10.1016/j.jns.2011.04.026,,,0,0
https://openalex.org/w2614098838,https://doi.org/10.5204/thesis.eprints.103760,,,0,0
https://openalex.org/w2075114460,https://doi.org/10.1097/01376517-200110000-00007,,,0,0
https://openalex.org/w2094143533,https://doi.org/10.1097/01376517-200808000-00007,,,0,0
https://openalex.org/w3185791332,https://doi.org/10.1002/central/cn-01456941,,,0,0
https://openalex.org/w2734389761,https://doi.org/10.1111/jnu.12319,,,0,1
https://openalex.org/w1969908415,https://doi.org/10.1001/archinte.162.19.2204,,,0,0
https://openalex.org/w2104396185,https://doi.org/10.1016/j.jpain.2009.01.036,,,0,0
https://openalex.org/w2007557316,https://doi.org/10.1097/ajp.0000000000000039,,,0,0
https://openalex.org/w2144048298,https://doi.org/10.1016/j.resuscitation.2006.08.009,,,0,0
https://openalex.org/w2045714701,https://doi.org/10.1016/s0968-8080(08)31371-8,,,0,0
https://openalex.org/w18543011,https://doi.org/10.5055/jom.2006.0016,,,0,0
https://openalex.org/w1858376180,https://doi.org/10.4081/nursrep.2015.5218,,,0,0
https://openalex.org/w2797326979,https://doi.org/10.1016/j.jpain.2018.03.017,,,0,1
https://openalex.org/w1959945058,https://doi.org/10.1111/j.1365-2648.2010.05408.x,,,0,0
https://openalex.org/w2240037649,https://doi.org/10.4103/1319-3767.173754,,,0,0
https://openalex.org/w2304535,https://doi.org/10.1002/central/cn-00503822/full'],,,0,0
https://openalex.org/w2090667437,https://doi.org/10.1007/s00540-011-1212-6,,,0,0
https://openalex.org/w83127573,,,,0,0
https://openalex.org/w2090980876,https://doi.org/10.1097/00002820-200202000-00003,,,0,0
https://openalex.org/w2757387014,https://doi.org/10.1016/j.arth.2017.08.029,,,0,0
https://openalex.org/w2560564332,https://doi.org/10.1186/s10194-016-0707-9,,,0,0
https://openalex.org/w1724320224,https://doi.org/10.1002/14651858.cd008006.pub4,,,0,0
https://openalex.org/w3215160492,https://doi.org/10.1186/isrctn51146251,,,0,0
https://openalex.org/w2049928601,https://doi.org/10.1188/08.onf.189-196,,,0,0
https://openalex.org/w2767980096,https://doi.org/10.1002/14651858.cd003976.pub2,,,0,0
https://openalex.org/w2087022436,https://doi.org/10.1016/j.pmr.2008.04.004,,,0,0
https://openalex.org/w1968223112,https://doi.org/10.1016/s1526-9523(03)00278-2,,,0,0
https://openalex.org/w2947271061,https://doi.org/10.1136/heartjnl-2019-bcs.46,,,0,0
https://openalex.org/w1992270283,https://doi.org/10.1016/j.jamda.2014.10.005,,,0,0
https://openalex.org/w2053924386,https://doi.org/10.1016/j.pmrj.2009.07.006,,,0,0
https://openalex.org/w2045573764,https://doi.org/10.1016/j.ijnurstu.2012.05.005,,,0,0
https://openalex.org/w2082552647,https://doi.org/10.1002/nur.4770160304,,,0,0
https://openalex.org/w2618055962,https://doi.org/10.1080/24694193.2017.1319432,,,0,0
https://openalex.org/w2884299489,https://doi.org/10.5958/0976-5506.2018.00612.5,,,0,0
https://openalex.org/w2148621710,https://doi.org/10.1111/j.1742-7924.2011.00175.x,,,0,0
https://openalex.org/w1973455340,https://doi.org/10.1097/00006199-198301000-00008,,,0,0
https://openalex.org/w2121577642,https://doi.org/10.1002/nur.4770140603,,,0,0
https://openalex.org/w2601496013,https://doi.org/10.13005/bpj/1098,,,0,0
https://openalex.org/w4251578650,https://doi.org/10.1211/fact.15.2.0022,,,0,0
https://openalex.org/w2905427041,https://doi.org/10.1111/jan.13929,,,0,0
https://openalex.org/w4251000563,https://doi.org/10.31525/ct1-nct04059809,,,0,0
https://openalex.org/w2899825152,https://doi.org/10.1016/j.pmn.2018.07.001,,025-798-788-388-47X,1,1
https://openalex.org/w1994032831,https://doi.org/10.1016/j.pmn.2012.04.001,,,0,0
https://openalex.org/w1817366761,https://doi.org/10.5812/ircmj.17(5)2015.20705,,,0,0
https://openalex.org/w2598840456,https://doi.org/10.1016/j.aucc.2017.03.001,,,0,0
https://openalex.org/w2096243193,https://doi.org/10.1016/j.ejpain.2005.09.002,,,0,0
https://openalex.org/w2096912764,https://doi.org/10.1186/1745-6215-13-204,,,0,0
https://openalex.org/w2158153534,https://doi.org/10.1016/j.archger.2011.04.015,,,0,0
https://openalex.org/w2436929893,https://doi.org/10.1002/central/cn-00112115/full'],,,0,0
https://openalex.org/w2615772048,https://doi.org/10.1111/head.13098,,,0,0
https://openalex.org/w2500675318,,,,0,0
https://openalex.org/w2022537466,https://doi.org/10.1016/s0304-3959(02)00274-9,,,0,0
https://openalex.org/w2144450770,https://doi.org/10.1053/jpmn.2001.23177,,,0,0
https://openalex.org/w2166962821,https://doi.org/10.1016/j.jmig.2006.09.014,,,0,0
https://openalex.org/w1979411437,https://doi.org/10.1016/s0304-3959(98)00178-x,,,0,0
https://openalex.org/w2045637237,https://doi.org/10.1053/adnc.2002.32049,,,0,0
https://openalex.org/w2057690040,https://doi.org/10.12968/ijpn.2004.10.2.12455,,,0,0
https://openalex.org/w2587491703,,,,0,0
https://openalex.org/w1983595968,https://doi.org/10.1016/j.pmn.2010.03.002,,,0,0
https://openalex.org/w2756499323,https://doi.org/10.1016/j.resuscitation.2017.08.082,,,0,0
https://openalex.org/w3004851208,,,,0,0
https://openalex.org/w2058458712,https://doi.org/10.1016/j.gie.2012.10.003,,,0,0
https://openalex.org/w615190185,https://doi.org/10.1016/j.ienj.2015.05.008,,,0,0
https://openalex.org/w2147562036,https://doi.org/10.1016/j.resuscitation.2009.03.017,,,0,0
https://openalex.org/w2897231749,https://doi.org/10.1016/j.jalz.2018.06.1356,,,0,0
https://openalex.org/w2913514289,https://doi.org/10.5271/sjweh.3801,,,0,0
https://openalex.org/w2625377982,https://doi.org/10.1111/jnu.12300,,,0,1
https://openalex.org/w2734860898,https://doi.org/10.1016/j.ijnurstu.2017.07.009,,,0,0
https://openalex.org/w2055912987,https://doi.org/10.1097/01376517-200608000-00004,,,0,0
https://openalex.org/w2032475422,https://doi.org/10.1016/s0885-3924(96)00267-9,,,0,0
https://openalex.org/w2110608815,https://doi.org/10.1016/j.jmig.2015.01.005,,,0,0
https://openalex.org/w2050092496,https://doi.org/10.1111/j.1365-2044.2005.04400.x,,,0,0
https://openalex.org/w2011794314,https://doi.org/10.1016/j.jpsychores.2015.02.002,,,0,0
https://openalex.org/w2598554036,https://doi.org/10.11569/wcjd.v25.i9.832,,,0,1
https://openalex.org/w2049540668,https://doi.org/10.1053/jpnu.2000.4593,,,0,0
https://openalex.org/w2158152796,https://doi.org/10.1016/s1701-2163(16)32683-4,,,0,1
https://openalex.org/w265015787,https://doi.org/10.48029/nji.2014.cv403,,,0,1
https://openalex.org/w2786668035,https://doi.org/10.1002/central/cn-01845098/full'],,,0,0
https://openalex.org/w2083669713,https://doi.org/10.1016/j.jmwh.2006.12.008,,,0,0
https://openalex.org/w2041226294,https://doi.org/10.1097/00002060-199901000-00008,,,0,0
https://openalex.org/w2116705362,https://doi.org/10.1016/j.profnurs.2007.06.002,,,0,0
https://openalex.org/w2986214505,https://doi.org/10.1016/j.pec.2019.11.003,,,0,0
https://openalex.org/w2049033287,https://doi.org/10.1017/s0959259801011327,,076-397-102-015-875,0,0
https://openalex.org/w3204404011,,,,0,0
https://openalex.org/w2092289015,https://doi.org/10.1089/jpm.2005.8.743,,,0,0
https://openalex.org/w2793007471,https://doi.org/10.1016/j.ijnurstu.2018.03.008,,,0,0
https://openalex.org/w2163816108,https://doi.org/10.1016/j.anr.2013.12.001,,,0,0
https://openalex.org/w2058873637,https://doi.org/10.1111/j.1547-5069.2011.01434.x,,,0,0
https://openalex.org/w2894867923,https://doi.org/10.1002/14651858.cd009290.pub3,,,0,0
https://openalex.org/w2340087776,https://doi.org/10.4037/ajcc1994.3.1.31,,,0,0
https://openalex.org/w1864040332,,,,0,0
https://openalex.org/w2914613022,https://doi.org/10.1186/s12887-018-1380-8,,,0,0
https://openalex.org/w2120965945,https://doi.org/10.1111/j.1523-536x.2009.00356.x,,,0,0
https://openalex.org/w2139912202,https://doi.org/10.1016/j.pain.2012.07.021,,,0,0
https://openalex.org/w2117245570,https://doi.org/10.5812/ircmj.16461,,,0,0
https://openalex.org/w2534586855,https://doi.org/10.1016/j.pmn.2016.08.006,,,0,0
https://openalex.org/w2164042024,https://doi.org/10.1046/j.1365-2648.2001.3411734.x,,,0,0
https://openalex.org/w2315150739,https://doi.org/10.1177/1474515113482809,,,0,0
https://openalex.org/w2125605231,https://doi.org/10.1186/1745-6215-15-78,,,0,0
https://openalex.org/w2142995931,https://doi.org/10.1200/jop.2013.000996,,,0,0
https://openalex.org/w2117337196,https://doi.org/10.1177/0269216314536947,,,0,0
https://openalex.org/w2116345561,https://doi.org/10.1111/jmwh.12176,,,0,0
https://openalex.org/w4251678326,https://doi.org/10.1186/isrctn98406653,,,0,0
https://openalex.org/w2082124319,https://doi.org/10.1097/00002820-198704000-00005,,,0,0
https://openalex.org/w2436541264,https://doi.org/10.1111/jocn.13329,,,0,0
https://openalex.org/w2138503567,https://doi.org/10.1016/j.ijnurstu.2012.08.021,,,0,0
https://openalex.org/w2075534595,https://doi.org/10.1111/j.1460-9592.2005.01688.x,,,0,0
https://openalex.org/w1987474681,https://doi.org/10.1186/1741-7015-6-7,,,0,0
https://openalex.org/w2100131532,https://doi.org/10.1111/j.1365-2702.2008.02522.x,,,0,0
https://openalex.org/w4234604824,https://doi.org/10.11124/jbisrir-2015-2383,,,0,0
https://openalex.org/w2006635141,https://doi.org/10.1590/s0034-89102001000400004,,,0,0
https://openalex.org/w1745903401,https://doi.org/10.1007/s12020-015-0737-0,,,0,1
https://openalex.org/w2062481213,https://doi.org/10.1016/j.pmn.2007.05.002,,,0,0
https://openalex.org/w2148334358,https://doi.org/10.1136/emj.2002.004614,,,0,0
https://openalex.org/w2780393975,https://doi.org/10.1002/14651858.cd011387.pub2,,,0,0
https://openalex.org/w2118324324,https://doi.org/10.1111/jan.12808,,,0,0
https://openalex.org/w1961365531,https://doi.org/10.1542/peds.93.4.641,,,0,0
https://openalex.org/w2969537950,https://doi.org/10.1111/ijn.12772,,,0,0
https://openalex.org/w1850008153,https://doi.org/10.4040/jkan.2014.44.3.237,,,0,0
https://openalex.org/w1994790400,https://doi.org/10.1016/s1525-8610(04)70037-7,,,0,0
https://openalex.org/w2158129781,https://doi.org/10.1016/j.pedn.2003.09.005,,,0,0
https://openalex.org/w1994125072,https://doi.org/10.1053/jpmn.2000.9295,,,0,0
https://openalex.org/w2400472657,https://doi.org/10.1002/central/cn-00177422/full'],,,0,0
https://openalex.org/w2124160533,https://doi.org/10.1111/j.1479-828x.2006.00568.x,,,0,0
https://openalex.org/w2143479211,https://doi.org/10.1007/s16024-015-0258-z,,,0,0
https://openalex.org/w1992194442,https://doi.org/10.1016/j.pedhc.2012.02.009,,,0,0
https://openalex.org/w2122786121,https://doi.org/10.1177/136749350200600104,,,0,0
https://openalex.org/w2138967664,https://doi.org/10.1111/j.1365-2702.2010.03452.x,,,0,1
https://openalex.org/w2341813684,https://doi.org/10.4103/1735-1995.172767,,,0,0
https://openalex.org/w2067580878,https://doi.org/10.1053/jpmn.2000.9857,,,0,0
https://openalex.org/w2099444627,https://doi.org/10.1016/j.jamcollsurg.2003.07.020,,,0,1
https://openalex.org/w4230926778,https://doi.org/10.31525/ct1-nct03931382,,,0,0
https://openalex.org/w2069468039,https://doi.org/10.1590/0104-1169.0029.2484,,,0,0
https://openalex.org/w2401772295,https://doi.org/10.17179/excli2015-748,,,0,0
https://openalex.org/w1968007044,https://doi.org/10.1046/j.1365-2648.2001.02047.x,,,0,1
https://openalex.org/w1994102027,https://doi.org/10.1080/00207149908410025,,,0,0
https://openalex.org/w2048921157,https://doi.org/10.1016/j.pmn.2004.01.003,,,0,0
https://openalex.org/w2801007166,https://doi.org/10.1016/j.jsps.2018.04.012,,,0,0
https://openalex.org/w2563823386,https://doi.org/10.1016/j.bjoms.2016.11.197,,,0,0
https://openalex.org/w2165622219,https://doi.org/10.1111/j.1744-6155.2008.00165.x,,,0,0
https://openalex.org/w2076938828,https://doi.org/10.2344/0003-3006-56.4.115,,,0,0
https://openalex.org/w2127842994,https://doi.org/10.1080/07315724.2010.10719817,,,0,0
https://openalex.org/w2081654811,https://doi.org/10.1016/j.jpainsymman.2004.03.007,,,0,0
https://openalex.org/w1991611993,https://doi.org/10.1016/s0882-5963(99)80056-6,,,0,0
https://openalex.org/w2571061525,https://doi.org/10.1182/blood.v118.21.2107.2107,,,0,0
https://openalex.org/w1997187018,https://doi.org/10.1016/j.pmn.2010.03.001,,,0,0
https://openalex.org/w2026605106,https://doi.org/10.1177/1099800406289909,,,0,0
https://openalex.org/w2090760841,https://doi.org/10.1371/journal.pone.0095357,,,0,0
https://openalex.org/w2765897443,https://doi.org/10.1002/central/cn-01331505/full'],,,0,0
https://openalex.org/w1607545347,https://doi.org/10.1111/coa.12482,,,0,0
https://openalex.org/w2111083292,https://doi.org/10.1007/bf03009602,,,0,0
https://openalex.org/w2039940559,https://doi.org/10.1089/acm.2004.10.959,,,0,0
https://openalex.org/w2096932279,https://doi.org/10.1093/ecam/nel111,,,0,0
https://openalex.org/w2056587524,https://doi.org/10.1097/won.0b013e318276f2a4,,,0,0
https://openalex.org/w2793258695,https://doi.org/10.1136/bmjopen-2018-021965,,,0,0
https://openalex.org/w1983780120,https://doi.org/10.1016/j.jpainsymman.2009.07.014,,,0,0
https://openalex.org/w2607379718,https://doi.org/10.1016/j.joca.2017.02.307,,,0,0
https://openalex.org/w2031866485,https://doi.org/10.1111/j.1365-2648.2008.04947.x,,,0,0
https://openalex.org/w2289619217,https://doi.org/10.4040/jkan.2015.45.6.823,,,0,0
https://openalex.org/w2109890709,https://doi.org/10.1177/0969733007086017,,,0,0
https://openalex.org/w2404766929,https://doi.org/10.1002/central/cn-00722974/full'],,,0,0
https://openalex.org/w2804372173,https://doi.org/10.1111/wvn.12299,,,0,0
https://openalex.org/w1986469036,https://doi.org/10.1177/1049909114546885,,,0,0
https://openalex.org/w2204480207,https://doi.org/10.1016/j.pmn.2015.07.003,,,0,0
https://openalex.org/w2810923310,https://doi.org/10.1177/0891988718785765,,,0,0
https://openalex.org/w2737307465,https://doi.org/10.1097/md.0000000000007624,,,0,0
https://openalex.org/w2103764573,https://doi.org/10.1111/j.1365-2354.2008.00939.x,,,0,0
https://openalex.org/w1979273040,https://doi.org/10.12968/ijpn.2013.19.6.290,,,0,0
https://openalex.org/w2153903217,https://doi.org/10.1016/s0885-3924(87)80061-1,,026-975-330-365-744,0,0
https://openalex.org/w2028203818,https://doi.org/10.1016/j.explore.2010.12.004,,,0,0
https://openalex.org/w2045531097,https://doi.org/10.1177/1466424006061171,,,0,0
https://openalex.org/w2127948509,https://doi.org/10.1177/0269216314527780,,071-144-903-091-213,0,0
https://openalex.org/w2040214628,https://doi.org/10.1016/j.jpain.2006.10.005,,,0,0
https://openalex.org/w1974843268,https://doi.org/10.1054/jpai.2002.128066,,,0,0
https://openalex.org/w1965320642,https://doi.org/10.3310/hta15120,,,0,0
https://openalex.org/w2046751951,https://doi.org/10.1177/1049909114559068,,,0,0
https://openalex.org/w2045996975,https://doi.org/10.1097/00006199-198201000-00005,,,0,0
https://openalex.org/w2367708724,https://doi.org/10.1007/s00520-016-3274-3,,,0,0
https://openalex.org/w3185369373,https://doi.org/10.22371/07.2005.09,,,0,0
https://openalex.org/w2970838800,https://doi.org/10.1177/0300060519858033,,,0,0
https://openalex.org/w1799022974,,,,0,0
https://openalex.org/w2001549445,https://doi.org/10.1188/08.onf.603-611,,,0,0
https://openalex.org/w2793628821,https://doi.org/10.29271/jcpsp.2018.03.247,,,0,0
https://openalex.org/w2092928653,https://doi.org/10.1016/j.pain.2006.05.016,,,0,0
https://openalex.org/w2135684086,https://doi.org/10.1177/0898010114528378,,,0,1
https://openalex.org/w2005243474,https://doi.org/10.1007/s11999-014-3835-z,,,0,0
https://openalex.org/w2004896783,https://doi.org/10.1016/j.ajog.2012.06.040,,,0,0
https://openalex.org/w2043692547,https://doi.org/10.1016/j.apnr.2013.11.013,,,0,0
https://openalex.org/w1999737729,https://doi.org/10.1016/j.aorn.2014.01.030,,,0,0
https://openalex.org/w2038384784,https://doi.org/10.1007/bf03011336,,,0,0
https://openalex.org/w2020192433,https://doi.org/10.1046/j.1365-2648.1995.21040634.x,,,0,0
https://openalex.org/w1986142089,https://doi.org/10.1188/14.cjon.e118-e125,,,0,0
https://openalex.org/w2333167954,https://doi.org/10.1097/00006842-197207000-00002,,,0,0
https://openalex.org/w1995385247,https://doi.org/10.1016/j.pmn.2011.09.006,,,0,0
https://openalex.org/w2620082337,https://doi.org/10.1002/lary.26672,,,0,0
https://openalex.org/w2110770063,https://doi.org/10.1016/j.annfar.2008.04.011,,,0,0
https://openalex.org/w2062494608,https://doi.org/10.1016/j.nedt.2012.03.018,,,0,0
https://openalex.org/w4256035433,https://doi.org/10.1186/isrctn14736486,,,0,0
https://openalex.org/w2609348362,https://doi.org/10.1016/j.aenj.2017.04.001,,,0,0
https://openalex.org/w1783579560,https://doi.org/10.1002/14651858.cd000199,,,0,0
https://openalex.org/w2013096581,https://doi.org/10.1111/j.1365-2648.2009.05117.x,,,0,0
https://openalex.org/w2885353039,https://doi.org/10.1177/0825859718790627,,,0,0
https://openalex.org/w2517598219,https://doi.org/10.7860/jcdr/2016/20961.8119,,,0,1
https://openalex.org/w1974746195,https://doi.org/10.1592/phco.21.13.1070.34622,,,0,0
https://openalex.org/w2761988402,https://doi.org/10.1002/14651858.cd012819.pub2,,,0,0
https://openalex.org/w2225997186,https://doi.org/10.1111/jan.12890,,,0,0
https://openalex.org/w2165854904,https://doi.org/10.3233/wor-2001-00171,,,0,0
https://openalex.org/w2034583003,https://doi.org/10.5271/sjweh.370,,,0,0
https://openalex.org/w1989887387,https://doi.org/10.1016/j.pmn.2010.07.006,,,0,0
https://openalex.org/w2029896020,https://doi.org/10.1016/j.burns.2013.03.005,,,0,0
https://openalex.org/w2431982488,https://doi.org/10.1002/central/cn-01762738/full'],,,0,0
https://openalex.org/w2799470097,https://doi.org/10.1016/j.pedn.2018.04.011,,,0,0
https://openalex.org/w2141821972,https://doi.org/10.3122/jabfm.2009.03.080162,,,0,0
https://openalex.org/w2413136004,https://doi.org/10.1097/00002820-199510000-00010,,,0,0
https://openalex.org/w1600190529,https://doi.org/10.1111/pme.12404,,,0,0
https://openalex.org/w2792243213,https://doi.org/10.1093/pm/pny035,,,0,0
https://openalex.org/w2082775018,https://doi.org/10.1111/j.1526-4610.2004.446002.x,,,0,0
https://openalex.org/w2063243129,https://doi.org/10.4103/0973-1075.78451,,,0,0
https://openalex.org/w2766059641,https://doi.org/10.1111/ijn.12605,,,0,0
https://openalex.org/w2059359194,https://doi.org/10.1188/04.onf.1137-1143,,,0,0
https://openalex.org/w4230345233,https://doi.org/10.1176/appi.ajp.163.6.1084,,,0,0
https://openalex.org/w2031723568,https://doi.org/10.1097/00002800-200007000-00008,,,0,0
https://openalex.org/w1989487766,https://doi.org/10.1016/j.jpainsymman.2007.12.016,,,0,0
https://openalex.org/w2135528499,https://doi.org/10.1016/j.resuscitation.2006.12.004,,,0,0
https://openalex.org/w2133976149,https://doi.org/10.1002/14651858.cd005538.pub2,,,0,0
https://openalex.org/w1545631117,,,,0,0
https://openalex.org/w2048825605,https://doi.org/10.1016/j.pmn.2012.10.004,,,0,0
https://openalex.org/w1991165768,https://doi.org/10.1186/1471-2318-10-47,,,0,0
https://openalex.org/w2097591619,https://doi.org/10.1111/ijn.12052,,,0,0
https://openalex.org/w2802281028,https://doi.org/10.23750/abm.v89i4-s.7115,,,1,1
https://openalex.org/w1965312056,https://doi.org/10.15386/cjmed-660,,,0,0
https://openalex.org/w2097344757,https://doi.org/10.1016/j.jmwh.2009.05.001,,,0,0
https://openalex.org/w2914432833,https://doi.org/10.3892/etm.2019.7203,,,0,0
https://openalex.org/w2158873921,https://doi.org/10.1097/ncc.0b013e31820641be,,,0,0
https://openalex.org/w1987031490,https://doi.org/10.11124/jbisrir-2014-1148,,,0,0
https://openalex.org/w2919816401,https://doi.org/10.1097/olq.0000000000000990,,,0,0
https://openalex.org/w2000849834,https://doi.org/10.1016/j.ejpain.2006.12.002,,,0,0
https://openalex.org/w2059285546,https://doi.org/10.12968/jowc.1999.8.2.25843,,,0,0
https://openalex.org/w1986358125,https://doi.org/10.1111/papr.12238,,,0,0
https://openalex.org/w106079155,,,,0,0
https://openalex.org/w2412371430,https://doi.org/10.7748/ns.8.51.25.s32,,,0,0
https://openalex.org/w4255964183,https://doi.org/10.31525/ct1-nct03956667,,,0,0
https://openalex.org/w2530127926,https://doi.org/10.1016/j.aenj.2016.09.002,,,0,0
https://openalex.org/w2169239671,https://doi.org/10.1038/jp.2009.185,,,0,0
https://openalex.org/w2343747826,https://doi.org/10.1111/jan.12985,,,0,0
https://openalex.org/w2084987101,https://doi.org/10.1053/jpmn.2002.29012,,,0,0
https://openalex.org/w2043523180,https://doi.org/10.1016/j.acpain.2006.02.001,,,0,0
https://openalex.org/w2154777543,https://doi.org/10.1111/j.1365-2648.2006.03860.x,,,0,1
https://openalex.org/w2151434593,https://doi.org/10.1016/s0964-3397(97)80825-7,,,0,0
https://openalex.org/w2077882706,https://doi.org/10.1111/j.1365-2702.2008.02775.x,,,0,0
https://openalex.org/w2148427457,https://doi.org/10.1093/rheumatology/33.3.283,,,0,0
https://openalex.org/w1525553074,https://doi.org/10.1111/j.1651-2227.2007.00270.x,,,0,0
https://openalex.org/w2040753229,https://doi.org/10.1155/2012/456897,,057-200-392-517-994,0,0
https://openalex.org/w2410299441,https://doi.org/10.1016/s0022-5347(17)49834-x,,,0,0
https://openalex.org/w1972258997,https://doi.org/10.1016/j.anr.2014.05.005,,,0,0
https://openalex.org/w2045852874,https://doi.org/10.1188/07.onf.313-321,,,0,0
https://openalex.org/w2029558432,https://doi.org/10.1213/ane.0b013e318187c9bb,,,0,0
https://openalex.org/w1997879310,https://doi.org/10.1093/rheumatology/ker301,,,0,0
https://openalex.org/w2908681809,https://doi.org/10.3390/jcm8010064,,,0,0
https://openalex.org/w2035982945,https://doi.org/10.1053/jpmn.2002.123017,,,0,0
https://openalex.org/w2136477236,https://doi.org/10.1136/ebn.6.2.46,,,0,0
https://openalex.org/w4242893816,https://doi.org/10.1067/mob.2002.122382,,,0,0
https://openalex.org/w1995395474,https://doi.org/10.1111/j.1749-771x.2011.01130.x,,119-044-559-312-372,0,0
https://openalex.org/w2070461740,https://doi.org/10.1111/j.1553-2712.2000.tb02061.x,,,0,0
https://openalex.org/w1999688199,https://doi.org/10.1016/j.juro.2007.01.070,,,0,0
https://openalex.org/w2321780632,https://doi.org/10.11569/wcjd.v22.i23.3541,,,0,0
https://openalex.org/w2844642800,https://doi.org/10.1055/s-0038-1647071,,,0,0
https://openalex.org/w1999474140,https://doi.org/10.1046/j.1365-2648.1998.00551.x,,,0,0
https://openalex.org/w1512028524,https://doi.org/10.1002/j.1875-9114.1983.tb03246.x,,,0,0
https://openalex.org/w2019819995,https://doi.org/10.1016/j.pmn.2013.07.005,,,0,0
https://openalex.org/w2784819046,https://doi.org/10.1111/wvn.12236,,018-191-466-727-200,1,1
https://openalex.org/w2132552533,https://doi.org/10.1097/00006199-199511000-00005,,,0,0
https://openalex.org/w2892281018,https://doi.org/10.1016/j.midw.2018.09.012,,,0,0
https://openalex.org/w2796219384,https://doi.org/10.1111/ijn.12648,,,0,0
https://openalex.org/w2156466154,https://doi.org/10.1111/j.1365-2702.2008.02704.x,,,0,0
https://openalex.org/w1991984821,https://doi.org/10.1213/00000539-199109000-00004,,,0,0
https://openalex.org/w1988694985,https://doi.org/10.1053/jpsu.2001.20011,,,0,0
https://openalex.org/w2054102338,https://doi.org/10.1111/jocn.12291,,,0,1
https://openalex.org/w3025905563,https://doi.org/10.3760/cma.j.issn.0376-2491.2019.26.010,,,0,0
https://openalex.org/w1991219799,https://doi.org/10.1136/pgmj.2009.087643,,,0,0
https://openalex.org/w2396768777,,,,0,0
https://openalex.org/w2058095798,https://doi.org/10.1186/1471-2474-12-112,,168-381-909-961-271,0,0
https://openalex.org/w4240720716,https://doi.org/10.1186/isrctn21390601,,,0,0
https://openalex.org/w1984901241,https://doi.org/10.1016/j.jpainsymman.2011.03.023,,,0,0
https://openalex.org/w2919083793,https://doi.org/10.1016/j.ijnurstu.2019.02.017,,,0,0
https://openalex.org/w2966235865,https://doi.org/10.11124/jbisrir-2017-003916,,,0,0
https://openalex.org/w2077831364,https://doi.org/10.1016/j.clinthera.2014.12.004,,,0,0
https://openalex.org/w2053387234,https://doi.org/10.1002/ejp.675,,,0,1
https://openalex.org/w2093468331,https://doi.org/10.1016/j.clinthera.2008.01.018,,,0,0
https://openalex.org/w2501679543,https://doi.org/10.1016/j.ijnurstu.2016.07.022,,,0,0
https://openalex.org/w2023107558,https://doi.org/10.1111/j.1365-2702.2005.01156.x,,,0,0
https://openalex.org/w2593597050,https://doi.org/10.5271/sjweh.3627,,,0,0
https://openalex.org/w2018560507,https://doi.org/10.1186/1471-2474-13-149,,,0,0
https://openalex.org/w2051653445,https://doi.org/10.12968/bjon.2000.9.11.6258,,,0,0
https://openalex.org/w2146504614,https://doi.org/10.1093/fampra/cmh514,,,0,0
https://openalex.org/w2135462549,https://doi.org/10.1002/1097-0142(19890915)64:6<1375::aid-cncr2820640634>3.0.co;2-6,,,0,0
https://openalex.org/w2018473577,https://doi.org/10.1016/j.pmn.2005.01.001,,,0,0
https://openalex.org/w2971693107,https://doi.org/10.1213/ane.0000000000004371,,,0,0
https://openalex.org/w2395956899,,,,0,0
https://openalex.org/w2338933146,https://doi.org/10.1111/apa.13434,,,0,0
https://openalex.org/w2997767575,https://doi.org/10.13703/j.0255-2930.2019.06.004,,,0,0
https://openalex.org/w2090096173,https://doi.org/10.1016/j.ijnurstu.2013.05.008,,,0,0
https://openalex.org/w2939970094,https://doi.org/10.4103/njcp.njcp_437_17,,,0,0
https://openalex.org/w2937638590,https://doi.org/10.22110/jkums.v21i2.3425,,,0,0
https://openalex.org/w2359677898,https://doi.org/10.1542/hpeds.2015-0240,,,0,0
https://openalex.org/w2055002209,https://doi.org/10.1016/j.pmn.2011.05.004,,,0,0
https://openalex.org/w1921661541,https://doi.org/10.2106/00004623-199505000-00009,,,0,0
https://openalex.org/w2770047489,https://doi.org/10.1891/1541-6577.31.4.379,,,0,0
https://openalex.org/w2049678073,https://doi.org/10.1177/1367493507079558,,,0,0
https://openalex.org/w2326808705,https://doi.org/10.1097/00005082-199210000-00008,,,0,0
https://openalex.org/w1978503294,https://doi.org/10.3109/00365521.2015.1038848,,,0,0
https://openalex.org/w1989538127,https://doi.org/10.1016/s0304-3959(98)00059-1,,,0,0
https://openalex.org/w2560673571,https://doi.org/10.1016/j.pmn.2016.10.001,,,0,0
https://openalex.org/w2062501367,https://doi.org/10.1037/0278-6133.21.1.94,,,0,0
https://openalex.org/w1975115425,https://doi.org/10.1097/00044067-200507000-00010,,,0,0
https://openalex.org/w2040753892,https://doi.org/10.1016/j.gie.2011.03.093,,,0,0
https://openalex.org/w2042839505,https://doi.org/10.1007/s00404-009-1006-3,,,0,0
https://openalex.org/w2900227116,https://doi.org/10.1093/geroni/igy023.1188,,,0,0
https://openalex.org/w58703492,https://doi.org/10.1080/08858199509528343,,,0,0
https://openalex.org/w1572185173,https://doi.org/10.1046/j.1442-2018.2001.00069.x,,032-749-113-590-816,0,0
https://openalex.org/w2037457495,https://doi.org/10.1213/01.ane.0000219587.02263.a0,,,0,0
https://openalex.org/w4242803842,https://doi.org/10.31525/ct1-nct04044716,,,0,0
https://openalex.org/w1545541132,https://doi.org/10.3748/wjg.v18.i25.3250,,,0,0
https://openalex.org/w1998125320,https://doi.org/10.1185/146300906x167737,,,0,0
https://openalex.org/w2136000318,https://doi.org/10.1177/0163278702238051,,,0,0
https://openalex.org/w2024123103,https://doi.org/10.1177/1049909113476129,,,0,0
https://openalex.org/w2127148383,https://doi.org/10.1016/j.jmpt.2011.05.006,,,0,0
https://openalex.org/w2166954047,https://doi.org/10.1185/03007990802631321,,,0,0
https://openalex.org/w2969872990,https://doi.org/10.3892/etm.2019.7915,,,0,0
https://openalex.org/w2032287963,https://doi.org/10.1097/00002517-199802000-00005,,,0,0
https://openalex.org/w2015824491,https://doi.org/10.1111/j.1365-2702.2009.02872.x,,,0,0
https://openalex.org/w1988736960,https://doi.org/10.1111/1744-1609.12044,,,0,0
https://openalex.org/w2964309715,https://doi.org/10.1111/jnu.12503,,,0,0
https://openalex.org/w2038078632,https://doi.org/10.1016/0140-6736(92)91194-d,,,0,0
https://openalex.org/w2411927243,https://doi.org/10.1136/rapm-00115550-199419040-00011,,,0,0
https://openalex.org/w2019891120,https://doi.org/10.1097/00006199-200603001-00010,,,0,0
https://openalex.org/w2374803456,https://doi.org/10.1891/0889-7182.10.2.153,,,0,1
https://openalex.org/w1975466025,https://doi.org/10.1016/j.jpainsymman.2012.07.015,,,0,0
https://openalex.org/w2914438353,https://doi.org/10.1016/j.ctcp.2019.02.010,,,0,1
https://openalex.org/w2142499579,https://doi.org/10.12968/jowc.2009.18.1.32142,,,0,0
https://openalex.org/w2144105205,https://doi.org/10.3233/jad-2010-100744,,,0,0
https://openalex.org/w2601375800,https://doi.org/10.11569/wcjd.v25.i9.822,,,0,0
https://openalex.org/w1491062964,https://doi.org/10.1002/j.1875-9114.1997.tb03792.x,,,0,0
https://openalex.org/w4251049654,https://doi.org/10.1186/isrctn51569968,,,0,0
https://openalex.org/w2333100870,https://doi.org/10.2466/pms.1997.84.2.573,,,0,0
https://openalex.org/w4246507154,https://doi.org/10.1001/archinte.136.10.1111,,,0,1
https://openalex.org/w2431912926,https://doi.org/10.1002/central/cn-00159188/full'],,,0,0
https://openalex.org/w2897642601,https://doi.org/10.1016/j.joms.2018.10.001,,,0,0
https://openalex.org/w1916373117,https://doi.org/10.1111/j.1526-4637.2011.01181.x,,,0,0
https://openalex.org/w2557091978,https://doi.org/10.1371/currents.dis.e75f9f9d977ac8adededb381e3948a04,,,0,0
