openalex_id,doi,pmid,lens_id,label_included,label_abstract_included
https://openalex.org/w3164012580,https://doi.org/10.1136/annrheumdis-2021-eular.366,,,0,
https://openalex.org/w4291186530,https://doi.org/10.1136/annrheumdis-2022-eular.4237,,,0,
https://openalex.org/w2783533721,https://doi.org/10.3389/fimmu.2017.01967,,,0,
https://openalex.org/w2909630591,https://doi.org/10.1136/annrheumdis-2018-eular.4854,,,0,
https://openalex.org/w3165686389,https://doi.org/10.1136/annrheumdis-2021-eular.2019,,,0,
https://openalex.org/w2811447219,https://doi.org/10.3899/jrheum.171152,,,0,
https://openalex.org/w2793751308,https://doi.org/10.1159/000485499,,,0,
https://openalex.org/w4225394263,https://doi.org/10.1002/art.42154,,,0,
https://openalex.org/w3033500014,https://doi.org/10.1136/annrheumdis-2020-eular.2935,,,0,
https://openalex.org/w3022081125,https://doi.org/10.1007/s12325-020-01352-8,,,0,
https://openalex.org/w2906261465,https://doi.org/10.1016/j.jval.2018.09.2578,,,0,
https://openalex.org/w3033623939,https://doi.org/10.1007/s10067-020-05199-w,,,0,
https://openalex.org/w4293307140,https://doi.org/10.1007/s11096-017-0565-9,,,0,
https://openalex.org/w2908739286,https://doi.org/10.1136/annrheumdis-2018-eular.4922,,,0,
https://openalex.org/w2908968146,https://doi.org/10.1136/annrheumdis-2018-eular.2132,,,0,
https://openalex.org/w4283699614,https://doi.org/10.1136/annrheumdis-2022-eular.5080,,,0,
https://openalex.org/w2804546277,https://doi.org/10.1016/j.semarthrit.2018.05.009,,,0,
https://openalex.org/w3096238453,https://doi.org/10.1136/annrheumdis-2020-eular.3645,,,0,
https://openalex.org/w2990105966,https://doi.org/10.1097/md.0000000000018063,,,0,
https://openalex.org/w3123244592,https://doi.org/10.1111/1756-185x.14069,,,0,
https://openalex.org/w3094360432,https://doi.org/10.1136/annrheumdis-2020-eular.2555,,,0,
https://openalex.org/w3017305947,https://doi.org/10.1136/ejhpharm-2020-eahpconf.382,,,0,
https://openalex.org/w4283709999,https://doi.org/10.1136/annrheumdis-2022-eular.4138,,,0,
https://openalex.org/w2948897122,https://doi.org/10.1016/j.ecns.2019.04.005,,,0,
https://openalex.org/w2950110225,https://doi.org/10.1136/annrheumdis-2019-eular.7598,,,0,
https://openalex.org/w4296794058,https://doi.org/10.5152/tjg.2022.22181,,,0,
https://openalex.org/w3200695752,https://doi.org/10.1101/2021.09.03.21262888,,,0,
https://openalex.org/w4283699516,https://doi.org/10.1136/annrheumdis-2022-eular.1775,,,0,
https://openalex.org/w3018626491,https://doi.org/10.1093/rheumatology/keaa109.026,,,0,
https://openalex.org/w2979709352,https://doi.org/10.1111/jdv.16004,,,0,
https://openalex.org/w2904527393,https://doi.org/10.2340/00015555-3098,,,0,
https://openalex.org/w2913878532,https://doi.org/10.1111/joim.12880,,,0,
https://openalex.org/w3199937312,https://doi.org/10.6061/clinics/2021/e2820,,,0,
https://openalex.org/w3156017543,https://doi.org/10.1016/j.jbspin.2021.105193,,,0,
https://openalex.org/w2804981378,https://doi.org/10.1007/s10067-018-4141-z,,,0,
https://openalex.org/w3034962347,https://doi.org/10.1136/annrheumdis-2020-eular.2755,,,0,
https://openalex.org/w4283705958,https://doi.org/10.1136/annrheumdis-2022-eular.2198,,,0,
https://openalex.org/w2952405748,https://doi.org/10.1136/annrheumdis-2019-eular.1645,,,0,
https://openalex.org/w2802361779,https://doi.org/10.1093/rheumatology/key075.033,,,0,
https://openalex.org/w3033326213,https://doi.org/10.1007/s40744-020-00209-4,,,0,
https://openalex.org/w4220743911,https://doi.org/10.1101/2022.03.11.22271887,,,0,
https://openalex.org/w2807958518,https://doi.org/10.1136/annrheumdis-2018-eular.5983,,,0,
https://openalex.org/w3184098173,https://doi.org/10.1038/s41598-021-94504-x,,,0,
https://openalex.org/w4391309900,https://doi.org/10.1055/s-0040-1712248,,,0,
https://openalex.org/w3005303388,https://doi.org/10.1002/pds.4930,,,0,
https://openalex.org/w4283700074,https://doi.org/10.1136/annrheumdis-2022-eular.951,,,0,
https://openalex.org/w3177112908,https://doi.org/10.1136/annrheumdis-2021-220263,,,0,
https://openalex.org/w3081535908,https://doi.org/10.1002/14651858.cd012722.pub2,,,0,
https://openalex.org/w3203608045,https://doi.org/10.26355/eurrev_202109_26793,,,0,
https://openalex.org/w3031620688,https://doi.org/10.1186/s42358-020-00131-x,,,0,
https://openalex.org/w2901180906,https://doi.org/10.1016/j.berh.2018.09.002,,,0,
https://openalex.org/w3017368329,https://doi.org/10.1080/03009742.2020.1713395,,,0,
https://openalex.org/w2901393692,https://doi.org/10.1136/annrheumdis-2018-eular.5431,,,0,
https://openalex.org/w4283711117,https://doi.org/10.1136/annrheumdis-2022-eular.1362,,,0,
https://openalex.org/w2921689837,https://doi.org/10.1016/j.jaad.2019.03.017,,,0,
https://openalex.org/w4211256572,https://doi.org/10.1177/2050640618792819,,,0,
https://openalex.org/w2951268098,https://doi.org/10.1136/annrheumdis-2019-eular.331,,,0,
https://openalex.org/w2950176872,https://doi.org/10.1136/annrheumdis-2019-eular.1368,,,0,
https://openalex.org/w2914531723,https://doi.org/10.1001/jamadermatol.2018.5194,,,0,
https://openalex.org/w2947142015,https://doi.org/10.1136/annrheumdis-2019-eular.1290,,,0,
https://openalex.org/w2906256941,https://doi.org/10.1016/j.jval.2018.09.2698,,,0,
https://openalex.org/w3011146628,https://doi.org/10.1007/s10067-020-05027-1,,,0,
https://openalex.org/w3095492080,https://doi.org/10.1136/annrheumdis-2020-eular.6287,,,0,
https://openalex.org/w2886829994,https://doi.org/10.1136/bmjopen-2017-021082,,,0,
https://openalex.org/w4213032959,https://doi.org/10.1111/dth.15378,,,0,
https://openalex.org/w3010315960,https://doi.org/10.1007/s43440-020-00068-4,,,0,
https://openalex.org/w3113161927,https://doi.org/10.1007/s40257-020-00578-0,,,0,
https://openalex.org/w4200613979,https://doi.org/10.3389/fmed.2021.792846,,,0,
https://openalex.org/w3165557839,https://doi.org/10.1136/annrheumdis-2021-eular.721,,,0,
https://openalex.org/w2899941886,https://doi.org/10.1111/apt.14997,,,0,
https://openalex.org/w3047507936,https://doi.org/10.1002/acr.24343,,,0,
https://openalex.org/w2920982836,https://doi.org/10.1111/1346-8138.14834,,,0,
https://openalex.org/w3122627911,https://doi.org/10.1136/annrheumdis-2020-eular.365,,,0,
https://openalex.org/w3035486740,https://doi.org/10.1136/annrheumdis-2020-eular.2792,,,0,
https://openalex.org/w3132506550,https://doi.org/10.1016/j.reuma.2019.04.006,,,0,
https://openalex.org/w3040572132,https://doi.org/10.3897/folmed.62.e39402,,,0,
https://openalex.org/w4283706971,https://doi.org/10.1136/annrheumdis-2022-eular.1206,,,0,
https://openalex.org/w3017213631,https://doi.org/10.1684/ejd.2020.3757,,,0,
https://openalex.org/w2949955775,https://doi.org/10.1136/annrheumdis-2019-eular.5841,,,0,
https://openalex.org/w3151602526,https://doi.org/10.3899/jrheum.201204,,,0,
https://openalex.org/w2982699468,https://doi.org/10.18553/jmcp.2019.25.11.1218,,,0,
https://openalex.org/w2749132076,https://doi.org/10.1002/acr.23346,,,0,
https://openalex.org/w3107975078,https://doi.org/10.1016/j.jaad.2020.06.331,,,0,
https://openalex.org/w2906282456,https://doi.org/10.1016/j.jval.2018.09.1774,,,0,
https://openalex.org/w3161439651,https://doi.org/10.1007/s00296-021-04872-w,,,0,
https://openalex.org/w2799359510,https://doi.org/10.1016/s0016-5085(18)30973-9,,,0,
https://openalex.org/w2980573443,https://doi.org/10.1111/dth.13132,,,0,
https://openalex.org/w4295259365,https://doi.org/10.1016/j.jaad.2022.06.462,,,0,
https://openalex.org/w2956378813,https://doi.org/10.1016/j.semarthrit.2019.07.003,,,0,
https://openalex.org/w4283696602,https://doi.org/10.1136/annrheumdis-2022-eular.5341,,,0,
https://openalex.org/w2975752954,https://doi.org/10.14744/nci.2019.57873,,,0,
https://openalex.org/w3048431881,https://doi.org/10.1136/annrheumdis-2020-218296,,,0,
https://openalex.org/w4283707581,https://doi.org/10.1136/annrheumdis-2022-eular.4842,,,0,
https://openalex.org/w2894634770,https://doi.org/10.1007/s00132-018-3650-4,,,0,
https://openalex.org/w4284896852,https://doi.org/10.1111/1346-8138.16508,,,0,
https://openalex.org/w4224987261,https://doi.org/10.1111/bjd.21627,,,0,
https://openalex.org/w2811183513,https://doi.org/10.1016/j.jval.2018.04.1623,,,0,
https://openalex.org/w4293419663,https://doi.org/10.1080/14740338.2022.2115479,,,0,
https://openalex.org/w4283590895,https://doi.org/10.1136/annrheumdis-2022-eular.1753,,,0,
https://openalex.org/w3124845160,https://doi.org/10.1007/s13555-020-00479-4,,,0,
https://openalex.org/w3032976190,https://doi.org/10.1136/annrheumdis-2020-eular.4308,,,0,
https://openalex.org/w3189751474,https://doi.org/10.4081/dr.2021.8797,,,0,
https://openalex.org/w3164059586,https://doi.org/10.1136/annrheumdis-2021-eular.3526,,,0,
https://openalex.org/w2913875901,https://doi.org/10.1007/s10067-019-04426-3,,,0,
https://openalex.org/w3148951763,https://doi.org/10.1016/j.ajo.2021.03.026,,,0,
https://openalex.org/w3124527235,https://doi.org/10.1111/1346-8138.15737,,,0,
https://openalex.org/w3021401668,https://doi.org/10.1136/thorax-2018-212555.313,,,0,
https://openalex.org/w3119665681,https://doi.org/10.1097/md.0000000000027368,,,0,
https://openalex.org/w2951103650,https://doi.org/10.1136/annrheumdis-2019-eular.3279,,,0,
https://openalex.org/w4300190056,https://doi.org/10.1136/annrheumdis-2022-eular.536,,,0,
https://openalex.org/w3164822392,https://doi.org/10.1136/annrheumdis-2021-eular.2694,,,0,
https://openalex.org/w3177054036,https://doi.org/10.1093/rheumatology/keab509,,,0,
https://openalex.org/w4285588570,https://doi.org/10.1038/s41598-022-16622-4,,,0,
https://openalex.org/w3011894734,https://doi.org/10.1136/annrheumdis-2019-216693,,,0,
https://openalex.org/w3095410646,https://doi.org/10.1136/annrheumdis-2020-eular.1362,,,0,
https://openalex.org/w2917191538,https://doi.org/10.1136/annrheumdis-2018-ewrr2019.83,,,0,
https://openalex.org/w3107787344,https://doi.org/10.1111/dth.14623,,,0,
https://openalex.org/w3036161997,https://doi.org/10.3389/fmed.2020.00288,,,0,
https://openalex.org/w2909507057,https://doi.org/10.1136/annrheumdis-2018-eular.5626,,,0,
https://openalex.org/w3092270067,https://doi.org/10.23736/s2784-8671.20.06623-7,,,0,
https://openalex.org/w3006130040,https://doi.org/10.1080/14656566.2020.1726317,,,0,
https://openalex.org/w2981059148,,,,0,
https://openalex.org/w4294084523,https://doi.org/10.1007/s40257-022-00721-z,,,0,
https://openalex.org/w2909063338,https://doi.org/10.1136/annrheumdis-2018-eular.2577,,,0,
https://openalex.org/w3042288311,https://doi.org/10.1136/annrheumdis-2020-eular.5540,,,0,
https://openalex.org/w2943908015,https://doi.org/10.1016/j.aohep.2019.01.011,,,0,
https://openalex.org/w3164397700,https://doi.org/10.1136/annrheumdis-2021-eular.691,,,0,
https://openalex.org/w3031337347,https://doi.org/10.1371/journal.pone.0233781,,,0,
https://openalex.org/w2799666001,https://doi.org/10.1016/j.jtemb.2018.05.001,,,0,
https://openalex.org/w3164174907,https://doi.org/10.1136/annrheumdis-2021-eular.900,,,0,
https://openalex.org/w3049243680,https://doi.org/10.1093/rheumatology/keaa399,,,0,
https://openalex.org/w4283711362,https://doi.org/10.1136/annrheumdis-2022-eular.2094,,,0,
https://openalex.org/w2897834691,https://doi.org/10.1007/s40744-018-0129-z,,,0,
https://openalex.org/w2857406689,https://doi.org/10.2147/ptt.s146076,,,0,
https://openalex.org/w4200282064,https://doi.org/10.18553/jmcp.2021.27.10-b.s1,,,0,
https://openalex.org/w2910321819,https://doi.org/10.1136/annrheumdis-2018-eular.2957,,,0,
https://openalex.org/w3097229464,https://doi.org/10.1136/annrheumdis-2020-218398,,,0,
https://openalex.org/w2997663609,,,,0,
https://openalex.org/w3162078760,https://doi.org/10.1186/s41927-021-00189-0,,,0,
https://openalex.org/w4300168442,https://doi.org/10.1136/annrheumdis-2022-eular.3106,,,0,
https://openalex.org/w4301401326,https://doi.org/10.3389/fphar.2022.992713,,,0,
https://openalex.org/w3165023402,https://doi.org/10.1136/annrheumdis-2021-eular.5097,,,0,
https://openalex.org/w4281565402,https://doi.org/10.1016/j.phrs.2022.106278,,,0,
https://openalex.org/w2950311523,https://doi.org/10.1136/annrheumdis-2019-eular.1824,,,0,
https://openalex.org/w3115180143,https://doi.org/10.3390/nu13010107,,,0,
https://openalex.org/w2945327199,https://doi.org/10.1136/bcr-2018-225519,,,0,
https://openalex.org/w2983002682,https://doi.org/10.1136/annrheumdis-2019-216102,,,1,
https://openalex.org/w4224316145,https://doi.org/10.1111/ced.15237,,,0,
https://openalex.org/w2765277061,https://doi.org/10.1002/art.40366,,,0,
https://openalex.org/w4205225795,https://doi.org/10.1007/s12325-021-01981-7,,,0,
https://openalex.org/w3210928978,https://doi.org/10.1111/1346-8138.16217,,,0,
https://openalex.org/w3162017798,https://doi.org/10.1007/s10067-021-05768-7,,,0,
https://openalex.org/w4283692647,https://doi.org/10.1136/annrheumdis-2022-eular.371,,,0,
https://openalex.org/w4214602248,https://doi.org/10.1097/jsm.0000000000000917,,,0,
https://openalex.org/w3015848370,https://doi.org/10.1111/dth.13409,,,0,
https://openalex.org/w4214809582,https://doi.org/10.1080/03009742.2022.2028364,,,0,
https://openalex.org/w3120046010,,,,0,
https://openalex.org/w2970857671,https://doi.org/10.2147/ptt.s179182,,,0,
https://openalex.org/w4292296622,https://doi.org/10.1111/ced.15377,,,0,
https://openalex.org/w3207868280,https://doi.org/10.1016/s0960-9776(21)00548-8,,,0,
https://openalex.org/w4283704079,https://doi.org/10.1136/annrheumdis-2022-eular.4037,,,0,
https://openalex.org/w3038157805,https://doi.org/10.1136/annrheumdis-2020-218054,,062-676-199-946-556,0,
https://openalex.org/w3159598855,https://doi.org/10.1002/acr.23789,,,0,
https://openalex.org/w3208482961,https://doi.org/10.1016/j.jbspin.2021.105306,,,0,
https://openalex.org/w3108773235,https://doi.org/10.1016/j.jaad.2020.06.382,,,0,
https://openalex.org/w4283704890,https://doi.org/10.1136/annrheumdis-2022-eular.5240,,,0,
https://openalex.org/w3036534378,https://doi.org/10.1016/j.semarthrit.2020.05.022,,,0,
https://openalex.org/w4295014100,https://doi.org/10.1136/rmdopen-2022-002478,,,0,
https://openalex.org/w3139174812,https://doi.org/10.1016/s2665-9913(21)00063-1,,,0,
https://openalex.org/w3107214515,https://doi.org/10.1016/j.jaad.2020.06.501,,,0,
https://openalex.org/w3158597011,https://doi.org/10.1007/s00296-021-04863-x,,,0,
https://openalex.org/w2896493327,https://doi.org/10.1136/annrheumdis-2018-eular.4980,,,0,
https://openalex.org/w4283709431,https://doi.org/10.1136/annrheumdis-2022-eular.961,,,0,
https://openalex.org/w3045256460,https://doi.org/10.1136/annrheumdis-2020-eular.3490,,,0,
https://openalex.org/w4224317465,https://doi.org/10.1093/rheumatology/keac249,,,0,
https://openalex.org/w2949727154,https://doi.org/10.1136/annrheumdis-2019-eular.8143,,,0,
https://openalex.org/w4303962005,https://doi.org/10.3390/pharmaceutics14102140,,,0,
https://openalex.org/w2952017388,https://doi.org/10.1136/annrheumdis-2019-eular.2220,,,0,
https://openalex.org/w3164916403,https://doi.org/10.1136/annrheumdis-2021-eular.558,,,0,
https://openalex.org/w4221046440,https://doi.org/10.3390/life12030435,,,0,
https://openalex.org/w2909113868,https://doi.org/10.1136/annrheumdis-2018-eular.5750,,,0,
https://openalex.org/w3046076057,https://doi.org/10.1080/14656566.2020.1796970,,,0,
https://openalex.org/w3045413237,https://doi.org/10.1080/09546634.2020.1801976,,,0,
https://openalex.org/w2913890755,https://doi.org/10.1111/1756-185x.13512,,,0,
https://openalex.org/w3216796020,https://doi.org/10.1159/000520290,,,0,
https://openalex.org/w2901630924,https://doi.org/10.1002/pds.4695,,,0,
https://openalex.org/w2937044336,https://doi.org/10.31925/farmacia.2019.1.25,,,0,
https://openalex.org/w2779290422,https://doi.org/10.1136/annrheumdis-2017-212127,,,0,
https://openalex.org/w2947233700,https://doi.org/10.1136/annrheumdis-2019-eular.5043,,,0,
https://openalex.org/w3109186993,https://doi.org/10.1136/annrheumdis-2020-eular.4337,,,0,
https://openalex.org/w3210851106,https://doi.org/10.14309/01.ajg.0000777388.25390.d3,,,0,
https://openalex.org/w4236763357,https://doi.org/10.1002/ana.25865,,,0,
https://openalex.org/w4220955071,https://doi.org/10.1111/1346-8138.16352,,,0,
https://openalex.org/w2792182750,https://doi.org/10.1093/ecco-jcc/jjx180.814,,,0,
https://openalex.org/w4213184234,https://doi.org/10.1007/s00198-021-06125-9,,,0,
https://openalex.org/w2801219207,https://doi.org/10.1111/dth.12614,,,0,
https://openalex.org/w3128835889,https://doi.org/10.1080/08820139.2021.1884091,,,0,
https://openalex.org/w2896245743,https://doi.org/10.1001/jamadermatol.2018.3442,,,0,
https://openalex.org/w2909458207,https://doi.org/10.1136/annrheumdis-2018-eular.4734,,,0,
https://openalex.org/w2972382628,https://doi.org/10.1186/s13075-019-1998-4,,,0,
https://openalex.org/w2947615217,https://doi.org/10.1136/annrheumdis-2019-eular.6001,,,0,
https://openalex.org/w2945860473,https://doi.org/10.1007/s11845-019-02040-5,,,0,
https://openalex.org/w2944095667,https://doi.org/10.1016/s0016-5085(19)39174-7,,,0,
https://openalex.org/w4297255453,https://doi.org/10.1371/journal.pone.0275293,,,0,
https://openalex.org/w4283709624,https://doi.org/10.1136/annrheumdis-2022-eular.2294,,,0,
https://openalex.org/w2885067197,https://doi.org/10.1016/j.jid.2018.07.029,,,0,
https://openalex.org/w2910167368,https://doi.org/10.1136/annrheumdis-2018-eular.2949,,,0,
https://openalex.org/w4303649155,https://doi.org/10.1111/dth.15910,,,0,
https://openalex.org/w3165283474,https://doi.org/10.1136/annrheumdis-2021-eular.3002,,,0,
https://openalex.org/w3195950510,https://doi.org/10.3389/fmed.2021.696597,,,0,
https://openalex.org/w4283690419,https://doi.org/10.1136/annrheumdis-2022-eular.2643,,,0,
https://openalex.org/w4233103154,https://doi.org/10.31525/ct1-nct03998683,,,0,
https://openalex.org/w2978160258,,,,0,
https://openalex.org/w3164176787,https://doi.org/10.1136/annrheumdis-2021-eular.2619,,,0,
https://openalex.org/w3169334831,https://doi.org/10.3389/fonc.2021.687432,,,0,
https://openalex.org/w2791404117,https://doi.org/10.1007/s10067-018-4064-8,,,0,
https://openalex.org/w3114976290,https://doi.org/10.1136/annrheumdis-2020-eular.1237,,,0,
https://openalex.org/w4249604463,https://doi.org/10.1016/j.jaad.2019.06.1052,,,0,
https://openalex.org/w4281755162,https://doi.org/10.3899/jrheum.211231,,,0,
https://openalex.org/w3048882403,https://doi.org/10.1007/s40261-020-00959-7,,,0,
https://openalex.org/w2900549048,https://doi.org/10.2340/00015555-2978,,,0,
https://openalex.org/w3174981506,https://doi.org/10.1111/exd.14122,,,0,
https://openalex.org/w3209692826,https://doi.org/10.4103/injr.injr_327_20,,,0,
https://openalex.org/w4256241807,https://doi.org/10.1016/j.jaad.2019.06.440,,,0,
https://openalex.org/w2776016310,https://doi.org/10.1111/bcp.13494,,,0,
https://openalex.org/w4220914105,https://doi.org/10.1136/rmdopen-2021-002074,,,0,
https://openalex.org/w3185350844,https://doi.org/10.1002/art.41923,,,0,
https://openalex.org/w4226394802,https://doi.org/10.4103/ds.ds_8_22,,,0,
https://openalex.org/w3134945275,https://doi.org/10.1007/s00296-021-04818-2,,,0,
https://openalex.org/w2949065497,https://doi.org/10.1136/annrheumdis-2019-eular.7006,,,0,
https://openalex.org/w3170657268,https://doi.org/10.1136/annrheumdis-2021-219961,,,0,
https://openalex.org/w2964162470,https://doi.org/10.1007/s00296-019-04385-7,,,0,
https://openalex.org/w2950326044,https://doi.org/10.1136/annrheumdis-2019-eular.6734,,,0,
https://openalex.org/w4282959430,https://doi.org/10.1016/s0016-5085(22)62386-2,,,0,
https://openalex.org/w2938527418,https://doi.org/10.1093/rheumatology/kez107.061,,,0,
https://openalex.org/w2808534735,https://doi.org/10.1136/annrheumdis-2018-eular.5086,,,0,
https://openalex.org/w3169159864,https://doi.org/10.1093/rheumatology/keab449,,,0,
https://openalex.org/w3009224111,https://doi.org/10.1186/s41927-019-0106-3,,,0,
https://openalex.org/w2983849023,https://doi.org/10.1186/s12967-019-2128-4,,,0,
https://openalex.org/w2985224798,https://doi.org/10.4103/ijdvl.ijdvl_791_18,,,0,
https://openalex.org/w4254357321,https://doi.org/10.1016/j.jaad.2018.05.730,,,0,
https://openalex.org/w4283704936,https://doi.org/10.1136/annrheumdis-2022-eular.4823,,,0,
https://openalex.org/w3205226128,https://doi.org/10.1016/j.chest.2021.07.730,,,0,
https://openalex.org/w3048583639,https://doi.org/10.1111/dth.14168,,,0,
https://openalex.org/w2976037111,https://doi.org/10.1016/s0959-8049(19)30623-9,,,0,
https://openalex.org/w3004527951,https://doi.org/10.1016/s0140-6736(19)33161-7,,,0,
https://openalex.org/w2743459610,https://doi.org/10.1002/acr.23334,,,0,
https://openalex.org/w2900960610,https://doi.org/10.1136/annrheumdis-2018-eular.6009,,,0,
https://openalex.org/w4225413377,https://doi.org/10.1002/art.42153,,,0,
https://openalex.org/w3015584502,https://doi.org/10.1080/03007995.2020.1754186,,,0,
https://openalex.org/w4283704673,https://doi.org/10.1136/annrheumdis-2022-eular.2364,,,0,
https://openalex.org/w3168500080,https://doi.org/10.1136/annrheumdis-2021-eular.2300,,,0,
https://openalex.org/w4235945692,https://doi.org/10.1002/14651858.cd011535.pub4,,,0,
https://openalex.org/w4213453648,https://doi.org/10.1136/annrheumdis-2021-221640,,,1,
https://openalex.org/w3030091858,https://doi.org/10.1111/bjd.19262,,,0,
https://openalex.org/w3117032355,https://doi.org/10.1093/ecco-jcc/jjaa260,,,0,
https://openalex.org/w4324277017,https://doi.org/10.1136/annrheumdis-2019-eular.2352,,,0,
https://openalex.org/w2754677541,https://doi.org/10.1111/jdv.14583,,,0,
https://openalex.org/w4206331503,https://doi.org/10.3389/fmed.2021.815881,,,0,
https://openalex.org/w2889463562,https://doi.org/10.2147/btt.s126854,,,0,
https://openalex.org/w2807009918,https://doi.org/10.1093/ibd/izy131,,,0,
https://openalex.org/w3201868743,https://doi.org/10.31138/mjr.32.3.264,,,0,
https://openalex.org/w4283707279,https://doi.org/10.1136/annrheumdis-2022-eular.4026,,,0,
https://openalex.org/w3000396321,https://doi.org/10.3390/jcm9010186,,,0,
https://openalex.org/w2952448523,https://doi.org/10.1111/1346-8138.14943,,,0,
https://openalex.org/w3164775037,https://doi.org/10.1136/annrheumdis-2021-eular.2592,,,0,
https://openalex.org/w3183306661,https://doi.org/10.1016/j.curtheres.2021.100639,,,0,
https://openalex.org/w3047229059,https://doi.org/10.1136/annrheumdis-2019-216761,,,1,
https://openalex.org/w3130500214,https://doi.org/10.1002/central/cn-01909380,,,0,
https://openalex.org/w3165218980,https://doi.org/10.1136/annrheumdis-2021-eular.1087,,,0,
https://openalex.org/w2901093970,https://doi.org/10.1080/08830185.2018.1539084,,,0,
https://openalex.org/w3082320880,https://doi.org/10.1136/lupus-2020-la.8,,,0,
https://openalex.org/w3116465106,https://doi.org/10.1093/rap/rkaa070,,,0,
https://openalex.org/w2986742605,https://doi.org/10.5152/eurjrheum.2019.19123,,,0,
https://openalex.org/w3136436309,https://doi.org/10.2147/ptt.s270621,,,0,
https://openalex.org/w2909895072,https://doi.org/10.2174/1574886314666190114124625,,,0,
https://openalex.org/w4283693255,https://doi.org/10.1136/annrheumdis-2022-eular.4722,,,0,
https://openalex.org/w3194388509,https://doi.org/10.1007/s10067-021-05874-6,,,0,
https://openalex.org/w3209560388,https://doi.org/10.14309/01.ajg.0000783292.24257.ad,,,0,
https://openalex.org/w4298616011,https://doi.org/10.1016/j.autrev.2022.103207,,,0,
https://openalex.org/w2794741254,https://doi.org/10.1002/ijc.31407,,,0,
https://openalex.org/w4307349450,https://doi.org/10.3389/fimmu.2022.1040725,,,0,
https://openalex.org/w4210421712,https://doi.org/10.1007/s13555-022-00682-5,,,0,
https://openalex.org/w3023291998,https://doi.org/10.1111/dth.13498,,,0,
https://openalex.org/w3165058847,https://doi.org/10.1136/annrheumdis-2021-eular.2992,,,0,
https://openalex.org/w2928789498,https://doi.org/10.3899/jrheum.181251,,,0,
https://openalex.org/w3090899978,https://doi.org/10.1177/1759720x20949088,,,0,
https://openalex.org/w3045714115,https://doi.org/10.7573/dic.212598,,,0,
https://openalex.org/w2953057522,https://doi.org/10.1136/annrheumdis-2019-eular.2751,,,0,
https://openalex.org/w3189032704,,,,0,
https://openalex.org/w4308686079,https://doi.org/10.1007/s13555-022-00851-6,,,0,
https://openalex.org/w4307046930,https://doi.org/10.1136/rmdopen-2022-002612,,,0,
https://openalex.org/w3034974143,https://doi.org/10.1136/annrheumdis-2021-eular.844,,,0,
https://openalex.org/w4285174724,https://doi.org/10.4103/ds.ds_18_22,,,0,
https://openalex.org/w2946728546,https://doi.org/10.1136/ejhpharm-2019-eahpconf.290,,,0,
https://openalex.org/w2807989412,https://doi.org/10.1136/annrheumdis-2018-eular.7146,,,0,
https://openalex.org/w4296711048,https://doi.org/10.1136/ard-2022-222779,,,0,
https://openalex.org/w2942646248,https://doi.org/10.1007/s10067-019-04577-3,,,0,
https://openalex.org/w2789324730,https://doi.org/10.1097/rhu.0000000000000741,,,0,
https://openalex.org/w3192099408,https://doi.org/10.1111/ajd.13279,,,0,
https://openalex.org/w4223546432,https://doi.org/10.1080/09546634.2022.2060924,,,0,
https://openalex.org/w4283706848,https://doi.org/10.1136/annrheumdis-2022-eular.3351,,,0,
https://openalex.org/w2950458421,https://doi.org/10.1136/annrheumdis-2019-eular.3657,,,0,
https://openalex.org/w3015566358,https://doi.org/10.1111/pcmr.12656,,,0,
https://openalex.org/w4224885347,https://doi.org/10.1016/j.jccase.2022.04.001,,,0,
https://openalex.org/w2908834497,https://doi.org/10.1136/annrheumdis-2018-eular.3252,,,0,
https://openalex.org/w3097044269,https://doi.org/10.1177/1759720x20964031,,,0,
https://openalex.org/w4283698391,https://doi.org/10.1136/annrheumdis-2022-eular.1560,,,0,
https://openalex.org/w4253020554,https://doi.org/10.1016/j.jaad.2019.06.1193,,,0,
https://openalex.org/w2980604577,https://doi.org/10.1080/1744666x.2020.1682553,,,0,
https://openalex.org/w3088207696,https://doi.org/10.1002/pds.5132,,,0,
https://openalex.org/w4285795285,https://doi.org/10.3390/jcm11144178,,,0,
https://openalex.org/w3035379003,https://doi.org/10.1136/annrheumdis-2020-eular.5899,,,0,
https://openalex.org/w3127444029,https://doi.org/10.1177/1759720x20987700,,,0,
https://openalex.org/w3049405451,https://doi.org/10.1136/bmjopen-2019-032552,,,0,
https://openalex.org/w3136652820,https://doi.org/10.1016/j.reumae.2020.06.010,,,0,
https://openalex.org/w4205858893,https://doi.org/10.1136/annrheumdis-2021-eular.5096,,,0,
https://openalex.org/w4256340831,https://doi.org/10.1016/j.jaad.2018.05.705,,,0,
https://openalex.org/w2808269532,https://doi.org/10.1136/annrheumdis-2018-eular.2164,,,0,
https://openalex.org/w2980053826,https://doi.org/10.14309/01.ajg.0000592876.05700.5e,,,0,
https://openalex.org/w3143614048,https://doi.org/10.1136/annrheumdis-2019-eular.4361,,,0,
https://openalex.org/w2952209514,https://doi.org/10.1136/annrheumdis-2019-eular.4390,,,0,
https://openalex.org/w2811178910,https://doi.org/10.3389/fimmu.2018.01533,,,0,
https://openalex.org/w3164571667,https://doi.org/10.1136/annrheumdis-2021-eular.2832,,,0,
https://openalex.org/w2972140395,https://doi.org/10.1136/rmdopen-2019-001018,,,0,
https://openalex.org/w2915617281,https://doi.org/10.1016/j.berh.2019.02.012,,,0,
https://openalex.org/w2952082944,https://doi.org/10.1136/annrheumdis-2019-eular.6405,,,0,
https://openalex.org/w2922148206,https://doi.org/10.1093/rheumatology/kez045,,,0,
https://openalex.org/w2981171568,,,,0,
https://openalex.org/w2971676908,https://doi.org/10.1016/j.phrs.2019.104394,,,0,
https://openalex.org/w2979312036,https://doi.org/10.1002/pds.4864,,,0,
https://openalex.org/w2920448452,https://doi.org/10.23736/s0392-0488.18.06095-9,,,0,
https://openalex.org/w4306910532,https://doi.org/10.1007/s10067-022-06415-5,,,0,
https://openalex.org/w3168943947,https://doi.org/10.1016/j.jval.2021.04.077,,,0,
https://openalex.org/w4295259927,https://doi.org/10.1016/j.jaad.2022.06.230,,,0,
https://openalex.org/w4324276787,https://doi.org/10.1136/annrheumdis-2020-eular.5682,,,0,
https://openalex.org/w4285113723,https://doi.org/10.1177/20406223221091188,,,0,
https://openalex.org/w3186260722,https://doi.org/10.3390/jcm10143194,,,0,
https://openalex.org/w2951821396,https://doi.org/10.1136/annrheumdis-2019-eular.3842,,,0,
https://openalex.org/w3016785234,https://doi.org/10.1136/ejhpharm-2020-eahpconf.385,,,0,
https://openalex.org/w4283708964,https://doi.org/10.1136/annrheumdis-2022-eular.1765,,,0,
https://openalex.org/w3034119151,https://doi.org/10.1136/annrheumdis-2020-eular.4632,,,0,
https://openalex.org/w3013332626,https://doi.org/10.18553/jmcp.2020.26.4.417,,,0,
https://openalex.org/w2938600777,https://doi.org/10.1111/exd.13795,,,0,
https://openalex.org/w4281253627,https://doi.org/10.20514/2226-6704-2022-12-3-221-227,,,0,
https://openalex.org/w3045424693,https://doi.org/10.1136/annrheumdis-2020-eular.4526,,,0,
https://openalex.org/w3046451711,https://doi.org/10.1097/md.0000000000021447,,,0,
https://openalex.org/w3026163886,https://doi.org/10.1016/s0016-5085(20)32495-1,,,0,
https://openalex.org/w2912736897,https://doi.org/10.1002/art.40851,,,0,
https://openalex.org/w4293428244,https://doi.org/10.1177/1759720x221119593,,,0,
https://openalex.org/w2913448064,https://doi.org/10.1136/rmdopen-2018-000763,,,0,
https://openalex.org/w2810397534,https://doi.org/10.3899/jrheum.171094,,,0,
https://openalex.org/w3048071747,https://doi.org/10.1093/ibd/izaa199,,,0,
https://openalex.org/w3038047313,https://doi.org/10.1093/rheumatology/keaa277,,,0,
https://openalex.org/w2998962060,https://doi.org/10.1007/s10067-019-04887-6,,,0,
https://openalex.org/w3165217301,https://doi.org/10.1136/annrheumdis-2021-eular.1018,,,0,
https://openalex.org/w2897757466,https://doi.org/10.1177/2475530318806255,,,0,
https://openalex.org/w3113140541,https://doi.org/10.2340/00015555-3725,,,0,
https://openalex.org/w2943925819,https://doi.org/10.1016/j.jaad.2018.05.1048,,,0,
https://openalex.org/w2946299268,https://doi.org/10.2147/ptt.s179283,,,0,
https://openalex.org/w4235934732,https://doi.org/10.31525/ct1-nct03895203,,,0,
https://openalex.org/w4302276378,https://doi.org/10.26355/eurrev_202209_29781,,,0,
https://openalex.org/w3022095567,https://doi.org/10.1002/acr2.11139,,,0,
https://openalex.org/w3116500466,https://doi.org/10.1111/dth.14691,,,0,
https://openalex.org/w2803852317,https://doi.org/10.1111/jdv.15077,,,0,
https://openalex.org/w3195723677,https://doi.org/10.1007/s40744-021-00348-2,,,0,
https://openalex.org/w3032965748,https://doi.org/10.1136/annrheumdis-2020-eular.3702,,,0,
https://openalex.org/w3214796003,https://doi.org/10.1007/s40744-021-00398-6,,,0,
https://openalex.org/w3165544194,https://doi.org/10.1136/annrheumdis-2021-eular.3000,,,0,
https://openalex.org/w2765630054,https://doi.org/10.1093/rheumatology/kex387,,,0,
https://openalex.org/w3140062156,,,,0,
https://openalex.org/w3001952868,https://doi.org/10.1016/j.reuma.2018.11.007,,,0,
https://openalex.org/w4300046694,https://doi.org/10.1136/annrheumdis-2022-eular.4271,,,1,
https://openalex.org/w4288456924,https://doi.org/10.1177/2325967121s00664,,,0,
https://openalex.org/w3042106302,https://doi.org/10.5152/eurjrheum.2019.19074,,,0,
https://openalex.org/w3129776337,https://doi.org/10.1136/rmdopen-2020-001519,,,0,
https://openalex.org/w3036153651,https://doi.org/10.1136/annrheumdis-2020-eular.3666,,,0,
https://openalex.org/w3199623651,https://doi.org/10.1080/03007995.2021.1981278,,,0,
https://openalex.org/w4283025863,https://doi.org/10.26442/00403660.2022.05.201506,,,0,
https://openalex.org/w2944360964,https://doi.org/10.1016/j.jaad.2018.05.1221,,,0,
https://openalex.org/w4288073597,https://doi.org/10.1002/pds.5305,,,0,
https://openalex.org/w3111431852,https://doi.org/10.3390/nu12123800,,,0,
https://openalex.org/w2912997193,https://doi.org/10.5582/ddt.2018.01069,,,0,
https://openalex.org/w3164780467,https://doi.org/10.1136/annrheumdis-2021-eular.683,,,0,
https://openalex.org/w2801566453,https://doi.org/10.1093/rheumatology/key075.407,,,0,
https://openalex.org/w2968819037,https://doi.org/10.1093/rheumatology/kez110.091,,,0,
https://openalex.org/w3080928030,https://doi.org/10.1136/annrheumdis-2020-eular.1637,,,0,
https://openalex.org/w4237394421,https://doi.org/10.1111/jdv.15512,,,0,
https://openalex.org/w2980734014,https://doi.org/10.1007/s00198-019-04993-w,,,0,
https://openalex.org/w2940378003,https://doi.org/10.1111/bjd.18008,,,0,
https://openalex.org/w4311021035,https://doi.org/10.1007/s10067-022-06470-y,,,0,
https://openalex.org/w2950026557,https://doi.org/10.1136/annrheumdis-2019-eular.6141,,,0,
https://openalex.org/w2981129204,https://doi.org/10.3899/jrheum.181312,,,0,
https://openalex.org/w2977680555,https://doi.org/10.1136/annrheumdis-2018-eular.1459,,,0,
https://openalex.org/w2939992628,https://doi.org/10.1093/rheumatology/kez110.045,,,0,
https://openalex.org/w2804607344,https://doi.org/10.1371/journal.pone.0195123,,,0,
https://openalex.org/w3003460520,https://doi.org/10.1007/s40264-020-00904-9,,,0,
https://openalex.org/w3016827384,https://doi.org/10.1111/dth.13440,,,0,
https://openalex.org/w4309503093,https://doi.org/10.1016/j.rdc.2022.08.005,,,0,
https://openalex.org/w3164443459,https://doi.org/10.1136/annrheumdis-2021-eular.4027,,,0,
https://openalex.org/w2805879602,https://doi.org/10.1002/acr.23537,,,0,
https://openalex.org/w2899752673,https://doi.org/10.1136/annrheumdis-2018-eular.6440,,,0,
https://openalex.org/w2783621911,https://doi.org/10.1016/j.autrev.2018.01.003,,,0,
https://openalex.org/w3165125234,https://doi.org/10.1136/annrheumdis-2021-eular.3822,,,0,
https://openalex.org/w2998841098,https://doi.org/10.1111/jdv.16205,,,0,
https://openalex.org/w2957040131,https://doi.org/10.1007/s10067-019-04609-y,,,0,
https://openalex.org/w4223443913,https://doi.org/10.1080/09546634.2022.2062280,,,0,
https://openalex.org/w4292058924,https://doi.org/10.1002/acr2.11467,,,0,
https://openalex.org/w2766700953,https://doi.org/10.1016/j.semarthrit.2017.10.021,,,0,
https://openalex.org/w2888686038,https://doi.org/10.2147/ppa.s167508,,,0,
https://openalex.org/w4236056417,https://doi.org/10.1016/j.jaad.2019.06.435,,,0,
https://openalex.org/w4301824015,https://doi.org/10.1111/ajd.17_12815,,,0,
https://openalex.org/w3193406517,https://doi.org/10.1111/ijd.15860,,,0,
https://openalex.org/w3034679745,https://doi.org/10.1136/annrheumdis-2020-eular.3197,,,0,
https://openalex.org/w4242859972,https://doi.org/10.1016/j.jaad.2019.06.216,,,0,
https://openalex.org/w4206997072,https://doi.org/10.1093/ecco-jcc/jjab232.583,,,0,
https://openalex.org/w4307697244,https://doi.org/10.1080/03009742.2022.2121081,,,0,
https://openalex.org/w2799938441,https://doi.org/10.1093/rheumatology/key075.287,,,0,
https://openalex.org/w3107511024,https://doi.org/10.2340/00015555-3711,,,0,
https://openalex.org/w2991390284,,,,0,
https://openalex.org/w4283702701,https://doi.org/10.1136/annrheumdis-2022-eular.3769,,,0,
https://openalex.org/w4303858651,https://doi.org/10.1002/ueg2.12295,,,0,
https://openalex.org/w4289637921,https://doi.org/10.1136/ard-2022-222562,,,0,
https://openalex.org/w3041421655,https://doi.org/10.1136/annrheumdis-2020-eular.2354,,,0,
https://openalex.org/w2999550008,https://doi.org/10.1016/j.jbspin.2019.12.004,,,0,
https://openalex.org/w2909993329,https://doi.org/10.1136/annrheumdis-2018-eular.4393,,,0,
https://openalex.org/w3011477932,https://doi.org/10.4269/ajtmh.19-0616,,,0,
https://openalex.org/w2909584566,https://doi.org/10.1136/annrheumdis-2018-eular.4464,,,0,
https://openalex.org/w2936006980,https://doi.org/10.1016/j.ijwd.2019.04.021,,,0,
https://openalex.org/w4206486854,https://doi.org/10.1080/03009742.2021.1997436,,,0,
https://openalex.org/w2898410266,https://doi.org/10.1111/bjd.17351,,,0,
https://openalex.org/w3087471587,https://doi.org/10.1136/annrheumdis-2020-218705,,,0,
https://openalex.org/w3174424817,https://doi.org/10.1177/1759720x211027712,,,0,
https://openalex.org/w3163545949,https://doi.org/10.1016/s0016-5085(21)01047-7,,,0,
https://openalex.org/w2997457822,https://doi.org/10.1080/1744666x.2019.1706484,,,0,
https://openalex.org/w4295257043,https://doi.org/10.1016/j.jaad.2022.06.175,,,0,
https://openalex.org/w2801927259,https://doi.org/10.1007/s10067-018-4105-3,,,0,
https://openalex.org/w2801503755,https://doi.org/10.2147/ppa.s162420,,,0,
https://openalex.org/w2940436890,https://doi.org/10.1016/j.berh.2019.03.006,,,0,
https://openalex.org/w3010662671,https://doi.org/10.1097/md.0000000000018954,,,0,
https://openalex.org/w4303022584,https://doi.org/10.1007/s10067-022-06380-z,,,0,
https://openalex.org/w3034922814,https://doi.org/10.1136/annrheumdis-2020-eular.4242,,,0,
https://openalex.org/w3048756777,https://doi.org/10.1007/s11845-020-02336-x,,,0,
https://openalex.org/w3040485944,https://doi.org/10.1080/03007995.2020.1790347,,,0,
https://openalex.org/w2908765401,https://doi.org/10.1177/1120672118823121,,,0,
https://openalex.org/w4283712442,https://doi.org/10.1136/annrheumdis-2022-eular.4992,,,0,
https://openalex.org/w3186773940,https://doi.org/10.1007/s40744-021-00349-1,,,0,
https://openalex.org/w4300003576,https://doi.org/10.1111/1756-185x.14447,,,0,
https://openalex.org/w3176742706,https://doi.org/10.2147/ppa.s310086,,,0,
https://openalex.org/w4210834781,https://doi.org/10.1177/12034754221078203,,,0,
https://openalex.org/w2909960633,https://doi.org/10.1136/annrheumdis-2018-eular.4934,,,0,
https://openalex.org/w2778469626,https://doi.org/10.18553/jmcp.2018.24.1.12,,,0,
https://openalex.org/w2792921896,https://doi.org/10.1111/jdv.14878,,,0,
https://openalex.org/w3047374218,https://doi.org/10.1136/annrheumdis-2020-eular.6579,,,0,
https://openalex.org/w3033844145,https://doi.org/10.1016/j.gie.2020.03.3720,,,0,
https://openalex.org/w2942706599,https://doi.org/10.1080/03009742.2019.1585940,,,0,
https://openalex.org/w3034989498,https://doi.org/10.1136/annrheumdis-2020-eular.881,,,0,
https://openalex.org/w2899887833,https://doi.org/10.1111/1756-185x.13421,,,0,
https://openalex.org/w2947358173,https://doi.org/10.1007/s40120-019-0135-2,,,0,
https://openalex.org/w4310787841,https://doi.org/10.1111/jcpt.13820,,,0,
https://openalex.org/w2944581999,https://doi.org/10.1016/s0016-5085(19)39176-0,,,0,
https://openalex.org/w4289593609,https://doi.org/10.1111/jdv.18475,,,0,
https://openalex.org/w2950718354,https://doi.org/10.1111/dth.13006,,,0,
https://openalex.org/w2897155783,https://doi.org/10.1111/jdv.15287,,,0,
https://openalex.org/w3048796467,https://doi.org/10.1007/s10067-020-05327-6,,,0,
https://openalex.org/w2808644319,https://doi.org/10.1136/annrheumdis-2018-eular.1655,,,0,
https://openalex.org/w2896067817,https://doi.org/10.1136/annrheumdis-2018-eular.4971,,,0,
https://openalex.org/w3047917153,https://doi.org/10.1136/annrheumdis-2020-eular.6069,,,0,
https://openalex.org/w3108164340,https://doi.org/10.1016/j.jaad.2020.06.657,,,0,
https://openalex.org/w3194319440,https://doi.org/10.1111/1346-8138.16092,,,0,
https://openalex.org/w2802306582,https://doi.org/10.1093/rheumatology/key075.308,,,0,
https://openalex.org/w2989557777,https://doi.org/10.3390/jcm8111859,,,0,
https://openalex.org/w2922413146,https://doi.org/10.1007/s00393-019-0613-z,,,0,
https://openalex.org/w2946295826,https://doi.org/10.2217/cer-2019-0034,,,0,
https://openalex.org/w2989173807,,,,0,
https://openalex.org/w2890189002,https://doi.org/10.1016/j.jare.2018.09.003,,,0,
https://openalex.org/w4294775523,https://doi.org/10.1007/s40744-022-00484-3,,,0,
https://openalex.org/w3135410270,https://doi.org/10.1186/s13063-021-05142-7,,,0,
https://openalex.org/w2804870349,https://doi.org/10.1111/ced.13601,,,0,
https://openalex.org/w3018597888,https://doi.org/10.1093/rheumatology/keaa111.266,,,0,
https://openalex.org/w4283710632,https://doi.org/10.1136/annrheumdis-2022-eular.893,,,0,
https://openalex.org/w2793190914,https://doi.org/10.1371/journal.pone.0194401,,,0,
https://openalex.org/w2772384828,https://doi.org/10.1111/1346-8138.14145,,,0,
https://openalex.org/w2897171252,https://doi.org/10.1136/annrheumdis-2018-eular.1604,,,0,
https://openalex.org/w4229048528,https://doi.org/10.1371/journal.pone.0266816,,,0,
https://openalex.org/w3008617419,https://doi.org/10.1001/jamadermatol.2020.0024,,,0,
https://openalex.org/w4293749401,https://doi.org/10.1111/ced.15347,,042-181-535-668-285,0,
https://openalex.org/w2909991553,https://doi.org/10.1136/annrheumdis-2018-eular.2134,,,0,
https://openalex.org/w4297973640,https://doi.org/10.1111/dth.15865,,,0,
https://openalex.org/w2781036328,https://doi.org/10.1097/rhu.0000000000000668,,,0,
https://openalex.org/w3164374358,https://doi.org/10.1136/annrheumdis-2021-eular.2080,,,0,
https://openalex.org/w2769270396,https://doi.org/10.1007/s10067-017-3916-y,,,0,
https://openalex.org/w2809935712,https://doi.org/10.1093/ibd/izy160,,,0,
https://openalex.org/w3171329923,https://doi.org/10.1007/s13555-021-00564-2,,,0,
https://openalex.org/w2892133419,https://doi.org/10.2147/ppa.s171363,,,0,
https://openalex.org/w3205438196,https://doi.org/10.1002/art.41985,,,0,
https://openalex.org/w3163953444,https://doi.org/10.1136/annrheumdis-2021-eular.2599,,,0,
https://openalex.org/w2807097568,https://doi.org/10.1111/apt.14822,,,0,
https://openalex.org/w3016897071,https://doi.org/10.1136/ejhpharm-2020-eahpconf.467,,,0,
https://openalex.org/w4293229883,https://doi.org/10.1136/ejhpharm-2022-eahp.351,,,0,
https://openalex.org/w2780838299,https://doi.org/10.3904/kjim.2016.222,,,0,
https://openalex.org/w4282963379,https://doi.org/10.1016/s0016-5085(22)61950-4,,,0,
https://openalex.org/w3165322256,https://doi.org/10.1136/annrheumdis-2021-eular.4091,,,0,
https://openalex.org/w4306406427,https://doi.org/10.1007/s40744-022-00491-4,,,0,
https://openalex.org/w2951273498,https://doi.org/10.1136/annrheumdis-2019-eular.3790,,,0,
https://openalex.org/w3097209040,https://doi.org/10.2174/1874364102014010070,,,0,
https://openalex.org/w4283687011,https://doi.org/10.1136/annrheumdis-2022-eular.3036,,,0,
https://openalex.org/w2980580971,https://doi.org/10.1590/abd1806-4841.20198358,,002-704-655-629-191,0,
https://openalex.org/w3097840206,https://doi.org/10.1093/rap/rkaa052.023,,,0,
https://openalex.org/w3126991983,https://doi.org/10.1007/s10067-021-05622-w,,,0,
https://openalex.org/w2793417650,https://doi.org/10.1093/ecco-jcc/jjx180.737,,,0,
https://openalex.org/w3132743342,https://doi.org/10.1111/dth.14883,,,0,
https://openalex.org/w3157525851,https://doi.org/10.1001/jama.2021.4172,,,0,
https://openalex.org/w4206299241,https://doi.org/10.1016/j.jval.2021.11.920,,,0,
https://openalex.org/w3045623013,https://doi.org/10.1002/art.41456,,,0,
https://openalex.org/w3095584460,https://doi.org/10.1136/annrheumdis-2020-eular.529,,,0,
https://openalex.org/w2808456622,https://doi.org/10.1136/annrheumdis-2018-eular.4300,,,0,
https://openalex.org/w3035856457,https://doi.org/10.35465/28.1.2020.pp3-19,,,0,
https://openalex.org/w3165060342,https://doi.org/10.1136/annrheumdis-2021-eular.2495,,,0,
https://openalex.org/w4283698898,https://doi.org/10.1136/annrheumdis-2022-eular.5321,,,0,
https://openalex.org/w3144441575,https://doi.org/10.1111/bjd.20136,,,1,
https://openalex.org/w4290997479,https://doi.org/10.1136/annrheumdis-2022-eular.92,,,0,
https://openalex.org/w3130157418,https://doi.org/10.1016/j.jaad.2021.02.019,,,0,
https://openalex.org/w2946239037,https://doi.org/10.1136/ejhpharm-2019-eahpconf.182,,,0,
https://openalex.org/w4229003246,https://doi.org/10.1016/j.semarthrit.2022.152023,,,0,
https://openalex.org/w4312105924,https://doi.org/10.1136/rmdopen-2022-002776,,,1,
https://openalex.org/w3004889210,https://doi.org/10.1136/rmdopen-2019-001149,,,0,
https://openalex.org/w4283709373,https://doi.org/10.1136/annrheumdis-2022-eular.849,,,0,
https://openalex.org/w2952474681,https://doi.org/10.1136/annrheumdis-2019-eular.7141,,,0,
https://openalex.org/w3181245149,https://doi.org/10.1093/rheumatology/keab522,,,1,
https://openalex.org/w4283694342,https://doi.org/10.1136/annrheumdis-2022-eular.5245,,,0,
https://openalex.org/w2980140632,https://doi.org/10.1093/rheumatology/kez457,,,0,
https://openalex.org/w3087213533,https://doi.org/10.1016/j.adengl.2019.01.025,,,0,
https://openalex.org/w3123368086,https://doi.org/10.1186/s13075-021-02417-x,,,0,
https://openalex.org/w2909114887,https://doi.org/10.1136/annrheumdis-2018-eular.3943,,,0,
https://openalex.org/w3207478565,https://doi.org/10.2340/actadv.v101.352,,,0,
https://openalex.org/w2884234415,https://doi.org/10.1111/imj.14046,,,0,
https://openalex.org/w3035486684,https://doi.org/10.1136/annrheumdis-2020-eular.5970,,,0,
https://openalex.org/w2950315067,https://doi.org/10.1136/annrheumdis-2019-eular.479,,,0,
https://openalex.org/w4283687598,https://doi.org/10.1136/annrheumdis-2022-eular.1318,,,0,
https://openalex.org/w4306292584,https://doi.org/10.3899/jrheum.220315,,,0,
https://openalex.org/w2908563430,https://doi.org/10.1136/annrheumdis-2018-eular.2407,,,0,
https://openalex.org/w3119867845,https://doi.org/10.55563/clinexprheumatol/1sx5yk,,,0,
https://openalex.org/w3165120770,https://doi.org/10.1016/j.jtauto.2021.100104,,,0,
https://openalex.org/w2963529016,https://doi.org/10.1007/s00296-019-04345-1,,,0,
https://openalex.org/w4283702636,https://doi.org/10.1136/annrheumdis-2022-eular.1099,,,0,
https://openalex.org/w2793869732,https://doi.org/10.1007/s00198-018-4491-z,,,0,
https://openalex.org/w2887227781,https://doi.org/10.1080/1744666x.2018.1512404,,,0,
https://openalex.org/w2935409369,https://doi.org/10.1007/s40261-019-00782-9,,,0,
https://openalex.org/w2952653384,https://doi.org/10.1136/annrheumdis-2019-eular.344,,,0,
https://openalex.org/w4295681724,https://doi.org/10.1093/rheumatology/keac500,,,0,
https://openalex.org/w3083275314,https://doi.org/10.3325/cmj.2020.61.333,,,0,
https://openalex.org/w4310026976,https://doi.org/10.1111/eci.13913,,,0,
https://openalex.org/w2947139337,https://doi.org/10.1136/ejhpharm-2019-eahpconf.509,,,0,
https://openalex.org/w3017923762,https://doi.org/10.1093/rheumatology/keaa111.265,,,0,
https://openalex.org/w4311691026,https://doi.org/10.1186/s12913-022-08954-8,,,0,
https://openalex.org/w2949517113,https://doi.org/10.1136/bmjopen-2018-027059,,,0,
https://openalex.org/w2950657205,https://doi.org/10.1136/annrheumdis-2019-eular.8298,,,0,
https://openalex.org/w4247893194,https://doi.org/10.1111/bjd.18968,,,0,
https://openalex.org/w4283706799,https://doi.org/10.1136/annrheumdis-2022-eular.5086,,,0,
https://openalex.org/w4309476854,https://doi.org/10.1016/j.jid.2022.09.174,,,0,
https://openalex.org/w3034560315,https://doi.org/10.1136/annrheumdis-2020-eular.1976,,,0,
https://openalex.org/w3154743023,https://doi.org/10.1177/1759720x211006963,,,0,
https://openalex.org/w3165837103,https://doi.org/10.1136/annrheumdis-2021-eular.4059,,,0,
https://openalex.org/w2806224497,https://doi.org/10.1136/annrheumdis-2018-213286,,,0,
https://openalex.org/w2944189907,https://doi.org/10.1016/j.jaad.2018.05.956,,,0,
https://openalex.org/w3137497155,https://doi.org/10.1053/j.gastro.2021.03.020,,,0,
https://openalex.org/w4300954541,https://doi.org/10.1136/annrheumdis-2022-eular.736,,,0,
https://openalex.org/w2909790322,https://doi.org/10.1136/annrheumdis-2018-eular.3900,,,0,
https://openalex.org/w3022641073,https://doi.org/10.1093/ecco-jcc/jjy222.665,,,0,
https://openalex.org/w2801924925,https://doi.org/10.17992/lbl.2018.05.184,,,0,
https://openalex.org/w3097059572,https://doi.org/10.1136/annrheumdis-2020-218480,,,0,
https://openalex.org/w3097345046,https://doi.org/10.6061/clinics/2020/e1870,,,0,
https://openalex.org/w3092223642,https://doi.org/10.23736/s2784-8671.20.06580-3,,,0,
https://openalex.org/w3164331335,https://doi.org/10.1136/annrheumdis-2021-eular.141,,,0,
https://openalex.org/w2915396222,https://doi.org/10.1007/s00296-019-04253-4,,,0,
https://openalex.org/w2886190234,https://doi.org/10.3899/jrheum.180131,,,0,
https://openalex.org/w3087557749,https://doi.org/10.1159/000509873,,,0,
https://openalex.org/w2946931105,https://doi.org/10.1136/bmjopen-2018-027456,,,0,
https://openalex.org/w4200023725,https://doi.org/10.1111/dth.15253,,,0,
https://openalex.org/w2980419586,https://doi.org/10.1016/j.chest.2019.08.1241,,,0,
https://openalex.org/w2941403945,https://doi.org/10.1111/1756-185x.13553,,,0,
https://openalex.org/w4291186684,https://doi.org/10.1136/annrheumdis-2022-eular.1038,,,0,
https://openalex.org/w4301888666,https://doi.org/10.1136/annrheumdis-2022-eular.246,,,0,
https://openalex.org/w4223562615,https://doi.org/10.1371/journal.pone.0261165,,,0,
https://openalex.org/w4220885391,https://doi.org/10.1007/s40259-022-00522-0,,,0,
https://openalex.org/w3044750746,https://doi.org/10.1136/annrheumdis-2020-eular.5495,,,0,
https://openalex.org/w3211372859,https://doi.org/10.32687/0869-866x-2021-29-s2-1381-1387,,,0,
https://openalex.org/w2950717894,https://doi.org/10.1136/annrheumdis-2019-eular.5686,,,0,
https://openalex.org/w3027553649,https://doi.org/10.1016/j.jval.2020.04.751,,,0,
https://openalex.org/w3035658255,https://doi.org/10.1136/annrheumdis-2020-eular.2903,,,0,
https://openalex.org/w2884557280,https://doi.org/10.1136/annrheumdis-2018-eular.5257,,,0,
https://openalex.org/w2910937874,https://doi.org/10.1136/annrheumdis-2018-eular.5998,,,0,
https://openalex.org/w3006780412,https://doi.org/10.1136/rmdopen-2019-001117,,,0,
https://openalex.org/w4283713616,https://doi.org/10.1136/annrheumdis-2022-eular.2954,,,0,
https://openalex.org/w3162635687,https://doi.org/10.1111/1346-8138.15958,,,0,
https://openalex.org/w3136074794,https://doi.org/10.1002/art.41726,,,0,
https://openalex.org/w2901596563,https://doi.org/10.1136/annrheumdis-2018-eular.3361,,,0,
https://openalex.org/w4200122148,https://doi.org/10.2147/jir.s229752,,,0,
https://openalex.org/w4283705677,https://doi.org/10.1136/annrheumdis-2022-eular.1978,,,0,
https://openalex.org/w4221102266,https://doi.org/10.1001/jamadermatol.2022.0364,,,0,
https://openalex.org/w3165779206,https://doi.org/10.1136/annrheumdis-2021-eular.740,,,0,
https://openalex.org/w2800164114,https://doi.org/10.1016/s0016-5085(18)32145-0,,,0,
https://openalex.org/w3195115121,https://doi.org/10.1016/j.jaad.2021.06.721,,,0,
https://openalex.org/w3175114563,https://doi.org/10.1371/journal.pone.0253793,,,0,
https://openalex.org/w2910733332,https://doi.org/10.3899/jrheum.171034,,,0,
https://openalex.org/w2916395463,https://doi.org/10.2217/cer-2018-0141,,,0,
https://openalex.org/w2951119587,https://doi.org/10.1136/annrheumdis-2019-eular.2233,,,0,
https://openalex.org/w4283707320,https://doi.org/10.1136/annrheumdis-2022-eular.2907,,,0,
https://openalex.org/w4396992893,https://doi.org/10.1681/asn.20213210s1733c,,,0,
https://openalex.org/w2808406427,https://doi.org/10.1136/annrheumdis-2018-eular.4851,,,0,
https://openalex.org/w4220698767,https://doi.org/10.1186/s13075-021-02715-4,,,0,
https://openalex.org/w4283693517,https://doi.org/10.1136/annrheumdis-2022-eular.1300,,,0,
https://openalex.org/w4290997447,https://doi.org/10.1136/annrheumdis-2022-eular.403,,,0,
https://openalex.org/w4302026744,https://doi.org/10.1186/s12916-022-02587-8,,,0,
https://openalex.org/w2922555385,https://doi.org/10.2217/cer-2019-0023,,,0,
https://openalex.org/w2759754556,https://doi.org/10.1097/rhu.0000000000000583,,,0,
https://openalex.org/w3120427795,https://doi.org/10.1093/rheumatology/keaa829,,,0,
https://openalex.org/w3020483241,https://doi.org/10.1093/rheumatology/keaa110.018,,,0,
https://openalex.org/w2909682202,https://doi.org/10.1136/annrheumdis-2018-eular.3825,,,0,
https://openalex.org/w2950010730,https://doi.org/10.1080/1744666x.2019.1627876,,,0,
https://openalex.org/w3049468334,https://doi.org/10.1136/annrheumdis-2020-eular.4969,,,0,
https://openalex.org/w4293585119,https://doi.org/10.1016/j.atherosclerosis.2022.06.885,,,0,
https://openalex.org/w4213159855,https://doi.org/10.1093/rap/rkac013,,,0,
https://openalex.org/w3213650820,https://doi.org/10.1136/bmjopen-2021-048647,,,0,
https://openalex.org/w3020612498,https://doi.org/10.1093/rheumatology/keaa111.002,,,0,
https://openalex.org/w3046367417,https://doi.org/10.1007/s10067-020-05248-4,,,0,
https://openalex.org/w2808257985,https://doi.org/10.1016/j.semarthrit.2018.05.011,,,0,
https://openalex.org/w2937183539,https://doi.org/10.1093/rheumatology/kez110.009,,,0,
https://openalex.org/w4300949213,https://doi.org/10.1136/annrheumdis-2022-eular.4302,,,0,
https://openalex.org/w2968280186,https://doi.org/10.3389/fphar.2019.01010,,,0,
https://openalex.org/w3042294822,https://doi.org/10.1136/annrheumdis-2020-eular.6367,,,0,
https://openalex.org/w4281951028,https://doi.org/10.1200/jco.2022.40.16_suppl.2660,,,0,
https://openalex.org/w3032904473,https://doi.org/10.1136/annrheumdis-2020-eular.2710,,,0,
https://openalex.org/w2846122148,https://doi.org/10.1002/acr.23693,,,0,
https://openalex.org/w2961087771,https://doi.org/10.1111/bjd.18331,,,0,
https://openalex.org/w3097683737,https://doi.org/10.1136/annrheumdis-2020-eular.4681,,,0,
https://openalex.org/w4282559719,https://doi.org/10.1111/jdv.18329,,,0,
https://openalex.org/w4224320122,https://doi.org/10.1093/rheumatology/keac133.098,,,0,
https://openalex.org/w4211230515,https://doi.org/10.1093/rheumatology/keac078,,,0,
https://openalex.org/w4290997429,https://doi.org/10.1136/annrheumdis-2022-eular.1204,,,0,
https://openalex.org/w2954674052,https://doi.org/10.1016/j.jval.2019.04.1844,,,0,
https://openalex.org/w2952031219,https://doi.org/10.1136/annrheumdis-2019-eular.4194,,,0,
https://openalex.org/w2991552885,https://doi.org/10.1016/j.vaccine.2019.10.081,,,0,
https://openalex.org/w4284972481,https://doi.org/10.2147/ptt.s365493,,,0,
https://openalex.org/w3107342060,https://doi.org/10.1111/bjd.19701,,,0,
https://openalex.org/w3006378602,,,,0,
https://openalex.org/w3081856325,https://doi.org/10.1136/annrheumdis-2020-eular.4943,,,0,
https://openalex.org/w3134034280,https://doi.org/10.1111/dth.14926,,,0,
https://openalex.org/w4233913343,https://doi.org/10.31525/ct1-nct03896581,,,0,
https://openalex.org/w2793623233,https://doi.org/10.1093/ecco-jcc/jjx180.440,,,0,
https://openalex.org/w2964991213,https://doi.org/10.1016/j.maturitas.2019.07.013,,,0,
https://openalex.org/w4220925561,https://doi.org/10.1007/s00192-022-05079-8,,,0,
https://openalex.org/w3217249696,https://doi.org/10.3389/fphar.2021.752879,,,0,
https://openalex.org/w3035415094,https://doi.org/10.1136/annrheumdis-2020-eular.4623,,,0,
https://openalex.org/w2801031953,https://doi.org/10.1093/rheumatology/key075.470,,,0,
https://openalex.org/w2956957933,https://doi.org/10.1007/s41669-019-0152-1,,,0,
https://openalex.org/w3208229152,https://doi.org/10.14309/01.ajg.0000784856.11158.15,,,0,
https://openalex.org/w4310747674,https://doi.org/10.1136/rmdopen-2022-002693,,,0,
https://openalex.org/w3211046382,https://doi.org/10.17116/kurort20219805153,,,0,
https://openalex.org/w3134041306,https://doi.org/10.1093/rheumatology/keab193,,,0,
https://openalex.org/w4283698939,https://doi.org/10.1136/annrheumdis-2022-eular.3115,,,0,
https://openalex.org/w3024016727,https://doi.org/10.1136/annrheumdis-2020-217871,,,0,
https://openalex.org/w3188711574,https://doi.org/10.1093/rheumatology/keab632,,,0,
https://openalex.org/w4303857398,https://doi.org/10.1111/dth.15911,,,0,
https://openalex.org/w3048551200,https://doi.org/10.1016/j.curtheres.2020.100601,,,0,
https://openalex.org/w2808656884,https://doi.org/10.1136/annrheumdis-2018-eular.4880,,,0,
https://openalex.org/w4224137329,https://doi.org/10.1007/s00296-022-05126-z,,,0,
https://openalex.org/w3196771716,https://doi.org/10.1111/jvh.13610,,,0,
https://openalex.org/w2945699279,https://doi.org/10.5152/tjg.2019.24,,,0,
https://openalex.org/w2765086668,https://doi.org/10.1016/j.ejr.2017.10.007,,,0,
https://openalex.org/w4205371641,https://doi.org/10.1186/s13075-021-02674-w,,,0,
https://openalex.org/w4283710455,https://doi.org/10.1136/annrheumdis-2022-eular.3572,,,0,
https://openalex.org/w2900687958,https://doi.org/10.1136/annrheumdis-2018-eular.5919,,,0,
https://openalex.org/w2788557326,https://doi.org/10.1136/bmjopen-2017-018166,,,0,
https://openalex.org/w2935540924,https://doi.org/10.4274/turkderm.galenos.2018.11354,,,0,
https://openalex.org/w3034419357,https://doi.org/10.1136/annrheumdis-2020-eular.6366,,,0,
https://openalex.org/w3123189842,https://doi.org/10.1093/rheumatology/keaa876,,,1,
https://openalex.org/w4283691573,https://doi.org/10.1136/annrheumdis-2022-eular.1828,,,0,
https://openalex.org/w3208850973,https://doi.org/10.14309/01.ajg.0000782076.96314.51,,,0,
https://openalex.org/w4206993984,https://doi.org/10.5152/eurjrheum.2021.21027,,,0,
https://openalex.org/w2915237208,https://doi.org/10.1007/s40261-019-00765-w,,,0,
https://openalex.org/w3083528557,https://doi.org/10.1136/annrheumdis-2020-eular.5572,,,0,
https://openalex.org/w3009203668,https://doi.org/10.1111/bjd.18981,,,0,
https://openalex.org/w2958274306,https://doi.org/10.14412/1995-4484-2019-299-306,,,0,
https://openalex.org/w3123209676,https://doi.org/10.1093/rheumatology/keab082,,,0,
https://openalex.org/w2952176731,https://doi.org/10.1136/annrheumdis-2019-eular.2337,,,0,
https://openalex.org/w3120248879,https://doi.org/10.1186/s13075-020-02380-z,,,0,
https://openalex.org/w2920269685,https://doi.org/10.1080/14397595.2019.1589739,,,0,
https://openalex.org/w3082923229,https://doi.org/10.1136/rmdopen-2020-001332,,,0,
https://openalex.org/w2898018720,https://doi.org/10.2147/ppa.s168458,,,0,
https://openalex.org/w2919310555,https://doi.org/10.3899/jrheum.180797,,,0,
https://openalex.org/w2950659948,https://doi.org/10.1136/annrheumdis-2019-eular.3245,,,0,
https://openalex.org/w4293181402,https://doi.org/10.1093/rheumatology/keac133.030,,,0,
https://openalex.org/w4237432556,https://doi.org/10.1002/14651858.cd011535.pub3,,,0,
https://openalex.org/w3215745906,https://doi.org/10.1159/000520163,,,0,
https://openalex.org/w3182511419,https://doi.org/10.1186/s13075-021-02554-3,,,0,
https://openalex.org/w2953244690,https://doi.org/10.1136/annrheumdis-2019-eular.1937,,,0,
https://openalex.org/w3163972234,https://doi.org/10.1136/annrheumdis-2021-eular.659,,,0,
https://openalex.org/w2955898022,https://doi.org/10.1016/j.hlc.2019.06.348,,,0,
https://openalex.org/w3162415761,https://doi.org/10.1016/s0016-5085(21)02038-2,,,0,
https://openalex.org/w2950206817,https://doi.org/10.1136/annrheumdis-2019-eular.6369,,,0,
https://openalex.org/w2989777045,https://doi.org/10.3760/cma.j.issn.0376-2491.2019.01.005,,,0,
https://openalex.org/w3023958921,https://doi.org/10.1007/s00296-020-04564-x,,,0,
https://openalex.org/w3025156517,https://doi.org/10.1007/s10067-020-05142-z,,,0,
https://openalex.org/w4285098129,https://doi.org/10.1177/20584601221112616,,,0,
https://openalex.org/w2802738550,https://doi.org/10.3899/jrheum.170874,,,0,
https://openalex.org/w4248038804,https://doi.org/10.1111/bjd.17752,,,0,
https://openalex.org/w3022606024,https://doi.org/10.1111/dth.13475,,,0,
https://openalex.org/w4283587753,https://doi.org/10.1136/annrheumdis-2022-eular.1762,,,0,
https://openalex.org/w3080930643,https://doi.org/10.55563/clinexprheumatol/pa6lap,,,0,
https://openalex.org/w2894720586,https://doi.org/10.2217/cer-2018-0017,,,0,
https://openalex.org/w3214135074,https://doi.org/10.2147/btt.s326792,,,0,
https://openalex.org/w4283523015,https://doi.org/10.1016/j.jval.2022.04.1449,,,0,
https://openalex.org/w4281560008,https://doi.org/10.1111/dth.15599,,,0,
https://openalex.org/w4283712374,https://doi.org/10.1136/annrheumdis-2022-eular.1256,,,0,
https://openalex.org/w3032933456,https://doi.org/10.1136/annrheumdis-2020-eular.4782,,,0,
https://openalex.org/w3033239028,https://doi.org/10.1136/annrheumdis-2020-eular.3729,,,0,
https://openalex.org/w2799917058,https://doi.org/10.1093/rheumatology/key075.603,,,0,
https://openalex.org/w3010326600,https://doi.org/10.1007/s12325-020-01257-6,,,0,
https://openalex.org/w4283693637,https://doi.org/10.1136/annrheumdis-2022-eular.4522,,,0,
https://openalex.org/w4310183191,https://doi.org/10.3390/ijerph192315861,,,0,
https://openalex.org/w3025736204,https://doi.org/10.1080/14712598.2020.1761957,,,0,
https://openalex.org/w4200614521,https://doi.org/10.1007/s40744-021-00390-0,,,0,
https://openalex.org/w4214684796,https://doi.org/10.1002/acr2.11416,,,0,
https://openalex.org/w4246265363,https://doi.org/10.1111/jdv.15513,,,0,
https://openalex.org/w4283586324,https://doi.org/10.1136/annrheumdis-2022-eular.2054,,,0,
https://openalex.org/w2891708136,https://doi.org/10.1111/bjd.17208,,,0,
https://openalex.org/w3035134820,https://doi.org/10.1136/annrheumdis-2020-eular.4930,,,0,
https://openalex.org/w3164513520,https://doi.org/10.1136/annrheumdis-2021-220597,,,0,
https://openalex.org/w4283157608,https://doi.org/10.1080/14712598.2022.2090834,,,0,
https://openalex.org/w4225003843,https://doi.org/10.3390/cimb44050127,,,0,
https://openalex.org/w3184269183,https://doi.org/10.1177/1759720x211033679,,,0,
https://openalex.org/w4224317126,https://doi.org/10.1007/s40744-022-00446-9,,,0,
https://openalex.org/w3030537066,https://doi.org/10.1007/s10067-020-05074-8,,,0,
https://openalex.org/w3176704252,https://doi.org/10.1007/s00296-021-04928-x,,,0,
https://openalex.org/w2912810442,https://doi.org/10.1136/annrheumdis-2018-214273,,,0,
https://openalex.org/w3045876403,https://doi.org/10.1136/annrheumdis-2020-eular.1601,,,0,
https://openalex.org/w3164191643,https://doi.org/10.1136/annrheumdis-2021-eular.4065,,,0,
https://openalex.org/w3164930120,https://doi.org/10.1016/j.bonr.2021.100938,,,0,
https://openalex.org/w4283691532,https://doi.org/10.1136/annrheumdis-2022-eular.2977,,,0,
https://openalex.org/w2422346807,https://doi.org/10.1111/1756-185x.12933,,,0,
https://openalex.org/w3165809046,https://doi.org/10.1136/annrheumdis-2021-eular.3671,,,0,
https://openalex.org/w3169341462,https://doi.org/10.1016/j.jval.2021.04.766,,,0,
https://openalex.org/w2904272906,https://doi.org/10.1111/exd.13486,,,0,
https://openalex.org/w4283583194,https://doi.org/10.1136/annrheumdis-2022-eular.1248,,,0,
https://openalex.org/w3097903615,https://doi.org/10.1093/rap/rkaa052.018,,,0,
https://openalex.org/w4293902369,https://doi.org/10.1590/1516-3180.2021.0434.r1.22022022,,,0,
https://openalex.org/w4230648067,https://doi.org/10.1002/pu.30446,,073-133-068-439-106,0,
https://openalex.org/w3115840465,https://doi.org/10.1159/000511868,,,0,
https://openalex.org/w4228998568,https://doi.org/10.1186/s13075-022-02753-6,,,0,
https://openalex.org/w2885039374,https://doi.org/10.1111/eci.13013,,,0,
https://openalex.org/w4225472626,https://doi.org/10.1136/annrheumdis-2021-222027,,,0,
https://openalex.org/w3033749789,https://doi.org/10.1136/annrheumdis-2020-eular.6091,,,0,
https://openalex.org/w3164179066,https://doi.org/10.1136/rmdopen-2021-001595,,,0,
https://openalex.org/w4306318081,https://doi.org/10.1038/s41397-022-00290-8,,,0,
https://openalex.org/w2803733670,https://doi.org/10.1136/ejhpharm-2018-eahpconf.381,,,0,
https://openalex.org/w2790429947,https://doi.org/10.1002/pds.4629,,,0,
https://openalex.org/w3132228753,https://doi.org/10.1136/annrheumdis-2021-219845,,,0,
https://openalex.org/w3212550183,https://doi.org/10.1111/dth.15193,,,0,
https://openalex.org/w3003321101,https://doi.org/10.1136/rmdopen-2019-001042,,,0,
https://openalex.org/w2952939036,https://doi.org/10.1136/annrheumdis-2019-eular.2655,,,0,
https://openalex.org/w3186787574,,,,0,
https://openalex.org/w3126784097,https://doi.org/10.1111/dth.14849,,,0,
https://openalex.org/w4205724891,https://doi.org/10.1002/art.41304,,,0,
https://openalex.org/w4283703867,https://doi.org/10.1136/annrheumdis-2022-eular.2696,,,0,
https://openalex.org/w3097732970,https://doi.org/10.1016/j.jbspin.2020.105095,,,0,
https://openalex.org/w2782359772,https://doi.org/10.1007/s10067-017-3953-6,,,0,
https://openalex.org/w2799619789,https://doi.org/10.1371/journal.pone.0196210,,,0,
https://openalex.org/w4283825142,,,,0,
https://openalex.org/w4205506033,https://doi.org/10.3899/jrheum.211148,,,0,
https://openalex.org/w3164114661,https://doi.org/10.1136/annrheumdis-2021-eular.2658,,,0,
https://openalex.org/w2195521042,https://doi.org/10.1136/annrheumdis-2020-217163,,,0,
https://openalex.org/w3022442159,https://doi.org/10.1136/annrheumdis-2019-eular.3105,,,0,
https://openalex.org/w3110291436,https://doi.org/10.1016/j.jaad.2020.06.219,,,0,
https://openalex.org/w4254191448,https://doi.org/10.31525/ct1-nct04209205,,,0,
https://openalex.org/w3165712058,https://doi.org/10.1136/annrheumdis-2021-eular.1811,,,0,
https://openalex.org/w3164031291,https://doi.org/10.1136/annrheumdis-2021-eular.1193,,,0,
https://openalex.org/w2781608819,https://doi.org/10.1136/annrheumdis-2017-212867,,054-008-238-927-734,0,
https://openalex.org/w3134603440,https://doi.org/10.1093/jcag/gwab002.192,,,0,
https://openalex.org/w2969157639,https://doi.org/10.7399/fh.11183,,,0,
https://openalex.org/w2902096861,https://doi.org/10.2147/oarrr.s179704,,,0,
https://openalex.org/w2982667123,,,,0,
https://openalex.org/w3049302410,https://doi.org/10.1136/annrheumdis-2020-eular.1945,,,0,
https://openalex.org/w3160511122,https://doi.org/10.3899/jrheum.201408,,013-430-244-497-781,0,
https://openalex.org/w2794848871,https://doi.org/10.1097/rhu.0000000000000770,,,0,
https://openalex.org/w2969570806,https://doi.org/10.1016/j.atherosclerosis.2019.08.009,,,0,
https://openalex.org/w3165407930,https://doi.org/10.1136/annrheumdis-2021-eular.594,,,0,
https://openalex.org/w2909886586,https://doi.org/10.2147/ppa.s186776,,,0,
https://openalex.org/w3100418909,https://doi.org/10.2147/jep.s265633,,,0,
https://openalex.org/w3164910617,https://doi.org/10.1136/annrheumdis-2021-eular.3118,,,0,
https://openalex.org/w2900361267,https://doi.org/10.1136/annrheumdis-2018-213474,,,0,
https://openalex.org/w4283686950,https://doi.org/10.1136/annrheumdis-2022-eular.4921,,,0,
https://openalex.org/w3025561131,https://doi.org/10.1111/jdv.16606,,,0,
https://openalex.org/w4281632644,https://doi.org/10.1080/09546634.2022.2082354,,,0,
https://openalex.org/w3005232241,https://doi.org/10.1136/bmjopen-2019-034356,,,1,
https://openalex.org/w4290997050,https://doi.org/10.1136/annrheumdis-2022-eular.1787,,,0,
https://openalex.org/w2735263790,https://doi.org/10.1038/tpj.2017.31,,,0,
https://openalex.org/w4311933468,https://doi.org/10.55563/clinexprheumatol/qkiorp,,,0,
https://openalex.org/w2910459089,https://doi.org/10.1136/annrheumdis-2018-eular.2622,,,0,
https://openalex.org/w2918838522,https://doi.org/10.1007/s40744-019-0148-4,,,0,
https://openalex.org/w4312064900,https://doi.org/10.1007/s40744-022-00507-z,,,1,
https://openalex.org/w3207065594,https://doi.org/10.1136/jitc-2021-003066,,,0,
https://openalex.org/w4213341065,https://doi.org/10.2217/imt-2021-0128,,,0,
https://openalex.org/w3094518546,https://doi.org/10.14309/01.ajg.0000711260.74705.d2,,,0,
https://openalex.org/w3024566133,https://doi.org/10.1001/jamaneurol.2020.1162,,,0,
https://openalex.org/w2944787970,https://doi.org/10.1016/j.jaad.2018.05.1020,,,0,
https://openalex.org/w3033947927,https://doi.org/10.2147/tcrm.s248390,,,0,
https://openalex.org/w2806818088,https://doi.org/10.1007/s10067-018-4140-0,,,0,
https://openalex.org/w3010626713,https://doi.org/10.1007/s13671-020-00298-y,,,0,
https://openalex.org/w2896415809,https://doi.org/10.1136/annrheumdis-2018-eular.1799,,,0,
https://openalex.org/w3210924545,https://doi.org/10.14309/01.ajg.0000776416.27916.33,,,0,
https://openalex.org/w4283705670,https://doi.org/10.1136/annrheumdis-2022-eular.2805,,,0,
https://openalex.org/w2942689117,https://doi.org/10.1080/03009742.2019.1577490,,,0,
https://openalex.org/w3154740648,https://doi.org/10.1007/s00296-021-04857-9,,,0,
https://openalex.org/w3046418031,https://doi.org/10.1016/j.jbspin.2020.07.011,,,0,
https://openalex.org/w4290997482,https://doi.org/10.1136/annrheumdis-2022-eular.53,,,0,
https://openalex.org/w4286513981,https://doi.org/10.1136/rmdopen-2022-002282,,,0,
https://openalex.org/w2950743798,https://doi.org/10.1136/annrheumdis-2019-eular.3509,,,0,
https://openalex.org/w4284676188,https://doi.org/10.1007/s10067-022-06255-3,,,0,
https://openalex.org/w2981328950,https://doi.org/10.1111/1756-185x.13361,,,0,
https://openalex.org/w3165860870,https://doi.org/10.1136/annrheumdis-2021-eular.3165,,,0,
https://openalex.org/w4293230619,https://doi.org/10.1136/ejhpharm-2022-eahp.130,,,0,
https://openalex.org/w2950648244,https://doi.org/10.1136/annrheumdis-2019-eular.3835,,,0,
https://openalex.org/w3034488670,https://doi.org/10.1136/annrheumdis-2020-eular.982,,,0,
https://openalex.org/w4289455509,https://doi.org/10.18553/jmcp.2018.24.10-a.s1,,,0,
https://openalex.org/w2897148118,https://doi.org/10.1093/rap/rky042,,,0,
https://openalex.org/w3094419822,https://doi.org/10.1007/s11739-020-02520-y,,,0,
https://openalex.org/w2948383885,https://doi.org/10.1007/s12325-019-01000-w,,,0,
https://openalex.org/w2794304699,https://doi.org/10.1097/rlu.0000000000002054,,,0,
https://openalex.org/w4296139593,https://doi.org/10.1136/bmjopen-2022-061474,,,0,
https://openalex.org/w4283687007,https://doi.org/10.1136/annrheumdis-2022-eular.2721,,,0,
https://openalex.org/w2947567107,https://doi.org/10.1186/s13075-019-1898-7,,,0,
https://openalex.org/w2952119772,https://doi.org/10.1136/annrheumdis-2019-eular.7062,,,0,
https://openalex.org/w2800255567,https://doi.org/10.1093/rheumatology/key075.414,,,0,
https://openalex.org/w3118705990,https://doi.org/10.1136/rmdopen-2020-001505,,,0,
https://openalex.org/w3010468919,,,,0,
https://openalex.org/w3125113849,https://doi.org/10.1136/annrheumdis-2020-eular.4713,,,0,
https://openalex.org/w3209005121,https://doi.org/10.14309/01.ajg.0000777072.98694.77,,,0,
https://openalex.org/w3046256370,https://doi.org/10.1136/annrheumdis-2020-eular.343,,,0,
https://openalex.org/w3165221918,https://doi.org/10.1136/annrheumdis-2021-eular.2953,,,0,
https://openalex.org/w2745050047,https://doi.org/10.1002/acr.23333,,,0,
https://openalex.org/w4304084090,https://doi.org/10.1016/j.chest.2022.08.254,,,0,
https://openalex.org/w2943258724,https://doi.org/10.1136/ejhpharm-2019-eahpconf.185,,,0,
https://openalex.org/w3165707763,https://doi.org/10.1136/annrheumdis-2021-eular.3147,,,0,
https://openalex.org/w3101200214,https://doi.org/10.1016/j.jtauto.2020.100071,,,0,
https://openalex.org/w4244652356,https://doi.org/10.1016/j.jaad.2019.06.615,,,0,
https://openalex.org/w3169197984,https://doi.org/10.1093/rheumatology/keab474,,,0,
https://openalex.org/w2952547968,https://doi.org/10.1136/annrheumdis-2019-eular.1908,,,0,
https://openalex.org/w3033395407,https://doi.org/10.1155/2020/6542965,,,0,
https://openalex.org/w2903426336,https://doi.org/10.1007/s10067-018-4383-9,,,0,
https://openalex.org/w4281722948,https://doi.org/10.1007/s40261-022-01163-5,,,0,
https://openalex.org/w2947772223,https://doi.org/10.1111/1756-185x.13599,,,0,
https://openalex.org/w2991673750,https://doi.org/10.1136/annrheumdis-2019-216128,,,0,
https://openalex.org/w3092254846,https://doi.org/10.1002/art.41553,,,0,
https://openalex.org/w2808026945,https://doi.org/10.1136/annrheumdis-2018-eular.6290,,,0,
https://openalex.org/w3165742909,https://doi.org/10.2340/00015555-3846,,,0,
https://openalex.org/w4283688873,https://doi.org/10.1136/annrheumdis-2022-eular.3263,,,0,
https://openalex.org/w4283690581,https://doi.org/10.1136/annrheumdis-2022-eular.3326,,,0,
https://openalex.org/w3005418726,https://doi.org/10.1007/s10067-020-04963-2,,,0,
https://openalex.org/w3096492993,https://doi.org/10.2340/00015555-3682,,,0,
https://openalex.org/w3194439229,https://doi.org/10.1016/j.jaad.2021.06.268,,,0,
https://openalex.org/w4303858680,https://doi.org/10.1002/ueg2.12293,,,0,
https://openalex.org/w3160101132,https://doi.org/10.1080/03007995.2021.1923467,,,0,
https://openalex.org/w2944399741,https://doi.org/10.1007/s40744-019-0158-2,,,0,
https://openalex.org/w2968664882,https://doi.org/10.1007/s00403-019-01945-6,,,0,
https://openalex.org/w4239299343,https://doi.org/10.1016/j.jaad.2018.05.305,,,0,
https://openalex.org/w4293254667,https://doi.org/10.1002/msc.1684,,,0,
https://openalex.org/w4283701784,https://doi.org/10.1136/annrheumdis-2022-eular.2358,,,0,
https://openalex.org/w2990789745,https://doi.org/10.1007/s40257-019-00490-2,,,0,
https://openalex.org/w2953345148,https://doi.org/10.1136/annrheumdis-2019-eular.6144,,,0,
https://openalex.org/w4205957255,https://doi.org/10.1007/s00296-021-05065-1,,,0,
https://openalex.org/w2944194053,https://doi.org/10.1016/j.idcr.2019.e00558,,,0,
https://openalex.org/w4283708541,https://doi.org/10.1136/annrheumdis-2022-eular.2401,,,0,
https://openalex.org/w2970140635,https://doi.org/10.3899/jrheum.190299,,,0,
https://openalex.org/w4283688143,https://doi.org/10.1136/annrheumdis-2022-eular.3623,,,0,
https://openalex.org/w3135808647,https://doi.org/10.1093/rheumatology/keab192,,,0,
https://openalex.org/w2947756907,https://doi.org/10.1136/annrheumdis-2019-eular.1440,,,0,
https://openalex.org/w3095150224,https://doi.org/10.2147/btt.s262511,,,0,
https://openalex.org/w2952089805,https://doi.org/10.1111/bjd.18220,,,0,
https://openalex.org/w2795371082,https://doi.org/10.1016/j.jbspin.2018.03.007,,,0,
https://openalex.org/w4290994055,https://doi.org/10.1136/annrheumdis-2022-eular.85,,,0,
https://openalex.org/w4230861979,https://doi.org/10.1186/s12969-020-00470-5,,,0,
https://openalex.org/w2900792185,https://doi.org/10.1136/annrheumdis-2018-eular.5739,,,0,
https://openalex.org/w4220696252,https://doi.org/10.1111/dth.15435,,,0,
https://openalex.org/w2944964876,https://doi.org/10.1136/annrheumdis-2018-215003,,,0,
https://openalex.org/w3025966755,https://doi.org/10.1016/j.jval.2020.04.077,,,0,
https://openalex.org/w2962636583,https://doi.org/10.1136/bmjopen-2018-028517,,,0,
https://openalex.org/w2787069637,https://doi.org/10.2147/btt.s145941,,,0,
https://openalex.org/w2766388803,https://doi.org/10.1002/art.40324,,,0,
https://openalex.org/w2950070106,https://doi.org/10.1136/annrheumdis-2019-eular.7564,,,0,
https://openalex.org/w3109586120,https://doi.org/10.1093/rheumatology/keaa710,,,0,
https://openalex.org/w4284686529,https://doi.org/10.11606/issn.2176-7262.rmrp.2022.192928,,,0,
https://openalex.org/w2913385247,https://doi.org/10.1007/s00296-019-04245-4,,,0,
https://openalex.org/w2950995588,https://doi.org/10.1136/annrheumdis-2019-eular.7329,,,0,
https://openalex.org/w3217091245,https://doi.org/10.3389/fmed.2021.774824,,,0,
https://openalex.org/w3047869037,https://doi.org/10.1136/annrheumdis-2020-eular.1137,,,0,
https://openalex.org/w3116076159,https://doi.org/10.1093/rheumatology/keaa897,,,0,
https://openalex.org/w2809848767,https://doi.org/10.1016/j.ijcard.2018.06.099,,,0,
https://openalex.org/w3038755166,https://doi.org/10.23736/s0392-0488.20.06629-8,,,0,
https://openalex.org/w3090656906,https://doi.org/10.2174/1389201021666200928095521,,,0,
https://openalex.org/w3164051690,https://doi.org/10.1136/annrheumdis-2021-eular.1287,,,0,
https://openalex.org/w4293230124,https://doi.org/10.1136/ejhpharm-2022-eahp.371,,,0,
https://openalex.org/w4310639003,https://doi.org/10.1007/s10067-022-06454-y,,,0,
https://openalex.org/w3149273201,https://doi.org/10.1136/annrheumdis-2019-eular.6300,,,0,
https://openalex.org/w4220796108,https://doi.org/10.1007/s00404-022-06463-x,,,0,
https://openalex.org/w4306968999,https://doi.org/10.3390/tropicalmed7100319,,,0,
https://openalex.org/w4309822138,https://doi.org/10.1136/rmdopen-2022-002560,,,0,
https://openalex.org/w2949388106,https://doi.org/10.1136/annrheumdis-2019-eular.2183,,,0,
https://openalex.org/w4283688290,https://doi.org/10.1136/annrheumdis-2022-eular.2939,,,0,
https://openalex.org/w2911723829,https://doi.org/10.1007/s40264-019-00797-3,,,1,
https://openalex.org/w2950249644,https://doi.org/10.1136/annrheumdis-2019-eular.5576,,,0,
https://openalex.org/w4309118544,https://doi.org/10.1111/1756-185x.14492,,,0,
https://openalex.org/w3171694559,https://doi.org/10.1016/j.jval.2021.04.1154,,,0,
https://openalex.org/w3121042650,https://doi.org/10.1093/rheumatology/keaa828,,,1,
https://openalex.org/w4281477926,https://doi.org/10.1007/s40744-022-00461-w,,,0,
https://openalex.org/w4239837756,https://doi.org/10.1016/j.jaad.2019.06.215,,,0,
https://openalex.org/w4235436237,https://doi.org/10.1016/j.jaad.2019.06.460,,,0,
https://openalex.org/w3169109538,https://doi.org/10.1016/j.jbspin.2021.105235,,,0,
https://openalex.org/w3211172171,https://doi.org/10.1177/12034754211037815,,,0,
https://openalex.org/w3093156464,https://doi.org/10.3389/fmed.2020.543944,,,0,
https://openalex.org/w2800712653,https://doi.org/10.1080/03007995.2018.1474090,,,0,
https://openalex.org/w2946965355,https://doi.org/10.1136/annrheumdis-2019-eular.7452,,,0,
https://openalex.org/w3184051397,https://doi.org/10.1016/j.autrev.2021.102902,,,0,
https://openalex.org/w4300546541,https://doi.org/10.1136/annrheumdis-2022-eular.960,,,0,
https://openalex.org/w2948523851,https://doi.org/10.1055/a-0652-2731,,,0,
https://openalex.org/w4281725893,https://doi.org/10.1007/s40744-022-00460-x,,,0,
https://openalex.org/w2997571905,,,,0,
https://openalex.org/w4288360582,https://doi.org/10.1111/ajd.13027,,,0,
https://openalex.org/w2888547261,,,,0,
https://openalex.org/w3095219394,https://doi.org/10.1111/1346-8138.15665,,,0,
https://openalex.org/w2784409714,https://doi.org/10.1007/s00228-018-2418-4,,,0,
https://openalex.org/w4200267842,https://doi.org/10.1002/art.41966,,,0,
https://openalex.org/w4283700168,https://doi.org/10.1136/annrheumdis-2022-eular.4826,,,0,
https://openalex.org/w3194953633,https://doi.org/10.1136/annrheumdis-2021-eular.551,,,0,
https://openalex.org/w2772076828,https://doi.org/10.1002/acr.23487,,,0,
https://openalex.org/w2945386038,https://doi.org/10.1097/ftd.0000000000000646,,,0,
https://openalex.org/w3209727209,https://doi.org/10.14309/01.ajg.0000777252.35443.aa,,,0,
https://openalex.org/w4285992594,https://doi.org/10.1016/j.jid.2022.05.953,,,0,
https://openalex.org/w3167447454,https://doi.org/10.1097/md.0000000000026089,,,0,
https://openalex.org/w3164597560,https://doi.org/10.1136/annrheumdis-2021-eular.852,,,0,
https://openalex.org/w2976942923,https://doi.org/10.1111/jdv.15983,,,0,
https://openalex.org/w4237007400,https://doi.org/10.1136/annrheumdis-2020-eular.5429,,,0,
https://openalex.org/w2899738979,https://doi.org/10.1007/s00296-018-4180-4,,,0,
https://openalex.org/w4289237067,https://doi.org/10.1007/s11096-018-0759-9,,,0,
https://openalex.org/w4200357740,https://doi.org/10.1007/s40744-021-00405-w,,,0,
https://openalex.org/w3165350187,https://doi.org/10.1136/annrheumdis-2021-eular.3672,,,0,
https://openalex.org/w3037032420,https://doi.org/10.14412/1995-4484-2020-268-275,,,0,
https://openalex.org/w3018612201,https://doi.org/10.1016/j.imlet.2020.04.010,,,0,
https://openalex.org/w4283704607,https://doi.org/10.1136/annrheumdis-2022-eular.2673,,,0,
https://openalex.org/w3211894212,https://doi.org/10.1007/s12325-021-01970-w,,,0,
https://openalex.org/w2898406219,https://doi.org/10.1007/s00296-018-4177-z,,,0,
https://openalex.org/w3161651563,https://doi.org/10.1080/17512433.2021.1925536,,,0,
https://openalex.org/w3165191676,https://doi.org/10.1136/annrheumdis-2021-eular.47,,,0,
https://openalex.org/w2900290728,https://doi.org/10.1136/annrheumdis-2018-eular.5536,,,0,
https://openalex.org/w4291964170,https://doi.org/10.23938/assn.1004,,,0,
https://openalex.org/w3207216389,https://doi.org/10.1136/rmdopen-2021-001896,,,0,
https://openalex.org/w3132787598,https://doi.org/10.1007/s40259-021-00467-w,,,0,
https://openalex.org/w3157155858,https://doi.org/10.1007/s00296-021-04877-5,,,0,
https://openalex.org/w4283687065,https://doi.org/10.1136/annrheumdis-2022-eular.2429,,,0,
https://openalex.org/w4244437438,https://doi.org/10.1111/1756-185x.13545,,,0,
https://openalex.org/w3185208988,https://doi.org/10.1080/14712598.2021.1958778,,,0,
https://openalex.org/w4281836552,https://doi.org/10.1007/s40744-022-00465-6,,,0,
https://openalex.org/w3011669636,https://doi.org/10.1111/ijd.14819,,,0,
https://openalex.org/w2792256521,https://doi.org/10.3389/fendo.2018.00083,,,0,
https://openalex.org/w2905592419,https://doi.org/10.1016/j.jval.2018.09.1764,,,0,
https://openalex.org/w3002510199,https://doi.org/10.1111/jdv.16231,,,1,
https://openalex.org/w3165332092,https://doi.org/10.1136/annrheumdis-2021-eular.287,,,0,
https://openalex.org/w3120048802,https://doi.org/10.55563/clinexprheumatol/mc1jhk,,,0,
https://openalex.org/w2949073334,https://doi.org/10.1136/annrheumdis-2019-eular.3754,,,0,
https://openalex.org/w2949234150,https://doi.org/10.1136/annrheumdis-2019-eular.7921,,,0,
https://openalex.org/w2914820538,https://doi.org/10.7399/fh.11080,,,0,
https://openalex.org/w2934239267,https://doi.org/10.1136/ejhpharm-2019-eahpconf.308,,,0,
https://openalex.org/w2891846602,https://doi.org/10.1016/j.jaut.2018.09.002,,,0,
https://openalex.org/w2606267946,https://doi.org/10.1093/eurheartj/ehx145,,,0,
https://openalex.org/w2950738835,https://doi.org/10.1136/annrheumdis-2019-eular.7739,,,0,
https://openalex.org/w2906727963,https://doi.org/10.1007/s11096-018-0769-7,,,0,
https://openalex.org/w4296389200,https://doi.org/10.1111/dth.15844,,,0,
https://openalex.org/w2885187487,https://doi.org/10.1016/j.jaad.2018.07.052,,,0,
https://openalex.org/w2908859264,https://doi.org/10.1136/annrheumdis-2018-eular.5154,,,0,
https://openalex.org/w3016601773,https://doi.org/10.1136/ejhpharm-2020-eahpconf.212,,,0,
https://openalex.org/w3033237991,https://doi.org/10.1136/annrheumdis-2020-eular.4695,,,0,
https://openalex.org/w4284890693,https://doi.org/10.1111/jdv.18407,,,0,
https://openalex.org/w2904074648,https://doi.org/10.1136/annrheumdis-2018-eular.2977,,,0,
https://openalex.org/w3165663652,https://doi.org/10.1136/annrheumdis-2021-eular.1222,,,0,
https://openalex.org/w3215391136,https://doi.org/10.1186/s42358-021-00226-z,,,0,
https://openalex.org/w3164118877,https://doi.org/10.1136/annrheumdis-2021-eular.2263,,,0,
https://openalex.org/w4283697572,https://doi.org/10.1136/annrheumdis-2022-eular.1495,,,0,
https://openalex.org/w3197009596,https://doi.org/10.1016/j.jaci.2021.07.005,,,0,
https://openalex.org/w4290706633,https://doi.org/10.3346/jkms.2022.37.e253,,,0,
https://openalex.org/w2939670367,https://doi.org/10.1093/rheumatology/kez110.063,,,0,
https://openalex.org/w2887372012,https://doi.org/10.1186/s42358-018-0016-x,,,0,
https://openalex.org/w2953651408,https://doi.org/10.1016/j.jval.2019.04.096,,,0,
https://openalex.org/w3128474535,https://doi.org/10.1007/s11096-019-00945-w,,,0,
https://openalex.org/w2903926219,https://doi.org/10.1136/annrheumdis-2018-214158,,,0,
https://openalex.org/w2972303619,https://doi.org/10.1016/j.jid.2019.07.130,,,0,
https://openalex.org/w3046210542,https://doi.org/10.1136/annrheumdis-2020-eular.2364,,,0,
https://openalex.org/w3082816368,https://doi.org/10.1136/annrheumdis-2020-eular.5761,,,0,
https://openalex.org/w3048429973,https://doi.org/10.1136/annrheumdis-2020-eular.5447,,,0,
https://openalex.org/w2809037999,https://doi.org/10.1111/bjd.16901,,,0,
https://openalex.org/w3164786396,https://doi.org/10.1136/annrheumdis-2021-eular.477,,,0,
https://openalex.org/w2922436274,https://doi.org/10.1136/ejhpharm-2019-eahpconf.305,,,0,
https://openalex.org/w2784439908,https://doi.org/10.1136/annrheumdis-2017-212910,,022-442-896-371-580,0,
https://openalex.org/w4283707736,https://doi.org/10.1136/annrheumdis-2022-eular.715,,,0,
https://openalex.org/w2971292502,https://doi.org/10.1164/ajrccm-conference.2019.199.1_meetingabstracts.a6827,,,0,
https://openalex.org/w3102566107,https://doi.org/10.1136/rmdopen-2020-001374,,,0,
https://openalex.org/w4309480400,https://doi.org/10.1016/j.jid.2022.09.086,,,0,
https://openalex.org/w3113340067,https://doi.org/10.1002/acr.24538,,,0,
https://openalex.org/w3093237758,https://doi.org/10.1136/annrheumdis-2020-eular.2924,,,0,
https://openalex.org/w2910600549,https://doi.org/10.1136/annrheumdis-2018-eular.2408,,,0,
https://openalex.org/w2960380094,https://doi.org/10.1080/03009742.2019.1600717,,,0,
https://openalex.org/w3165568103,https://doi.org/10.1111/jdv.17392,,,0,
https://openalex.org/w3008043156,https://doi.org/10.23736/s2784-8671.19.06410-1,,,0,
https://openalex.org/w4214837428,https://doi.org/10.1111/joim.13447,,,0,
https://openalex.org/w3164790330,https://doi.org/10.1136/annrheumdis-2021-eular.244,,,0,
https://openalex.org/w4309411078,https://doi.org/10.1097/mpg.0000000000003656,,,0,
https://openalex.org/w4210611456,https://doi.org/10.1111/dth.15306,,,0,
https://openalex.org/w2795142743,https://doi.org/10.1016/j.semarthrit.2018.03.018,,,0,
https://openalex.org/w3034903608,https://doi.org/10.1136/annrheumdis-2020-eular.4583,,,0,
https://openalex.org/w2965436229,https://doi.org/10.3389/fphar.2019.00965,,,0,
https://openalex.org/w4238029507,https://doi.org/10.3899/jrheum.180300,,,0,
https://openalex.org/w4225451888,https://doi.org/10.1136/rmdopen-2021-002109,,,0,
https://openalex.org/w4291186686,https://doi.org/10.1136/annrheumdis-2022-eular.2866,,,0,
https://openalex.org/w3168402612,https://doi.org/10.18549/pharmpract.2021.2.2312,,,0,
https://openalex.org/w3021561042,https://doi.org/10.1007/s40744-020-00210-x,,,0,
https://openalex.org/w2995828978,https://doi.org/10.1055/a-1033-8153,,,0,
https://openalex.org/w4300111657,https://doi.org/10.1136/annrheumdis-2022-eular.1054,,,0,
https://openalex.org/w4283792680,https://doi.org/10.1111/bjd.20477,,,0,
https://openalex.org/w3212131372,https://doi.org/10.1136/rmdopen-2021-001845,,,0,
https://openalex.org/w3012855465,https://doi.org/10.1371/journal.pone.0229819,,,0,
https://openalex.org/w4295882742,https://doi.org/10.1016/s2665-9913(22)00265-x,,,0,
https://openalex.org/w2895456973,https://doi.org/10.1080/24745332.2018.1486245,,,0,
https://openalex.org/w2947991926,https://doi.org/10.1016/j.vhri.2019.03.002,,,0,
https://openalex.org/w4220960280,https://doi.org/10.1093/rheumatology/keac158,,109-754-837-741-729,0,
https://openalex.org/w3033949128,https://doi.org/10.1136/annrheumdis-2020-eular.2127,,,0,
https://openalex.org/w3164157180,https://doi.org/10.1136/annrheumdis-2021-eular.1621,,,0,
https://openalex.org/w3180006004,https://doi.org/10.1186/s42358-021-00204-5,,,0,
https://openalex.org/w3035201092,https://doi.org/10.1136/annrheumdis-2020-217806,,026-946-797-677-650,0,
https://openalex.org/w3048606852,https://doi.org/10.1136/bmjopen-2019-036245,,,0,
https://openalex.org/w3128549830,https://doi.org/10.3389/fmed.2021.624462,,,0,
https://openalex.org/w4288079674,https://doi.org/10.1002/art.41538,,,0,
https://openalex.org/w3193450209,https://doi.org/10.1136/annrheumdis-2021-eular.2719,,,0,
https://openalex.org/w3209693375,https://doi.org/10.5070/d327955134,,,0,
https://openalex.org/w3199481475,https://doi.org/10.1002/acr.24784,,,0,
https://openalex.org/w3200380695,https://doi.org/10.1007/s00296-021-04995-0,,,0,
https://openalex.org/w3215552972,https://doi.org/10.5152/eurjrheum.2020.21162,,,0,
https://openalex.org/w4288083134,https://doi.org/10.1097/hs9.0000000000000404,,,0,
https://openalex.org/w4282980101,https://doi.org/10.1016/s0016-5085(22)60014-3,,,0,
https://openalex.org/w3093648416,https://doi.org/10.3389/fimmu.2020.591176,,,0,
https://openalex.org/w4303986630,https://doi.org/10.1177/12034754221128796,,,0,
https://openalex.org/w4283712745,https://doi.org/10.1136/annrheumdis-2022-eular.4540,,,0,
https://openalex.org/w2990715705,https://doi.org/10.1186/s13075-019-2009-5,,,0,
https://openalex.org/w4297460222,https://doi.org/10.1016/j.jbspin.2022.105464,,,0,
https://openalex.org/w3034953688,https://doi.org/10.1136/annrheumdis-2020-eular.2516,,,0,
https://openalex.org/w4283698986,https://doi.org/10.1136/annrheumdis-2022-eular.4385,,,0,
https://openalex.org/w3159043317,https://doi.org/10.1007/s00296-021-04865-9,,,0,
https://openalex.org/w3165728528,https://doi.org/10.1136/annrheumdis-2021-eular.978,,,0,
https://openalex.org/w3165820398,https://doi.org/10.1136/annrheumdis-2021-eular.1233,,,0,
https://openalex.org/w2905983441,https://doi.org/10.1016/j.jval.2018.09.1752,,,0,
https://openalex.org/w2922470754,https://doi.org/10.1007/s13555-019-0290-5,,,0,
https://openalex.org/w3018220021,https://doi.org/10.1093/rheumatology/keaa109.039,,,0,
https://openalex.org/w3196934837,https://doi.org/10.1007/s11606-021-06830-5,,,0,
https://openalex.org/w2955674936,https://doi.org/10.3899/jrheum.190253,,,0,
https://openalex.org/w4224323612,https://doi.org/10.1093/rheumatology/keac133.267,,,0,
https://openalex.org/w2953275852,https://doi.org/10.1136/annrheumdis-2019-eular.8168,,,0,
https://openalex.org/w2938206342,https://doi.org/10.1080/09546634.2019.1605143,,,0,
https://openalex.org/w3207052495,https://doi.org/10.1016/j.chest.2021.07.1954,,,0,
https://openalex.org/w3089681955,https://doi.org/10.1038/s41598-020-73183-0,,,0,
https://openalex.org/w4212874973,https://doi.org/10.1093/rheumatology/keab902,,,0,
https://openalex.org/w4307232993,https://doi.org/10.1093/rheumatology/keac607,,,0,
https://openalex.org/w3112863446,https://doi.org/10.2478/rir-2020-0001,,,0,
https://openalex.org/w3206711031,https://doi.org/10.3390/biomedicines9101482,,,0,
https://openalex.org/w2923872577,https://doi.org/10.3390/jcm8030398,,,0,
https://openalex.org/w2768187732,https://doi.org/10.1016/j.jbspin.2017.10.003,,,0,
https://openalex.org/w4283695927,https://doi.org/10.1136/annrheumdis-2022-eular.1667,,,0,
https://openalex.org/w2749244234,https://doi.org/10.1016/j.clim.2017.08.009,,,0,
https://openalex.org/w2994431592,,,,0,
https://openalex.org/w2787574463,https://doi.org/10.1136/rmdopen-2017-000606,,,0,
https://openalex.org/w4283584534,https://doi.org/10.3389/fimmu.2022.917939,,,0,
https://openalex.org/w4304145079,https://doi.org/10.3389/fimmu.2022.1021537,,,0,
https://openalex.org/w4283695023,https://doi.org/10.1136/annrheumdis-2022-eular.4327,,,0,
https://openalex.org/w4283009016,https://doi.org/10.1007/s11606-022-07653-8,,,0,
https://openalex.org/w2770483147,https://doi.org/10.3899/jrheum.170554,,,0,
https://openalex.org/w2905335382,https://doi.org/10.1186/s13075-018-1764-z,,,0,
https://openalex.org/w4210942513,https://doi.org/10.1016/j.semarthrit.2022.151979,,,0,
https://openalex.org/w4206998407,https://doi.org/10.1093/ecco-jcc/jjab232.731,,,0,
https://openalex.org/w3010729556,https://doi.org/10.1007/s10787-020-00697-4,,,0,
https://openalex.org/w3027493281,https://doi.org/10.1016/s0016-5085(20)32620-2,,,0,
https://openalex.org/w2950321123,https://doi.org/10.1136/annrheumdis-2019-eular.8418,,,0,
https://openalex.org/w4235240888,https://doi.org/10.1002/cpdd.858,,,0,
https://openalex.org/w4238101370,https://doi.org/10.1001/jamadermatol.2020.5204,,,1,
https://openalex.org/w3035074954,https://doi.org/10.1136/annrheumdis-2020-eular.3819,,,0,
https://openalex.org/w4283710982,https://doi.org/10.1136/annrheumdis-2022-eular.2831,,,0,
https://openalex.org/w3043077673,https://doi.org/10.1136/annrheumdis-2020-eular.4742,,,0,
https://openalex.org/w3097869864,https://doi.org/10.1136/annrheumdis-2020-eular.5027,,,0,
https://openalex.org/w3187490622,https://doi.org/10.1111/ajd.13676,,,0,
https://openalex.org/w2909944289,https://doi.org/10.1136/annrheumdis-2018-eular.5844,,,0,
https://openalex.org/w3034072066,https://doi.org/10.1136/annrheumdis-2020-eular.2978,,,0,
https://openalex.org/w4312181886,https://doi.org/10.1136/bmjopen-2022-063650,,,0,
https://openalex.org/w4293230114,https://doi.org/10.1136/ejhpharm-2022-eahp.202,,,0,
https://openalex.org/w2897773519,https://doi.org/10.1111/jdv.15288,,,0,
https://openalex.org/w2892353926,https://doi.org/10.4103/injr.injr_66_18,,,0,
https://openalex.org/w2990597987,https://doi.org/10.1186/s41927-019-0094-3,,,0,
https://openalex.org/w2924833996,https://doi.org/10.1001/jamadermatol.2019.0001,,,0,
https://openalex.org/w2911768818,https://doi.org/10.1111/jcpt.12814,,,0,
https://openalex.org/w3088675319,https://doi.org/10.1136/rmdopen-2020-001303,,,0,
https://openalex.org/w4288073118,https://doi.org/10.1002/ueg2.12144,,,0,
https://openalex.org/w4283589104,https://doi.org/10.1038/s41584-022-00798-0,,,0,
https://openalex.org/w4205722091,https://doi.org/10.1016/j.jval.2021.11.663,,,0,
https://openalex.org/w3080975111,https://doi.org/10.1111/dth.14227,,,0,
https://openalex.org/w4310191835,https://doi.org/10.1016/j.jaut.2022.102959,,,0,
https://openalex.org/w4220896934,https://doi.org/10.1093/rheumatology/keac157,,,0,
https://openalex.org/w2900893385,https://doi.org/10.1007/s00296-018-4194-y,,,0,
https://openalex.org/w4294647389,https://doi.org/10.1186/s13063-022-06589-y,,,0,
https://openalex.org/w4312191106,https://doi.org/10.1136/bmjopen-2022-065189,,,0,
https://openalex.org/w4283692083,https://doi.org/10.1136/annrheumdis-2022-eular.3659,,,0,
https://openalex.org/w4206441114,https://doi.org/10.1007/s12325-021-02016-x,,,0,
https://openalex.org/w2803085578,https://doi.org/10.1093/rheumatology/key075.238,,,0,
https://openalex.org/w4293181419,https://doi.org/10.1093/rheumatology/keac133.068,,,0,
https://openalex.org/w2969806078,https://doi.org/10.1007/s00296-019-04416-3,,,0,
https://openalex.org/w4210434141,https://doi.org/10.1007/s10067-021-06045-3,,,0,
https://openalex.org/w3046968275,https://doi.org/10.1530/edm-20-0027,,,0,
https://openalex.org/w3042976130,https://doi.org/10.1136/annrheumdis-2020-eular.3721,,,0,
https://openalex.org/w3122978945,https://doi.org/10.1136/annrheumdis-2020-eular.3099,,,0,
https://openalex.org/w3216464897,https://doi.org/10.1111/ajd.13752,,,0,
https://openalex.org/w2779163094,https://doi.org/10.1177/0300060517713591,,,0,
https://openalex.org/w2899425628,https://doi.org/10.1136/annrheumdis-2018-eular.1723,,,0,
https://openalex.org/w4283702964,https://doi.org/10.1136/annrheumdis-2022-eular.3249,,,0,
https://openalex.org/w3164465123,https://doi.org/10.1136/annrheumdis-2021-eular.3203,,,0,
https://openalex.org/w4283689183,https://doi.org/10.1136/annrheumdis-2022-eular.3838,,,0,
https://openalex.org/w4297018399,https://doi.org/10.1007/s40264-022-01235-7,,,0,
https://openalex.org/w3006457233,https://doi.org/10.1186/s13063-020-4097-6,,,0,
https://openalex.org/w4283703973,https://doi.org/10.1136/annrheumdis-2022-eular.5191,,,0,
https://openalex.org/w2887204139,https://doi.org/10.1136/lupus-2018-abstract.130,,,0,
https://openalex.org/w3000297754,https://doi.org/10.1080/1744666x.2020.1713754,,,0,
https://openalex.org/w3201911380,https://doi.org/10.1111/dth.15151,,,0,
https://openalex.org/w2807898951,https://doi.org/10.1136/annrheumdis-2018-eular.2346,,,0,
https://openalex.org/w4284675502,https://doi.org/10.1001/jamadermatol.2022.2909,,,0,
https://openalex.org/w2799671358,https://doi.org/10.1007/s00393-018-0458-x,,,0,
https://openalex.org/w3134524205,https://doi.org/10.1007/s11606-020-05890-3,,,0,
https://openalex.org/w3118786109,https://doi.org/10.1080/09546634.2020.1854428,,,0,
https://openalex.org/w2951120056,https://doi.org/10.1136/annrheumdis-2019-eular.2823,,,0,
https://openalex.org/w2932943837,https://doi.org/10.1080/1744666x.2019.1601014,,,0,
https://openalex.org/w4205095307,https://doi.org/10.1177/1759720x211057668,,,0,
https://openalex.org/w4297103102,https://doi.org/10.1186/s41927-022-00287-7,,,0,
https://openalex.org/w3196726052,,,,0,
https://openalex.org/w2793238669,https://doi.org/10.1136/ejhpharm-2018-eahpconf.354,,,0,
https://openalex.org/w3012736954,https://doi.org/10.1007/s40257-020-00512-4,,,0,
https://openalex.org/w2808121654,https://doi.org/10.1136/annrheumdis-2018-eular.5241,,,0,
https://openalex.org/w2785890951,https://doi.org/10.1007/s10067-018-3989-2,,,0,
https://openalex.org/w2910096702,https://doi.org/10.1080/07317115.2018.1561582,,048-727-067-893-501,0,
https://openalex.org/w4304690625,https://doi.org/10.1177/13524585221123687,,,0,
https://openalex.org/w3164592882,https://doi.org/10.1136/annrheumdis-2021-eular.1607,,,0,
https://openalex.org/w3033866300,https://doi.org/10.1136/annrheumdis-2020-eular.4311,,,0,
https://openalex.org/w3096871378,https://doi.org/10.1136/annrheumdis-2020-eular.390,,,0,
https://openalex.org/w3164789785,https://doi.org/10.1136/annrheumdis-2021-eular.767,,,0,
https://openalex.org/w3094633199,https://doi.org/10.1136/annrheumdis-2020-eular.3753,,,0,
https://openalex.org/w3028655683,https://doi.org/10.1007/s10067-020-05132-1,,,0,
https://openalex.org/w3164333948,https://doi.org/10.1136/annrheumdis-2021-eular.4203,,,0,
https://openalex.org/w3130806807,https://doi.org/10.1007/s10067-021-05647-1,,,0,
https://openalex.org/w4283707563,https://doi.org/10.1136/annrheumdis-2022-eular.1547,,,0,
https://openalex.org/w2944180455,https://doi.org/10.1016/s0016-5085(19)39992-5,,,0,
https://openalex.org/w4293802238,https://doi.org/10.1001/jamadermatol.2022.3337,,,0,
https://openalex.org/w3201165137,https://doi.org/10.1007/s40744-021-00373-1,,,0,
https://openalex.org/w3152589273,https://doi.org/10.1093/rheumatology/keab119,,,0,
https://openalex.org/w2808625141,https://doi.org/10.1136/annrheumdis-2018-eular.3904,,,0,
https://openalex.org/w2888274079,https://doi.org/10.1007/s00296-018-4144-8,,,0,
https://openalex.org/w3217170377,https://doi.org/10.1186/s12969-021-00632-z,,,0,
https://openalex.org/w2975357384,https://doi.org/10.1093/rap/rkz030.001,,,0,
https://openalex.org/w2949389786,https://doi.org/10.1136/annrheumdis-2019-eular.5900,,,0,
https://openalex.org/w3146797858,https://doi.org/10.1007/s10067-021-05712-9,,,0,
https://openalex.org/w2921600096,https://doi.org/10.1080/03009742.2019.1571222,,,0,
https://openalex.org/w2900957628,https://doi.org/10.1002/art.40778,,,0,
https://openalex.org/w2952222377,https://doi.org/10.1136/annrheumdis-2019-eular.1763,,,0,
https://openalex.org/w3164067352,https://doi.org/10.1136/annrheumdis-2021-eular.734,,,0,
https://openalex.org/w2949717647,https://doi.org/10.1111/bjd.18245,,,0,
https://openalex.org/w4295882814,https://doi.org/10.1016/s2665-9913(22)00228-4,,,0,
https://openalex.org/w2801116984,https://doi.org/10.1093/rheumatology/key075.390,,,0,
https://openalex.org/w4281662729,https://doi.org/10.1093/rheumatology/keac331,,175-195-080-654-847,0,
https://openalex.org/w4220788825,https://doi.org/10.23736/s2784-8671.22.07224-3,,,0,
https://openalex.org/w2951398919,https://doi.org/10.1136/annrheumdis-2019-eular.5637,,,0,
https://openalex.org/w2916595879,https://doi.org/10.3390/v11020186,,,0,
https://openalex.org/w3211576203,https://doi.org/10.3899/jrheum.210888,,,0,
https://openalex.org/w3020522041,https://doi.org/10.1093/rheumatology/keaa110.023,,,0,
https://openalex.org/w4280594056,https://doi.org/10.1093/rheumatology/keac283,,,0,
https://openalex.org/w4283706908,https://doi.org/10.1136/annrheumdis-2022-eular.3163,,,0,
https://openalex.org/w4310956884,https://doi.org/10.1007/s40744-022-00515-z,,,0,
https://openalex.org/w3042371681,https://doi.org/10.1136/annrheumdis-2020-eular.4201,,,0,
https://openalex.org/w2883546880,,,,0,
https://openalex.org/w2808240072,https://doi.org/10.1136/annrheumdis-2018-eular.3048,,,0,
https://openalex.org/w4283692754,https://doi.org/10.1136/annrheumdis-2022-eular.3049,,,0,
https://openalex.org/w2908653536,https://doi.org/10.1136/annrheumdis-2018-eular.3674,,,0,
https://openalex.org/w3098241256,https://doi.org/10.5578/tt.69753,,,0,
https://openalex.org/w2914630598,https://doi.org/10.1111/bjd.17738,,,0,
https://openalex.org/w3179046472,https://doi.org/10.55563/clinexprheumatol/1bq5pl,,,0,
https://openalex.org/w3016528520,https://doi.org/10.1136/ejhpharm-2020-eahpconf.225,,,0,
https://openalex.org/w2894038307,https://doi.org/10.2147/btt.s172241,,,0,
https://openalex.org/w2971794077,https://doi.org/10.1016/j.reprotox.2019.05.045,,,0,
https://openalex.org/w4239805270,https://doi.org/10.1177/2475530318812244,,,0,
https://openalex.org/w2967738037,https://doi.org/10.1136/rmdopen-2019-001016,,,0,
https://openalex.org/w3158077509,https://doi.org/10.1007/s10067-021-05742-3,,,0,
https://openalex.org/w3146166808,https://doi.org/10.1186/s42358-021-00173-9,,,0,
https://openalex.org/w2974966056,https://doi.org/10.1016/s0959-8049(19)30626-4,,,0,
https://openalex.org/w2990706040,https://doi.org/10.1016/j.jaad.2018.05.350,,,0,
https://openalex.org/w4212944320,https://doi.org/10.1007/s10067-022-06113-2,,,0,
https://openalex.org/w3154598482,https://doi.org/10.26355/eurrev_202104_25549,,,0,
https://openalex.org/w2804841638,https://doi.org/10.1002/acr.23609,,,0,
https://openalex.org/w3192248526,https://doi.org/10.1016/j.trsl.2021.08.001,,,0,
https://openalex.org/w3164858701,https://doi.org/10.1136/annrheumdis-2021-eular.1702,,,0,
https://openalex.org/w3001564661,https://doi.org/10.4103/injr.injr_123_19,,,0,
https://openalex.org/w3209342349,https://doi.org/10.31138/mjr.32.3.280,,,0,
https://openalex.org/w2908734087,https://doi.org/10.1007/s12325-018-0866-y,,,0,
https://openalex.org/w3000405276,https://doi.org/10.1186/s13063-019-4000-5,,,0,
https://openalex.org/w3045107874,https://doi.org/10.1136/annrheumdis-2020-eular.3777,,,0,
https://openalex.org/w2888354682,https://doi.org/10.1093/rheumatology/key241,,,1,
https://openalex.org/w2910016647,https://doi.org/10.1136/annrheumdis-2018-eular.6560,,,0,
https://openalex.org/w4283691046,https://doi.org/10.1136/annrheumdis-2022-eular.3829,,,0,
https://openalex.org/w3164327251,https://doi.org/10.1136/annrheumdis-2021-eular.3467,,,0,
https://openalex.org/w3164740619,https://doi.org/10.1136/annrheumdis-2021-eular.1557,,,0,
https://openalex.org/w4283710082,https://doi.org/10.1136/annrheumdis-2022-eular.3528,,,0,
https://openalex.org/w4293495667,https://doi.org/10.1007/s40264-022-01219-7,,,0,
https://openalex.org/w3189615335,https://doi.org/10.1111/1346-8138.16074,,,0,
https://openalex.org/w2992384130,https://doi.org/10.1007/s40291-019-00441-x,,,0,
https://openalex.org/w3196249014,https://doi.org/10.1136/bmjopen-2021-049850,,,0,
https://openalex.org/w2964897067,https://doi.org/10.1007/s00296-019-04394-6,,,0,
https://openalex.org/w3095722359,https://doi.org/10.1136/annrheumdis-2020-eular.687,,,0,
https://openalex.org/w4223469169,https://doi.org/10.2217/imt-2021-0274,,,0,
https://openalex.org/w2905605342,https://doi.org/10.1093/rheumatology/key369,,,0,
https://openalex.org/w3092647321,https://doi.org/10.4103/injr.injr_82_20,,,0,
https://openalex.org/w2765922640,https://doi.org/10.1016/j.reuma.2017.08.011,,,0,
https://openalex.org/w2948151014,https://doi.org/10.1186/s40169-019-0236-7,,,0,
https://openalex.org/w2951011777,https://doi.org/10.1136/annrheumdis-2019-eular.7064,,,0,
https://openalex.org/w2799608950,https://doi.org/10.1093/rheumatology/key075.288,,,0,
https://openalex.org/w4281735541,https://doi.org/10.5144/0256-4947.2022.155,,,0,
https://openalex.org/w3044268165,https://doi.org/10.1136/annrheumdis-2020-eular.4922,,,0,
https://openalex.org/w3128175998,https://doi.org/10.1097/md.0000000000024549,,,0,
https://openalex.org/w4221127450,https://doi.org/10.1080/1744666x.2022.2039121,,,0,
https://openalex.org/w2886277391,https://doi.org/10.1186/s13075-018-1669-x,,,0,
https://openalex.org/w4281763735,https://doi.org/10.1093/rheumatology/keac330,,046-289-608-219-449,0,
https://openalex.org/w4239455276,https://doi.org/10.1016/j.jaad.2019.06.448,,,0,
https://openalex.org/w4308074585,https://doi.org/10.1016/s2665-9913(22)00305-8,,,0,
https://openalex.org/w2895295735,https://doi.org/10.1136/annrheumdis-2018-eular.5865,,,0,
https://openalex.org/w3204733780,https://doi.org/10.1136/annrheumdis-2021-221007,,,0,
https://openalex.org/w4229772731,https://doi.org/10.1111/jdv.15514,,,0,
https://openalex.org/w3165239502,https://doi.org/10.1136/annrheumdis-2021-eular.3395,,,0,
https://openalex.org/w3156442920,https://doi.org/10.1136/rmdopen-2020-001399,,,0,
https://openalex.org/w2903868646,https://doi.org/10.1111/1346-8138.14717,,,0,
https://openalex.org/w3209220904,https://doi.org/10.1093/rheumatology/keab790,,,0,
https://openalex.org/w4240872440,https://doi.org/10.1016/j.cyto.2017.11.007,,,0,
https://openalex.org/w3044482886,https://doi.org/10.5114/ada.2020.97066,,,0,
https://openalex.org/w3194985274,https://doi.org/10.1016/j.jaad.2021.06.306,,,0,
https://openalex.org/w2952306706,https://doi.org/10.1136/annrheumdis-2019-eular.1862,,,0,
https://openalex.org/w4291186666,https://doi.org/10.1136/annrheumdis-2022-eular.1061,,,0,
https://openalex.org/w4224211851,https://doi.org/10.3389/fimmu.2022.849560,,,0,
https://openalex.org/w2925144002,https://doi.org/10.1080/09546634.2019.1597246,,,0,
https://openalex.org/w4309157461,https://doi.org/10.3899/jrheum.220908,,,0,
https://openalex.org/w2995648997,https://doi.org/10.1159/000504839,,,0,
https://openalex.org/w3159788506,https://doi.org/10.3899/jrheum.201532,,,0,
https://openalex.org/w3101028054,https://doi.org/10.1080/14712598.2021.1853096,,,0,
https://openalex.org/w3016116087,https://doi.org/10.4081/reumatismo.2020.1266,,,0,
https://openalex.org/w3160623885,https://doi.org/10.1002/acr.24630,,,1,
https://openalex.org/w3162933956,https://doi.org/10.1016/s0016-5085(21)00834-9,,,0,
https://openalex.org/w4214560466,https://doi.org/10.1016/s2665-9913(22)00028-5,,,0,
https://openalex.org/w3139260269,https://doi.org/10.1136/ejhpharm-2021-eahpconf.295,,,0,
https://openalex.org/w2899551228,https://doi.org/10.1358/dof.2018.043.10.2849626,,,0,
https://openalex.org/w3080826108,https://doi.org/10.1007/s10620-020-06560-4,,,0,
https://openalex.org/w3083864580,https://doi.org/10.1001/jamadermatol.2020.2977,,,0,
https://openalex.org/w3008031868,https://doi.org/10.1016/j.jaad.2019.12.071,,,0,
https://openalex.org/w3185547280,https://doi.org/10.1111/imj.15302,,,0,
https://openalex.org/w3158057939,https://doi.org/10.1136/annrheumdis-2021-219951,,,0,
https://openalex.org/w4319454105,https://doi.org/10.1007/s12350-023-03204-8,,,0,
https://openalex.org/w3002963339,https://doi.org/10.1111/ijd.14788,,,0,
https://openalex.org/w2946568358,https://doi.org/10.1002/acr.23930,,,0,
https://openalex.org/w2909343693,https://doi.org/10.23736/s0392-0488.17.05813-8,,,0,
https://openalex.org/w3186519178,https://doi.org/10.1007/s40744-021-00344-6,,,0,
https://openalex.org/w3099147501,https://doi.org/10.1093/rheumatology/keaa683,,,1,
https://openalex.org/w2949168050,https://doi.org/10.1136/annrheumdis-2019-eular.1006,,,0,
https://openalex.org/w3015082801,https://doi.org/10.1016/j.clim.2020.108395,,,0,
https://openalex.org/w4234403106,https://doi.org/10.1016/j.jaad.2018.05.1019,,,0,
https://openalex.org/w3039938303,https://doi.org/10.1111/dth.13943,,,0,
https://openalex.org/w2901068091,https://doi.org/10.1136/annrheumdis-2018-eular.1491,,,0,
https://openalex.org/w3034549895,https://doi.org/10.1136/annrheumdis-2020-eular.4393,,,0,
https://openalex.org/w2909845198,https://doi.org/10.1136/annrheumdis-2018-eular.3415,,,0,
https://openalex.org/w3097438141,https://doi.org/10.1136/annrheumdis-2019-eular.7366,,,0,
https://openalex.org/w4302303842,https://doi.org/10.3389/fmed.2022.989514,,,0,
https://openalex.org/w4255443441,https://doi.org/10.1080/00325481.2018.1512253,,,0,
https://openalex.org/w3025671236,https://doi.org/10.1016/j.semarthrit.2020.03.023,,,0,
https://openalex.org/w3104170303,https://doi.org/10.7573/dic.2020-8-5,,,0,
https://openalex.org/w3034953989,https://doi.org/10.1136/annrheumdis-2020-eular.5413,,,0,
https://openalex.org/w3032162724,https://doi.org/10.1007/s00296-020-04607-3,,,0,
https://openalex.org/w2996749470,https://doi.org/10.1111/1346-8138.15193,,,0,
https://openalex.org/w3105752285,https://doi.org/10.1159/000511690,,,0,
https://openalex.org/w2908651262,https://doi.org/10.1136/annrheumdis-2018-eular.7267,,,0,
https://openalex.org/w2900518967,https://doi.org/10.1136/annrheumdis-2018-eular.2498,,,0,
https://openalex.org/w4302763246,https://doi.org/10.5021/ad.22.003,,,0,
https://openalex.org/w2939708312,https://doi.org/10.1093/rheumatology/kez108.030,,,0,
https://openalex.org/w2998998794,https://doi.org/10.1002/acr.24134,,,0,
https://openalex.org/w4283699129,https://doi.org/10.1136/annrheumdis-2022-eular.5141,,,0,
https://openalex.org/w3082069213,https://doi.org/10.1186/s41927-020-00138-3,,,0,
https://openalex.org/w3185556671,https://doi.org/10.1007/s40744-021-00345-5,,,0,
https://openalex.org/w4295255146,https://doi.org/10.1016/j.jaad.2022.06.325,,,0,
https://openalex.org/w3045706219,https://doi.org/10.2217/cer-2020-0092,,,0,
https://openalex.org/w4307199209,https://doi.org/10.1111/imm.13598,,,0,
https://openalex.org/w4224315392,https://doi.org/10.1093/rheumatology/keac133.070,,,0,
https://openalex.org/w2893647232,https://doi.org/10.1111/exd.13790,,,0,
https://openalex.org/w4285794325,https://doi.org/10.1186/s12890-022-02066-z,,,0,
https://openalex.org/w2952312039,https://doi.org/10.1136/annrheumdis-2019-eular.8099,,,0,
https://openalex.org/w3042851796,https://doi.org/10.3899/jrheum.200189,,,0,
https://openalex.org/w4220809827,https://doi.org/10.1177/12034754221088556,,,0,
https://openalex.org/w4206453811,https://doi.org/10.1177/24755303211043841,,,0,
https://openalex.org/w3177662192,https://doi.org/10.3390/ijms22147389,,,0,
https://openalex.org/w2952777632,https://doi.org/10.1136/annrheumdis-2019-eular.5443,,,0,
https://openalex.org/w2918175163,https://doi.org/10.3899/jrheum.180782,,,0,
https://openalex.org/w2910298231,https://doi.org/10.1136/annrheumdis-2018-eular.7011,,,0,
https://openalex.org/w3087181607,https://doi.org/10.1136/annrheumdis-2020-218856,,,0,
https://openalex.org/w4283711643,https://doi.org/10.1136/annrheumdis-2022-eular.2135,,,0,
https://openalex.org/w2791600277,https://doi.org/10.1080/14712598.2018.1450385,,,0,
https://openalex.org/w3008942308,https://doi.org/10.1177/2042098620905976,,,0,
https://openalex.org/w3093717103,https://doi.org/10.1111/1346-8138.15655,,,0,
https://openalex.org/w3095612864,https://doi.org/10.1136/annrheumdis-2020-eular.4347,,,0,
https://openalex.org/w3153336419,https://doi.org/10.3389/fmed.2021.656667,,,0,
https://openalex.org/w4293190800,https://doi.org/10.1093/rheumatology/keac133.253,,,0,
https://openalex.org/w4283689915,https://doi.org/10.1136/annrheumdis-2022-eular.3025,,,0,
https://openalex.org/w3123907439,https://doi.org/10.5114/reum.2021.102618,,,0,
https://openalex.org/w3036377737,https://doi.org/10.1111/dth.13858,,,0,
https://openalex.org/w3089248413,https://doi.org/10.1016/j.annonc.2020.08.787,,,0,
https://openalex.org/w3019563599,https://doi.org/10.1093/rheumatology/keaa109.042,,,0,
https://openalex.org/w2945130754,https://doi.org/10.1080/03007995.2019.1620713,,,0,
https://openalex.org/w3033460617,https://doi.org/10.1136/annrheumdis-2020-eular.5789,,,0,
https://openalex.org/w3135508873,https://doi.org/10.3389/fimmu.2021.611656,,,0,
https://openalex.org/w3208387340,https://doi.org/10.22377/ajp.v15i3.4148,,,0,
https://openalex.org/w2908963576,https://doi.org/10.1136/annrheumdis-2018-eular.4111,,,0,
https://openalex.org/w2796428896,https://doi.org/10.1002/art.40516,,,0,
https://openalex.org/w3048775874,https://doi.org/10.4103/ijd.ijd_194_19,,,0,
https://openalex.org/w2950127881,https://doi.org/10.1136/annrheumdis-2019-eular.1747,,,0,
https://openalex.org/w4225278328,https://doi.org/10.1007/s10067-022-06167-2,,,0,
https://openalex.org/w4311679739,https://doi.org/10.3899/jrheum.220823,,,0,
https://openalex.org/w4283582622,https://doi.org/10.1136/annrheumdis-2022-eular.1230,,,0,
https://openalex.org/w4214736838,https://doi.org/10.1177/09564624221076289,,,0,
https://openalex.org/w4206132467,https://doi.org/10.1186/s12969-021-00659-2,,,0,
https://openalex.org/w4225539128,https://doi.org/10.31744/einstein_journal/2022ao6453,,,0,
https://openalex.org/w3033637466,https://doi.org/10.1136/annrheumdis-2020-eular.1948,,,0,
https://openalex.org/w3124664103,https://doi.org/10.1136/annrheumdis-2020-eular.746,,,0,
https://openalex.org/w4294958747,https://doi.org/10.1136/rmdopen-2022-002359,,,0,
https://openalex.org/w3008076957,https://doi.org/10.1007/s10067-020-05003-9,,,0,
https://openalex.org/w2766236747,https://doi.org/10.1002/acr.23455,,,0,
https://openalex.org/w3115014018,https://doi.org/10.1016/j.semarthrit.2020.12.008,,,0,
https://openalex.org/w2807782994,https://doi.org/10.2147/clep.s164918,,,0,
https://openalex.org/w2799690473,https://doi.org/10.1093/rheumatology/key075.296,,,0,
https://openalex.org/w3080460085,https://doi.org/10.1136/annrheumdis-2020-eular.3667,,,0,
https://openalex.org/w2930581960,https://doi.org/10.1016/j.cgh.2019.03.040,,,0,
https://openalex.org/w2909112774,https://doi.org/10.1136/annrheumdis-2018-eular.2340,,,0,
https://openalex.org/w4283715682,https://doi.org/10.1093/humrep/deac107.357,,,0,
https://openalex.org/w3205001914,https://doi.org/10.1016/j.cjca.2021.07.150,,,0,
https://openalex.org/w2952695563,https://doi.org/10.1136/annrheumdis-2019-eular.395,,,0,
https://openalex.org/w3213156383,https://doi.org/10.1093/rheumatology/keab722.027,,,0,
https://openalex.org/w3146934882,https://doi.org/10.1111/imj.14932,,,0,
https://openalex.org/w4223411743,https://doi.org/10.3389/fmed.2022.869912,,,0,
https://openalex.org/w3036777409,https://doi.org/10.1080/21548331.2020.1785212,,,0,
https://openalex.org/w2910264374,https://doi.org/10.1136/annrheumdis-2018-eular.2423,,,0,
https://openalex.org/w4211182049,https://doi.org/10.2340/actadv.v102.563,,,0,
https://openalex.org/w4236219524,https://doi.org/10.31525/ct1-nct04115748,,,0,
https://openalex.org/w2909098770,https://doi.org/10.1136/annrheumdis-2018-eular.4644,,,0,
https://openalex.org/w3047215604,https://doi.org/10.1080/03009742.2020.1739327,,,0,
https://openalex.org/w3017209812,https://doi.org/10.1007/s40744-020-00204-9,,,0,
https://openalex.org/w3089931729,https://doi.org/10.1684/ejd.2020.3878,,,0,
https://openalex.org/w3108326387,https://doi.org/10.1007/s40744-020-00261-0,,,0,
https://openalex.org/w3046133024,https://doi.org/10.1136/annrheumdis-2020-eular.6564,,,0,
https://openalex.org/w3166447425,https://doi.org/10.1016/j.jval.2021.04.081,,,0,
https://openalex.org/w3184853832,https://doi.org/10.1007/s40744-021-00352-6,,,0,
https://openalex.org/w2910850736,https://doi.org/10.1136/annrheumdis-2018-eular.6451,,,0,
https://openalex.org/w3164426637,https://doi.org/10.1136/annrheumdis-2021-eular.1162,,,0,
https://openalex.org/w3157609288,https://doi.org/10.1080/1744666x.2021.1925541,,,0,
https://openalex.org/w3204124777,https://doi.org/10.3389/fmed.2021.708168,,,0,
https://openalex.org/w4283687847,https://doi.org/10.1136/annrheumdis-2022-eular.3668,,,0,
https://openalex.org/w3164024267,https://doi.org/10.1136/annrheumdis-2021-eular.3226,,,0,
https://openalex.org/w2914226232,https://doi.org/10.1111/jdv.15482,,,0,
https://openalex.org/w3199030427,https://doi.org/10.1159/000518984,,,0,
https://openalex.org/w2917899423,https://doi.org/10.1016/j.ejogrb.2018.08.528,,,0,
https://openalex.org/w4290997253,https://doi.org/10.1136/annrheumdis-2022-eular.3724,,,0,
https://openalex.org/w3154917254,https://doi.org/10.1016/j.jid.2021.02.473,,,0,
https://openalex.org/w2949978416,https://doi.org/10.1136/annrheumdis-2019-eular.4877,,,0,
https://openalex.org/w3113347338,,,,0,
https://openalex.org/w3164737441,https://doi.org/10.1136/annrheumdis-2021-eular.1575,,,0,
https://openalex.org/w3138485569,https://doi.org/10.1111/jcpt.13416,,,0,
https://openalex.org/w2951825629,https://doi.org/10.1136/annrheumdis-2019-eular.2419,,,0,
https://openalex.org/w4293103622,https://doi.org/10.1007/s40520-022-02147-3,,,0,
https://openalex.org/w2999210908,https://doi.org/10.1016/j.nmd.2020.01.001,,,0,
https://openalex.org/w4283694655,https://doi.org/10.1136/annrheumdis-2022-eular.1124,,,0,
https://openalex.org/w2952717802,https://doi.org/10.1136/annrheumdis-2019-eular.3413,,,0,
https://openalex.org/w3095304245,https://doi.org/10.1007/s12325-020-01522-8,,,0,
https://openalex.org/w2793492297,https://doi.org/10.18553/jmcp.2018.24.7.623,,,0,
https://openalex.org/w3034819411,https://doi.org/10.1186/s13075-020-02231-x,,,0,
https://openalex.org/w4283704543,https://doi.org/10.1136/annrheumdis-2022-eular.3294,,,0,
https://openalex.org/w2808224117,https://doi.org/10.1136/annrheumdis-2018-eular.2728,,,0,
https://openalex.org/w2768054453,https://doi.org/10.1002/acr.23460,,,0,
https://openalex.org/w3198493865,https://doi.org/10.1111/jgh.15607,,,0,
https://openalex.org/w3206326309,https://doi.org/10.1111/1756-185x.14199,,,0,
https://openalex.org/w3165701398,https://doi.org/10.1136/annrheumdis-2021-eular.2955,,,0,
https://openalex.org/w2896812857,https://doi.org/10.1136/annrheumdis-2018-eular.3115,,,0,
https://openalex.org/w4283155620,https://doi.org/10.1093/rheumatology/keac358,,,1,
https://openalex.org/w4220973750,https://doi.org/10.1093/fampra/cmac029,,,0,
https://openalex.org/w4289912960,https://doi.org/10.1007/s40744-022-00474-5,,,0,
https://openalex.org/w2949377582,https://doi.org/10.1016/j.semarthrit.2019.06.001,,,0,
https://openalex.org/w2807775591,https://doi.org/10.1093/rheumatology/key140,,,0,
https://openalex.org/w2799608961,https://doi.org/10.1093/rheumatology/key075.524,,,0,
https://openalex.org/w3164999234,https://doi.org/10.1136/annrheumdis-2021-eular.2186,,,0,
https://openalex.org/w2954986885,https://doi.org/10.1111/apt.15370,,,0,
https://openalex.org/w2902263509,https://doi.org/10.2174/1573397115666181130094455,,,0,
https://openalex.org/w3195589221,https://doi.org/10.1002/art.41946,,,0,
https://openalex.org/w4205883444,https://doi.org/10.1053/j.ajkd.2021.02.109,,,0,
https://openalex.org/w4237241152,https://doi.org/10.1111/1756-185x.13985,,,0,
https://openalex.org/w2947617495,https://doi.org/10.1136/annrheumdis-2019-eular.3085,,,0,
https://openalex.org/w4306168216,https://doi.org/10.55563/clinexprheumatol/j33pjt,,,0,
https://openalex.org/w2995694572,https://doi.org/10.1002/pds.4950,,,0,
https://openalex.org/w4283693235,https://doi.org/10.1136/annrheumdis-2022-eular.2997,,,0,
https://openalex.org/w3026301862,https://doi.org/10.1016/s0016-5085(20)32378-7,,,0,
https://openalex.org/w4281288090,https://doi.org/10.1080/09546634.2022.2081655,,,0,
https://openalex.org/w3104137465,https://doi.org/10.1136/annrheumdis-2020-eular.4518,,,0,
https://openalex.org/w2804630152,https://doi.org/10.1136/ejhpharm-2018-eahpconf.133,,,0,
https://openalex.org/w2909538149,https://doi.org/10.1136/annrheumdis-2018-eular.2508,,,0,
https://openalex.org/w2947476609,https://doi.org/10.1136/annrheumdis-2019-eular.3181,,,0,
https://openalex.org/w4200136929,https://doi.org/10.1001/jama.2021.21316,,,0,
https://openalex.org/w2949364257,https://doi.org/10.1136/annrheumdis-2019-eular.4624,,,0,
https://openalex.org/w4309700920,https://doi.org/10.1186/s42358-022-00268-x,,,0,
https://openalex.org/w2889702258,https://doi.org/10.3899/jrheum.171218,,,0,
https://openalex.org/w3001366226,https://doi.org/10.1038/s41598-020-57542-5,,,0,
https://openalex.org/w2949380715,https://doi.org/10.1136/annrheumdis-2019-eular.780,,,0,
https://openalex.org/w2790916688,https://doi.org/10.1016/j.jbspin.2018.01.011,,,0,
https://openalex.org/w3201009084,https://doi.org/10.1016/j.jaad.2021.09.019,,,0,
https://openalex.org/w2806342620,https://doi.org/10.1055/a-0584-5830,,,0,
https://openalex.org/w4252301346,https://doi.org/10.31525/ct1-nct04176978,,,0,
https://openalex.org/w2908905219,https://doi.org/10.1136/annrheumdis-2018-eular.4139,,,0,
https://openalex.org/w4250917523,https://doi.org/10.1016/j.jaad.2019.06.791,,,0,
https://openalex.org/w3200757380,https://doi.org/10.1080/17512433.2021.1979394,,,0,
https://openalex.org/w3196965483,https://doi.org/10.1007/s12325-021-01879-4,,,0,
https://openalex.org/w2912347293,https://doi.org/10.1007/s00228-019-02627-y,,,0,
https://openalex.org/w3093894701,https://doi.org/10.3390/ijms21207767,,,0,
https://openalex.org/w2896590665,https://doi.org/10.1136/annrheumdis-2018-eular.6364,,,0,
https://openalex.org/w4288079680,https://doi.org/10.1002/pds.5114,,,0,
https://openalex.org/w3018064083,https://doi.org/10.1093/rheumatology/keaa111.251,,,0,
https://openalex.org/w3164160624,https://doi.org/10.1136/annrheumdis-2021-eular.1736,,,0,
https://openalex.org/w2903830162,https://doi.org/10.1016/j.jaci.2018.11.038,,,0,
https://openalex.org/w3011791627,https://doi.org/10.2174/1574886315666200316113312,,,0,
https://openalex.org/w4200506270,https://doi.org/10.3390/vaccines10010035,,,0,
https://openalex.org/w4283697930,https://doi.org/10.1136/annrheumdis-2022-eular.168,,,0,
https://openalex.org/w3196096303,https://doi.org/10.1007/s40744-021-00360-6,,,0,
https://openalex.org/w3207812732,https://doi.org/10.1111/1756-185x.14200,,,0,
https://openalex.org/w4283705455,https://doi.org/10.1136/annrheumdis-2022-eular.1093,,,0,
https://openalex.org/w3009521933,https://doi.org/10.1038/s41598-020-60451-2,,,0,
https://openalex.org/w4221012646,https://doi.org/10.1111/1346-8138.16362,,,0,
https://openalex.org/w4283713624,https://doi.org/10.1136/annrheumdis-2022-eular.1551,,,0,
https://openalex.org/w3169258710,https://doi.org/10.20514/2226-6704-2021-11-3-225-228,,,0,
https://openalex.org/w4283713497,https://doi.org/10.1111/jdv.18376,,,0,
https://openalex.org/w3164551000,https://doi.org/10.1136/annrheumdis-2021-eular.1399,,,0,
https://openalex.org/w3016447196,https://doi.org/10.1136/bmjgast-2019-000349,,,1,
https://openalex.org/w3093379227,https://doi.org/10.1007/s10067-020-05442-4,,,0,
https://openalex.org/w3026969963,https://doi.org/10.1111/bcp.14387,,,0,
https://openalex.org/w4308102701,https://doi.org/10.1136/rmdopen-2022-002445,,,0,
https://openalex.org/w3164075581,https://doi.org/10.1136/annrheumdis-2021-eular.81,,,0,
https://openalex.org/w4288079165,https://doi.org/10.1007/s00198-020-05696-3,,,0,
https://openalex.org/w2765883502,https://doi.org/10.1016/j.jaad.2017.10.012,,,0,
https://openalex.org/w3043087460,https://doi.org/10.1136/annrheumdis-2020-eular.1075,,,0,
https://openalex.org/w2970652500,https://doi.org/10.1136/annrheumdis-2018-ewrr2019.130,,,0,
https://openalex.org/w2777503265,https://doi.org/10.1097/rhu.0000000000000617,,,0,
https://openalex.org/w3134417364,https://doi.org/10.3390/ijms22052638,,,0,
https://openalex.org/w3084218373,https://doi.org/10.55563/clinexprheumatol/x1h3xi,,,0,
https://openalex.org/w4206738470,https://doi.org/10.1002/ccr3.5205,,,0,
https://openalex.org/w2919515255,,,,0,
https://openalex.org/w4283687396,https://doi.org/10.1136/annrheumdis-2022-eular.5400,,,0,
https://openalex.org/w2905135203,https://doi.org/10.3389/fimmu.2018.03113,,,0,
https://openalex.org/w4312065119,https://doi.org/10.1177/1759720x221142277,,,0,
https://openalex.org/w3148435399,https://doi.org/10.1007/s10067-021-05729-0,,,0,
https://openalex.org/w2800101003,https://doi.org/10.1093/rheumatology/key075.601,,,0,
https://openalex.org/w3090911779,https://doi.org/10.18553/jmcp.2020.26.10.1246,,,0,
https://openalex.org/w4283574729,https://doi.org/10.1136/annrheumdis-2022-eular.2993,,,0,
https://openalex.org/w3194198060,https://doi.org/10.1016/j.jaad.2021.06.156,,,0,
https://openalex.org/w3187497456,https://doi.org/10.1016/j.jaad.2021.06.191,,,0,
https://openalex.org/w3165027785,https://doi.org/10.1136/annrheumdis-2021-eular.1850,,,0,
https://openalex.org/w2910723959,https://doi.org/10.1136/annrheumdis-2018-eular.2658,,,0,
https://openalex.org/w3082199605,https://doi.org/10.1186/s12890-020-01274-9,,,0,
https://openalex.org/w3196094841,https://doi.org/10.1016/j.jaad.2021.06.439,,,0,
https://openalex.org/w4298110591,https://doi.org/10.3389/fimmu.2022.944387,,,0,
https://openalex.org/w3118289606,https://doi.org/10.1007/s12325-020-01611-8,,,0,
https://openalex.org/w4288143292,https://doi.org/10.1111/jgh.14801,,,0,
https://openalex.org/w2950087498,https://doi.org/10.1136/annrheumdis-2019-eular.7686,,,0,
https://openalex.org/w4229023261,https://doi.org/10.1016/j.eclinm.2022.101425,,,0,
https://openalex.org/w3109600321,https://doi.org/10.7196/samj.2020.v110i12.14695,,,0,
https://openalex.org/w3035951271,https://doi.org/10.36849/jdd.2020.4690,,,0,
https://openalex.org/w2979346866,https://doi.org/10.1007/s00296-019-04458-7,,,0,
https://openalex.org/w2977490151,https://doi.org/10.2340/00015555-3331,,,0,
https://openalex.org/w4281290093,https://doi.org/10.1002/14651858.cd011535.pub5,,,0,
https://openalex.org/w4283690623,https://doi.org/10.1136/annrheumdis-2022-eular.219,,,0,
https://openalex.org/w2949316043,https://doi.org/10.1136/annrheumdis-2019-eular.927,,,0,
https://openalex.org/w4221157979,https://doi.org/10.55563/clinexprheumatol/osg0fu,,,0,
https://openalex.org/w2779358683,https://doi.org/10.2340/00015555-2877,,,0,
https://openalex.org/w3048386018,https://doi.org/10.1007/s00296-020-04676-4,,,0,
https://openalex.org/w3020248031,https://doi.org/10.1093/rheumatology/keaa111.249,,,0,
https://openalex.org/w2954596453,https://doi.org/10.1007/s00259-018-4148-3,,,0,
https://openalex.org/w3217497352,https://doi.org/10.1007/s11136-021-03044-4,,,0,
https://openalex.org/w3165834852,https://doi.org/10.1136/annrheumdis-2021-eular.1895,,,0,
https://openalex.org/w2800515362,https://doi.org/10.1186/s13075-018-1565-4,,,0,
https://openalex.org/w2910762264,https://doi.org/10.1136/annrheumdis-2018-eular.3323,,,0,
https://openalex.org/w2989207214,https://doi.org/10.1002/cpdd.741,,,0,
https://openalex.org/w3093421176,https://doi.org/10.1136/annrheumdis-2020-eular.4616,,,0,
https://openalex.org/w2950272595,https://doi.org/10.1080/1744666x.2019.1630273,,,0,
https://openalex.org/w4300933363,https://doi.org/10.1136/annrheumdis-2022-eular.3588,,,0,
https://openalex.org/w4213264205,https://doi.org/10.9778/cmajo.20200319,,,0,
https://openalex.org/w2887129430,https://doi.org/10.1136/annrheumdis-2018-eular.2890,,,0,
https://openalex.org/w3164748879,https://doi.org/10.1136/annrheumdis-2021-eular.4002,,,0,
https://openalex.org/w2771835627,https://doi.org/10.1093/rheumatology/kex452,,,0,
https://openalex.org/w4283711666,https://doi.org/10.1136/annrheumdis-2022-eular.1366,,,0,
https://openalex.org/w3135655069,https://doi.org/10.1111/dth.14929,,,0,
https://openalex.org/w4282919907,https://doi.org/10.3389/fmed.2022.888377,,,0,
https://openalex.org/w3122051635,https://doi.org/10.1007/s00262-021-02851-5,,,0,
https://openalex.org/w3165478866,https://doi.org/10.1136/annrheumdis-2021-eular.3706,,,0,
https://openalex.org/w4210821345,https://doi.org/10.55563/clinexprheumatol/8839ak,,,0,
https://openalex.org/w3083863894,https://doi.org/10.55563/clinexprheumatol/o5nvgv,,,0,
https://openalex.org/w4289618439,https://doi.org/10.1002/art.40700,,,0,
https://openalex.org/w4220713192,https://doi.org/10.5152/eurjrheum.2022.21060,,,0,
https://openalex.org/w3189110998,https://doi.org/10.1136/annrheumdis-2019-eular.1113,,,0,
https://openalex.org/w3134772738,https://doi.org/10.1002/acr.24593,,,0,
https://openalex.org/w2943115870,https://doi.org/10.1111/bjd.18090,,043-044-546-001-182,0,
https://openalex.org/w4283713533,https://doi.org/10.1136/annrheumdis-2022-eular.2887,,,0,
https://openalex.org/w3165100449,https://doi.org/10.1038/s41598-021-90442-w,,,0,
https://openalex.org/w3150477919,https://doi.org/10.1016/j.intimp.2021.107612,,,0,
https://openalex.org/w4239027107,https://doi.org/10.1177/0036933018823612,,,0,
https://openalex.org/w3197304593,https://doi.org/10.1080/03009742.2021.1951065,,,0,
https://openalex.org/w2983022737,https://doi.org/10.14412/1995-4484-2019-523-527,,,0,
https://openalex.org/w2951667246,https://doi.org/10.1136/annrheumdis-2019-eular.4655,,,0,
https://openalex.org/w3015812903,https://doi.org/10.1007/s10067-020-05057-9,,,0,
https://openalex.org/w4206582816,https://doi.org/10.1097/rhu.0000000000001070,,,0,
https://openalex.org/w2924397960,https://doi.org/10.1007/s40744-019-0152-8,,,0,
https://openalex.org/w3007249431,https://doi.org/10.2147/ppa.s240179,,,0,
https://openalex.org/w4213447566,https://doi.org/10.1097/rhu.0000000000001799,,,0,
https://openalex.org/w2951215699,https://doi.org/10.1136/annrheumdis-2019-eular.4303,,,0,
https://openalex.org/w3174165155,https://doi.org/10.1080/03009742.2021.1921348,,,0,
https://openalex.org/w2940198229,https://doi.org/10.1016/j.jid.2019.03.702,,,0,
https://openalex.org/w3165661724,https://doi.org/10.1136/annrheumdis-2021-eular.1617,,,0,
https://openalex.org/w2772108788,https://doi.org/10.1111/dth.12565,,,0,
https://openalex.org/w4296638388,https://doi.org/10.55563/clinexprheumatol/0ltj1i,,,0,
https://openalex.org/w3032994949,https://doi.org/10.1136/annrheumdis-2020-eular.2198,,,0,
https://openalex.org/w3091121045,https://doi.org/10.1001/jamadermatol.2020.3257,,,1,
https://openalex.org/w3003812530,https://doi.org/10.1002/ijc.32891,,,0,
https://openalex.org/w3019936141,https://doi.org/10.1186/s13075-020-02187-y,,,0,
https://openalex.org/w3041582408,https://doi.org/10.1007/s12325-020-01425-8,,,0,
https://openalex.org/w3015183691,https://doi.org/10.1111/1346-8138.15293,,,0,
https://openalex.org/w3110129328,https://doi.org/10.55563/clinexprheumatol/ic89a8,,,0,
https://openalex.org/w3092785678,https://doi.org/10.1136/annrheumdis-2020-eular.1203,,,0,
https://openalex.org/w3034582727,https://doi.org/10.1136/annrheumdis-2020-eular.6013,,,0,
https://openalex.org/w3193965980,https://doi.org/10.1016/j.semarthrit.2021.08.006,,,0,
https://openalex.org/w2947919541,https://doi.org/10.1093/rheumatology/kez192,,,0,
https://openalex.org/w4283693118,https://doi.org/10.1136/annrheumdis-2022-eular.4730,,,0,
https://openalex.org/w2860325532,https://doi.org/10.1136/bcr-2018-225209,,,0,
https://openalex.org/w2778849612,https://doi.org/10.1159/000484520,,,0,
https://openalex.org/w2950343470,https://doi.org/10.1136/annrheumdis-2019-eular.7803,,,0,
https://openalex.org/w4283706208,https://doi.org/10.1136/annrheumdis-2022-eular.2189,,,0,
https://openalex.org/w3019344294,https://doi.org/10.1093/rheumatology/keaa111.044,,,0,
https://openalex.org/w2949849423,https://doi.org/10.1136/annrheumdis-2019-eular.5037,,,0,
https://openalex.org/w4242989344,https://doi.org/10.1016/s2665-9913(19)30051-7,,,0,
https://openalex.org/w4205946989,https://doi.org/10.1016/j.semarthrit.2022.151953,,,0,
https://openalex.org/w4225287830,https://doi.org/10.1097/mca.0000000000001149,,111-331-950-529-997,0,
https://openalex.org/w2892597257,https://doi.org/10.1007/s10067-018-4299-4,,,0,
https://openalex.org/w3169772792,https://doi.org/10.1007/s10067-021-05799-0,,,0,
https://openalex.org/w2983652869,https://doi.org/10.1186/s42358-019-0096-2,,,0,
https://openalex.org/w4224041902,https://doi.org/10.2174/1573397118666220412114514,,,0,
https://openalex.org/w3033364019,https://doi.org/10.1136/annrheumdis-2020-eular.1973,,,0,
https://openalex.org/w4229441533,https://doi.org/10.5152/eurjrheum.2022.21090,,,0,
https://openalex.org/w2770072955,https://doi.org/10.1136/annrheumdis-2017-212257,,,0,
https://openalex.org/w4221006575,https://doi.org/10.1093/rheumatology/keac129,,,0,
https://openalex.org/w4285984849,https://doi.org/10.1016/j.jid.2022.05.955,,,0,
https://openalex.org/w3132899906,https://doi.org/10.12659/ajcr.930041,,,0,
https://openalex.org/w4238788223,https://doi.org/10.1016/j.jaad.2019.06.806,,,0,
https://openalex.org/w3102199713,https://doi.org/10.3899/jrheum.191107,,,0,
https://openalex.org/w2792080715,https://doi.org/10.1136/ejhpharm-2018-eahpconf.432,,,0,
https://openalex.org/w3020540121,https://doi.org/10.1093/rheumatology/keaa111.226,,,0,
https://openalex.org/w2896040454,https://doi.org/10.1007/s10067-018-4324-7,,,0,
https://openalex.org/w2901221532,https://doi.org/10.1136/annrheumdis-2018-eular.6939,,,0,
https://openalex.org/w3014856077,https://doi.org/10.1080/17425247.2020.1747430,,,0,
https://openalex.org/w3183794719,https://doi.org/10.1186/s41927-021-00207-1,,,1,
https://openalex.org/w4200628582,https://doi.org/10.55563/clinexprheumatol/ua3uqe,,,0,
https://openalex.org/w3164136863,https://doi.org/10.1136/annrheumdis-2021-eular.4271,,,0,
https://openalex.org/w4281640457,https://doi.org/10.3389/fmed.2022.881943,,,0,
https://openalex.org/w4308967283,https://doi.org/10.1186/s42358-022-00273-0,,,0,
https://openalex.org/w3021166128,https://doi.org/10.1007/s40259-020-00421-2,,,0,
https://openalex.org/w4283706295,https://doi.org/10.1136/annrheumdis-2022-eular.1055,,,0,
https://openalex.org/w2950298545,https://doi.org/10.1136/annrheumdis-2019-eular.211,,,0,
https://openalex.org/w4283694335,https://doi.org/10.1136/annrheumdis-2022-eular.2337,,,0,
https://openalex.org/w3215364126,https://doi.org/10.14309/01.ajg.0000798904.09135.49,,,0,
https://openalex.org/w3035307225,https://doi.org/10.1136/annrheumdis-2020-eular.3195,,,0,
https://openalex.org/w3081486838,https://doi.org/10.3389/fmed.2020.00473,,,0,
https://openalex.org/w4283697633,https://doi.org/10.1136/annrheumdis-2022-eular.445,,,0,
https://openalex.org/w2813167996,https://doi.org/10.1111/jdv.15179,,,0,
https://openalex.org/w3005749525,https://doi.org/10.2147/clep.s239511,,,0,
https://openalex.org/w4283707006,https://doi.org/10.1136/annrheumdis-2022-eular.40,,,0,
https://openalex.org/w2899900536,https://doi.org/10.1007/s00296-019-04324-6,,,0,
https://openalex.org/w2912436760,https://doi.org/10.1093/cvr/cvz009,,,0,
https://openalex.org/w3164002621,https://doi.org/10.1136/annrheumdis-2021-eular.2932,,,0,
https://openalex.org/w3110663779,https://doi.org/10.1007/s12325-020-01585-7,,,0,
https://openalex.org/w2764022867,https://doi.org/10.1136/annrheumdis-2017-212196,,,0,
https://openalex.org/w2950380133,https://doi.org/10.1136/annrheumdis-2019-eular.7570,,,0,
https://openalex.org/w3203482658,https://doi.org/10.1111/bcp.15101,,,0,
https://openalex.org/w2909303952,https://doi.org/10.1136/annrheumdis-2018-eular.7556,,,0,
https://openalex.org/w4206213737,https://doi.org/10.1136/rmdopen-2021-001847,,,0,
https://openalex.org/w3021816622,https://doi.org/10.1093/rheumatology/keaa190,,,0,
https://openalex.org/w2949121684,https://doi.org/10.1136/annrheumdis-2019-eular.3841,,,0,
https://openalex.org/w4307230117,https://doi.org/10.1093/rheumatology/keac605,,,0,
https://openalex.org/w4241758085,https://doi.org/10.1136/annrheumdis-2018-eular.2923,,,0,
https://openalex.org/w2952909301,https://doi.org/10.1136/annrheumdis-2019-eular.1860,,,0,
https://openalex.org/w3014170160,https://doi.org/10.5217/ir.2019.09140,,,0,
https://openalex.org/w2944003670,https://doi.org/10.1002/acr.23924,,,0,
https://openalex.org/w2980703875,,,,0,
https://openalex.org/w4241199561,https://doi.org/10.1177/2475530317753800,,,0,
https://openalex.org/w2776051606,https://doi.org/10.1007/s00296-017-3919-7,,,0,
https://openalex.org/w2977515540,https://doi.org/10.1111/cei.13376,,,0,
https://openalex.org/w2801962232,https://doi.org/10.1016/s0016-5085(18)31535-x,,,0,
https://openalex.org/w3164929781,https://doi.org/10.1136/annrheumdis-2021-eular.3066,,,0,
https://openalex.org/w3154216469,https://doi.org/10.1007/s10067-021-05728-1,,,0,
https://openalex.org/w2925001034,https://doi.org/10.1016/j.dld.2019.03.007,,,0,
https://openalex.org/w2810179128,https://doi.org/10.1080/14712598.2018.1492545,,,0,
https://openalex.org/w2811213036,https://doi.org/10.18553/jmcp.2018.24.7.654,,,0,
https://openalex.org/w3165270464,https://doi.org/10.3389/fmed.2021.679009,,,0,
https://openalex.org/w2977918824,https://doi.org/10.1080/09546634.2019.1673877,,,0,
https://openalex.org/w4297877673,https://doi.org/10.5152/eurjrheum.2022.22028,,,0,
https://openalex.org/w2985568363,https://doi.org/10.1111/jdv.16073,,,0,
https://openalex.org/w4225423589,https://doi.org/10.1111/bcpt.13725,,,0,
https://openalex.org/w4200115039,https://doi.org/10.1136/annrheumdis-2021-220964,,,0,
https://openalex.org/w3200078671,https://doi.org/10.6061/clinics/2021/e3015,,,0,
https://openalex.org/w3157872273,https://doi.org/10.1177/23094990211012286,,,0,
https://openalex.org/w3035123945,https://doi.org/10.1136/annrheumdis-2020-eular.2579,,,0,
https://openalex.org/w2901493692,https://doi.org/10.1136/annrheumdis-2018-eular.2059,,,0,
https://openalex.org/w4280592270,https://doi.org/10.1111/imj.15756,,,0,
https://openalex.org/w3175937533,https://doi.org/10.1016/j.semarthrit.2021.06.006,,,0,
https://openalex.org/w2778238165,https://doi.org/10.1371/journal.pone.0194693,,,0,
https://openalex.org/w2980843199,https://doi.org/10.1080/14740338.2020.1681396,,,0,
https://openalex.org/w2964473423,https://doi.org/10.1155/2019/2975631,,,0,
https://openalex.org/w2899473470,https://doi.org/10.1016/j.det.2018.07.004,,,0,
https://openalex.org/w4283696212,https://doi.org/10.1136/annrheumdis-2022-eular.2445,,,0,
https://openalex.org/w4298621030,https://doi.org/10.3899/jrheum.220333,,,0,
https://openalex.org/w4214724971,https://doi.org/10.1016/j.semarthrit.2022.151988,,,0,
https://openalex.org/w2950254533,https://doi.org/10.1136/annrheumdis-2019-eular.7654,,,0,
https://openalex.org/w2738911169,https://doi.org/10.1111/1756-185x.13127,,,0,
https://openalex.org/w4200097038,https://doi.org/10.1002/acr.24837,,,0,
https://openalex.org/w3084324126,https://doi.org/10.55563/clinexprheumatol/zizo0l,,,0,
https://openalex.org/w2800904209,https://doi.org/10.1093/rheumatology/key075.579,,,0,
https://openalex.org/w2958302608,https://doi.org/10.1111/bcp.14062,,,0,
https://openalex.org/w3164261676,https://doi.org/10.1136/annrheumdis-2021-eular.2648,,,0,
https://openalex.org/w2808481350,https://doi.org/10.1136/annrheumdis-2018-eular.5840,,,0,
https://openalex.org/w4297256462,https://doi.org/10.3389/fcimb.2022.980868,,,0,
https://openalex.org/w4241503213,https://doi.org/10.1164/ajrccm-conference.2021.203.1_meetingabstracts.a2134,,,0,
https://openalex.org/w4283693330,https://doi.org/10.1136/annrheumdis-2022-eular.3871,,,0,
https://openalex.org/w2793800914,https://doi.org/10.1093/ecco-jcc/jjx180.610,,,0,
https://openalex.org/w2917127517,https://doi.org/10.1136/annrheumdis-2018-ewrr2019.150,,,0,
https://openalex.org/w3015495837,https://doi.org/10.1111/jdv.16468,,066-338-798-954-586,0,
https://openalex.org/w2807256599,https://doi.org/10.1136/ejhpharm-2018-eahpconf.249,,,0,
https://openalex.org/w3024965901,https://doi.org/10.1136/ejhpharm-2019-002133,,,0,
https://openalex.org/w3193854294,https://doi.org/10.1007/s40744-021-00347-3,,,0,
https://openalex.org/w2910715566,https://doi.org/10.1136/annrheumdis-2018-eular.6326,,,0,
https://openalex.org/w4252752840,https://doi.org/10.1111/1756-185x.13984,,,0,
https://openalex.org/w3033241462,https://doi.org/10.1002/art.41388,,,0,
https://openalex.org/w2807950999,https://doi.org/10.1136/annrheumdis-2018-eular.5512,,,0,
https://openalex.org/w4286222574,https://doi.org/10.3390/jpm12071174,,,0,
https://openalex.org/w2800010837,https://doi.org/10.1080/09546634.2018.1466978,,,0,
https://openalex.org/w4283692569,https://doi.org/10.1136/annrheumdis-2022-eular.1195,,,0,
https://openalex.org/w2915007096,https://doi.org/10.1016/j.jaad.2019.02.014,,,0,
https://openalex.org/w3164142195,https://doi.org/10.1136/annrheumdis-2021-eular.1563,,,0,
https://openalex.org/w2807073140,https://doi.org/10.1038/s41598-018-26097-x,,,0,
https://openalex.org/w3136868897,https://doi.org/10.1002/acr.24598,,,0,
https://openalex.org/w2981404029,,,,0,
https://openalex.org/w3111075450,https://doi.org/10.1016/j.jval.2020.08.1169,,,0,
https://openalex.org/w3049522888,https://doi.org/10.1080/14712598.2020.1812575,,,0,
https://openalex.org/w3045204432,https://doi.org/10.1111/apt.15971,,,0,
https://openalex.org/w2909853622,https://doi.org/10.1136/annrheumdis-2018-eular.1858,,,0,
https://openalex.org/w3043093053,https://doi.org/10.1136/annrheumdis-2020-eular.256,,,0,
https://openalex.org/w3033564808,https://doi.org/10.1136/annrheumdis-2020-eular.4652,,,0,
https://openalex.org/w3046175870,https://doi.org/10.1136/annrheumdis-2020-eular.3790,,,0,
https://openalex.org/w3093227857,https://doi.org/10.1080/09546634.2020.1836313,,,0,
https://openalex.org/w3043222544,https://doi.org/10.1136/annrheumdis-2020-eular.5354,,,0,
https://openalex.org/w3186865661,https://doi.org/10.1080/14740338.2021.1960981,,,0,
https://openalex.org/w3163956432,https://doi.org/10.1136/annrheumdis-2021-eular.3130,,,0,
https://openalex.org/w2951264043,https://doi.org/10.1136/annrheumdis-2019-eular.1572,,,0,
https://openalex.org/w3164438257,https://doi.org/10.1136/annrheumdis-2021-eular.3997,,,0,
https://openalex.org/w4237312548,https://doi.org/10.1016/j.jaad.2018.05.1000,,,0,
https://openalex.org/w2808295405,https://doi.org/10.1136/annrheumdis-2018-eular.6109,,,0,
https://openalex.org/w4288097655,https://doi.org/10.1002/art.41108,,,0,
https://openalex.org/w3132245798,https://doi.org/10.1007/s40744-021-00286-z,,,0,
https://openalex.org/w2911540048,https://doi.org/10.3899/jrheum.181218,,,0,
https://openalex.org/w4293773548,https://doi.org/10.3390/jcm11175098,,,0,
https://openalex.org/w2896452682,https://doi.org/10.1016/j.semarthrit.2018.10.012,,,0,
https://openalex.org/w3185901096,https://doi.org/10.1136/annrheumdis-2021-220865,,,0,
https://openalex.org/w4243429852,https://doi.org/10.1177/2475530321991272,,,0,
