openalex_id,doi,pmid,lens_id,label_included,label_abstract_included
https://openalex.org/w2107026996,https://doi.org/10.1007/s10763-008-9141-z,,,0,0
https://openalex.org/w1572685765,https://doi.org/10.17718/tojde.62850,,,0,0
https://openalex.org/w2029805679,https://doi.org/10.1111/j.1741-3729.2001.00348.x,,,0,0
https://openalex.org/w2743573052,https://doi.org/10.14483/22487085.10801,,,0,0
https://openalex.org/w2260741427,https://doi.org/10.1177/016146811611800107,,,0,0
https://openalex.org/w2769391756,https://doi.org/10.1111/jopy.12361,,075-222-657-636-762,1,1
https://openalex.org/w2990091174,https://doi.org/10.1080/1475939x.2019.1694061,,,0,0
https://openalex.org/w2115228124,https://doi.org/10.1080/03054985.2013.787922,,,0,0
https://openalex.org/w2147949268,,,,0,0
https://openalex.org/w2602561035,https://doi.org/10.1016/j.chb.2017.03.063,,,0,0
https://openalex.org/w3036843482,https://doi.org/10.1007/s10802-020-00663-2,,,0,0
https://openalex.org/w2026136038,https://doi.org/10.1207/s15566935eed1502_2,,,0,0
https://openalex.org/w2084926511,https://doi.org/10.1007/s00787-013-0507-6,,,0,0
https://openalex.org/w2994522958,https://doi.org/10.1016/j.lindif.2019.101776,,,0,0
https://openalex.org/w2793541740,https://doi.org/10.5897/err2018.3463,,,0,0
https://openalex.org/w3011150459,https://doi.org/10.1080/02673843.2020.1730200,,047-770-468-589-778,1,1
https://openalex.org/w2961046382,https://doi.org/10.1111/tct.13052,,,0,0
https://openalex.org/w2589530004,https://doi.org/10.1016/j.jsp.2017.04.008,,,0,0
https://openalex.org/w2217923892,https://doi.org/10.18848/2327-7920/cgp/v22i01/48361,,,0,0
https://openalex.org/w2750309125,https://doi.org/10.1080/15377903.2017.1292976,,,0,0
https://openalex.org/w2916090889,https://doi.org/10.1002/tea.21546,,,0,0
https://openalex.org/w2121007406,https://doi.org/10.13110/merrpalmquar1982.61.3.0383,,,0,0
https://openalex.org/w1988553595,https://doi.org/10.1080/03004430903388089,,,0,0
https://openalex.org/w2111315969,https://doi.org/10.1177/1086296x10397869,,,0,0
https://openalex.org/w2578014179,https://doi.org/10.1166/asl.2015.5826,,,0,0
https://openalex.org/w2953564350,https://doi.org/10.1080/03004430.2019.1630830,,,0,0
https://openalex.org/w2784133765,https://doi.org/10.46743/2160-3715/2018.3006,,,0,0
https://openalex.org/w2098330302,https://doi.org/10.1086/501486,,,0,0
https://openalex.org/w2601665395,https://doi.org/10.1177/0272431617699944,,,0,0
https://openalex.org/w2971563642,https://doi.org/10.21449/ijate.550393,,157-557-879-772-556,1,1
https://openalex.org/w2388983195,https://doi.org/10.1080/03626784.2016.1144468,,,0,0
https://openalex.org/w2917005380,https://doi.org/10.20429/cimle.2019.240103,,,0,0
https://openalex.org/w2796517575,https://doi.org/10.3389/fpsyg.2018.00456,,,0,1
https://openalex.org/w2931789290,https://doi.org/10.14221/ajte.2018v44n3.6,,,0,0
https://openalex.org/w2112843751,https://doi.org/10.1080/13603110110067217,,,0,0
https://openalex.org/w2109131744,https://doi.org/10.1016/j.jsp.2006.04.003,,,0,0
https://openalex.org/w2791760573,https://doi.org/10.22190/jtesap1801097g,,,0,0
https://openalex.org/w2511271499,https://doi.org/10.1016/j.tate.2016.07.021,,,0,0
https://openalex.org/w2041569153,https://doi.org/10.1002/(sici)1098-237x(200003)84:2<212::aid-sce5>3.0.co;2-p,,,0,0
https://openalex.org/w2089669427,https://doi.org/10.1080/15391523.2012.10782602,,,0,0
https://openalex.org/w3023125791,https://doi.org/10.1016/s0140-6736(06)69836-x,,,0,0
https://openalex.org/w2034006394,https://doi.org/10.1016/j.jsp.2011.07.004,,,0,0
https://openalex.org/w2093291038,https://doi.org/10.1080/17457823.2011.553077,,,0,0
https://openalex.org/w2945611424,https://doi.org/10.13110/merrpalmquar1982.65.2.0232,,,1,1
https://openalex.org/w2128195449,https://doi.org/10.5014/ajot.63.6.724,,,0,0
https://openalex.org/w2036376173,https://doi.org/10.1111/1467-9507.00251,,,0,0
https://openalex.org/w2036082284,https://doi.org/10.1007/s10649-015-9591-5,,,0,0
https://openalex.org/w131503409,,,,0,0
https://openalex.org/w2893249198,https://doi.org/10.1080/00223980.2018.1466774,,,0,0
https://openalex.org/w2992481464,https://doi.org/10.1007/s10212-019-00455-3,,,0,0
https://openalex.org/w2157272049,https://doi.org/10.1111/bjep.12082,,,0,0
https://openalex.org/w2556458256,https://doi.org/10.1080/10409289.2016.1250549,,,0,0
https://openalex.org/w2029709749,https://doi.org/10.1080/13603116.2011.555075,,,0,0
https://openalex.org/w2114041916,,,,0,0
https://openalex.org/w2087293379,https://doi.org/10.1037/1045-3830.23.3.373,,,0,0
https://openalex.org/w2060840245,https://doi.org/10.1002/icd.448,,,0,1
https://openalex.org/w2080054259,https://doi.org/10.1111/jora.12156,,,0,0
https://openalex.org/w2283837511,https://doi.org/10.1080/13540602.2015.1058590,,,0,0
https://openalex.org/w1508775836,https://doi.org/10.1111/j.1467-9507.2011.00630.x,,,0,0
https://openalex.org/w2147474055,,,,0,0
https://openalex.org/w1740169077,https://doi.org/10.1002/pits.21778,,117-181-706-305-243,1,1
https://openalex.org/w2011606503,https://doi.org/10.1186/1472-6920-14-29,,,0,0
https://openalex.org/w2018026790,https://doi.org/10.1348/000709909x454814,,,0,0
https://openalex.org/w2504634787,https://doi.org/10.1016/j.jsp.2016.05.002,,,0,0
https://openalex.org/w2559716452,https://doi.org/10.1080/10437797.2016.1237913,,,0,0
https://openalex.org/w2730583857,,,,0,0
https://openalex.org/w2477452233,https://doi.org/10.1080/13670050.2016.1189509,,,0,0
https://openalex.org/w1989888713,https://doi.org/10.1080/00313831.2014.904420,,036-742-628-559-117,1,1
https://openalex.org/w2297821907,https://doi.org/10.1016/j.pragma.2016.02.001,,,0,0
https://openalex.org/w2793379223,https://doi.org/10.1177/0731121418762129,,,0,0
https://openalex.org/w2065372409,https://doi.org/10.1016/j.adolescence.2005.05.005,,,0,0
https://openalex.org/w2157295588,https://doi.org/10.1007/s10802-015-0051-6,,,0,0
https://openalex.org/w2809207868,https://doi.org/10.1080/00313831.2018.1476406,,,0,0
https://openalex.org/w1999148583,https://doi.org/10.1006/jado.2002.0498,,,0,0
https://openalex.org/w2102910734,https://doi.org/10.1016/j.ijedudev.2007.01.001,,,0,0
https://openalex.org/w2269012378,https://doi.org/10.4102/jamba.v8i2.204,,,0,0
https://openalex.org/w2088044151,https://doi.org/10.1086/499701,,,0,0
https://openalex.org/w2614534810,https://doi.org/10.1007/s13394-017-0205-7,,,0,0
https://openalex.org/w2085946383,https://doi.org/10.1080/14647893.2014.891847,,,0,0
https://openalex.org/w1506319091,https://doi.org/10.1177/016146811211400507,,,0,0
https://openalex.org/w2589004009,,,,0,0
https://openalex.org/w3043299265,https://doi.org/10.1177/0272431620939193,,,0,0
https://openalex.org/w2253942318,https://doi.org/10.1016/j.ecresq.2016.01.016,,,0,0
https://openalex.org/w2800572673,https://doi.org/10.1177/2158244018771110,,,0,0
https://openalex.org/w2052660601,https://doi.org/10.1023/b:moem.0000032312.95499.6f,,,0,0
https://openalex.org/w2996004640,https://doi.org/10.1080/00405841.2019.1702394,,,0,0
https://openalex.org/w2088584591,https://doi.org/10.1007/s11121-008-0100-2,,,0,0
https://openalex.org/w2991658409,,,,0,0
https://openalex.org/w2094622954,https://doi.org/10.1111/j.1467-9604.2006.00430.x,,,0,0
https://openalex.org/w3012251971,https://doi.org/10.1016/j.ecresq.2020.02.002,,,0,0
https://openalex.org/w2044818917,https://doi.org/10.1177/1468798411410802,,,0,0
https://openalex.org/w2902867891,https://doi.org/10.1007/s11136-018-2079-x,,,1,1
https://openalex.org/w2604849683,https://doi.org/10.1007/s10802-017-0298-1,,,0,0
https://openalex.org/w1485511059,,,,0,0
https://openalex.org/w2000956952,https://doi.org/10.1037/a0024117,,,0,0
https://openalex.org/w2136321245,https://doi.org/10.1080/00131881.2010.504062,,,0,0
https://openalex.org/w1987013693,https://doi.org/10.1007/s10802-009-9305-5,,,1,1
https://openalex.org/w2144162516,https://doi.org/10.1177/1088357613487019,,,0,0
https://openalex.org/w2971809723,https://doi.org/10.1136/bmjopen-2019-030171,,,0,0
https://openalex.org/w1969219230,https://doi.org/10.1177/1362168813475950,,,0,0
https://openalex.org/w2079672318,https://doi.org/10.2224/sbp.2009.37.8.1095,,,0,0
https://openalex.org/w2884179008,https://doi.org/10.7821/naer.2018.7.324,,,0,0
https://openalex.org/w2970394368,https://doi.org/10.1002/sce.21548,,,0,0
https://openalex.org/w2991769939,https://doi.org/10.1177/1362168819891330,,,0,0
https://openalex.org/w1991270217,https://doi.org/10.1080/13573320701600647,,,0,0
https://openalex.org/w2018258237,https://doi.org/10.1016/s0885-2006(03)00009-7,,,0,0
https://openalex.org/w1985236989,https://doi.org/10.1007/s11205-010-9770-9,,,0,1
https://openalex.org/w2089763901,https://doi.org/10.1352/0047-6765(2006)44[344:iaaueo]2.0.co;2,,,0,0
https://openalex.org/w2750901077,https://doi.org/10.1016/j.learninstruc.2017.08.003,,,0,0
https://openalex.org/w2914383804,https://doi.org/10.1002/tea.21530,,,0,0
https://openalex.org/w184853699,,,,0,0
https://openalex.org/w3012957561,https://doi.org/10.1007/s10758-020-09438-6,,,0,0
https://openalex.org/w2558676080,https://doi.org/10.1177/1476718x16664557,,,0,0
https://openalex.org/w2912326947,https://doi.org/10.3991/ijet.v14i03.10102,,,0,0
https://openalex.org/w1980043201,https://doi.org/10.1177/0022429408323071,,,0,0
https://openalex.org/w2108041434,https://doi.org/10.3310/hta19450,,,0,0
https://openalex.org/w1514742127,https://doi.org/10.1080/2331186x.2015.1039255,,,0,0
https://openalex.org/w2914563640,https://doi.org/10.1007/s10755-019-9460-8,,,0,0
https://openalex.org/w2120207715,https://doi.org/10.1080/13540602.2012.696048,,,0,0
https://openalex.org/w1544172534,,,,1,1
https://openalex.org/w2791999198,https://doi.org/10.1177/016146811812000908,,,0,0
https://openalex.org/w2962750922,https://doi.org/10.24093/awej/call5.1,,,0,0
https://openalex.org/w2979446981,https://doi.org/10.1016/j.addbeh.2019.106154,,,0,0
https://openalex.org/w2887124176,https://doi.org/10.1371/journal.pone.0201442,,,0,0
https://openalex.org/w2053067462,https://doi.org/10.1080/13540602.2013.741838,,,0,0
https://openalex.org/w2131392201,https://doi.org/10.1111/1467-8624.00598,,,0,0
https://openalex.org/w2739123039,https://doi.org/10.1017/jgc.2017.11,,,0,0
https://openalex.org/w2163920627,https://doi.org/10.1080/14681366.2010.488042,,,0,0
https://openalex.org/w2025627565,https://doi.org/10.1044/0161-1461(2009/07-0099),,,0,0
https://openalex.org/w1983606046,https://doi.org/10.1016/j.jeap.2014.11.005,,,0,0
https://openalex.org/w2026834414,https://doi.org/10.9758/cpn.2011.9.1.29,,,0,0
https://openalex.org/w2068590663,https://doi.org/10.2307/3090260,,,0,0
https://openalex.org/w2789026796,https://doi.org/10.1086/428746,,,0,0
https://openalex.org/w2068754499,https://doi.org/10.1111/j.1467-9507.2009.00540.x,,110-265-665-869-619,1,1
https://openalex.org/w2807056958,https://doi.org/10.1007/s10984-018-9269-x,,,0,0
https://openalex.org/w2514133186,https://doi.org/10.1080/13664530.2016.1224775,,,0,0
https://openalex.org/w2969628464,https://doi.org/10.1016/j.compcom.2019.102524,,,0,0
https://openalex.org/w2943995881,https://doi.org/10.1080/13603124.2019.1603401,,,0,0
https://openalex.org/w1995052196,https://doi.org/10.1080/03004430.2013.772991,,,0,0
https://openalex.org/w3024850202,https://doi.org/10.3389/fpsyg.2020.00897,,,0,0
https://openalex.org/w2269168006,https://doi.org/10.3138/jspr.35.1.80,,041-133-791-399-544,1,1
https://openalex.org/w1996639207,https://doi.org/10.1080/09500690701564621,,,0,0
https://openalex.org/w2038661661,https://doi.org/10.1016/j.cedpsych.2015.01.003,,,0,0
https://openalex.org/w3017832826,https://doi.org/10.1371/journal.pone.0231736,,071-681-401-508-297,1,1
https://openalex.org/w2009413170,https://doi.org/10.1093/applin/amn032,,,0,0
https://openalex.org/w2099251378,https://doi.org/10.1093/cs/cdv012,,,0,0
https://openalex.org/w2435059538,https://doi.org/10.1016/j.ecresq.2014.03.002,,,0,0
https://openalex.org/w2991361251,https://doi.org/10.1016/j.ecresq.2019.08.005,,,0,0
https://openalex.org/w2964834464,https://doi.org/10.1371/journal.pone.0220227,,,0,0
https://openalex.org/w1999688933,https://doi.org/10.3402/rlt.v22.24691,,,0,0
https://openalex.org/w2555756261,https://doi.org/10.1007/s10802-017-0328-z,,,0,0
https://openalex.org/w2588446415,https://doi.org/10.1080/19415257.2017.1288651,,,0,0
https://openalex.org/w2794344746,https://doi.org/10.1177/0013161x18764333,,,0,0
https://openalex.org/w2924690584,https://doi.org/10.3102/0002831219838236,,,0,0
https://openalex.org/w2981264695,https://doi.org/10.1080/1364436x.2019.1672626,,,0,0
https://openalex.org/w2968988606,https://doi.org/10.1177/016146811912100509,,,0,0
https://openalex.org/w2294192468,https://doi.org/10.1080/10409289.2016.1102017,,,0,0
https://openalex.org/w771470149,https://doi.org/10.1007/s11218-015-9307-9,,,0,0
https://openalex.org/w2905434846,https://doi.org/10.1016/j.lindif.2018.12.003,,,0,0
https://openalex.org/w2164942466,https://doi.org/10.1080/01421590802203496,,,0,0
https://openalex.org/w2953994723,https://doi.org/10.1016/j.tate.2019.06.014,,,0,0
https://openalex.org/w2238817017,https://doi.org/10.1037/emo0000147,,044-998-434-336-352,1,1
https://openalex.org/w2558536181,https://doi.org/10.1007/s10212-016-0324-7,,,0,0
https://openalex.org/w1806268894,https://doi.org/10.1111/j.1750-8606.2011.00196.x,,,0,0
https://openalex.org/w3031054975,https://doi.org/10.1186/s12887-020-02175-w,,,0,0
https://openalex.org/w2972296846,https://doi.org/10.26803/ijlter.18.8.9,,,0,0
https://openalex.org/w2885855137,https://doi.org/10.1080/09243453.2018.1481871,,051-157-257-018-640,1,1
https://openalex.org/w1877805318,https://doi.org/10.1111/sode.12165,,,0,0
https://openalex.org/w2163193383,https://doi.org/10.1080/09500780008666793,,,0,0
https://openalex.org/w2026964382,https://doi.org/10.1016/j.childyouth.2011.02.004,,,0,0
https://openalex.org/w2056541754,https://doi.org/10.1007/s11218-006-0008-2,,,0,0
https://openalex.org/w2027117745,https://doi.org/10.3923/sscience.2010.55.59,,,0,0
https://openalex.org/w2134936791,https://doi.org/10.1111/ped.12730,,,0,0
https://openalex.org/w2004910143,https://doi.org/10.1007/s11218-008-9083-x,,,1,1
https://openalex.org/w2530898849,https://doi.org/10.1007/s10956-016-9657-x,,,0,0
https://openalex.org/w1983589086,https://doi.org/10.1007/s12310-012-9073-1,,,0,0
https://openalex.org/w2774155137,https://doi.org/10.1007/s13384-017-0250-y,,,0,0
https://openalex.org/w2971214542,https://doi.org/10.4018/ijopcd.2019100101,,,0,0
https://openalex.org/w2950534148,,,,0,0
https://openalex.org/w2986391344,https://doi.org/10.1002/pits.22318,,053-600-966-847-800,1,1
https://openalex.org/w2758130196,https://doi.org/10.1016/j.tate.2017.08.017,,,0,0
https://openalex.org/w2792049672,https://doi.org/10.1080/03004430.2018.1439941,,,0,0
https://openalex.org/w2637614015,https://doi.org/10.1007/s10734-017-0162-9,,,0,0
https://openalex.org/w2341498059,https://doi.org/10.1177/0829573516630303,,,0,0
https://openalex.org/w2790519525,https://doi.org/10.1007/s13158-018-0211-2,,,0,0
https://openalex.org/w2942195044,https://doi.org/10.1111/modl.12558,,,0,0
https://openalex.org/w2903274144,https://doi.org/10.1080/01587919.2018.1553562,,,0,0
https://openalex.org/w2159445270,https://doi.org/10.1093/deafed/ent030,,,0,0
https://openalex.org/w2014112846,https://doi.org/10.1177/1474904115571793,,,0,0
https://openalex.org/w2759599924,https://doi.org/10.1016/j.pubrev.2017.09.002,,,0,0
https://openalex.org/w2024227167,https://doi.org/10.3109/09687637.2012.761951,,,0,0
https://openalex.org/w2942766082,https://doi.org/10.1016/j.childyouth.2019.05.002,,,0,0
https://openalex.org/w1916938325,https://doi.org/10.1177/183693911003500404,,,0,0
https://openalex.org/w3023030945,https://doi.org/10.1371/journal.pone.0232347,,,0,0
https://openalex.org/w2194728495,https://doi.org/10.4102/curationis.v38i2.1523,,,0,0
https://openalex.org/w2767550639,https://doi.org/10.1016/j.tsc.2017.11.004,,,0,0
https://openalex.org/w2898022760,https://doi.org/10.18820/2519593x/pie.v36i1.1,,,0,0
https://openalex.org/w2935960252,https://doi.org/10.17239/jowr-2018.10.01.02,,,0,0
https://openalex.org/w1514331994,https://doi.org/10.7916/jmetc.v3i2.759,,,0,0
https://openalex.org/w2125105167,https://doi.org/10.1016/j.ijedudev.2007.02.008,,,0,0
https://openalex.org/w2088981541,https://doi.org/10.1080/09540250600980089,,,0,0
https://openalex.org/w2804504671,https://doi.org/10.1177/0735633118776209,,,0,0
https://openalex.org/w2057103252,https://doi.org/10.1080/15374416.2013.828298,,,0,0
https://openalex.org/w2744844002,https://doi.org/10.1037/pas0000516,,,0,0
https://openalex.org/w2922798289,https://doi.org/10.1177/0044118x19838188,,,0,0
https://openalex.org/w2044916508,https://doi.org/10.1097/00001163-200501000-00005,,,0,0
https://openalex.org/w2054102051,https://doi.org/10.1016/j.compedu.2012.03.006,,,0,0
https://openalex.org/w2270382162,https://doi.org/10.19173/irrodl.v17i1.2116,,,0,0
https://openalex.org/w340287286,https://doi.org/10.1080/02796015.2007.12087950,,,0,0
https://openalex.org/w2991084444,https://doi.org/10.26858/ijole.v3i2.10201,,,0,0
https://openalex.org/w3005789118,https://doi.org/10.21500/20112084.4480,,110-044-956-310-445,1,1
https://openalex.org/w2066835228,https://doi.org/10.1016/j.jsp.2010.02.002,,,1,1
https://openalex.org/w1996761354,https://doi.org/10.1080/1360080x.2014.884677,,,0,0
https://openalex.org/w2066219885,https://doi.org/10.1080/14753630500472034,,,0,0
https://openalex.org/w2165259261,https://doi.org/10.1080/03004430.2014.919496,,,0,0
https://openalex.org/w2799734157,https://doi.org/10.1080/10528008.2018.1452035,,,0,0
https://openalex.org/w2990594489,https://doi.org/10.1016/j.chiabu.2019.104246,,,0,0
https://openalex.org/w1246551823,https://doi.org/10.1080/15348431.2015.1025955,,,0,0
https://openalex.org/w2804288910,https://doi.org/10.18848/1447-9494/cgp/41-58,,,0,0
https://openalex.org/w2082766609,https://doi.org/10.1016/j.appdev.2011.06.001,,,0,1
https://openalex.org/w2972078582,https://doi.org/10.1080/23735082.2019.1661504,,,0,0
https://openalex.org/w2796261937,https://doi.org/10.1080/09593985.2018.1458168,,,0,0
https://openalex.org/w2771804385,https://doi.org/10.1080/10409289.2017.1408373,,,0,0
https://openalex.org/w2081121268,https://doi.org/10.1080/14623943.2013.836082,,,0,0
https://openalex.org/w3206871160,,,,0,0
https://openalex.org/w2110262037,https://doi.org/10.5539/elt.v6n11p1,,,0,0
https://openalex.org/w2041124067,https://doi.org/10.1080/15348431.2013.849601,,,0,0
https://openalex.org/w2905322616,https://doi.org/10.1016/j.ecresq.2018.10.011,,,0,0
https://openalex.org/w2074209440,https://doi.org/10.1016/j.psychsport.2014.03.003,,,0,0
https://openalex.org/w2098836963,https://doi.org/10.1177/0143034309104149,,,0,0
https://openalex.org/w2098244860,https://doi.org/10.4278/ajhp.120315-qual-140,,,0,0
https://openalex.org/w1928978584,,,,0,1
https://openalex.org/w3047424852,https://doi.org/10.1080/13670050.2020.1799319,,,0,0
https://openalex.org/w3036282541,,,,0,0
https://openalex.org/w2794489597,https://doi.org/10.2505/4/sc18_055_07_64,,,0,0
https://openalex.org/w1826661391,https://doi.org/10.1177/10634266030110030401,,094-131-786-922-074,1,1
https://openalex.org/w2613841247,https://doi.org/10.1016/j.jsp.2017.04.007,,,0,0
https://openalex.org/w2560258580,https://doi.org/10.1177/1521025116682036,,,0,0
https://openalex.org/w1971764210,https://doi.org/10.1080/13670050.2011.588307,,,0,0
https://openalex.org/w2769611560,https://doi.org/10.1007/s10802-017-0359-5,,,0,0
https://openalex.org/w2947302269,https://doi.org/10.24059/olj.v23i2.1448,,,0,0
https://openalex.org/w2918385043,https://doi.org/10.1177/0145482x18818614,,,0,0
https://openalex.org/w2123529469,https://doi.org/10.1037/edu0000016,,,0,0
https://openalex.org/w2790265639,https://doi.org/10.1080/19415257.2018.1427130,,,0,0
https://openalex.org/w2118794628,https://doi.org/10.1111/j.1471-3802.2006.00073.x,,,0,0
https://openalex.org/w1550384513,https://doi.org/10.1007/s13384-015-0178-z,,,0,0
https://openalex.org/w2769459069,https://doi.org/10.1080/18117295.2017.1390935,,,0,0
https://openalex.org/w2887966685,https://doi.org/10.1007/s10763-018-9921-z,,,1,1
https://openalex.org/w2055272185,https://doi.org/10.1353/hsj.2002.0010,,,0,0
https://openalex.org/w2421316098,https://doi.org/10.1177/016146811411601319,,,0,0
https://openalex.org/w2053172816,https://doi.org/10.1080/10409289.2014.844058,,032-635-936-879-690,1,1
https://openalex.org/w2315007347,https://doi.org/10.1177/1073191114534886,,021-666-756-208-307,1,1
https://openalex.org/w2810725963,https://doi.org/10.1136/bmjgh-2017-000533,,,0,0
https://openalex.org/w2138507275,https://doi.org/10.1177/0741932510361249,,,0,0
https://openalex.org/w2076853723,https://doi.org/10.1177/0907568207086411,,,0,0
https://openalex.org/w1964807186,https://doi.org/10.1080/10409289.2012.675548,,,0,0
https://openalex.org/w2141725868,https://doi.org/10.1016/j.adolescence.2008.04.005,,,0,0
https://openalex.org/w2124596392,https://doi.org/10.1037/a0038911,,015-201-644-162-482,1,1
https://openalex.org/w2021995863,https://doi.org/10.1093/elt/cct068,,,0,0
https://openalex.org/w2907614570,https://doi.org/10.12738/estp.2018.6.282,,,0,0
https://openalex.org/w3025893661,https://doi.org/10.1016/j.physbeh.2020.112904,,,0,0
https://openalex.org/w2290495724,https://doi.org/10.1007/s13158-016-0157-1,,,0,0
https://openalex.org/w1816171632,https://doi.org/10.1111/j.1471-3802.2011.01196.x,,,0,0
https://openalex.org/w2325839765,https://doi.org/10.1097/iyc.0000000000000016,,,0,0
https://openalex.org/w1997727975,https://doi.org/10.1016/j.tate.2014.03.003,,,0,0
https://openalex.org/w2972485796,https://doi.org/10.1080/03004279.2019.1664406,,,0,0
https://openalex.org/w2965107175,https://doi.org/10.1080/01425692.2019.1642737,,,0,0
https://openalex.org/w2989320735,https://doi.org/10.1080/19415257.2019.1685564,,,0,0
https://openalex.org/w2511554524,https://doi.org/10.1111/bjet.12501,,,0,0
https://openalex.org/w2061965163,https://doi.org/10.1007/s10964-011-9637-7,,,0,0
https://openalex.org/w2951281777,https://doi.org/10.1080/19463014.2018.1555768,,,0,0
https://openalex.org/w2047172070,https://doi.org/10.1177/0255761407074892,,,0,0
https://openalex.org/w1988371815,https://doi.org/10.1080/08878730509555363,,,0,0
https://openalex.org/w2894428871,https://doi.org/10.1558/wap.29647,,,0,0
https://openalex.org/w3015451054,https://doi.org/10.1080/23311886.2020.1748478,,,0,0
https://openalex.org/w1979473560,https://doi.org/10.1080/02667363.2013.820173,,,0,0
https://openalex.org/w2016537580,https://doi.org/10.1080/03055690303264,,,0,0
https://openalex.org/w2023467346,https://doi.org/10.1007/s10964-007-9258-3,,,1,1
https://openalex.org/w2398636153,https://doi.org/10.1080/00131857.2016.1144169,,,0,0
https://openalex.org/w2580826225,https://doi.org/10.1075/prag.26.4.05for,,,0,0
https://openalex.org/w2890531263,https://doi.org/10.3389/fpsyg.2018.01556,,,0,0
https://openalex.org/w2136371613,https://doi.org/10.2466/21.10.pr0.114k19w7,,,0,0
https://openalex.org/w1999309375,https://doi.org/10.1016/j.nepr.2014.07.004,,,0,0
https://openalex.org/w2042466768,https://doi.org/10.1037//0022-0663.93.1.223,,,0,0
https://openalex.org/w2971265879,https://doi.org/10.1103/physrevphyseducres.15.020119,,,0,0
https://openalex.org/w2004779109,https://doi.org/10.1080/10409289.2011.626387,,,0,0
https://openalex.org/w1970887583,https://doi.org/10.1207/s15327671espr0803_2,,,0,1
https://openalex.org/w1797263154,https://doi.org/10.1177/183693911103600303,,,0,0
https://openalex.org/w2770703312,https://doi.org/10.1002/jcop.21934,,,0,0
https://openalex.org/w2146589042,https://doi.org/10.2224/sbp.2010.38.1.127,,,0,0
https://openalex.org/w2003923277,https://doi.org/10.1002/j.2048-7940.2002.tb02007.x,,,0,0
https://openalex.org/w2118247751,https://doi.org/10.1177/1932202x13494204,,,0,0
https://openalex.org/w2768883744,https://doi.org/10.1080/09751122.2015.11917659,,,0,0
https://openalex.org/w2227815445,https://doi.org/10.1111/cdev.12477,,027-519-737-020-198,1,1
https://openalex.org/w1976499208,https://doi.org/10.5539/ies.v5n3p49,,,0,0
https://openalex.org/w2890865094,https://doi.org/10.1016/j.appdev.2018.08.004,,,1,1
https://openalex.org/w2024912996,https://doi.org/10.1080/13573322.2014.997694,,,0,0
https://openalex.org/w2092254104,https://doi.org/10.1080/02255189.2005.9669044,,,0,0
https://openalex.org/w1657550699,https://doi.org/10.1080/02796015.2009.12087852,,,0,0
https://openalex.org/w2756445218,https://doi.org/10.1080/10400419.2017.1360057,,,0,0
https://openalex.org/w2793785008,https://doi.org/10.1177/0271121418763543,,,0,0
https://openalex.org/w2946569742,https://doi.org/10.1558/jalpp.36883,,,0,0
https://openalex.org/w2181814747,,,,0,0
https://openalex.org/w308010502,https://doi.org/10.1177/016146811211400302,,,0,0
https://openalex.org/w2038151333,https://doi.org/10.1007/s10857-009-9136-x,,,0,0
https://openalex.org/w2894831093,https://doi.org/10.1037/spq0000275,,,0,0
https://openalex.org/w2968563112,https://doi.org/10.2147/prom.s214188,,,0,0
https://openalex.org/w2005356448,https://doi.org/10.1177/0265659010369306,,,0,0
https://openalex.org/w2128939744,https://doi.org/10.1080/10349120903537905,,,0,0
https://openalex.org/w1481633476,,,,0,0
https://openalex.org/w2796569543,https://doi.org/10.1186/s13063-018-2617-4,,,0,0
https://openalex.org/w2788018098,https://doi.org/10.3389/fpsyg.2017.02374,,,0,0
https://openalex.org/w2811127754,https://doi.org/10.1016/j.jad.2018.07.004,,,1,1
https://openalex.org/w2287219449,https://doi.org/10.1016/j.ijchp.2016.01.003,,,0,0
https://openalex.org/w2005702554,https://doi.org/10.1002/jcop.20413,,,0,0
https://openalex.org/w1890127311,https://doi.org/10.1080/14330237.2012.10820546,,,0,0
https://openalex.org/w2152697357,https://doi.org/10.1111/j.1467-873x.2005.00324.x,,,0,0
https://openalex.org/w2900631844,https://doi.org/10.1080/1358684x.2018.1540295,,,0,0
https://openalex.org/w2016275063,https://doi.org/10.1007/s10833-007-9021-2,,,0,0
https://openalex.org/w2926811291,https://doi.org/10.1177/1090198119839106,,,0,0
https://openalex.org/w2336626272,https://doi.org/10.1080/00958964.2015.1113155,,,0,0
https://openalex.org/w2889414676,https://doi.org/10.1111/cdev.13134,,,0,0
https://openalex.org/w2060124862,https://doi.org/10.1080/03004279.2014.952756,,,0,0
https://openalex.org/w2135867941,https://doi.org/10.1007/bf03036789,,,0,0
https://openalex.org/w2006954199,https://doi.org/10.3200/tchs.78.5.239-246,,,0,0
https://openalex.org/w2795692187,,,,0,0
https://openalex.org/w2305198837,https://doi.org/10.1080/13664530.2016.1143869,,,0,0
https://openalex.org/w2913575195,https://doi.org/10.20360/langandlit29355,,,0,0
https://openalex.org/w2098400449,https://doi.org/10.1177/000494410705100205,,,0,0
https://openalex.org/w2799825926,https://doi.org/10.1016/j.jsp.2018.03.006,,,0,0
https://openalex.org/w2605769550,https://doi.org/10.1080/1359866x.2017.1312282,,,0,0
https://openalex.org/w2086657403,https://doi.org/10.1002/pits.20142,,,0,1
https://openalex.org/w132366677,https://doi.org/10.28945/1867,,,0,0
https://openalex.org/w2052005541,https://doi.org/10.1108/17473610810901633,,,0,0
https://openalex.org/w2117380888,https://doi.org/10.1017/jie.2015.9,,,0,0
https://openalex.org/w2964878534,https://doi.org/10.1352/1934-9556-57.4.307,,,0,0
https://openalex.org/w1971107768,https://doi.org/10.1037/a0028968,,,0,0
https://openalex.org/w1535242249,https://doi.org/10.1080/02796015.2012.12087498,,,0,0
https://openalex.org/w2167101756,https://doi.org/10.1177/0017896912470822,,,0,0
https://openalex.org/w1993736649,https://doi.org/10.17509/ijal.v1i2.82,,,0,0
https://openalex.org/w2526830573,https://doi.org/10.1080/19313152.2016.1239458,,,0,0
https://openalex.org/w2986732355,https://doi.org/10.17718/tojde.640552,,,0,0
https://openalex.org/w2074993754,https://doi.org/10.1080/15244110903079045,,,0,0
https://openalex.org/w2054005315,https://doi.org/10.1007/s10649-008-9141-5,,,0,0
https://openalex.org/w2103536977,https://doi.org/10.1080/01443410120101215,,,0,0
https://openalex.org/w1968147017,https://doi.org/10.1186/1478-4491-8-17,,,0,0
https://openalex.org/w2941621046,https://doi.org/10.3389/fpsyg.2019.00918,,,0,0
https://openalex.org/w2986387932,https://doi.org/10.1002/jclp.22888,,,0,0
https://openalex.org/w2483040832,,,,0,1
https://openalex.org/w2038929277,https://doi.org/10.1080/10409289.2012.630824,,,0,0
https://openalex.org/w1967365083,https://doi.org/10.1016/s0883-0355(03)00010-7,,,0,0
https://openalex.org/w2906940775,https://doi.org/10.1002/pits.22218,,,0,0
https://openalex.org/w2027805366,https://doi.org/10.1080/07908310802582511,,,0,0
https://openalex.org/w2769142367,https://doi.org/10.1016/j.braindev.2017.11.004,,,0,0
https://openalex.org/w1969176488,https://doi.org/10.1177/0143034311421270,,,0,0
https://openalex.org/w2754738480,https://doi.org/10.1080/03075079.2017.1378632,,,0,0
https://openalex.org/w2889515650,https://doi.org/10.3390/educsci8030131,,,0,0
https://openalex.org/w2555404715,https://doi.org/10.1080/09720073.2014.11891592,,,0,0
https://openalex.org/w2782387644,https://doi.org/10.1007/s12187-017-9521-4,,,0,0
https://openalex.org/w2105174446,https://doi.org/10.1080/15235882.2014.893462,,,0,0
https://openalex.org/w2169496500,https://doi.org/10.1080/13540601003754905,,,0,0
https://openalex.org/w2962071198,https://doi.org/10.1080/10899995.2019.1624679,,,0,0
https://openalex.org/w3004859303,,,,0,0
https://openalex.org/w2110190362,https://doi.org/10.1111/1469-5812.00035,,,0,0
https://openalex.org/w2049389224,https://doi.org/10.1108/he-06-2013-0023,,,0,0
https://openalex.org/w2111704395,https://doi.org/10.1177/1356336x07081799,,,0,0
https://openalex.org/w2030918050,https://doi.org/10.1080/10409289.2013.745183,,,0,0
https://openalex.org/w2964564561,https://doi.org/10.1016/j.ijer.2019.07.006,,,0,0
https://openalex.org/w2014747809,https://doi.org/10.1353/etc.0.0092,,,0,0
https://openalex.org/w2911511840,https://doi.org/10.1007/s40299-019-00435-7,,,0,0
https://openalex.org/w2498940574,https://doi.org/10.1177/1362168816663754,,,0,0
https://openalex.org/w2486209159,https://doi.org/10.1111/lit.12088,,,0,0
https://openalex.org/w2890799527,https://doi.org/10.22550/rep76-3-2018-03,,,0,0
https://openalex.org/w2904505287,https://doi.org/10.24093/awej/vol9no4.20,,,0,0
https://openalex.org/w1983215706,https://doi.org/10.1080/00131880600732306,,,0,0
https://openalex.org/w2046312787,https://doi.org/10.1080/13540602.2015.1023028,,,0,0
https://openalex.org/w2039823140,https://doi.org/10.1016/j.jfludis.2011.12.001,,,0,0
https://openalex.org/w3000452600,https://doi.org/10.1080/09500693.2020.1713418,,,0,0
https://openalex.org/w2327280771,https://doi.org/10.1080/18146627.2012.742659,,,0,0
https://openalex.org/w2837445551,https://doi.org/10.1089/jayao.2018.0058,,,0,0
https://openalex.org/w2766444556,https://doi.org/10.1080/10409289.2017.1387960,,,0,0
https://openalex.org/w2991235096,https://doi.org/10.1016/j.childyouth.2019.104592,,,0,0
https://openalex.org/w2107501139,https://doi.org/10.1123/apaq.25.2.132,,,0,0
https://openalex.org/w2073254111,https://doi.org/10.1080/02671522.2013.850528,,,0,0
https://openalex.org/w2044022760,https://doi.org/10.1080/03057240120033794,,,0,0
https://openalex.org/w1222373351,https://doi.org/10.1016/j.lindif.2015.08.035,,,0,0
https://openalex.org/w2129352141,https://doi.org/10.1177/001698620605000207,,,0,0
https://openalex.org/w2168666073,https://doi.org/10.1080/02601371003700659,,,0,0
https://openalex.org/w1722083604,https://doi.org/10.1016/j.lcsi.2015.09.001,,,0,0
https://openalex.org/w2593595018,https://doi.org/10.1002/pdi.2088,,,0,0
https://openalex.org/w2946540246,https://doi.org/10.1080/15532739.2019.1614130,,,0,0
https://openalex.org/w2584342347,https://doi.org/10.1007/s00146-017-0693-8,,,0,0
https://openalex.org/w344148295,,,,0,0
https://openalex.org/w2119621643,https://doi.org/10.1080/00131881.2013.767027,,,0,0
https://openalex.org/w3024166372,https://doi.org/10.1080/2372966x.2020.1717373,,,0,0
https://openalex.org/w2004458865,https://doi.org/10.1002/berj.3181,,,0,0
https://openalex.org/w2514672948,https://doi.org/10.1080/10409289.2016.1206458,,,0,0
https://openalex.org/w1621997214,https://doi.org/10.1037/a0039478,,054-131-086-951-746,1,1
https://openalex.org/w2013774801,https://doi.org/10.1080/09650791003741061,,,0,0
https://openalex.org/w2121478155,https://doi.org/10.1037/spq0000072,,,0,0
https://openalex.org/w2029833186,https://doi.org/10.1080/1034912x.2012.697743,,,0,0
https://openalex.org/w2690982713,https://doi.org/10.1177/1744629517715788,,,0,0
https://openalex.org/w114666182,https://doi.org/10.3390/info11010055,,,0,0
https://openalex.org/w2527753813,,,,0,0
https://openalex.org/w2412733574,,,,0,0
https://openalex.org/w1984206220,https://doi.org/10.1080/01416200.2013.820169,,,0,0
https://openalex.org/w2529343982,https://doi.org/10.1016/j.chiabu.2016.09.010,,,0,0
https://openalex.org/w2327775083,https://doi.org/10.12795/elia.2015.i15.04,,,0,0
https://openalex.org/w2810288948,https://doi.org/10.1080/14643154.2018.1489950,,,0,0
https://openalex.org/w2491931402,https://doi.org/10.18848/2327-0144/cgp/v22i01/49152,,,0,0
https://openalex.org/w3118654321,,,,0,0
https://openalex.org/w2159235477,https://doi.org/10.1177/1053451207312919,,,0,0
https://openalex.org/w1997894533,https://doi.org/10.1093/elt/cct016,,,0,0
https://openalex.org/w4301030280,https://doi.org/10.17615/7z6s-wa25,,,0,0
https://openalex.org/w2057996150,https://doi.org/10.1080/01443410903494452,,046-184-921-398-614,1,1
https://openalex.org/w2144084576,https://doi.org/10.1016/j.ecresq.2007.08.002,,,0,0
https://openalex.org/w2914078045,https://doi.org/10.1016/j.ijer.2019.01.008,,,0,0
https://openalex.org/w2975614065,https://doi.org/10.1016/j.cedpsych.2019.101805,,,0,0
https://openalex.org/w2037608433,https://doi.org/10.1080/10409280902895097,,149-050-793-456-111,1,1
https://openalex.org/w3028352801,https://doi.org/10.1080/09620214.2020.1764379,,,0,0
https://openalex.org/w2612610900,,,,0,0
https://openalex.org/w2128195057,https://doi.org/10.2307/2673273,,,0,0
https://openalex.org/w2161212816,https://doi.org/10.1080/03050060120067776,,,0,0
https://openalex.org/w2219252547,https://doi.org/10.1177/0044118x15602415,,,0,0
https://openalex.org/w1993017677,https://doi.org/10.1515/cllt-2012-0005,,,0,0
https://openalex.org/w3922301,https://doi.org/10.3138/jspr.34.1.6,,,0,0
https://openalex.org/w2029614630,https://doi.org/10.1044/1092-4388(2004/050),,,0,0
https://openalex.org/w2770010000,https://doi.org/10.1080/09720073.2016.11892007,,,0,0
https://openalex.org/w2014849483,https://doi.org/10.1521/aeap.16.4.315.40399,,,0,0
https://openalex.org/w4231612359,https://doi.org/10.1007/s13384-018-0261-3,,,0,0
https://openalex.org/w2103547069,https://doi.org/10.1093/eurpub/ckq140,,048-016-416-245-350,1,1
https://openalex.org/w2589677192,https://doi.org/10.1080/09362835.2017.1283624,,,0,0
https://openalex.org/w2059995783,https://doi.org/10.1007/s10802-010-9393-2,,,0,0
https://openalex.org/w2062978080,https://doi.org/10.1086/499711,,,0,0
https://openalex.org/w2004222991,https://doi.org/10.2307/1318945,,,0,0
https://openalex.org/w2805749364,https://doi.org/10.1002/berj.3444,,,0,0
https://openalex.org/w2883552804,https://doi.org/10.1016/s2352-3018(18)30111-5,,,0,0
https://openalex.org/w3031697574,https://doi.org/10.1186/s12052-020-00125-9,,,0,0
https://openalex.org/w2097718591,https://doi.org/10.1080/10573560308215,,,0,0
https://openalex.org/w2944961460,https://doi.org/10.21315/kajh2019.26.1.1,,,0,0
https://openalex.org/w2146707120,https://doi.org/10.1037/a0029654,,,0,0
https://openalex.org/w2977531002,https://doi.org/10.1080/08897077.2019.1635954,,,0,0
https://openalex.org/w2470224923,,,,0,0
https://openalex.org/w2531123291,https://doi.org/10.1016/j.childyouth.2016.10.009,,,0,0
https://openalex.org/w2790920556,https://doi.org/10.1080/19477503.2017.1414979,,,0,0
https://openalex.org/w2911020762,https://doi.org/10.1016/j.childyouth.2019.01.010,,,1,1
https://openalex.org/w2157300825,https://doi.org/10.1123/jtpe.29.4.358,,,0,0
https://openalex.org/w2988651023,https://doi.org/10.1108/jme-02-2019-0014,,,0,0
https://openalex.org/w2111244592,https://doi.org/10.1177/1069072713493988,,,0,0
https://openalex.org/w2969545536,https://doi.org/10.1007/s10566-019-09519-3,,,0,0
https://openalex.org/w2063438860,https://doi.org/10.1080/02673843.2004.9747935,,,0,0
https://openalex.org/w3042144900,https://doi.org/10.1002/pits.22418,,011-251-424-521-287,1,1
https://openalex.org/w218797874,,,,0,0
https://openalex.org/w2948030724,https://doi.org/10.18666/tpe-2019-v76-i3-8757,,,0,0
https://openalex.org/w2995906066,https://doi.org/10.1007/s00787-019-01462-x,,,0,0
https://openalex.org/w2974555668,https://doi.org/10.1080/00131911.2019.1662771,,,0,0
https://openalex.org/w30647925,https://doi.org/10.54322/kairaranga.v11i1.145,,,0,0
https://openalex.org/w1912032472,https://doi.org/10.1080/02796015.2003.12086184,,,0,0
https://openalex.org/w2005251638,https://doi.org/10.1080/13664530.2010.533487,,,0,0
https://openalex.org/w1992354375,https://doi.org/10.1080/09243453.2010.532010,,152-196-627-086-135,1,1
https://openalex.org/w2000694301,https://doi.org/10.1016/j.jsp.2004.05.002,,,0,0
https://openalex.org/w2896940984,https://doi.org/10.1371/journal.pone.0204718,,,0,0
https://openalex.org/w2974199596,https://doi.org/10.9743/jeo.2019.16.2.14,,,0,0
https://openalex.org/w2974675165,https://doi.org/10.1177/016146811912100701,,,0,0
https://openalex.org/w2466430783,,,,0,0
https://openalex.org/w2608226581,https://doi.org/10.1108/rsr-10-2016-0061,,,0,0
https://openalex.org/w2807395054,https://doi.org/10.1080/03004430.2018.1479404,,,0,0
https://openalex.org/w2465715142,https://doi.org/10.1007/s12187-016-9401-3,,,0,0
https://openalex.org/w2024067060,https://doi.org/10.1080/02568543.2012.657748,,,0,0
https://openalex.org/w1995384688,https://doi.org/10.1002/(sici)1097-4679(200006)56:6<711::aid-jclp2>3.0.co;2-b,,,0,0
https://openalex.org/w2942441425,https://doi.org/10.1001/jamanetworkopen.2019.3193,,,0,0
https://openalex.org/w2995702880,https://doi.org/10.1039/c9rp00245f,,,0,0
https://openalex.org/w2146154836,https://doi.org/10.1023/a:1014892408105,,,0,0
https://openalex.org/w2624711266,https://doi.org/10.58680/rte201527601,,,0,0
https://openalex.org/w1991633590,https://doi.org/10.1177/0044118x14566118,,,0,0
https://openalex.org/w2037878469,https://doi.org/10.1007/s12646-013-0215-9,,,0,0
https://openalex.org/w2894194065,https://doi.org/10.1109/te.2018.2867447,,,0,0
https://openalex.org/w3087139392,,,,0,0
https://openalex.org/w2102064245,https://doi.org/10.1542/peds.2005-2050,,001-445-283-653-501,1,1
https://openalex.org/w2156814337,https://doi.org/10.1080/15017410409512653,,,0,0
https://openalex.org/w2517946687,https://doi.org/10.1080/09500693.2016.1217363,,,0,0
https://openalex.org/w2766103405,https://doi.org/10.1016/j.ecresq.2017.10.009,,,0,0
https://openalex.org/w2583706284,https://doi.org/10.1080/15348431.2016.1257428,,,0,0
https://openalex.org/w2071018970,https://doi.org/10.1076/call.15.2.109.8197,,,0,0
https://openalex.org/w1982501385,https://doi.org/10.1590/s1413-65382011000300003,,,0,0
https://openalex.org/w2588534742,,,,0,0
https://openalex.org/w2945864505,https://doi.org/10.5539/elt.v12n6p180,,,0,0
https://openalex.org/w2724852766,,,,0,0
https://openalex.org/w2045607923,https://doi.org/10.1080/03057925.2013.792671,,,0,0
https://openalex.org/w2974613257,,,,0,0
https://openalex.org/w2029013086,https://doi.org/10.1037/a0036213,,,0,0
https://openalex.org/w2102716992,https://doi.org/10.1016/j.ijedudev.2014.01.001,,,0,0
https://openalex.org/w2099652083,https://doi.org/10.3138/cmlr.59.1.15,,,0,0
https://openalex.org/w2007375312,https://doi.org/10.1006/jecp.1999.2552,,,0,1
https://openalex.org/w2087222358,https://doi.org/10.1044/1092-4388(2004/012),,,0,0
https://openalex.org/w2290492370,https://doi.org/10.1007/s10943-016-0207-x,,,0,0
https://openalex.org/w2753875410,https://doi.org/10.22492/ije.5.2.10,,,0,0
https://openalex.org/w2913488604,https://doi.org/10.1080/17482631.2019.1565239,,,0,0
https://openalex.org/w2030205435,https://doi.org/10.1080/15388220903130098,,,0,0
https://openalex.org/w2077213436,https://doi.org/10.1007/bf03173024,,,0,0
https://openalex.org/w2289336839,https://doi.org/10.1080/15427609.2016.1141279,,,0,0
https://openalex.org/w2128452436,https://doi.org/10.1080/01411920600635429,,,0,0
https://openalex.org/w2147481092,https://doi.org/10.1111/1467-9620.00176,,,0,0
https://openalex.org/w2213387018,https://doi.org/10.1080/03004430.2015.1054818,,,0,0
https://openalex.org/w2463180338,https://doi.org/10.1016/j.chb.2016.06.020,,,0,0
https://openalex.org/w2623426796,https://doi.org/10.1177/1744987117741668,,,0,0
https://openalex.org/w2342755961,https://doi.org/10.14689/ejer.2016.63.8,,,0,0
https://openalex.org/w1999330459,https://doi.org/10.1080/13596748.2014.872931,,,0,0
https://openalex.org/w2017967191,https://doi.org/10.1007/s10984-013-9151-9,,,0,0
https://openalex.org/w2536813033,https://doi.org/10.25656/01:12529,,,0,0
https://openalex.org/w2771877817,https://doi.org/10.1080/19463014.2017.1407947,,,0,0
https://openalex.org/w2063799587,https://doi.org/10.1080/15374416.2012.656555,,,0,0
https://openalex.org/w2910209836,https://doi.org/10.5539/elt.v12n2p88,,,0,0
https://openalex.org/w2591766241,https://doi.org/10.1080/0969594x.2017.1297292,,,0,0
https://openalex.org/w2118403668,https://doi.org/10.1002/berj.3131,,,0,0
https://openalex.org/w2124824555,https://doi.org/10.33524/cjar.v16i2.213,,,0,0
https://openalex.org/w2077696852,https://doi.org/10.1097/dbp.0b013e318208f576,,001-557-802-880-340,1,1
https://openalex.org/w2096813444,https://doi.org/10.1111/j.1600-0579.2008.00512.x,,,0,0
https://openalex.org/w2891796914,https://doi.org/10.1080/00131911.2018.1513909,,,0,0
https://openalex.org/w2005117493,https://doi.org/10.1016/s0022-4405(01)00074-7,,,1,1
https://openalex.org/w2015801736,https://doi.org/10.1007/s10984-013-9125-y,,,0,0
https://openalex.org/w2012369174,https://doi.org/10.1016/j.chb.2014.10.031,,,0,0
https://openalex.org/w2085138554,https://doi.org/10.1016/j.lindif.2013.11.005,,,0,0
https://openalex.org/w2895852751,https://doi.org/10.1177/0973408218785320,,,0,0
https://openalex.org/w2913923384,https://doi.org/10.3233/dev-180249,,,0,0
https://openalex.org/w2084592138,https://doi.org/10.1177/001698620404800302,,,0,0
https://openalex.org/w2032415230,https://doi.org/10.1177/0033688211424664,,,0,0
https://openalex.org/w2760577500,https://doi.org/10.3390/ijerph14101116,,007-217-241-936-363,1,1
https://openalex.org/w1991394887,https://doi.org/10.1016/j.cedpsych.2010.03.002,,,1,1
https://openalex.org/w2023923503,https://doi.org/10.2753/res1060-939342017,,,0,0
https://openalex.org/w2954632510,https://doi.org/10.3390/ijerph16132384,,,0,0
https://openalex.org/w3028194090,https://doi.org/10.1080/09243453.2020.1764593,,,0,0
https://openalex.org/w2012531303,https://doi.org/10.1177/0192636511403262,,,0,0
https://openalex.org/w2949733977,,,,0,0
https://openalex.org/w1973317964,https://doi.org/10.1007/s10578-013-0368-8,,,0,0
https://openalex.org/w1972752923,https://doi.org/10.1016/j.ijer.2013.01.005,,,0,0
https://openalex.org/w3426730,https://doi.org/10.1177/016146810811001110,,,0,0
https://openalex.org/w2464582886,https://doi.org/10.1177/0044118x16653534,,,0,0
https://openalex.org/w2913991500,https://doi.org/10.26822/iejee.2019349245,,,0,0
https://openalex.org/w2115951081,https://doi.org/10.1177/0734282912449439,,,0,0
https://openalex.org/w2528809416,https://doi.org/10.1007/s13158-016-0171-3,,,0,0
https://openalex.org/w2905973569,https://doi.org/10.1002/rrq.240,,,0,0
https://openalex.org/w2155911989,https://doi.org/10.1080/15427580701696498,,,0,0
https://openalex.org/w2314919541,https://doi.org/10.1080/00220973.2015.1094648,,057-882-606-340-479,1,1
https://openalex.org/w2922507556,https://doi.org/10.17763/1943-5045-89.1.55,,,0,0
https://openalex.org/w2136875989,https://doi.org/10.1080/10749030903210070,,,0,0
https://openalex.org/w3015365877,https://doi.org/10.1080/10228195.2020.1717587,,,0,0
https://openalex.org/w2207988051,https://doi.org/10.1080/08856257.2015.1087138,,,0,0
https://openalex.org/w2557987609,https://doi.org/10.1007/s10578-016-0700-1,,,0,0
https://openalex.org/w2936019835,https://doi.org/10.1007/s40299-019-00444-6,,,0,0
https://openalex.org/w2136772500,,,,0,0
https://openalex.org/w2045975934,https://doi.org/10.1080/13636820.2010.529499,,,0,0
https://openalex.org/w2276784875,https://doi.org/10.1007/s10758-016-9277-9,,,0,0
https://openalex.org/w2591886319,https://doi.org/10.1007/s40299-017-0331-8,,,0,0
https://openalex.org/w1217228852,https://doi.org/10.2307/30034887,,,0,0
https://openalex.org/w2344040936,,,,0,0
https://openalex.org/w2596479433,https://doi.org/10.1016/j.jsp.2017.02.004,,039-444-970-926-342,1,1
https://openalex.org/w2339181718,https://doi.org/10.53841/bpsecp.2010.27.1.104,,,0,1
https://openalex.org/w2041497164,https://doi.org/10.1016/j.jadohealth.2013.10.012,,,0,0
https://openalex.org/w1973269388,https://doi.org/10.1037/0022-0663.100.1.67,,,0,0
https://openalex.org/w2999707829,https://doi.org/10.1080/09500693.2020.1713419,,,0,0
https://openalex.org/w2105936736,https://doi.org/10.1007/s10763-012-9355-y,,,1,1
https://openalex.org/w2949676549,https://doi.org/10.1007/s42321-019-00028-z,,,0,0
https://openalex.org/w3009813407,https://doi.org/10.1037/ort0000445,,,0,0
https://openalex.org/w2789649231,https://doi.org/10.23736/s0022-4707.16.06611-1,,,0,0
https://openalex.org/w2602221519,https://doi.org/10.1177/016146811411600604,,,0,0
https://openalex.org/w2115749770,,,,0,0
https://openalex.org/w2004950594,https://doi.org/10.1080/09500790208667005,,,0,0
https://openalex.org/w2070233483,https://doi.org/10.1002/pits.10008,,,0,0
https://openalex.org/w1972100819,https://doi.org/10.1080/1047621022000007585,,,0,0
https://openalex.org/w2012807775,https://doi.org/10.5901/mjss.2013.v4n13p435,,,0,0
https://openalex.org/w1514462233,https://doi.org/10.7575/aiac.ijalel.v.3n.4p.204,,,0,0
https://openalex.org/w2038808759,https://doi.org/10.1353/hsj.2008.0004,,028-908-237-357-427,1,1
https://openalex.org/w4385391668,https://doi.org/10.30827/portalin.vi31.13827,,,0,0
https://openalex.org/w2007128279,https://doi.org/10.1177/0022487103255008,,,0,0
https://openalex.org/w2289689737,https://doi.org/10.1007/s12310-016-9190-3,,,0,0
https://openalex.org/w3000841818,https://doi.org/10.1016/j.cedpsych.2020.101841,,,0,0
https://openalex.org/w2417382660,https://doi.org/10.21101/cejph.a4174,,112-989-615-799-487,1,1
https://openalex.org/w2888996222,https://doi.org/10.1016/j.chb.2018.08.051,,,0,0
https://openalex.org/w2803428000,https://doi.org/10.1002/pits.22140,,,0,0
https://openalex.org/w2887666979,https://doi.org/10.1080/10494820.2018.1506811,,,0,0
https://openalex.org/w2592531351,https://doi.org/10.1016/j.lindif.2017.02.004,,,0,0
https://openalex.org/w1972493110,https://doi.org/10.1080/03004430.2013.793182,,,0,0
https://openalex.org/w3041717481,https://doi.org/10.1002/pits.22419,,,0,0
https://openalex.org/w2587608284,https://doi.org/10.1080/13670050.2017.1286292,,,0,0
https://openalex.org/w2801064644,https://doi.org/10.5951/teacchilmath.24.7.0432,,,0,0
https://openalex.org/w2896471907,https://doi.org/10.17509/ijal.v8i2.13278,,,0,0
https://openalex.org/w2995651046,https://doi.org/10.14742/ajet.5115,,,0,0
https://openalex.org/w2982999989,https://doi.org/10.1007/s12187-019-09685-9,,,1,1
https://openalex.org/w1524104857,https://doi.org/10.1023/a:1023237731683,,,0,0
https://openalex.org/w2133391572,https://doi.org/10.1080/0968763031000071333,,,0,0
https://openalex.org/w2345451369,https://doi.org/10.1080/1533256x.2016.1143371,,,0,0
https://openalex.org/w2101072012,https://doi.org/10.12973/eurasia.2012.825a,,,0,0
https://openalex.org/w2233306924,https://doi.org/10.1177/0016986215599205,,,0,0
https://openalex.org/w2136765234,,,,0,0
https://openalex.org/w2138052839,https://doi.org/10.1177/1063426609351172,,,0,0
https://openalex.org/w2730720953,https://doi.org/10.1080/00131881.2017.1347051,,,0,0
https://openalex.org/w2117962880,https://doi.org/10.7334/psicothema2012.312,,,0,0
https://openalex.org/w2521347278,https://doi.org/10.1017/s0261444816000161,,,0,0
https://openalex.org/w3005993792,https://doi.org/10.1080/21532974.2019.1693940,,,0,0
https://openalex.org/w1577462605,https://doi.org/10.1080/02796015.2012.12087517,,,0,0
https://openalex.org/w2325314749,,,,0,0
https://openalex.org/w2949753640,https://doi.org/10.1080/08856257.2019.1628338,,,0,0
https://openalex.org/w2062588372,https://doi.org/10.1093/swr/27.1.19,,,0,0
https://openalex.org/w1975247493,https://doi.org/10.1080/03004430.2011.569544,,,0,0
https://openalex.org/w2515901540,https://doi.org/10.1177/0033688216661258,,,0,0
https://openalex.org/w3047308625,https://doi.org/10.1111/1467-8578.12327,,,0,0
https://openalex.org/w2864171267,https://doi.org/10.1080/10494820.2018.1495651,,,0,0
https://openalex.org/w2072454799,https://doi.org/10.1080/19463014.2015.1036900,,,0,0
https://openalex.org/w2953478296,https://doi.org/10.1080/01434632.2019.1636054,,,0,0
https://openalex.org/w2903453925,https://doi.org/10.1007/s11218-018-9474-6,,,0,0
https://openalex.org/w2144745254,https://doi.org/10.1177/1362168814541725,,,0,0
https://openalex.org/w2969454109,https://doi.org/10.1080/02619768.2019.1652901,,,0,0
https://openalex.org/w2143931691,https://doi.org/10.1598/rrq.37.4.3,,,0,0
https://openalex.org/w2805321050,https://doi.org/10.1080/13573322.2018.1484724,,,0,0
https://openalex.org/w2328888335,https://doi.org/10.3923/jas.2013.1066.1072,,,0,0
https://openalex.org/w2160421213,https://doi.org/10.1525/sp.2011.58.1.126,,,0,0
https://openalex.org/w2978023237,https://doi.org/10.1080/08841233.2019.1651811,,,0,0
https://openalex.org/w3011737453,https://doi.org/10.1016/j.learninstruc.2020.101329,,,0,0
https://openalex.org/w3007023072,https://doi.org/10.5539/elt.v13n3p92,,,0,0
https://openalex.org/w2899508719,https://doi.org/10.1177/0143034318809762,,079-890-607-799-722,1,1
https://openalex.org/w2777041413,https://doi.org/10.1037/edu0000240,,,0,0
https://openalex.org/w1985547126,https://doi.org/10.1016/j.jsp.2013.03.001,,,0,0
https://openalex.org/w2537893449,https://doi.org/10.1080/02671522.2016.1271004,,,0,0
https://openalex.org/w2100735072,https://doi.org/10.1080/0743461031000112043,,,0,0
https://openalex.org/w1979324088,https://doi.org/10.1002/icd.725,,,0,0
https://openalex.org/w1982416258,https://doi.org/10.1016/j.linged.2014.08.006,,,0,0
https://openalex.org/w2783751874,https://doi.org/10.1111/josh.12585,,125-760-708-336-453,1,1
https://openalex.org/w4254721165,https://doi.org/10.53761/1.17.1.2,,,0,0
https://openalex.org/w2155811324,https://doi.org/10.1080/01411926.2011.627420,,,0,0
https://openalex.org/w1919666602,https://doi.org/10.1111/sode.12120,,,0,0
https://openalex.org/w125395394,https://doi.org/10.1177/183693911203700210,,,0,0
https://openalex.org/w2069474981,https://doi.org/10.1176/appi.ap.33.3.241,,,0,0
https://openalex.org/w1992809085,https://doi.org/10.1016/j.tate.2013.06.001,,,0,0
https://openalex.org/w2128266087,https://doi.org/10.1016/j.chiabu.2015.10.013,,,0,0
https://openalex.org/w1539919636,,,,0,0
https://openalex.org/w2090221809,https://doi.org/10.1080/1350293x.2013.810484,,,0,0
https://openalex.org/w3022119788,https://doi.org/10.1111/sode.12456,,,0,0
https://openalex.org/w2947944291,https://doi.org/10.1136/bmjoq-2019-000669,,,0,0
https://openalex.org/w1981237321,https://doi.org/10.1080/02671522.2014.908406,,,0,0
https://openalex.org/w1540741367,https://doi.org/10.1023/a:1005236113655,,,0,0
https://openalex.org/w3017278038,https://doi.org/10.1080/14681366.2020.1750050,,,0,0
https://openalex.org/w2147697184,https://doi.org/10.1177/001698620204600207,,,0,0
https://openalex.org/w1973962015,https://doi.org/10.1002/pits.20398,,,0,1
https://openalex.org/w3037838305,,,,0,0
https://openalex.org/w3002592393,https://doi.org/10.1002/pits.22341,,,0,0
https://openalex.org/w2896268790,https://doi.org/10.1080/10824669.2018.1477601,,,0,0
https://openalex.org/w2835117706,,,,0,0
https://openalex.org/w2016687684,https://doi.org/10.1002/pits.10153,,,0,0
https://openalex.org/w1983863054,https://doi.org/10.1037/0012-1649.44.1.139,,,0,0
https://openalex.org/w2901641192,https://doi.org/10.5539/elt.v11n12p86,,,0,0
https://openalex.org/w3002389846,https://doi.org/10.1111/ssm.12383,,,0,0
https://openalex.org/w4392642779,https://doi.org/10.58680/rte20021764,,,0,0
https://openalex.org/w2066159121,https://doi.org/10.1207/s15566935eed1404_5,,,0,0
https://openalex.org/w2811503903,https://doi.org/10.1177/1053451218782430,,,0,0
https://openalex.org/w2801449267,https://doi.org/10.16986/huje.2018038799,,,0,0
https://openalex.org/w1546605597,https://doi.org/10.1177/0145482x1110500803,,,0,0
https://openalex.org/w2956388432,https://doi.org/10.1080/14675986.2019.1616263,,,0,0
https://openalex.org/w2085319266,https://doi.org/10.1016/j.appdev.2009.05.005,,,0,0
https://openalex.org/w2755446317,https://doi.org/10.1016/j.ecresq.2017.08.002,,,0,0
https://openalex.org/w2884074109,https://doi.org/10.37514/jbw-j.2017.36.2.02,,,0,0
https://openalex.org/w2510515216,https://doi.org/10.1080/00098655.2016.1215720,,,0,0
https://openalex.org/w2891969951,https://doi.org/10.7575/aiac.alls.v.9n.4p.31,,,0,0
https://openalex.org/w3038460481,https://doi.org/10.1007/s10798-020-09610-0,,,0,0
https://openalex.org/w2209428016,https://doi.org/10.1080/09500782.2015.1070860,,,0,0
https://openalex.org/w2487237288,https://doi.org/10.18848/1447-9494/cgp/v16i02/46112,,,0,0
https://openalex.org/w2957078741,https://doi.org/10.1086/704392,,,0,0
https://openalex.org/w2047475204,https://doi.org/10.3402/edui.v4i3.22625,,,0,0
https://openalex.org/w1748404602,https://doi.org/10.5951/jresematheduc.46.4.0423,,,0,0
https://openalex.org/w2899067215,https://doi.org/10.1080/07908318.2018.1540633,,,0,0
https://openalex.org/w2149177725,https://doi.org/10.1007/s11213-009-9160-x,,,0,0
https://openalex.org/w963205770,https://doi.org/10.1007/s10802-015-0056-1,,,0,0
https://openalex.org/w2768644024,https://doi.org/10.3366/ircl.2017.0237,,,0,0
https://openalex.org/w2969665511,https://doi.org/10.1177/2381336919870287,,,0,0
https://openalex.org/w2981074520,https://doi.org/10.12804/revistas.urosario.edu.co/apl/a.7878,,,0,0
https://openalex.org/w2942117803,https://doi.org/10.1007/s10802-019-00544-3,,,0,0
https://openalex.org/w2418178521,https://doi.org/10.1080/13596748.2016.1196978,,,0,0
https://openalex.org/w1933911085,,,,0,0
https://openalex.org/w2911249466,https://doi.org/10.1007/s10826-018-01325-0,,,0,0
https://openalex.org/w2052857904,https://doi.org/10.3200/ctch.54.1.202-207,,,0,0
https://openalex.org/w2914347014,https://doi.org/10.1515/cjal-2018-0038,,,0,0
https://openalex.org/w2000646062,https://doi.org/10.1080/13676261.2014.992317,,,0,0
https://openalex.org/w2972410174,https://doi.org/10.1007/s40670-019-00816-z,,,0,0
https://openalex.org/w2886980244,https://doi.org/10.1016/j.chiabu.2018.06.007,,,0,0
https://openalex.org/w2109950797,https://doi.org/10.1177/1063426614532949,,,0,0
https://openalex.org/w3014789167,https://doi.org/10.11591/ijere.v9i1.20522,,,0,0
https://openalex.org/w2013729317,https://doi.org/10.1007/s10212-012-0154-1,,,0,0
https://openalex.org/w2154589110,https://doi.org/10.1080/03004430.2015.1027699,,,0,0
https://openalex.org/w2036673772,https://doi.org/10.1007/s10212-013-0202-5,,,1,1
https://openalex.org/w2777533281,https://doi.org/10.1177/0255761417712318,,,0,0
https://openalex.org/w2133284837,https://doi.org/10.1080/03057920802315916,,,0,0
https://openalex.org/w2132345101,https://doi.org/10.1136/bmjopen-2015-008610,,,0,0
https://openalex.org/w1691044845,https://doi.org/10.1055/s-0035-1557164,,,0,0
https://openalex.org/w2079562995,https://doi.org/10.1111/cdev.12342,,,0,0
https://openalex.org/w3012588435,https://doi.org/10.1111/ijal.12288,,,0,0
https://openalex.org/w2964845113,https://doi.org/10.1186/s12909-019-1728-2,,,0,0
https://openalex.org/w2336731834,https://doi.org/10.1177/1356336x15626639,,,0,0
https://openalex.org/w2048054364,https://doi.org/10.1007/s11199-011-0073-7,,,0,0
https://openalex.org/w2143619782,https://doi.org/10.1080/15348431.2014.887468,,,0,0
https://openalex.org/w3015438456,https://doi.org/10.1080/0969594x.2020.1748871,,,0,0
https://openalex.org/w2604217623,https://doi.org/10.1037/dhe0000059,,,0,0
https://openalex.org/w2941420107,https://doi.org/10.9743/jir.2018.10,,,0,0
https://openalex.org/w2109412028,https://doi.org/10.1177/0033688214568109,,,0,0
https://openalex.org/w2088247642,https://doi.org/10.1521/aeap.2006.18.2.97,,,0,0
https://openalex.org/w2809600075,https://doi.org/10.1016/j.childyouth.2018.06.025,,,0,0
https://openalex.org/w2904563860,https://doi.org/10.1177/0734282918819579,,064-504-181-883-720,1,1
https://openalex.org/w1162104908,,,,0,0
https://openalex.org/w2919911401,https://doi.org/10.1177/0743558419830638,,,0,0
https://openalex.org/w3188392637,,,,0,0
https://openalex.org/w2163526577,https://doi.org/10.2989/17280583.2011.639775,,,0,0
https://openalex.org/w2045598021,https://doi.org/10.1080/01416200.2011.628194,,,0,0
https://openalex.org/w2946950572,https://doi.org/10.1177/1098300719851794,,,0,0
https://openalex.org/w1971726740,https://doi.org/10.1016/j.jsp.2007.06.009,,,0,0
https://openalex.org/w2040418527,https://doi.org/10.1002/j.2168-9830.2009.tb01017.x,,,0,0
https://openalex.org/w2509186953,https://doi.org/10.1016/j.appdev.2016.08.001,,,1,1
https://openalex.org/w2742898649,https://doi.org/10.17239/l1esll-2011.01.02,,,0,0
https://openalex.org/w2112601421,https://doi.org/10.1146/annurev.psych.60.110707.163642,,,0,0
https://openalex.org/w2019162340,https://doi.org/10.1080/13586840701443016,,,0,0
https://openalex.org/w2060726600,https://doi.org/10.1521/scpq.16.4.427.19894,,,0,0
https://openalex.org/w2283130213,https://doi.org/10.1177/0014402915585564,,,0,0
https://openalex.org/w2155617399,https://doi.org/10.7202/1020976ar,,,0,0
https://openalex.org/w1964659143,https://doi.org/10.1016/j.stueduc.2006.01.005,,,0,0
https://openalex.org/w1986208869,https://doi.org/10.1016/j.appdev.2011.04.006,,,0,0
https://openalex.org/w2081278417,https://doi.org/10.1111/1467-9507.00119,,,0,0
https://openalex.org/w1927890552,https://doi.org/10.1080/10288457.2005.10740577,,,0,0
https://openalex.org/w1983066416,https://doi.org/10.1007/s12671-014-0312-4,,,0,0
https://openalex.org/w4415906955,https://doi.org/10.15390/es.2014.1262,,,0,0
https://openalex.org/w2065869926,https://doi.org/10.5559/di.23.2.04,,,0,0
https://openalex.org/w2896046253,https://doi.org/10.1007/s11858-018-1005-6,,,0,0
https://openalex.org/w2814443142,https://doi.org/10.1007/s12671-018-0968-2,,,0,0
https://openalex.org/w2997342648,https://doi.org/10.1007/s10964-019-01184-y,,,0,0
https://openalex.org/w2530161420,https://doi.org/10.1080/03004430.2016.1238361,,,0,0
https://openalex.org/w2101786791,https://doi.org/10.1086/605768,,,0,0
https://openalex.org/w2774914592,https://doi.org/10.1017/jgc.2017.18,,,0,0
https://openalex.org/w2766733936,https://doi.org/10.1002/pits.22075,,,0,0
https://openalex.org/w2888911196,https://doi.org/10.1016/j.appdev.2018.08.003,,,0,0
https://openalex.org/w2972921754,https://doi.org/10.5334/jime.528,,,0,0
https://openalex.org/w2794305842,https://doi.org/10.1080/03055698.2018.1446336,,,0,0
https://openalex.org/w2004846176,https://doi.org/10.1080/10494820.2011.649766,,,0,0
https://openalex.org/w200290521,,,,0,0
https://openalex.org/w2022354686,https://doi.org/10.1007/s10802-014-9935-0,,040-567-644-094-064,1,1
https://openalex.org/w1482062512,,,,0,0
https://openalex.org/w2946573363,https://doi.org/10.1177/0272431619847523,,,0,0
https://openalex.org/w2132007232,https://doi.org/10.1016/j.learninstruc.2013.04.002,,,0,0
https://openalex.org/w1926677344,https://doi.org/10.1155/2015/290349,,079-844-554-559-815,1,1
https://openalex.org/w1906090810,https://doi.org/10.1002/ab.21446,,039-918-244-397-927,1,1
https://openalex.org/w2898844383,https://doi.org/10.1080/1359866x.2018.1539215,,,0,0
https://openalex.org/w2803616398,https://doi.org/10.1080/0305764x.2018.1472744,,,0,0
https://openalex.org/w2961509890,https://doi.org/10.4102/sajce.v9i1.616,,,0,0
https://openalex.org/w2972141142,https://doi.org/10.1186/s12889-019-7545-z,,,0,0
https://openalex.org/w2140079923,https://doi.org/10.1080/02796015.2005.12086280,,,0,0
https://openalex.org/w2052701773,https://doi.org/10.1177/1363275202007001002,,,0,0
https://openalex.org/w2149221912,https://doi.org/10.1016/j.tate.2009.02.023,,,0,0
https://openalex.org/w2807659353,https://doi.org/10.1186/s12909-018-1217-z,,,0,0
https://openalex.org/w1978478724,https://doi.org/10.1080/13636820100200153,,,0,0
https://openalex.org/w1968168314,https://doi.org/10.1016/j.system.2013.12.021,,,0,0
https://openalex.org/w2082057170,https://doi.org/10.1097/dbp.0b013e31827a3779,,,0,1
https://openalex.org/w2785952596,https://doi.org/10.1007/s10578-018-0790-z,,,0,0
https://openalex.org/w1979546433,https://doi.org/10.1007/s10803-010-1076-x,,,0,0
https://openalex.org/w3039791460,https://doi.org/10.3390/ijerph17134742,,,0,0
https://openalex.org/w2439449057,https://doi.org/10.1080/08874417.2016.1163996,,,0,0
https://openalex.org/w3011939715,https://doi.org/10.1080/10401334.2020.1730184,,,0,0
https://openalex.org/w2604030543,https://doi.org/10.12738/estp.2017.2.0034,,,0,0
https://openalex.org/w2751819791,https://doi.org/10.1016/j.ijer.2017.07.009,,,0,0
https://openalex.org/w2886440674,https://doi.org/10.1080/14664208.2018.1503388,,,0,0
https://openalex.org/w2581133431,https://doi.org/10.1016/j.eurpsy.2016.11.003,,,0,0
https://openalex.org/w2911404451,https://doi.org/10.1371/journal.pone.0209756,,,0,0
https://openalex.org/w2139755569,https://doi.org/10.1177/016146811211400803,,,0,0
https://openalex.org/w1988048078,https://doi.org/10.1016/j.earlhumdev.2014.09.011,,,0,0
https://openalex.org/w2894962861,https://doi.org/10.1080/10665684.2018.1496047,,,0,0
https://openalex.org/w2993132641,https://doi.org/10.1080/13670050.2019.1699898,,,0,0
https://openalex.org/w2980032977,https://doi.org/10.1044/2019_lshss-18-0090,,,0,0
https://openalex.org/w1583040712,https://doi.org/10.1002/dmrr.2368,,,0,0
https://openalex.org/w2168209089,https://doi.org/10.1177/0165025415592514,,,0,0
https://openalex.org/w2091620722,https://doi.org/10.1016/j.pec.2013.12.008,,,0,0
https://openalex.org/w2914528736,https://doi.org/10.12973/ijem.5.1.111,,,0,0
https://openalex.org/w2590685594,https://doi.org/10.1080/09243453.2017.1294609,,096-856-804-163-421,1,1
https://openalex.org/w2786797030,https://doi.org/10.1177/0198742917714809,,,0,0
https://openalex.org/w2003865426,https://doi.org/10.17509/ijal.v3i1.661,,,0,0
https://openalex.org/w2045759221,https://doi.org/10.1007/s11205-012-0025-9,,,0,0
https://openalex.org/w2911714820,https://doi.org/10.32674/jis.v9i1.270,,,0,0
https://openalex.org/w2129072969,https://doi.org/10.1002/pits.20570,,,0,0
https://openalex.org/w2020997415,https://doi.org/10.2224/sbp.2008.36.8.1141,,,0,1
https://openalex.org/w2068510987,https://doi.org/10.1111/j.1944-9720.2012.01178.x,,,0,0
https://openalex.org/w2950824727,https://doi.org/10.1080/02602938.2019.1630363,,,0,0
https://openalex.org/w2275343990,https://doi.org/10.1016/j.jcrimjus.2016.02.010,,,0,0
https://openalex.org/w2014356327,https://doi.org/10.1080/0309877x.2012.726967,,,0,0
https://openalex.org/w2531276896,https://doi.org/10.12738/estp.2016.6.0103,,,0,0
https://openalex.org/w2921579411,https://doi.org/10.1177/1555458919833107,,,0,0
https://openalex.org/w2511533599,https://doi.org/10.14746/ssllt.2016.6.1.8,,,0,0
https://openalex.org/w2974047616,,,,0,0
https://openalex.org/w2728289615,https://doi.org/10.1111/1467-8578.12174,,,0,0
https://openalex.org/w2095567252,https://doi.org/10.1007/s10857-009-9120-5,,,0,0
https://openalex.org/w2953729249,https://doi.org/10.1177/016146811912100405,,,0,0
https://openalex.org/w2626542515,https://doi.org/10.1016/j.socnet.2017.05.008,,,0,0
https://openalex.org/w2760230653,https://doi.org/10.1080/1091367x.2017.1374278,,,0,0
https://openalex.org/w2754787278,https://doi.org/10.1016/j.lindif.2017.09.007,,,0,0
https://openalex.org/w2100095009,https://doi.org/10.1016/j.sleep.2014.06.001,,,0,0
https://openalex.org/w2169557720,https://doi.org/10.6018/analesps.30.2.161521,,,0,0
https://openalex.org/w2969279650,https://doi.org/10.1186/s12966-019-0838-x,,,0,0
https://openalex.org/w2920922635,https://doi.org/10.1080/13540602.2019.1587404,,,0,0
https://openalex.org/w2293195306,https://doi.org/10.1007/s10763-016-9729-7,,,0,0
https://openalex.org/w2810103871,https://doi.org/10.17583/remie.2018.3450,,,0,0
https://openalex.org/w2007293368,https://doi.org/10.1080/1554480x.2015.1009836,,,0,0
https://openalex.org/w2892090305,https://doi.org/10.1080/10627197.2018.1515010,,,0,0
https://openalex.org/w2562509242,https://doi.org/10.3389/fpsyg.2016.01986,,,0,0
https://openalex.org/w1924630313,https://doi.org/10.1111/j.1741-4369.2011.00584.x,,,0,0
https://openalex.org/w2071010053,https://doi.org/10.1016/j.jsp.2011.08.002,,,0,0
https://openalex.org/w2006361889,https://doi.org/10.3109/02699206.2011.616642,,,0,0
https://openalex.org/w2031561238,https://doi.org/10.1007/s10447-009-9069-1,,,0,0
https://openalex.org/w2528942529,https://doi.org/10.1007/s11423-016-9487-9,,,0,0
https://openalex.org/w2056517522,https://doi.org/10.1007/s10972-011-9230-7,,,0,0
https://openalex.org/w2069805280,https://doi.org/10.1080/02635140500266419,,,0,0
https://openalex.org/w2969155544,https://doi.org/10.1111/jar.12650,,,0,0
https://openalex.org/w1877466030,,,,0,0
https://openalex.org/w2914874038,https://doi.org/10.1080/09588221.2018.1556703,,,0,0
https://openalex.org/w2345204241,https://doi.org/10.1017/cha.2016.9,,,0,0
https://openalex.org/w2055813569,https://doi.org/10.14434/pders.v32i2.12994,,,0,0
https://openalex.org/w2121715318,https://doi.org/10.1353/mpq.2004.0012,,,0,0
https://openalex.org/w1584823094,https://doi.org/10.19173/irrodl.v14i4.1542,,,0,0
https://openalex.org/w2315780826,https://doi.org/10.1080/10409289.2016.1138825,,,0,0
https://openalex.org/w2888700273,https://doi.org/10.1177/0042085918795017,,,0,0
https://openalex.org/w2055992059,https://doi.org/10.1111/j.1471-3802.2006.00069.x,,,0,0
https://openalex.org/w1606587367,https://doi.org/10.5324/nje.v20i1.1293,,013-131-108-308-093,1,1
https://openalex.org/w1993851540,https://doi.org/10.1016/j.lindif.2011.08.005,,,0,0
https://openalex.org/w2018559570,https://doi.org/10.1016/j.ijer.2012.03.004,,,0,0
https://openalex.org/w3016522526,https://doi.org/10.1007/s10964-020-01235-9,,,0,0
https://openalex.org/w2995959477,https://doi.org/10.1016/j.ijer.2019.101525,,,0,0
https://openalex.org/w2591501468,https://doi.org/10.15390/eb.2017.6885,,,0,0
https://openalex.org/w2182610594,,,,0,0
https://openalex.org/w2625291344,https://doi.org/10.24093/awej/vol7no2.32,,,0,0
https://openalex.org/w2145776951,https://doi.org/10.1177/105381510702900303,,,0,0
https://openalex.org/w2075912269,https://doi.org/10.1002/pits.20249,,,0,0
https://openalex.org/w2113019106,https://doi.org/10.1027//1016-9040.5.1.34,,,0,0
https://openalex.org/w2886171992,https://doi.org/10.1111/jpm.12493,,,0,0
https://openalex.org/w2961029899,https://doi.org/10.1080/00313831.2019.1639819,,,0,0
https://openalex.org/w2024873693,https://doi.org/10.1016/j.system.2009.09.015,,,0,0
https://openalex.org/w2574053789,https://doi.org/10.1016/j.jsp.2016.12.002,,,0,0
https://openalex.org/w2790236325,https://doi.org/10.1017/s1049096517002293,,,0,0
https://openalex.org/w2069911723,https://doi.org/10.1080/14794802.2012.694282,,,0,0
https://openalex.org/w1008907069,https://doi.org/10.1007/s10984-015-9188-z,,,0,0
https://openalex.org/w2765780235,https://doi.org/10.1016/j.chiabu.2017.10.012,,,0,0
https://openalex.org/w2065301479,https://doi.org/10.1177/1403494812458846,,,0,0
https://openalex.org/w2791592606,https://doi.org/10.1080/21683603.2017.1376725,,,0,0
https://openalex.org/w2898751500,https://doi.org/10.1080/08841233.2018.1523824,,,0,0
https://openalex.org/w66792040,https://doi.org/10.5951/jresematheduc.42.4.0308,,,0,0
https://openalex.org/w2044737412,https://doi.org/10.1007/s10964-011-9674-2,,,0,0
https://openalex.org/w2056374179,https://doi.org/10.1016/j.lindif.2012.12.002,,,0,0
https://openalex.org/w1571024168,https://doi.org/10.1080/00221325.2015.1022504,,,0,0
https://openalex.org/w2766735798,https://doi.org/10.1080/00940771.2017.1368316,,,0,0
https://openalex.org/w1987158490,https://doi.org/10.1080/02619768.2011.565324,,,0,0
https://openalex.org/w261438289,https://doi.org/10.1177/016146811211400706,,,0,0
https://openalex.org/w2537859013,https://doi.org/10.1111/sode.12218,,,0,0
https://openalex.org/w2034866070,https://doi.org/10.2307/1511063,,,0,1
https://openalex.org/w2890918840,https://doi.org/10.1037/spq0000253,,,0,0
https://openalex.org/w2879358302,https://doi.org/10.1007/s10212-018-0397-6,,,0,0
https://openalex.org/w2022173148,https://doi.org/10.1016/j.learninstruc.2009.01.005,,,0,0
https://openalex.org/w4244317583,https://doi.org/10.1046/j.1365-2729.2001.00159.x,,,0,0
https://openalex.org/w2530197646,https://doi.org/10.1080/0886571x.2016.1246399,,,0,0
https://openalex.org/w2606592681,https://doi.org/10.1590/1413-81232017224.12852015,,,0,0
https://openalex.org/w2809213579,https://doi.org/10.1177/0888406418781918,,,0,0
https://openalex.org/w2597050702,https://doi.org/10.1080/02671522.2017.1302499,,,0,0
https://openalex.org/w2102938565,https://doi.org/10.1348/2044-8279.002003,,,0,0
https://openalex.org/w2799310594,https://doi.org/10.1007/s10643-018-0896-8,,,0,0
https://openalex.org/w2514668473,https://doi.org/10.1111/lang.12181,,,0,0
https://openalex.org/w2905915811,https://doi.org/10.1111/sode.12358,,039-975-803-885-929,1,1
https://openalex.org/w2334053906,https://doi.org/10.1080/13632752.2016.1165970,,,0,0
https://openalex.org/w2015583263,https://doi.org/10.1016/j.tate.2012.07.007,,,0,0
https://openalex.org/w2922621131,,,,0,0
https://openalex.org/w1982552274,https://doi.org/10.1111/eje.12150,,,0,0
https://openalex.org/w2084752294,https://doi.org/10.1080/09540250220133996,,,0,0
https://openalex.org/w1982710152,https://doi.org/10.1007/s11218-010-9143-x,,,0,0
https://openalex.org/w2989840805,https://doi.org/10.3389/feduc.2019.00142,,,0,0
https://openalex.org/w2123087059,https://doi.org/10.5539/ass.v10n11p92,,,0,0
https://openalex.org/w2159079675,,,,0,0
https://openalex.org/w2520126109,https://doi.org/10.3390/ijerph13090914,,038-925-098-314-95X,1,1
https://openalex.org/w613374379,https://doi.org/10.1016/j.appdev.2015.04.008,,,0,0
https://openalex.org/w2575795293,,,,0,0
https://openalex.org/w2075125394,https://doi.org/10.1080/08923647.2014.868739,,,0,0
https://openalex.org/w2772547748,https://doi.org/10.1111/1460-6984.12351,,,0,0
https://openalex.org/w2324093308,https://doi.org/10.1037/a0039937,,028-933-183-213-536,1,1
https://openalex.org/w2119102351,https://doi.org/10.1177/1473325013509300,,,0,0
https://openalex.org/w2997105519,https://doi.org/10.1177/2332858419897274,,,0,0
https://openalex.org/w2146649080,https://doi.org/10.1598/rt.60.5.4,,,0,0
https://openalex.org/w2042360806,https://doi.org/10.1016/j.ijer.2012.12.005,,,0,0
https://openalex.org/w2190048734,https://doi.org/10.1080/19404476.2015.11641184,,025-043-881-427-052,1,1
https://openalex.org/w2088731373,https://doi.org/10.1080/01443410.2011.635639,,,0,0
https://openalex.org/w2063294318,https://doi.org/10.1080/1475939x.2014.899264,,,0,0
https://openalex.org/w2004883407,https://doi.org/10.1002/ab.20259,,,0,0
https://openalex.org/w2070209573,https://doi.org/10.1016/j.system.2011.01.012,,,0,0
https://openalex.org/w1850706102,https://doi.org/10.1007/978-3-319-14334-7_7,,,0,0
https://openalex.org/w2604804722,https://doi.org/10.1016/j.jsp.2017.03.002,,,0,0
https://openalex.org/w2916203576,https://doi.org/10.1080/15235882.2018.1561550,,,0,0
https://openalex.org/w2009074847,https://doi.org/10.1080/01443410.2014.895298,,,0,0
https://openalex.org/w1780887241,https://doi.org/10.1080/03626784.2015.1011045,,,0,0
https://openalex.org/w2005970800,https://doi.org/10.1080/13603110701391493,,,0,0
https://openalex.org/w2737899620,https://doi.org/10.1590/s1413-24782017227034,,,0,0
https://openalex.org/w2148619668,https://doi.org/10.5539/elt.v7n6p96,,,0,0
https://openalex.org/w2119401292,https://doi.org/10.1111/sms.12142,,,0,0
https://openalex.org/w2570195846,https://doi.org/10.1080/19463014.2016.1272062,,,0,0
https://openalex.org/w2050362648,https://doi.org/10.1016/j.ecresq.2010.04.004,,,0,0
https://openalex.org/w1979493681,https://doi.org/10.1352/1934-9556(2007)45[103:eoviac]2.0.co;2,,,0,0
https://openalex.org/w2042066220,https://doi.org/10.1080/001318800363917,,,0,0
https://openalex.org/w2102284069,https://doi.org/10.1002/trtr.01048,,,0,0
https://openalex.org/w2995845740,https://doi.org/10.1080/20473869.2019.1653659,,,0,0
https://openalex.org/w2508187883,https://doi.org/10.1093/cs/cdw032,,,0,0
https://openalex.org/w2053603392,https://doi.org/10.1016/j.jsp.2006.02.002,,,0,0
https://openalex.org/w2029686534,https://doi.org/10.1080/15362940802198884,,,0,0
https://openalex.org/w2285110025,,,,0,0
https://openalex.org/w2402695651,https://doi.org/10.1007/s10984-015-9202-5,,,0,0
https://openalex.org/w3163272173,https://doi.org/10.1080/02188791.2019.1575794,,,0,0
https://openalex.org/w2884147024,https://doi.org/10.1080/01626620.2018.1486752,,,0,0
https://openalex.org/w2990900582,https://doi.org/10.1016/j.compedu.2019.103758,,,0,0
https://openalex.org/w2947244791,https://doi.org/10.1186/s12889-019-6394-0,,,0,0
https://openalex.org/w1881531901,,,,0,0
https://openalex.org/w2150365350,https://doi.org/10.1207/s15430421tip4503_5,,,0,0
https://openalex.org/w2796313261,https://doi.org/10.17161/foec.v44i6.6685,,,0,0
https://openalex.org/w2864739218,https://doi.org/10.1111/teth.12445,,,0,0
https://openalex.org/w2944341404,https://doi.org/10.1080/01425692.2019.1566867,,,0,0
https://openalex.org/w2885984828,https://doi.org/10.1016/j.system.2018.08.003,,,0,0
https://openalex.org/w2167531258,https://doi.org/10.1007/s10857-009-9124-1,,,0,0
https://openalex.org/w2051588652,https://doi.org/10.1177/1541204002238364,,,0,0
https://openalex.org/w2167682719,https://doi.org/10.1186/s40461-015-0023-7,,,0,0
https://openalex.org/w2938907322,https://doi.org/10.1080/13632752.2019.1597562,,,0,0
https://openalex.org/w1999541555,https://doi.org/10.1007/s10900-011-9381-7,,,0,0
https://openalex.org/w48213902,,,,0,0
https://openalex.org/w2083337840,https://doi.org/10.1177/1053451214546406,,,0,0
https://openalex.org/w1971336774,https://doi.org/10.1002/sce.20365,,,0,0
https://openalex.org/w2963440387,https://doi.org/10.1086/704061,,,0,0
https://openalex.org/w1979566392,https://doi.org/10.1007/s13394-011-0027-y,,,0,0
https://openalex.org/w3003950241,https://doi.org/10.1080/03004430.2020.1718671,,019-132-245-762-658,1,1
https://openalex.org/w2694222593,https://doi.org/10.1080/00131881.2017.1343091,,,0,0
https://openalex.org/w2112391481,,,,0,0
https://openalex.org/w2911624884,https://doi.org/10.1007/s10964-019-00986-4,,,0,0
https://openalex.org/w2148775671,https://doi.org/10.1111/j.1467-8535.2012.01298.x,,,0,0
https://openalex.org/w1976324859,https://doi.org/10.1590/s0102-79722013000200011,,,0,0
https://openalex.org/w2485700797,https://doi.org/10.1080/10410236.2016.1196419,,,0,0
https://openalex.org/w2041775023,https://doi.org/10.1080/15401383.2010.507581,,,0,0
https://openalex.org/w2973169192,https://doi.org/10.1002/tesq.536,,,0,0
https://openalex.org/w2796313656,https://doi.org/10.1080/19415257.2018.1452784,,,0,0
https://openalex.org/w2792246618,https://doi.org/10.1002/ase.1776,,,0,0
https://openalex.org/w2991644972,https://doi.org/10.1016/j.appdev.2019.101075,,,1,1
https://openalex.org/w1969593674,https://doi.org/10.1080/02607476.2013.869967,,,0,0
https://openalex.org/w3039381765,https://doi.org/10.1108/ils-04-2020-0111,,,0,0
https://openalex.org/w2943012426,,,,0,0
https://openalex.org/w2576003813,https://doi.org/10.1177/0020720916688486,,,0,0
https://openalex.org/w2046266092,https://doi.org/10.1016/j.jsp.2005.10.001,,009-856-238-349-540,1,1
https://openalex.org/w152980401,,,,0,0
https://openalex.org/w2024880926,https://doi.org/10.1016/j.jfludis.2004.10.001,,,0,0
https://openalex.org/w2924812698,https://doi.org/10.1007/s11858-019-01043-x,,,0,0
https://openalex.org/w2617872921,https://doi.org/10.1177/016146811311500105,,,0,0
https://openalex.org/w3001327748,https://doi.org/10.1111/cdev.13357,,,0,0
https://openalex.org/w2046247627,https://doi.org/10.2466/pr0.101.4.1162-1172,,,0,0
https://openalex.org/w1583819214,https://doi.org/10.7575/aiac.ijalel.v.3n.2p.96,,,0,0
https://openalex.org/w3035770768,https://doi.org/10.1007/s10964-020-01269-z,,005-898-049-801-219,1,1
https://openalex.org/w2202771734,https://doi.org/10.1016/j.linged.2015.11.003,,,0,0
https://openalex.org/w2763662725,https://doi.org/10.1177/0033688217730138,,,0,0
https://openalex.org/w3014553547,https://doi.org/10.1037/edu0000476,,,0,0
https://openalex.org/w2002153038,https://doi.org/10.1016/j.system.2006.11.003,,,0,0
https://openalex.org/w3005287104,https://doi.org/10.1080/03057240.2020.1722080,,,0,0
https://openalex.org/w2961480419,https://doi.org/10.1080/08841241.2019.1638483,,,0,0
https://openalex.org/w2740690833,https://doi.org/10.1080/00313831.2017.1324904,,,0,0
https://openalex.org/w2963514994,https://doi.org/10.1016/j.ecresq.2019.05.001,,,0,0
https://openalex.org/w1660710108,https://doi.org/10.19030/tlc.v8i9.5640,,,0,0
https://openalex.org/w2900794421,https://doi.org/10.1007/s11162-018-9531-1,,,0,0
https://openalex.org/w2709515571,https://doi.org/10.1111/cdev.12832,,007-529-798-406-813,1,1
https://openalex.org/w3000122556,https://doi.org/10.1080/0305764x.2019.1707512,,,0,0
https://openalex.org/w2886936183,https://doi.org/10.1016/j.lindif.2018.07.007,,,0,0
https://openalex.org/w2806443657,https://doi.org/10.1080/00313831.2018.1466358,,,0,0
https://openalex.org/w2956634885,https://doi.org/10.1177/2042753019863832,,,0,0
https://openalex.org/w2023389818,https://doi.org/10.1080/0020739x.2011.616914,,,0,0
https://openalex.org/w2487035697,https://doi.org/10.18848/2327-7963/cgp/v19i01/48943,,,0,0
https://openalex.org/w2976553626,https://doi.org/10.1111/bjep.12313,,,0,0
https://openalex.org/w2909623403,https://doi.org/10.1016/j.esp.2019.01.001,,,0,0
https://openalex.org/w1974704291,https://doi.org/10.1080/09500693.2012.760209,,,0,0
https://openalex.org/w2165859749,https://doi.org/10.1186/s12889-015-2391-0,,072-894-998-095-979,1,1
https://openalex.org/w2914659139,https://doi.org/10.1080/07377363.2018.1525518,,,0,0
https://openalex.org/w1963953976,https://doi.org/10.4018/jea.2012010103,,,0,0
https://openalex.org/w3035357612,https://doi.org/10.1037/edu0000482,,,0,0
https://openalex.org/w2062596964,https://doi.org/10.1016/j.ijer.2007.10.005,,,0,0
https://openalex.org/w2166553710,https://doi.org/10.1353/mpq.2012.0014,,094-207-593-597-584,1,1
https://openalex.org/w2084641807,https://doi.org/10.1016/j.econedurev.2013.01.007,,,0,0
https://openalex.org/w2493724779,https://doi.org/10.18848/1447-9494/cgp/v16i07/46393,,,0,0
https://openalex.org/w2054929244,https://doi.org/10.1007/s10566-011-9142-x,,,0,0
https://openalex.org/w2404889171,https://doi.org/10.1097/nnr.0000000000000128,,,0,0
https://openalex.org/w2232202195,https://doi.org/10.1016/j.cedpsych.2015.12.003,,,0,0
https://openalex.org/w2794018519,https://doi.org/10.3389/fpsyg.2018.00232,,,0,0
https://openalex.org/w2884785154,https://doi.org/10.1016/j.tate.2018.07.009,,,0,0
https://openalex.org/w2084791236,https://doi.org/10.1080/15235880802640631,,,0,0
https://openalex.org/w1565222243,https://doi.org/10.1002/j.1545-7249.2009.tb00247.x,,,0,0
https://openalex.org/w2763934552,https://doi.org/10.1080/15388220.2017.1387128,,,0,0
https://openalex.org/w2011838991,https://doi.org/10.5539/elt.v4n1p18,,,0,0
https://openalex.org/w1967411306,https://doi.org/10.1080/13540600220127359,,,0,0
https://openalex.org/w2077213416,https://doi.org/10.1007/s11162-006-9037-0,,,0,0
https://openalex.org/w2398295954,https://doi.org/10.1080/10409289.2016.1113069,,,0,0
https://openalex.org/w3044857913,https://doi.org/10.1177/2158244020943524,,,0,0
https://openalex.org/w2090462914,https://doi.org/10.1080/01587910902845923,,,0,0
https://openalex.org/w2919173550,https://doi.org/10.1007/s42321-019-00022-5,,,0,0
https://openalex.org/w2810533518,https://doi.org/10.1515/iral-2016-0088,,,0,0
https://openalex.org/w2004488050,https://doi.org/10.1007/s13384-014-0148-x,,,0,0
https://openalex.org/w136280420,,,,0,0
https://openalex.org/w2752625545,https://doi.org/10.15700/saje.v37n3a1362,,,0,0
https://openalex.org/w3033762278,https://doi.org/10.37200/ijpr/v24i5/pr2020566,,,0,0
https://openalex.org/w2600373559,https://doi.org/10.1080/03004430.2017.1301936,,,0,0
https://openalex.org/w1723739975,https://doi.org/10.1016/j.lindif.2015.08.014,,,1,1
https://openalex.org/w1973127075,https://doi.org/10.1080/0141192022000015543a,,,0,0
https://openalex.org/w2613854766,https://doi.org/10.1007/s10826-017-0766-9,,,0,1
https://openalex.org/w2015891967,https://doi.org/10.1177/136216880100500302,,,0,0
https://openalex.org/w2946528614,https://doi.org/10.3390/educsci9020112,,,0,0
https://openalex.org/w2111763235,https://doi.org/10.1007/s12310-012-9072-2,,,0,0
https://openalex.org/w2137277770,https://doi.org/10.1016/j.appdev.2011.02.010,,,0,0
https://openalex.org/w1967289568,https://doi.org/10.1080/09669760.2011.629489,,,0,0
https://openalex.org/w3015548917,https://doi.org/10.1007/s10566-020-09545-6,,,0,0
https://openalex.org/w2772221560,https://doi.org/10.1080/02667363.2017.1391750,,,0,0
https://openalex.org/w2045804289,https://doi.org/10.1002/tesj.8,,,0,0
https://openalex.org/w1560758091,https://doi.org/10.1111/j.1540-4781.2013.12046.x,,,0,0
https://openalex.org/w2637726946,https://doi.org/10.1086/692662,,,0,0
https://openalex.org/w2404857435,,,,0,0
https://openalex.org/w2515650564,,,,0,0
https://openalex.org/w2165280722,https://doi.org/10.1007/s10780-015-9263-5,,,0,0
https://openalex.org/w3043298778,https://doi.org/10.1177/0165025420935630,,097-387-789-542-42X,1,1
https://openalex.org/w2735427462,https://doi.org/10.3991/ijet.v12i07.7214,,,0,0
https://openalex.org/w2894927725,https://doi.org/10.1016/j.pragma.2018.09.006,,,0,0
https://openalex.org/w2586269763,https://doi.org/10.1186/s40814-017-0124-0,,,0,0
https://openalex.org/w2770417439,https://doi.org/10.1080/0309877x.2017.1394987,,,0,0
https://openalex.org/w2714538579,https://doi.org/10.3102/0091732x17690498,,,0,0
https://openalex.org/w2554244980,https://doi.org/10.1080/10409289.2016.1246288,,082-452-252-653-035,1,1
https://openalex.org/w2799481406,https://doi.org/10.1111/tct.12788,,,0,0
https://openalex.org/w2767775303,https://doi.org/10.1177/0888406417735877,,,0,0
https://openalex.org/w2902708464,https://doi.org/10.17051/ilkonline.2019.506970,,,0,0
https://openalex.org/w2795890206,https://doi.org/10.1080/13617672.2018.1450808,,,0,0
https://openalex.org/w2536082926,https://doi.org/10.1080/00313831.2016.1212263,,,0,0
https://openalex.org/w2191052977,https://doi.org/10.5539/elt.v9n1p101,,,0,0
https://openalex.org/w1963941890,https://doi.org/10.1111/j.1467-9507.2006.00339.x,,,0,0
https://openalex.org/w2917727950,https://doi.org/10.1080/10409289.2019.1570426,,,0,0
https://openalex.org/w2434880379,https://doi.org/10.1017/edp.2016.4,,,0,0
https://openalex.org/w1811735853,https://doi.org/10.1002/pits.21640,,181-334-311-213-18X,1,1
https://openalex.org/w2921530925,https://doi.org/10.5820/aian.2503.2018.26,,,0,0
https://openalex.org/w2789270855,https://doi.org/10.18666/jorel-2018-v10-i1-8087,,,0,0
https://openalex.org/w2890573432,https://doi.org/10.14221/ajte.2018v43n8.3,,,0,0
https://openalex.org/w1989984376,https://doi.org/10.1080/07380569.2012.703602,,,0,0
https://openalex.org/w200093382,,,,1,1
https://openalex.org/w2898170906,https://doi.org/10.1111/bjep.12253,,084-392-759-272-46X,1,1
https://openalex.org/w2969345425,https://doi.org/10.1024/1010-0652/a000249,,055-027-772-837-624,1,1
https://openalex.org/w2167306657,https://doi.org/10.1177/0143034311415783,,,0,0
https://openalex.org/w2460238989,https://doi.org/10.14746/ssllt.2016.6.2.6,,,0,0
https://openalex.org/w3162513040,,,,0,0
https://openalex.org/w2162460397,https://doi.org/10.1002/pits.20029,,,0,0
https://openalex.org/w2122948564,https://doi.org/10.7334/psicothema2014.224,,,0,0
https://openalex.org/w1600214887,https://doi.org/10.1023/a:1024991019271,,,0,0
https://openalex.org/w2993225945,https://doi.org/10.1080/00091383.2019.1674108,,,0,0
https://openalex.org/w2785153614,https://doi.org/10.1108/jme-03-2017-0020,,,0,0
https://openalex.org/w2619449380,https://doi.org/10.1080/09500693.2017.1328620,,,0,0
https://openalex.org/w2148528126,https://doi.org/10.1016/j.chiabu.2011.01.009,,,0,0
https://openalex.org/w1985645842,https://doi.org/10.1016/j.ecresq.2012.09.003,,,0,0
https://openalex.org/w2297595443,,,,0,0
https://openalex.org/w2032516915,https://doi.org/10.1007/s10964-005-5752-7,,,0,0
https://openalex.org/w2092670187,https://doi.org/10.1080/08856257.2010.492940,,054-348-443-545-891,1,1
https://openalex.org/w2576191704,https://doi.org/10.1007/s11422-016-9782-0,,,0,0
https://openalex.org/w2114963994,https://doi.org/10.1080/13670050903003751,,,0,0
https://openalex.org/w2918243457,https://doi.org/10.1186/s40594-019-0160-9,,,0,0
https://openalex.org/w2963744030,https://doi.org/10.1007/s10212-019-00430-y,,,1,1
https://openalex.org/w3007733239,https://doi.org/10.1007/s10964-020-01195-0,,,0,0
https://openalex.org/w2091137296,https://doi.org/10.1016/j.jecp.2004.08.001,,,0,0
https://openalex.org/w2014388942,https://doi.org/10.1016/j.childyouth.2007.01.004,,,0,0
https://openalex.org/w2953960912,https://doi.org/10.26822/iejee.2019450792,,,0,0
https://openalex.org/w2604613136,https://doi.org/10.1080/14681366.2017.1312494,,,0,0
https://openalex.org/w2186461790,https://doi.org/10.1080/10691898.2002.11910681,,,0,0
https://openalex.org/w2031880792,https://doi.org/10.3389/fpsyg.2015.00126,,,0,0
https://openalex.org/w2064156031,https://doi.org/10.1016/j.ecresq.2014.06.001,,,0,0
https://openalex.org/w1966345046,https://doi.org/10.1016/j.tate.2009.11.002,,,0,0
https://openalex.org/w2056914229,https://doi.org/10.1080/17425964.2013.771573,,,0,0
https://openalex.org/w2565125412,https://doi.org/10.1111/cdev.12703,,,0,0
https://openalex.org/w1963685676,https://doi.org/10.2190/kcqw-yn00-6wyr-bvdq,,,0,0
https://openalex.org/w2005730839,https://doi.org/10.1080/14748460.2013.799808,,,0,0
https://openalex.org/w1983531313,https://doi.org/10.1016/j.adolescence.2013.07.007,,058-783-669-736-318,1,1
https://openalex.org/w2466737204,,,,0,0
https://openalex.org/w2162734000,https://doi.org/10.1177/1476718x14538600,,,0,0
https://openalex.org/w3023265916,https://doi.org/10.1111/sode.12455,,,0,0
https://openalex.org/w2945236203,https://doi.org/10.1080/02188791.2019.1611540,,,0,0
https://openalex.org/w2774935804,https://doi.org/10.1080/10409289.2017.1409606,,,0,0
https://openalex.org/w2484608030,https://doi.org/10.18848/2327-7939/cgp/v19i02/48391,,,0,0
https://openalex.org/w1979009509,https://doi.org/10.1016/j.appdev.2011.02.004,,,0,0
https://openalex.org/w1998283918,https://doi.org/10.1207/s15326977ea0501_2,,,0,0
https://openalex.org/w2983118111,https://doi.org/10.18510/hssr.2019.75165,,,0,0
https://openalex.org/w2912580389,https://doi.org/10.1016/j.learninstruc.2019.01.001,,,0,0
https://openalex.org/w2754486348,https://doi.org/10.1080/02568543.2017.1347113,,,0,0
https://openalex.org/w2531497343,https://doi.org/10.1037/spq0000179,,123-177-454-912-201,1,1
https://openalex.org/w2011997342,https://doi.org/10.1007/s12564-014-9313-1,,,0,0
https://openalex.org/w2741060943,https://doi.org/10.21101/cejph.a4823,,,0,0
https://openalex.org/w2028324865,https://doi.org/10.1111/j.1467-842x.2000.tb00718.x,,,0,0
https://openalex.org/w2650518790,https://doi.org/10.1017/s0267190517000046,,,0,0
https://openalex.org/w2029495330,https://doi.org/10.1016/j.ijer.2015.02.004,,,0,0
https://openalex.org/w1553820083,https://doi.org/10.1007/3-540-47987-2_47,,,0,0
https://openalex.org/w2029091804,https://doi.org/10.1111/1471-3802.12052,,,0,0
https://openalex.org/w2519967621,https://doi.org/10.25115/psye.v7i2.528,,,0,0
https://openalex.org/w2103993506,https://doi.org/10.1177/1356336x13505188,,007-519-823-469-439,1,1
https://openalex.org/w2022748048,https://doi.org/10.1080/14616734.2013.743250,,,0,0
https://openalex.org/w2945326929,https://doi.org/10.5324/nje.v28i1-2.3050,,027-031-743-574-569,1,1
https://openalex.org/w1499577882,https://doi.org/10.1080/02796015.2011.12087526,,,0,0
https://openalex.org/w2126205116,https://doi.org/10.1080/02673843.2012.743920,,,0,0
https://openalex.org/w2991892313,https://doi.org/10.1007/s40299-019-00492-y,,,0,0
https://openalex.org/w2912072157,https://doi.org/10.1080/09518398.2018.1522010,,,0,0
https://openalex.org/w2275705476,https://doi.org/10.1111/sode.12179,,030-341-267-975-098,1,1
https://openalex.org/w2082969467,https://doi.org/10.1007/s11205-012-0042-8,,,0,0
https://openalex.org/w2949130341,,,,0,0
https://openalex.org/w2906122655,https://doi.org/10.1016/j.psychsport.2018.12.008,,,0,0
https://openalex.org/w2960683378,https://doi.org/10.1080/02643944.2019.1618379,,,0,0
https://openalex.org/w2922373274,https://doi.org/10.32674/jis.v9i1.261,,,0,0
https://openalex.org/w2164830350,https://doi.org/10.1016/j.chiabu.2007.04.004,,,0,0
https://openalex.org/w2090471689,https://doi.org/10.1016/j.tate.2010.06.007,,,0,0
https://openalex.org/w2797884969,https://doi.org/10.1080/10656219.2018.1446851,,,0,0
https://openalex.org/w2004945455,https://doi.org/10.4236/psych.2013.41010,,,0,0
https://openalex.org/w137127381,,,,0,0
https://openalex.org/w2607171416,https://doi.org/10.23965/ajec.42.1.10,,,0,0
https://openalex.org/w2943199802,https://doi.org/10.1080/10899995.2019.1580179,,,0,0
https://openalex.org/w2895910848,https://doi.org/10.17718/tojde.471909,,,0,0
https://openalex.org/w2047707178,https://doi.org/10.1080/00313830802497174,,,0,0
https://openalex.org/w1837702456,https://doi.org/10.1080/10409289.2015.1047711,,,0,0
https://openalex.org/w2118289295,https://doi.org/10.1080/03055698.2012.663480,,087-887-805-562-307,1,1
https://openalex.org/w3016922100,https://doi.org/10.1080/09575146.2020.1749035,,,0,0
https://openalex.org/w2136050377,https://doi.org/10.25115/ejrep.v9i23.1423,,,0,0
https://openalex.org/w2296486776,,,,0,0
https://openalex.org/w1554407138,https://doi.org/10.1111/j.1471-3802.2012.01252.x,,,0,0
https://openalex.org/w2064993496,https://doi.org/10.1037/a0039093,,,0,1
https://openalex.org/w1987566889,https://doi.org/10.1111/josh.12129,,029-976-184-210-755,1,1
https://openalex.org/w2994468623,,,,0,0
https://openalex.org/w2591890298,https://doi.org/10.1080/10409289.2017.1287993,,,0,0
https://openalex.org/w2762443007,https://doi.org/10.1016/j.ijer.2017.08.007,,,0,0
https://openalex.org/w2804809367,https://doi.org/10.18848/2327-7939/cgp/v23i03/21-31,,,0,0
https://openalex.org/w1979121877,https://doi.org/10.1177/1365480207073717,,,0,0
https://openalex.org/w2073795371,https://doi.org/10.1027/1016-9040.13.1.24,,,0,0
https://openalex.org/w2034345174,https://doi.org/10.1016/j.lcsi.2014.02.001,,,0,0
https://openalex.org/w2884358897,https://doi.org/10.25115/psye.v10i2.1873,,,0,0
https://openalex.org/w2562824988,https://doi.org/10.1097/pep.0000000000000336,,,0,0
https://openalex.org/w3025556842,https://doi.org/10.53841/bpsecp.2019.36.2.78,,,0,0
https://openalex.org/w2899423601,https://doi.org/10.1111/scs.12624,,,0,0
https://openalex.org/w2053496280,https://doi.org/10.1080/00461520701621046,,,0,0
https://openalex.org/w2942740239,,,,0,0
https://openalex.org/w2987437572,https://doi.org/10.1016/j.jeap.2019.100822,,,0,0
https://openalex.org/w2123263321,https://doi.org/10.1007/s10964-012-9849-5,,,0,0
https://openalex.org/w2081532956,https://doi.org/10.1080/15374410802148137,,,0,0
https://openalex.org/w2000711340,https://doi.org/10.1080/10409289.2013.817030,,,0,0
https://openalex.org/w2753047753,https://doi.org/10.1177/1469787417721993,,,0,0
https://openalex.org/w2912985631,https://doi.org/10.1177/0261429418824113,,,0,0
https://openalex.org/w2953865555,https://doi.org/10.1177/0265532219857066,,,0,0
https://openalex.org/w3006601975,https://doi.org/10.52165/sgj.12.2.173-186,,,0,0
https://openalex.org/w117491851,https://doi.org/10.1177/019874290102600207,,,0,0
https://openalex.org/w2522477501,https://doi.org/10.1016/j.jsp.2016.09.003,,,1,1
https://openalex.org/w2037978330,https://doi.org/10.1080/0309877x.2012.684040,,,0,0
https://openalex.org/w2934608963,,,,0,0
https://openalex.org/w2064508412,https://doi.org/10.1080/105735600278042,,,0,0
https://openalex.org/w2023083375,https://doi.org/10.1016/j.ecresq.2014.07.010,,,0,0
https://openalex.org/w2180291037,https://doi.org/10.1080/1350293x.2015.1104036,,,0,0
https://openalex.org/w2794233666,https://doi.org/10.1080/1350293x.2018.1442033,,,0,0
https://openalex.org/w2976708627,https://doi.org/10.9743/jeo.2019.16.2.4,,,0,0
https://openalex.org/w2101273866,https://doi.org/10.1080/00131910120033628,,,0,0
https://openalex.org/w1905172961,,,,0,0
https://openalex.org/w1540602482,https://doi.org/10.1111/j.1943-278x.2000.tb00990.x,,,0,1
https://openalex.org/w2162564761,https://doi.org/10.1177/1098300715593466,,111-741-338-021-38X,1,1
https://openalex.org/w2910319710,https://doi.org/10.1080/13632752.2019.1565435,,,0,0
https://openalex.org/w2052035081,https://doi.org/10.1007/s11218-005-1212-1,,,0,0
https://openalex.org/w3036220964,https://doi.org/10.1037/tra0000754,,,0,0
https://openalex.org/w2035529961,https://doi.org/10.1016/j.jadohealth.2006.11.148,,,0,0
https://openalex.org/w4233143935,https://doi.org/10.1002/cii.3,,,0,0
https://openalex.org/w1971346743,https://doi.org/10.1080/00405840902776228,,,0,0
https://openalex.org/w2463328383,https://doi.org/10.1017/edp.2016.9,,,0,0
https://openalex.org/w2752294557,https://doi.org/10.1016/j.jsp.2017.07.005,,,0,0
https://openalex.org/w1964724753,https://doi.org/10.1111/cdep.12106,,,0,0
https://openalex.org/w2107930470,https://doi.org/10.1177/0145721707304172,,,0,0
https://openalex.org/w2621521771,https://doi.org/10.17323/1814-9545-2016-4-59-833,,,0,0
https://openalex.org/w2058522253,https://doi.org/10.1080/02667360500128796,,,0,0
https://openalex.org/w2323379781,https://doi.org/10.1080/10409289.2016.1156988,,,0,0
https://openalex.org/w2078100577,https://doi.org/10.2167/beb340.0,,,0,0
https://openalex.org/w2973403859,https://doi.org/10.1016/j.learninstruc.2019.101250,,,0,0
https://openalex.org/w3032806076,https://doi.org/10.3390/su12114407,,,0,0
https://openalex.org/w4322703508,https://doi.org/10.1080/02796015.2011.12087704,,,0,0
https://openalex.org/w2087256383,https://doi.org/10.1075/ni.22.2.05arg,,,0,0
https://openalex.org/w1987877432,https://doi.org/10.1007/s10643-013-0580-y,,,0,0
https://openalex.org/w2017283110,https://doi.org/10.1093/elt/ccs054,,,0,0
https://openalex.org/w2042989730,https://doi.org/10.1016/j.childyouth.2006.09.003,,,0,0
https://openalex.org/w2145904074,https://doi.org/10.1108/09578230510605414,,,0,0
https://openalex.org/w644802732,https://doi.org/10.1017/s0816512200028157,,,0,0
https://openalex.org/w2295518717,,,,0,0
https://openalex.org/w2946557324,https://doi.org/10.1080/14015439.2019.1595131,,,0,0
https://openalex.org/w2198140513,,,,0,0
https://openalex.org/w2624584246,https://doi.org/10.1007/s13142-017-0509-x,,,0,0
https://openalex.org/w2102007548,,,,0,0
https://openalex.org/w2772635872,https://doi.org/10.1080/2331186x.2017.1412036,,,0,0
https://openalex.org/w2789482977,https://doi.org/10.1080/07448481.2018.1454926,,,0,0
https://openalex.org/w1984177832,https://doi.org/10.1007/s11218-010-9123-1,,,1,1
https://openalex.org/w2049684192,https://doi.org/10.1111/j.1467-9817.2005.00249.x,,,0,0
https://openalex.org/w2337301155,https://doi.org/10.1007/s10209-016-0461-4,,,0,0
https://openalex.org/w2596668551,https://doi.org/10.1016/j.conctc.2017.03.001,,,0,0
https://openalex.org/w2972402499,https://doi.org/10.1111/medu.13795,,,0,0
https://openalex.org/w2958951409,https://doi.org/10.1080/00313831.2019.1639816,,080-928-277-220-787,1,1
https://openalex.org/w2946748792,https://doi.org/10.1080/19463014.2019.1603115,,,0,0
https://openalex.org/w2144043549,https://doi.org/10.14742/ajet.1065,,,0,0
https://openalex.org/w2809669334,https://doi.org/10.1016/j.learninstruc.2018.05.006,,,0,0
https://openalex.org/w2773093374,https://doi.org/10.1007/s11482-017-9577-9,,,0,1
https://openalex.org/w2019889623,https://doi.org/10.1111/1467-9620.00273,,,0,0
https://openalex.org/w2079218090,https://doi.org/10.1016/j.appdev.2009.07.006,,,0,0
https://openalex.org/w3033377727,https://doi.org/10.1558/cj.37788,,,0,0
https://openalex.org/w2037586446,https://doi.org/10.1080/09571736.2014.994183,,,0,0
https://openalex.org/w2030372233,https://doi.org/10.1111/j.1467-9620.2006.00694.x,,,0,0
https://openalex.org/w2136708393,https://doi.org/10.1177/0165025413512064,,,0,0
https://openalex.org/w2898879373,https://doi.org/10.1016/j.tate.2018.10.013,,,0,0
https://openalex.org/w2085825863,https://doi.org/10.1177/073428290302100303,,108-677-416-718-851,1,1
https://openalex.org/w2894161753,https://doi.org/10.1080/13562517.2018.1536042,,,0,0
https://openalex.org/w304758231,,,,0,0
https://openalex.org/w2929650149,https://doi.org/10.1080/02635143.2019.1593128,,,0,0
https://openalex.org/w2982256890,https://doi.org/10.1016/j.lcsi.2019.100352,,,0,0
https://openalex.org/w2799461449,https://doi.org/10.12965/jer.1836006.003,,,0,0
https://openalex.org/w2532779425,https://doi.org/10.1080/13632752.2016.1235324,,,0,0
https://openalex.org/w2901930689,https://doi.org/10.1002/nha3.20235,,,0,0
https://openalex.org/w2962537286,https://doi.org/10.1037/ccp0000422,,,0,0
https://openalex.org/w2607025386,https://doi.org/10.1163/15692108-12341374,,,0,0
https://openalex.org/w2945946844,https://doi.org/10.1002/pits.22254,,,0,0
https://openalex.org/w1998318590,https://doi.org/10.1007/s11218-008-9074-y,,,0,0
https://openalex.org/w2945867315,https://doi.org/10.1152/advan.00028.2019,,,0,0
https://openalex.org/w2115754548,https://doi.org/10.1002/tea.21124,,,0,0
https://openalex.org/w2139506017,https://doi.org/10.1111/j.1467-8624.2007.01119.x,,107-208-591-628-310,1,1
https://openalex.org/w2082995754,https://doi.org/10.1016/j.appdev.2013.05.002,,,0,1
https://openalex.org/w2341002944,,,,0,0
https://openalex.org/w2045695037,https://doi.org/10.1353/mpq.0.0055,,061-561-244-659-809,1,1
https://openalex.org/w2046038644,https://doi.org/10.1037/a0014305,,,0,0
https://openalex.org/w2047069886,https://doi.org/10.1348/000709903762869897,,,0,0
https://openalex.org/w2312054673,https://doi.org/10.1108/jpbm-03-2015-0835,,,0,0
https://openalex.org/w2074028875,https://doi.org/10.1590/s1413-65382013000300007,,,0,0
https://openalex.org/w3033993983,https://doi.org/10.1080/02185385.2020.1774409,,,0,0
https://openalex.org/w2793169443,,,,0,0
https://openalex.org/w2051104103,https://doi.org/10.1097/01.jnr.0000387609.01145.78,,,0,0
https://openalex.org/w2737242543,https://doi.org/10.1080/02671522.2017.1353676,,,0,0
https://openalex.org/w2922522691,https://doi.org/10.1016/j.cedpsych.2019.03.006,,,1,1
https://openalex.org/w2910476373,https://doi.org/10.1080/09658416.2018.1535602,,,0,0
https://openalex.org/w2048201012,https://doi.org/10.1007/bf03340951,,,0,1
https://openalex.org/w2047119974,https://doi.org/10.1007/s10964-008-9294-7,,,0,0
https://openalex.org/w2404894383,https://doi.org/10.1007/s11218-016-9343-0,,,0,0
https://openalex.org/w2150181311,https://doi.org/10.1080/00131881003588097,,,0,0
https://openalex.org/w2793570281,,,,0,0
https://openalex.org/w2010507541,https://doi.org/10.1016/j.socscimed.2011.09.003,,,0,0
https://openalex.org/w2083832145,https://doi.org/10.1353/aad.2012.0142,,,0,0
https://openalex.org/w1883383473,https://doi.org/10.1177/016146811011200708,,,0,0
https://openalex.org/w2115670748,https://doi.org/10.1093/bjsw/bcv026,,,0,0
https://openalex.org/w2164808725,,,,0,0
https://openalex.org/w2810600674,https://doi.org/10.1016/j.jpeds.2018.05.034,,,0,0
https://openalex.org/w2016452312,https://doi.org/10.1111/j.1939-0025.2012.01161.x,,,0,0
https://openalex.org/w2079120248,https://doi.org/10.1080/13676261.2011.609537,,098-689-172-541-566,1,1
https://openalex.org/w1509683929,https://doi.org/10.1023/a:1014490922622,,,0,0
https://openalex.org/w1967968442,https://doi.org/10.1080/713661965,,,0,0
https://openalex.org/w2076163855,https://doi.org/10.1016/j.jeap.2007.09.004,,,0,0
https://openalex.org/w2113964905,https://doi.org/10.1037/a0026879,,111-312-414-859-630,1,1
https://openalex.org/w2117646611,https://doi.org/10.1037/a0027268,,,0,0
https://openalex.org/w3010915444,https://doi.org/10.13189/ujer.2020.080328,,,0,0
https://openalex.org/w2924892880,https://doi.org/10.1177/183693911604100408,,,0,0
https://openalex.org/w2794871572,https://doi.org/10.1186/s40594-018-0100-0,,,0,0
https://openalex.org/w2756485056,https://doi.org/10.1177/0741932517727865,,,0,0
https://openalex.org/w2946648648,https://doi.org/10.1080/19463014.2019.1597744,,,0,0
https://openalex.org/w2610984743,https://doi.org/10.1080/1350293x.2017.1356545,,,0,0
https://openalex.org/w2123946183,https://doi.org/10.1177/0272431613507758,,,0,0
https://openalex.org/w2003452008,https://doi.org/10.1080/15240754.2011.623798,,,0,0
https://openalex.org/w2050875637,https://doi.org/10.1046/j.1467-8624.2003.00644.x,,,0,0
https://openalex.org/w2528495455,https://doi.org/10.1086/696203,,,0,0
https://openalex.org/w1558901538,https://doi.org/10.1007/s11218-007-9046-7,,,0,0
https://openalex.org/w63912400,https://doi.org/10.1007/978-3-319-00044-2_10,,,0,0
https://openalex.org/w3043099708,https://doi.org/10.1027/0227-5910/a000702,,,0,0
https://openalex.org/w2969912926,https://doi.org/10.13189/ujer.2019.070819,,,0,0
https://openalex.org/w2075827296,https://doi.org/10.1016/j.system.2010.10.002,,,0,0
https://openalex.org/w307249139,,,,0,0
https://openalex.org/w2981178699,https://doi.org/10.1080/15348458.2019.1655424,,,0,0
https://openalex.org/w2166260064,https://doi.org/10.1093/eurpub/cki097,,,0,1
https://openalex.org/w2009108679,https://doi.org/10.1080/13632752.2013.816199,,,0,0
https://openalex.org/w2141174826,https://doi.org/10.1080/10459880903472843,,,0,0
https://openalex.org/w2577830281,https://doi.org/10.1080/00313831.2016.1261042,,,0,0
https://openalex.org/w2761290714,https://doi.org/10.1080/1350293x.2017.1380884,,,0,0
https://openalex.org/w2886228364,https://doi.org/10.1007/s10833-018-9333-4,,,0,0
https://openalex.org/w1702017413,https://doi.org/10.1080/13540602.2015.1044326,,,0,0
https://openalex.org/w2736250691,https://doi.org/10.3390/socsci6030074,,,0,0
https://openalex.org/w2045120572,https://doi.org/10.1016/j.system.2014.04.003,,,0,0
https://openalex.org/w2089496204,https://doi.org/10.1016/s0145-2134(00)00123-x,,,0,0
https://openalex.org/w3020607825,https://doi.org/10.33806/ijaes2000.20.1.3,,,0,0
https://openalex.org/w2259588196,https://doi.org/10.17105/spr-14-0033.1,,,0,0
https://openalex.org/w1999699352,https://doi.org/10.1080/07908311003632519,,,0,0
https://openalex.org/w2625389380,https://doi.org/10.1186/s13229-017-0144-x,,,0,0
https://openalex.org/w2983706231,https://doi.org/10.1080/00461520.2019.1652098,,,0,0
https://openalex.org/w3037373889,https://doi.org/10.1016/j.econedurev.2020.102014,,,0,0
https://openalex.org/w1587161563,,,,0,0
https://openalex.org/w2055030948,https://doi.org/10.1080/15374416.2013.873985,,,0,0
https://openalex.org/w2747680544,https://doi.org/10.5294/laclil.2017.10.1.4,,,0,0
https://openalex.org/w2925288952,https://doi.org/10.1177/1365480219832415,,,0,0
https://openalex.org/w3039505340,https://doi.org/10.1177/1362168820931897,,,0,0
https://openalex.org/w2726656390,https://doi.org/10.1080/0309877x.2017.1302566,,,0,0
https://openalex.org/w2009262883,https://doi.org/10.1016/j.compedu.2010.08.006,,,0,0
https://openalex.org/w2295487375,https://doi.org/10.1037/edu0000049,,044-483-743-979-551,1,1
https://openalex.org/w2954751271,https://doi.org/10.26817/16925777.441,,,0,0
https://openalex.org/w2172251310,https://doi.org/10.1080/07380569.2013.805676,,,0,0
https://openalex.org/w2769910107,https://doi.org/10.1177/1463949117742782,,,0,0
https://openalex.org/w1971695431,https://doi.org/10.1016/j.ecresq.2015.01.008,,,0,0
https://openalex.org/w2049927682,https://doi.org/10.1007/s10857-013-9258-z,,,0,0
https://openalex.org/w2027603479,https://doi.org/10.1177/0165025414548775,,,0,0
https://openalex.org/w3036550639,https://doi.org/10.1177/0300060520929855,,,0,0
https://openalex.org/w2167179655,https://doi.org/10.1002/tea.20239,,,0,0
https://openalex.org/w1923077927,https://doi.org/10.1177/1076217515583742,,,0,0
https://openalex.org/w2061741688,https://doi.org/10.1080/03004270903130796,,,0,0
https://openalex.org/w2792079423,https://doi.org/10.1016/j.lcsi.2017.12.002,,,0,0
https://openalex.org/w2743738245,https://doi.org/10.1007/s11165-017-9642-2,,,0,0
https://openalex.org/w2060431242,https://doi.org/10.1177/0272431608320126,,,0,0
https://openalex.org/w2097639353,https://doi.org/10.3102/0002831208316256,,,0,0
https://openalex.org/w1981484063,https://doi.org/10.1080/15374416.2011.533409,,037-371-204-824-841,1,1
https://openalex.org/w2912993001,https://doi.org/10.1080/00220671.2018.1545214,,,0,0
https://openalex.org/w1968259036,https://doi.org/10.2190/de.40.4.e,,,0,0
https://openalex.org/w2554698033,,,,0,0
https://openalex.org/w43884035,https://doi.org/10.1177/107429561202200103,,,0,0
https://openalex.org/w2161800879,,,,0,0
https://openalex.org/w3048319842,,,,0,0
https://openalex.org/w2945991682,https://doi.org/10.1177/0013124519846279,,,0,0
https://openalex.org/w1977235853,https://doi.org/10.1080/10409289.2010.497451,,,0,0
https://openalex.org/w2346940173,https://doi.org/10.3126/kumj.v13i3.16801,,,0,0
https://openalex.org/w2002872865,https://doi.org/10.1037/0022-0167.54.3.320,,004-412-461-810-29X,1,1
https://openalex.org/w2081987434,https://doi.org/10.1080/09500690802516538,,,0,0
https://openalex.org/w2070602982,https://doi.org/10.1002/yd.90,,,0,0
https://openalex.org/w1570404220,https://doi.org/10.1023/a:1010448604838,,,1,1
https://openalex.org/w2138536010,https://doi.org/10.1080/01587919.2013.835772,,,0,0
https://openalex.org/w2095256292,https://doi.org/10.1080/09243453.2013.808233,,,0,0
https://openalex.org/w2070410555,https://doi.org/10.1016/j.cogdev.2004.09.004,,,0,0
https://openalex.org/w1995143399,https://doi.org/10.1016/s0193-3973(03)00028-5,,,0,0
https://openalex.org/w1723159048,https://doi.org/10.3233/irg-2007-17(3)03,,,0,0
https://openalex.org/w2305597764,https://doi.org/10.1080/19463014.2015.1116103,,,0,0
https://openalex.org/w2126667115,https://doi.org/10.5281/zenodo.1077781,,,0,0
https://openalex.org/w2903197128,https://doi.org/10.1016/j.cedpsych.2018.11.005,,,1,1
https://openalex.org/w2894284226,https://doi.org/10.3390/brainsci8100183,,,0,0
https://openalex.org/w2182459490,https://doi.org/10.1080/00131881.2018.1451759,,,0,0
https://openalex.org/w2161189741,https://doi.org/10.1007/s10802-015-0060-5,,,0,0
https://openalex.org/w3035817118,https://doi.org/10.1080/17447143.2020.1780243,,,0,0
https://openalex.org/w2087484965,https://doi.org/10.1080/13603124.2010.482674,,,0,0
https://openalex.org/w2082129232,https://doi.org/10.1080/001318800363953,,,0,0
https://openalex.org/w2938991962,https://doi.org/10.1080/10508406.2019.1573730,,,0,0
https://openalex.org/w2015540091,https://doi.org/10.1080/10901021003781148,,,0,0
https://openalex.org/w2001854438,https://doi.org/10.1080/09518390903473388,,,0,0
https://openalex.org/w331553723,,,,0,0
https://openalex.org/w2607385183,https://doi.org/10.1080/10474412.2017.1305279,,,0,0
https://openalex.org/w2000644775,https://doi.org/10.1037/a0036091,,,0,0
https://openalex.org/w2007834841,https://doi.org/10.1353/aad.2012.0109,,,0,0
https://openalex.org/w2553388317,https://doi.org/10.55016/ojs/ajer.v54i4.55252,,,0,0
https://openalex.org/w2507922703,https://doi.org/10.3389/fpsyg.2016.01311,,,0,0
https://openalex.org/w1746491475,https://doi.org/10.19183/how.21.1.17,,,0,0
https://openalex.org/w2564935590,https://doi.org/10.1080/00461520.2016.1258173,,,0,0
https://openalex.org/w3004763382,,,,0,1
https://openalex.org/w105186933,,,,0,0
https://openalex.org/w2560752194,https://doi.org/10.1007/s11121-016-0743-3,,,0,0
https://openalex.org/w2803564985,https://doi.org/10.1080/00131881.2018.1463144,,,0,0
https://openalex.org/w3016683348,https://doi.org/10.1080/01639625.2020.1752601,,,0,0
https://openalex.org/w2079660405,https://doi.org/10.1007/bf03173140,,,0,0
https://openalex.org/w2597336842,https://doi.org/10.1080/00220671.2017.1284040,,,0,1
https://openalex.org/w1534042195,https://doi.org/10.1177/016146810911101103,,,0,0
https://openalex.org/w2163105770,https://doi.org/10.1177/001440290907500401,,,0,0
https://openalex.org/w2893524266,https://doi.org/10.1016/j.psicoe.2018.09.002,,,1,1
https://openalex.org/w2067696335,https://doi.org/10.17509/ijal.v3i1.190,,,0,0
https://openalex.org/w2192392566,https://doi.org/10.1016/j.appdev.2015.04.009,,,0,0
https://openalex.org/w2732673961,https://doi.org/10.1016/j.system.2017.06.015,,,0,0
https://openalex.org/w2951178947,https://doi.org/10.1080/10409289.2019.1584502,,,0,0
https://openalex.org/w2009245187,https://doi.org/10.1016/s0360-1315(01)00044-6,,,0,0
https://openalex.org/w1592430652,https://doi.org/10.14746/ssllt.2011.1.1.5,,,0,0
https://openalex.org/w2463988631,https://doi.org/10.1016/j.jvoice.2016.02.017,,,0,0
https://openalex.org/w2173843094,https://doi.org/10.1080/2331186x.2015.1115574,,,0,0
https://openalex.org/w2990637556,https://doi.org/10.1016/j.jsp.2019.09.001,,040-097-575-683-100,1,1
https://openalex.org/w2559819275,https://doi.org/10.1007/s00787-016-0928-0,,,0,0
https://openalex.org/w2403338816,https://doi.org/10.1080/00220973.2016.1182885,,,0,0
https://openalex.org/w2905514025,https://doi.org/10.1080/10409289.2018.1544809,,,0,0
https://openalex.org/w2612365358,https://doi.org/10.1177/1362168817708462,,,0,0
https://openalex.org/w2067239972,https://doi.org/10.1177/1534650103259676,,,0,0
https://openalex.org/w2122338293,https://doi.org/10.1007/s11218-012-9179-1,,,0,0
https://openalex.org/w2898102271,https://doi.org/10.1002/tea.21520,,,0,0
https://openalex.org/w2042828818,https://doi.org/10.1080/09500782.2010.547199,,,0,0
https://openalex.org/w2971650495,https://doi.org/10.1080/0020739x.2019.1658817,,,0,0
https://openalex.org/w2771170602,,,,1,1
https://openalex.org/w2436527391,https://doi.org/10.1016/j.linged.2016.05.004,,,0,0
https://openalex.org/w2338312972,https://doi.org/10.1080/08824096.2016.1154834,,,0,0
https://openalex.org/w2757678081,https://doi.org/10.3102/0013189x17726727,,,0,0
https://openalex.org/w2805926791,https://doi.org/10.1080/19361653.2018.1472050,,,0,0
https://openalex.org/w2800914683,https://doi.org/10.14221/ajte.2018v43n4.8,,,0,0
https://openalex.org/w1619663692,,,,0,0
https://openalex.org/w2793740684,https://doi.org/10.1016/j.system.2018.02.003,,,0,0
https://openalex.org/w2341135863,https://doi.org/10.1080/13540602.2016.1158958,,,0,0
https://openalex.org/w2010144227,https://doi.org/10.1080/02568540509595071,,,0,0
https://openalex.org/w2148854767,https://doi.org/10.1007/s10964-014-0145-4,,024-753-740-989-756,1,1
https://openalex.org/w2797639749,https://doi.org/10.1080/15391523.2018.1450690,,,0,0
https://openalex.org/w2883195948,https://doi.org/10.1353/csd.2018.0039,,,0,0
https://openalex.org/w2740240228,https://doi.org/10.1109/te.2017.2729498,,,0,0
https://openalex.org/w2313115172,https://doi.org/10.2190/ec.51.2.d,,,0,0
https://openalex.org/w2987933367,https://doi.org/10.17051/ilkonline.2020.644822,,,0,0
https://openalex.org/w2132856592,https://doi.org/10.1080/10986060701854482,,,0,0
https://openalex.org/w2120901247,https://doi.org/10.14221/ajte.2012v37n12.2,,,0,0
https://openalex.org/w2116645563,https://doi.org/10.1111/j.1467-8624.2010.01444.x,,,0,0
https://openalex.org/w2101647101,https://doi.org/10.1080/00094056.2002.10522743,,,0,0
https://openalex.org/w3019610972,https://doi.org/10.21272/mmi.2020.1-03,,,0,0
https://openalex.org/w2989593521,https://doi.org/10.33828/sei.v30.i4.2,,,0,0
https://openalex.org/w2909126701,https://doi.org/10.1080/1034912x.2018.1562158,,,0,0
https://openalex.org/w2915889181,,,,0,0
https://openalex.org/w2128681399,https://doi.org/10.1080/01425690802423288,,,0,0
https://openalex.org/w2512723504,https://doi.org/10.1177/1367006916666389,,,0,0
https://openalex.org/w2052442094,https://doi.org/10.1080/15388220.2011.602614,,050-948-982-916-878,1,1
https://openalex.org/w3013848851,https://doi.org/10.12973/ijem.5.4.535,,,0,0
https://openalex.org/w2567138254,https://doi.org/10.1515/humor-2015-0065,,,0,0
https://openalex.org/w2800865794,https://doi.org/10.4103/intv.intv_6_18,,,0,0
https://openalex.org/w1977815560,https://doi.org/10.1007/s10643-014-0655-4,,,0,0
https://openalex.org/w2397870431,https://doi.org/10.1177/016146811311501201,,,0,0
https://openalex.org/w2020302480,https://doi.org/10.5539/elt.v3n1p32,,,0,0
https://openalex.org/w1592387548,https://doi.org/10.4471/ijep.2015.04,,,0,0
https://openalex.org/w1995766413,https://doi.org/10.1080/714044338,,,0,0
https://openalex.org/w2095632891,https://doi.org/10.1017/s0958344006000619,,,0,0
https://openalex.org/w4401435526,https://doi.org/10.29140/jaltcall.v9n3.j159,,,0,0
https://openalex.org/w2294249013,https://doi.org/10.3102/0002831216629207,,,0,0
https://openalex.org/w2739408923,https://doi.org/10.1177/004005990603900203,,,0,0
https://openalex.org/w2770498059,https://doi.org/10.1017/s0954579417001389,,,0,0
https://openalex.org/w2720418193,https://doi.org/10.24093/awej/vol8no2.14,,,0,0
https://openalex.org/w2902394069,https://doi.org/10.1080/10508406.2018.1522258,,,0,0
https://openalex.org/w3037274715,https://doi.org/10.1108/ils-04-2020-0117,,,0,0
https://openalex.org/w2087923803,https://doi.org/10.1080/15388220.2014.895943,,,0,0
https://openalex.org/w2980408077,https://doi.org/10.1016/j.childyouth.2019.104510,,,0,0
https://openalex.org/w2891935817,,,,0,0
https://openalex.org/w2486162984,https://doi.org/10.1080/09500693.2016.1213457,,,0,0
https://openalex.org/w2400924643,https://doi.org/10.1111/ajsp.12139,,,0,0
https://openalex.org/w2100841035,https://doi.org/10.1080/02568543.2013.796330,,,0,0
https://openalex.org/w2170260247,https://doi.org/10.1002/pits.10004,,,0,0
https://openalex.org/w2557360754,https://doi.org/10.1037/edu0000157,,010-380-675-529-480,1,1
https://openalex.org/w2809994808,https://doi.org/10.1007/s11251-018-9463-3,,,0,0
https://openalex.org/w2085792543,https://doi.org/10.1108/17504971211236245,,,0,0
https://openalex.org/w2769067348,https://doi.org/10.1007/s11218-017-9407-9,,,0,1
https://openalex.org/w2187778401,https://doi.org/10.30935/scimath/9397,,,0,0
https://openalex.org/w2898449269,https://doi.org/10.1007/s11528-018-0347-9,,,0,0
https://openalex.org/w3030695954,https://doi.org/10.1016/j.compedu.2020.103935,,,0,0
https://openalex.org/w2001465919,https://doi.org/10.1080/0305764x.2014.921281,,,0,0
https://openalex.org/w2906612495,https://doi.org/10.32014/2018.2518-1467.47,,,0,0
https://openalex.org/w2268981678,https://doi.org/10.1177/0014402915598780,,,0,0
https://openalex.org/w2075340814,https://doi.org/10.1080/03069885.2014.896452,,,0,0
https://openalex.org/w2286456309,,,,0,0
https://openalex.org/w1892784037,https://doi.org/10.5430/ijhe.v5n1p1,,,0,0
https://openalex.org/w2083068714,https://doi.org/10.1080/10409289.2011.569317,,062-626-161-812-813,1,1
https://openalex.org/w2038671977,https://doi.org/10.1007/s10649-006-4437-9,,,0,0
https://openalex.org/w2979805247,https://doi.org/10.1080/00405841.2019.1665414,,,0,0
https://openalex.org/w589833705,https://doi.org/10.18848/2327-7963/cgp/v19i04/48934,,,0,0
https://openalex.org/w3004631755,https://doi.org/10.7334/psicothema2019.125,,,0,0
https://openalex.org/w2000014231,https://doi.org/10.1177/1469787402003003005,,,0,0
https://openalex.org/w2004237830,https://doi.org/10.1080/03004279.2014.973896,,,0,0
https://openalex.org/w2910508781,https://doi.org/10.1007/s12187-019-9628-x,,,1,1
https://openalex.org/w2598782607,https://doi.org/10.1371/journal.pone.0174139,,,0,0
https://openalex.org/w2887183288,https://doi.org/10.1016/j.childyouth.2018.08.007,,,0,0
https://openalex.org/w2025238724,https://doi.org/10.3109/02770903.2014.955190,,,0,0
https://openalex.org/w2580578139,https://doi.org/10.1016/j.childyouth.2017.01.018,,,0,0
https://openalex.org/w1580039439,https://doi.org/10.3200/gntp.166.3.297-312,,,0,0
https://openalex.org/w2561734951,https://doi.org/10.17239/l1esll-2016.16.01.09,,,0,0
https://openalex.org/w1984365453,https://doi.org/10.1080/01443410500342500,,025-904-259-933-045,1,1
https://openalex.org/w2913483519,https://doi.org/10.1002/pits.22233,,,0,0
https://openalex.org/w2981706752,https://doi.org/10.1093/cs/cdz017,,,0,0
https://openalex.org/w2281790086,,,,0,0
https://openalex.org/w1655994343,https://doi.org/10.15639/teflinjournal.v26i2/247-264,,,0,0
https://openalex.org/w2769051739,https://doi.org/10.1080/03004279.2017.1404620,,,0,0
https://openalex.org/w2898281327,https://doi.org/10.1080/02671522.2018.1536888,,,0,0
https://openalex.org/w3006627281,https://doi.org/10.1007/s10648-020-09521-5,,,0,0
https://openalex.org/w2130713119,https://doi.org/10.1558/cj.v22i3.537-566,,,0,0
https://openalex.org/w1992546118,https://doi.org/10.1207/s15566935eed1301_3,,,0,0
https://openalex.org/w2986335002,https://doi.org/10.14507/epaa.27.4296,,,0,0
https://openalex.org/w1981026531,https://doi.org/10.1016/s0885-2006(00)00051-x,,,0,0
https://openalex.org/w174890899,,,,0,0
https://openalex.org/w2964735622,https://doi.org/10.2147/jmdh.s204557,,,0,1
https://openalex.org/w2143379839,https://doi.org/10.1080/10901027.2012.705809,,,0,0
https://openalex.org/w2046545336,https://doi.org/10.1080/07380560802688257,,,0,0
https://openalex.org/w51977647,,,,0,0
https://openalex.org/w1984306317,https://doi.org/10.1007/s11858-011-0376-8,,,0,0
https://openalex.org/w1794925750,https://doi.org/10.1002/rrq.53,,160-044-867-868-651,1,1
https://openalex.org/w2753690404,https://doi.org/10.1016/j.cedpsych.2017.09.002,,,0,0
https://openalex.org/w2048516773,https://doi.org/10.4304/tpls.3.6.903-909,,,0,0
https://openalex.org/w2072937936,https://doi.org/10.1016/j.compedu.2013.07.009,,,0,0
https://openalex.org/w2793201477,https://doi.org/10.1109/tlt.2018.2818139,,,0,0
https://openalex.org/w2888821156,https://doi.org/10.1016/j.chiabu.2018.07.027,,,0,0
https://openalex.org/w2343322291,https://doi.org/10.1177/0264619616643180,,,0,0
https://openalex.org/w2154246486,https://doi.org/10.1177/1356336x15569373,,,0,0
https://openalex.org/w2078026984,https://doi.org/10.1080/02568543.2012.657744,,,0,0
https://openalex.org/w2048360742,https://doi.org/10.1016/j.cedpsych.2013.06.003,,,0,0
https://openalex.org/w2810918188,https://doi.org/10.1080/15377903.2018.1479911,,,0,0
https://openalex.org/w2050315200,https://doi.org/10.1080/07294360.2010.502292,,,0,0
https://openalex.org/w3040816358,https://doi.org/10.1080/1475939x.2020.1788980,,,0,0
https://openalex.org/w2577659957,https://doi.org/10.5539/ijel.v7n2p106,,,0,0
https://openalex.org/w1883282775,https://doi.org/10.1177/016235320202600103,,,0,0
https://openalex.org/w2780303311,https://doi.org/10.5539/jel.v7n2p89,,,0,0
https://openalex.org/w2001785755,https://doi.org/10.17576/gema-2014-1401-07,,,0,0
https://openalex.org/w1927277048,https://doi.org/10.1111/j.1365-2788.2011.01513.x,,,0,0
https://openalex.org/w2036361384,https://doi.org/10.1080/10749030903362707,,,0,0
https://openalex.org/w2149070259,https://doi.org/10.1177/109625060500900101,,,0,0
https://openalex.org/w1985396605,https://doi.org/10.1080/00131880500498438,,,0,0
https://openalex.org/w2144184870,https://doi.org/10.1177/0165025408089274,,,0,0
https://openalex.org/w2782535371,https://doi.org/10.1177/2332858417750376,,,0,0
https://openalex.org/w2792794056,https://doi.org/10.2478/ajis-2018-0018,,,0,0
https://openalex.org/w2006493704,https://doi.org/10.1037/a0016647,,,0,0
https://openalex.org/w2791020978,https://doi.org/10.1136/jech-2017-209858,,005-784-848-835-874,1,1
https://openalex.org/w3004025674,https://doi.org/10.1080/09500693.2019.1710873,,,0,0
https://openalex.org/w2097075710,https://doi.org/10.1901/jaba.2006.146-04,,,0,0
https://openalex.org/w3004150460,https://doi.org/10.26803/ijlter.18.13.4,,,0,0
https://openalex.org/w2892820881,https://doi.org/10.1080/02602938.2018.1485012,,,0,0
https://openalex.org/w2795359731,https://doi.org/10.2505/4/jcst18_047_04_60,,,0,0
https://openalex.org/w2945122553,https://doi.org/10.1353/rhe.2019.0044,,,0,0
https://openalex.org/w1983742116,https://doi.org/10.1007/s10447-008-9065-x,,,0,0
https://openalex.org/w2061697778,https://doi.org/10.1348/000709909x484479,,008-499-534-196-295,1,1
https://openalex.org/w3033572411,https://doi.org/10.1007/s11858-020-01171-9,,,0,0
https://openalex.org/w2154561699,https://doi.org/10.4219/jeg-2008-850,,,0,0
https://openalex.org/w2022959688,https://doi.org/10.1016/j.ecresq.2014.05.010,,,0,0
https://openalex.org/w2995715346,https://doi.org/10.1515/cjal-2019-0018,,,0,0
https://openalex.org/w2026353070,https://doi.org/10.1037/a0031283,,,0,0
https://openalex.org/w2769094370,https://doi.org/10.1080/09751122.2016.11890418,,,0,0
https://openalex.org/w2123374154,https://doi.org/10.1177/000271620056700108,,,0,0
https://openalex.org/w2091231400,https://doi.org/10.1002/pits.1040,,,0,0
https://openalex.org/w2777834005,https://doi.org/10.3389/fpsyg.2017.02235,,049-780-722-002-293,1,1
https://openalex.org/w2758213290,https://doi.org/10.1080/13562517.2017.1379482,,,0,0
https://openalex.org/w2186428912,https://doi.org/10.5829/idosi.mejsr.2013.17.02.12182,,,0,0
https://openalex.org/w2905847900,https://doi.org/10.32381/jpr.2018.13.01.15,,,0,0
https://openalex.org/w2915044369,https://doi.org/10.1108/itse-10-2018-0081,,,0,0
https://openalex.org/w3004445623,https://doi.org/10.1016/j.childyouth.2020.104835,,,0,0
https://openalex.org/w2486952111,https://doi.org/10.1017/s0816512200028492,,,0,0
https://openalex.org/w2074955297,https://doi.org/10.1016/j.iheduc.2008.06.004,,,0,0
https://openalex.org/w2898746242,https://doi.org/10.18251/ijme.v20i3.1627,,,0,0
https://openalex.org/w2793226520,https://doi.org/10.7575/aiac.alls.v.9n.1p.102,,,0,0
https://openalex.org/w2469160821,,,,0,0
https://openalex.org/w2614706793,https://doi.org/10.1080/09500782.2017.1326504,,,0,0
https://openalex.org/w2804406727,https://doi.org/10.1103/physrevphyseducres.14.010130,,,0,0
https://openalex.org/w2784006015,https://doi.org/10.1080/13562517.2018.1437130,,,0,0
https://openalex.org/w2968000296,https://doi.org/10.1344/der.2019.35.299-308,,,0,0
https://openalex.org/w2028672672,https://doi.org/10.1080/13632752.2014.931018,,001-782-640-276-765,1,1
https://openalex.org/w2553380346,https://doi.org/10.1177/0020764016678015,,,0,0
https://openalex.org/w2201051297,https://doi.org/10.1007/s10212-013-0182-5,,,0,0
https://openalex.org/w2890227999,https://doi.org/10.1016/j.linged.2018.09.001,,,0,0
https://openalex.org/w2439775290,"https://doi.org/10.1207/s15327809jls11,2-3n_7",,,0,0
https://openalex.org/w311090801,https://doi.org/10.58680/ej201012729,,,0,0
https://openalex.org/w1691685900,https://doi.org/10.1080/09613218.2015.1058093,,,0,0
https://openalex.org/w2346695272,https://doi.org/10.1177/0272431616636231,,090-473-003-891-510,1,1
https://openalex.org/w2130734379,https://doi.org/10.1177/1468798414551942,,,0,0
https://openalex.org/w2068423205,https://doi.org/10.1007/s12564-011-9193-6,,,0,0
https://openalex.org/w2509853597,https://doi.org/10.1080/00094056.2016.1226106,,,0,0
https://openalex.org/w2901561718,https://doi.org/10.18355/xl.2018.11.04.09,,,0,0
https://openalex.org/w3037039632,https://doi.org/10.1016/j.tate.2020.103126,,,0,0
https://openalex.org/w2113218171,https://doi.org/10.1111/j.1949-8594.2006.tb18137.x,,,0,0
https://openalex.org/w2516091677,https://doi.org/10.1016/j.lindif.2016.08.001,,,0,0
https://openalex.org/w1966962178,https://doi.org/10.1016/j.psychsport.2010.04.001,,,1,1
https://openalex.org/w2146663482,https://doi.org/10.1177/1476718x12466217,,,0,0
https://openalex.org/w46451656,https://doi.org/10.1177/019874290603100402,,,0,0
https://openalex.org/w2940154378,https://doi.org/10.1016/j.childyouth.2019.04.019,,018-219-001-285-336,1,1
https://openalex.org/w2110574697,https://doi.org/10.1177/1088357611421169,,,0,0
https://openalex.org/w2292796929,https://doi.org/10.1016/j.lcsi.2016.02.005,,,0,0
https://openalex.org/w2782155642,https://doi.org/10.1016/j.chiabu.2017.12.008,,,0,0
https://openalex.org/w2018714637,https://doi.org/10.1080/09500690802308654,,,0,0
https://openalex.org/w2044773498,https://doi.org/10.1037/0022-0663.98.4.750,,,0,0
https://openalex.org/w1888612867,https://doi.org/10.1007/s10984-015-9196-z,,,0,0
https://openalex.org/w2091785076,https://doi.org/10.1080/0030443001610103,,,0,0
https://openalex.org/w2743851636,https://doi.org/10.1123/jsep.2016-0198,,,0,0
https://openalex.org/w1549366439,,,,0,0
https://openalex.org/w3046165586,https://doi.org/10.1177/0017896920946061,,,0,0
https://openalex.org/w2972422867,https://doi.org/10.9743/jeo.2019.16.2.10,,,0,0
https://openalex.org/w2796500136,https://doi.org/10.32674/jis.v8i1.174,,,0,0
https://openalex.org/w2057334365,https://doi.org/10.6018/analesps.29.1.123311,,,0,0
https://openalex.org/w2776235969,https://doi.org/10.1177/0044118x17714808,,,0,0
https://openalex.org/w2963092343,https://doi.org/10.4102/sajce.v9i1.679,,,0,0
https://openalex.org/w2044686661,https://doi.org/10.1080/02568540609594587,,,0,0
https://openalex.org/w2964396867,https://doi.org/10.1016/j.adolescence.2019.07.011,,,0,0
https://openalex.org/w2606027427,https://doi.org/10.1016/j.adolescence.2017.03.001,,,0,0
https://openalex.org/w2028376255,https://doi.org/10.1521/jscp.2011.30.6.570,,,0,0
https://openalex.org/w2077427599,https://doi.org/10.1080/17408989.2014.882889,,,0,0
https://openalex.org/w2735949582,https://doi.org/10.1080/02607476.2017.1355080,,,0,0
https://openalex.org/w2391849195,https://doi.org/10.1177/0098628316649492,,,0,0
https://openalex.org/w2906376455,https://doi.org/10.12738/estp.2018.5.032,,,0,0
https://openalex.org/w2092768302,https://doi.org/10.1300/j474v15n04_03,,,0,0
https://openalex.org/w1948392547,https://doi.org/10.1111/j.1467-8624.2012.01745.x,,,0,0
https://openalex.org/w2883039324,https://doi.org/10.1111/modl.12495,,,0,0
https://openalex.org/w3022946701,,,,0,0
https://openalex.org/w2559846808,https://doi.org/10.3402/ijch.v75.30706,,,0,0
https://openalex.org/w3047413091,https://doi.org/10.1080/17501229.2020.1800708,,,0,0
https://openalex.org/w2070584512,https://doi.org/10.1080/09500693.2014.889867,,,0,0
https://openalex.org/w2050144617,https://doi.org/10.1080/02607476.2015.1010874,,,0,0
https://openalex.org/w2972065916,https://doi.org/10.15503/jecs20192.189.200,,,0,0
https://openalex.org/w4389281020,,,,0,0
https://openalex.org/w2995290694,https://doi.org/10.1016/j.edurev.2019.100309,,,0,0
https://openalex.org/w2068270264,https://doi.org/10.1007/bf03173688,,,0,0
https://openalex.org/w2185461808,https://doi.org/10.15390/es.2014.1274,,,0,0
https://openalex.org/w2916195721,https://doi.org/10.1080/03323315.2019.1576536,,,0,0
https://openalex.org/w2077674591,https://doi.org/10.1207/s15326985ep3702_5,,,0,0
https://openalex.org/w2948431716,https://doi.org/10.1037/dhe0000076,,,0,0
https://openalex.org/w2886924055,https://doi.org/10.1186/s12904-018-0354-9,,,0,0
https://openalex.org/w2079122372,https://doi.org/10.1177/1087054709356161,,,0,0
https://openalex.org/w2010511360,https://doi.org/10.14221/ajte.2012v37n2.6,,,0,0
https://openalex.org/w1992151951,https://doi.org/10.1109/te.2014.2298218,,,0,0
https://openalex.org/w3126084431,https://doi.org/10.24093/awej/vol8no1.7,,,0,0
https://openalex.org/w2765982416,https://doi.org/10.17105/spr-2017-0060.v46-3,,,0,0
https://openalex.org/w1988017334,https://doi.org/10.1016/j.jsp.2010.08.002,,,1,1
https://openalex.org/w1988523598,https://doi.org/10.1111/bjep.12032,,,0,0
https://openalex.org/w2509770889,https://doi.org/10.1108/ijlls-02-2016-0004,,,0,0
https://openalex.org/w1995513288,https://doi.org/10.1016/j.lindif.2011.10.005,,,1,1
https://openalex.org/w2560717735,https://doi.org/10.1080/00131725.2016.1243182,,,0,0
https://openalex.org/w2809724145,https://doi.org/10.1007/s40839-018-0057-9,,,0,0
https://openalex.org/w2184827420,https://doi.org/10.30935/scimath/9426,,,0,0
https://openalex.org/w1965868264,https://doi.org/10.2307/40264304,,,0,0
https://openalex.org/w2006221554,https://doi.org/10.1080/13540602.2013.827452,,,0,0
https://openalex.org/w2005580670,https://doi.org/10.1080/1350293x.2015.1016806,,,0,0
https://openalex.org/w1985156667,https://doi.org/10.1111/j.1467-9450.2005.00460.x,,118-596-462-348-319,1,1
https://openalex.org/w2076522365,https://doi.org/10.1016/j.cedpsych.2013.12.002,,,0,0
https://openalex.org/w2057835580,https://doi.org/10.1007/s10643-012-0516-y,,,0,0
https://openalex.org/w2314591146,https://doi.org/10.1007/s40688-016-0089-7,,,1,1
https://openalex.org/w2153562051,https://doi.org/10.1086/499760,,,0,0
https://openalex.org/w2799504714,https://doi.org/10.13189/ujer.2018.060512,,,0,0
https://openalex.org/w1979606330,https://doi.org/10.1080/01443410.2011.648903,,077-860-322-642-772,1,1
https://openalex.org/w3047654698,https://doi.org/10.1080/00933104.2020.1795764,,,0,0
https://openalex.org/w38635771,https://doi.org/10.5408/1089-9995-52.5.472,,,0,0
https://openalex.org/w2157619469,https://doi.org/10.1080/09669760.2012.715012,,,0,0
https://openalex.org/w2121985713,https://doi.org/10.1017/s0261444809005722,,,0,0
https://openalex.org/w2096459731,https://doi.org/10.1080/14703290701757450,,,0,0
https://openalex.org/w2897225504,https://doi.org/10.1007/s11145-018-9910-1,,,0,0
https://openalex.org/w1979390516,https://doi.org/10.5993/ajhb.31.3.7,,,0,0
https://openalex.org/w2002456406,https://doi.org/10.1177/0305735606059105,,,0,0
https://openalex.org/w1984907000,https://doi.org/10.1016/j.ecresq.2011.02.004,,,1,1
https://openalex.org/w2151422111,https://doi.org/10.1111/j.1746-1561.2011.00645.x,,,0,0
https://openalex.org/w2992490116,,,,0,0
https://openalex.org/w2160578172,https://doi.org/10.1080/14616734.2012.673277,,,0,0
https://openalex.org/w2572090080,https://doi.org/10.1016/j.tate.2016.12.012,,,0,0
https://openalex.org/w4253817565,https://doi.org/10.31901/24566322.2015/10.01.12,,,0,0
https://openalex.org/w2914472165,https://doi.org/10.9743/jeo.2019.16.1.6,,,0,0
https://openalex.org/w2544373815,https://doi.org/10.1007/s11412-016-9244-4,,,0,0
https://openalex.org/w2795368989,https://doi.org/10.19030/cier.v11i2.10150,,,0,0
https://openalex.org/w2042296993,https://doi.org/10.1080/07370008.2013.857319,,,0,0
https://openalex.org/w2282298981,https://doi.org/10.1037/edu0000035,,,0,0
https://openalex.org/w2322702096,https://doi.org/10.1037/a0033984,,,0,0
https://openalex.org/w2076889518,https://doi.org/10.1016/j.rasd.2012.02.003,,,0,0
https://openalex.org/w2914649748,https://doi.org/10.1080/00313831.2019.1577754,,,0,0
https://openalex.org/w1984302182,https://doi.org/10.1080/02671522.2011.610900,,,0,0
https://openalex.org/w2080358037,https://doi.org/10.1002/ss.384,,,0,0
https://openalex.org/w2943927905,https://doi.org/10.1080/17501229.2019.1614184,,,0,0
https://openalex.org/w98179633,https://doi.org/10.58680/la20065619,,,0,0
https://openalex.org/w1978505639,https://doi.org/10.1177/1096250612451760,,,0,0
https://openalex.org/w2170764416,https://doi.org/10.1017/s0267190511000122,,,0,0
https://openalex.org/w1986068860,https://doi.org/10.1080/15374410801955912,,013-222-423-991-64X,1,1
https://openalex.org/w1500925121,https://doi.org/10.1111/j.1467-9922.2012.00716.x,,,0,0
https://openalex.org/w2610438472,https://doi.org/10.1177/0022219417708172,,019-127-595-404-803,1,1
https://openalex.org/w1543861683,https://doi.org/10.1353/mpq.2011.a409872,,,0,0
https://openalex.org/w2621128400,https://doi.org/10.1007/s10798-017-9411-6,,,0,0
https://openalex.org/w2895940747,https://doi.org/10.1080/0020739x.2018.1535098,,,0,0
https://openalex.org/w2156872390,https://doi.org/10.1002/ab.21515,,,0,0
https://openalex.org/w2282354477,,,,0,0
https://openalex.org/w2803930539,https://doi.org/10.12973/eu-jer.7.2.281,,049-228-869-894-32X,1,1
https://openalex.org/w2072952500,https://doi.org/10.1186/1471-2458-11-278,,,0,0
https://openalex.org/w2470036026,,,,0,0
https://openalex.org/w2078261311,https://doi.org/10.1111/j.1467-8578.2011.00502.x,,,0,0
https://openalex.org/w2979143694,https://doi.org/10.1177/0042085919877928,,,0,0
https://openalex.org/w2404360801,https://doi.org/10.1177/1029864916649791,,,0,0
https://openalex.org/w2564040063,https://doi.org/10.3844/ajassp.2016.1377.1384,,,0,0
https://openalex.org/w2022181068,https://doi.org/10.1177/1469787410387814,,,0,0
https://openalex.org/w2548206718,,,,0,0
https://openalex.org/w2028472044,https://doi.org/10.1016/j.compedu.2012.10.019,,,0,0
https://openalex.org/w3000587305,,,,0,0
https://openalex.org/w2948629576,https://doi.org/10.1016/j.jsp.2019.02.003,,,0,0
https://openalex.org/w3097659313,https://doi.org/10.1002/cad.20257,,,0,0
https://openalex.org/w1207182298,https://doi.org/10.1007/s10802-015-0074-z,,,1,1
https://openalex.org/w2114033173,https://doi.org/10.1080/01650250344000109,,,0,0
https://openalex.org/w2482746034,https://doi.org/10.18848/2327-7963/cgp/v22i03/48858,,,0,0
https://openalex.org/w2898668666,,,,0,0
https://openalex.org/w319111507,https://doi.org/10.1007/s10802-015-0036-5,,,0,0
https://openalex.org/w2085510972,https://doi.org/10.1016/s0898-5898(03)00014-7,,,0,0
https://openalex.org/w2180893514,https://doi.org/10.1007/s40692-015-0044-z,,,0,0
https://openalex.org/w2983347327,https://doi.org/10.20511/pyr2019.v7nspe.316,,,0,0
https://openalex.org/w2061797592,https://doi.org/10.1080/10668920500442224,,,0,0
https://openalex.org/w2186919381,,,,0,0
https://openalex.org/w2908725584,,,,0,0
https://openalex.org/w2112717292,https://doi.org/10.1002/sce.20364,,,0,0
https://openalex.org/w2993764914,https://doi.org/10.58464/2155-5834.1212,,,0,0
https://openalex.org/w2938827624,https://doi.org/10.12973/eu-jer.8.1.87,,,0,0
https://openalex.org/w2898688601,https://doi.org/10.1080/08856257.2018.1542227,,,0,0
https://openalex.org/w2946458982,https://doi.org/10.1080/03057925.2019.1613344,,,0,0
https://openalex.org/w2887487820,https://doi.org/10.18848/2327-0128/cgp/v25i01/1-8,,,0,0
https://openalex.org/w2065583598,https://doi.org/10.1016/j.lindif.2014.09.001,,,0,0
https://openalex.org/w2892353452,https://doi.org/10.3102/0002831218798326,,,0,0
https://openalex.org/w2551530504,https://doi.org/10.1080/10409289.2016.1246287,,,0,0
https://openalex.org/w1972974055,https://doi.org/10.1080/10409280802230973,,,0,0
https://openalex.org/w2033727843,https://doi.org/10.1016/j.chb.2014.04.032,,,0,0
https://openalex.org/w2009419904,https://doi.org/10.1080/02619768.2013.858693,,,0,0
https://openalex.org/w2040060497,https://doi.org/10.1007/s11256-010-0162-x,,,0,0
https://openalex.org/w2051338545,https://doi.org/10.1353/mpq.2008.0006,,055-933-053-237-352,1,1
https://openalex.org/w246452228,,,,0,0
https://openalex.org/w2064768849,https://doi.org/10.1080/00207590701836364,,,0,0
https://openalex.org/w2075024498,https://doi.org/10.1111/sjop.12041,,,0,0
https://openalex.org/w331075698,,,,0,0
https://openalex.org/w279540832,,,,0,0
https://openalex.org/w2010414771,https://doi.org/10.1016/j.ecresq.2013.07.007,,,0,0
https://openalex.org/w2129658371,https://doi.org/10.1080/02673843.2001.9747893,,,0,0
https://openalex.org/w2140491139,https://doi.org/10.1177/00224669060390040301,,,0,0
https://openalex.org/w2914167969,https://doi.org/10.1002/ab.21817,,,0,0
https://openalex.org/w1982618176,https://doi.org/10.1177/1059840513489709,,,0,0
https://openalex.org/w2074522956,https://doi.org/10.1174/021347410792675589,,,0,0
https://openalex.org/w2934746479,https://doi.org/10.2478/eurodl-2019-0005,,,0,0
https://openalex.org/w4240100589,https://doi.org/10.4324/9781315108278-15,,,0,0
https://openalex.org/w2029196340,https://doi.org/10.1002/sce.20429,,,0,0
https://openalex.org/w2984165201,https://doi.org/10.1080/17525098.2019.1690206,,,0,0
https://openalex.org/w1575366789,https://doi.org/10.1016/j.ecresq.2019.05.002,,,0,0
https://openalex.org/w2790937438,https://doi.org/10.1016/j.tate.2018.01.002,,,0,0
https://openalex.org/w2790575944,https://doi.org/10.1080/15388220.2018.1428194,,,0,0
https://openalex.org/w2081783548,https://doi.org/10.1007/s007790170006,,,0,0
https://openalex.org/w2994995148,https://doi.org/10.1016/j.appdev.2019.101100,,,0,0
https://openalex.org/w1975958846,https://doi.org/10.1016/j.jsp.2014.11.005,,,1,1
https://openalex.org/w2267124017,https://doi.org/10.1016/j.learninstruc.2016.01.004,,,0,0
https://openalex.org/w3043681401,https://doi.org/10.1080/00313831.2020.1788144,,,0,0
https://openalex.org/w2271539932,https://doi.org/10.5539/elt.v9n3p49,,,0,0
https://openalex.org/w2073049033,https://doi.org/10.1348/000709906x101601,,,0,0
https://openalex.org/w2914797340,https://doi.org/10.1080/07294360.2019.1576595,,,0,0
https://openalex.org/w2943392464,,,,0,0
https://openalex.org/w1991297059,https://doi.org/10.1080/00220671.2011.627396,,,0,1
https://openalex.org/w2139135433,https://doi.org/10.1002/jcop.20523,,062-579-431-953-925,1,1
https://openalex.org/w2889061556,https://doi.org/10.1080/19415257.2018.1510427,,,0,0
https://openalex.org/w2030427360,https://doi.org/10.1002/pits.21612,,,0,0
https://openalex.org/w2809296089,https://doi.org/10.2989/17280583.2018.1476358,,,0,0
https://openalex.org/w2009211379,https://doi.org/10.1007/s11205-010-9625-4,,,0,0
https://openalex.org/w2811169447,https://doi.org/10.1002/pits.22151,,,0,0
https://openalex.org/w2074265390,https://doi.org/10.1007/s11205-012-0190-x,,,0,0
https://openalex.org/w1553091922,,,,0,0
https://openalex.org/w2015169344,https://doi.org/10.1080/13502930903101545,,,0,0
https://openalex.org/w2580653807,https://doi.org/10.1080/14681366.2017.1285345,,,0,0
https://openalex.org/w2530454014,https://doi.org/10.1016/j.ecresq.2016.08.005,,,0,0
https://openalex.org/w3026811901,https://doi.org/10.1017/s0047404520000275,,,0,0
https://openalex.org/w1997888063,https://doi.org/10.1016/j.asw.2010.01.002,,,0,0
https://openalex.org/w2089505695,https://doi.org/10.1007/s10802-013-9840-y,,,0,0
https://openalex.org/w2161742678,https://doi.org/10.1017/prp.2014.1,,,0,0
https://openalex.org/w1934716644,https://doi.org/10.1111/modl.12244,,,0,0
https://openalex.org/w2970809542,https://doi.org/10.1080/00313831.2019.1650822,,,0,0
https://openalex.org/w2133902142,https://doi.org/10.1111/j.1467-9604.2006.00393.x,,,0,0
https://openalex.org/w2074256534,https://doi.org/10.1017/s0954579412000156,,,0,0
https://openalex.org/w51728024,https://doi.org/10.5555/muvo.7.2.g1873050j72789l7,,,0,0
https://openalex.org/w2188900620,https://doi.org/10.1037/tps0000038,,,0,0
https://openalex.org/w274105926,,,,0,0
https://openalex.org/w2769190469,https://doi.org/10.12973/ejmste/80770,,,0,0
https://openalex.org/w1980883978,https://doi.org/10.1080/09500782.2012.739174,,,0,0
https://openalex.org/w2004688521,https://doi.org/10.1044/1058-0360(2011/11-0002),,,0,0
https://openalex.org/w2118270898,https://doi.org/10.1080/02568543.2013.851750,,,0,0
https://openalex.org/w4238919914,https://doi.org/10.2466/pr0.103.7.653-660,,,0,0
https://openalex.org/w2345720778,https://doi.org/10.1177/0165025416645667,,,0,0
https://openalex.org/w2021640887,https://doi.org/10.1037/spq0000067,,,0,0
https://openalex.org/w2141633964,https://doi.org/10.14221/ajte.2011v36n2.5,,,0,0
https://openalex.org/w2968363569,https://doi.org/10.1177/0271121419864419,,,0,0
https://openalex.org/w2779534707,https://doi.org/10.1037/edu0000224,,,0,0
https://openalex.org/w2149848167,https://doi.org/10.1007/s10984-007-9030-3,,,0,0
https://openalex.org/w2994741323,https://doi.org/10.18662/rrem/192,,,0,0
https://openalex.org/w2597041886,https://doi.org/10.1016/j.cedpsych.2017.03.004,,132-568-730-015-123,1,1
https://openalex.org/w2004861796,https://doi.org/10.1086/499688,,,0,0
https://openalex.org/w2989490858,https://doi.org/10.1177/1069072719884299,,,0,0
https://openalex.org/w2996712517,https://doi.org/10.12738/estp.2019.4.001,,,0,0
https://openalex.org/w2969708996,https://doi.org/10.1016/j.tate.2019.102904,,,0,0
https://openalex.org/w2146810346,https://doi.org/10.1177/0143034315573350,,052-982-255-496-012,1,1
https://openalex.org/w2953070851,https://doi.org/10.1177/1356336x19854477,,,0,0
https://openalex.org/w2918931834,https://doi.org/10.14658/pupj-ijse-2018-2-3,,,0,0
https://openalex.org/w2035821058,https://doi.org/10.1207/s15430421tip4204_9,,,0,0
https://openalex.org/w3025600890,,,,0,0
https://openalex.org/w2907145299,https://doi.org/10.20489/intjecse.506861,,,0,0
https://openalex.org/w3046503245,https://doi.org/10.1111/cfs.12784,,,0,0
https://openalex.org/w2002375878,https://doi.org/10.1080/09500780608668725,,,0,0
https://openalex.org/w2077792278,https://doi.org/10.14221/ajte.2013v38n7.3,,,0,0
https://openalex.org/w2014246000,https://doi.org/10.1016/j.linged.2009.08.001,,,0,0
https://openalex.org/w2329835205,https://doi.org/10.1177/1534508416641605,,,0,0
https://openalex.org/w2999627672,https://doi.org/10.1016/j.childyouth.2020.104762,,,1,1
https://openalex.org/w2516269201,https://doi.org/10.1086/687813,,,0,0
https://openalex.org/w1991539169,https://doi.org/10.1080/08870440310001594501,,,0,0
https://openalex.org/w2955113881,https://doi.org/10.12973/eu-jer.8.1.141,,,0,0
https://openalex.org/w2986248018,https://doi.org/10.1177/2381336919877854,,,0,0
https://openalex.org/w2903791733,https://doi.org/10.13133/1974-4854/16692,,,0,0
https://openalex.org/w2889575407,https://doi.org/10.1007/s10639-018-9804-5,,,0,0
https://openalex.org/w1981424387,https://doi.org/10.1080/03057640802702000,,,0,0
https://openalex.org/w2978679361,https://doi.org/10.1080/13670050.2019.1671309,,,0,0
https://openalex.org/w2584745910,https://doi.org/10.1080/03004430.2016.1278371,,,0,0
https://openalex.org/w2945014047,https://doi.org/10.1017/edp.2019.4,,,0,0
https://openalex.org/w2950882601,https://doi.org/10.1016/j.system.2019.06.005,,,0,0
https://openalex.org/w2096964722,https://doi.org/10.1037/spq0000014,,,0,0
https://openalex.org/w2022581946,https://doi.org/10.1080/02643944.2010.504218,,,0,0
https://openalex.org/w1968958996,https://doi.org/10.1080/02568543.2011.533115,,,0,0
https://openalex.org/w822765927,https://doi.org/10.1007/s10643-015-0725-2,,,0,0
https://openalex.org/w2737340208,https://doi.org/10.1007/s11165-017-9627-1,,,0,0
https://openalex.org/w3010252752,https://doi.org/10.1016/j.stueduc.2020.100861,,,0,0
https://openalex.org/w2963267687,https://doi.org/10.1080/15388220.2019.1644180,,113-588-991-885-708,1,1
https://openalex.org/w2910853731,https://doi.org/10.3102/0013189x18820291,,,0,0
https://openalex.org/w1983285905,https://doi.org/10.1002/pits.20511,,,0,0
https://openalex.org/w2076762720,https://doi.org/10.1007/s10519-015-9712-z,,,0,0
https://openalex.org/w2126593746,https://doi.org/10.1080/00405840902776418,,,0,0
https://openalex.org/w2889844385,https://doi.org/10.1007/s10984-018-9274-0,,,0,0
https://openalex.org/w2907524811,https://doi.org/10.2196/12895,,,0,0
https://openalex.org/w2946982322,https://doi.org/10.1080/02643944.2019.1618378,,,0,0
https://openalex.org/w2281126295,,,,0,0
https://openalex.org/w2069114251,https://doi.org/10.1080/03004430212130,,,0,0
https://openalex.org/w2791790203,,,,0,0
https://openalex.org/w218937095,https://doi.org/10.58680/vm20076143,,,0,0
https://openalex.org/w1984878463,https://doi.org/10.1080/02701367.2009.10599618,,061-960-847-211-796,1,1
https://openalex.org/w2999447816,https://doi.org/10.26803/ijlter.18.12.8,,,0,0
https://openalex.org/w2753445909,https://doi.org/10.1016/j.chiabu.2017.08.027,,,0,0
https://openalex.org/w1527508563,,,,0,0
https://openalex.org/w2765200369,https://doi.org/10.1177/2158244017739949,,,0,0
https://openalex.org/w2345918200,https://doi.org/10.1080/10901027.2016.1165762,,,0,0
https://openalex.org/w2910996880,https://doi.org/10.1016/j.pragma.2018.12.023,,,0,0
https://openalex.org/w2900789098,,,,0,0
https://openalex.org/w2909631708,https://doi.org/10.1016/j.ecresq.2018.12.012,,,1,1
https://openalex.org/w2287936096,https://doi.org/10.1016/j.cedpsych.2016.01.001,,,0,0
https://openalex.org/w2101689374,https://doi.org/10.1177/0143034311430406,,,0,1
https://openalex.org/w2907388090,https://doi.org/10.17763/1943-5045-88.4.455,,,0,0
https://openalex.org/w2610679377,https://doi.org/10.1007/s41297-017-0019-5,,,0,0
https://openalex.org/w2965889301,https://doi.org/10.1080/13632752.2019.1647684,,,0,0
https://openalex.org/w2031049153,https://doi.org/10.1007/s10643-011-0469-6,,,0,0
https://openalex.org/w2105327940,https://doi.org/10.1177/1063426614521299,,,0,0
https://openalex.org/w2511008549,https://doi.org/10.1007/s11165-016-9569-z,,,0,0
https://openalex.org/w2126896654,https://doi.org/10.1348/000709905x85629,,,0,0
https://openalex.org/w2548353529,https://doi.org/10.1016/j.linged.2016.05.001,,,0,0
https://openalex.org/w3037213363,https://doi.org/10.1007/s11218-020-09569-9,,,1,1
https://openalex.org/w2113571354,https://doi.org/10.1123/jtpe.31.3.231,,045-202-665-471-885,1,1
https://openalex.org/w2791106224,https://doi.org/10.1007/s10902-018-9974-2,,,1,1
https://openalex.org/w2120609612,https://doi.org/10.1002/icd.552,,,0,0
https://openalex.org/w2124035474,https://doi.org/10.1037/spq0000018,,,0,0
https://openalex.org/w2112037013,https://doi.org/10.1080/14616730500134282,,,0,0
https://openalex.org/w2803136451,https://doi.org/10.1080/09669760.2018.1478281,,,0,0
https://openalex.org/w2910769859,https://doi.org/10.1080/00131857.2018.1564661,,,0,0
https://openalex.org/w2082102251,https://doi.org/10.1080/03055690701423580,,,0,0
https://openalex.org/w2513456386,https://doi.org/10.19053/0121053x.4913,,,0,0
https://openalex.org/w2317205428,https://doi.org/10.1007/s10643-016-0789-7,,,0,0
https://openalex.org/w2078133457,https://doi.org/10.1016/j.ajog.2004.05.019,,,0,0
https://openalex.org/w2903457135,https://doi.org/10.1080/15348458.2019.1696683,,,0,0
https://openalex.org/w2912248269,https://doi.org/10.1111/modl.12547,,,0,0
https://openalex.org/w4364348139,https://doi.org/10.53841/bpsper.2018.42.2.28,,,0,0
https://openalex.org/w2117175152,https://doi.org/10.1177/0306624x11431132,,,0,0
https://openalex.org/w2178181311,,,,0,0
https://openalex.org/w2905555391,https://doi.org/10.1016/j.lindif.2018.12.001,,,0,0
https://openalex.org/w2917222696,https://doi.org/10.1080/15366367.2018.1479089,,,0,0
https://openalex.org/w2888718992,https://doi.org/10.15663/wje.v23i1.575,,,0,0
https://openalex.org/w2091901297,https://doi.org/10.1007/s10972-011-9236-1,,,0,0
https://openalex.org/w1983805525,https://doi.org/10.1002/pits.20169,,,0,0
https://openalex.org/w2951105264,https://doi.org/10.18848/2327-0136/cgp/v26i01/49-56,,,0,0
https://openalex.org/w2052480357,https://doi.org/10.1080/0300443011670108,,,0,0
https://openalex.org/w3005869819,https://doi.org/10.1080/02671522.2020.1723679,,,0,0
https://openalex.org/w2074257409,https://doi.org/10.1207/s1532690xci2204_4,,,0,0
https://openalex.org/w2042043632,https://doi.org/10.1007/s10212-013-0191-4,,,0,0
https://openalex.org/w2085546671,https://doi.org/10.1080/14759390600769771,,,0,0
https://openalex.org/w1998892517,https://doi.org/10.1080/03634520009379202,,,0,0
https://openalex.org/w2083690172,https://doi.org/10.2190/h04h-kgqn-hw9x-6r60,,,0,0
https://openalex.org/w2760563365,https://doi.org/10.1037/spq0000215,,,0,0
https://openalex.org/w1973746564,https://doi.org/10.1080/13540602.2014.928132,,,0,0
https://openalex.org/w1989231426,https://doi.org/10.1016/j.appdev.2010.06.003,,,0,0
https://openalex.org/w2320377378,https://doi.org/10.5817/cp2012-2-2,,,0,0
https://openalex.org/w2885977202,https://doi.org/10.1016/j.chiabu.2018.07.033,,,0,0
https://openalex.org/w2790269824,https://doi.org/10.1080/03098265.2018.1460805,,,0,0
https://openalex.org/w2968646226,https://doi.org/10.70725/504382cwkrld,,,0,0
https://openalex.org/w48272167,,,,0,0
https://openalex.org/w2218323638,,,,0,0
https://openalex.org/w1831982709,https://doi.org/10.19030/cier.v1i1.1209,,,0,0
https://openalex.org/w2763760838,https://doi.org/10.1177/1029864919852137,,,0,0
https://openalex.org/w2037720220,https://doi.org/10.1016/j.lcsi.2012.05.004,,,0,0
https://openalex.org/w2921276675,,,,0,0
https://openalex.org/w2897473502,https://doi.org/10.1080/00405841.2018.1536920,,,0,0
https://openalex.org/w2752498648,https://doi.org/10.1080/09500782.2017.1367799,,,0,0
https://openalex.org/w1985807286,https://doi.org/10.1007/s10649-009-9196-y,,,0,0
https://openalex.org/w2129698059,https://doi.org/10.1086/676947,,,0,0
https://openalex.org/w2317059620,https://doi.org/10.1017/sjp.2014.57,,,0,0
https://openalex.org/w1976172037,https://doi.org/10.1126/science.1233517,,,0,0
https://openalex.org/w2901525450,https://doi.org/10.1016/j.tate.2018.10.007,,,0,0
https://openalex.org/w2073577569,https://doi.org/10.1207/s15566935eed1202_4,,,0,0
https://openalex.org/w2617583526,https://doi.org/10.1016/j.tate.2017.05.008,,,0,0
https://openalex.org/w2996399622,https://doi.org/10.1007/s10648-019-09510-3,,,0,0
https://openalex.org/w2753079734,https://doi.org/10.14417/ap.1156,,050-022-285-079-219,1,1
https://openalex.org/w2903300787,https://doi.org/10.1111/jfcj.12120,,,0,0
https://openalex.org/w2913129426,https://doi.org/10.1080/14616734.2019.1575551,,,0,0
https://openalex.org/w2785315805,https://doi.org/10.1007/s13394-017-0234-2,,,0,0
https://openalex.org/w2909909099,https://doi.org/10.1177/1086296x18820644,,,0,0
https://openalex.org/w2606719351,https://doi.org/10.14742/ajet.3404,,,0,0
https://openalex.org/w2983881068,https://doi.org/10.5539/elt.v12n12p99,,,0,0
https://openalex.org/w2891415821,https://doi.org/10.1344/der.2018.33.26-38,,,0,0
https://openalex.org/w2943916638,https://doi.org/10.1007/s12528-019-09226-x,,,0,0
https://openalex.org/w2604161968,https://doi.org/10.1037/edu0000203,,,0,0
https://openalex.org/w3038881181,https://doi.org/10.1111/medu.14288,,,0,0
https://openalex.org/w2883813492,https://doi.org/10.26634/jelt.8.2.14586,,,0,0
https://openalex.org/w1970678169,https://doi.org/10.1002/ss.382,,,0,0
https://openalex.org/w4246168529,https://doi.org/10.3233/dev-2009-3310,,,0,0
https://openalex.org/w2054851041,https://doi.org/10.1111/j.1365-2214.2007.00785.x,,,0,1
https://openalex.org/w2615315787,https://doi.org/10.1097/sih.0000000000000232,,,0,0
https://openalex.org/w2921894933,https://doi.org/10.1016/j.lcsi.2019.02.016,,,0,0
https://openalex.org/w2027451290,https://doi.org/10.1177/106342660000800104,,,0,0
https://openalex.org/w2946312635,https://doi.org/10.1128/jmbe.v20i1.1595,,,0,0
https://openalex.org/w2053549494,https://doi.org/10.1080/09650790400200241,,,0,0
https://openalex.org/w2478638569,https://doi.org/10.21565/ozelegitimdergisi.246292,,,0,0
https://openalex.org/w2105889875,https://doi.org/10.1017/s0954579401001031,,,0,0
https://openalex.org/w2806935120,https://doi.org/10.1016/j.earlhumdev.2018.05.009,,,0,0
https://openalex.org/w2099317869,https://doi.org/10.1080/15374416.2013.850702,,,0,1
https://openalex.org/w2736109992,https://doi.org/10.1080/17457823.2017.1351386,,,0,0
https://openalex.org/w2676226477,https://doi.org/10.1080/09500782.2017.1340481,,,0,0
https://openalex.org/w2135733726,https://doi.org/10.1080/13598660500286333,,,0,0
https://openalex.org/w1971643391,https://doi.org/10.1111/j.1746-1561.1999.tb06430.x,,077-182-392-636-60X,1,1
https://openalex.org/w2089742087,https://doi.org/10.1016/j.psychsport.2011.05.001,,,1,1
https://openalex.org/w2901143933,https://doi.org/10.1080/02607476.2019.1550607,,,0,0
https://openalex.org/w2973586208,https://doi.org/10.28945/4367,,,0,0
https://openalex.org/w2255107137,https://doi.org/10.1007/s40299-015-0269-7,,,0,0
https://openalex.org/w2893102321,https://doi.org/10.1111/bjet.12690,,,0,0
https://openalex.org/w2990326122,,,,0,0
https://openalex.org/w1499933441,,,,0,0
https://openalex.org/w3045250919,https://doi.org/10.34105/j.kmel.2020.12.008,,,0,0
https://openalex.org/w2770447637,https://doi.org/10.21277/sw.v1i7.292,,,0,0
https://openalex.org/w2768263750,https://doi.org/10.19173/irrodl.v18i7.2826,,,0,0
https://openalex.org/w2944651193,https://doi.org/10.1080/07908318.2019.1614598,,,0,0
https://openalex.org/w2108210459,https://doi.org/10.1177/0886260511424502,,,0,0
https://openalex.org/w2022959403,https://doi.org/10.1016/j.adolescence.2014.03.008,,026-182-744-144-685,1,1
https://openalex.org/w2883763220,https://doi.org/10.1353/csd.2018.0046,,,0,0
https://openalex.org/w2795999421,https://doi.org/10.21505/ajge.2016.0015,,,0,0
https://openalex.org/w2047425221,https://doi.org/10.1016/j.tate.2013.11.005,,,0,0
https://openalex.org/w1500454057,https://doi.org/10.1002/icd.1878,,,0,0
https://openalex.org/w3110815781,https://doi.org/10.12973/tused.10190a,,,0,0
https://openalex.org/w2093597264,https://doi.org/10.1037/a0035918,,,0,0
https://openalex.org/w3003166296,https://doi.org/10.1080/03004430.2020.1718670,,,0,0
https://openalex.org/w2782723141,https://doi.org/10.1080/15388220.2017.1423492,,,0,0
https://openalex.org/w2033999320,https://doi.org/10.1016/j.appdev.2013.09.002,,,0,0
https://openalex.org/w1967663792,https://doi.org/10.1080/13670050.2011.573066,,,0,0
https://openalex.org/w2112255347,https://doi.org/10.1007/s10643-014-0635-8,,,0,0
https://openalex.org/w2791033806,https://doi.org/10.1007/s11528-018-0261-1,,,0,0
https://openalex.org/w2193232009,https://doi.org/10.1016/j.lindif.2015.12.002,,,0,0
https://openalex.org/w1708303868,https://doi.org/10.1186/s12909-015-0370-x,,,0,0
https://openalex.org/w1992983639,https://doi.org/10.1016/j.learninstruc.2012.09.003,,,0,0
https://openalex.org/w2769676389,https://doi.org/10.1007/s10903-017-0671-8,,,1,1
https://openalex.org/w242464901,,,,0,0
https://openalex.org/w2042875598,https://doi.org/10.1016/j.ecresq.2010.02.004,,,0,0
https://openalex.org/w2108996242,https://doi.org/10.1177/0143034313511008,,012-264-840-532-291,1,1
https://openalex.org/w2030125998,https://doi.org/10.2307/1593608,,,0,0
https://openalex.org/w2108060882,https://doi.org/10.1016/j.ijedudev.2005.09.007,,,0,0
https://openalex.org/w2524993131,https://doi.org/10.20343/teachlearninqu.4.2.7,,,0,0
https://openalex.org/w2226451587,https://doi.org/10.1007/s11121-015-0618-z,,,0,0
https://openalex.org/w2904317711,https://doi.org/10.1080/14675986.2018.1540108,,,0,0
https://openalex.org/w2024127045,https://doi.org/10.1002/jcop.20353,,,0,0
https://openalex.org/w3010194534,https://doi.org/10.1080/10494820.2020.1734029,,,0,0
https://openalex.org/w2625746061,https://doi.org/10.1177/1476718x17705414,,,0,0
https://openalex.org/w2007725822,https://doi.org/10.1016/j.pragma.2014.04.008,,,0,0
https://openalex.org/w1787306530,https://doi.org/10.3352/jeehp.2015.12.33,,,0,0
https://openalex.org/w2886002872,https://doi.org/10.1016/j.psychres.2018.08.045,,,0,1
https://openalex.org/w2944213217,https://doi.org/10.1177/0886260519845716,,038-996-539-981-466,1,1
https://openalex.org/w2966352726,https://doi.org/10.1080/07399332.2019.1639710,,,0,0
https://openalex.org/w2611957356,https://doi.org/10.1177/0734282917706618,,139-468-376-523-497,1,1
https://openalex.org/w2979362593,https://doi.org/10.1177/0265532219879044,,,0,0
https://openalex.org/w2035139991,https://doi.org/10.1037/a0037252,,,0,0
https://openalex.org/w2958726774,https://doi.org/10.1016/j.ecresq.2019.06.008,,,0,0
https://openalex.org/w2970480965,https://doi.org/10.1037/men0000239,,,0,0
https://openalex.org/w266646634,,,,0,0
https://openalex.org/w2184864324,,,,0,0
https://openalex.org/w2048682063,https://doi.org/10.1016/j.jmathb.2004.12.003,,,0,0
https://openalex.org/w1984286461,https://doi.org/10.1177/0022429409351655,,,0,0
https://openalex.org/w2011568765,https://doi.org/10.1007/bf03168362,,,0,0
https://openalex.org/w2972620478,https://doi.org/10.1007/s10519-019-09968-5,,,0,0
https://openalex.org/w2054684017,https://doi.org/10.1177/073724770002600107,,,0,0
https://openalex.org/w2791285798,https://doi.org/10.1007/s10734-018-0253-2,,,0,0
https://openalex.org/w2974682550,https://doi.org/10.1371/journal.pone.0222447,,,0,0
https://openalex.org/w2603837755,https://doi.org/10.1177/0022487117699598,,,0,0
https://openalex.org/w2046649502,https://doi.org/10.1007/s10643-010-0405-1,,,0,0
https://openalex.org/w2049760162,https://doi.org/10.1037/a0013857,,,0,0
https://openalex.org/w3010151611,https://doi.org/10.3167/ghs.2020.130106,,,0,0
https://openalex.org/w2771735888,https://doi.org/10.1080/13603116.2017.1412506,,,0,0
https://openalex.org/w2912695270,https://doi.org/10.1016/j.adolescence.2018.12.003,,,0,0
https://openalex.org/w2159158144,https://doi.org/10.1111/j.1943-278x.2012.00121.x,,,0,0
https://openalex.org/w2104779098,https://doi.org/10.5539/ies.v8n2p8,,,0,0
https://openalex.org/w2974860887,,,,0,0
https://openalex.org/w2925134128,https://doi.org/10.1002/jaal.967,,,0,0
https://openalex.org/w2921356940,https://doi.org/10.1007/s11217-019-09661-4,,,0,0
https://openalex.org/w1977440858,https://doi.org/10.1016/j.jsp.2010.06.004,,,0,0
https://openalex.org/w2565488655,https://doi.org/10.1016/j.compedu.2016.12.004,,,0,0
https://openalex.org/w1989743643,https://doi.org/10.1037/a0032690,,,0,0
https://openalex.org/w2009358335,https://doi.org/10.1037/0022-0663.97.3.454,,,0,0
https://openalex.org/w2912131847,https://doi.org/10.1007/s11218-018-09476-0,,,0,0
https://openalex.org/w2033410373,https://doi.org/10.5901/mjss.2014.v5n27p474,,,0,0
https://openalex.org/w2755650406,https://doi.org/10.1080/09540253.2017.1376041,,,0,0
https://openalex.org/w2199031604,,,,0,0
https://openalex.org/w150077762,,,,0,0
https://openalex.org/w2994609512,https://doi.org/10.1080/17457823.2019.1698308,,,0,0
https://openalex.org/w2999679139,https://doi.org/10.1177/2396941519896925,,,0,0
https://openalex.org/w2952245794,https://doi.org/10.1016/j.ijer.2019.06.005,,,0,0
https://openalex.org/w4252883314,https://doi.org/10.53761/1.12.1.4,,,0,0
https://openalex.org/w2935467462,https://doi.org/10.3389/fpsyg.2019.00770,,,0,0
https://openalex.org/w2009042015,https://doi.org/10.1016/j.jsp.2012.10.001,,,0,0
https://openalex.org/w2954254052,https://doi.org/10.17323/1814-9545-2019-2-159-178,,,0,0
https://openalex.org/w2000734724,https://doi.org/10.1007/s10643-010-0426-9,,,0,0
https://openalex.org/w2066995598,https://doi.org/10.1016/j.appdev.2009.12.002,,,0,0
https://openalex.org/w2081919045,https://doi.org/10.1080/10409280902858764,,,0,0
https://openalex.org/w2791258202,https://doi.org/10.5539/jel.v7n3p87,,,0,0
https://openalex.org/w2004133101,https://doi.org/10.1016/j.learninstruc.2011.12.003,,,0,0
https://openalex.org/w2915649729,https://doi.org/10.1002/pits.22238,,,0,0
https://openalex.org/w2887970284,,,,0,0
https://openalex.org/w897418364,https://doi.org/10.1007/s10212-015-0261-x,,,0,0
https://openalex.org/w1964418715,https://doi.org/10.1080/10409289.2013.801706,,,0,0
https://openalex.org/w3083618649,,,,0,0
https://openalex.org/w2102268993,https://doi.org/10.1016/j.jslw.2010.04.001,,,0,0
https://openalex.org/w2512308015,https://doi.org/10.1080/21532974.2016.1205461,,,0,0
https://openalex.org/w2074352458,https://doi.org/10.1080/02602938.2011.604121,,,0,0
https://openalex.org/w2608394332,https://doi.org/10.1007/s12564-017-9478-5,,,0,0
https://openalex.org/w2004667653,https://doi.org/10.1037/spq0000004,,,0,0
https://openalex.org/w2966801799,https://doi.org/10.1177/0892020619878828,,,0,0
https://openalex.org/w2185573155,https://doi.org/10.1037/tps0000024,,,0,0
https://openalex.org/w3011553355,https://doi.org/10.1007/s11256-020-00570-2,,,0,0
https://openalex.org/w2048514041,https://doi.org/10.1080/09500690701587028,,,0,0
https://openalex.org/w2731884084,https://doi.org/10.17810/2015.53,,,0,0
https://openalex.org/w2024050978,https://doi.org/10.1177/0042085911413146,,,0,0
https://openalex.org/w2051793971,https://doi.org/10.1177/1087054705279299,,068-058-915-028-992,1,1
https://openalex.org/w3035367023,https://doi.org/10.1080/17454832.2020.1760906,,,0,0
https://openalex.org/w2003691581,https://doi.org/10.1016/s1054-139x(00)00095-1,,,0,0
https://openalex.org/w2802427567,https://doi.org/10.1007/s10643-018-0898-6,,,0,0
https://openalex.org/w1521931523,https://doi.org/10.1023/a:1021861902463,,,0,0
https://openalex.org/w1976202933,https://doi.org/10.1080/13562517.2013.774352,,,0,0
https://openalex.org/w2894232427,https://doi.org/10.1080/08856257.2018.1520493,,,0,0
https://openalex.org/w2466873350,https://doi.org/10.1016/j.childyouth.2016.06.022,,,0,0
https://openalex.org/w2951950570,https://doi.org/10.1123/jtpe.2018-0267,,,0,0
https://openalex.org/w2080923411,https://doi.org/10.1080/09540121003720960,,,0,0
https://openalex.org/w2064346208,https://doi.org/10.1002/tesj.140,,,0,0
https://openalex.org/w2883198277,https://doi.org/10.1016/j.iheduc.2018.07.001,,,0,0
https://openalex.org/w2999854233,https://doi.org/10.1007/s42321-019-00045-y,,,0,0
https://openalex.org/w2092364087,https://doi.org/10.1111/cdev.12344,,,0,0
https://openalex.org/w2110775086,https://doi.org/10.3233/dev-140129,,,0,0
https://openalex.org/w2779166512,https://doi.org/10.1080/1046560x.2017.1279509,,,0,0
https://openalex.org/w3016874653,https://doi.org/10.1016/j.lindif.2020.101871,,,0,0
https://openalex.org/w1993358542,https://doi.org/10.1080/00405841.2011.607401,,,0,0
https://openalex.org/w2017727168,https://doi.org/10.1080/0300443011700103,,,0,0
https://openalex.org/w1984702657,https://doi.org/10.1016/j.socscimed.2007.03.011,,,0,0
https://openalex.org/w2113498210,https://doi.org/10.53841/bpsptr.2012.18.2.22,,,0,0
https://openalex.org/w2310258552,https://doi.org/10.1007/s10964-016-0466-6,,,0,0
https://openalex.org/w2060937015,https://doi.org/10.2466/21.11.pr0.115c24z3,,,0,0
https://openalex.org/w2409797410,https://doi.org/10.1080/09571736.2016.1172332,,,0,0
https://openalex.org/w2524624843,,,,0,0
https://openalex.org/w1996901752,https://doi.org/10.1046/j.1440-172x.2003.00419.x,,009-392-670-608-676,1,1
https://openalex.org/w2404947595,https://doi.org/10.1557/adv.2016.362,,,0,0
https://openalex.org/w2108362529,https://doi.org/10.1080/00309230310001649216,,,0,0
https://openalex.org/w1972979886,https://doi.org/10.1016/j.linged.2014.12.001,,,0,0
https://openalex.org/w2942714373,https://doi.org/10.5539/ies.v12n5p35,,,0,0
https://openalex.org/w2618065047,https://doi.org/10.1002/pits.22033,,,0,0
https://openalex.org/w2164126044,https://doi.org/10.1044/1092-4388(2011/10-0155),,,0,0
https://openalex.org/w2529235111,https://doi.org/10.1186/s12889-016-3737-y,,,0,0
https://openalex.org/w2947368516,https://doi.org/10.33225/jbse/19.18.379,,,0,0
https://openalex.org/w3016282800,https://doi.org/10.3916/c64-2020-06,,,0,0
https://openalex.org/w2029868294,https://doi.org/10.1080/09540250701442658,,,0,0
https://openalex.org/w2462072568,https://doi.org/10.1016/j.ijer.2015.11.004,,,0,0
https://openalex.org/w2969568248,https://doi.org/10.1017/s095457941900097x,,,0,0
https://openalex.org/w2471348450,https://doi.org/10.1177/0044118x16656086,,,0,0
https://openalex.org/w2111474005,https://doi.org/10.1080/01411926.2011.580047,,,0,0
https://openalex.org/w2739142015,,,,0,0
https://openalex.org/w1991858076,https://doi.org/10.1080/14675986.2013.867603,,012-421-607-796-676,1,1
https://openalex.org/w1965639766,https://doi.org/10.1007/s10972-012-9297-9,,,0,0
https://openalex.org/w2892215594,https://doi.org/10.3389/fpsyg.2018.01634,,,0,0
https://openalex.org/w2964182362,https://doi.org/10.1037/pla0000107,,,0,0
https://openalex.org/w2941375822,https://doi.org/10.1002/jaal.978,,,0,0
https://openalex.org/w2151389710,https://doi.org/10.1080/02796015.2008.12087898,,,0,0
https://openalex.org/w2004852514,https://doi.org/10.1111/j.1532-7795.2011.00763.x,,,0,0
https://openalex.org/w2309429244,https://doi.org/10.1007/s10802-015-0113-9,,,0,0
https://openalex.org/w2617205309,https://doi.org/10.1186/s12889-017-4445-y,,,0,0
https://openalex.org/w2111365804,https://doi.org/10.1558/japl.v5i1.55,,,0,0
https://openalex.org/w2471819099,https://doi.org/10.1080/00094056.2016.1208005,,,0,0
https://openalex.org/w1989034404,https://doi.org/10.1007/s10802-013-9776-2,,,1,1
https://openalex.org/w3044875976,https://doi.org/10.30870/jppi.v6i1.6429,,,0,0
https://openalex.org/w2604259046,https://doi.org/10.1016/j.jsp.2017.03.003,,,0,0
https://openalex.org/w2041995626,https://doi.org/10.1016/j.compedu.2014.11.004,,,0,0
https://openalex.org/w3023732760,https://doi.org/10.1080/08856257.2020.1755931,,,0,0
https://openalex.org/w2052727234,https://doi.org/10.1080/01443410.2010.536525,,,0,0
https://openalex.org/w2338886198,https://doi.org/10.14221/ajte.2016v41n4.1,,,0,0
https://openalex.org/w1524741436,https://doi.org/10.30827/digibug.31841,,,0,0
https://openalex.org/w1979448403,https://doi.org/10.1590/s1413-65382012000200009,,,0,0
https://openalex.org/w2807927925,https://doi.org/10.1016/j.compedu.2018.06.007,,,0,0
https://openalex.org/w2014526344,https://doi.org/10.1111/1753-6405.12236,,,0,0
https://openalex.org/w2797246303,https://doi.org/10.29333/ejmste/89843,,,0,0
https://openalex.org/w2990834678,https://doi.org/10.1016/j.jsp.2019.09.004,,,0,0
https://openalex.org/w3015784960,https://doi.org/10.1016/j.jmathb.2019.100754,,,0,0
https://openalex.org/w2989155809,https://doi.org/10.1016/j.yebeh.2019.106721,,,0,0
https://openalex.org/w2910915732,https://doi.org/10.1080/02602938.2018.1557105,,,0,0
https://openalex.org/w2905147550,https://doi.org/10.1111/1471-3802.12444,,021-564-717-002-165,1,1
https://openalex.org/w2607843680,https://doi.org/10.1016/j.ecresq.2017.03.006,,,0,0
https://openalex.org/w1569369475,https://doi.org/10.1086/660682,,,0,0
https://openalex.org/w2168939266,https://doi.org/10.1080/14926150409556619,,,0,0
https://openalex.org/w2883886968,https://doi.org/10.14742/ajet.3867,,,0,0
https://openalex.org/w2330481226,https://doi.org/10.1080/01443410.2016.1150423,,,0,0
https://openalex.org/w2013938015,https://doi.org/10.3200/mono.131.2.77-127,,,0,0
https://openalex.org/w3041899195,https://doi.org/10.1007/s11218-020-09574-y,,,0,0
https://openalex.org/w2896942492,https://doi.org/10.1080/02643944.2018.1528627,,,0,0
https://openalex.org/w3024597894,https://doi.org/10.53841/bpsecp.2019.36.2.64,,,0,0
https://openalex.org/w2737155206,https://doi.org/10.1007/s10566-017-9414-1,,,0,0
https://openalex.org/w2397200050,,,,0,0
https://openalex.org/w2186240759,https://doi.org/10.1080/00940771.2014.11461902,,,0,0
https://openalex.org/w2016687045,https://doi.org/10.1080/1067828x.2010.488960,,,0,0
https://openalex.org/w2504219585,https://doi.org/10.1080/17405629.2016.1215980,,005-785-507-379-940,1,1
https://openalex.org/w3015952938,https://doi.org/10.1111/sode.12447,,,0,0
https://openalex.org/w2113699862,https://doi.org/10.1111/j.1467-9620.2004.00356.x,,,0,0
https://openalex.org/w2146114729,https://doi.org/10.1017/s0142716413000532,,,0,0
https://openalex.org/w1756071118,https://doi.org/10.1080/1034912x.2015.1077937,,,0,0
https://openalex.org/w2626740410,https://doi.org/10.1007/s10802-017-0314-5,,,0,0
https://openalex.org/w2925685114,https://doi.org/10.1007/s10566-019-09500-0,,,0,0
https://openalex.org/w2953328562,https://doi.org/10.1186/s40359-019-0307-y,,,0,0
https://openalex.org/w2046234653,https://doi.org/10.1007/s12310-012-9076-y,,,1,1
https://openalex.org/w1992913691,https://doi.org/10.1177/1096250614523970,,,0,0
https://openalex.org/w2522129153,https://doi.org/10.1007/s13158-016-0170-4,,,0,0
https://openalex.org/w2079955693,https://doi.org/10.1002/pits.20463,,,0,0
https://openalex.org/w2949305267,https://doi.org/10.1080/00336297.2019.1627224,,,0,0
https://openalex.org/w2028038455,https://doi.org/10.1177/1098214010368426,,,0,0
https://openalex.org/w1978891853,https://doi.org/10.1080/03004430303096,,,0,0
https://openalex.org/w2808158242,https://doi.org/10.1080/17408989.2018.1485141,,,0,0
https://openalex.org/w1865904649,,,,0,0
https://openalex.org/w2943675203,https://doi.org/10.1017/s0305000919000199,,,0,0
https://openalex.org/w2146471692,https://doi.org/10.1080/09571736.2011.625095,,,0,0
https://openalex.org/w2143509798,https://doi.org/10.3109/0142159x.2011.558539,,,0,0
https://openalex.org/w2608285235,https://doi.org/10.1080/00313831.2017.1307271,,,0,0
https://openalex.org/w2519515919,https://doi.org/10.1007/s10805-016-9266-6,,,0,0
https://openalex.org/w3010278675,https://doi.org/10.1007/s10798-020-09570-5,,,0,0
https://openalex.org/w2612697332,https://doi.org/10.1016/j.jsp.2017.04.006,,,0,0
https://openalex.org/w2986618332,https://doi.org/10.3389/feduc.2019.00140,,,0,0
https://openalex.org/w1604165127,https://doi.org/10.1111/j.1559-1816.2012.00966.x,,,0,0
https://openalex.org/w2155408726,https://doi.org/10.1016/j.adolescence.2006.04.008,,,0,0
https://openalex.org/w2891013195,https://doi.org/10.1080/00131946.2018.1500463,,,0,0
https://openalex.org/w3025947599,https://doi.org/10.1016/j.pragma.2020.04.005,,,0,0
https://openalex.org/w1977195589,https://doi.org/10.1002/casp.975,,018-351-173-585-173,1,1
https://openalex.org/w3046465864,https://doi.org/10.1177/1476718x20938092,,,0,0
https://openalex.org/w2106151656,https://doi.org/10.1177/003804070407700103,,,0,0
https://openalex.org/w2043929882,https://doi.org/10.1111/j.1469-7610.2008.01891.x,,,0,0
https://openalex.org/w1972666309,https://doi.org/10.1080/09500780802582521,,,0,0
https://openalex.org/w2904022897,https://doi.org/10.5032/jae.2018.04105,,,0,0
https://openalex.org/w2309349846,https://doi.org/10.1002/pits.21922,,102-566-910-987-109,1,1
https://openalex.org/w2967699531,https://doi.org/10.1007/s11165-019-09881-1,,,0,0
https://openalex.org/w2799914428,https://doi.org/10.1007/s11162-018-9510-6,,,0,0
https://openalex.org/w2096264816,https://doi.org/10.1177/0011128710364809,,,0,0
https://openalex.org/w2954159569,https://doi.org/10.1080/1350293x.2019.1634240,,,0,0
https://openalex.org/w2061271266,https://doi.org/10.1007/s11218-007-9031-1,,,0,0
https://openalex.org/w2018936033,https://doi.org/10.1207/s15326950dp3502_3,,,0,0
https://openalex.org/w2016283883,https://doi.org/10.1348/000709900157958,,,0,0
https://openalex.org/w2100443823,https://doi.org/10.1080/08856250802387380,,,0,0
https://openalex.org/w2149012092,https://doi.org/10.1177/0741932512464579,,,0,0
https://openalex.org/w2736816429,https://doi.org/10.1017/s0001972017000092,,,0,0
https://openalex.org/w2892074205,https://doi.org/10.3390/ijerph15102080,,,0,0
https://openalex.org/w2009559159,https://doi.org/10.1080/11356405.2014.935112,,,0,0
https://openalex.org/w2046730821,https://doi.org/10.1016/j.ecresq.2011.08.005,,,0,1
https://openalex.org/w2304950032,https://doi.org/10.1080/01443410.2015.1093608,,,0,0
https://openalex.org/w2205976071,,,,0,0
https://openalex.org/w2808200212,https://doi.org/10.1016/j.langcom.2018.06.002,,,0,0
https://openalex.org/w2022001055,https://doi.org/10.1111/j.1467-9450.2004.00409.x,,,0,0
https://openalex.org/w2884824932,https://doi.org/10.1037/dev0000546,,,0,0
https://openalex.org/w2118397265,https://doi.org/10.1177/1049732309338198,,,0,0
https://openalex.org/w2069729223,https://doi.org/10.1080/13540602.2013.848522,,,0,0
https://openalex.org/w3036896588,https://doi.org/10.15507/1991-9468.099.024.202002.185-205,,,0,0
https://openalex.org/w4315822331,https://doi.org/10.53841/bpsecp.2000.17.4.69,,,0,0
https://openalex.org/w1963891940,https://doi.org/10.1207/s15430421tip4204_4,,,0,0
https://openalex.org/w2767603687,https://doi.org/10.1007/s13178-017-0306-9,,,0,0
https://openalex.org/w2899073947,https://doi.org/10.1080/02770903.2018.1534968,,,0,0
https://openalex.org/w2013437120,https://doi.org/10.1016/j.jsp.2005.09.004,,,0,0
https://openalex.org/w2017385451,https://doi.org/10.3102/00028312038002437,,053-191-471-777-287,1,1
https://openalex.org/w2562075373,https://doi.org/10.3389/fpsyg.2016.01925,,,0,0
https://openalex.org/w2906808591,https://doi.org/10.1108/ijlls-11-2018-0091,,,0,0
https://openalex.org/w2792349366,https://doi.org/10.1002/rrq.215,,,0,0
https://openalex.org/w2039849152,https://doi.org/10.1111/1467-8624.00364,,,0,0
https://openalex.org/w2752659100,https://doi.org/10.1016/j.cogdev.2017.08.010,,,0,0
https://openalex.org/w2922479561,,,,0,0
https://openalex.org/w2899133401,https://doi.org/10.1080/10494820.2018.1561473,,,0,0
https://openalex.org/w1992247318,https://doi.org/10.1177/073724770202700407,,,0,0
https://openalex.org/w2525836809,https://doi.org/10.1080/00220671.2016.1204260,,,0,0
https://openalex.org/w2958443400,https://doi.org/10.1002/berj.3554,,,0,0
https://openalex.org/w2224528259,https://doi.org/10.1086/680353,,,0,0
https://openalex.org/w2106067776,https://doi.org/10.1002/pits.20397,,,0,0
https://openalex.org/w2167664525,https://doi.org/10.1080/01411920802041905,,,0,0
https://openalex.org/w2029635097,https://doi.org/10.1007/s11217-007-9048-0,,,0,0
https://openalex.org/w3033056524,https://doi.org/10.1080/09669760.2020.1778452,,,0,0
https://openalex.org/w2923436775,https://doi.org/10.1016/j.ecresq.2019.02.007,,,0,0
https://openalex.org/w2917349464,https://doi.org/10.17509/ijal.v8i3.15251,,,0,0
https://openalex.org/w2065285163,https://doi.org/10.2304/elea.2011.8.4.408,,,0,0
https://openalex.org/w3027549548,https://doi.org/10.1177/2158244020926566,,,0,0
https://openalex.org/w2068975548,https://doi.org/10.1080/10409289.2015.1000718,,,0,0
https://openalex.org/w2578144910,https://doi.org/10.1177/2046147x16672704,,,0,0
https://openalex.org/w4252704114,https://doi.org/10.53761/1.12.3.5,,,0,0
https://openalex.org/w2262066888,https://doi.org/10.1007/s40688-015-0061-y,,,0,0
https://openalex.org/w2346563353,https://doi.org/10.1016/j.compedu.2015.05.006,,,0,0
https://openalex.org/w2007161990,https://doi.org/10.1111/cdev.12216,,013-579-914-462-39X,1,1
https://openalex.org/w326868012,,,,0,0
https://openalex.org/w2247917838,,,,0,0
https://openalex.org/w2079345587,https://doi.org/10.1016/j.ecresq.2010.04.005,,,0,0
https://openalex.org/w1995596090,https://doi.org/10.1177/0143034310366206,,,0,1
https://openalex.org/w2790347005,https://doi.org/10.1080/13504622.2018.1434869,,,0,0
https://openalex.org/w2144327345,https://doi.org/10.1080/03004430.2011.640753,,,0,0
https://openalex.org/w2007618664,https://doi.org/10.11114/jets.v3i2.617,,,0,0
https://openalex.org/w2789227390,https://doi.org/10.2196/jmir.9390,,,0,0
https://openalex.org/w1919323716,https://doi.org/10.3368/jhr.xli.4.778,,,0,0
https://openalex.org/w2622749218,https://doi.org/10.1177/1053825917712734,,,0,0
https://openalex.org/w2958267726,,,,0,0
https://openalex.org/w2071248696,https://doi.org/10.1111/ajop.12024,,,0,0
https://openalex.org/w2461920373,https://doi.org/10.1016/j.tsc.2016.06.001,,,0,0
https://openalex.org/w2974874155,https://doi.org/10.1080/1046560x.2019.1664874,,,0,0
https://openalex.org/w2301954215,https://doi.org/10.1108/etpc-06-2015-0051,,,0,0
https://openalex.org/w2884776544,https://doi.org/10.1007/s10461-018-2225-z,,,0,0
https://openalex.org/w199318477,https://doi.org/10.1080/02796015.2003.12086213,,046-946-773-348-196,1,1
https://openalex.org/w2036548206,https://doi.org/10.3200/joer.99.1.3-18,,,0,0
https://openalex.org/w3040755012,https://doi.org/10.3389/fpsyg.2020.01341,,,0,0
https://openalex.org/w2933581982,https://doi.org/10.1177/0042085919838007,,,0,0
https://openalex.org/w2145445253,https://doi.org/10.1111/ecc.12054,,,0,0
https://openalex.org/w761173271,,,,0,0
https://openalex.org/w2804632990,https://doi.org/10.18848/1447-9494/cgp/v17i09/47249,,,0,0
https://openalex.org/w2401767645,https://doi.org/10.1080/0886571x.2016.1188034,,,0,1
https://openalex.org/w2582003380,https://doi.org/10.1016/j.lindif.2017.01.009,,,1,1
https://openalex.org/w2790777559,https://doi.org/10.1080/00131911.2018.1424117,,,0,0
https://openalex.org/w2084242553,https://doi.org/10.1093/elt/ccp080,,,0,0
https://openalex.org/w2923026643,https://doi.org/10.5430/wje.v9n2p22,,,0,0
https://openalex.org/w2612672942,https://doi.org/10.3389/fpsyg.2017.00455,,,0,0
https://openalex.org/w2000556910,https://doi.org/10.1016/j.ecresq.2009.08.004,,008-976-968-402-868,1,1
https://openalex.org/w2603697430,https://doi.org/10.1177/0145445517698654,,,0,0
https://openalex.org/w398449879,,,,0,0
https://openalex.org/w2737432535,https://doi.org/10.18848/2327-0136/cgp/v19i03/48782,,,0,0
https://openalex.org/w2806726507,https://doi.org/10.1080/03004430.2018.1475368,,,0,0
https://openalex.org/w2978699583,https://doi.org/10.30534/ijatcse/2019/7181.42019,,,0,0
https://openalex.org/w2033218727,https://doi.org/10.1176/appi.ap.31.6.452,,,0,0
https://openalex.org/w2093323485,https://doi.org/10.1016/j.appdev.2010.09.001,,,0,0
https://openalex.org/w2895771547,https://doi.org/10.1016/j.compedu.2018.09.024,,,0,0
https://openalex.org/w2131040714,https://doi.org/10.1080/08856250903450855,,,0,1
https://openalex.org/w2738087379,https://doi.org/10.1177/0038040717720981,,,0,0
https://openalex.org/w2939298970,https://doi.org/10.5430/ijhe.v8n2p49,,,0,0
https://openalex.org/w1666711200,https://doi.org/10.1080/03057640903567047,,,0,0
https://openalex.org/w2890165996,https://doi.org/10.1111/bjet.12697,,,0,0
https://openalex.org/w2803085037,https://doi.org/10.1093/elt/ccy013,,,0,0
https://openalex.org/w2906424550,https://doi.org/10.1007/s10648-018-9457-3,,,0,0
https://openalex.org/w2919847388,https://doi.org/10.1080/10409289.2019.1576156,,,0,0
https://openalex.org/w2147833971,https://doi.org/10.4085/1062-6050-44.2.197,,,0,0
https://openalex.org/w1617217730,https://doi.org/10.1002/pits.21836,,088-508-303-135-835,1,1
https://openalex.org/w2994794270,https://doi.org/10.1080/02643944.2019.1700546,,,0,0
https://openalex.org/w2086696007,https://doi.org/10.1007/s10802-013-9743-y,,,0,0
https://openalex.org/w2072837998,https://doi.org/10.1016/j.cedpsych.2014.06.001,,,0,0
https://openalex.org/w2062286269,https://doi.org/10.1100/2012/398482,,,0,0
https://openalex.org/w2050717338,https://doi.org/10.1016/j.lindif.2011.05.001,,,0,0
https://openalex.org/w2085528821,https://doi.org/10.1007/s11199-012-0176-9,,,0,0
https://openalex.org/w2885828683,https://doi.org/10.1111/sode.12330,,,0,0
https://openalex.org/w2167693850,https://doi.org/10.2190/ec.45.4.f,,,0,0
https://openalex.org/w2898540355,https://doi.org/10.1177/1098300718800824,,,0,0
https://openalex.org/w3031261812,https://doi.org/10.1080/09518398.2020.1771464,,,0,0
https://openalex.org/w212685063,,,,0,0
https://openalex.org/w2944547032,https://doi.org/10.1080/13632752.2019.1609239,,,0,0
https://openalex.org/w2068421904,https://doi.org/10.1080/10476210802425628,,,0,0
https://openalex.org/w2795037269,,,,0,0
https://openalex.org/w3003129311,https://doi.org/10.1007/s12144-020-00624-4,,,0,0
https://openalex.org/w2804087433,https://doi.org/10.1016/j.avb.2018.05.007,,,0,0
https://openalex.org/w2892393787,https://doi.org/10.1080/10409289.2018.1514845,,,0,0
https://openalex.org/w2081641531,https://doi.org/10.1080/03004430601078610,,,0,0
https://openalex.org/w2077318835,https://doi.org/10.1111/j.1467-8624.2008.01154.x,,,0,0
https://openalex.org/w2074410532,https://doi.org/10.1080/09669760.2013.771325,,,0,0
https://openalex.org/w3000747024,https://doi.org/10.1080/17405629.2020.1716724,,,0,0
https://openalex.org/w2027789599,https://doi.org/10.2511/rpsd.25.3.129,,,0,0
https://openalex.org/w2994974045,https://doi.org/10.1177/0255761419887209,,,0,0
https://openalex.org/w3038225301,https://doi.org/10.1002/jmcd.12174,,,0,0
https://openalex.org/w2338373618,https://doi.org/10.1007/s10643-016-0790-1,,,0,0
https://openalex.org/w2021881408,https://doi.org/10.1080/19415257.2013.766232,,,0,0
https://openalex.org/w2125900387,https://doi.org/10.1177/01430343030244008,,,0,0
https://openalex.org/w655166450,https://doi.org/10.1016/j.lcsi.2015.05.001,,,0,0
https://openalex.org/w2064860357,https://doi.org/10.1002/pits.20576,,164-171-565-929-137,1,1
https://openalex.org/w2913713809,https://doi.org/10.1080/17450128.2019.1576960,,,0,1
https://openalex.org/w2535360781,https://doi.org/10.1007/s10648-016-9389-8,,,0,0
https://openalex.org/w2756724043,https://doi.org/10.21315/km2017.35.2.6,,,0,0
https://openalex.org/w1971090879,https://doi.org/10.1016/s0883-0355(03)00014-4,,,0,0
https://openalex.org/w2974452419,,,,0,0
https://openalex.org/w2162876586,https://doi.org/10.1177/2150129712469970,,,0,0
https://openalex.org/w2087068814,https://doi.org/10.1007/s10935-008-0155-7,,,0,0
https://openalex.org/w2989948353,https://doi.org/10.1016/j.adolescence.2019.11.004,,,0,0
https://openalex.org/w2743681306,https://doi.org/10.1037/spq0000218,,,0,0
https://openalex.org/w2887138714,https://doi.org/10.1080/1358684x.2018.1484662,,,0,0
https://openalex.org/w2765199903,https://doi.org/10.1007/s12564-017-9502-9,,,0,0
https://openalex.org/w2037582252,https://doi.org/10.1207/s15566935eed1402_2,,,0,0
https://openalex.org/w1969374219,https://doi.org/10.5539/elt.v5n7p175,,,0,0
https://openalex.org/w2606027588,https://doi.org/10.1080/09500782.2017.1305398,,,0,0
https://openalex.org/w2989138441,https://doi.org/10.1080/09500693.2019.1689586,,,0,0
https://openalex.org/w2094687598,https://doi.org/10.11113/jt.v66.1820,,,0,0
https://openalex.org/w2609227134,,,,0,0
https://openalex.org/w2037553051,https://doi.org/10.1007/s10639-012-9216-x,,,0,0
https://openalex.org/w2946694943,https://doi.org/10.1016/j.system.2019.05.003,,,0,0
https://openalex.org/w1941282289,https://doi.org/10.1111/j.1467-8624.2011.01644.x,,036-913-897-262-278,1,1
https://openalex.org/w1977153424,https://doi.org/10.1080/03069880412331335830,,,0,0
https://openalex.org/w2158441585,https://doi.org/10.1007/s11524-010-9447-3,,,0,0
https://openalex.org/w2916528778,https://doi.org/10.1007/s11422-018-9907-8,,,0,0
https://openalex.org/w2024140019,,,,0,0
https://openalex.org/w3024018564,https://doi.org/10.12973/ijem.6.1.223,,,0,0
https://openalex.org/w2010559924,https://doi.org/10.1080/00405840701232943,,,0,0
https://openalex.org/w3041512842,https://doi.org/10.1080/1743727x.2020.1791815,,,0,0
https://openalex.org/w2124670962,https://doi.org/10.1038/sj.bdj.4801253,,,0,0
https://openalex.org/w1970697600,https://doi.org/10.1086/525548,,,0,0
https://openalex.org/w2103759596,https://doi.org/10.5539/res.v6n4p239,,,0,0
https://openalex.org/w2921145776,https://doi.org/10.1080/03055698.2019.1584852,,032-573-786-518-521,1,1
https://openalex.org/w2057451619,https://doi.org/10.1016/j.jphys.2014.09.004,,,0,0
https://openalex.org/w2969012751,https://doi.org/10.1080/17441692.2019.1648535,,,0,0
https://openalex.org/w2126016934,https://doi.org/10.5014/ajot.62.3.289,,,0,0
https://openalex.org/w2087722294,https://doi.org/10.1080/10901027.2014.996926,,,0,0
https://openalex.org/w1572866714,,,,0,0
https://openalex.org/w2938378358,https://doi.org/10.1108/ijem-08-2017-0195,,,0,0
https://openalex.org/w3008890231,https://doi.org/10.1097/dbp.0000000000000792,,,0,0
https://openalex.org/w2001787297,https://doi.org/10.1080/09585170500256487,,,0,0
https://openalex.org/w1620663297,https://doi.org/10.13021/mars/2933,,,0,0
https://openalex.org/w2000791241,https://doi.org/10.1080/02783193.2013.794890,,,0,0
https://openalex.org/w2795331191,,,,0,0
https://openalex.org/w1484696980,https://doi.org/10.1108/he-02-2014-0007,,,0,0
https://openalex.org/w2030635374,https://doi.org/10.1007/s10972-011-9235-2,,,0,0
https://openalex.org/w4238849663,https://doi.org/10.32890/mjli.8.2011.7626,,022-166-662-175-79X,1,1
https://openalex.org/w2311012740,https://doi.org/10.1108/tc-01-2016-0001,,,0,0
https://openalex.org/w2767942286,https://doi.org/10.1080/18146627.2016.1241667,,,0,0
https://openalex.org/w2018270687,https://doi.org/10.1080/13664530.2012.753946,,,0,0
https://openalex.org/w2525476544,https://doi.org/10.5167/uzh-126535,,,0,0
https://openalex.org/w2985554216,https://doi.org/10.1187/cbe.18-08-0155,,,0,0
https://openalex.org/w2060245910,https://doi.org/10.1016/j.pragma.2014.02.010,,,0,0
https://openalex.org/w2593989349,https://doi.org/10.1016/j.stueduc.2017.02.004,,,0,0
https://openalex.org/w2039227878,https://doi.org/10.1016/s0885-2006(02)00147-3,,,0,0
https://openalex.org/w1978006140,https://doi.org/10.1002/pits.20607,,128-692-329-335-167,1,1
https://openalex.org/w3001088662,https://doi.org/10.1111/medu.14074,,,0,0
https://openalex.org/w2315159422,https://doi.org/10.1080/15313220.2015.1136802,,,0,0
https://openalex.org/w2560069338,https://doi.org/10.1080/00220671.2016.1253536,,,0,0
https://openalex.org/w2125669068,https://doi.org/10.1177/1059840510369112,,,0,0
https://openalex.org/w2793553587,https://doi.org/10.4018/ijmbl.2018040104,,,0,0
https://openalex.org/w2114779175,https://doi.org/10.1007/bf02829583,,,0,0
https://openalex.org/w2023608620,https://doi.org/10.1080/10409289.2013.778567,,,0,0
https://openalex.org/w2154588197,https://doi.org/10.1007/s10212-011-0069-2,,,0,0
https://openalex.org/w2520048079,https://doi.org/10.1017/s0958344016000161,,,0,0
https://openalex.org/w2467344339,,,,0,0
https://openalex.org/w183234679,https://doi.org/10.1080/02796015.2007.12087930,,113-858-894-107-928,1,1
https://openalex.org/w1973426469,https://doi.org/10.1080/10409289.2015.989029,,,0,0
https://openalex.org/w1098318291,https://doi.org/10.1016/j.jsp.2015.06.002,,,0,0
https://openalex.org/w2149252394,https://doi.org/10.1037/a0014695,,,0,0
https://openalex.org/w2076127827,https://doi.org/10.1007/s10763-014-9588-z,,,0,0
https://openalex.org/w2800391235,https://doi.org/10.1080/10476210.2018.1466874,,,0,0
https://openalex.org/w2004104387,https://doi.org/10.1007/s11121-014-0533-8,,,0,0
https://openalex.org/w1875492033,,,,0,0
https://openalex.org/w1975694854,https://doi.org/10.1111/1528-3577.00046,,,0,0
https://openalex.org/w2134055336,https://doi.org/10.1111/1467-8624.7402014,,,0,0
https://openalex.org/w3018093382,https://doi.org/10.1080/10409289.2020.1749820,,,0,0
https://openalex.org/w2100791015,https://doi.org/10.1177/1476718x04046649,,,0,0
https://openalex.org/w2939134073,https://doi.org/10.1007/s11422-018-9905-x,,,0,0
https://openalex.org/w2900663196,https://doi.org/10.1177/016146811711900401,,,0,0
https://openalex.org/w2623856009,https://doi.org/10.1080/10494820.2017.1333009,,,0,0
https://openalex.org/w1980577318,https://doi.org/10.1080/01443410.2015.1034090,,,0,0
https://openalex.org/w2994452058,https://doi.org/10.1177/1053825919888778,,,0,0
https://openalex.org/w2160625207,,,,0,0
https://openalex.org/w2963632119,https://doi.org/10.1016/j.ijedudev.2019.102087,,,0,0
https://openalex.org/w2798060778,https://doi.org/10.1080/01626620.2018.1424051,,,0,0
https://openalex.org/w2110619609,https://doi.org/10.1177/1063426613512677,,,0,0
https://openalex.org/w2043302418,https://doi.org/10.1007/s12564-011-9176-7,,,0,0
https://openalex.org/w2904135755,,,,0,0
https://openalex.org/w2907935459,https://doi.org/10.1108/ijem-02-2018-0058,,,0,0
https://openalex.org/w2074529415,https://doi.org/10.1016/j.tsc.2013.04.003,,,0,0
https://openalex.org/w2171065533,https://doi.org/10.1007/s10802-006-9058-3,,,0,0
https://openalex.org/w2546734369,https://doi.org/10.1080/13603116.2016.1251501,,,0,0
https://openalex.org/w2023416885,https://doi.org/10.1080/00313830220142155,,,0,0
https://openalex.org/w2506972934,https://doi.org/10.1007/s10643-016-0807-9,,,0,0
https://openalex.org/w1976892924,https://doi.org/10.1016/j.tate.2007.03.003,,,0,0
https://openalex.org/w2792758206,https://doi.org/10.1037/edu0000239,,092-293-855-977-853,1,1
https://openalex.org/w2911757345,https://doi.org/10.1080/1369118x.2019.1575447,,,0,0
https://openalex.org/w2884226318,https://doi.org/10.1007/s11199-018-0944-2,,,0,0
https://openalex.org/w2970346728,https://doi.org/10.1007/s10984-019-09294-x,,,1,1
https://openalex.org/w1973203530,https://doi.org/10.1016/s0885-2006(03)00025-5,,,0,0
https://openalex.org/w2909755590,https://doi.org/10.1177/8755123318820401,,,0,0
https://openalex.org/w2884869156,,,,0,0
https://openalex.org/w2251287333,,,,0,0
https://openalex.org/w2064076545,https://doi.org/10.1080/09585170500135921,,,0,0
https://openalex.org/w85573146,,,,0,0
https://openalex.org/w2972413225,https://doi.org/10.1016/j.ssmph.2019.100485,,050-865-180-321-115,1,1
https://openalex.org/w2049907048,https://doi.org/10.1080/01443410.2013.817325,,,0,0
https://openalex.org/w985037448,https://doi.org/10.1016/j.tsc.2015.06.003,,,0,0
https://openalex.org/w2794197822,https://doi.org/10.1136/bmjopen-2017-016633,,,0,0
https://openalex.org/w2036969925,https://doi.org/10.1007/s13158-014-0127-4,,,0,0
https://openalex.org/w2040232445,https://doi.org/10.1080/1547688x.2011.593994,,,0,0
https://openalex.org/w1680943082,https://doi.org/10.1080/16823206.2015.1024143,,,0,0
https://openalex.org/w2036854708,https://doi.org/10.1080/08878730.2014.976105,,,0,0
https://openalex.org/w2890860892,https://doi.org/10.1080/09500693.2018.1514543,,,0,0
https://openalex.org/w2083538474,https://doi.org/10.1016/j.ecresq.2014.06.007,,,0,0
https://openalex.org/w2918327196,,,,0,0
https://openalex.org/w2018075245,https://doi.org/10.1093/elt/ccq046,,,0,0
https://openalex.org/w3048501364,https://doi.org/10.1111/bjep.12376,,,0,0
https://openalex.org/w122626072,,,,0,0
https://openalex.org/w2069162704,https://doi.org/10.2478/v10215-011-0030-6,,,0,0
https://openalex.org/w2934988076,https://doi.org/10.1007/s11422-019-09911-4,,,0,0
https://openalex.org/w2083529656,https://doi.org/10.1016/j.appdev.2009.05.001,,,0,0
https://openalex.org/w2337736071,https://doi.org/10.1016/j.chb.2016.04.013,,,0,0
https://openalex.org/w2790001931,https://doi.org/10.1080/08856257.2018.1424778,,,0,1
https://openalex.org/w3004187465,https://doi.org/10.1017/jie.2019.26,,009-889-328-738-882,1,1
https://openalex.org/w2024324396,https://doi.org/10.1177/073724770403000103,,,0,0
https://openalex.org/w2925141211,https://doi.org/10.2989/17280583.2019.1580586,,,0,0
https://openalex.org/w2045169544,https://doi.org/10.1007/s10803-011-1339-1,,,0,0
https://openalex.org/w2472692468,,,,0,0
https://openalex.org/w2890441010,https://doi.org/10.5539/elt.v11n10p16,,,0,0
https://openalex.org/w2134658361,https://doi.org/10.1037/0022-0663.97.4.673,,,0,0
https://openalex.org/w2038938031,https://doi.org/10.1080/0309877x.2015.1014317,,,0,0
https://openalex.org/w1929914121,https://doi.org/10.1080/14681811.2015.1091768,,,0,0
https://openalex.org/w2202788366,https://doi.org/10.1080/18377122.2015.1092724,,,0,0
https://openalex.org/w3016540191,https://doi.org/10.1177/0165025420915527,,069-702-333-034-760,1,1
https://openalex.org/w2566097087,https://doi.org/10.1037/edu0000172,,,0,0
https://openalex.org/w2794713408,https://doi.org/10.1007/s10734-019-00365-9,,,0,0
https://openalex.org/w2099719403,https://doi.org/10.1080/15391523.2012.10782594,,,0,0
https://openalex.org/w2952996417,https://doi.org/10.1016/j.lindif.2019.06.001,,,1,1
https://openalex.org/w2903501040,https://doi.org/10.1177/0143034318805517,,036-741-207-050-06X,1,1
https://openalex.org/w2884809737,https://doi.org/10.1002/pits.22175,,,0,1
https://openalex.org/w1558770065,,,,0,0
https://openalex.org/w2057781307,https://doi.org/10.1016/j.adolescence.2007.09.007,,,0,0
https://openalex.org/w2057370943,https://doi.org/10.1006/jado.2001.0440,,,0,1
https://openalex.org/w2114175758,https://doi.org/10.1016/j.ecresq.2008.12.003,,,0,0
https://openalex.org/w2021021553,https://doi.org/10.1002/pits.20278,,,0,0
https://openalex.org/w2089955563,https://doi.org/10.1080/0013188042000178836,,,0,0
https://openalex.org/w2499232005,https://doi.org/10.1086/687753,,,0,0
https://openalex.org/w2067888033,https://doi.org/10.1111/josh.12237,,069-467-890-526-47X,1,1
https://openalex.org/w1516781500,https://doi.org/10.1387/revpsicodidact.4615,,,0,0
https://openalex.org/w805772302,https://doi.org/10.1016/j.compedu.2015.06.003,,,0,0
https://openalex.org/w2063883717,https://doi.org/10.1016/j.jsp.2012.12.001,,,0,0
https://openalex.org/w2995763192,https://doi.org/10.1016/j.ecresq.2019.10.003,,,0,0
https://openalex.org/w2117593439,https://doi.org/10.1080/11356405.2015.1012805,,,0,0
https://openalex.org/w1922865166,https://doi.org/10.1111/jcpp.12460,,,0,1
https://openalex.org/w2067942768,https://doi.org/10.1037/0893-3200.19.4.581,,,0,0
https://openalex.org/w2767121483,https://doi.org/10.29173/cmplct29336,,,0,0
https://openalex.org/w1965344754,https://doi.org/10.1002/jcop.20252,,059-785-522-393-942,1,1
https://openalex.org/w2117107498,https://doi.org/10.17718/tojde.30946,,,0,0
https://openalex.org/w2473216804,https://doi.org/10.1108/ijlls-12-2015-0043,,,0,0
https://openalex.org/w2293749858,https://doi.org/10.1080/17408989.2015.1115008,,,0,0
https://openalex.org/w2051091264,https://doi.org/10.1111/1471-3802.12021,,,0,0
https://openalex.org/w3009393356,https://doi.org/10.1007/s11469-020-00236-w,,,0,0
https://openalex.org/w2015500891,https://doi.org/10.1002/pits.20380,,,0,0
https://openalex.org/w2582055732,https://doi.org/10.1177/1757975916675125,,,0,1
https://openalex.org/w2685337604,https://doi.org/10.1080/17425964.2017.1342355,,,0,0
https://openalex.org/w2277800200,https://doi.org/10.1080/00405841.2016.1119019,,,0,0
https://openalex.org/w2019845261,https://doi.org/10.1007/s10643-007-0195-2,,,0,0
https://openalex.org/w2805155501,https://doi.org/10.1007/s00787-018-1169-1,,,0,0
https://openalex.org/w2049380723,https://doi.org/10.1080/00313831.2011.587322,,046-592-542-318-461,1,1
https://openalex.org/w2946111805,https://doi.org/10.1080/10409289.2019.1611331,,,0,0
https://openalex.org/w1997288805,https://doi.org/10.1016/j.jsp.2007.02.004,,,0,0
https://openalex.org/w2999042798,,,,0,0
https://openalex.org/w2920288635,,,,0,0
https://openalex.org/w2142361940,https://doi.org/10.1080/10349120600716125,,,0,0
https://openalex.org/w2892665392,https://doi.org/10.1080/14681366.2018.1522365,,,0,0
https://openalex.org/w909630113,,,,0,0
https://openalex.org/w2163085385,https://doi.org/10.1007/s10826-012-9595-z,,,0,0
https://openalex.org/w2788755552,https://doi.org/10.7334/psicothema2016.376,,,0,0
https://openalex.org/w2052841740,https://doi.org/10.1002/he.20004,,,0,0
https://openalex.org/w2125656672,https://doi.org/10.1007/s10802-015-0053-4,,001-906-709-174-495,1,1
https://openalex.org/w2017849869,https://doi.org/10.1037/a0026253,,,0,0
https://openalex.org/w2129593251,https://doi.org/10.1080/03055698.2010.506342,,,0,0
https://openalex.org/w2000530277,https://doi.org/10.1080/02643944.2015.1034758,,,0,0
https://openalex.org/w2070474045,https://doi.org/10.1016/s0005-7894(05)80068-1,,,0,0
https://openalex.org/w3001483490,https://doi.org/10.1177/1098300719900318,,,0,0
https://openalex.org/w2092721780,https://doi.org/10.1016/j.ecresq.2007.04.002,,039-082-670-591-338,1,1
https://openalex.org/w2092075251,https://doi.org/10.1348/000709904x24645,,,0,1
https://openalex.org/w1964995424,https://doi.org/10.1080/01411926.2010.548547,,,0,0
https://openalex.org/w2529552302,https://doi.org/10.1080/00220671.2015.1129595,,,0,0
https://openalex.org/w2091094524,https://doi.org/10.1111/j.1467-8624.2008.01229.x,,009-216-312-426-669,1,1
https://openalex.org/w2943476824,https://doi.org/10.1080/03323315.2019.1606725,,,0,0
https://openalex.org/w2521169422,https://doi.org/10.1016/j.psyneuen.2016.09.018,,,1,1
https://openalex.org/w2904338056,https://doi.org/10.1037/edu0000328,,,0,0
https://openalex.org/w2904822265,https://doi.org/10.1080/07303084.2018.1535340,,,0,0
https://openalex.org/w2735537452,https://doi.org/10.21890/ijres.328091,,,0,0
https://openalex.org/w2738928109,https://doi.org/10.1177/0741932517718359,,,0,0
https://openalex.org/w2626329865,https://doi.org/10.1177/1476718x17705415,,,0,0
https://openalex.org/w2893508829,https://doi.org/10.1111/bjet.12708,,,0,0
https://openalex.org/w2046249280,https://doi.org/10.1016/j.tate.2007.02.007,,,0,0
https://openalex.org/w2609037158,https://doi.org/10.1007/s13384-018-0273-z,,,0,0
https://openalex.org/w2083455267,https://doi.org/10.1080/13540602.2010.517689,,,0,0
https://openalex.org/w2400933547,https://doi.org/10.1080/00131725.2016.1173751,,,0,0
https://openalex.org/w2260825200,https://doi.org/10.1353/jip.2015.0037,,,0,0
https://openalex.org/w4251130712,https://doi.org/10.1080/14616730010024753,,,0,0
https://openalex.org/w2883462131,https://doi.org/10.1007/s10826-018-1181-6,,,1,1
https://openalex.org/w2151140582,https://doi.org/10.1123/apaq.2014-0140,,,0,0
https://openalex.org/w2086468812,https://doi.org/10.1207/s15326985ep3704_1,,,0,0
https://openalex.org/w2152028854,https://doi.org/10.1007/s10763-015-9617-6,,,0,0
https://openalex.org/w2170532821,https://doi.org/10.1080/15388220.2014.928640,,,0,0
https://openalex.org/w2000091252,https://doi.org/10.1207/s15374424jccp3402_11,,,0,0
https://openalex.org/w2171007194,https://doi.org/10.15700/201412121002,,,0,0
https://openalex.org/w2075590260,https://doi.org/10.1007/s10902-013-9475-2,,,1,1
https://openalex.org/w2534313948,https://doi.org/10.3389/fpsyg.2016.01610,,,0,0
https://openalex.org/w2779351940,https://doi.org/10.26522/brocked.v26i2.609,,,0,0
https://openalex.org/w2486722615,https://doi.org/10.1016/j.chb.2016.07.053,,,1,1
https://openalex.org/w2972502132,https://doi.org/10.1080/13573322.2019.1666360,,061-595-554-309-201,1,1
https://openalex.org/w2764301920,https://doi.org/10.1016/j.tele.2017.10.001,,,0,0
https://openalex.org/w1975292284,https://doi.org/10.1007/s10857-006-0004-7,,,0,0
https://openalex.org/w2041831855,https://doi.org/10.1007/s11422-010-9289-z,,,0,0
https://openalex.org/w2052639534,https://doi.org/10.3200/joer.102.4.303-320,,035-168-607-719-994,1,1
https://openalex.org/w2537143564,https://doi.org/10.1186/s12889-016-3756-8,,,0,0
https://openalex.org/w2883829458,https://doi.org/10.1016/j.ijer.2018.07.003,,,0,0
https://openalex.org/w2907783123,https://doi.org/10.1080/1046560x.2018.1547033,,,0,0
https://openalex.org/w2792340430,https://doi.org/10.1007/s10643-018-0889-7,,,0,0
https://openalex.org/w65097442,,,,0,0
https://openalex.org/w1975851087,https://doi.org/10.1016/j.lindif.2015.04.012,,,1,1
https://openalex.org/w2898101561,https://doi.org/10.1080/21683603.2018.1523030,,065-876-368-492-854,1,1
https://openalex.org/w3024866397,https://doi.org/10.1080/10409289.2020.1760040,,,0,0
https://openalex.org/w2638345506,https://doi.org/10.1177/1469787417707616,,,0,0
https://openalex.org/w2883275515,https://doi.org/10.1080/01443410.2018.1481199,,,0,0
https://openalex.org/w2046379560,https://doi.org/10.2307/1511295,,,0,0
https://openalex.org/w3084225401,,,,0,0
https://openalex.org/w2397068611,https://doi.org/10.1177/0145445516650879,,,0,0
https://openalex.org/w2603731977,https://doi.org/10.1080/17483107.2017.1306595,,,0,0
https://openalex.org/w2121618245,https://doi.org/10.1353/aad.0.0075,,,0,0
https://openalex.org/w2940948540,https://doi.org/10.1080/10824669.2019.1570202,,,0,0
https://openalex.org/w2109418016,https://doi.org/10.1016/j.ijnurstu.2010.02.015,,,0,0
https://openalex.org/w2944533867,https://doi.org/10.1007/s11165-019-9843-y,,,0,0
https://openalex.org/w2220669577,https://doi.org/10.1080/1034912x.2015.1111305,,,0,0
https://openalex.org/w2134860358,https://doi.org/10.1016/j.bbr.2014.05.056,,,0,0
https://openalex.org/w2784024852,https://doi.org/10.1177/1741143217751077,,,0,0
https://openalex.org/w2141378035,https://doi.org/10.1177/0143034308099203,,035-922-943-115-067,1,1
https://openalex.org/w2958502751,https://doi.org/10.1016/j.enfcli.2019.04.096,,,0,1
https://openalex.org/w2896518846,https://doi.org/10.3102/0002831218803872,,,0,0
https://openalex.org/w1898976137,https://doi.org/10.1027/0044-3409.216.2.111,,,0,0
https://openalex.org/w2041473518,https://doi.org/10.1016/j.linged.2006.12.002,,,0,0
https://openalex.org/w205041616,,,,0,1
https://openalex.org/w2084965847,https://doi.org/10.1080/09540120220123739,,,0,0
https://openalex.org/w2985280584,https://doi.org/10.17105/spr-2017-0153.v48-3,,078-941-790-010-179,1,1
https://openalex.org/w1840962175,https://doi.org/10.13152/ijrvet.1.2.3,,,0,0
https://openalex.org/w2065343467,https://doi.org/10.1080/10573560500203525,,,0,0
https://openalex.org/w2912727086,https://doi.org/10.1007/s10643-019-00931-x,,,0,0
https://openalex.org/w2510147908,https://doi.org/10.1080/13540602.2016.1218329,,,0,0
https://openalex.org/w2065831056,https://doi.org/10.1016/j.jsp.2013.12.004,,064-325-062-674-332,1,1
https://openalex.org/w2076863903,https://doi.org/10.1186/1471-2458-14-402,,,0,0
https://openalex.org/w2899474153,https://doi.org/10.1037/edu0000300,,,0,0
https://openalex.org/w2166291155,,,,0,0
https://openalex.org/w2002827319,https://doi.org/10.1016/s0742-051x(02)00027-6,,,0,0
https://openalex.org/w2044541233,https://doi.org/10.1089/cpb.2007.9974,,,0,0
https://openalex.org/w2805765814,https://doi.org/10.1080/14681811.2018.1475283,,,0,0
https://openalex.org/w2800226805,https://doi.org/10.13187/ejced.2018.1.82,,,0,0
https://openalex.org/w2014978480,https://doi.org/10.1007/s10857-010-9156-6,,,0,0
https://openalex.org/w1984459987,https://doi.org/10.1006/ceps.2000.1068,,,0,0
https://openalex.org/w4240873807,https://doi.org/10.18357/jcs.v41i2.16098,,,0,0
https://openalex.org/w2486611023,https://doi.org/10.1108/ijem-06-2015-0074,,,0,0
https://openalex.org/w2974296424,https://doi.org/10.1177/1053815119873071,,,0,0
https://openalex.org/w2168655820,https://doi.org/10.1177/0143034311415784,,114-047-832-295-318,1,1
https://openalex.org/w2141120346,https://doi.org/10.1080/01650250042000221,,,0,0
https://openalex.org/w2046184905,https://doi.org/10.1080/13603116.2014.935815,,,0,0
https://openalex.org/w1973395727,https://doi.org/10.1007/s10802-009-9381-6,,,0,0
https://openalex.org/w2017540391,https://doi.org/10.1007/s10964-006-9139-1,,,0,0
https://openalex.org/w2075025311,https://doi.org/10.1007/s10488-015-0651-z,,,0,0
https://openalex.org/w2900694618,https://doi.org/10.1177/0143034318807743,,,0,0
https://openalex.org/w2946098184,https://doi.org/10.1007/s10984-019-09285-y,,,0,0
https://openalex.org/w1980947623,https://doi.org/10.5539/elt.v8n4p97,,,0,0
https://openalex.org/w1802185839,,,,0,0
https://openalex.org/w2345550330,https://doi.org/10.14257/ijmue.2016.11.3.27,,,0,0
https://openalex.org/w2845997101,https://doi.org/10.1177/1363459318785711,,,0,0
https://openalex.org/w2118398126,https://doi.org/10.1111/j.1746-1561.2006.00129.x,,,0,0
https://openalex.org/w876417058,https://doi.org/10.1007/s10212-015-0264-7,,,0,0
https://openalex.org/w3037401510,https://doi.org/10.1016/j.linged.2020.100829,,,0,0
https://openalex.org/w2016918537,https://doi.org/10.1080/0144341022000003097,,,0,0
https://openalex.org/w3048052470,https://doi.org/10.1080/02103702.2020.1773064,,,0,0
https://openalex.org/w2952411315,https://doi.org/10.5195/jyd.2019.685,,,0,0
https://openalex.org/w2951010347,https://doi.org/10.1016/j.braindev.2019.06.001,,,0,0
https://openalex.org/w2129436862,https://doi.org/10.1037/a0027725,,,0,1
https://openalex.org/w3006805822,https://doi.org/10.17583/ijep.2020.4463,,,0,0
https://openalex.org/w3022976993,https://doi.org/10.1177/2158244020918297,,,0,0
https://openalex.org/w2565594178,,,,0,0
https://openalex.org/w2976823896,https://doi.org/10.7575/aiac.alls.v.10n.2p.56,,,0,0
https://openalex.org/w1973504725,https://doi.org/10.1300/j370v23n01_04,,,0,0
https://openalex.org/w1977176389,https://doi.org/10.1080/09687599.2014.982787,,,0,0
https://openalex.org/w2591827317,https://doi.org/10.15700/saje.v37n1a1250,,,0,0
https://openalex.org/w2594008250,https://doi.org/10.1007/s12528-017-9141-5,,,0,0
https://openalex.org/w2999645021,https://doi.org/10.3390/ijerph17020420,,,0,0
https://openalex.org/w3010831341,https://doi.org/10.5812/ijpbs.95197,,,0,0
https://openalex.org/w2975421533,https://doi.org/10.1007/s10984-019-09293-y,,,0,0
https://openalex.org/w1902394590,https://doi.org/10.1002/tea.21267,,,0,0
https://openalex.org/w2841512016,https://doi.org/10.1080/03057240.2018.1471391,,,0,0
https://openalex.org/w2527931711,https://doi.org/10.1111/ajsp.12149,,,0,0
https://openalex.org/w233849785,https://doi.org/10.1016/j.ssresearch.2015.05.003,,,0,0
https://openalex.org/w2104058804,https://doi.org/10.1080/87567550209595895,,,0,0
https://openalex.org/w2614120568,https://doi.org/10.1111/cdev.12814,,,0,0
https://openalex.org/w2473621386,https://doi.org/10.1097/iyc.0000000000000040,,,0,0
https://openalex.org/w1491735821,https://doi.org/10.3389/fpsyg.2015.00850,,130-669-712-299-927,1,1
https://openalex.org/w2295702765,https://doi.org/10.1016/j.addbeh.2016.03.003,,,0,0
https://openalex.org/w2890282870,https://doi.org/10.5958/0976-5506.2018.00905.1,,,0,0
https://openalex.org/w3027820314,https://doi.org/10.1080/21520704.2020.1765926,,,0,0
https://openalex.org/w2117763047,https://doi.org/10.1007/s11191-015-9750-1,,,0,0
https://openalex.org/w2061877870,https://doi.org/10.1016/j.childyouth.2014.08.003,,,0,0
https://openalex.org/w2945593834,,,,0,0
https://openalex.org/w2024684656,https://doi.org/10.1080/01411920120048331,,,0,0
https://openalex.org/w2772306073,https://doi.org/10.36510/learnland.v8i2.698,,,0,0
https://openalex.org/w2048663211,https://doi.org/10.1007/s10671-009-9067-4,,,0,0
https://openalex.org/w2064361510,https://doi.org/10.1016/s0885-2006(01)00103-x,,,0,0
https://openalex.org/w2035573092,https://doi.org/10.1177/0143034314552345,,,0,0
https://openalex.org/w2173775905,https://doi.org/10.1002/jocb.125,,,0,0
https://openalex.org/w2544216531,https://doi.org/10.5897/err2016.2802,,,0,0
https://openalex.org/w2084116469,https://doi.org/10.1111/bjep.12037,,077-573-515-750-102,1,1
https://openalex.org/w2980040887,https://doi.org/10.1080/01443410.2019.1661974,,,0,0
https://openalex.org/w2064543484,https://doi.org/10.1080/02635141003748358,,,0,0
https://openalex.org/w1968516464,https://doi.org/10.1002/tea.20031,,,0,0
https://openalex.org/w2574582633,,,,0,0
https://openalex.org/w2989482135,https://doi.org/10.1016/j.ecresq.2019.10.002,,,0,0
https://openalex.org/w2097117791,,,,0,0
https://openalex.org/w2342804629,https://doi.org/10.16925/pe.v12i19.1327,,,0,0
https://openalex.org/w1876564777,https://doi.org/10.1016/j.adolescence.2015.09.003,,031-963-937-077-67X,1,1
https://openalex.org/w2990454860,https://doi.org/10.1111/jora.12538,,088-399-981-410-488,1,1
https://openalex.org/w3005983729,https://doi.org/10.19030/tlc.v16i1.10317,,,0,0
https://openalex.org/w3009495041,,,,0,0
https://openalex.org/w2571274493,https://doi.org/10.1016/j.jmathb.2016.12.005,,,0,0
https://openalex.org/w2155522778,https://doi.org/10.1111/j.1365-2214.2008.00836.x,,,0,0
https://openalex.org/w2885148414,https://doi.org/10.1016/j.learninstruc.2018.07.010,,,0,0
https://openalex.org/w2536208961,https://doi.org/10.1177/0044118x16673281,,,0,0
https://openalex.org/w2105356941,https://doi.org/10.1080/00313830801915853,,,0,0
https://openalex.org/w2001137452,https://doi.org/10.1111/j.1467-8624.2009.01348.x,,,0,0
https://openalex.org/w2301317790,https://doi.org/10.1037/ccp0000078,,,0,0
https://openalex.org/w2001112126,https://doi.org/10.1016/j.ridd.2013.05.010,,,0,0
https://openalex.org/w2921887360,https://doi.org/10.22329/il.v39i1.5116,,,0,0
https://openalex.org/w2517520731,https://doi.org/10.1080/03050068.2016.1220128,,,0,0
https://openalex.org/w1995850763,https://doi.org/10.1080/03004430.2015.1028386,,,0,0
https://openalex.org/w2973778514,https://doi.org/10.46504/14201902ma,,,0,0
https://openalex.org/w2049538700,https://doi.org/10.1080/03004430.2014.940931,,,0,0
https://openalex.org/w1653952559,https://doi.org/10.14742/ajet.1128,,,0,0
https://openalex.org/w2766110108,https://doi.org/10.1007/s10643-017-0886-2,,,0,0
https://openalex.org/w2811189464,https://doi.org/10.1016/j.compedu.2018.07.002,,,0,0
https://openalex.org/w2995817302,https://doi.org/10.1177/0272431619891238,,,0,0
https://openalex.org/w4251693387,https://doi.org/10.1037/0012-1649.36.2.274,,,1,1
https://openalex.org/w2060732704,https://doi.org/10.1086/499759,,,0,0
https://openalex.org/w2123451124,https://doi.org/10.4103/1463-1741.121254,,,0,0
https://openalex.org/w2735861427,https://doi.org/10.1007/s10964-017-0712-6,,,0,0
https://openalex.org/w2051226812,https://doi.org/10.7227/rie.82.9,,,0,0
https://openalex.org/w2621539371,https://doi.org/10.1016/j.linged.2017.05.004,,,0,0
https://openalex.org/w2260598223,https://doi.org/10.1177/016146811611800201,,,0,0
https://openalex.org/w1901537763,https://doi.org/10.1016/j.ecresq.2015.09.002,,,0,0
https://openalex.org/w2005313164,https://doi.org/10.1080/1090102020230206,,,0,0
https://openalex.org/w2168301953,https://doi.org/10.1002/pits.21788,,,0,0
https://openalex.org/w1978886446,https://doi.org/10.1037/1045-3830.23.4.496,,050-590-759-726-71X,1,1
https://openalex.org/w2888828147,https://doi.org/10.1037/dev0000556,,,0,0
https://openalex.org/w2802370435,https://doi.org/10.1080/23735082.2018.1459802,,,0,0
https://openalex.org/w1722097470,,,,0,0
https://openalex.org/w1799759656,https://doi.org/10.1080/01596306.2015.1074429,,,0,0
https://openalex.org/w2101163652,https://doi.org/10.1080/14703297.2014.997776,,,0,0
https://openalex.org/w2142194039,https://doi.org/10.1037/spq0000002,,,0,0
https://openalex.org/w2118029937,https://doi.org/10.1186/1479-5868-10-68,,,0,0
https://openalex.org/w2154313922,https://doi.org/10.1007/s10964-005-4313-4,,,1,1
https://openalex.org/w1818365268,https://doi.org/10.1002/sce.21181,,,0,0
https://openalex.org/w2975008991,https://doi.org/10.17263/jlls.631543,,,0,0
https://openalex.org/w2986698055,https://doi.org/10.1187/cbe.19-05-0089,,,0,0
https://openalex.org/w1986519648,https://doi.org/10.1177/1365480213493709,,,0,0
https://openalex.org/w2112066189,https://doi.org/10.1007/s10984-009-9068-5,,,0,1
https://openalex.org/w2078254622,https://doi.org/10.1080/08351813.2010.497629,,,0,0
https://openalex.org/w2253663077,https://doi.org/10.1007/s40593-016-0100-5,,,0,0
https://openalex.org/w2166772289,https://doi.org/10.1186/1745-6215-12-39,,,0,0
https://openalex.org/w2066249652,https://doi.org/10.1037/a0014559,,,0,0
https://openalex.org/w2332985424,https://doi.org/10.1177/1534508412463814,,,0,0
https://openalex.org/w2038164455,https://doi.org/10.1016/j.tate.2014.02.002,,,0,0
https://openalex.org/w2944586762,https://doi.org/10.1111/bjep.12289,,,0,0
https://openalex.org/w2012861919,https://doi.org/10.1016/j.jsp.2010.11.002,,,0,0
https://openalex.org/w2930515717,https://doi.org/10.1016/j.ridd.2019.03.006,,,0,0
https://openalex.org/w2090320448,https://doi.org/10.1007/s10643-011-0466-9,,,0,0
https://openalex.org/w2008769102,https://doi.org/10.1080/02568540609594575,,,0,0
https://openalex.org/w2920965541,https://doi.org/10.1007/s10964-019-00990-8,,,0,0
https://openalex.org/w3024011162,,,,0,0
https://openalex.org/w2128672439,https://doi.org/10.1186/1479-5868-3-32,,,0,0
https://openalex.org/w2996167272,https://doi.org/10.1002/casp.2449,,,0,0
https://openalex.org/w2966473273,https://doi.org/10.1080/01292986.2019.1651882,,,0,0
https://openalex.org/w2936504958,https://doi.org/10.1186/s40711-019-0095-z,,,0,0
https://openalex.org/w1983338492,https://doi.org/10.1007/s10802-011-9515-5,,,0,0
https://openalex.org/w2890393872,https://doi.org/10.1111/bjep.12244,,,0,0
https://openalex.org/w2980665069,https://doi.org/10.1016/j.yebeh.2019.06.030,,,0,0
https://openalex.org/w3025350861,https://doi.org/10.18806/tesl.v36i2.1314,,,0,0
https://openalex.org/w2154130574,https://doi.org/10.1093/jpepsy/jsj103,,,0,1
https://openalex.org/w1971342111,https://doi.org/10.1177/1367006914534332,,,0,0
https://openalex.org/w2100198006,https://doi.org/10.1177/0016986213513795,,,0,0
https://openalex.org/w2725471159,https://doi.org/10.4312/as.2017.5.2.11-42,,,0,0
https://openalex.org/w2587455751,https://doi.org/10.1086/690113,,,0,0
https://openalex.org/w4392529789,https://doi.org/10.58680/vm201013222,,,0,0
https://openalex.org/w2412312732,https://doi.org/10.1016/j.ridd.2016.05.014,,,0,0
https://openalex.org/w1976837318,https://doi.org/10.1177/1043454213514633,,,0,0
https://openalex.org/w2018159701,https://doi.org/10.1093/applin/21.3.376,,,0,0
https://openalex.org/w2339711737,https://doi.org/10.1080/09720073.2013.11891349,,,0,0
https://openalex.org/w1239939043,https://doi.org/10.1007/s11218-015-9304-z,,,0,0
https://openalex.org/w1526080409,,,,0,0
https://openalex.org/w2889723028,https://doi.org/10.12973/iji.2018.11414a,,,0,0
https://openalex.org/w2174393367,https://doi.org/10.1080/17439884.2015.1102743,,,0,0
https://openalex.org/w1554295229,,,,0,0
https://openalex.org/w2799979383,https://doi.org/10.12807/ti.110201.2018.a09,,,0,0
https://openalex.org/w1994952163,https://doi.org/10.1007/s10798-009-9111-y,,,0,0
https://openalex.org/w2325256551,https://doi.org/10.1177/0895904816637689,,,0,0
https://openalex.org/w2406337058,https://doi.org/10.1080/15427587.2016.1154445,,,0,0
https://openalex.org/w2443660412,https://doi.org/10.17239/jowr-2016.08.01.03,,,0,0
https://openalex.org/w2160360625,https://doi.org/10.1016/s1529-210x(03)08006-9,,,0,0
https://openalex.org/w2233319468,https://doi.org/10.1007/s10826-015-0301-9,,,0,0
https://openalex.org/w2938032751,https://doi.org/10.1080/15244113.2019.1598233,,,0,0
https://openalex.org/w2054454819,https://doi.org/10.1002/tea.1046,,,0,0
https://openalex.org/w2337529851,https://doi.org/10.1080/00220272.2015.1089940,,,0,0
https://openalex.org/w2017746538,https://doi.org/10.1080/02671522.2011.653389,,,0,0
https://openalex.org/w2567099060,https://doi.org/10.1007/s11218-016-9360-z,,,0,0
https://openalex.org/w2147729289,https://doi.org/10.1177/1475240912447849,,,0,0
https://openalex.org/w2916318031,https://doi.org/10.1016/j.jmathb.2019.01.007,,,0,0
https://openalex.org/w3012557896,,,,0,0
https://openalex.org/w1986845677,https://doi.org/10.1080/02607470801979558,,,0,0
https://openalex.org/w2792100532,https://doi.org/10.1080/13603116.2018.1430179,,,0,0
https://openalex.org/w3005830377,https://doi.org/10.1080/03634523.2020.1723804,,,0,0
https://openalex.org/w2771955229,https://doi.org/10.1016/j.adolescence.2017.12.001,,009-872-152-398-640,1,1
https://openalex.org/w2898173245,https://doi.org/10.1080/00131881.2018.1530947,,,0,0
https://openalex.org/w2773312687,https://doi.org/10.1177/1063426617742346,,,0,0
https://openalex.org/w2027424857,https://doi.org/10.1521/scpq.18.3.231.22576,,163-755-913-309-974,1,1
https://openalex.org/w2999622273,https://doi.org/10.1016/j.ridd.2020.103572,,,0,0
https://openalex.org/w2938166607,https://doi.org/10.1007/s12187-019-09640-8,,092-457-843-576-508,1,1
https://openalex.org/w2888549655,https://doi.org/10.1007/s10798-018-9465-0,,,0,0
https://openalex.org/w1556923447,https://doi.org/10.1002/pits.21681,,160-933-561-213-177,1,1
https://openalex.org/w2043538812,https://doi.org/10.1007/s10956-011-9295-2,,,0,0
https://openalex.org/w2067207785,https://doi.org/10.1016/j.nedt.2006.06.004,,,0,0
https://openalex.org/w2884795851,https://doi.org/10.1086/698606,,,0,0
https://openalex.org/w2905469682,,,,0,0
https://openalex.org/w2467460069,https://doi.org/10.1177/105268461302300504,,,0,0
https://openalex.org/w2884121762,https://doi.org/10.1016/j.system.2018.07.013,,,0,0
https://openalex.org/w232046610,,,,0,0
https://openalex.org/w2043687356,https://doi.org/10.1007/s10919-005-2744-y,,,0,0
https://openalex.org/w1672994724,https://doi.org/10.55016/oea/ajer.v51i2.55121,,,0,0
https://openalex.org/w2896057159,https://doi.org/10.1186/s12978-018-0607-3,,,0,0
https://openalex.org/w2790251158,https://doi.org/10.21890/ijres.409263,,,0,0
https://openalex.org/w3013119053,https://doi.org/10.1039/c9rp00175a,,,0,0
https://openalex.org/w2727082877,https://doi.org/10.1016/j.cedpsych.2017.06.007,,,0,0
https://openalex.org/w2103570721,https://doi.org/10.3138/cmlr.63.2.199,,,0,0
https://openalex.org/w2024785419,https://doi.org/10.1375/ajgc.17.2.126,,,0,1
https://openalex.org/w2210684023,https://doi.org/10.46743/2160-3715/2015.2379,,,0,0
https://openalex.org/w2551720484,https://doi.org/10.1080/1754730x.2016.1252684,,,0,0
https://openalex.org/w2134712784,https://doi.org/10.1197/jamia.m1468,,,0,0
https://openalex.org/w2017102269,https://doi.org/10.1371/journal.pone.0095290,,076-895-553-857-563,1,1
https://openalex.org/w2766583959,https://doi.org/10.1080/17450128.2017.1395101,,,0,0
https://openalex.org/w2159666891,https://doi.org/10.1111/j.1467-9507.2008.00476.x,,,0,0
https://openalex.org/w2949479362,https://doi.org/10.3390/ijerph16122182,,,0,0
https://openalex.org/w2139396701,https://doi.org/10.1002/pits.10009,,119-328-733-965-059,1,1
https://openalex.org/w2781789412,https://doi.org/10.21277/se.v1i36.300,,,0,0
https://openalex.org/w2802536047,https://doi.org/10.1007/s10639-018-9723-5,,,0,0
https://openalex.org/w2609040015,https://doi.org/10.1515/multi-2016-0020,,,0,0
https://openalex.org/w2903179972,https://doi.org/10.1080/00224499.2018.1544604,,,0,0
https://openalex.org/w3022518461,https://doi.org/10.1136/bmjopen-2019-036523,,,0,0
https://openalex.org/w2572689267,https://doi.org/10.1080/03004430.2016.1278372,,,0,0
https://openalex.org/w2051513516,https://doi.org/10.1080/14623940500489674,,,0,0
https://openalex.org/w2034759444,https://doi.org/10.7575/ijalel.v.1n.5p.84,,,0,0
https://openalex.org/w2969359705,https://doi.org/10.1177/2381336919870291,,,0,0
https://openalex.org/w2791056979,https://doi.org/10.1177/016146811812000607,,,0,0
https://openalex.org/w2973135032,https://doi.org/10.1007/s12310-019-09343-z,,,1,1
https://openalex.org/w2806137290,https://doi.org/10.1080/01587919.2018.1476842,,,0,0
https://openalex.org/w2089044643,https://doi.org/10.1007/s10212-011-0093-2,,,0,0
https://openalex.org/w2945348636,https://doi.org/10.1108/s1479-363620190000013009,,,0,0
https://openalex.org/w1991455670,https://doi.org/10.1037/0022-0663.99.1.26,,119-476-504-475-499,1,1
https://openalex.org/w2897541614,,,,1,1
https://openalex.org/w2790356621,https://doi.org/10.1080/20008198.2018.1450042,,100-154-169-229-28X,1,1
https://openalex.org/w2100128936,https://doi.org/10.1016/j.tate.2008.11.018,,,0,0
https://openalex.org/w2947380899,https://doi.org/10.1177/1098300719851226,,,0,0
https://openalex.org/w2786403913,https://doi.org/10.1177/1744987117742210,,,0,0
https://openalex.org/w1969865038,https://doi.org/10.1353/jge.2000.0011,,,0,0
https://openalex.org/w2893937997,https://doi.org/10.3389/fpsyg.2018.01970,,,0,0
https://openalex.org/w2794917158,,,,0,0
https://openalex.org/w2761409454,https://doi.org/10.1080/08856257.2017.1386318,,,0,0
https://openalex.org/w2057632078,https://doi.org/10.1080/13803611.2012.748254,,,0,0
https://openalex.org/w1972080584,https://doi.org/10.1080/09669760500171139,,,0,0
https://openalex.org/w2049054946,https://doi.org/10.1016/j.tsc.2011.05.001,,,0,0
https://openalex.org/w2483769776,https://doi.org/10.17105/spr45-2.250-267,,,0,0
https://openalex.org/w2109071840,https://doi.org/10.1111/j.1467-8535.2012.01318.x,,,0,0
https://openalex.org/w2474504340,https://doi.org/10.1002/berj.3238,,,0,0
https://openalex.org/w2134234483,https://doi.org/10.1016/j.socscimed.2009.12.010,,,0,0
https://openalex.org/w2980445180,https://doi.org/10.1080/00228958.2019.1659062,,,0,0
https://openalex.org/w2795272241,https://doi.org/10.17105/spr-2017-0003.v47-1,,,0,0
https://openalex.org/w2755281297,https://doi.org/10.1016/j.learninstruc.2017.09.005,,,0,0
https://openalex.org/w172671153,https://doi.org/10.1177/016146810911100704,,,0,0
https://openalex.org/w2498877929,https://doi.org/10.5380/atoz.v5i1.46937,,,0,0
https://openalex.org/w2072082334,https://doi.org/10.1111/j.1440-172x.2006.00583.x,,002-140-525-848-272,1,1
https://openalex.org/w2001642900,https://doi.org/10.3200/joer.102.3.203-212,,,0,0
https://openalex.org/w2038171770,https://doi.org/10.1080/02671520600615687,,,0,0
https://openalex.org/w2922057180,https://doi.org/10.1080/14643154.2019.1591680,,,0,0
https://openalex.org/w2884831169,https://doi.org/10.11621/pir.2017.0404,,,0,0
https://openalex.org/w2904731309,https://doi.org/10.14221/ajte.2018v43n11.1,,,0,0
https://openalex.org/w2903129688,https://doi.org/10.19173/irrodl.v19i5.3665,,,0,0
https://openalex.org/w2041134205,https://doi.org/10.1080/09669760600661260,,,0,0
https://openalex.org/w3033697050,https://doi.org/10.1016/j.appdev.2020.101144,,,0,0
https://openalex.org/w2234274891,https://doi.org/10.1007/s11165-015-9506-6,,,0,0
https://openalex.org/w2894203243,https://doi.org/10.1017/sjp.2018.37,,047-323-655-217-406,1,1
https://openalex.org/w2098515218,https://doi.org/10.1080/13540602.2014.937957,,,0,0
https://openalex.org/w2736683123,https://doi.org/10.1016/j.tate.2017.07.005,,,0,0
https://openalex.org/w3012420845,https://doi.org/10.18662/brain/11.1/12,,,0,0
https://openalex.org/w1010072341,https://doi.org/10.1016/j.system.2015.07.002,,,0,0
https://openalex.org/w2163372104,https://doi.org/10.1177/0022427804266561,,,0,0
https://openalex.org/w2130077586,https://doi.org/10.1080/1350293x.2012.760337,,,0,0
https://openalex.org/w3009715819,https://doi.org/10.1177/0022487120910692,,,0,0
https://openalex.org/w2019905454,https://doi.org/10.3109/17518423.2013.850751,,,0,0
https://openalex.org/w2337290288,https://doi.org/10.1002/ajcp.12022,,106-862-223-356-657,1,1
https://openalex.org/w2163308793,https://doi.org/10.1177/1362168810383328,,,0,0
https://openalex.org/w2766894694,https://doi.org/10.1080/14794802.2017.1379728,,,0,0
https://openalex.org/w2804480499,https://doi.org/10.3389/fpsyg.2018.00888,,,0,0
https://openalex.org/w2490059560,https://doi.org/10.1177/0044118x16660110,,,0,0
https://openalex.org/w1979511398,https://doi.org/10.1353/aad.2013.0009,,,0,0
https://openalex.org/w2124478884,https://doi.org/10.1177/1053815109352659,,,0,0
https://openalex.org/w3038117743,https://doi.org/10.1371/journal.pone.0235037,,,0,0
https://openalex.org/w2899858121,https://doi.org/10.1016/j.ecresq.2018.09.006,,,0,0
https://openalex.org/w1993344677,https://doi.org/10.1080/10409280902773351,,,0,0
https://openalex.org/w2897192597,https://doi.org/10.1016/j.appdev.2018.10.003,,,0,0
https://openalex.org/w2023337541,https://doi.org/10.1007/s12310-012-9099-4,,,0,0
https://openalex.org/w2142645420,,,,0,0
https://openalex.org/w2234016283,https://doi.org/10.1007/s10964-016-0414-5,,012-146-258-148-801,1,1
https://openalex.org/w2990530895,https://doi.org/10.1590/1984-6398201914819,,,0,0
https://openalex.org/w2972440204,https://doi.org/10.1002/pits.22295,,044-599-971-368-60X,1,1
https://openalex.org/w1976263112,https://doi.org/10.1007/s10935-013-0316-1,,,0,0
https://openalex.org/w4238191202,https://doi.org/10.1017/sjp.2016.23,,,0,0
https://openalex.org/w3024516530,https://doi.org/10.1080/07370008.2020.1763349,,,0,0
https://openalex.org/w2789789926,https://doi.org/10.14742/ajet.3340,,,0,0
https://openalex.org/w2944417368,https://doi.org/10.1080/2331186x.2019.1615766,,,0,0
https://openalex.org/w3044915646,https://doi.org/10.1108/ils-04-2020-0123,,,0,0
https://openalex.org/w2914350328,https://doi.org/10.1080/1475939x.2019.1569554,,,0,0
https://openalex.org/w2059058018,https://doi.org/10.1007/s10882-007-9038-8,,,0,0
https://openalex.org/w2068083856,https://doi.org/10.1016/j.compedu.2008.09.003,,,0,0
https://openalex.org/w2014098038,https://doi.org/10.1080/02568540209594996,,,0,0
https://openalex.org/w1901643857,https://doi.org/10.1111/j.1467-9507.2011.00604.x,,033-644-893-305-443,1,1
https://openalex.org/w2058757244,https://doi.org/10.1080/13540602.2013.848566,,,0,0
https://openalex.org/w2093084695,https://doi.org/10.1055/s-0028-1104534,,,0,0
https://openalex.org/w2179093164,https://doi.org/10.1016/j.system.2015.09.007,,,0,0
https://openalex.org/w2017646171,https://doi.org/10.1007/s11218-005-1365-y,,,1,1
https://openalex.org/w2328375011,https://doi.org/10.1136/postgradmedj-2014-132865,,,0,0
https://openalex.org/w2810118511,https://doi.org/10.18251/ijme.v20i2.1515,,,0,0
https://openalex.org/w2925340926,https://doi.org/10.1080/02568543.2019.1577771,,,0,0
https://openalex.org/w2405271337,,,,0,0
https://openalex.org/w3003930845,https://doi.org/10.1016/j.wombi.2019.12.005,,,0,0
https://openalex.org/w2009866828,https://doi.org/10.1016/j.ecresq.2005.01.005,,,0,0
https://openalex.org/w1980765193,https://doi.org/10.1080/03740463.2014.966603,,,0,0
https://openalex.org/w1528180749,https://doi.org/10.1080/14330237.2014.997016,,,0,0
https://openalex.org/w2592707711,https://doi.org/10.5951/jresematheduc.48.2.0148,,,0,0
https://openalex.org/w2589903396,https://doi.org/10.1007/s11195-017-9481-0,,,0,0
https://openalex.org/w2128137044,https://doi.org/10.1177/002242940705500202,,,0,0
https://openalex.org/w1849394772,https://doi.org/10.1016/j.tate.2015.10.004,,,0,0
https://openalex.org/w2586985843,https://doi.org/10.13189/ujer.2017.050107,,,0,0
https://openalex.org/w2071625165,https://doi.org/10.1177/0734282914554853,,,0,0
https://openalex.org/w2602642672,https://doi.org/10.7196/ajhpe.2017.v9i1.692,,,0,0
https://openalex.org/w2340182628,https://doi.org/10.1177/0044118x15593668,,,0,0
https://openalex.org/w2990473512,https://doi.org/10.1080/15235882.2019.1682717,,,0,0
https://openalex.org/w2069144044,https://doi.org/10.1108/00070701011043781,,,0,0
https://openalex.org/w2806868368,https://doi.org/10.1080/19463014.2018.1477608,,,0,0
https://openalex.org/w1489270775,,,,0,0
https://openalex.org/w2046996037,https://doi.org/10.1177/027112140302300102,,,0,0
https://openalex.org/w2991283073,https://doi.org/10.1007/s12310-019-09352-y,,,0,0
https://openalex.org/w2052211460,https://doi.org/10.1016/j.appdev.2010.03.005,,082-732-920-604-164,1,1
https://openalex.org/w2894705892,https://doi.org/10.1080/00131946.2018.1509862,,,0,0
https://openalex.org/w2944008288,https://doi.org/10.3389/fpsyg.2019.01077,,,0,0
https://openalex.org/w1970385670,https://doi.org/10.1080/03054985.2015.1020105,,,0,0
https://openalex.org/w2048181600,https://doi.org/10.1016/j.jsp.2010.08.003,,101-817-120-208-681,1,1
https://openalex.org/w1982559536,https://doi.org/10.1007/s12310-014-9129-5,,,1,1
https://openalex.org/w2513585752,https://doi.org/10.1177/0143034316664391,,004-576-010-299-913,1,1
https://openalex.org/w1980451078,https://doi.org/10.1037/spq0000057,,,0,0
https://openalex.org/w2047857794,https://doi.org/10.1080/02619768.2012.686994,,,0,0
https://openalex.org/w2325445276,https://doi.org/10.1037/a0037787,,003-438-064-556-303,1,1
https://openalex.org/w2517377448,https://doi.org/10.1016/j.addbeh.2016.08.013,,,0,0
https://openalex.org/w2060052675,https://doi.org/10.1080/01933920600978554,,,0,0
https://openalex.org/w2970795657,https://doi.org/10.1080/00461520.2019.1635020,,,0,0
https://openalex.org/w2922008836,https://doi.org/10.1080/15507394.2019.1577710,,,0,0
https://openalex.org/w2076084644,https://doi.org/10.1007/s10964-013-0039-x,,,0,0
https://openalex.org/w2790050587,https://doi.org/10.1016/j.childyouth.2018.03.001,,,1,1
https://openalex.org/w2795574430,https://doi.org/10.3102/0002831218763587,,,0,0
https://openalex.org/w2794166413,https://doi.org/10.1177/0044118x18757149,,,0,0
https://openalex.org/w2584478158,https://doi.org/10.1007/s10902-017-9844-3,,,0,0
https://openalex.org/w2943976635,https://doi.org/10.1177/1360780419835558,,,0,0
https://openalex.org/w2015202857,https://doi.org/10.1044/2015_lshss-14-0022,,,0,0
https://openalex.org/w2514391345,https://doi.org/10.1080/10476210.2016.1229291,,,0,0
https://openalex.org/w2761855946,https://doi.org/10.1039/c7rp00127d,,,0,0
https://openalex.org/w2758724010,https://doi.org/10.1177/1478210317731925,,,0,0
https://openalex.org/w2061803960,https://doi.org/10.1002/pits.20054,,,0,0
https://openalex.org/w2943964607,,,,0,0
https://openalex.org/w2605225028,,,,0,0
https://openalex.org/w2337970994,https://doi.org/10.1177/0143034315613777,,,0,0
https://openalex.org/w1991752649,https://doi.org/10.1007/s12144-008-9034-x,,,0,0
https://openalex.org/w2981672165,,,,0,0
https://openalex.org/w2766440630,https://doi.org/10.1177/1053825917736332,,,0,0
https://openalex.org/w2887659509,https://doi.org/10.1080/14675986.2018.1483796,,,0,0
https://openalex.org/w2123149314,https://doi.org/10.1111/bjep.12029,,,0,0
https://openalex.org/w2063986010,https://doi.org/10.1016/j.jsp.2005.10.002,,003-670-175-520-238,1,1
https://openalex.org/w2963877549,https://doi.org/10.1016/j.jsp.2019.07.003,,,0,0
https://openalex.org/w2224046099,,,,0,0
https://openalex.org/w2141305685,https://doi.org/10.1007/978-3-540-24612-1_4,,,0,0
https://openalex.org/w2973977970,,,,0,0
https://openalex.org/w2339141020,https://doi.org/10.1177/0042085915613544,,,0,0
https://openalex.org/w3015273385,https://doi.org/10.1007/s10803-020-04503-6,,,0,0
https://openalex.org/w2007427051,https://doi.org/10.1002/tea.20428,,,0,0
https://openalex.org/w2036202605,https://doi.org/10.1080/10409281003668060,,,0,0
https://openalex.org/w3009330328,https://doi.org/10.1080/20473869.2020.1729018,,,0,0
https://openalex.org/w2947095428,https://doi.org/10.28945/4081,,,0,0
https://openalex.org/w2006488670,https://doi.org/10.1086/593936,,,0,0
https://openalex.org/w2001405069,https://doi.org/10.1080/10508406.2011.528324,,,0,0
https://openalex.org/w2985389309,https://doi.org/10.3389/fpsyt.2019.00789,,,0,0
https://openalex.org/w3019326010,https://doi.org/10.17718/tojde.728157,,,0,0
https://openalex.org/w1994011131,https://doi.org/10.1080/00220973.2011.635167,,,0,0
https://openalex.org/w2026463068,https://doi.org/10.1007/s10643-013-0592-7,,,0,0
https://openalex.org/w1984748384,https://doi.org/10.1080/10538712.2014.888123,,,0,0
https://openalex.org/w2063586785,https://doi.org/10.1111/j.2044-8279.2012.02077.x,,009-440-018-441-573,1,1
https://openalex.org/w3042365584,https://doi.org/10.1002/tesq.607,,,0,0
https://openalex.org/w2100866425,https://doi.org/10.1080/00131910600748406,,,0,0
https://openalex.org/w2083353071,https://doi.org/10.1080/02619768.2011.643465,,,0,0
https://openalex.org/w2902546954,https://doi.org/10.1080/00220973.2018.1533795,,,0,0
https://openalex.org/w2965339695,https://doi.org/10.3389/fpsyg.2019.01885,,,0,0
https://openalex.org/w2813598140,https://doi.org/10.1016/j.lindif.2018.06.007,,,0,0
https://openalex.org/w2523613194,https://doi.org/10.1097/md.0000000000004533,,070-438-085-063-954,1,1
https://openalex.org/w3013448230,https://doi.org/10.1007/s40692-020-00160-x,,,0,0
https://openalex.org/w2896235508,https://doi.org/10.1007/s13384-018-0282-y,,,0,0
https://openalex.org/w1429475245,https://doi.org/10.14221/ajte.2015v40n9.9,,,0,0
https://openalex.org/w2085522805,https://doi.org/10.1080/aac.18.1.20.35,,,0,0
https://openalex.org/w2510145966,https://doi.org/10.1016/j.lindif.2016.08.036,,,0,0
https://openalex.org/w2970287884,https://doi.org/10.1016/j.tate.2019.102882,,,0,0
https://openalex.org/w2900385886,https://doi.org/10.13189/ujer.2018.061115,,,0,0
https://openalex.org/w2154644698,https://doi.org/10.1080/01416200.2011.546669,,,0,0
https://openalex.org/w2811106495,https://doi.org/10.1080/07294360.2018.1473843,,,0,0
https://openalex.org/w2144542992,https://doi.org/10.1177/0143034312446889,,,0,0
https://openalex.org/w2803241935,https://doi.org/10.1186/s12889-018-5295-y,,,0,0
https://openalex.org/w2888839575,https://doi.org/10.1353/rhe.2019.0001,,,0,0
https://openalex.org/w2127210434,https://doi.org/10.3389/fpsyg.2015.00149,,,0,0
https://openalex.org/w2976884758,,,,0,0
https://openalex.org/w2585999954,,,,0,0
https://openalex.org/w2597110664,,,,0,0
https://openalex.org/w2098548214,https://doi.org/10.1123/apaq.30.3.254,,,0,0
https://openalex.org/w2942910882,https://doi.org/10.14448/jsesd.11.0002,,,0,0
https://openalex.org/w2590282619,https://doi.org/10.26634/jet.8.1.1467,,,0,0
https://openalex.org/w2971163508,https://doi.org/10.1007/s11256-019-00539-w,,,0,0
https://openalex.org/w2774006855,https://doi.org/10.1386/atr.5.3.197_1,,,0,0
https://openalex.org/w2903165664,https://doi.org/10.23940/ijpe.18.11.p33.28772885,,,0,0
https://openalex.org/w2724127469,https://doi.org/10.1186/s12978-017-0339-9,,,0,0
https://openalex.org/w3036631207,https://doi.org/10.1016/j.ijedudev.2020.102210,,,0,0
https://openalex.org/w2307677921,https://doi.org/10.1177/1461444815626612,,,0,0
https://openalex.org/w2110285057,https://doi.org/10.1080/1359866x.2011.614684,,,0,0
https://openalex.org/w3011953090,https://doi.org/10.1007/s40299-020-00501-5,,,0,0
https://openalex.org/w2436668929,https://doi.org/10.13110/merrpalmquar1982.62.2.0207,,,0,0
https://openalex.org/w2015715978,https://doi.org/10.1016/j.ecresq.2008.09.002,,,0,0
https://openalex.org/w2016174041,https://doi.org/10.1080/01443410903218844,,,0,0
https://openalex.org/w2902062772,https://doi.org/10.1108/sej-09-2018-0057,,,0,0
https://openalex.org/w2136336789,https://doi.org/10.1111/j.1467-8624.2008.01228.x,,,0,0
https://openalex.org/w2803859232,https://doi.org/10.1016/j.jsp.2018.05.006,,,0,0
https://openalex.org/w2033799385,https://doi.org/10.1136/jech.57.9.692,,,0,0
https://openalex.org/w2784017084,https://doi.org/10.1007/s11199-017-0885-1,,,0,1
https://openalex.org/w1984520023,https://doi.org/10.1016/j.tate.2012.04.008,,,0,0
https://openalex.org/w2796142112,https://doi.org/10.1111/josh.12616,,,0,0
https://openalex.org/w2042231702,https://doi.org/10.1353/aad.2005.0034,,,0,0
https://openalex.org/w1968271518,https://doi.org/10.1080/13603116.2011.580459,,,0,0
https://openalex.org/w2104735098,https://doi.org/10.1002/j.2162-6057.2005.tb01247.x,,,0,0
https://openalex.org/w2508944635,https://doi.org/10.1037/spq0000174,,,0,0
https://openalex.org/w2087998232,https://doi.org/10.1080/13540600802661345,,,0,0
https://openalex.org/w2270546352,https://doi.org/10.1177/0014402915585491,,,0,0
https://openalex.org/w2288795982,https://doi.org/10.18806/tesl.v32i0.1215,,,0,0
https://openalex.org/w2809631398,https://doi.org/10.1080/08923647.2018.1475921,,,0,0
https://openalex.org/w2603279490,https://doi.org/10.1177/1521025117696823,,,0,0
https://openalex.org/w2156578215,https://doi.org/10.1080/13573322.2015.1005068,,,0,0
https://openalex.org/w2284238188,https://doi.org/10.53841/bpsecp.2009.26.2.53,,,0,0
https://openalex.org/w2887409732,https://doi.org/10.1080/19496591.2018.1474758,,,0,0
https://openalex.org/w2784038321,https://doi.org/10.18488/journal.61.2018.61.14.27,,,0,0
https://openalex.org/w2166649738,https://doi.org/10.1191/1362168806lr191oa,,,0,0
https://openalex.org/w2794564673,https://doi.org/10.4119/unibi/jsse-v17-i1-1675,,,0,0
https://openalex.org/w3008918792,https://doi.org/10.1080/07908318.2020.1730395,,,0,0
https://openalex.org/w2594283938,https://doi.org/10.1080/09500693.2017.1289420,,,0,0
https://openalex.org/w2474858913,,,,0,0
https://openalex.org/w2087585419,https://doi.org/10.1007/s10964-007-9257-4,,,0,0
https://openalex.org/w2055563281,https://doi.org/10.1016/j.jsp.2013.08.002,,018-129-423-651-130,1,1
https://openalex.org/w2006700915,https://doi.org/10.1111/j.1467-8578.2012.00546.x,,,0,0
https://openalex.org/w2754715304,https://doi.org/10.1016/j.compedu.2017.09.006,,,0,0
https://openalex.org/w2403235770,https://doi.org/10.1177/1053451216636059,,,0,0
https://openalex.org/w2122313789,https://doi.org/10.1027/1015-5759/a000086,,,0,0
https://openalex.org/w2649896110,https://doi.org/10.1016/j.pedn.2017.06.010,,,0,0
https://openalex.org/w2954388208,https://doi.org/10.1007/s10864-019-09337-6,,,0,0
https://openalex.org/w2948048711,https://doi.org/10.1007/bf03652024,,,0,0
https://openalex.org/w2080188910,https://doi.org/10.1007/s11165-005-0093-9,,,0,0
https://openalex.org/w2802280761,https://doi.org/10.1007/s40299-018-0381-6,,,0,0
https://openalex.org/w2922209629,https://doi.org/10.1111/jora.12487,,,0,0
https://openalex.org/w1983873459,https://doi.org/10.1007/s12671-012-0162-x,,,0,0
https://openalex.org/w2896949701,https://doi.org/10.1016/j.cedpsych.2018.10.005,,,0,0
https://openalex.org/w2489197271,https://doi.org/10.1111/1471-3802.12238,,,0,0
https://openalex.org/w2030968159,https://doi.org/10.1080/00313831.2010.508906,,,0,0
https://openalex.org/w2161051014,https://doi.org/10.1007/s00038-009-5421-9,,,0,0
https://openalex.org/w2948711164,https://doi.org/10.1007/s11218-019-09507-4,,,0,0
https://openalex.org/w2921217267,https://doi.org/10.3389/fpsyg.2019.00565,,,0,0
https://openalex.org/w2960858432,https://doi.org/10.3102/0002831219855694,,,0,0
https://openalex.org/w2910306181,https://doi.org/10.1016/j.ecresq.2018.12.009,,151-557-959-641-144,1,1
https://openalex.org/w3016706753,https://doi.org/10.1080/0309877x.2020.1744541,,,0,0
https://openalex.org/w2562169885,https://doi.org/10.1016/j.anpsic.2016.11.002,,,0,0
https://openalex.org/w2997554658,https://doi.org/10.2478/jolace-2019-0024,,,0,0
https://openalex.org/w1976341787,https://doi.org/10.1016/j.paid.2013.08.002,,,0,0
https://openalex.org/w2010119357,https://doi.org/10.1037/a0021768,,,0,0
https://openalex.org/w2118000429,https://doi.org/10.1177/0021909613493606,,,0,0
https://openalex.org/w2792758563,https://doi.org/10.1027/1016-9040/a000312,,,0,0
https://openalex.org/w2037816302,https://doi.org/10.1016/j.ridd.2013.08.004,,,0,0
https://openalex.org/w2900081464,https://doi.org/10.17105/spr-2017-0025.v47-3,,,0,0
https://openalex.org/w2979452649,https://doi.org/10.1016/j.ecresq.2019.09.001,,,0,0
https://openalex.org/w2017542792,https://doi.org/10.1007/s13394-013-0099-y,,,0,0
https://openalex.org/w2907081893,https://doi.org/10.1080/17408989.2018.1561836,,,0,0
https://openalex.org/w1973335080,https://doi.org/10.1016/j.tate.2008.04.007,,,0,0
https://openalex.org/w3011893656,https://doi.org/10.1016/j.childyouth.2020.104947,,,0,0
https://openalex.org/w2941299738,https://doi.org/10.1186/s41239-019-0143-4,,,0,0
https://openalex.org/w2790481453,https://doi.org/10.1016/j.ecresq.2018.01.002,,,0,0
https://openalex.org/w2148912040,https://doi.org/10.1177/0093854807310508,,,0,0
https://openalex.org/w2521253869,https://doi.org/10.1016/j.tate.2016.09.001,,,0,0
https://openalex.org/w2094178222,https://doi.org/10.1521/scpq.16.2.125.18698,,,0,0
https://openalex.org/w3010064377,https://doi.org/10.1152/advan.00045.2002a,,,0,0
https://openalex.org/w2013376707,https://doi.org/10.1080/0729436970160302,,,0,0
https://openalex.org/w2917438240,https://doi.org/10.5539/hes.v9n1p151,,,0,0
https://openalex.org/w2252736472,https://doi.org/10.1016/j.ecresq.2015.12.026,,,0,0
https://openalex.org/w2338323184,https://doi.org/10.1177/0044118x15618313,,,0,0
https://openalex.org/w2600666291,https://doi.org/10.1080/00220671.2017.1291486,,,0,0
https://openalex.org/w2185697182,https://doi.org/10.4438/1988-592x-re-2014-365-268,,,0,0
https://openalex.org/w2171555291,https://doi.org/10.1080/15427609.2013.818484,,,0,0
https://openalex.org/w2886350496,https://doi.org/10.32674/jis.v8i2.99,,,0,0
https://openalex.org/w2981265413,https://doi.org/10.1007/s11218-019-09523-4,,,0,0
https://openalex.org/w2794659085,https://doi.org/10.1016/j.system.2018.03.016,,,0,0
https://openalex.org/w2504770058,https://doi.org/10.1080/00131881.2016.1184949,,,0,0
https://openalex.org/w2503939779,https://doi.org/10.1016/j.ecresq.2016.04.002,,,0,0
https://openalex.org/w116089327,,,,0,0
https://openalex.org/w2077705845,https://doi.org/10.1080/14703290701241026,,,0,0
https://openalex.org/w1513172882,https://doi.org/10.1348/000709901158587,,,0,0
https://openalex.org/w2734135704,https://doi.org/10.1016/j.psicod.2017.01.001,,,0,0
https://openalex.org/w3024982821,https://doi.org/10.1177/215416472005500109,,,0,0
https://openalex.org/w2882989437,https://doi.org/10.1111/sode.12320,,096-241-227-444-205,1,1
https://openalex.org/w2097538724,https://doi.org/10.1080/09540250701797226,,,0,0
https://openalex.org/w300964026,,,,0,0
https://openalex.org/w290261885,https://doi.org/10.1163/9789004506602_018,,,0,0
https://openalex.org/w1816262530,https://doi.org/10.1080/19325037.2015.1044586,,,0,0
https://openalex.org/w2769200948,https://doi.org/10.1016/j.lindif.2017.11.003,,,1,1
https://openalex.org/w1999138733,https://doi.org/10.2989/16073614.2012.739330,,,0,0
https://openalex.org/w2980523716,https://doi.org/10.18823/asiatefl.2019.16.3.2.783,,,0,0
https://openalex.org/w2895372602,https://doi.org/10.1080/19463014.2018.1518251,,,0,0
https://openalex.org/w2084766214,https://doi.org/10.1375/s1326011100000132,,,0,0
https://openalex.org/w2974342858,,,,0,0
https://openalex.org/w2431281740,,,,0,0
https://openalex.org/w2569760520,https://doi.org/10.1080/13548506.2016.1271953,,,0,0
https://openalex.org/w2144308227,https://doi.org/10.1016/j.jsams.2011.08.002,,,0,0
https://openalex.org/w2569240237,https://doi.org/10.1177/1476750316674539,,,0,0
https://openalex.org/w2345415500,https://doi.org/10.1080/03004430.2016.1177041,,,0,0
https://openalex.org/w2981544581,https://doi.org/10.7202/1065058ar,,,0,0
https://openalex.org/w2806998464,https://doi.org/10.1037/spq0000249,,013-075-966-855-081,1,1
https://openalex.org/w3015083208,https://doi.org/10.1186/s13034-020-00318-6,,,0,0
https://openalex.org/w2761451964,https://doi.org/10.1080/13670050.2017.1383352,,,0,0
https://openalex.org/w2011236345,https://doi.org/10.1080/13664530701644573,,,0,0
https://openalex.org/w2146786458,https://doi.org/10.1037/0022-0663.95.1.148,,175-970-216-874-668,1,1
https://openalex.org/w2765764699,https://doi.org/10.1080/10824669.2017.1348900,,,0,0
https://openalex.org/w2896805018,https://doi.org/10.1111/bjet.12679,,,0,0
https://openalex.org/w1969392152,https://doi.org/10.1080/13502930585209591,,,0,0
https://openalex.org/w2944823685,https://doi.org/10.1016/j.ecresq.2019.04.003,,,0,0
https://openalex.org/w2389127339,https://doi.org/10.1016/j.compedu.2016.05.006,,,0,0
https://openalex.org/w2946316686,https://doi.org/10.1007/s11165-019-9849-5,,,0,0
https://openalex.org/w2912697232,https://doi.org/10.1080/00313831.2019.1570547,,,0,0
https://openalex.org/w2100372309,,,,0,0
https://openalex.org/w180226694,,,,0,0
https://openalex.org/w2023201539,https://doi.org/10.1177/082957350001600102,,,0,1
https://openalex.org/w2547148466,https://doi.org/10.1016/j.adolescence.2016.10.002,,,0,0
https://openalex.org/w2039500623,https://doi.org/10.1016/j.appdev.2011.04.004,,,0,0
https://openalex.org/w1900779880,https://doi.org/10.1002/pits.21741,,,0,0
https://openalex.org/w1998827834,https://doi.org/10.1080/0305764x.2013.786024,,,0,0
https://openalex.org/w2769172671,https://doi.org/10.1080/13636820.2017.1394354,,,0,0
https://openalex.org/w3044293058,https://doi.org/10.1080/10409289.2020.1785265,,,0,0
https://openalex.org/w2805286229,https://doi.org/10.1007/s10639-018-9746-y,,,0,0
https://openalex.org/w345412482,https://doi.org/10.1177/016146810811000602,,,0,0
https://openalex.org/w2124233651,https://doi.org/10.3102/0002831207302173,,,0,0
https://openalex.org/w3033163281,https://doi.org/10.1016/j.childyouth.2020.105112,,,0,0
https://openalex.org/w2337483672,https://doi.org/10.1080/10476210.2016.1145204,,,0,0
https://openalex.org/w2158836722,https://doi.org/10.3102/0034654308325693,,,0,0
https://openalex.org/w2117724911,https://doi.org/10.1080/17439884.2013.756515,,,0,0
https://openalex.org/w1992172239,https://doi.org/10.1016/j.tate.2007.05.003,,,0,0
https://openalex.org/w2972507403,https://doi.org/10.1080/14681366.2019.1663246,,,0,0
https://openalex.org/w2152566882,https://doi.org/10.1080/14703290601090390,,,0,0
https://openalex.org/w2763405454,https://doi.org/10.1007/s10826-017-0852-z,,,1,1
https://openalex.org/w2046142217,https://doi.org/10.1016/j.linged.2006.08.008,,,0,0
https://openalex.org/w2303066968,https://doi.org/10.1387/revpsicodidact.13202,,,0,0
https://openalex.org/w2910945400,https://doi.org/10.1016/j.lindif.2018.12.006,,,1,1
https://openalex.org/w2997540495,https://doi.org/10.1002/jcop.22303,,,0,0
https://openalex.org/w2802750371,https://doi.org/10.16986/huje.2018038793,,,0,0
https://openalex.org/w2150667400,,,,0,0
https://openalex.org/w2398840668,https://doi.org/10.1016/j.jsp.2016.05.001,,,0,0
https://openalex.org/w2250366299,https://doi.org/10.1080/09518398.2015.1017855,,,0,0
https://openalex.org/w2029152013,https://doi.org/10.1037/a0031767,,,0,0
https://openalex.org/w3038093597,https://doi.org/10.1007/s11858-020-01178-2,,,0,0
https://openalex.org/w3013788335,https://doi.org/10.1186/s40561-020-00118-7,,,0,0
https://openalex.org/w2620973958,https://doi.org/10.1086/599787,,,0,0
https://openalex.org/w2967093928,https://doi.org/10.1080/01443410.2019.1652248,,,0,0
https://openalex.org/w2031523938,https://doi.org/10.1177/105381510703000103,,,0,0
https://openalex.org/w2473677857,,,,0,0
https://openalex.org/w2892098669,https://doi.org/10.12973/iji.2018.11412a,,,0,0
https://openalex.org/w2110053165,https://doi.org/10.3102/0002831208316200,,,0,0
https://openalex.org/w2170712803,https://doi.org/10.1177/0956797613519111,,158-459-918-867-783,1,1
https://openalex.org/w2883082711,https://doi.org/10.1007/s10758-018-9373-0,,,0,0
https://openalex.org/w2976728217,,,,0,0
https://openalex.org/w156968599,https://doi.org/10.1007/s11618-014-0555-9,,,0,0
https://openalex.org/w2942204463,https://doi.org/10.1016/j.adolescence.2019.04.001,,,0,0
https://openalex.org/w2120053023,https://doi.org/10.1123/jsep.35.1.3,,,0,0
https://openalex.org/w2095423454,https://doi.org/10.1111/j.1467-9817.2008.01389.x,,,0,0
https://openalex.org/w2947669721,https://doi.org/10.1177/0033688219847315,,,0,0
https://openalex.org/w2034926542,https://doi.org/10.2307/3090281,,,0,0
https://openalex.org/w2724180273,https://doi.org/10.1080/09650792.2017.1339620,,,0,0
https://openalex.org/w2023456648,https://doi.org/10.1016/j.learninstruc.2011.04.001,,,0,0
https://openalex.org/w1937600223,https://doi.org/10.1111/j.1548-1395.2012.01129.x,,,0,0
https://openalex.org/w2812596994,https://doi.org/10.1371/journal.pone.0199893,,,0,0
https://openalex.org/w3034403048,https://doi.org/10.1177/0272431620931199,,,0,0
https://openalex.org/w2120153387,https://doi.org/10.1177/1541204012440108,,,0,0
https://openalex.org/w2125947356,https://doi.org/10.25115/ejrep.v10i26.1492,,,0,0
https://openalex.org/w2858972559,https://doi.org/10.15446/profile.v20n2.63845,,,0,0
https://openalex.org/w2124567192,https://doi.org/10.1007/s11218-015-9293-y,,,0,0
https://openalex.org/w1987296996,https://doi.org/10.1080/02671522.2012.689319,,,0,0
https://openalex.org/w2982972788,https://doi.org/10.1016/j.psychres.2019.112676,,,0,0
https://openalex.org/w2216439723,https://doi.org/10.1080/03906701.2016.1112528,,,0,0
https://openalex.org/w2602607434,https://doi.org/10.3389/fpsyg.2017.00481,,,0,0
https://openalex.org/w1985523418,https://doi.org/10.1080/10494820600852969,,,0,0
https://openalex.org/w2157769426,https://doi.org/10.1111/jmft.12012,,,0,0
https://openalex.org/w3012250300,https://doi.org/10.58837/chula.pasaa.58.1.11,,,0,0
https://openalex.org/w2123930016,https://doi.org/10.1037/a0028694,,,0,0
https://openalex.org/w2096875502,https://doi.org/10.1016/j.tate.2012.06.006,,,0,0
https://openalex.org/w1969220083,https://doi.org/10.1037/0022-0663.96.2.369,,165-910-720-882-635,1,1
https://openalex.org/w2794311125,https://doi.org/10.1080/07294360.2018.1446417,,,0,0
https://openalex.org/w2061385268,https://doi.org/10.1016/j.jsp.2005.12.002,,,0,0
https://openalex.org/w1918801061,https://doi.org/10.1177/0145721715587743,,,0,0
https://openalex.org/w2997652410,https://doi.org/10.1080/02188791.2019.1707644,,136-733-658-078-390,1,1
https://openalex.org/w2045323153,https://doi.org/10.1080/10409289.2011.628270,,001-530-471-443-487,1,1
https://openalex.org/w2086531393,https://doi.org/10.1016/j.jsp.2005.06.002,,,1,1
https://openalex.org/w2946285597,https://doi.org/10.1007/s11218-019-09494-6,,,0,0
https://openalex.org/w2897059219,https://doi.org/10.5958/0976-5506.2018.01033.1,,,0,0
https://openalex.org/w1934386312,,,,0,0
https://openalex.org/w2167826777,https://doi.org/10.1017/s0047404503321049,,,0,0
https://openalex.org/w2460808050,https://doi.org/10.1177/1063426617739638,,,0,0
https://openalex.org/w2802833563,https://doi.org/10.1136/bmjopen-2017-020176,,,0,0
https://openalex.org/w2603757933,https://doi.org/10.1007/s10984-017-9231-3,,,0,0
https://openalex.org/w2769965236,https://doi.org/10.1007/s40299-017-0362-1,,,0,0
https://openalex.org/w2036140906,https://doi.org/10.1016/j.jmathb.2011.10.001,,,0,0
https://openalex.org/w2089376686,https://doi.org/10.1016/j.jvb.2004.10.002,,,0,0
https://openalex.org/w2883410038,https://doi.org/10.1016/j.childyouth.2018.07.029,,,1,1
https://openalex.org/w2339297397,https://doi.org/10.1111/jocn.13074,,,0,0
https://openalex.org/w2893326292,https://doi.org/10.5539/jel.v7n6p124,,091-620-107-498-880,1,1
https://openalex.org/w2078330824,https://doi.org/10.1016/j.nedt.2006.12.005,,,0,0
https://openalex.org/w2993722205,https://doi.org/10.1080/02619768.2019.1693992,,,0,0
https://openalex.org/w2102840233,https://doi.org/10.53841/bpsecp.2010.27.1.91,,,0,0
https://openalex.org/w2899128366,https://doi.org/10.5958/0976-5506.2018.01373.6,,,0,0
https://openalex.org/w2795464697,,,,0,0
https://openalex.org/w2801684665,https://doi.org/10.1007/s10212-018-0381-1,,119-258-775-058-149,1,1
https://openalex.org/w2612152199,,,,0,0
https://openalex.org/w2804287237,https://doi.org/10.1080/01587919.2018.1457950,,,0,0
https://openalex.org/w2551438557,https://doi.org/10.1177/1403494816677116,,139-410-982-033-103,1,1
https://openalex.org/w2156081436,https://doi.org/10.1177/000494419604000202,,,0,0
https://openalex.org/w2151417112,https://doi.org/10.1080/00220671.2013.839542,,,0,0
https://openalex.org/w3016713868,https://doi.org/10.18778/1733-8077.16.1.03,,,0,0
https://openalex.org/w3036615023,https://doi.org/10.1080/01463373.2020.1779099,,,0,0
https://openalex.org/w2776417960,https://doi.org/10.1080/02568543.2017.1393030,,,0,0
https://openalex.org/w2136046782,https://doi.org/10.1016/j.chiabu.2012.10.010,,058-105-386-863-090,1,1
https://openalex.org/w2961681485,https://doi.org/10.1108/jme-12-2017-0072,,,0,0
https://openalex.org/w2089792974,https://doi.org/10.1016/j.ijer.2015.02.009,,,0,0
https://openalex.org/w2910047862,,,,0,0
https://openalex.org/w2288501560,,,,0,0
https://openalex.org/w2896631603,https://doi.org/10.1177/1476718x18804849,,,0,0
https://openalex.org/w1982349831,https://doi.org/10.1080/01443410124899,,,0,0
https://openalex.org/w2050756208,https://doi.org/10.1097/iyc.0b013e3181f27769,,,0,0
https://openalex.org/w1512618841,,,,0,0
https://openalex.org/w2118553096,https://doi.org/10.1111/1467-9507.00222,,,0,0
https://openalex.org/w2551615314,https://doi.org/10.1080/13670050.2016.1257562,,,0,0
https://openalex.org/w2031453669,https://doi.org/10.1179/1557069x14y.0000000044,,,0,0
https://openalex.org/w2139234551,https://doi.org/10.19030/ctms.v4i4.5544,,,0,0
https://openalex.org/w2519489840,https://doi.org/10.1177/1534508416667309,,,0,0
https://openalex.org/w2046898917,https://doi.org/10.1207/s15327884mca1001_06,,,0,0
https://openalex.org/w2950230555,https://doi.org/10.1007/s40299-019-00463-3,,,1,1
https://openalex.org/w2751924411,https://doi.org/10.1002/tea.21419,,178-154-828-914-687,1,1
https://openalex.org/w2015814668,https://doi.org/10.1080/00461520701621103,,,0,0
https://openalex.org/w2972097292,https://doi.org/10.1080/2331186x.2019.1664841,,,0,0
https://openalex.org/w2149706389,https://doi.org/10.1007/s10459-010-9259-y,,,0,0
https://openalex.org/w2168817186,,,,0,0
https://openalex.org/w3013969984,https://doi.org/10.1177/0264619620911445,,,0,0
https://openalex.org/w2089397948,https://doi.org/10.1080/10901020701686682,,,0,0
https://openalex.org/w1981037844,https://doi.org/10.1007/s11205-015-0873-1,,,1,1
https://openalex.org/w2764167881,https://doi.org/10.1080/15388220.2017.1387134,,,0,0
https://openalex.org/w2778590176,https://doi.org/10.33871/23179937.2017.5.2.2149,,,0,0
https://openalex.org/w2000543455,https://doi.org/10.1016/j.learninstruc.2012.09.002,,,0,0
https://openalex.org/w2148429167,https://doi.org/10.1080/03055690802648044,,,0,0
https://openalex.org/w1970068212,https://doi.org/10.1016/j.appdev.2012.05.004,,,0,0
https://openalex.org/w2108087288,https://doi.org/10.24377/dteij.article2263,,,0,0
https://openalex.org/w2134833464,,,,1,1
https://openalex.org/w2801146008,https://doi.org/10.1080/08878730.2017.1422826,,,0,0
https://openalex.org/w2945613969,https://doi.org/10.1016/j.tate.2019.04.017,,,0,0
https://openalex.org/w2269750736,https://doi.org/10.1080/17408989.2015.1112776,,054-236-713-963-852,1,1
https://openalex.org/w2995854716,https://doi.org/10.1002/hpja.314,,,0,0
https://openalex.org/w2139700561,https://doi.org/10.1007/s10972-013-9343-2,,,0,0
https://openalex.org/w2982963611,https://doi.org/10.1080/19415257.2019.1689522,,,0,0
https://openalex.org/w2086082378,https://doi.org/10.1002/pits.10018,,092-929-725-807-902,1,1
https://openalex.org/w2047984022,https://doi.org/10.1080/09500780208666818,,,0,0
https://openalex.org/w2668472116,https://doi.org/10.1080/03057925.2017.1339262,,,0,0
https://openalex.org/w2762875159,https://doi.org/10.1016/j.appdev.2017.10.001,,,0,0
https://openalex.org/w2090218036,https://doi.org/10.1007/s10734-013-9703-z,,,0,0
https://openalex.org/w2969406077,https://doi.org/10.1515/mlt-2019-2029,,,0,0
https://openalex.org/w2234595005,https://doi.org/10.15639/teflinjournal.v24i1/82-96,,,0,0
https://openalex.org/w2008801137,https://doi.org/10.1017/s0954579414001163,,,0,0
https://openalex.org/w2920021035,https://doi.org/10.1080/10888691.2019.1576524,,,0,0
https://openalex.org/w3014652982,https://doi.org/10.1017/jgc.2019.25,,,0,0
https://openalex.org/w2606824759,https://doi.org/10.1037/dev0000315,,,0,0
https://openalex.org/w2990858713,https://doi.org/10.1016/j.paid.2019.109706,,,1,1
https://openalex.org/w2988575697,https://doi.org/10.1007/s10802-019-00595-6,,,1,1
https://openalex.org/w348755577,https://doi.org/10.5951/mtms.16.4.0224,,,0,0
https://openalex.org/w2126432343,,,,0,0
https://openalex.org/w2897072492,https://doi.org/10.1016/j.soscij.2018.09.011,,,0,0
https://openalex.org/w1996704729,https://doi.org/10.1177/0033688213500583,,,0,0
https://openalex.org/w2794696292,https://doi.org/10.26858/ijole.v2i1.5246,,,0,0
https://openalex.org/w2164261948,https://doi.org/10.5330/prsc.10.3.aq10271p3q0467ml,,,0,0
https://openalex.org/w2096061832,https://doi.org/10.1007/s10802-010-9468-0,,,0,0
https://openalex.org/w3082153959,,,,0,0
https://openalex.org/w2031838441,https://doi.org/10.1016/j.socec.2006.12.068,,,0,0
https://openalex.org/w2047522515,https://doi.org/10.1016/j.socscimed.2015.05.002,,,0,0
https://openalex.org/w2810428609,https://doi.org/10.15663/tandc.v18i1.325,,,0,0
https://openalex.org/w2084323458,https://doi.org/10.1097/01.tld.0000269927.96009.b7,,,0,0
https://openalex.org/w2790143790,https://doi.org/10.1007/s12310-018-9249-4,,,0,0
https://openalex.org/w2027477405,https://doi.org/10.1177/1077800409339569,,,0,0
https://openalex.org/w1846566099,,,,0,0
https://openalex.org/w1975861527,https://doi.org/10.1002/dei.251,,,0,0
https://openalex.org/w2558693866,https://doi.org/10.1016/j.cedpsych.2016.11.002,,,1,1
https://openalex.org/w2786841904,https://doi.org/10.21277/sw.v1i7.283,,,0,0
https://openalex.org/w2982959471,https://doi.org/10.3345/kjp.2019.00696,,,0,0
https://openalex.org/w2273807080,https://doi.org/10.1086/669616,,,0,0
https://openalex.org/w2990626954,https://doi.org/10.2478/plc-2019-0014,,,0,0
https://openalex.org/w2150370757,https://doi.org/10.3102/0013189x09332373,,,0,0
https://openalex.org/w2041506012,https://doi.org/10.1080/03004270701577305,,,0,0
https://openalex.org/w2545046294,https://doi.org/10.12738/estp.2017.1.0104,,,0,0
https://openalex.org/w1966626040,https://doi.org/10.1177/074108802237753,,,0,0
https://openalex.org/w328806759,,,,0,0
https://openalex.org/w34539125,https://doi.org/10.1080/02796015.2011.12087727,,,0,0
https://openalex.org/w2132198183,,,,0,0
https://openalex.org/w2916421560,https://doi.org/10.1080/10409289.2019.1572383,,,0,0
https://openalex.org/w2110923903,https://doi.org/10.3138/jcfs.35.4.591,,029-101-700-316-491,1,1
https://openalex.org/w2509952406,https://doi.org/10.1111/jcpp.12618,,042-773-990-519-440,1,1
https://openalex.org/w1538909817,,,,0,0
https://openalex.org/w2003055984,https://doi.org/10.1177/1461445601003001004,,,0,0
https://openalex.org/w2745000543,https://doi.org/10.3389/fpsyg.2017.01318,,,0,0
https://openalex.org/w2806819155,https://doi.org/10.23736/s0026-4946.16.04079-2,,,0,0
https://openalex.org/w2080841673,https://doi.org/10.1002/dys.351,,,0,1
https://openalex.org/w2095391957,https://doi.org/10.1080/14616734.2012.672263,,008-312-228-182-01X,1,1
https://openalex.org/w2156596398,https://doi.org/10.1016/j.childyouth.2011.04.032,,,0,0
https://openalex.org/w2054114607,https://doi.org/10.1007/s12564-010-9101-5,,,0,0
https://openalex.org/w2811457926,https://doi.org/10.17323/2411-7390-2018-4-2-48-58,,,0,0
https://openalex.org/w1968842809,https://doi.org/10.1016/j.cedpsych.2015.04.002,,,1,1
https://openalex.org/w1998068884,https://doi.org/10.1207/s15324818ame1701_1,,,0,0
https://openalex.org/w2013403542,https://doi.org/10.1080/17405629.2015.1006125,,146-329-268-484-471,1,1
https://openalex.org/w2015410316,https://doi.org/10.1080/09571736.2013.790132,,,0,0
https://openalex.org/w1981473016,https://doi.org/10.1007/s11412-011-9132-x,,,0,0
https://openalex.org/w2995654328,https://doi.org/10.1080/00131911.2019.1695104,,,0,0
https://openalex.org/w2292599487,https://doi.org/10.1111/ssm.12163,,,0,0
https://openalex.org/w1982445986,https://doi.org/10.1080/09571730902717430,,,0,0
https://openalex.org/w2078751987,https://doi.org/10.1007/s10964-008-9368-6,,058-837-771-155-14X,1,1
https://openalex.org/w2094961202,https://doi.org/10.1258/0956462021924721,,,0,0
https://openalex.org/w2527231808,https://doi.org/10.1002/ijop.12392,,,0,0
https://openalex.org/w3016956361,https://doi.org/10.1080/1359866x.2020.1756220,,,0,0
https://openalex.org/w2169751596,https://doi.org/10.1037/a0036110,,,0,0
https://openalex.org/w2027251942,https://doi.org/10.1002/tea.10037,,,0,0
https://openalex.org/w2065536151,https://doi.org/10.1080/10888691.2010.516187,,,0,0
https://openalex.org/w2037887604,https://doi.org/10.1016/j.ijer.2007.09.011,,,0,0
https://openalex.org/w3090004412,https://doi.org/10.6705/j.jacme.201806_8(2).0004,,,0,0
https://openalex.org/w2149285766,https://doi.org/10.1037/a0025353,,,0,0
https://openalex.org/w1968786400,https://doi.org/10.1080/1547688x.2012.670571,,,0,0
https://openalex.org/w2297436309,https://doi.org/10.1016/j.tate.2016.02.007,,,0,0
https://openalex.org/w1833962566,https://doi.org/10.1002/pits.21685,,,0,0
https://openalex.org/w3007403872,https://doi.org/10.3390/ijerph17051532,,,0,1
https://openalex.org/w1975802466,https://doi.org/10.1177/0272431607308668,,,0,0
https://openalex.org/w2773441944,https://doi.org/10.3102/0002831217743928,,,0,0
https://openalex.org/w1988207943,https://doi.org/10.1016/j.addbeh.2014.01.025,,,0,1
https://openalex.org/w2938983387,https://doi.org/10.29329/epasr.2019.186.6,,,0,0
https://openalex.org/w2056175249,https://doi.org/10.2224/sbp.2014.42.1.99,,,0,0
https://openalex.org/w2065929207,https://doi.org/10.1207/s15566935eed1101_6,,,0,0
https://openalex.org/w2083609267,https://doi.org/10.1023/b:rise.0000033759.09807.50,,,0,0
https://openalex.org/w2797994510,https://doi.org/10.1108/jea-01-2017-0009,,,0,0
https://openalex.org/w2089832780,https://doi.org/10.1080/10573560308212,,,0,0
https://openalex.org/w1994536314,https://doi.org/10.1080/10409289.2013.770636,,,0,0
https://openalex.org/w2057455896,https://doi.org/10.1016/j.cedpsych.2009.11.001,,,0,0
https://openalex.org/w2097103331,https://doi.org/10.1016/j.appdev.2006.02.006,,,0,0
https://openalex.org/w3041273695,https://doi.org/10.1016/j.childyouth.2020.105226,,,1,1
https://openalex.org/w2073917155,https://doi.org/10.1080/10573560600837651,,,0,0
https://openalex.org/w2340897931,https://doi.org/10.1080/00220671.2014.942031,,,0,0
https://openalex.org/w1966871625,https://doi.org/10.1007/s11165-007-9072-7,,,0,0
https://openalex.org/w2599951110,https://doi.org/10.1177/0031721717702632,,,0,0
https://openalex.org/w1899755636,https://doi.org/10.1177/0022487108328155,,,0,0
https://openalex.org/w156721774,https://doi.org/10.1007/s11618-014-0556-8,,,0,0
https://openalex.org/w2885887648,https://doi.org/10.1016/j.linged.2018.06.004,,,0,0
https://openalex.org/w2120954445,https://doi.org/10.1177/0022022110381115,,,0,0
https://openalex.org/w2888072336,https://doi.org/10.1177/0143034318794226,,,0,0
https://openalex.org/w2767579937,https://doi.org/10.1002/ab.21741,,050-768-403-029-388,1,1
https://openalex.org/w2100680499,https://doi.org/10.1177/1948550615598379,,,0,0
https://openalex.org/w4239656397,https://doi.org/10.9743/jir.2018.6,,,0,0
https://openalex.org/w3013174073,https://doi.org/10.1080/09500693.2020.1725173,,,0,0
https://openalex.org/w2757003374,https://doi.org/10.1002/pits.22069,,,0,0
https://openalex.org/w2102045254,https://doi.org/10.1080/09540253.2015.1079357,,,0,0
https://openalex.org/w2942940332,https://doi.org/10.3390/ijerph16091577,,026-720-580-572-274,1,1
https://openalex.org/w2979584092,https://doi.org/10.1080/03626784.2019.1665456,,,0,0
https://openalex.org/w2118422397,https://doi.org/10.1080/10508400701793141,,,0,0
https://openalex.org/w4247154391,https://doi.org/10.13110/merrpalmquar1982.60.3.0274,,,0,0
https://openalex.org/w2054089058,https://doi.org/10.1080/15388220.2013.842175,,004-955-888-113-89X,1,1
https://openalex.org/w2088427599,https://doi.org/10.1007/s13384-011-0046-4,,,0,0
https://openalex.org/w2128765596,https://doi.org/10.1111/j.1467-8624.2012.01761.x,,,0,0
https://openalex.org/w2560725478,https://doi.org/10.1111/bjet.12535,,,0,0
https://openalex.org/w1964205275,https://doi.org/10.1080/10409289.2013.744684,,013-448-505-894-87X,1,1
https://openalex.org/w2810651180,https://doi.org/10.1177/1321103x18773109,,,0,0
https://openalex.org/w1986889107,https://doi.org/10.1177/0891241609341540,,,0,0
https://openalex.org/w2068739516,https://doi.org/10.1080/0144341032000060101,,002-258-114-834-486,1,1
https://openalex.org/w2160254330,https://doi.org/10.5897/err2014.2067,,,0,0
https://openalex.org/w2062295808,https://doi.org/10.1521/scpq.16.1.68.19156,,072-511-898-705-206,1,1
https://openalex.org/w2062106515,https://doi.org/10.1177/1534508411402983,,,0,0
https://openalex.org/w2161513722,https://doi.org/10.1080/02796015.2013.12087492,,,0,0
https://openalex.org/w2292228734,https://doi.org/10.1017/s0033291715002809,,,0,0
https://openalex.org/w2765297096,https://doi.org/10.1177/0004944117732637,,,0,0
https://openalex.org/w2597940530,https://doi.org/10.1080/02671522.2017.1302501,,,0,0
https://openalex.org/w2281715876,https://doi.org/10.1080/01587919.2015.1081737,,,0,0
https://openalex.org/w2793275036,https://doi.org/10.1002/tesq.430,,,0,0
https://openalex.org/w261682559,https://doi.org/10.1177/016146810510700403,,,0,0
https://openalex.org/w2555883149,https://doi.org/10.1080/00220671.2016.1246408,,,0,0
https://openalex.org/w2088196784,https://doi.org/10.1016/s1054-139x(00)00131-2,,,0,0
https://openalex.org/w2993583232,https://doi.org/10.3102/0034654319891400,,,0,0
https://openalex.org/w2124142135,https://doi.org/10.1177/183693911203700412,,,0,0
https://openalex.org/w2269126451,https://doi.org/10.1007/s40299-016-0282-5,,,0,0
https://openalex.org/w2077078691,https://doi.org/10.2224/sbp.2011.39.3.289,,,0,1
https://openalex.org/w2058508431,https://doi.org/10.1080/03004430.2015.1031124,,,0,0
https://openalex.org/w3009755687,https://doi.org/10.1111/jcal.12421,,,0,0
https://openalex.org/w2969735587,https://doi.org/10.1177/0272431619870616,,,0,0
https://openalex.org/w2622752327,https://doi.org/10.1037/pla0000054,,,0,0
https://openalex.org/w2991433344,https://doi.org/10.1123/jtpe.2019-0098,,,0,0
https://openalex.org/w2745020650,,,,0,0
https://openalex.org/w2997934668,https://doi.org/10.14746/ssllt.2019.9.4.2,,,0,0
https://openalex.org/w2791631083,https://doi.org/10.1080/15348431.2017.1418356,,,0,0
https://openalex.org/w2052756515,https://doi.org/10.2224/sbp.2008.36.2.145,,,0,0
https://openalex.org/w2910360803,https://doi.org/10.1016/j.compedu.2019.01.008,,,0,0
https://openalex.org/w2536289520,https://doi.org/10.1016/j.jtcc.2016.09.002,,,0,0
https://openalex.org/w2604615014,https://doi.org/10.1080/10986065.2017.1295419,,,0,0
https://openalex.org/w1998260809,https://doi.org/10.1002/yd.295,,,0,0
https://openalex.org/w2529630021,https://doi.org/10.1111/lit.12097,,,0,0
https://openalex.org/w2045931684,https://doi.org/10.1080/030572400102925,,,0,0
https://openalex.org/w3021366517,https://doi.org/10.1080/02185385.2020.1755994,,149-979-341-131-79X,1,1
https://openalex.org/w4254160542,https://doi.org/10.35940/ijitee.j9788.0881019,,,0,0
https://openalex.org/w4242513063,https://doi.org/10.1086/499709,,077-026-103-449-150,1,1
https://openalex.org/w3014650849,https://doi.org/10.1016/j.pmedr.2020.101087,,,0,0
https://openalex.org/w2234176210,https://doi.org/10.1016/j.tate.2015.12.008,,,0,0
https://openalex.org/w2947958138,https://doi.org/10.1007/s11218-019-09503-8,,,0,0
https://openalex.org/w2559768125,https://doi.org/10.17239/l1esll-2016.16.04.01,,,0,0
https://openalex.org/w2062575286,https://doi.org/10.1177/s0038038500000316,,,0,0
https://openalex.org/w1979425975,https://doi.org/10.1080/13573322.2010.514735,,,0,0
https://openalex.org/w2793555014,https://doi.org/10.1037/edu0000256,,,0,0
https://openalex.org/w2089146866,https://doi.org/10.1016/j.compedu.2013.06.010,,,0,0
https://openalex.org/w2994977054,https://doi.org/10.1080/10409289.2019.1697607,,,0,0
https://openalex.org/w2054706052,https://doi.org/10.1016/s0742-051x(02)00089-6,,,0,0
https://openalex.org/w1975325605,https://doi.org/10.1002/pits.20404,,148-055-953-591-440,1,1
https://openalex.org/w2729727016,https://doi.org/10.1177/016146810811000206,,,0,0
https://openalex.org/w2963138129,https://doi.org/10.4102/ajod.v8i0.542,,,0,0
https://openalex.org/w2981027455,https://doi.org/10.14507/epaa.27.4377,,,0,0
https://openalex.org/w1903155578,https://doi.org/10.14431/aw.2014.03.30.2.57,,,0,0
https://openalex.org/w2995585303,https://doi.org/10.1108/ijem-08-2019-0304,,,0,0
https://openalex.org/w2053459426,https://doi.org/10.1007/s12187-012-9167-1,,,0,0
https://openalex.org/w2995839867,,,,0,0
https://openalex.org/w2948531183,https://doi.org/10.3389/fpsyg.2019.01282,,135-396-599-785-069,1,1
https://openalex.org/w2139123086,https://doi.org/10.1300/j455v03n01_01,,,0,0
https://openalex.org/w4229549210,https://doi.org/10.5641/027013611x13098902481743,,,0,0
https://openalex.org/w84482536,,,,0,0
https://openalex.org/w2032188337,https://doi.org/10.1080/16823206.2012.691706,,,0,0
https://openalex.org/w78192004,,,,0,0
https://openalex.org/w2998188309,https://doi.org/10.17576/3l-2019-2504-10,,,0,0
https://openalex.org/w2754971179,https://doi.org/10.1080/22423982.2017.1373579,,,0,0
https://openalex.org/w2140967057,https://doi.org/10.4304/tpls.3.8.1387-1392,,,0,0
https://openalex.org/w2142970996,https://doi.org/10.1002/pits.21822,,,0,0
https://openalex.org/w2099550623,https://doi.org/10.1037/a0038540,,108-465-994-645-370,1,1
https://openalex.org/w2148543876,https://doi.org/10.1111/j.1467-9604.2009.01404.x,,,0,0
https://openalex.org/w1990210598,https://doi.org/10.1007/s13394-014-0139-2,,,0,0
https://openalex.org/w2031832656,https://doi.org/10.1007/s10763-007-9107-6,,,0,0
https://openalex.org/w2070071948,https://doi.org/10.1080/19415257.2013.833538,,,0,0
https://openalex.org/w2904567947,https://doi.org/10.5951/jresematheduc.50.1.0051,,,0,0
https://openalex.org/w2771476863,https://doi.org/10.7575/aiac.ijels.v.5n.4p.16,,,0,0
https://openalex.org/w2143054678,https://doi.org/10.1108/ijshe-01-2014-0010,,,0,0
https://openalex.org/w2153568210,https://doi.org/10.1086/429948,,,0,0
https://openalex.org/w2570187935,https://doi.org/10.1080/14623943.2016.1251412,,,0,0
https://openalex.org/w2167298064,https://doi.org/10.64152/10125/44326,,,0,0
https://openalex.org/w1963738065,https://doi.org/10.1080/10409289.2010.497453,,,0,0
https://openalex.org/w1974300210,https://doi.org/10.1016/j.ecresq.2015.04.003,,,0,0
https://openalex.org/w2028042963,https://doi.org/10.1023/b:leri.0000022280.11397.f8,,,0,0
https://openalex.org/w2016950618,https://doi.org/10.1080/02671520126827,,,0,0
https://openalex.org/w2154301602,https://doi.org/10.5209/rev_sjop.2012.v15.n1.37295,,,0,0
https://openalex.org/w2125384171,https://doi.org/10.1080/10476210902849958,,,0,0
https://openalex.org/w2979241578,https://doi.org/10.21277/se.v1i39.412,,,0,0
https://openalex.org/w2043965031,https://doi.org/10.4102/pythagoras.v33i2.165,,,0,0
https://openalex.org/w2884067434,https://doi.org/10.1086/698730,,,0,0
https://openalex.org/w2553564400,https://doi.org/10.1080/15332969.2016.1217679,,,0,0
https://openalex.org/w1970067089,https://doi.org/10.1007/s10802-007-9179-3,,,0,0
https://openalex.org/w1997784470,https://doi.org/10.1080/01626620.2008.10519451,,,0,0
https://openalex.org/w2089205443,https://doi.org/10.3991/ijet.v7i1.1775,,,0,0
https://openalex.org/w2338874051,https://doi.org/10.1177/0033688216631173,,,0,0
https://openalex.org/w2068912855,https://doi.org/10.1080/00405841.2012.690307,,,0,0
https://openalex.org/w1987910564,https://doi.org/10.1016/j.ecresq.2011.07.005,,,0,0
https://openalex.org/w3012367469,https://doi.org/10.1037/edu0000425,,,0,0
https://openalex.org/w2071218358,https://doi.org/10.1080/21683603.2014.883342,,,0,0
https://openalex.org/w2021684785,https://doi.org/10.2190/wfrb-pe10-wamj-g2p1,,,0,0
https://openalex.org/w2408899321,https://doi.org/10.1103/physrevphyseducres.12.010109,,,0,0
https://openalex.org/w2783286293,https://doi.org/10.1007/s12186-017-9196-5,,,0,0
https://openalex.org/w2751263166,https://doi.org/10.1017/s0958344017000222,,,0,0
https://openalex.org/w1966431147,https://doi.org/10.1177/0165025406063628,,,0,0
https://openalex.org/w2792435335,https://doi.org/10.1016/j.system.2018.02.008,,,0,0
https://openalex.org/w2102650157,https://doi.org/10.1080/09500780608668716,,,0,0
https://openalex.org/w2943025229,https://doi.org/10.5539/elt.v12n6p1,,,0,0
https://openalex.org/w2081296021,https://doi.org/10.1007/s11191-006-9007-0,,,0,0
https://openalex.org/w2674422451,https://doi.org/10.1016/j.pragma.2017.05.011,,,0,0
https://openalex.org/w1877766338,https://doi.org/10.1080/1350293x.2015.1087144,,,0,0
https://openalex.org/w3047100825,https://doi.org/10.1080/14623943.2020.1798919,,,0,0
https://openalex.org/w2951652954,https://doi.org/10.1080/13603116.2019.1624843,,,0,0
https://openalex.org/w2013370920,https://doi.org/10.1007/s13437-013-0053-6,,,0,0
https://openalex.org/w2091934310,https://doi.org/10.1002/ase.1550,,,0,0
https://openalex.org/w2125022280,https://doi.org/10.1177/00224669030370020501,,,0,0
https://openalex.org/w2905406207,https://doi.org/10.1080/10901027.2017.1408042,,,0,0
https://openalex.org/w2913309473,https://doi.org/10.1080/00220973.2018.1551184,,,0,0
https://openalex.org/w2165220985,,,,0,0
https://openalex.org/w2923411103,https://doi.org/10.1080/03043797.2019.1592116,,,0,0
https://openalex.org/w2903599087,https://doi.org/10.14434/josotl.v18i4.22849,,,0,0
https://openalex.org/w2892882086,https://doi.org/10.13189/ujer.2018.061021,,,0,0
https://openalex.org/w2042840858,https://doi.org/10.1353/mpq.0.0056,,,0,0
https://openalex.org/w2323630830,https://doi.org/10.1016/j.compedu.2016.04.004,,,0,0
https://openalex.org/w2004407392,https://doi.org/10.1007/s11092-013-9182-x,,,0,0
https://openalex.org/w2947522609,,,,0,0
https://openalex.org/w2961726158,https://doi.org/10.30827/digibug.54304,,,0,0
https://openalex.org/w2949663086,https://doi.org/10.26822/iejee.2019450794,,,0,0
https://openalex.org/w2895573527,https://doi.org/10.1007/s12310-018-9293-0,,,0,0
https://openalex.org/w2019312396,https://doi.org/10.1016/j.compedu.2013.05.002,,,0,0
https://openalex.org/w3007268074,https://doi.org/10.5539/elt.v13n3p100,,,0,0
https://openalex.org/w3038922968,https://doi.org/10.1108/etpc-11-2019-0144,,,0,0
https://openalex.org/w3016327515,https://doi.org/10.1080/0020739x.2020.1738579,,,0,0
https://openalex.org/w2996173664,https://doi.org/10.1080/13670050.2019.1703896,,,0,0
https://openalex.org/w1975284445,https://doi.org/10.1177/1367493508092508,,,0,0
https://openalex.org/w1998622761,https://doi.org/10.1016/j.stueduc.2005.11.006,,,0,0
https://openalex.org/w1973434857,https://doi.org/10.1007/s10643-009-0324-1,,,0,0
https://openalex.org/w2050475297,https://doi.org/10.1108/13665620910954193,,,0,0
https://openalex.org/w2004001323,https://doi.org/10.1080/09571736.2012.757635,,,0,0
https://openalex.org/w2003446047,https://doi.org/10.1207/s15430421tip4202_3,,,0,0
https://openalex.org/w2169110067,https://doi.org/10.3102/00346543074004443,,,0,0
https://openalex.org/w2048875868,https://doi.org/10.1080/09500690600621100,,,0,0
https://openalex.org/w2469130225,https://doi.org/10.1177/0042085916656900,,,0,0
https://openalex.org/w2289620315,https://doi.org/10.1007/s10826-016-0362-4,,,0,0
https://openalex.org/w3000437334,https://doi.org/10.1186/s13063-019-3984-1,,,0,0
https://openalex.org/w2777360867,https://doi.org/10.1007/s11218-017-9416-8,,,0,0
https://openalex.org/w2730027642,https://doi.org/10.1080/17508487.2017.1343198,,,0,0
https://openalex.org/w2334235158,https://doi.org/10.37119/ojs2019.v25i1.431,,,0,0
https://openalex.org/w2733439250,https://doi.org/10.1080/0309877x.2017.1332353,,,0,0
https://openalex.org/w2297675239,https://doi.org/10.7352/ijsp.2015.46.391,,,0,0
https://openalex.org/w2888166703,https://doi.org/10.1080/14452294.2018.1509368,,,0,0
https://openalex.org/w52155576,https://doi.org/10.1080/02796015.2014.12087456,,079-072-771-125-506,1,1
https://openalex.org/w225835871,https://doi.org/10.1016/j.appdev.2015.04.007,,,0,0
https://openalex.org/w2028600962,https://doi.org/10.1080/02783193.2015.1008660,,,0,0
https://openalex.org/w2802198387,https://doi.org/10.1002/pits.22125,,063-139-672-851-097,1,1
https://openalex.org/w2056485817,https://doi.org/10.1080/03634523.2014.917688,,,0,0
https://openalex.org/w2158093771,https://doi.org/10.1080/0031383032000149869,,,0,0
https://openalex.org/w2034012386,https://doi.org/10.1007/s10734-007-9053-9,,,0,0
https://openalex.org/w2305918736,https://doi.org/10.3109/01460862.2015.1115156,,,0,0
https://openalex.org/w2161268462,https://doi.org/10.1177/0165025409350959,,,0,0
https://openalex.org/w3041448216,https://doi.org/10.1080/00220671.2020.1787314,,,0,0
https://openalex.org/w2078099024,https://doi.org/10.1080/87567550903521256,,,0,0
https://openalex.org/w2071057366,https://doi.org/10.1080/02643944.2012.747555,,,0,0
https://openalex.org/w2621246083,https://doi.org/10.3102/1076998616676407,,,0,0
https://openalex.org/w2776416405,https://doi.org/10.1080/09588221.2017.1414852,,,0,0
https://openalex.org/w2363499845,https://doi.org/10.1016/j.tele.2016.05.007,,,0,0
https://openalex.org/w2168694875,https://doi.org/10.1037/a0025228,,,0,0
https://openalex.org/w3019934772,,,,0,0
https://openalex.org/w2154311534,https://doi.org/10.1177/0143034310362040,,,0,0
https://openalex.org/w2795182205,,,,0,0
https://openalex.org/w2058205468,https://doi.org/10.1080/00221320109597487,,,0,0
https://openalex.org/w3129274120,https://doi.org/10.33225/pec/17.75.599,,036-942-115-545-023,1,1
https://openalex.org/w2921964616,https://doi.org/10.1016/j.tate.2019.03.002,,,0,0
https://openalex.org/w2785572326,https://doi.org/10.1007/s10964-018-0810-0,,,0,0
https://openalex.org/w2771211866,https://doi.org/10.1002/pits.22086,,,0,0
https://openalex.org/w1982344136,https://doi.org/10.1080/13540600903475611,,,0,0
https://openalex.org/w2603360460,https://doi.org/10.1002/trtr.1576,,,0,0
https://openalex.org/w2130868991,https://doi.org/10.2147/prbm.s68566,,,0,0
https://openalex.org/w2559913388,https://doi.org/10.1177/1098300716679137,,,0,0
https://openalex.org/w2971394235,https://doi.org/10.20448/journal.509.2019.63.96.106,,,0,0
https://openalex.org/w2888635747,https://doi.org/10.1080/19463014.2018.1496345,,,0,0
https://openalex.org/w1990471444,https://doi.org/10.1111/1467-8624.00365,,,0,0
https://openalex.org/w2149201466,https://doi.org/10.1111/bjet.12234,,,0,0
https://openalex.org/w2944916713,https://doi.org/10.11114/jets.v7i7.4274,,,0,0
https://openalex.org/w2502971443,https://doi.org/10.1016/j.jmathb.2016.07.004,,,0,0
https://openalex.org/w2770188235,https://doi.org/10.1080/09585176.2017.1401550,,,0,0
https://openalex.org/w2549754159,https://doi.org/10.1037/dev0000250,,,0,0
https://openalex.org/w2915807559,https://doi.org/10.1123/apaq.2018-0068,,,0,0
https://openalex.org/w2914741824,https://doi.org/10.1080/10409289.2019.1573713,,,0,0
https://openalex.org/w2169235979,https://doi.org/10.1016/j.jsp.2008.06.006,,,0,0
https://openalex.org/w2626436412,https://doi.org/10.1037/cdp0000168,,,0,0
https://openalex.org/w2066738096,https://doi.org/10.1111/j.1467-8535.2011.01219.x,,,0,0
https://openalex.org/w3014350897,https://doi.org/10.1080/01443410.2020.1746239,,,0,0
https://openalex.org/w3047447360,https://doi.org/10.1177/1098300720947034,,,0,0
https://openalex.org/w2994292097,,,,0,0
https://openalex.org/w1967785722,https://doi.org/10.1007/s10802-014-9948-8,,,0,0
https://openalex.org/w2971219641,https://doi.org/10.1016/j.jecp.2019.104671,,,0,1
https://openalex.org/w2053641921,https://doi.org/10.1353/csd.2007.0008,,,0,0
https://openalex.org/w2085403042,https://doi.org/10.1177/0272431608324475,,,0,0
https://openalex.org/w2012137939,https://doi.org/10.1007/s10643-012-0539-4,,,0,0
https://openalex.org/w2069485653,https://doi.org/10.1177/073724770403000104,,,0,0
https://openalex.org/w3006447356,https://doi.org/10.1007/s11858-020-01142-0,,,0,0
https://openalex.org/w2621653285,https://doi.org/10.24059/olj.v22i1.1080,,,0,0
https://openalex.org/w2133114536,https://doi.org/10.18870/hlrc.v1i1.31,,,0,0
https://openalex.org/w2605710785,https://doi.org/10.1007/s10826-017-0710-z,,,0,0
https://openalex.org/w2569473905,https://doi.org/10.1007/s11422-016-9783-z,,,0,0
https://openalex.org/w2069113262,https://doi.org/10.1080/00313831.2014.965792,,,0,1
https://openalex.org/w2919423776,https://doi.org/10.1515/rem-2018-0003,,,0,0
https://openalex.org/w2987289341,,,,0,0
https://openalex.org/w2971372929,https://doi.org/10.1177/0145482x0109500603,,,0,0
https://openalex.org/w2157928482,https://doi.org/10.1080/17290376.2012.745294,,,0,0
https://openalex.org/w2908640973,https://doi.org/10.1002/pchj.260,,,0,0
https://openalex.org/w2170869184,https://doi.org/10.1016/j.socscimed.2015.08.036,,,0,0
https://openalex.org/w329652982,,,,0,0
https://openalex.org/w2277778295,,,,0,0
https://openalex.org/w2088004805,https://doi.org/10.1007/s12310-015-9145-0,,,0,0
https://openalex.org/w2140042976,https://doi.org/10.1177/0022219415576973,,,0,0
https://openalex.org/w2131407559,https://doi.org/10.2174/1570162x13666150407143838,,,0,0
https://openalex.org/w85455471,,,,0,0
https://openalex.org/w1997076933,https://doi.org/10.1016/j.system.2011.05.001,,,0,0
https://openalex.org/w2115207409,https://doi.org/10.1207/s1532768xjepc1202_05,,,0,0
https://openalex.org/w2465155599,https://doi.org/10.1177/016146811611800506,,,0,0
https://openalex.org/w1998160281,https://doi.org/10.1037/a0023311,,,0,0
https://openalex.org/w2007196547,https://doi.org/10.1080/10409289.2010.548767,,119-571-989-542-682,1,1
https://openalex.org/w3047804194,https://doi.org/10.1080/09687599.2020.1802578,,,0,0
https://openalex.org/w4298300630,https://doi.org/10.17615/np4j-h152,,,0,0
https://openalex.org/w1517852221,,,,0,0
https://openalex.org/w1996629237,https://doi.org/10.1007/s10857-009-9117-0,,,0,0
https://openalex.org/w2295594869,https://doi.org/10.1080/03075079.2015.1130693,,,0,0
https://openalex.org/w2887181088,,,,0,0
https://openalex.org/w2317927904,https://doi.org/10.1108/jpcc-09-2015-0005,,,0,0
https://openalex.org/w2148676057,https://doi.org/10.1177/02711214070270030801,,,0,0
https://openalex.org/w2592170385,https://doi.org/10.5944/reec.28.2016.17087,,,0,0
https://openalex.org/w1966834744,https://doi.org/10.2167/le711.0,,,0,0
https://openalex.org/w2620291378,https://doi.org/10.1080/17482631.2017.1298268,,,0,0
https://openalex.org/w2189046152,https://doi.org/10.30935/cedtech/6092,,,0,0
https://openalex.org/w2939475013,https://doi.org/10.25115/ejrep.v16i46.2235,,,0,0
https://openalex.org/w2975368531,https://doi.org/10.1177/215416471905400309,,,0,0
https://openalex.org/w2118309228,https://doi.org/10.14742/ajet.1062,,,0,0
https://openalex.org/w2912416881,https://doi.org/10.1111/dsji.12169,,,0,0
https://openalex.org/w2790500697,https://doi.org/10.1002/sce.21334,,,0,0
https://openalex.org/w2056201063,https://doi.org/10.1007/s11251-013-9265-6,,,0,0
https://openalex.org/w1501531274,,,,0,0
https://openalex.org/w2030906855,https://doi.org/10.1080/10409289.2010.507495,,,0,0
https://openalex.org/w2157475266,https://doi.org/10.1007/s11092-012-9148-4,,,0,0
https://openalex.org/w2160453770,https://doi.org/10.1080/09571736.2015.1053281,,,0,0
https://openalex.org/w3011369092,https://doi.org/10.1016/j.jsurg.2020.02.009,,,0,0
https://openalex.org/w2028803307,https://doi.org/10.1007/s11162-010-9168-1,,,0,0
https://openalex.org/w1966867499,https://doi.org/10.1002/casp.921,,,0,0
https://openalex.org/w2778197949,https://doi.org/10.7575/aiac.alls.v.8n.6p.147,,,0,0
https://openalex.org/w2058706027,https://doi.org/10.1108/ejtd-10-2012-0047,,,0,0
https://openalex.org/w1228471600,https://doi.org/10.28945/2227,,,0,0
https://openalex.org/w2945844272,,,,0,0
https://openalex.org/w2346515426,https://doi.org/10.1080/10901027.2016.1168329,,,0,0
https://openalex.org/w1521006337,https://doi.org/10.1002/pits.21790,,,0,0
https://openalex.org/w1740286142,https://doi.org/10.1023/a:1021201302410,,,0,0
https://openalex.org/w135376753,https://doi.org/10.1177/107429561202100305,,,0,0
https://openalex.org/w2482933031,https://doi.org/10.1016/j.ijer.2016.06.003,,006-909-457-139-735,1,1
https://openalex.org/w2075276739,https://doi.org/10.1080/13558000210161106,,,0,0
https://openalex.org/w2113587286,https://doi.org/10.1177/1538192705285472,,010-043-377-513-90X,1,1
https://openalex.org/w2049276931,https://doi.org/10.1207/s15548430jlr3401_5,,,0,0
https://openalex.org/w2947398618,https://doi.org/10.1177/2158244019853913,,,0,0
https://openalex.org/w1981211252,https://doi.org/10.1080/08856257.2013.830442,,053-180-838-096-661,1,1
https://openalex.org/w2071477704,https://doi.org/10.1080/13540600601029652,,,0,0
https://openalex.org/w1860175184,https://doi.org/10.1111/j.1751-2409.2008.00015.x,,,0,0
https://openalex.org/w2464891214,https://doi.org/10.19173/irrodl.v17i4.2518,,,0,0
https://openalex.org/w2074446960,https://doi.org/10.1177/0044118x12448145,,,0,0
https://openalex.org/w2062021435,https://doi.org/10.1353/hsj.2006.0005,,,0,0
https://openalex.org/w2135473939,https://doi.org/10.64152/10125/25218,,,0,0
https://openalex.org/w2289215390,https://doi.org/10.52634/mier/2015/v5/i1/1512,,,0,0
https://openalex.org/w2127021600,https://doi.org/10.1002/pits.20231,,,0,0
https://openalex.org/w2883223490,https://doi.org/10.30935/cet.444114,,,0,0
https://openalex.org/w3039629466,https://doi.org/10.1109/access.2020.3006170,,,0,0
https://openalex.org/w3027980357,https://doi.org/10.31838/jcr.07.07.168,,,0,0
https://openalex.org/w2730965126,https://doi.org/10.1080/07481187.2017.1346726,,,0,0
https://openalex.org/w2069526608,https://doi.org/10.1002/ab.20031,,,0,0
https://openalex.org/w2100248398,https://doi.org/10.1080/10459881003800743,,,0,0
https://openalex.org/w2361910619,https://doi.org/10.1080/15348458.2016.1166432,,,0,0
https://openalex.org/w1971499892,https://doi.org/10.1515/iral.2006.009,,,0,0
https://openalex.org/w2051665772,https://doi.org/10.1080/1359866x.2012.669828,,,0,0
https://openalex.org/w2916343283,https://doi.org/10.1177/0143034319831057,,,0,0
https://openalex.org/w2139722729,https://doi.org/10.1177/1461445607075343,,,0,0
https://openalex.org/w1583030102,https://doi.org/10.1002/icd.1859,,,0,1
https://openalex.org/w2095732634,https://doi.org/10.1016/j.tate.2008.12.004,,,0,0
https://openalex.org/w2899053792,https://doi.org/10.1080/00131881.2018.1533790,,,0,0
https://openalex.org/w2560105963,https://doi.org/10.1177/0143034316678447,,,0,0
https://openalex.org/w2156733915,https://doi.org/10.1375/prp.5.1.11,,,0,0
https://openalex.org/w2947049232,https://doi.org/10.1080/00933104.2019.1611514,,,0,0
https://openalex.org/w2079068222,https://doi.org/10.1080/09500782.2012.697468,,,0,0
https://openalex.org/w2091683004,https://doi.org/10.1007/s11858-010-0290-5,,,0,0
https://openalex.org/w2058772111,https://doi.org/10.1080/14647893.2013.825764,,,0,0
https://openalex.org/w2162259914,https://doi.org/10.1007/s11199-010-9873-4,,,0,0
https://openalex.org/w2367798089,https://doi.org/10.1002/ijop.12280,,005-523-465-063-795,1,1
https://openalex.org/w2016112095,https://doi.org/10.1016/s0898-5898(00)00025-5,,,0,0
https://openalex.org/w1964049366,https://doi.org/10.2304/rcie.2008.3.3.250,,,0,0
https://openalex.org/w2777980902,https://doi.org/10.1080/10668926.2017.1416316,,,0,0
https://openalex.org/w2039173822,https://doi.org/10.1111/ajop.12017,,,0,0
https://openalex.org/w2133507912,https://doi.org/10.1002/pits.20152,,109-274-621-049-255,1,1
https://openalex.org/w2162549464,https://doi.org/10.1177/0143034306064550,,,0,0
https://openalex.org/w2736292041,https://doi.org/10.1080/09518398.2017.1349958,,,0,0
https://openalex.org/w2342434678,https://doi.org/10.1007/s40692-016-0062-5,,,0,0
https://openalex.org/w3039561060,https://doi.org/10.1007/s10671-020-09270-w,,,0,0
https://openalex.org/w1988620236,https://doi.org/10.1080/01411920120122185,,,0,0
https://openalex.org/w1488480839,https://doi.org/10.1002/sce.20087,,,0,0
https://openalex.org/w2074766230,https://doi.org/10.1007/s10984-012-9106-6,,,0,0
https://openalex.org/w83650232,,,,0,0
https://openalex.org/w2111205842,https://doi.org/10.1111/cch.12191,,,0,0
https://openalex.org/w2987190745,https://doi.org/10.1177/0741932519887506,,036-796-910-149-908,1,1
https://openalex.org/w2570648867,https://doi.org/10.1093/applin/amw039,,,0,0
https://openalex.org/w2807550927,https://doi.org/10.1515/text-2018-0010,,,0,0
https://openalex.org/w2169524655,https://doi.org/10.1007/s10464-007-9143-y,,,0,0
https://openalex.org/w2038489005,https://doi.org/10.1016/j.pragma.2012.11.017,,,0,0
https://openalex.org/w2109046075,https://doi.org/10.1093/applin/22.4.502,,,0,0
https://openalex.org/w2797862643,https://doi.org/10.1080/02619768.2018.1462332,,,0,0
https://openalex.org/w2996158898,https://doi.org/10.1007/s10862-019-09771-w,,,0,0
https://openalex.org/w1986575811,https://doi.org/10.1007/s10508-013-0230-x,,,0,0
https://openalex.org/w2592449803,https://doi.org/10.1080/0309877x.2017.1281890,,,0,0
https://openalex.org/w2001155440,https://doi.org/10.1080/13674580100200153,,,0,0
https://openalex.org/w2898137227,https://doi.org/10.26907/esd13.2.02,,,0,0
https://openalex.org/w2739988609,https://doi.org/10.1016/j.adolescence.2017.07.012,,,0,0
https://openalex.org/w2807826621,https://doi.org/10.1016/j.ecresq.2018.05.001,,,0,0
https://openalex.org/w2262861134,https://doi.org/10.1007/s11218-015-9326-6,,,0,0
https://openalex.org/w2901002408,https://doi.org/10.1016/j.nedt.2018.10.006,,,0,0
https://openalex.org/w2138394498,https://doi.org/10.1016/j.jsp.2010.01.001,,,0,0
https://openalex.org/w2766308683,https://doi.org/10.1177/0044118x17737796,,,0,0
https://openalex.org/w1872968672,,,,0,0
https://openalex.org/w2088100810,https://doi.org/10.1016/j.appdev.2007.10.003,,,0,0
https://openalex.org/w2016911610,https://doi.org/10.1016/j.system.2010.03.017,,,0,0
https://openalex.org/w2106672237,https://doi.org/10.1177/0165025415579455,,,0,0
https://openalex.org/w2011560035,https://doi.org/10.1080/19325037.2012.10599225,,,0,0
https://openalex.org/w2903570254,https://doi.org/10.29173/cmplct29351,,,0,0
https://openalex.org/w2031848478,https://doi.org/10.1016/j.linged.2006.01.007,,,0,0
https://openalex.org/w2067004377,https://doi.org/10.1080/03055690802648580,,040-296-681-263-793,1,1
https://openalex.org/w2134141697,,,,1,1
https://openalex.org/w1628737109,https://doi.org/10.1111/edth.12015,,,0,0
https://openalex.org/w2016489294,https://doi.org/10.1016/j.ecresq.2008.02.001,,,0,0
https://openalex.org/w2074491778,https://doi.org/10.1111/cdev.12181,,020-394-325-747-939,1,1
https://openalex.org/w3027095077,https://doi.org/10.1080/09588221.2020.1765811,,,0,0
https://openalex.org/w3047096697,https://doi.org/10.1177/1476718x20942956,,,0,0
https://openalex.org/w2132790457,,,,0,0
https://openalex.org/w1975115346,https://doi.org/10.1111/ajop.12023,,000-799-681-597-180,1,1
https://openalex.org/w2055631289,https://doi.org/10.1002/pits.20350,,,0,0
https://openalex.org/w1992611125,https://doi.org/10.1016/j.jfludis.2011.02.006,,,0,0
https://openalex.org/w1482797067,https://doi.org/10.3233/dev-140131,,,0,0
https://openalex.org/w2967273883,https://doi.org/10.2147/jmdh.s216823,,,0,1
https://openalex.org/w2063114673,https://doi.org/10.1111/j.1467-9620.2004.00404.x,,,0,0
https://openalex.org/w2150323497,https://doi.org/10.28945/1927,,,0,0
https://openalex.org/w2156349613,https://doi.org/10.5539/elt.v5n8p42,,,0,0
https://openalex.org/w2343625014,https://doi.org/10.1177/1521025116646382,,,0,0
https://openalex.org/w2895115578,https://doi.org/10.1111/mbe.12178,,,0,0
https://openalex.org/w2042233626,https://doi.org/10.1177/1461445608094218,,,0,0
https://openalex.org/w2938478141,https://doi.org/10.16993/dfl.108,,,0,0
https://openalex.org/w3007663761,https://doi.org/10.7575/aiac.ijels.v.8n.1p.173,,,0,0
https://openalex.org/w3025912508,https://doi.org/10.1016/j.lindif.2020.101885,,,0,0
https://openalex.org/w2016843437,https://doi.org/10.1080/02568540209594982,,,0,0
https://openalex.org/w2296448109,https://doi.org/10.5406/bulcouresmusedu.203.0045,,,0,0
https://openalex.org/w3103594291,https://doi.org/10.1177/016146811812000802,,,0,0
https://openalex.org/w3043864305,https://doi.org/10.1080/10508406.2020.1783269,,,0,0
https://openalex.org/w2014162365,https://doi.org/10.1177/1932202x1002200105,,,0,0
https://openalex.org/w2105287089,https://doi.org/10.26817/16925777.12,,,0,0
https://openalex.org/w1901524592,https://doi.org/10.1111/ldrp.12044,,,0,0
https://openalex.org/w2781610654,https://doi.org/10.1186/s40862-017-0042-y,,,0,0
https://openalex.org/w2003377552,https://doi.org/10.1080/09286580701772029,,,0,0
https://openalex.org/w2225619625,https://doi.org/10.1080/10476210.2015.1034684,,,0,0
https://openalex.org/w2943498351,https://doi.org/10.1097/iyc.0000000000000146,,,0,0
https://openalex.org/w4239406995,https://doi.org/10.1080/00405840802577569,,,0,0
https://openalex.org/w2767181773,https://doi.org/10.1177/1362361317726246,,,0,0
https://openalex.org/w13249920,https://doi.org/10.5951/mtms.10.9.0484,,,0,0
https://openalex.org/w2790364832,https://doi.org/10.1080/10409289.2018.1429766,,016-066-911-778-001,1,1
https://openalex.org/w2155334794,https://doi.org/10.1007/s10649-012-9385-y,,,0,0
https://openalex.org/w2784725293,https://doi.org/10.29333/ejmste/84885,,,0,0
https://openalex.org/w1986977309,https://doi.org/10.1080/00220270110101788,,,0,0
https://openalex.org/w2753750372,https://doi.org/10.1016/j.system.2017.08.008,,,0,0
https://openalex.org/w1966193689,https://doi.org/10.1016/j.compedu.2014.08.011,,,0,0
https://openalex.org/w2318280851,https://doi.org/10.1086/675636,,,0,0
https://openalex.org/w2115897978,https://doi.org/10.1002/pits.10120,,,0,0
https://openalex.org/w2913595114,https://doi.org/10.1080/0969594x.2019.1571992,,,0,0
https://openalex.org/w1887570750,https://doi.org/10.1111/j.1540-4781.2013.12026.x,,,0,0
https://openalex.org/w2302061073,https://doi.org/10.1080/14703297.2015.1112297,,,0,0
https://openalex.org/w2165848976,https://doi.org/10.1080/07908318.2012.678854,,,0,0
https://openalex.org/w2978963265,https://doi.org/10.1080/13573322.2019.1674275,,,0,0
https://openalex.org/w3001760515,https://doi.org/10.1016/j.cedpsych.2020.101842,,,0,0
https://openalex.org/w1553452385,https://doi.org/10.1177/016146810710900601,,,0,0
https://openalex.org/w1982601399,https://doi.org/10.1016/j.nedt.2015.01.024,,,0,0
https://openalex.org/w2992898552,,,,0,0
https://openalex.org/w1973235024,https://doi.org/10.1080/01926180500301485,,,0,0
https://openalex.org/w2598825581,https://doi.org/10.1177/0886260517696868,,,0,0
https://openalex.org/w2068459530,https://doi.org/10.1177/003172171109200808,,,0,0
https://openalex.org/w3048181121,https://doi.org/10.1016/j.ecresq.2020.07.001,,,0,0
https://openalex.org/w2269047234,https://doi.org/10.1007/s10826-016-0369-x,,,0,0
https://openalex.org/w2596683761,https://doi.org/10.1007/s10826-017-0691-y,,,0,0
https://openalex.org/w2789671605,https://doi.org/10.26634/jsch.13.2.13829,,,0,0
https://openalex.org/w1967932048,https://doi.org/10.1016/j.jcomdis.2011.12.002,,,0,0
https://openalex.org/w2257419989,https://doi.org/10.1016/j.ejeps.2015.09.001,,,0,0
https://openalex.org/w2129458501,https://doi.org/10.3102/0034654311415121,,,0,0
https://openalex.org/w68852086,,,,0,0
https://openalex.org/w2811051414,https://doi.org/10.1177/0013161x18785868,,,0,0
https://openalex.org/w2142184808,https://doi.org/10.1002/dei.220,,,0,0
https://openalex.org/w2163880594,,,,0,0
https://openalex.org/w2055840560,https://doi.org/10.14221/ajte.2012v37n8.8,,,0,0
https://openalex.org/w2296154752,https://doi.org/10.1177/1365480215612616,,,0,0
https://openalex.org/w2024764944,https://doi.org/10.1080/09500782.2013.788191,,,0,0
https://openalex.org/w2056224202,https://doi.org/10.1016/j.appdev.2014.11.008,,,0,0
https://openalex.org/w3009524062,https://doi.org/10.1007/s12310-020-09365-y,,,0,0
https://openalex.org/w2901340449,https://doi.org/10.1017/s0954579418001499,,010-023-406-739-097,1,1
https://openalex.org/w3003584905,https://doi.org/10.3389/fnhum.2019.00441,,,0,0
https://openalex.org/w1898359066,https://doi.org/10.1016/j.paid.2015.10.018,,,0,0
https://openalex.org/w2049174811,https://doi.org/10.1007/s10802-014-9896-3,,,0,0
https://openalex.org/w2121948814,https://doi.org/10.1016/s0346-251x(02)00048-9,,,0,0
https://openalex.org/w2064062415,https://doi.org/10.1590/2237-6089-2013-0051,,,0,0
https://openalex.org/w2096816380,https://doi.org/10.1080/15348431.2013.800820,,,0,0
https://openalex.org/w2779853670,https://doi.org/10.1016/j.sleep.2017.12.001,,,0,0
https://openalex.org/w2904932214,https://doi.org/10.1002/sce.21487,,,0,0
https://openalex.org/w2057920716,https://doi.org/10.1080/13603110903278035,,,0,0
https://openalex.org/w2044447557,https://doi.org/10.1177/0957926509353846,,,0,0
https://openalex.org/w2108636045,https://doi.org/10.1111/j.1365-2729.2005.00125.x,,,0,0
https://openalex.org/w2794571944,https://doi.org/10.7334/psicothema2016.294,,,0,0
https://openalex.org/w2188321654,https://doi.org/10.19026/rjaset.5.4480,,,0,0
https://openalex.org/w2029558760,https://doi.org/10.1080/00131880500287716,,,0,0
https://openalex.org/w2921236870,https://doi.org/10.1080/02699931.2019.1587388,,,0,0
https://openalex.org/w2900585201,https://doi.org/10.1002/pits.22209,,,0,0
https://openalex.org/w2547049143,https://doi.org/10.1007/s10826-016-0591-6,,,0,0
https://openalex.org/w2156905614,https://doi.org/10.1080/02783193.2013.740603,,,0,0
https://openalex.org/w2792457937,https://doi.org/10.1016/j.learninstruc.2018.01.012,,,0,0
https://openalex.org/w1997138216,https://doi.org/10.1080/02699200902997491,,,0,0
https://openalex.org/w2771654969,https://doi.org/10.5539/elt.v11n1p33,,,0,0
https://openalex.org/w1554507277,https://doi.org/10.1111/j.1467-8624.2010.01501.x,,,0,0
https://openalex.org/w2755240648,https://doi.org/10.1080/13670050.2017.1379946,,,0,0
https://openalex.org/w2042892912,https://doi.org/10.1007/s10802-011-9521-7,,,0,0
https://openalex.org/w2336065419,https://doi.org/10.1080/00220272.2016.1149224,,,0,0
https://openalex.org/w2907577231,https://doi.org/10.15390/eb.2018.7588,,,0,0
https://openalex.org/w3011614993,https://doi.org/10.3138/cjhs.2019-0049,,,0,0
https://openalex.org/w2472249327,https://doi.org/10.3390/ijerph13070652,,,0,0
https://openalex.org/w2166249140,https://doi.org/10.1016/s1075-2935(00)00015-5,,,0,0
https://openalex.org/w2188314060,https://doi.org/10.15390/es.2014.1271,,,0,1
https://openalex.org/w2568318472,https://doi.org/10.1080/02770903.2016.1277540,,,0,0
https://openalex.org/w2890085493,https://doi.org/10.1111/josh.12682,,,0,0
https://openalex.org/w3016555922,https://doi.org/10.1016/j.lindif.2020.101844,,,0,0
https://openalex.org/w2158802742,https://doi.org/10.58680/rte201322711,,,0,0
https://openalex.org/w2792670516,https://doi.org/10.1177/8755123318761914,,,0,0
https://openalex.org/w2767119771,https://doi.org/10.1080/02188791.2017.1386091,,,0,0
https://openalex.org/w2033506060,https://doi.org/10.1080/00223980.2014.996512,,,0,0
https://openalex.org/w2922609808,https://doi.org/10.5958/0976-5506.2019.00549.7,,,0,0
https://openalex.org/w2702628526,https://doi.org/10.1080/00220973.2017.1339009,,,0,0
https://openalex.org/w2068253250,https://doi.org/10.1080/16823200709487156,,,0,0
https://openalex.org/w2102315836,https://doi.org/10.1007/s10964-009-9441-9,,,0,0
https://openalex.org/w2162678440,https://doi.org/10.1080/00131881.2014.965556,,,0,1
https://openalex.org/w2901986036,https://doi.org/10.14689/ejer.2018.78.5,,,0,0
https://openalex.org/w2530761365,https://doi.org/10.11621/pir.2016.0312,,,0,0
https://openalex.org/w2142341694,https://doi.org/10.1111/sode.12043,,,0,0
https://openalex.org/w2993371205,,,,0,0
https://openalex.org/w2963731515,https://doi.org/10.18546/lre.17.2.03,,,0,0
https://openalex.org/w1998997459,https://doi.org/10.1177/1470357209102114,,,0,0
https://openalex.org/w2995841829,https://doi.org/10.1177/1076217519880590,,,0,0
https://openalex.org/w3000960012,https://doi.org/10.1016/j.appdev.2019.101103,,,0,0
https://openalex.org/w2161661443,https://doi.org/10.1007/s11205-015-1021-7,,,1,1
https://openalex.org/w2065457186,https://doi.org/10.1007/s10862-008-9105-1,,,0,0
https://openalex.org/w2883406768,https://doi.org/10.20360/langandlit29415,,,0,0
https://openalex.org/w2062308947,https://doi.org/10.1023/a:1026191226676,,,0,0
https://openalex.org/w2140315572,https://doi.org/10.1111/bjep.12025,,,0,0
https://openalex.org/w2963216214,https://doi.org/10.15663/tandc.v19i1.340,,,0,0
https://openalex.org/w2590045462,https://doi.org/10.1080/10494820.2016.1276082,,,0,0
https://openalex.org/w2783424238,https://doi.org/10.7821/naer.2018.1.261,,,0,0
https://openalex.org/w2531895040,https://doi.org/10.1080/00220671.2016.1220359,,,0,0
https://openalex.org/w2545581927,https://doi.org/10.1002/ab.21686,,,0,0
https://openalex.org/w2079396444,https://doi.org/10.1080/13603116.2011.557448,,,0,0
https://openalex.org/w2064105522,https://doi.org/10.1080/13668250500033110,,,0,0
https://openalex.org/w2734687604,https://doi.org/10.22055/rals.2017.12872,,,0,0
https://openalex.org/w2064549418,https://doi.org/10.1080/1090102040240404,,,0,0
https://openalex.org/w2899933467,https://doi.org/10.1080/09243453.2018.1539016,,,0,0
https://openalex.org/w2790580933,https://doi.org/10.1016/j.cedpsych.2018.02.001,,,0,0
https://openalex.org/w2072577160,https://doi.org/10.1080/10409280903292500,,,0,0
https://openalex.org/w1990791996,https://doi.org/10.1016/j.linged.2012.09.002,,,0,0
https://openalex.org/w2219853869,https://doi.org/10.1016/j.ejeps.2015.11.002,,,0,0
https://openalex.org/w2074718517,https://doi.org/10.1080/09500782.2013.788189,,,0,0
https://openalex.org/w2091387459,https://doi.org/10.1007/s10649-011-9371-9,,,0,0
https://openalex.org/w2067622923,https://doi.org/10.1016/j.system.2004.05.001,,,0,0
https://openalex.org/w2073410696,https://doi.org/10.5588/ijtld.13.0309,,,0,0
https://openalex.org/w2973822877,https://doi.org/10.1080/00313831.2019.1665098,,,0,0
https://openalex.org/w2054035765,https://doi.org/10.1016/j.cedpsych.2014.02.001,,,0,0
https://openalex.org/w2120686055,https://doi.org/10.1007/s11516-008-0019-1,,,0,0
https://openalex.org/w2320102426,https://doi.org/10.2304/csee.2012.11.2.145,,,0,0
https://openalex.org/w2972515249,https://doi.org/10.28945/4183,,,0,0
https://openalex.org/w4399658044,https://doi.org/10.55016/ojs/ajer.v59i4.55736,,,0,0
https://openalex.org/w2170138123,https://doi.org/10.1207/s15566935eed1403_1,,,0,0
https://openalex.org/w1974332022,https://doi.org/10.1016/j.jphys.2015.02.015,,,0,0
https://openalex.org/w2040610961,https://doi.org/10.1016/j.ijer.2013.06.008,,,0,0
https://openalex.org/w2622949017,https://doi.org/10.1007/s10763-017-9827-1,,,0,0
https://openalex.org/w2993880754,,,,0,0
https://openalex.org/w2103968223,https://doi.org/10.1177/0143034300212006,,057-094-655-379-823,1,1
https://openalex.org/w2791885081,https://doi.org/10.18488/journal.61.2018.61.43.49,,,0,0
https://openalex.org/w2948380647,https://doi.org/10.1007/s13384-019-00334-2,,,0,0
https://openalex.org/w3007326020,https://doi.org/10.1080/03055698.2020.1729096,,,0,0
https://openalex.org/w2017724822,https://doi.org/10.1016/j.jadohealth.2004.11.137,,,0,0
https://openalex.org/w2766200001,https://doi.org/10.1007/s12310-017-9229-0,,,0,0
https://openalex.org/w4391143770,https://doi.org/10.55016/ojs/ajer.v63i2.56349,,,0,0
https://openalex.org/w3035934440,https://doi.org/10.1016/j.linged.2020.100796,,,0,0
https://openalex.org/w3022444457,https://doi.org/10.25115/ejrep.v18i50.2728,,,0,0
https://openalex.org/w2987540962,https://doi.org/10.1177/1365480219886148,,,0,0
https://openalex.org/w2166698866,https://doi.org/10.1080/08870440801956192,,,0,0
https://openalex.org/w1976549334,https://doi.org/10.1007/s10984-012-9097-3,,,0,0
https://openalex.org/w2883847912,https://doi.org/10.1016/j.ecresq.2018.06.007,,,0,0
https://openalex.org/w2901717627,https://doi.org/10.1080/19361653.2018.1534632,,,0,0
https://openalex.org/w2299937405,https://doi.org/10.1016/j.childyouth.2016.03.004,,,0,0
https://openalex.org/w2107944207,https://doi.org/10.1093/deafed/ens021,,091-760-911-904-119,1,1
https://openalex.org/w2074207348,https://doi.org/10.1080/00405841.2013.829731,,,0,0
https://openalex.org/w2088546752,https://doi.org/10.1007/s10459-005-2329-x,,,0,0
https://openalex.org/w3047794086,https://doi.org/10.1037/str0000208,,,0,0
https://openalex.org/w2474133841,https://doi.org/10.1080/14613808.2016.1204279,,,0,0
https://openalex.org/w2048452720,https://doi.org/10.1016/j.linged.2013.07.001,,,0,0
https://openalex.org/w2914638477,https://doi.org/10.64152/10125/44668,,,0,0
https://openalex.org/w2257658889,https://doi.org/10.1177/016146811711901006,,,0,0
https://openalex.org/w2889366361,https://doi.org/10.1080/13664530.2018.1488765,,,0,0
https://openalex.org/w3010654790,https://doi.org/10.2989/17280583.2019.1698430,,098-109-294-735-867,1,1
https://openalex.org/w1140473238,https://doi.org/10.1387/revpsicodidact.11655,,,0,0
https://openalex.org/w1660703515,https://doi.org/10.1002/imhj.21387,,,0,0
https://openalex.org/w1877359204,,,,0,0
https://openalex.org/w2730582064,https://doi.org/10.53841/bpsecp.2017.34.1.21,,,0,0
https://openalex.org/w1970526733,https://doi.org/10.1111/hsc.12104,,,0,0
https://openalex.org/w2087250728,https://doi.org/10.1111/1467-8624.00366,,022-402-738-948-632,1,1
https://openalex.org/w2090095562,https://doi.org/10.1080/00461520802178466,,,0,0
https://openalex.org/w2097105306,https://doi.org/10.1080/09500782.2011.609298,,,0,0
https://openalex.org/w2901133883,https://doi.org/10.31299/ksi.24.2.5,,,0,0
https://openalex.org/w2585834546,https://doi.org/10.20368/1971-8829/1261,,,0,0
https://openalex.org/w3011744272,https://doi.org/10.15507/1991-9468.098.024.202001.062-074,,,0,0
https://openalex.org/w3035958223,https://doi.org/10.1016/j.appdev.2020.101156,,,0,0
https://openalex.org/w2788174374,https://doi.org/10.19173/irrodl.v19i1.2886,,,0,0
https://openalex.org/w2034867454,https://doi.org/10.1080/17405629.2013.857307,,,0,0
https://openalex.org/w2494109333,https://doi.org/10.1080/13670050.2016.1192102,,,0,0
https://openalex.org/w1574663198,https://doi.org/10.1111/j.2044-8279.2011.02030.x,,,0,0
https://openalex.org/w2033780170,https://doi.org/10.1515/ijsl.2007.052,,,0,0
https://openalex.org/w2069425422,https://doi.org/10.1891/1078-4535.20.2.95,,,0,0
https://openalex.org/w2887315483,https://doi.org/10.1037/dhe0000080,,,0,0
https://openalex.org/w2990830151,https://doi.org/10.1080/10409289.2019.1694813,,,0,0
https://openalex.org/w2588173853,https://doi.org/10.21277/sw.v2i6.265,,166-004-986-720-352,1,1
https://openalex.org/w2890357941,https://doi.org/10.33828/sei.v29.i3.3,,,0,0
https://openalex.org/w2034680360,https://doi.org/10.4304/tpls.1.12.1820-1826,,,0,0
https://openalex.org/w1965202133,https://doi.org/10.1007/s10212-013-0186-1,,,0,0
https://openalex.org/w1990010042,https://doi.org/10.1080/02667361003768518,,,0,0
https://openalex.org/w2001197226,https://doi.org/10.1353/pbm.0.0048,,,0,0
https://openalex.org/w1521258864,https://doi.org/10.1080/02796015.2008.12087881,,,0,0
https://openalex.org/w2991548600,https://doi.org/10.3390/educsci9040280,,,0,0
https://openalex.org/w2267046491,https://doi.org/10.1080/01443410.2015.1059924,,,0,1
https://openalex.org/w1828922277,https://doi.org/10.14221/ajte.2015v40n6.4,,,0,0
https://openalex.org/w1995499465,https://doi.org/10.1080/02673843.2013.806270,,,0,0
https://openalex.org/w2799417045,https://doi.org/10.1007/s11858-018-0940-6,,,0,0
https://openalex.org/w2016491292,https://doi.org/10.1016/j.cedpsych.2015.04.001,,,0,0
https://openalex.org/w2102675497,https://doi.org/10.1016/s0959-4752(02)00043-9,,,0,0
https://openalex.org/w3025232949,,,,0,0
https://openalex.org/w2079854205,https://doi.org/10.1007/s40299-014-0198-x,,,1,1
https://openalex.org/w2221174597,https://doi.org/10.1108/yc-05-2015-00531,,,0,0
https://openalex.org/w3019423549,https://doi.org/10.1080/2372966x.2020.1717371,,,0,0
https://openalex.org/w2053169690,https://doi.org/10.1080/10459880109599808,,,0,0
https://openalex.org/w2612300792,https://doi.org/10.1080/01443410.2017.1328488,,,0,0
https://openalex.org/w2515448607,https://doi.org/10.18404/ijemst.99074,,,0,0
https://openalex.org/w2024141479,https://doi.org/10.1080/10409280701282959,,,0,1
https://openalex.org/w2782072445,https://doi.org/10.1080/14681811.2017.1421920,,,0,0
https://openalex.org/w2003988878,https://doi.org/10.12963/csd.13020,,,0,0
https://openalex.org/w1838698403,https://doi.org/10.1002/icd.1851,,,0,0
https://openalex.org/w2951768867,https://doi.org/10.3916/c48-2016-06,,,0,0
https://openalex.org/w1846931166,https://doi.org/10.1080/10986065.2015.1084850,,,0,0
https://openalex.org/w3044150793,https://doi.org/10.1080/00313831.2020.1791248,,,0,0
https://openalex.org/w3003827994,https://doi.org/10.26803/ijlter.18.12.22,,,0,0
https://openalex.org/w2415574477,https://doi.org/10.1080/1475939x.2016.1173089,,,0,0
https://openalex.org/w334047312,,,,0,0
https://openalex.org/w2010301262,https://doi.org/10.1080/1350293x.2012.681136,,,0,0
https://openalex.org/w2074253451,https://doi.org/10.1046/j.1365-2214.2003.00362.x,,,0,0
https://openalex.org/w2910788476,https://doi.org/10.1108/jea-05-2018-0089,,,0,0
https://openalex.org/w342490542,https://doi.org/10.1023/a:1026451805604,,,0,0
https://openalex.org/w2998719010,https://doi.org/10.1016/j.ecresq.2019.09.004,,,0,0
https://openalex.org/w1484075989,,,,0,0
https://openalex.org/w2772163321,https://doi.org/10.1080/03004430.2017.1411349,,,0,0
https://openalex.org/w3011455973,https://doi.org/10.1080/13603116.2020.1735543,,,0,0
https://openalex.org/w2948586338,https://doi.org/10.1007/s10964-019-01048-5,,027-785-320-980-910,1,1
https://openalex.org/w2071706529,https://doi.org/10.1080/09500780802582539,,,0,0
https://openalex.org/w2969351598,https://doi.org/10.1080/03004430.2019.1656618,,,0,0
https://openalex.org/w2936425869,https://doi.org/10.2224/sbp.7595,,,0,0
https://openalex.org/w2801679069,https://doi.org/10.1080/1750399x.2018.1465678,,,0,0
https://openalex.org/w2523901025,https://doi.org/10.1080/02568543.2016.1215361,,,0,0
https://openalex.org/w2072834398,https://doi.org/10.1111/j.1468-3148.2010.00619.x,,,0,0
https://openalex.org/w2054846767,https://doi.org/10.1080/09500780802691736,,,0,0
https://openalex.org/w2602963645,https://doi.org/10.5195/dpj.2017.184,,,0,0
https://openalex.org/w2111641890,https://doi.org/10.1080/00131880903354782,,,0,0
https://openalex.org/w2288244473,https://doi.org/10.1080/03634523.2015.1081957,,,0,0
https://openalex.org/w2892102057,https://doi.org/10.1177/2158244018769957,,,0,0
https://openalex.org/w1579062795,https://doi.org/10.1111/sode.12148,,,0,0
https://openalex.org/w2898440272,https://doi.org/10.1002/pits.22203,,,0,0
https://openalex.org/w2684676521,https://doi.org/10.1002/smi.2771,,,0,0
https://openalex.org/w1996009830,https://doi.org/10.1016/j.jcomdis.2011.01.005,,,0,0
https://openalex.org/w3046877963,https://doi.org/10.1007/s11218-020-09578-8,,,0,0
https://openalex.org/w2806341221,https://doi.org/10.1177/0272431618776121,,,0,0
https://openalex.org/w2340339873,https://doi.org/10.1186/s12909-016-0632-2,,,0,0
https://openalex.org/w617126501,https://doi.org/10.1016/j.linged.2015.04.001,,,0,0
https://openalex.org/w2917879211,https://doi.org/10.1007/s10758-019-09398-6,,,0,0
https://openalex.org/w3030310919,https://doi.org/10.1080/13676261.2020.1772962,,,0,0
https://openalex.org/w2947734453,https://doi.org/10.15365/joce.2201012019,,,0,0
https://openalex.org/w2027964735,https://doi.org/10.5539/jel.v3n2p108,,,0,0
https://openalex.org/w2540408942,https://doi.org/10.3389/fpsyg.2016.01695,,,0,0
https://openalex.org/w2794676086,https://doi.org/10.1111/ssm.12276,,,0,0
https://openalex.org/w1988861381,https://doi.org/10.1007/s10964-008-9271-1,,,0,0
https://openalex.org/w2944339155,https://doi.org/10.1002/ijop.12583,,,0,0
https://openalex.org/w2399634095,https://doi.org/10.1111/cdev.12548,,,0,0
https://openalex.org/w2887181383,https://doi.org/10.1007/s10639-018-9782-7,,,0,0
https://openalex.org/w2342731133,https://doi.org/10.1080/02667363.2016.1173015,,135-942-705-960-63X,1,1
https://openalex.org/w2992104555,,,,0,0
https://openalex.org/w2597128772,https://doi.org/10.1080/14613808.2017.1301413,,,0,0
https://openalex.org/w2297296781,https://doi.org/10.1080/17405629.2016.1161506,,,0,0
https://openalex.org/w2088596324,https://doi.org/10.1111/j.1540-4781.2005.00328.x,,,0,0
https://openalex.org/w1989412575,https://doi.org/10.1007/bf03173172,,,0,0
https://openalex.org/w2783196818,https://doi.org/10.1007/s10833-017-9316-x,,,0,0
https://openalex.org/w2948183040,https://doi.org/10.1080/13632752.2019.1609271,,,0,0
https://openalex.org/w3212625142,https://doi.org/10.35940/ijeat.e1171.0585c19,,,0,0
https://openalex.org/w2101827195,https://doi.org/10.14507/epaa.v15n3.2007,,,0,0
https://openalex.org/w2073213276,https://doi.org/10.1111/j.1944-9720.2009.01021.x,,,0,0
https://openalex.org/w2094526236,https://doi.org/10.1080/13664530.2010.494497,,,0,0
https://openalex.org/w2168817691,https://doi.org/10.1177/02711214070270030601,,,0,0
https://openalex.org/w1511017531,https://doi.org/10.4103/1357-6283.134290,,,0,0
https://openalex.org/w2794697726,https://doi.org/10.1016/j.chb.2018.03.042,,,0,0
https://openalex.org/w2134357909,https://doi.org/10.1177/0145721713492570,,,0,0
https://openalex.org/w2955260236,https://doi.org/10.1177/2158244019861485,,,0,0
https://openalex.org/w3018567433,https://doi.org/10.1002/icd.2181,,,0,0
https://openalex.org/w2607228175,https://doi.org/10.1016/j.ijedudev.2017.03.010,,,1,1
https://openalex.org/w1561658638,,,,0,0
https://openalex.org/w2617301482,https://doi.org/10.1177/016146811211400307,,,0,0
https://openalex.org/w2903996907,https://doi.org/10.1177/1076217518804856,,,0,0
https://openalex.org/w2063857597,https://doi.org/10.1111/ajop.12006,,,0,0
https://openalex.org/w3006158206,,,,0,0
https://openalex.org/w2758515793,https://doi.org/10.3390/educsci7040076,,,0,0
https://openalex.org/w1990556694,https://doi.org/10.1016/j.system.2007.04.003,,,0,0
https://openalex.org/w605564329,https://doi.org/10.1016/j.compedu.2015.05.005,,,0,0
https://openalex.org/w2970409912,https://doi.org/10.1037/cdp0000303,,,0,0
https://openalex.org/w1989196095,https://doi.org/10.1016/s0883-0355(03)00011-9,,,0,0
https://openalex.org/w2073174251,https://doi.org/10.1080/09500782.2014.898650,,,0,0
https://openalex.org/w2974602724,https://doi.org/10.1177/016146811912100708,,,0,0
https://openalex.org/w4248741841,https://doi.org/10.14221/ajte.v43.n10.2,,,0,0
https://openalex.org/w2171721565,https://doi.org/10.1177/0272431614537117,,,0,0
https://openalex.org/w2117827944,https://doi.org/10.1542/peds.2008-0085,,,0,0
https://openalex.org/w2003069023,https://doi.org/10.1080/10409280802231021,,,0,0
https://openalex.org/w2065915511,https://doi.org/10.1300/j002v33n02_07,,,0,0
https://openalex.org/w2568848305,https://doi.org/10.1111/cdev.12706,,,0,0
https://openalex.org/w2606435075,https://doi.org/10.1007/s11165-016-9598-7,,,0,0
https://openalex.org/w2131736884,https://doi.org/10.1080/10810730050019564,,,0,0
https://openalex.org/w2006631066,https://doi.org/10.1080/02671520701497589,,,0,0
https://openalex.org/w2154733194,https://doi.org/10.1080/01411920902894070,,,0,0
https://openalex.org/w2044944770,https://doi.org/10.1080/21683603.2013.821638,,,0,0
https://openalex.org/w2809992785,https://doi.org/10.13189/ujer.2018.060718,,,0,0
https://openalex.org/w2619265056,https://doi.org/10.13189/ujer.2017.050308,,,0,0
https://openalex.org/w2040304931,https://doi.org/10.1080/0305764x.2015.1009365,,,0,0
https://openalex.org/w2763304073,https://doi.org/10.1007/s10964-017-0774-5,,,1,1
https://openalex.org/w2106605876,https://doi.org/10.1177/0272431601021004003,,,0,0
https://openalex.org/w2471333196,https://doi.org/10.29173/css149,,,0,0
https://openalex.org/w2969280182,https://doi.org/10.1016/j.linged.2019.06.003,,,0,0
https://openalex.org/w2887199632,https://doi.org/10.3389/fpsyg.2018.01421,,,0,1
https://openalex.org/w3006892601,https://doi.org/10.1002/berj.3600,,,0,0
https://openalex.org/w2110777020,https://doi.org/10.1080/01421590500156269,,,0,0
