openalex_id,doi,pmid,lens_id,label_included,label_abstract_included
https://openalex.org/w2116598898,https://doi.org/10.1177/00220345940730090801,https://pubmed.ncbi.nlm.nih.gov/7929988,069-569-725-212-589,0,
https://openalex.org/w2064532363,https://doi.org/10.1016/0022-3913(84)90334-2,https://pubmed.ncbi.nlm.nih.gov/6239029,,0,
https://openalex.org/w2104458305,https://doi.org/10.1136/oem.2008.042184,https://pubmed.ncbi.nlm.nih.gov/19286684,072-023-112-027-368,0,
https://openalex.org/w2425664833,,https://pubmed.ncbi.nlm.nih.gov/7546484,,0,
https://openalex.org/w2411688884,,https://pubmed.ncbi.nlm.nih.gov/8181109,,0,
https://openalex.org/w2090957226,https://doi.org/10.1016/j.dental.2009.02.014,https://pubmed.ncbi.nlm.nih.gov/19410286,,0,
https://openalex.org/w1964147099,https://doi.org/10.1248/bpb.27.1136,https://pubmed.ncbi.nlm.nih.gov/15256756,054-066-963-887-654,0,
https://openalex.org/w2136973735,https://doi.org/10.1111/j.1365-2605.2009.01025.x,https://pubmed.ncbi.nlm.nih.gov/20050941,031-610-942-665-827,0,
https://openalex.org/w2402163951,,https://pubmed.ncbi.nlm.nih.gov/1830291,,0,
https://openalex.org/w2417821528,,https://pubmed.ncbi.nlm.nih.gov/12792990,,0,
https://openalex.org/w2052517186,https://doi.org/10.1016/j.neuro.2011.11.002,https://pubmed.ncbi.nlm.nih.gov/22101008,073-004-451-031-356,0,
https://openalex.org/w62542352,,https://pubmed.ncbi.nlm.nih.gov/11203621,,0,
https://openalex.org/w2091906973,https://doi.org/10.1016/j.biomaterials.2009.06.049,https://pubmed.ncbi.nlm.nih.gov/19596151,,0,
https://openalex.org/w2085130294,https://doi.org/10.1016/0022-3913(93)90055-s,https://pubmed.ncbi.nlm.nih.gov/8410728,,0,
https://openalex.org/w2088221221,https://doi.org/10.1007/s11356-012-1432-9,https://pubmed.ncbi.nlm.nih.gov/23299971,073-365-223-493-149,0,
https://openalex.org/w296247415,,https://pubmed.ncbi.nlm.nih.gov/2956578,,0,
https://openalex.org/w2127463144,https://doi.org/10.1177/00220345960750020601,https://pubmed.ncbi.nlm.nih.gov/8655773,057-841-951-529-239,0,
https://openalex.org/w1995348005,https://doi.org/10.1007/s00784-002-0172-5,https://pubmed.ncbi.nlm.nih.gov/12483239,,0,
https://openalex.org/w2027769354,https://doi.org/10.1016/j.reprotox.2012.02.005,https://pubmed.ncbi.nlm.nih.gov/22406039,,0,
https://openalex.org/w2022599261,https://doi.org/10.4103/0970-4388.73781,https://pubmed.ncbi.nlm.nih.gov/21157051,082-126-886-068-491,0,
https://openalex.org/w2014805429,https://doi.org/10.1016/s0378-4347(01)00393-0,https://pubmed.ncbi.nlm.nih.gov/11767304,,0,
https://openalex.org/w2466673065,,https://pubmed.ncbi.nlm.nih.gov/2958246,,0,
https://openalex.org/w2408146899,,https://pubmed.ncbi.nlm.nih.gov/23167045,,0,
https://openalex.org/w2418484464,,https://pubmed.ncbi.nlm.nih.gov/16119073,,0,
https://openalex.org/w2088757369,https://doi.org/10.1067/moe.2001.113345,https://pubmed.ncbi.nlm.nih.gov/11250635,006-512-055-914-983,0,
https://openalex.org/w2085178184,https://doi.org/10.1002/jbt.21425,https://pubmed.ncbi.nlm.nih.gov/22730197,047-623-192-269-879,0,
https://openalex.org/w2033211255,https://doi.org/10.1038/cddis.2012.206,https://pubmed.ncbi.nlm.nih.gov/23328667,083-377-958-412-443,0,
https://openalex.org/w1983836365,https://doi.org/10.1007/s10266-011-0031-4,https://pubmed.ncbi.nlm.nih.gov/21678019,,0,
https://openalex.org/w2396047703,,https://pubmed.ncbi.nlm.nih.gov/2949401,,0,
https://openalex.org/w2025696324,https://doi.org/10.1016/0022-3913(92)90579-y,https://pubmed.ncbi.nlm.nih.gov/1403857,,0,
https://openalex.org/w2057291646,https://doi.org/10.1016/j.tox.2012.10.023,https://pubmed.ncbi.nlm.nih.gov/23142789,,0,
https://openalex.org/w2153633319,https://doi.org/10.1016/j.jdent.2013.01.001,https://pubmed.ncbi.nlm.nih.gov/23313828,004-137-484-355-927,0,
https://openalex.org/w1978082040,https://doi.org/10.1016/0272-0590(87)90142-4,https://pubmed.ncbi.nlm.nih.gov/3609543,047-547-903-618-536,0,
https://openalex.org/w2189399704,,https://pubmed.ncbi.nlm.nih.gov/15132816,,0,
https://openalex.org/w2410575426,https://doi.org/10.3290/j.jad.a17536,https://pubmed.ncbi.nlm.nih.gov/20157672,,0,
https://openalex.org/w2417024638,,https://pubmed.ncbi.nlm.nih.gov/8700765,,0,
https://openalex.org/w2412544677,,https://pubmed.ncbi.nlm.nih.gov/2935752,,0,
https://openalex.org/w1965586453,https://doi.org/10.3109/00016358909007710,https://pubmed.ncbi.nlm.nih.gov/2531530,069-363-869-027-40X,0,
https://openalex.org/w2077611945,https://doi.org/10.1016/j.dental.2008.08.013,https://pubmed.ncbi.nlm.nih.gov/19041128,,0,
https://openalex.org/w2159703783,https://doi.org/10.1016/0300-5712(94)90168-6,https://pubmed.ncbi.nlm.nih.gov/8201085,,0,
https://openalex.org/w2394960099,,https://pubmed.ncbi.nlm.nih.gov/7546466,,0,
https://openalex.org/w2084394517,https://doi.org/10.1016/0142-9612(92)90088-6,https://pubmed.ncbi.nlm.nih.gov/1531935,,0,
https://openalex.org/w1994859907,https://doi.org/10.1021/jf051055t,https://pubmed.ncbi.nlm.nih.gov/16159164,015-030-506-958-50X,0,
https://openalex.org/w2094852868,https://doi.org/10.14219/jada.archive.1996.0033,https://pubmed.ncbi.nlm.nih.gov/8568101,126-033-247-864-32X,0,
https://openalex.org/w2040152489,https://doi.org/10.1021/tx0497393,https://pubmed.ncbi.nlm.nih.gov/15777086,003-033-824-321-836,0,
https://openalex.org/w2094804975,https://doi.org/10.1016/s0142-9612(03)00529-5,https://pubmed.ncbi.nlm.nih.gov/14585725,,0,
https://openalex.org/w1965410558,https://doi.org/10.1016/j.yhbeh.2012.02.011,https://pubmed.ncbi.nlm.nih.gov/22370244,,0,
https://openalex.org/w1981020204,https://doi.org/10.1021/es903851q,https://pubmed.ncbi.nlm.nih.gov/20394427,030-286-841-044-45X,0,
https://openalex.org/w4300282838,,https://pubmed.ncbi.nlm.nih.gov/19802907,,0,
https://openalex.org/w1984977749,https://doi.org/10.1016/j.tox.2011.07.011,https://pubmed.ncbi.nlm.nih.gov/21827818,,0,
https://openalex.org/w2067726931,https://doi.org/10.2341/11-105-l,https://pubmed.ncbi.nlm.nih.gov/21942234,000-142-045-664-219,0,
https://openalex.org/w2781428016,,https://pubmed.ncbi.nlm.nih.gov/10680332,,0,
https://openalex.org/w2268774355,,https://pubmed.ncbi.nlm.nih.gov/12675458,,0,
https://openalex.org/w1986519131,https://doi.org/10.2131/jts.37.565,https://pubmed.ncbi.nlm.nih.gov/22687996,122-903-520-536-10X,1,
https://openalex.org/w1987797208,https://doi.org/10.1016/j.ando.2013.04.002,https://pubmed.ncbi.nlm.nih.gov/23796010,,0,
https://openalex.org/w1916536208,https://doi.org/10.1111/j.1472-765x.2007.02301.x,https://pubmed.ncbi.nlm.nih.gov/18069976,083-548-100-408-05X,0,
https://openalex.org/w2409433643,,https://pubmed.ncbi.nlm.nih.gov/6219421,,0,
https://openalex.org/w2012153613,https://doi.org/10.1016/j.jhazmat.2013.03.054,https://pubmed.ncbi.nlm.nih.gov/23611799,,0,
https://openalex.org/w1435916340,https://doi.org/10.3233/bme-1991-1403,https://pubmed.ncbi.nlm.nih.gov/1843120,047-778-150-734-839,0,
https://openalex.org/w2070586042,https://doi.org/10.1016/j.dental.2011.11.016,https://pubmed.ncbi.nlm.nih.gov/22188971,,0,
https://openalex.org/w1967017238,https://doi.org/10.1111/j.0272-4332.2004.00473.x,https://pubmed.ncbi.nlm.nih.gov/15209943,056-751-849-345-737,0,
https://openalex.org/w1971552081,https://doi.org/10.1016/0109-5641(93)90091-4,https://pubmed.ncbi.nlm.nih.gov/8595844,,0,
https://openalex.org/w2071362380,https://doi.org/10.1016/0022-3913(81)90071-8,https://pubmed.ncbi.nlm.nih.gov/6457909,,0,
https://openalex.org/w2134928672,https://doi.org/10.1161/circresaha.107.162719,https://pubmed.ncbi.nlm.nih.gov/18096819,014-391-257-689-050,0,
https://openalex.org/w2422051779,,https://pubmed.ncbi.nlm.nih.gov/6242174,,0,
https://openalex.org/w2027461647,https://doi.org/10.1016/j.chroma.2003.11.079,https://pubmed.ncbi.nlm.nih.gov/15065775,,0,
https://openalex.org/w2071543794,https://doi.org/10.1016/j.chemosphere.2010.09.056,https://pubmed.ncbi.nlm.nih.gov/20970156,,0,
https://openalex.org/w2165977885,https://doi.org/10.1111/j.1600-0536.2008.01343.x,https://pubmed.ncbi.nlm.nih.gov/18416772,,0,
https://openalex.org/w2051079969,https://doi.org/10.1016/s0022-3913(99)70158-7,https://pubmed.ncbi.nlm.nih.gov/10424986,,0,
https://openalex.org/w1995141022,https://doi.org/10.1016/0109-5641(94)90042-6,https://pubmed.ncbi.nlm.nih.gov/7498595,051-577-524-013-790,0,
https://openalex.org/w1981867706,https://doi.org/10.1016/j.jsbmb.2004.12.008,https://pubmed.ncbi.nlm.nih.gov/15860277,,0,
https://openalex.org/w2409206955,,https://pubmed.ncbi.nlm.nih.gov/12956496,,0,
https://openalex.org/w2118850266,https://doi.org/10.1002/cphc.200500698,https://pubmed.ncbi.nlm.nih.gov/16526076,,0,
https://openalex.org/w2050021278,https://doi.org/10.1002/(sici)1097-4636(200002)49:2<273::aid-jbm17>3.0.co;2-y,https://pubmed.ncbi.nlm.nih.gov/10571916,059-712-880-968-42X,0,
https://openalex.org/w2062218636,https://doi.org/10.1007/s00216-012-6490-9,https://pubmed.ncbi.nlm.nih.gov/23086088,,0,
https://openalex.org/w2009607270,https://doi.org/10.1271/bbb.70672,https://pubmed.ncbi.nlm.nih.gov/18540113,001-233-880-866-48X,0,
https://openalex.org/w2009565422,https://doi.org/10.1016/j.dental.2007.03.006,https://pubmed.ncbi.nlm.nih.gov/17507087,,0,
https://openalex.org/w2106445420,https://doi.org/10.1111/j.1600-0528.1981.tb01049.x,https://pubmed.ncbi.nlm.nih.gov/6460592,090-974-618-100-370,0,
https://openalex.org/w2170746378,https://doi.org/10.1016/j.dental.2007.12.009,https://pubmed.ncbi.nlm.nih.gov/18321567,,0,
https://openalex.org/w2042769269,https://doi.org/10.1007/s00128-005-0872-z,https://pubmed.ncbi.nlm.nih.gov/16402308,,0,
https://openalex.org/w2082877169,https://doi.org/10.1007/s11356-012-1442-7,https://pubmed.ncbi.nlm.nih.gov/23292228,,0,
https://openalex.org/w1970425912,https://doi.org/10.1016/j.ajodo.2008.12.029,https://pubmed.ncbi.nlm.nih.gov/21130333,017-149-083-483-100,0,
https://openalex.org/w2407986939,,https://pubmed.ncbi.nlm.nih.gov/2940326,,0,
https://openalex.org/w2048960889,https://doi.org/10.1016/s0960-0760(01)00173-x,https://pubmed.ncbi.nlm.nih.gov/11867264,,0,
https://openalex.org/w2321461934,,https://pubmed.ncbi.nlm.nih.gov/11444072,,0,
https://openalex.org/w2034923131,https://doi.org/10.1016/j.watres.2005.12.034,https://pubmed.ncbi.nlm.nih.gov/16620905,,0,
https://openalex.org/w2131577051,https://doi.org/10.1016/j.chemosphere.2012.12.070,https://pubmed.ncbi.nlm.nih.gov/23395527,,0,
https://openalex.org/w2084337627,https://doi.org/10.1016/j.dental.2008.07.012,https://pubmed.ncbi.nlm.nih.gov/18804855,,0,
https://openalex.org/w2916517330,,https://pubmed.ncbi.nlm.nih.gov/1961895,,0,
https://openalex.org/w2008277275,https://doi.org/10.2341/09-202-l,https://pubmed.ncbi.nlm.nih.gov/21179999,038-541-930-617-367,0,
https://openalex.org/w2415784697,,https://pubmed.ncbi.nlm.nih.gov/18655388,,0,
https://openalex.org/w2394532955,,https://pubmed.ncbi.nlm.nih.gov/8415161,,0,
https://openalex.org/w2960114465,https://doi.org/10.5005/jcdp-6-1-18,https://pubmed.ncbi.nlm.nih.gov/15719073,049-672-980-141-829,0,
https://openalex.org/w2115912583,https://doi.org/10.1111/j.1708-8240.2011.00423.x,https://pubmed.ncbi.nlm.nih.gov/21649826,034-809-635-354-022,0,
https://openalex.org/w1481968869,https://doi.org/10.1111/j.1365-2591.2011.01953.x,https://pubmed.ncbi.nlm.nih.gov/21995296,046-645-273-083-532,0,
https://openalex.org/w1972673893,https://doi.org/10.1016/j.jchromb.2003.08.042,https://pubmed.ncbi.nlm.nih.gov/14630354,,0,
https://openalex.org/w1970792532,https://doi.org/10.1016/s0142-9612(98)80001-x,https://pubmed.ncbi.nlm.nih.gov/9678868,,0,
https://openalex.org/w2089807318,https://doi.org/10.1289/ehp.02110s3397,https://pubmed.ncbi.nlm.nih.gov/12060835,042-023-652-882-033,0,
https://openalex.org/w2078715315,https://doi.org/10.1289/ehp.5949,https://pubmed.ncbi.nlm.nih.gov/12948898,049-418-218-779-608,0,
https://openalex.org/w166721276,,https://pubmed.ncbi.nlm.nih.gov/11203829,,0,
https://openalex.org/w2006390582,https://doi.org/10.2131/jts.33.389,https://pubmed.ncbi.nlm.nih.gov/18827439,104-216-896-029-854,0,
https://openalex.org/w2016937402,https://doi.org/10.1016/s0109-5641(85)80023-3,https://pubmed.ncbi.nlm.nih.gov/3159610,,0,
https://openalex.org/w2076212136,https://doi.org/10.1016/s0140-6736(12)60496-6,https://pubmed.ncbi.nlm.nih.gov/22470929,,0,
https://openalex.org/w2143275160,https://doi.org/10.1016/j.dental.2006.11.021,https://pubmed.ncbi.nlm.nih.gov/17215036,,0,
https://openalex.org/w2329111115,https://doi.org/10.1179/bjo.14.1.11,https://pubmed.ncbi.nlm.nih.gov/2952162,053-724-752-780-406,0,
https://openalex.org/w2144450550,https://doi.org/10.1016/j.prosdent.2004.09.026,https://pubmed.ncbi.nlm.nih.gov/15623997,,0,
https://openalex.org/w2065851428,https://doi.org/10.1016/s0731-7085(02)00516-2,https://pubmed.ncbi.nlm.nih.gov/12485715,,0,
https://openalex.org/w2081630126,https://doi.org/10.1016/j.ecoenv.2008.05.012,https://pubmed.ncbi.nlm.nih.gov/18639342,047-242-428-442-385,0,
https://openalex.org/w2170054892,https://doi.org/10.1016/j.jcis.2012.01.009,https://pubmed.ncbi.nlm.nih.gov/22289256,,0,
https://openalex.org/w2409347634,,https://pubmed.ncbi.nlm.nih.gov/7568716,,0,
https://openalex.org/w68613434,,https://pubmed.ncbi.nlm.nih.gov/9823080,,0,
https://openalex.org/w2337976186,,https://pubmed.ncbi.nlm.nih.gov/11445917,,0,
https://openalex.org/w2117629166,https://doi.org/10.1016/j.jebdp.2007.03.008,https://pubmed.ncbi.nlm.nih.gov/17599659,056-651-169-351-748,0,
https://openalex.org/w2025339086,https://doi.org/10.1016/j.tiv.2010.04.003,https://pubmed.ncbi.nlm.nih.gov/20403423,,0,
https://openalex.org/w2078023924,https://doi.org/10.1016/j.chroma.2013.04.076,https://pubmed.ncbi.nlm.nih.gov/23726080,,0,
https://openalex.org/w1992676879,https://doi.org/10.1542/peds.2012-1380,https://pubmed.ncbi.nlm.nih.gov/23420909,004-740-681-250-573,0,
https://openalex.org/w2068719141,https://doi.org/10.1016/j.fct.2012.06.029,https://pubmed.ncbi.nlm.nih.gov/22735500,,0,
https://openalex.org/w1482899759,https://doi.org/10.1111/j.1471-4159.2010.06847.x,https://pubmed.ncbi.nlm.nih.gov/20534002,127-295-156-980-014,0,
https://openalex.org/w1993681113,https://doi.org/10.1007/s12010-012-9990-3,https://pubmed.ncbi.nlm.nih.gov/23239411,,0,
https://openalex.org/w1979222662,https://doi.org/10.1016/j.tox.2008.04.002,https://pubmed.ncbi.nlm.nih.gov/18508178,,0,
https://openalex.org/w2107756973,https://doi.org/10.1039/b103515k,https://pubmed.ncbi.nlm.nih.gov/11827404,017-874-552-915-220,0,
https://openalex.org/w2130475446,https://doi.org/10.1016/j.fertnstert.2011.06.063,https://pubmed.ncbi.nlm.nih.gov/21813122,156-498-337-024-373,0,
https://openalex.org/w1992333064,https://doi.org/10.1016/j.chroma.2011.11.065,https://pubmed.ncbi.nlm.nih.gov/22197256,,0,
https://openalex.org/w2108871606,https://doi.org/10.1007/s10646-012-0984-2,https://pubmed.ncbi.nlm.nih.gov/22868905,,0,
https://openalex.org/w1977493981,https://doi.org/10.1016/s0889-5406(95)70102-8,https://pubmed.ncbi.nlm.nih.gov/7771364,067-838-729-706-260,0,
https://openalex.org/w2009825221,https://doi.org/10.14219/jada.archive.2004.0209,https://pubmed.ncbi.nlm.nih.gov/15127867,100-364-545-319-365,0,
https://openalex.org/w2126038647,https://doi.org/10.1007/s00204-004-0543-6,https://pubmed.ncbi.nlm.nih.gov/15114436,,0,
https://openalex.org/w1985436716,https://doi.org/10.1093/ortho/30.2.155,https://pubmed.ncbi.nlm.nih.gov/12835432,000-510-235-620-352,0,
https://openalex.org/w2184394225,https://doi.org/10.1043/0003-3219(1999)069<0276:ooapfr>2.3.co;2,https://pubmed.ncbi.nlm.nih.gov/10371435,,0,
https://openalex.org/w2039253650,https://doi.org/10.1016/j.prosdent.2007.01.008,https://pubmed.ncbi.nlm.nih.gov/17394915,,0,
https://openalex.org/w2050038430,https://doi.org/10.1163/156856207782246849,https://pubmed.ncbi.nlm.nih.gov/17961327,017-842-950-307-355,0,
https://openalex.org/w100674932,,https://pubmed.ncbi.nlm.nih.gov/23771068,,0,
https://openalex.org/w1973749537,https://doi.org/10.1016/j.jhazmat.2007.11.016,https://pubmed.ncbi.nlm.nih.gov/18082947,,0,
https://openalex.org/w2007293864,https://doi.org/10.1016/0002-9416(85)90176-9,https://pubmed.ncbi.nlm.nih.gov/3155593,,0,
https://openalex.org/w1989046847,https://doi.org/10.1016/j.saa.2009.12.071,https://pubmed.ncbi.nlm.nih.gov/20093070,,0,
https://openalex.org/w2416722255,,https://pubmed.ncbi.nlm.nih.gov/11949798,,0,
https://openalex.org/w1998728074,https://doi.org/10.1016/j.dental.2003.10.015,https://pubmed.ncbi.nlm.nih.gov/15451239,,0,
https://openalex.org/w1984661819,https://doi.org/10.1016/j.aquatox.2006.02.026,https://pubmed.ncbi.nlm.nih.gov/16621060,,0,
https://openalex.org/w2074085171,https://doi.org/10.1007/s00216-011-5237-3,https://pubmed.ncbi.nlm.nih.gov/21773735,,0,
https://openalex.org/w2057048535,https://doi.org/10.1016/j.cbi.2004.01.005,https://pubmed.ncbi.nlm.nih.gov/15135083,,0,
https://openalex.org/w2071614738,https://doi.org/10.1111/j.1600-0536.2009.01574.x,https://pubmed.ncbi.nlm.nih.gov/19659960,050-422-161-594-465,0,
https://openalex.org/w2119563950,https://doi.org/10.1177/00220345940730080901,https://pubmed.ncbi.nlm.nih.gov/8083442,029-326-622-014-275,0,
https://openalex.org/w2297430265,https://doi.org/10.1093/jaoac/83.2.290,https://pubmed.ncbi.nlm.nih.gov/10772166,033-809-167-606-543,0,
https://openalex.org/w2127064392,https://doi.org/10.1111/j.1365-2605.2009.01024.x,https://pubmed.ncbi.nlm.nih.gov/20070410,113-199-272-699-774,0,
https://openalex.org/w2003453405,https://doi.org/10.1016/j.chroma.2003.09.035,https://pubmed.ncbi.nlm.nih.gov/14753785,,0,
https://openalex.org/w2142878254,https://doi.org/10.1016/j.scitotenv.2008.02.021,https://pubmed.ncbi.nlm.nih.gov/18433838,,0,
https://openalex.org/w2416921499,,https://pubmed.ncbi.nlm.nih.gov/8603173,,0,
https://openalex.org/w2035742278,https://doi.org/10.1016/j.talanta.2013.01.012,https://pubmed.ncbi.nlm.nih.gov/23598214,,0,
https://openalex.org/w2078322972,https://doi.org/10.1111/j.1365-2842.1994.tb01158.x,https://pubmed.ncbi.nlm.nih.gov/7965355,026-494-725-464-571,0,
https://openalex.org/w2092579950,https://doi.org/10.1016/j.jcis.2008.06.012,https://pubmed.ncbi.nlm.nih.gov/18571192,,0,
https://openalex.org/w1965881330,https://doi.org/10.1897/05-689r1.1,https://pubmed.ncbi.nlm.nih.gov/17713216,079-237-086-242-483,0,
https://openalex.org/w2070238395,https://doi.org/10.1016/j.msec.2012.12.043,https://pubmed.ncbi.nlm.nih.gov/23827588,,0,
https://openalex.org/w2072661190,https://doi.org/10.1039/b604149c,https://pubmed.ncbi.nlm.nih.gov/16826288,024-830-343-497-914,0,
https://openalex.org/w1972966159,https://doi.org/10.1016/j.mce.2005.01.016,https://pubmed.ncbi.nlm.nih.gov/16223563,,0,
https://openalex.org/w2088784445,https://doi.org/10.1897/02-622,https://pubmed.ncbi.nlm.nih.gov/14713045,031-442-473-346-451,0,
https://openalex.org/w1979583490,https://doi.org/10.1016/j.fertnstert.2008.01.060,https://pubmed.ncbi.nlm.nih.gov/18308073,,0,
https://openalex.org/w2133979346,https://doi.org/10.1007/s10661-008-0639-1,https://pubmed.ncbi.nlm.nih.gov/19107565,,0,
https://openalex.org/w2010020384,https://doi.org/10.1016/j.regpep.2004.05.010,https://pubmed.ncbi.nlm.nih.gov/15518916,,0,
https://openalex.org/w2067394445,https://doi.org/10.1016/s0378-4274(01)00291-0,https://pubmed.ncbi.nlm.nih.gov/11323170,,0,
https://openalex.org/w2106856904,https://doi.org/10.1590/s1806-83242010000200012,https://pubmed.ncbi.nlm.nih.gov/20658039,011-881-492-270-586,0,
https://openalex.org/w1995652521,https://doi.org/10.1271/bbb.110967,https://pubmed.ncbi.nlm.nih.gov/22738977,047-137-258-100-870,0,
https://openalex.org/w1987897141,https://doi.org/10.4012/dmj.25.437,https://pubmed.ncbi.nlm.nih.gov/17076312,117-059-552-698-902,0,
https://openalex.org/w1967221448,https://doi.org/10.1007/s0021653530278,https://pubmed.ncbi.nlm.nih.gov/15048482,,0,
https://openalex.org/w1965528717,https://doi.org/10.2310/6130.2006.00009,https://pubmed.ncbi.nlm.nih.gov/16426509,084-999-432-084-484,0,
https://openalex.org/w2054975403,https://doi.org/10.1289/ehp.113-1280432,https://pubmed.ncbi.nlm.nih.gov/16140606,035-684-238-456-172,0,
https://openalex.org/w2049863679,https://doi.org/10.1016/j.actbio.2010.02.022,https://pubmed.ncbi.nlm.nih.gov/20170761,,0,
https://openalex.org/w183112332,,https://pubmed.ncbi.nlm.nih.gov/2975403,,0,
https://openalex.org/w2048657217,https://doi.org/10.1021/es9028292,https://pubmed.ncbi.nlm.nih.gov/20030380,036-264-814-423-738,0,
https://openalex.org/w1998869546,https://doi.org/10.1074/jbc.m309451200,https://pubmed.ncbi.nlm.nih.gov/14593122,016-854-286-957-094,0,
https://openalex.org/w2415442576,,https://pubmed.ncbi.nlm.nih.gov/18481578,,0,
https://openalex.org/w1970505374,https://doi.org/10.1016/j.chemosphere.2006.01.015,https://pubmed.ncbi.nlm.nih.gov/16481024,,0,
https://openalex.org/w2019046564,https://doi.org/10.1021/jp711080h,https://pubmed.ncbi.nlm.nih.gov/18341328,114-129-685-305-174,0,
https://openalex.org/w1993210636,https://doi.org/10.1021/es0101227,https://pubmed.ncbi.nlm.nih.gov/11993873,021-699-126-833-096,0,
https://openalex.org/w2125581814,https://doi.org/10.3109/02770903.2012.721041,https://pubmed.ncbi.nlm.nih.gov/22957848,101-950-720-611-346,0,
https://openalex.org/w1993744150,https://doi.org/10.1016/j.mce.2006.04.033,https://pubmed.ncbi.nlm.nih.gov/16781053,,0,
https://openalex.org/w2005135465,https://doi.org/10.1016/j.cbi.2013.03.013,https://pubmed.ncbi.nlm.nih.gov/23562765,009-295-963-423-259,0,
https://openalex.org/w2079705596,https://doi.org/10.1016/s0889-5406(05)81598-7,https://pubmed.ncbi.nlm.nih.gov/2144942,086-396-134-290-335,0,
https://openalex.org/w2045064972,https://doi.org/10.1016/j.tiv.2010.10.010,https://pubmed.ncbi.nlm.nih.gov/21034807,,0,
https://openalex.org/w4240888785,https://doi.org/10.1038/sj.bdj.2009.176,https://pubmed.ncbi.nlm.nih.gov/19287404,,0,
https://openalex.org/w2024433968,https://doi.org/10.1016/s0022-3913(99)80016-x,https://pubmed.ncbi.nlm.nih.gov/10095219,,0,
https://openalex.org/w2019140060,https://doi.org/10.1016/j.jdent.2013.02.008,https://pubmed.ncbi.nlm.nih.gov/23454331,,0,
https://openalex.org/w2017288095,https://doi.org/10.1046/j.1365-2842.1998.00226.x,https://pubmed.ncbi.nlm.nih.gov/9578222,026-559-847-291-511,0,
https://openalex.org/w2050892441,https://doi.org/10.1001/2012.jama.11461,https://pubmed.ncbi.nlm.nih.gov/22990270,051-205-898-655-969,0,
https://openalex.org/w172302375,,https://pubmed.ncbi.nlm.nih.gov/15779317,,0,
https://openalex.org/w1486244460,https://doi.org/10.1016/s0021-9258(17)37287-3,https://pubmed.ncbi.nlm.nih.gov/8125948,019-245-995-933-728,0,
https://openalex.org/w2410207624,,https://pubmed.ncbi.nlm.nih.gov/2977950,,0,
https://openalex.org/w2343164215,,https://pubmed.ncbi.nlm.nih.gov/7546479,,0,
https://openalex.org/w1986012379,https://doi.org/10.1210/en.2008-1503,https://pubmed.ncbi.nlm.nih.gov/19228888,104-785-290-501-683,0,
https://openalex.org/w2068557991,https://doi.org/10.1016/s0109-5641(00)00084-1,https://pubmed.ncbi.nlm.nih.gov/11445203,,0,
https://openalex.org/w2122454675,https://doi.org/10.1016/s0022-3913(96)90245-0,https://pubmed.ncbi.nlm.nih.gov/8725835,,0,
https://openalex.org/w1994413221,https://doi.org/10.1016/j.reprotox.2010.07.005,https://pubmed.ncbi.nlm.nih.gov/20656017,021-437-073-798-310,0,
https://openalex.org/w2064854818,https://doi.org/10.1073/pnas.0806139105,https://pubmed.ncbi.nlm.nih.gov/18768812,167-362-684-112-294,0,
https://openalex.org/w2032629294,https://doi.org/10.14219/jada.archive.1997.0091,https://pubmed.ncbi.nlm.nih.gov/9368436,023-230-355-972-983,0,
https://openalex.org/w2035452566,https://doi.org/10.1111/j.1600-0536.1987.tb02623.x,https://pubmed.ncbi.nlm.nih.gov/2949936,,0,
https://openalex.org/w2058927714,https://doi.org/10.1016/j.envpol.2008.02.007,https://pubmed.ncbi.nlm.nih.gov/18359135,,0,
https://openalex.org/w2096209528,https://doi.org/10.1098/rstb.2008.0208,https://pubmed.ncbi.nlm.nih.gov/19528056,117-907-267-330-227,0,
https://openalex.org/w2050288646,https://doi.org/10.3109/14756366.2010.546794,https://pubmed.ncbi.nlm.nih.gov/21250820,055-583-745-621-307,0,
https://openalex.org/w1991626426,https://doi.org/10.1016/j.reprotox.2007.06.007,https://pubmed.ncbi.nlm.nih.gov/17689919,,0,
https://openalex.org/w1981163594,https://doi.org/10.1016/j.watres.2006.08.019,https://pubmed.ncbi.nlm.nih.gov/17028063,,0,
https://openalex.org/w2035530211,https://doi.org/10.1016/j.dental.2007.12.002,https://pubmed.ncbi.nlm.nih.gov/18258295,,0,
https://openalex.org/w2076458138,https://doi.org/10.1080/02652030500163674,https://pubmed.ncbi.nlm.nih.gov/16192075,026-658-348-702-746,0,
https://openalex.org/w2050546718,https://doi.org/10.1111/j.1365-2605.2009.01014.x,https://pubmed.ncbi.nlm.nih.gov/20002217,047-853-986-516-943,0,
https://openalex.org/w2099018438,https://doi.org/10.1016/j.dental.2005.04.028,https://pubmed.ncbi.nlm.nih.gov/16087226,,0,
https://openalex.org/w2408213350,,https://pubmed.ncbi.nlm.nih.gov/15301208,,0,
https://openalex.org/w2422180707,,https://pubmed.ncbi.nlm.nih.gov/17683675,,0,
https://openalex.org/w2074522545,https://doi.org/10.1016/j.dental.2009.06.013,https://pubmed.ncbi.nlm.nih.gov/19656555,,0,
https://openalex.org/w1966215085,https://doi.org/10.1016/j.neulet.2007.02.093,https://pubmed.ncbi.nlm.nih.gov/17532137,,0,
https://openalex.org/w2137711105,https://doi.org/10.1093/toxsci/60.2.296,https://pubmed.ncbi.nlm.nih.gov/11248142,027-360-280-465-813,0,
https://openalex.org/w2009153632,https://doi.org/10.1016/j.toxlet.2011.12.004,https://pubmed.ncbi.nlm.nih.gov/22197706,,0,
https://openalex.org/w1964730143,https://doi.org/10.1111/j.1365-2842.1996.tb00814.x,https://pubmed.ncbi.nlm.nih.gov/8850164,006-407-062-325-365,0,
https://openalex.org/w2418924263,,https://pubmed.ncbi.nlm.nih.gov/15088725,,0,
https://openalex.org/w2469312478,,https://pubmed.ncbi.nlm.nih.gov/8008819,,0,
https://openalex.org/w2147625146,https://doi.org/10.1093/toxsci/kfj087,https://pubmed.ncbi.nlm.nih.gov/16381660,009-203-655-438-175,0,
https://openalex.org/w2405221078,,https://pubmed.ncbi.nlm.nih.gov/15853109,,0,
https://openalex.org/w2051051887,https://doi.org/10.1097/00003086-199703000-00035,https://pubmed.ncbi.nlm.nih.gov/9060513,053-198-630-632-264,0,
https://openalex.org/w2049352153,https://doi.org/10.1159/000295663,https://pubmed.ncbi.nlm.nih.gov/20224285,029-239-874-998-105,0,
https://openalex.org/w2110931525,https://doi.org/10.1080/15226514.2012.716096,https://pubmed.ncbi.nlm.nih.gov/23488169,155-543-077-076-09X,0,
https://openalex.org/w2403919915,https://doi.org/10.1016/s0022-3913(99)70173-3,https://pubmed.ncbi.nlm.nih.gov/10356564,,0,
https://openalex.org/w325474241,,https://pubmed.ncbi.nlm.nih.gov/20842078,,0,
https://openalex.org/w2407478285,,https://pubmed.ncbi.nlm.nih.gov/12242836,,0,
https://openalex.org/w2150600256,https://doi.org/10.1111/j.1365-2133.2006.07159.x,https://pubmed.ncbi.nlm.nih.gov/16536809,082-164-618-061-418,0,
https://openalex.org/w2443786333,,https://pubmed.ncbi.nlm.nih.gov/2978001,,0,
https://openalex.org/w1997621493,https://doi.org/10.1016/0047-0740(84)90031-7,https://pubmed.ncbi.nlm.nih.gov/6547410,,0,
https://openalex.org/w2381447560,,https://pubmed.ncbi.nlm.nih.gov/19662842,,0,
https://openalex.org/w2090047145,https://doi.org/10.1016/j.mce.2009.02.023,https://pubmed.ncbi.nlm.nih.gov/19433248,017-518-082-170-39X,0,
https://openalex.org/w2153419070,https://doi.org/10.1093/molehr/gah179,https://pubmed.ncbi.nlm.nih.gov/15879462,005-713-876-486-861,0,
https://openalex.org/w2183399532,,https://pubmed.ncbi.nlm.nih.gov/22257879,,0,
https://openalex.org/w2040962843,https://doi.org/10.1016/j.chemosphere.2003.10.028,https://pubmed.ncbi.nlm.nih.gov/14761691,,0,
https://openalex.org/w1994129885,https://doi.org/10.1016/0278-6915(88)90232-3,https://pubmed.ncbi.nlm.nih.gov/2972595,,0,
https://openalex.org/w53602082,,https://pubmed.ncbi.nlm.nih.gov/12022463,,0,
https://openalex.org/w21892668,,https://pubmed.ncbi.nlm.nih.gov/21874931,,0,
https://openalex.org/w1989218284,https://doi.org/10.2131/jts.37.879,https://pubmed.ncbi.nlm.nih.gov/23037998,010-362-828-514-070,0,
https://openalex.org/w2017113976,https://doi.org/10.1080/10934529.2012.707535,https://pubmed.ncbi.nlm.nih.gov/22934990,000-297-795-977-544,0,
https://openalex.org/w2015363651,https://doi.org/10.1016/j.toxlet.2010.01.011,https://pubmed.ncbi.nlm.nih.gov/20096755,,0,
https://openalex.org/w2400640560,,https://pubmed.ncbi.nlm.nih.gov/8714847,,0,
https://openalex.org/w1968179768,https://doi.org/10.1073/pnas.1214056110,https://pubmed.ncbi.nlm.nih.gov/23716699,055-814-217-550-969,0,
https://openalex.org/w2000260146,https://doi.org/10.1371/journal.pone.0025455,https://pubmed.ncbi.nlm.nih.gov/21980463,002-871-535-153-262,0,
https://openalex.org/w2070374246,https://doi.org/10.1007/s00204-010-0593-x,https://pubmed.ncbi.nlm.nih.gov/20878393,003-870-323-753-954,0,
https://openalex.org/w2091615419,https://doi.org/10.1016/s0045-6535(00)00507-5,https://pubmed.ncbi.nlm.nih.gov/11513431,,0,
https://openalex.org/w2071696554,https://doi.org/10.1203/pdr.0b013e3180674dae,https://pubmed.ncbi.nlm.nih.gov/17515845,007-922-684-053-571,0,
https://openalex.org/w2154780672,https://doi.org/10.1016/j.dental.2009.05.008,https://pubmed.ncbi.nlm.nih.gov/19570568,,0,
https://openalex.org/w1978168376,https://doi.org/10.1016/j.chroma.2004.11.009,https://pubmed.ncbi.nlm.nih.gov/15679156,,0,
https://openalex.org/w2051074661,https://doi.org/10.1016/s0167-4838(01)00275-8,https://pubmed.ncbi.nlm.nih.gov/11738092,024-456-269-449-617,0,
https://openalex.org/w1604326045,https://doi.org/10.1007/s00216-003-2228-z,https://pubmed.ncbi.nlm.nih.gov/14564440,028-454-340-597-118,0,
https://openalex.org/w2144618094,https://doi.org/10.14219/jada.archive.2012.0090,https://pubmed.ncbi.nlm.nih.gov/23204083,026-005-965-984-429,0,
https://openalex.org/w2035821896,https://doi.org/10.1016/s0045-6535(01)00198-9,https://pubmed.ncbi.nlm.nih.gov/11951989,,0,
https://openalex.org/w2112682536,https://doi.org/10.1590/s2176-94512013000300020,https://pubmed.ncbi.nlm.nih.gov/24094022,079-778-886-742-285,0,
https://openalex.org/w133950833,,https://pubmed.ncbi.nlm.nih.gov/21668279,,0,
https://openalex.org/w2120327088,https://doi.org/10.1111/j.1834-7819.2007.tb00478.x,https://pubmed.ncbi.nlm.nih.gov/17687960,094-782-599-199-529,0,
https://openalex.org/w1975204728,https://doi.org/10.1289/ehp.8002,https://pubmed.ncbi.nlm.nih.gov/16079065,040-950-089-471-263,0,
https://openalex.org/w2154626110,https://doi.org/10.1016/j.watres.2010.07.057,https://pubmed.ncbi.nlm.nih.gov/20797757,,0,
https://openalex.org/w2067275373,https://doi.org/10.1021/ac0263566,https://pubmed.ncbi.nlm.nih.gov/12919000,016-893-458-140-69X,0,
https://openalex.org/w2033432551,https://doi.org/10.1016/j.chemosphere.2005.02.027,https://pubmed.ncbi.nlm.nih.gov/16202807,,0,
https://openalex.org/w2023503340,https://doi.org/10.1016/j.chemosphere.2012.01.002,https://pubmed.ncbi.nlm.nih.gov/22277880,,0,
https://openalex.org/w2024217676,https://doi.org/10.1093/ortho/25.2.123,https://pubmed.ncbi.nlm.nih.gov/9668995,018-036-641-221-259,0,
https://openalex.org/w2083889587,https://doi.org/10.1016/s0142-9612(97)00137-3,https://pubmed.ncbi.nlm.nih.gov/9645563,,0,
https://openalex.org/w2000463336,https://doi.org/10.1177/154405910408300104,https://pubmed.ncbi.nlm.nih.gov/14691107,004-031-022-663-639,0,
https://openalex.org/w1993960430,https://doi.org/10.1016/j.ajodo.2003.10.042,https://pubmed.ncbi.nlm.nih.gov/15592218,063-669-235-087-527,0,
https://openalex.org/w2014802922,https://doi.org/10.1016/0926-2040(92)90017-4,https://pubmed.ncbi.nlm.nih.gov/1365717,,0,
https://openalex.org/w2473211987,,https://pubmed.ncbi.nlm.nih.gov/19306584,,0,
https://openalex.org/w2430701407,,https://pubmed.ncbi.nlm.nih.gov/1470553,,0,
https://openalex.org/w2462276694,,https://pubmed.ncbi.nlm.nih.gov/12413217,,0,
https://openalex.org/w1975749633,https://doi.org/10.1371/journal.pbio.0050200,https://pubmed.ncbi.nlm.nih.gov/17638419,049-514-743-926-24X,0,
https://openalex.org/w2005926699,https://doi.org/10.1100/tsw.2002.219,https://pubmed.ncbi.nlm.nih.gov/12805966,068-136-821-643-717,0,
https://openalex.org/w2000584704,https://doi.org/10.1007/s11010-011-0989-9,https://pubmed.ncbi.nlm.nih.gov/21769449,,0,
https://openalex.org/w2414095642,,https://pubmed.ncbi.nlm.nih.gov/2946030,,0,
https://openalex.org/w2034311154,https://doi.org/10.1016/j.tox.2011.11.015,https://pubmed.ncbi.nlm.nih.gov/22154984,,0,
https://openalex.org/w2004731345,https://doi.org/10.1016/j.aquatox.2004.10.011,https://pubmed.ncbi.nlm.nih.gov/15642633,,0,
https://openalex.org/w1989454176,https://doi.org/10.1007/s10661-008-0192-y,https://pubmed.ncbi.nlm.nih.gov/18317940,012-415-805-346-536,0,
https://openalex.org/w2009860280,https://doi.org/10.1016/j.actbio.2006.10.001,https://pubmed.ncbi.nlm.nih.gov/17140868,,0,
https://openalex.org/w2015102414,https://doi.org/10.2341/07-155,https://pubmed.ncbi.nlm.nih.gov/19051854,004-053-297-354-576,0,
https://openalex.org/w1978111595,https://doi.org/10.4012/dmj.23.321,https://pubmed.ncbi.nlm.nih.gov/15510860,038-982-874-966-717,0,
https://openalex.org/w2031351198,https://doi.org/10.1021/es303516u,https://pubmed.ncbi.nlm.nih.gov/23025715,015-499-653-861-730,0,
https://openalex.org/w2417472336,,https://pubmed.ncbi.nlm.nih.gov/6239558,,0,
https://openalex.org/w2410487013,,https://pubmed.ncbi.nlm.nih.gov/7546482,,0,
https://openalex.org/w2143122327,https://doi.org/10.1093/humrep/der283,https://pubmed.ncbi.nlm.nih.gov/21868402,010-274-486-154-991,0,
https://openalex.org/w1972577654,https://doi.org/10.1016/j.chemosphere.2010.12.075,https://pubmed.ncbi.nlm.nih.gov/21237483,,0,
https://openalex.org/w18238103,,https://pubmed.ncbi.nlm.nih.gov/17489192,,0,
https://openalex.org/w2095992164,https://doi.org/10.1210/en.2010-0710,https://pubmed.ncbi.nlm.nih.gov/20926581,054-215-154-319-880,0,
https://openalex.org/w2044819518,https://doi.org/10.1016/j.yhbeh.2010.10.001,https://pubmed.ncbi.nlm.nih.gov/21029734,057-830-858-902-197,0,
https://openalex.org/w2415719105,,https://pubmed.ncbi.nlm.nih.gov/12797570,,0,
https://openalex.org/w2042282514,https://doi.org/10.1289/ehp.0901161,https://pubmed.ncbi.nlm.nih.gov/20064783,010-729-012-402-795,0,
https://openalex.org/w2417864399,,https://pubmed.ncbi.nlm.nih.gov/23596724,,0,
https://openalex.org/w1974084799,https://doi.org/10.1016/s0022-3913(98)70004-6,https://pubmed.ncbi.nlm.nih.gov/9791786,,0,
https://openalex.org/w2050125183,https://doi.org/10.1111/j.1754-4505.1990.tb00784.x,https://pubmed.ncbi.nlm.nih.gov/11100226,021-739-943-932-469,0,
https://openalex.org/w2465190188,,https://pubmed.ncbi.nlm.nih.gov/8153005,,0,
https://openalex.org/w2049473993,https://doi.org/10.1016/0022-3913(82)90300-6,https://pubmed.ncbi.nlm.nih.gov/6211543,,0,
https://openalex.org/w1978810861,https://doi.org/10.1016/j.saa.2009.07.021,https://pubmed.ncbi.nlm.nih.gov/19716761,,0,
https://openalex.org/w2421858214,,https://pubmed.ncbi.nlm.nih.gov/2535159,,0,
https://openalex.org/w1989071652,https://doi.org/10.1016/s1570-0232(02)00702-x,https://pubmed.ncbi.nlm.nih.gov/12482483,,0,
https://openalex.org/w2018803319,https://doi.org/10.1016/j.envint.2007.03.014,https://pubmed.ncbi.nlm.nih.gov/17499852,011-388-715-091-878,0,
https://openalex.org/w2028495058,https://doi.org/10.4012/dmj.28.717,https://pubmed.ncbi.nlm.nih.gov/20019423,009-521-115-053-892,0,
https://openalex.org/w2048120481,https://doi.org/10.1016/s0889-5406(02)56938-9,https://pubmed.ncbi.nlm.nih.gov/12750676,028-426-721-828-671,0,
https://openalex.org/w2161406627,https://doi.org/10.1016/j.aca.2009.02.013,https://pubmed.ncbi.nlm.nih.gov/19298875,,0,
https://openalex.org/w2009978655,https://doi.org/10.1289/ehp.01109691,https://pubmed.ncbi.nlm.nih.gov/11485867,008-261-757-669-715,0,
https://openalex.org/w2400945925,,https://pubmed.ncbi.nlm.nih.gov/11921769,,0,
https://openalex.org/w2028172590,https://doi.org/10.1016/0109-5641(93)90049-v,https://pubmed.ncbi.nlm.nih.gov/7995483,,0,
https://openalex.org/w1987464225,https://doi.org/10.1111/j.1708-8240.2009.00297.x,https://pubmed.ncbi.nlm.nih.gov/20002927,014-743-014-300-297,0,
https://openalex.org/w2165380304,https://doi.org/10.5301/ijao.5000164,https://pubmed.ncbi.nlm.nih.gov/23080216,004-011-505-697-114,0,
https://openalex.org/w56579434,,https://pubmed.ncbi.nlm.nih.gov/12528833,,0,
https://openalex.org/w2411076846,,https://pubmed.ncbi.nlm.nih.gov/2146007,,0,
https://openalex.org/w2312942397,https://doi.org/10.1179/bjo.21.2.133,https://pubmed.ncbi.nlm.nih.gov/8043561,010-500-559-818-924,0,
https://openalex.org/w2014973877,https://doi.org/10.1016/j.jdent.2012.05.012,https://pubmed.ncbi.nlm.nih.gov/22722058,,0,
https://openalex.org/w2123561733,https://doi.org/10.1016/j.ecoenv.2009.02.005,https://pubmed.ncbi.nlm.nih.gov/19327838,002-999-028-849-76X,0,
https://openalex.org/w2068630231,https://doi.org/10.1289/ehp.1001993,https://pubmed.ncbi.nlm.nih.gov/20488778,040-662-312-554-904,1,
https://openalex.org/w2163044427,https://doi.org/10.1093/toxsci/kft026,https://pubmed.ncbi.nlm.nih.gov/23418087,013-805-520-743-239,1,
https://openalex.org/w2090512560,https://doi.org/10.4012/dmj.19.139,https://pubmed.ncbi.nlm.nih.gov/11219095,125-408-286-972-093,0,
https://openalex.org/w2004120745,https://doi.org/10.1016/j.marpolbul.2007.10.003,https://pubmed.ncbi.nlm.nih.gov/18062996,,0,
https://openalex.org/w1996198847,https://doi.org/10.1016/j.biortech.2009.02.052,https://pubmed.ncbi.nlm.nih.gov/19329308,,0,
https://openalex.org/w1966624855,https://doi.org/10.1038/nrendo.2010.48,https://pubmed.ncbi.nlm.nih.gov/20414313,,0,
https://openalex.org/w2041101473,https://doi.org/10.1515/hmbci.2010.075,https://pubmed.ncbi.nlm.nih.gov/21687816,014-597-357-475-897,0,
https://openalex.org/w2033639727,https://doi.org/10.1262/jrd.17012,https://pubmed.ncbi.nlm.nih.gov/15947454,057-923-545-217-01X,0,
https://openalex.org/w2408382482,,https://pubmed.ncbi.nlm.nih.gov/6225317,,0,
https://openalex.org/w2107660405,https://doi.org/10.1095/biolreprod.112.100826,https://pubmed.ncbi.nlm.nih.gov/22572997,089-201-107-566-400,0,
https://openalex.org/w2006175791,https://doi.org/10.1016/s0013-9351(03)00062-8,https://pubmed.ncbi.nlm.nih.gov/12865045,,0,
https://openalex.org/w2010773125,https://doi.org/10.1001/archderm.1979.04010110013015,https://pubmed.ncbi.nlm.nih.gov/159670,059-906-427-818-71X,0,
https://openalex.org/w2034441256,https://doi.org/10.1016/j.chemosphere.2008.09.053,https://pubmed.ncbi.nlm.nih.gov/18990428,,0,
https://openalex.org/w2126270069,https://doi.org/10.1095/biolreprod.110.088260,https://pubmed.ncbi.nlm.nih.gov/20864646,,0,
https://openalex.org/w183555785,,https://pubmed.ncbi.nlm.nih.gov/1839934,,0,
https://openalex.org/w2462921160,,https://pubmed.ncbi.nlm.nih.gov/2933230,,0,
https://openalex.org/w2023785642,https://doi.org/10.4012/dmj.2010-004,https://pubmed.ncbi.nlm.nih.gov/21099159,120-611-021-396-467,0,
https://openalex.org/w1987064317,https://doi.org/10.1002/jbm.b.20041,https://pubmed.ncbi.nlm.nih.gov/15015214,047-122-159-653-582,0,
https://openalex.org/w2046357369,https://doi.org/10.1016/0022-3913(89)90011-5,https://pubmed.ncbi.nlm.nih.gov/2542536,,0,
https://openalex.org/w2070916082,https://doi.org/10.2131/jts.37.431,https://pubmed.ncbi.nlm.nih.gov/22467034,109-524-578-505-903,0,
https://openalex.org/w2113622006,https://doi.org/10.1111/j.1834-7819.1993.tb05468.x,https://pubmed.ncbi.nlm.nih.gov/8494517,030-093-716-352-356,0,
https://openalex.org/w2096101474,,https://pubmed.ncbi.nlm.nih.gov/19226967,,0,
https://openalex.org/w2168428777,https://doi.org/10.1093/toxsci/kfq056,https://pubmed.ncbi.nlm.nih.gov/20176621,036-780-708-580-087,0,
https://openalex.org/w2416406652,,https://pubmed.ncbi.nlm.nih.gov/2951509,,0,
https://openalex.org/w2069532172,https://doi.org/10.1007/s00216-009-2639-6,https://pubmed.ncbi.nlm.nih.gov/19214485,,0,
https://openalex.org/w2051656824,https://doi.org/10.1016/j.gene.2011.01.009,https://pubmed.ncbi.nlm.nih.gov/21256200,019-429-394-175-702,0,
https://openalex.org/w1985636914,https://doi.org/10.1289/ehp.0900887,https://pubmed.ncbi.nlm.nih.gov/20049113,076-016-314-908-630,0,
https://openalex.org/w2029263900,https://doi.org/10.1016/j.jhazmat.2010.02.083,https://pubmed.ncbi.nlm.nih.gov/20347520,,0,
https://openalex.org/w2015179490,https://doi.org/10.1016/s0021-9673(00)00418-0,https://pubmed.ncbi.nlm.nih.gov/10910222,,0,
https://openalex.org/w2096864314,https://doi.org/10.1007/s002440010157,https://pubmed.ncbi.nlm.nih.gov/11243315,,0,
https://openalex.org/w26971125,https://doi.org/10.1016/j.jad.2016.02.054,https://pubmed.ncbi.nlm.nih.gov/17243599,,0,
https://openalex.org/w141584577,,https://pubmed.ncbi.nlm.nih.gov/20806995,,0,
https://openalex.org/w1479850179,https://doi.org/10.1111/j.1365-263x.2011.01218.x,https://pubmed.ncbi.nlm.nih.gov/22276649,074-594-777-365-822,0,
https://openalex.org/w2011467689,https://doi.org/10.1016/s1734-1140(13)71524-x,https://pubmed.ncbi.nlm.nih.gov/24553011,,0,
https://openalex.org/w2009406040,https://doi.org/10.1016/j.ajodo.2012.02.025,https://pubmed.ncbi.nlm.nih.gov/22748992,071-739-192-781-973,0,
https://openalex.org/w1977772889,https://doi.org/10.1016/j.actbio.2009.01.030,https://pubmed.ncbi.nlm.nih.gov/19249263,,0,
https://openalex.org/w2033210145,https://doi.org/10.1163/156856299x00063,https://pubmed.ncbi.nlm.nih.gov/10673021,011-151-671-245-533,0,
https://openalex.org/w2087725525,https://doi.org/10.1006/taap.1999.8674,https://pubmed.ncbi.nlm.nih.gov/10373400,,0,
https://openalex.org/w2158730776,https://doi.org/10.1111/j.1365-2842.1990.tb01419.x,https://pubmed.ncbi.nlm.nih.gov/2146373,021-658-215-486-54X,0,
https://openalex.org/w2053085009,https://doi.org/10.1038/sj.bjp.0705166,https://pubmed.ncbi.nlm.nih.gov/12711627,080-248-071-336-523,0,
https://openalex.org/w2413982004,,https://pubmed.ncbi.nlm.nih.gov/15536852,,0,
https://openalex.org/w2004844291,https://doi.org/10.1007/s00586-003-0664-2,https://pubmed.ncbi.nlm.nih.gov/15931511,,0,
https://openalex.org/w2003129406,https://doi.org/10.1016/j.chemosphere.2012.09.090,https://pubmed.ncbi.nlm.nih.gov/23153776,,0,
https://openalex.org/w2093987663,https://doi.org/10.1016/s0166-445x(01)00154-0,https://pubmed.ncbi.nlm.nih.gov/11792437,,0,
https://openalex.org/w2063331049,https://doi.org/10.1016/j.tox.2004.06.042,https://pubmed.ncbi.nlm.nih.gov/15458795,,0,
https://openalex.org/w2330784002,https://doi.org/10.4012/dmj.14.78,https://pubmed.ncbi.nlm.nih.gov/8940548,145-544-819-701-133,0,
https://openalex.org/w102490280,https://doi.org/10.1289/ehp.118-a116a,https://pubmed.ncbi.nlm.nih.gov/20194075,038-746-567-661-302,0,
https://openalex.org/w2074604280,https://doi.org/10.1002/(sici)1097-4636(1999)48:1<5::aid-jbm2>3.0.co;2-u,https://pubmed.ncbi.nlm.nih.gov/10029142,063-480-881-013-136,0,
https://openalex.org/w2180190204,https://doi.org/10.1007/bf02577543,https://pubmed.ncbi.nlm.nih.gov/11513082,,0,
https://openalex.org/w2052933902,https://doi.org/10.3109/00016358909007699,https://pubmed.ncbi.nlm.nih.gov/2526988,084-732-662-008-425,0,
https://openalex.org/w2334199758,https://doi.org/10.2166/wst.2012.453,https://pubmed.ncbi.nlm.nih.gov/22949252,043-465-442-016-561,0,
https://openalex.org/w2100859526,https://doi.org/10.1177/00220345870660060701,https://pubmed.ncbi.nlm.nih.gov/2957401,010-388-998-310-586,0,
https://openalex.org/w2121546858,https://doi.org/10.2341/08-38,https://pubmed.ncbi.nlm.nih.gov/19192839,048-157-955-559-745,0,
https://openalex.org/w2008864681,https://doi.org/10.1016/j.aca.2006.12.026,https://pubmed.ncbi.nlm.nih.gov/17386657,,0,
https://openalex.org/w2141417724,https://doi.org/10.2486/indhealth.43.685,https://pubmed.ncbi.nlm.nih.gov/16294924,010-907-247-952-053,0,
https://openalex.org/w2049574559,https://doi.org/10.1016/j.arth.2009.03.027,https://pubmed.ncbi.nlm.nih.gov/19577888,,0,
https://openalex.org/w2169918286,https://doi.org/10.2478/10004-1254-62-2011-2176,https://pubmed.ncbi.nlm.nih.gov/22202472,,0,
https://openalex.org/w2065270681,https://doi.org/10.1080/09593330.2012.760654,https://pubmed.ncbi.nlm.nih.gov/24191495,012-259-698-115-748,0,
https://openalex.org/w2169616521,https://doi.org/10.1016/j.dental.2008.02.008,https://pubmed.ncbi.nlm.nih.gov/18378293,,0,
https://openalex.org/w2410618942,,https://pubmed.ncbi.nlm.nih.gov/7938431,,0,
https://openalex.org/w2470817719,,https://pubmed.ncbi.nlm.nih.gov/16335042,,0,
https://openalex.org/w2083310900,https://doi.org/10.1021/ac050390d,https://pubmed.ncbi.nlm.nih.gov/16097788,033-411-971-943-452,0,
https://openalex.org/w2414334806,,https://pubmed.ncbi.nlm.nih.gov/15750583,,0,
https://openalex.org/w2028294997,https://doi.org/10.1007/s00244-008-9158-x,https://pubmed.ncbi.nlm.nih.gov/18368434,,0,
https://openalex.org/w2054495135,https://doi.org/10.1067/mpr.2002.128175,https://pubmed.ncbi.nlm.nih.gov/12447212,,0,
https://openalex.org/w2315304697,https://doi.org/10.1021/am201336n,https://pubmed.ncbi.nlm.nih.gov/22148634,064-591-798-325-217,0,
https://openalex.org/w1964459762,https://doi.org/10.1289/ehp.10716,https://pubmed.ncbi.nlm.nih.gov/19057693,053-182-779-582-983,0,
https://openalex.org/w2058886635,https://doi.org/10.2334/josnusd.43.35,https://pubmed.ncbi.nlm.nih.gov/11383634,084-136-040-874-758,0,
https://openalex.org/w2419205956,,https://pubmed.ncbi.nlm.nih.gov/7608367,,0,
https://openalex.org/w1980729898,https://doi.org/10.14219/jada.archive.1996.0061,https://pubmed.ncbi.nlm.nih.gov/8908921,127-438-279-694-451,0,
https://openalex.org/w2137466076,https://doi.org/10.1177/00220345780570013101,https://pubmed.ncbi.nlm.nih.gov/277507,015-875-433-936-987,0,
https://openalex.org/w2092707120,https://doi.org/10.1016/j.reprotox.2013.01.005,https://pubmed.ncbi.nlm.nih.gov/23384967,,0,
https://openalex.org/w2087471622,https://doi.org/10.1080/10937400701873274,https://pubmed.ncbi.nlm.nih.gov/18368551,098-804-167-555-438,0,
https://openalex.org/w2093768949,https://doi.org/10.1016/j.jpurol.2009.05.005,https://pubmed.ncbi.nlm.nih.gov/20022563,,0,
https://openalex.org/w2074096199,https://doi.org/10.1016/j.marenvres.2009.12.002,https://pubmed.ncbi.nlm.nih.gov/20060579,,0,
https://openalex.org/w2407658043,,https://pubmed.ncbi.nlm.nih.gov/12092989,,0,
https://openalex.org/w2335544067,https://doi.org/10.1021/tx200374s,https://pubmed.ncbi.nlm.nih.gov/22201216,039-448-267-914-866,0,
https://openalex.org/w1996914540,https://doi.org/10.1016/0022-3913(85)90418-4,https://pubmed.ncbi.nlm.nih.gov/2931511,,0,
https://openalex.org/w2336348813,,https://pubmed.ncbi.nlm.nih.gov/11203811,,0,
https://openalex.org/w2115334674,https://doi.org/10.1016/j.dental.2003.05.005,https://pubmed.ncbi.nlm.nih.gov/15134939,,0,
https://openalex.org/w2090551584,https://doi.org/10.1166/jnn.2006.531,https://pubmed.ncbi.nlm.nih.gov/17037863,068-853-926-176-440,0,
https://openalex.org/w1997283511,https://doi.org/10.1016/j.biomaterials.2005.04.052,https://pubmed.ncbi.nlm.nih.gov/15949841,,0,
https://openalex.org/w1985829866,https://doi.org/10.1271/bbb.80193,https://pubmed.ncbi.nlm.nih.gov/18685211,032-379-254-309-930,0,
https://openalex.org/w2013764920,https://doi.org/10.14219/jada.archive.1986.0269,https://pubmed.ncbi.nlm.nih.gov/2946739,143-738-967-079-860,0,
https://openalex.org/w2131181893,https://doi.org/10.1177/154405910508400414,https://pubmed.ncbi.nlm.nih.gov/15790745,046-493-793-684-577,0,
https://openalex.org/w2055218883,https://doi.org/10.1161/circulationaha.111.069153,https://pubmed.ncbi.nlm.nih.gov/22354940,079-988-102-545-634,0,
https://openalex.org/w1990924578,https://doi.org/10.1007/s12672-010-0015-9,https://pubmed.ncbi.nlm.nih.gov/21761357,002-388-337-882-253,0,
https://openalex.org/w2052450630,https://doi.org/10.1111/j.1365-2567.2004.01900.x,https://pubmed.ncbi.nlm.nih.gov/15196218,003-250-990-554-919,0,
https://openalex.org/w2160337788,https://doi.org/10.2341/05-94,https://pubmed.ncbi.nlm.nih.gov/17024943,007-134-538-137-243,0,
https://openalex.org/w2053913755,https://doi.org/10.1097/00004770-200009000-00006,https://pubmed.ncbi.nlm.nih.gov/11199790,035-976-319-632-03X,0,
https://openalex.org/w2065227813,https://doi.org/10.1111/j.1365-2842.1981.tb00485.x,https://pubmed.ncbi.nlm.nih.gov/6453213,054-464-560-696-857,0,
https://openalex.org/w2155191428,https://doi.org/10.1210/jc.87.3.1142,https://pubmed.ncbi.nlm.nih.gov/11889178,005-234-016-106-904,0,
https://openalex.org/w2010293548,https://doi.org/10.1067/mod.2001.118103,https://pubmed.ncbi.nlm.nih.gov/11606964,051-645-629-466-51X,0,
https://openalex.org/w1215293806,,https://pubmed.ncbi.nlm.nih.gov/10388380,,0,
https://openalex.org/w2133871929,https://doi.org/10.1093/toxsci/kfm120,https://pubmed.ncbi.nlm.nih.gov/17504770,067-130-780-194-869,0,
https://openalex.org/w2147462150,https://doi.org/10.1093/toxsci/kfi135,https://pubmed.ncbi.nlm.nih.gov/15746009,057-775-363-768-345,0,
https://openalex.org/w2408028119,,https://pubmed.ncbi.nlm.nih.gov/15195736,,0,
https://openalex.org/w1990724206,https://doi.org/10.1016/s0192-0561(99)00054-5,https://pubmed.ncbi.nlm.nih.gov/10606005,,0,
https://openalex.org/w2355897119,,https://pubmed.ncbi.nlm.nih.gov/22452217,,0,
https://openalex.org/w2074271561,https://doi.org/10.1371/journal.pgen.1003401,https://pubmed.ncbi.nlm.nih.gov/23593014,006-459-598-219-282,0,
https://openalex.org/w2003849433,https://doi.org/10.1271/bbb.100823,https://pubmed.ncbi.nlm.nih.gov/21597193,013-585-034-681-763,0,
https://openalex.org/w2418156415,,https://pubmed.ncbi.nlm.nih.gov/1840137,,0,
https://openalex.org/w2307448,,https://pubmed.ncbi.nlm.nih.gov/8700767,,0,
https://openalex.org/w1969340238,https://doi.org/10.1111/j.1600-0536.1995.tb00508.x,https://pubmed.ncbi.nlm.nih.gov/8549151,160-819-318-045-354,0,
https://openalex.org/w2122911416,https://doi.org/10.1016/s0895-3988(10)60076-1,https://pubmed.ncbi.nlm.nih.gov/21112483,,0,
https://openalex.org/w2019232597,https://doi.org/10.1080/02652030400027920,https://pubmed.ncbi.nlm.nih.gov/15895613,121-984-602-459-655,0,
https://openalex.org/w2120493604,https://doi.org/10.1016/s0021-9797(03)00757-4,https://pubmed.ncbi.nlm.nih.gov/14697691,,0,
https://openalex.org/w2161975555,https://doi.org/10.1039/b805983g,https://pubmed.ncbi.nlm.nih.gov/18528544,016-687-251-050-649,0,
https://openalex.org/w2029256770,https://doi.org/10.1016/s0109-5641(99)00071-8,https://pubmed.ncbi.nlm.nih.gov/10863445,,0,
https://openalex.org/w2103951975,https://doi.org/10.1021/jf904160a,https://pubmed.ncbi.nlm.nih.gov/20334396,049-069-929-891-767,0,
https://openalex.org/w2031467473,https://doi.org/10.1016/j.ijheh.2011.10.013,https://pubmed.ncbi.nlm.nih.gov/22172995,,0,
https://openalex.org/w2077511269,https://doi.org/10.1080/02652030400011387,https://pubmed.ncbi.nlm.nih.gov/15712526,052-903-264-936-43X,0,
https://openalex.org/w2167092104,https://doi.org/10.1016/j.jdent.2004.10.007,https://pubmed.ncbi.nlm.nih.gov/15781143,,0,
https://openalex.org/w2411403672,,https://pubmed.ncbi.nlm.nih.gov/6219014,,0,
https://openalex.org/w2057660691,https://doi.org/10.1289/ehp.115-a242,https://pubmed.ncbi.nlm.nih.gov/17520034,047-236-035-776-420,0,
https://openalex.org/w2028121079,https://doi.org/10.1177/154405910308200111,https://pubmed.ncbi.nlm.nih.gov/12508045,109-685-177-287-244,0,
https://openalex.org/w1982630982,https://doi.org/10.1007/s00244-005-1082-8,https://pubmed.ncbi.nlm.nih.gov/16328616,,0,
https://openalex.org/w2410759505,,https://pubmed.ncbi.nlm.nih.gov/11138284,,0,
https://openalex.org/w1995408122,https://doi.org/10.1002/1097-4636(20001215)52:4<812::aid-jbm26>3.0.co;2-y,https://pubmed.ncbi.nlm.nih.gov/11033564,019-425-125-269-366,0,
https://openalex.org/w2087325765,https://doi.org/10.1016/0030-4220(82)90102-5,https://pubmed.ncbi.nlm.nih.gov/6215604,,0,
https://openalex.org/w2082801448,https://doi.org/10.2164/jandrol.110.010413,https://pubmed.ncbi.nlm.nih.gov/20467048,053-027-071-165-172,0,
https://openalex.org/w1986937070,https://doi.org/10.1016/j.aca.2011.01.031,https://pubmed.ncbi.nlm.nih.gov/21338762,,0,
https://openalex.org/w2011910390,https://doi.org/10.7326/0003-4819-155-6-201109200-00005,https://pubmed.ncbi.nlm.nih.gov/21930854,072-383-886-631-904,0,
https://openalex.org/w2097186107,https://doi.org/10.1111/j.1834-7819.1992.tb00829.x,https://pubmed.ncbi.nlm.nih.gov/1533112,123-667-624-717-436,0,
https://openalex.org/w2104296371,https://doi.org/10.1177/0022034510376071,https://pubmed.ncbi.nlm.nih.gov/20660797,036-480-676-515-584,0,
https://openalex.org/w2046694885,https://doi.org/10.1016/j.neuro.2013.05.007,https://pubmed.ncbi.nlm.nih.gov/23701969,001-411-950-016-499,0,
https://openalex.org/w2123266427,https://doi.org/10.1177/00220345920710111701,https://pubmed.ncbi.nlm.nih.gov/1401451,047-350-607-717-274,0,
https://openalex.org/w1999361510,https://doi.org/10.1007/s007840050088,https://pubmed.ncbi.nlm.nih.gov/10803121,,0,
https://openalex.org/w2019920753,https://doi.org/10.1016/s0006-291x(03)00708-3,https://pubmed.ncbi.nlm.nih.gov/12732195,,0,
https://openalex.org/w1975524503,https://doi.org/10.1080/02652030600936375,https://pubmed.ncbi.nlm.nih.gov/17164220,054-320-384-246-239,0,
https://openalex.org/w2053601945,https://doi.org/10.1016/s0166-445x(99)00083-1,https://pubmed.ncbi.nlm.nih.gov/10856602,,0,
https://openalex.org/w2013233100,https://doi.org/10.1097/00005131-200401000-00007,https://pubmed.ncbi.nlm.nih.gov/14676555,051-428-724-709-152,0,
https://openalex.org/w1983619324,https://doi.org/10.1016/s0021-9673(00)00508-2,https://pubmed.ncbi.nlm.nih.gov/10950289,,0,
https://openalex.org/w2169503292,https://doi.org/10.1016/j.dental.2005.04.017,https://pubmed.ncbi.nlm.nih.gov/16098575,,0,
https://openalex.org/w2129035604,https://doi.org/10.1124/dmd.111.043448,https://pubmed.ncbi.nlm.nih.gov/22259019,023-982-211-979-221,0,
https://openalex.org/w1885553031,https://doi.org/10.1177/153537020122600514,https://pubmed.ncbi.nlm.nih.gov/11393178,065-917-450-368-914,0,
https://openalex.org/w2084026465,https://doi.org/10.1289/ehp.97105802,https://pubmed.ncbi.nlm.nih.gov/9347895,045-221-883-554-447,0,
https://openalex.org/w2088335733,https://doi.org/10.1016/j.pbb.2010.04.018,https://pubmed.ncbi.nlm.nih.gov/20450929,,0,
https://openalex.org/w2105529602,https://doi.org/10.1177/10454411000110030401,https://pubmed.ncbi.nlm.nih.gov/11021634,020-096-317-545-40X,0,
https://openalex.org/w1974030575,https://doi.org/10.1093/ejo/cji021,https://pubmed.ncbi.nlm.nih.gov/15961571,019-742-342-837-103,0,
https://openalex.org/w2120368185,https://doi.org/10.1111/j.1365-263x.1996.tb00251.x,https://pubmed.ncbi.nlm.nih.gov/9161190,085-860-911-758-159,0,
https://openalex.org/w2405789746,,https://pubmed.ncbi.nlm.nih.gov/11572289,,0,
https://openalex.org/w2144809723,https://doi.org/10.1177/00220345990780081201,https://pubmed.ncbi.nlm.nih.gov/10439034,071-606-647-053-368,0,
https://openalex.org/w2182176704,,https://pubmed.ncbi.nlm.nih.gov/11209503,,0,
https://openalex.org/w2033903965,https://doi.org/10.1016/s0109-5641(02)00004-0,https://pubmed.ncbi.nlm.nih.gov/12385902,,0,
https://openalex.org/w2405514092,,https://pubmed.ncbi.nlm.nih.gov/14753331,,0,
https://openalex.org/w2067155849,https://doi.org/10.1021/es304502y,https://pubmed.ncbi.nlm.nih.gov/23343005,063-159-631-132-836,0,
https://openalex.org/w173667815,,https://pubmed.ncbi.nlm.nih.gov/18990917,,0,
https://openalex.org/w2188072086,,https://pubmed.ncbi.nlm.nih.gov/18655333,,0,
https://openalex.org/w135246710,,https://pubmed.ncbi.nlm.nih.gov/16958287,,0,
https://openalex.org/w2035449570,https://doi.org/10.1016/j.chemosphere.2013.02.023,https://pubmed.ncbi.nlm.nih.gov/23540812,,0,
https://openalex.org/w2031934661,https://doi.org/10.1063/1.2752169,https://pubmed.ncbi.nlm.nih.gov/17640147,009-006-500-441-414,0,
https://openalex.org/w2040108840,https://doi.org/10.1111/j.1699-0463.1998.tb01314.x,https://pubmed.ncbi.nlm.nih.gov/9524557,004-464-809-048-991,0,
https://openalex.org/w2000384268,https://doi.org/10.1016/s0889-5406(05)81712-3,https://pubmed.ncbi.nlm.nih.gov/2136972,055-929-306-214-131,0,
https://openalex.org/w1974780232,https://doi.org/10.1016/s0889-5406(99)70275-1,https://pubmed.ncbi.nlm.nih.gov/10229885,018-125-294-815-881,0,
https://openalex.org/w2062874581,https://doi.org/10.1016/j.dental.2006.06.053,https://pubmed.ncbi.nlm.nih.gov/17125830,,0,
https://openalex.org/w2088492587,https://doi.org/10.1016/s1570-0232(01)00577-3,https://pubmed.ncbi.nlm.nih.gov/12270200,,0,
https://openalex.org/w2431610047,,https://pubmed.ncbi.nlm.nih.gov/1341705,,0,
https://openalex.org/w2419351560,,https://pubmed.ncbi.nlm.nih.gov/8054193,,0,
https://openalex.org/w2129174473,https://doi.org/10.1016/j.dental.2007.11.005,https://pubmed.ncbi.nlm.nih.gov/18164052,,0,
https://openalex.org/w2144611345,https://doi.org/10.1093/toxsci/67.1.75,https://pubmed.ncbi.nlm.nih.gov/11961218,029-005-012-200-495,0,
https://openalex.org/w2050348262,https://doi.org/10.1109/tnb.2012.2229468,https://pubmed.ncbi.nlm.nih.gov/23292826,091-159-548-603-129,0,
https://openalex.org/w2051876602,https://doi.org/10.1016/s0378-4274(98)00283-5,https://pubmed.ncbi.nlm.nih.gov/10022332,,0,
https://openalex.org/w2144104682,https://doi.org/10.1016/j.dental.2011.03.003,https://pubmed.ncbi.nlm.nih.gov/21501862,,0,
https://openalex.org/w2106195303,https://doi.org/10.1016/j.dental.2010.03.005,https://pubmed.ncbi.nlm.nih.gov/20378159,,0,
https://openalex.org/w2172082754,https://doi.org/10.1590/s1806-83242009000400010,https://pubmed.ncbi.nlm.nih.gov/20027448,066-968-934-537-995,0,
https://openalex.org/w2027438949,https://doi.org/10.1371/journal.pone.0036109,https://pubmed.ncbi.nlm.nih.gov/22662114,021-735-551-149-610,0,
https://openalex.org/w2082018407,https://doi.org/10.1038/sj.bdj.4805244,https://pubmed.ncbi.nlm.nih.gov/6230090,,0,
https://openalex.org/w2161785707,https://doi.org/10.1016/s0109-5641(99)00088-3,https://pubmed.ncbi.nlm.nih.gov/11203525,,0,
https://openalex.org/w84391830,https://doi.org/10.3290/j.jad.a27794,https://pubmed.ncbi.nlm.nih.gov/22724113,,0,
https://openalex.org/w2040251043,https://doi.org/10.2341/08-36,https://pubmed.ncbi.nlm.nih.gov/19192837,029-877-773-376-16X,0,
https://openalex.org/w2124919565,https://doi.org/10.1039/c3an00003f,https://pubmed.ncbi.nlm.nih.gov/23549642,004-509-236-907-926,0,
https://openalex.org/w2031853363,https://doi.org/10.1016/j.biocel.2009.05.016,https://pubmed.ncbi.nlm.nih.gov/19497385,031-404-856-353-344,0,
https://openalex.org/w2025839518,https://doi.org/10.1016/0300-5712(94)90010-8,https://pubmed.ncbi.nlm.nih.gov/8195483,,0,
https://openalex.org/w2089674641,https://doi.org/10.1016/j.jsbmb.2011.03.022,https://pubmed.ncbi.nlm.nih.gov/21514383,107-059-037-140-565,0,
https://openalex.org/w2464684267,,https://pubmed.ncbi.nlm.nih.gov/15997932,,0,
https://openalex.org/w2410398503,,https://pubmed.ncbi.nlm.nih.gov/2945838,,0,
https://openalex.org/w1997480783,https://doi.org/10.1016/j.toxlet.2009.04.005,https://pubmed.ncbi.nlm.nih.gov/19481886,,0,
https://openalex.org/w2008583023,https://doi.org/10.1016/j.dental.2011.08.403,https://pubmed.ncbi.nlm.nih.gov/21937098,010-624-505-183-26X,0,
https://openalex.org/w2087698746,https://doi.org/10.1002/jez.a.20067,https://pubmed.ncbi.nlm.nih.gov/15114650,017-006-222-770-866,0,
https://openalex.org/w2051002433,https://doi.org/10.1002/(sici)1097-4636(199811)42:2<223::aid-jbm7>3.0.co;2-r,https://pubmed.ncbi.nlm.nih.gov/9773818,000-921-550-941-996,0,
https://openalex.org/w2119080080,https://doi.org/10.1021/tx000146b,https://pubmed.ncbi.nlm.nih.gov/11123961,040-754-142-362-958,0,
https://openalex.org/w1981497096,https://doi.org/10.1016/j.dental.2003.08.001,https://pubmed.ncbi.nlm.nih.gov/15134946,,0,
https://openalex.org/w2156390608,https://doi.org/10.1111/j.1600-0536.1983.tb04319.x,https://pubmed.ncbi.nlm.nih.gov/6221865,082-042-611-099-557,0,
https://openalex.org/w2162780835,https://doi.org/10.1210/endo.139.6.6027,https://pubmed.ncbi.nlm.nih.gov/9607780,045-534-606-388-409,0,
https://openalex.org/w2001663167,https://doi.org/10.1111/j.1365-2842.1990.tb01399.x,https://pubmed.ncbi.nlm.nih.gov/2137165,029-070-789-943-176,0,
https://openalex.org/w1977070575,https://doi.org/10.1007/s00284-013-0310-0,https://pubmed.ncbi.nlm.nih.gov/23334298,011-248-969-094-839,0,
https://openalex.org/w1983515043,https://doi.org/10.1002/(sici)1097-4636(2000)53:1<51::aid-jbm7>3.0.co;2-o,https://pubmed.ncbi.nlm.nih.gov/10634952,129-315-444-050-848,0,
https://openalex.org/w2168167933,https://doi.org/10.1590/s0103-64402011000400010,https://pubmed.ncbi.nlm.nih.gov/21861032,034-402-921-990-578,0,
https://openalex.org/w2021860667,https://doi.org/10.1021/es201150a,https://pubmed.ncbi.nlm.nih.gov/21786754,119-655-699-081-927,0,
https://openalex.org/w2141615808,https://doi.org/10.1080/09593330309385555,https://pubmed.ncbi.nlm.nih.gov/12666793,008-099-173-874-624,0,
https://openalex.org/w2403513600,,https://pubmed.ncbi.nlm.nih.gov/17993031,,0,
https://openalex.org/w2039062253,https://doi.org/10.1002/1097-4636(2000)53:6<632::aid-jbm3>3.0.co;2-j,https://pubmed.ncbi.nlm.nih.gov/11074420,104-651-364-343-750,0,
https://openalex.org/w2042852386,https://doi.org/10.1016/j.aca.2008.05.068,https://pubmed.ncbi.nlm.nih.gov/18602546,,0,
https://openalex.org/w2467852522,,https://pubmed.ncbi.nlm.nih.gov/16212165,,0,
https://openalex.org/w2038522804,https://doi.org/10.1021/es702714e,https://pubmed.ncbi.nlm.nih.gov/18522121,031-901-030-844-793,0,
https://openalex.org/w2105967362,https://doi.org/10.7314/apjcp.2013.14.6.3805,https://pubmed.ncbi.nlm.nih.gov/23886186,070-098-284-419-089,0,
https://openalex.org/w177097001,,https://pubmed.ncbi.nlm.nih.gov/21698990,,0,
https://openalex.org/w111569261,,https://pubmed.ncbi.nlm.nih.gov/1834707,,0,
https://openalex.org/w141011322,,https://pubmed.ncbi.nlm.nih.gov/20848004,,0,
https://openalex.org/w2072957446,https://doi.org/10.1016/j.watres.2009.09.043,https://pubmed.ncbi.nlm.nih.gov/19822341,016-138-269-682-95X,0,
https://openalex.org/w2137663799,https://doi.org/10.1111/j.1365-2842.1981.tb00505.x,https://pubmed.ncbi.nlm.nih.gov/6456336,061-338-428-057-595,0,
https://openalex.org/w2026430846,https://doi.org/10.1289/ehp.1003220,https://pubmed.ncbi.nlm.nih.gov/21367689,141-623-869-858-083,0,
https://openalex.org/w2166845622,https://doi.org/10.1095/biolreprod.112.106369,https://pubmed.ncbi.nlm.nih.gov/23699389,069-916-860-321-175,0,
https://openalex.org/w2406823690,,https://pubmed.ncbi.nlm.nih.gov/9328674,,0,
https://openalex.org/w2031034136,https://doi.org/10.1177/1087057111421630,https://pubmed.ncbi.nlm.nih.gov/21948801,016-478-980-557-887,0,
https://openalex.org/w2360226810,,https://pubmed.ncbi.nlm.nih.gov/23947051,,0,
https://openalex.org/w2350646446,,https://pubmed.ncbi.nlm.nih.gov/19662857,,0,
https://openalex.org/w1977726417,https://doi.org/10.1289/ehp.0800376,https://pubmed.ncbi.nlm.nih.gov/19479022,170-991-672-436-865,0,
https://openalex.org/w2098741447,https://doi.org/10.1590/s0103-64402010000200002,https://pubmed.ncbi.nlm.nih.gov/20640354,062-538-939-101-853,0,
https://openalex.org/w2316794426,https://doi.org/10.4012/dmj.12.54,https://pubmed.ncbi.nlm.nih.gov/8306606,010-568-079-812-620,0,
https://openalex.org/w2327547917,https://doi.org/10.1097/mcg.0b013e3181fbe22a,https://pubmed.ncbi.nlm.nih.gov/21030872,037-135-368-659-593,0,
https://openalex.org/w2424666538,,https://pubmed.ncbi.nlm.nih.gov/15154722,,0,
https://openalex.org/w1990814671,https://doi.org/10.1016/s0022-3913(09)60026-3,https://pubmed.ncbi.nlm.nih.gov/19231571,,0,
https://openalex.org/w2048432153,https://doi.org/10.1002/(sici)1097-4636(19991205)47:3<374::aid-jbm12>3.0.co;2-7,https://pubmed.ncbi.nlm.nih.gov/10487889,047-084-339-795-444,0,
https://openalex.org/w2094586286,https://doi.org/10.1590/s1678-77572009000500021,https://pubmed.ncbi.nlm.nih.gov/19936527,075-146-076-116-847,0,
https://openalex.org/w2044691634,https://doi.org/10.1007/s00204-003-0528-x,https://pubmed.ncbi.nlm.nih.gov/14598022,,0,
https://openalex.org/w1918882615,https://doi.org/10.1043/0003-3219(1994)064<0377:eohcob>2.0.co;2,https://pubmed.ncbi.nlm.nih.gov/7802332,,0,
https://openalex.org/w2143774577,https://doi.org/10.1016/0022-3913(88)90269-7,https://pubmed.ncbi.nlm.nih.gov/3172014,,0,
https://openalex.org/w2007359660,https://doi.org/10.1002/tox.20556,https://pubmed.ncbi.nlm.nih.gov/20014407,043-370-851-486-853,0,
https://openalex.org/w2087319972,https://doi.org/10.1016/j.chroma.2009.05.065,https://pubmed.ncbi.nlm.nih.gov/19524246,,0,
https://openalex.org/w2076147693,https://doi.org/10.1016/j.tripleo.2010.05.005,https://pubmed.ncbi.nlm.nih.gov/20813561,084-974-848-584-406,0,
https://openalex.org/w2069390709,https://doi.org/10.1289/ehp.02110193,https://pubmed.ncbi.nlm.nih.gov/11836149,002-246-032-404-118,0,
https://openalex.org/w141538814,,https://pubmed.ncbi.nlm.nih.gov/12691273,,0,
https://openalex.org/w54264475,,https://pubmed.ncbi.nlm.nih.gov/2530257,,0,
https://openalex.org/w2130595868,https://doi.org/10.1124/dmd.105.005454,https://pubmed.ncbi.nlm.nih.gov/16103135,025-260-291-908-172,0,
https://openalex.org/w1964436063,https://doi.org/10.1016/s0889-5406(99)70195-2,https://pubmed.ncbi.nlm.nih.gov/10587594,042-120-143-710-932,0,
https://openalex.org/w2055097338,https://doi.org/10.1016/j.talanta.2009.07.065,https://pubmed.ncbi.nlm.nih.gov/19836553,,0,
https://openalex.org/w2036326091,https://doi.org/10.1016/s0022-3913(03)00261-0,https://pubmed.ncbi.nlm.nih.gov/12886212,,0,
https://openalex.org/w2406047245,,https://pubmed.ncbi.nlm.nih.gov/16252538,,0,
https://openalex.org/w2401880955,,https://pubmed.ncbi.nlm.nih.gov/6241155,,0,
https://openalex.org/w2406022319,,https://pubmed.ncbi.nlm.nih.gov/9545895,,0,
https://openalex.org/w2011593270,https://doi.org/10.1016/j.watres.2007.11.003,https://pubmed.ncbi.nlm.nih.gov/18048079,,0,
https://openalex.org/w1992032346,https://doi.org/10.1103/physreve.60.3086,https://pubmed.ncbi.nlm.nih.gov/11970116,053-257-658-581-662,0,
https://openalex.org/w85186010,,https://pubmed.ncbi.nlm.nih.gov/15624502,,0,
https://openalex.org/w2313487361,https://doi.org/10.2166/wst.2003.0553,https://pubmed.ncbi.nlm.nih.gov/12862225,000-451-071-917-047,0,
https://openalex.org/w2055382309,https://doi.org/10.1016/j.reprotox.2012.02.002,https://pubmed.ncbi.nlm.nih.gov/22349186,,0,
https://openalex.org/w2119532957,https://doi.org/10.1590/s0103-64402006000300001,https://pubmed.ncbi.nlm.nih.gov/17262121,038-701-008-823-855,0,
https://openalex.org/w2045550155,https://doi.org/10.1016/0142-9612(89)90061-6,https://pubmed.ncbi.nlm.nih.gov/2532551,,0,
https://openalex.org/w2063856081,https://doi.org/10.1016/s0147-6513(03)00004-6,https://pubmed.ncbi.nlm.nih.gov/12927559,159-238-410-816-915,0,
https://openalex.org/w2056140677,https://doi.org/10.1016/s0022-3913(98)70006-x,https://pubmed.ncbi.nlm.nih.gov/9791788,,0,
https://openalex.org/w2146589428,https://doi.org/10.1016/j.dental.2006.03.009,https://pubmed.ncbi.nlm.nih.gov/16678247,039-830-674-064-018,0,
https://openalex.org/w1970904461,https://doi.org/10.1002/jbm.b.31278,https://pubmed.ncbi.nlm.nih.gov/19107798,149-678-507-879-409,0,
https://openalex.org/w2087886201,https://doi.org/10.1007/s11248-012-9650-y,https://pubmed.ncbi.nlm.nih.gov/22972478,,0,
https://openalex.org/w2058142122,https://doi.org/10.1016/s0022-3913(08)60179-1,https://pubmed.ncbi.nlm.nih.gov/18762032,,0,
https://openalex.org/w2147104125,https://doi.org/10.1016/j.dental.2006.01.012,https://pubmed.ncbi.nlm.nih.gov/16494937,,0,
https://openalex.org/w1986074209,https://doi.org/10.1016/s0022-3913(05)80338-5,https://pubmed.ncbi.nlm.nih.gov/7783021,,0,
https://openalex.org/w2410731508,,https://pubmed.ncbi.nlm.nih.gov/1840165,,0,
https://openalex.org/w2068963312,https://doi.org/10.1016/s0300-483x(00)00465-0,https://pubmed.ncbi.nlm.nih.gov/11337107,,0,
https://openalex.org/w2443867389,,https://pubmed.ncbi.nlm.nih.gov/6219164,,0,
https://openalex.org/w131028942,,https://pubmed.ncbi.nlm.nih.gov/10850249,,0,
https://openalex.org/w2092890006,https://doi.org/10.1289/ehp.1205548,https://pubmed.ncbi.nlm.nih.gov/23416456,002-778-343-048-840,0,
https://openalex.org/w1965532212,https://doi.org/10.1080/02652030010005501,https://pubmed.ncbi.nlm.nih.gov/11288915,065-104-000-971-910,0,
https://openalex.org/w2024190651,https://doi.org/10.2341/09-185-l,https://pubmed.ncbi.nlm.nih.gov/20945743,064-036-952-053-924,0,
https://openalex.org/w2070770577,https://doi.org/10.1002/jssc.200900207,https://pubmed.ncbi.nlm.nih.gov/19718690,105-522-628-068-963,0,
https://openalex.org/w1997095789,https://doi.org/10.1007/s11356-012-0818-z,https://pubmed.ncbi.nlm.nih.gov/22743989,,0,
https://openalex.org/w2078840730,https://doi.org/10.1016/j.dental.2005.08.011,https://pubmed.ncbi.nlm.nih.gov/16423385,,0,
https://openalex.org/w1998732408,https://doi.org/10.1002/jssc.200900349,https://pubmed.ncbi.nlm.nih.gov/19813229,052-202-217-160-120,0,
https://openalex.org/w2160359874,https://doi.org/10.1111/j.0105-1873.2004.00319.x,https://pubmed.ncbi.nlm.nih.gov/15209810,117-054-501-223-007,0,
https://openalex.org/w1993174774,https://doi.org/10.4012/dmj.2012-143,https://pubmed.ncbi.nlm.nih.gov/23207212,108-402-154-105-760,0,
https://openalex.org/w2419621168,,https://pubmed.ncbi.nlm.nih.gov/12216558,,0,
https://openalex.org/w2415581550,,https://pubmed.ncbi.nlm.nih.gov/7575963,,0,
https://openalex.org/w1985459353,https://doi.org/10.1016/s0300-5712(01)00031-8,https://pubmed.ncbi.nlm.nih.gov/11520587,,0,
https://openalex.org/w173703037,,https://pubmed.ncbi.nlm.nih.gov/22027783,,0,
https://openalex.org/w1744312386,https://doi.org/10.1043/0003-3219(2000)070<0352:acosbs>2.0.co;2,https://pubmed.ncbi.nlm.nih.gov/11036994,,0,
https://openalex.org/w2067978732,https://doi.org/10.3892/ijmm.2012.903,https://pubmed.ncbi.nlm.nih.gov/22307313,074-684-310-239-266,0,
https://openalex.org/w2057364455,https://doi.org/10.1016/j.talanta.2009.09.057,https://pubmed.ncbi.nlm.nih.gov/20152385,,0,
https://openalex.org/w2224985594,,https://pubmed.ncbi.nlm.nih.gov/17655070,,0,
https://openalex.org/w2013639379,https://doi.org/10.1097/01.nmc.0000318356.38977.6e,https://pubmed.ncbi.nlm.nih.gov/18453910,,0,
https://openalex.org/w2100007128,https://doi.org/10.1093/cvr/cvp400,https://pubmed.ncbi.nlm.nih.gov/20032081,009-183-393-869-286,0,
https://openalex.org/w2169592590,https://doi.org/10.3961/jpmph.2007.40.2.155,https://pubmed.ncbi.nlm.nih.gov/17426428,019-772-115-216-355,0,
https://openalex.org/w2043461840,https://doi.org/10.1271/bbb.67.1358,https://pubmed.ncbi.nlm.nih.gov/12843665,150-370-417-387-456,0,
https://openalex.org/w2057186233,https://doi.org/10.1177/00220345930720081501,https://pubmed.ncbi.nlm.nih.gov/8360371,012-019-089-580-318,0,
https://openalex.org/w2154714425,https://doi.org/10.1002/anie.200351381,https://pubmed.ncbi.nlm.nih.gov/12851958,,0,
https://openalex.org/w2148772566,https://doi.org/10.1590/s2176-94512013000400006,https://pubmed.ncbi.nlm.nih.gov/24262414,048-644-449-467-117,0,
https://openalex.org/w1568864669,https://doi.org/10.1159/000328959,https://pubmed.ncbi.nlm.nih.gov/21865780,053-594-036-122-119,0,
https://openalex.org/w2100322954,https://doi.org/10.1111/j.1600-0722.2008.00594.x,https://pubmed.ncbi.nlm.nih.gov/19196321,092-287-756-384-314,0,
https://openalex.org/w2233360929,,https://pubmed.ncbi.nlm.nih.gov/15892530,,0,
https://openalex.org/w2333902424,https://doi.org/10.1021/tx100417r,https://pubmed.ncbi.nlm.nih.gov/21370839,008-647-518-171-970,0,
https://openalex.org/w2124554152,https://doi.org/10.1016/j.chemosphere.2010.01.055,https://pubmed.ncbi.nlm.nih.gov/20189627,,0,
https://openalex.org/w1978070663,https://doi.org/10.1016/j.envint.2010.06.004,https://pubmed.ncbi.nlm.nih.gov/20797791,001-591-935-031-720,0,
https://openalex.org/w2050365280,https://doi.org/10.1080/10934529.2012.664997,https://pubmed.ncbi.nlm.nih.gov/22423989,009-527-860-373-703,0,
https://openalex.org/w2074578380,https://doi.org/10.1002/jbm.a.31879,https://pubmed.ncbi.nlm.nih.gov/18314895,024-298-173-896-921,0,
https://openalex.org/w2172234310,https://doi.org/10.1111/j.1747-4477.2002.tb00402.x,https://pubmed.ncbi.nlm.nih.gov/12510474,102-120-859-916-80X,0,
https://openalex.org/w2014995891,https://doi.org/10.1002/em.21692,https://pubmed.ncbi.nlm.nih.gov/22467340,080-623-261-352-286,0,
https://openalex.org/w97987627,,https://pubmed.ncbi.nlm.nih.gov/19343928,,0,
https://openalex.org/w2095245589,https://doi.org/10.1016/j.chroma.2008.02.032,https://pubmed.ncbi.nlm.nih.gov/18374930,,0,
https://openalex.org/w2112867054,https://doi.org/10.1016/0022-3913(93)90134-a,https://pubmed.ncbi.nlm.nih.gov/8429508,,0,
https://openalex.org/w2115285807,https://doi.org/10.1016/s0109-5641(02)00005-2,https://pubmed.ncbi.nlm.nih.gov/12385903,,0,
https://openalex.org/w2098428255,https://doi.org/10.1016/j.toxlet.2011.01.015,https://pubmed.ncbi.nlm.nih.gov/21277958,,0,
https://openalex.org/w2000381312,https://doi.org/10.1016/0022-3913(84)90329-9,https://pubmed.ncbi.nlm.nih.gov/6239028,,0,
https://openalex.org/w1968931060,https://doi.org/10.1289/ehp.1205823,https://pubmed.ncbi.nlm.nih.gov/23512349,011-203-326-437-798,0,
https://openalex.org/w2396204803,,https://pubmed.ncbi.nlm.nih.gov/11314527,,0,
https://openalex.org/w1995995764,https://doi.org/10.1001/jama.2012.8816,https://pubmed.ncbi.nlm.nih.gov/22871851,,0,
https://openalex.org/w2314236591,https://doi.org/10.1166/jnn.2009.1752,https://pubmed.ncbi.nlm.nih.gov/19908809,002-758-465-934-180,0,
https://openalex.org/w2437764226,,https://pubmed.ncbi.nlm.nih.gov/1290615,,0,
https://openalex.org/w2086711844,https://doi.org/10.1002/jbt.20190,https://pubmed.ncbi.nlm.nih.gov/17912697,037-076-700-136-851,0,
https://openalex.org/w2078379865,https://doi.org/10.3109/15376516.2011.593053,https://pubmed.ncbi.nlm.nih.gov/21721901,070-493-035-982-540,0,
https://openalex.org/w2041324909,https://doi.org/10.1021/ja802946s,https://pubmed.ncbi.nlm.nih.gov/18543912,095-720-544-702-361,0,
https://openalex.org/w2054590302,https://doi.org/10.1007/s00216-007-1807-9,https://pubmed.ncbi.nlm.nih.gov/18193205,,0,
https://openalex.org/w1979251616,https://doi.org/10.1016/j.chemosphere.2006.10.037,https://pubmed.ncbi.nlm.nih.gov/17140622,,0,
https://openalex.org/w2028922137,https://doi.org/10.1021/es102785d,https://pubmed.ncbi.nlm.nih.gov/21038926,019-604-775-544-976,0,
https://openalex.org/w2083299916,https://doi.org/10.1021/es8001184,https://pubmed.ncbi.nlm.nih.gov/18754464,012-132-251-063-242,0,
https://openalex.org/w2155812992,https://doi.org/10.1177/154405910408300406,https://pubmed.ncbi.nlm.nih.gov/15044503,084-947-363-388-112,0,
https://openalex.org/w1967546850,https://doi.org/10.1093/toxsci/kfg206,https://pubmed.ncbi.nlm.nih.gov/12915710,079-309-762-234-551,0,
https://openalex.org/w2072462487,https://doi.org/10.1111/j.1708-8240.2002.tb00179.x,https://pubmed.ncbi.nlm.nih.gov/12542102,000-510-697-593-31X,0,
https://openalex.org/w2337407791,,https://pubmed.ncbi.nlm.nih.gov/17380807,,0,
https://openalex.org/w2044607635,https://doi.org/10.1016/j.bios.2010.01.025,https://pubmed.ncbi.nlm.nih.gov/20176471,,0,
https://openalex.org/w134292055,https://doi.org/10.1080/19424396.2010.12221839,https://pubmed.ncbi.nlm.nih.gov/21162348,,0,
https://openalex.org/w2414760972,https://doi.org/10.3290/j.qi.a29154,https://pubmed.ncbi.nlm.nih.gov/23479582,,0,
https://openalex.org/w2395240538,https://doi.org/10.1043/0003-3219(1996)066<0449:teosdo>2.3.co;2,https://pubmed.ncbi.nlm.nih.gov/8974181,,0,
https://openalex.org/w2075654456,https://doi.org/10.1074/jbc.m006777200,https://pubmed.ncbi.nlm.nih.gov/10964929,044-314-475-337-693,0,
https://openalex.org/w2094209029,https://doi.org/10.1016/s0109-5641(88)80001-0,https://pubmed.ncbi.nlm.nih.gov/3268477,,0,
https://openalex.org/w2076450419,https://doi.org/10.1289/ehp.5440,https://pubmed.ncbi.nlm.nih.gov/12573901,076-013-642-579-246,0,
https://openalex.org/w87768784,,https://pubmed.ncbi.nlm.nih.gov/16130870,,0,
https://openalex.org/w2062252331,https://doi.org/10.1111/j.1600-0536.1979.tb04879.x,https://pubmed.ncbi.nlm.nih.gov/159799,043-119-006-413-139,0,
https://openalex.org/w2093958161,https://doi.org/10.1016/j.niox.2008.01.003,https://pubmed.ncbi.nlm.nih.gov/18252206,,0,
https://openalex.org/w2079289482,https://doi.org/10.2341/07-65,https://pubmed.ncbi.nlm.nih.gov/18435190,060-234-270-531-214,0,
https://openalex.org/w2076305905,https://doi.org/10.1038/nm1108-1186,https://pubmed.ncbi.nlm.nih.gov/18989300,,0,
https://openalex.org/w2134117458,https://doi.org/10.3390/ma2041929,https://pubmed.ncbi.nlm.nih.gov/21966588,000-059-018-193-733,0,
https://openalex.org/w2414295446,,https://pubmed.ncbi.nlm.nih.gov/23431875,,0,
https://openalex.org/w2091345387,https://doi.org/10.1016/s0890-6238(02)00051-5,https://pubmed.ncbi.nlm.nih.gov/12401500,,0,
https://openalex.org/w2133251873,https://doi.org/10.1016/j.dental.2007.04.001,https://pubmed.ncbi.nlm.nih.gov/17531311,,0,
https://openalex.org/w1978240533,https://doi.org/10.1515/reveh-2012-0034,https://pubmed.ncbi.nlm.nih.gov/23612528,040-008-999-595-406,0,
https://openalex.org/w181162144,https://doi.org/10.1289/ehp.117-a541,https://pubmed.ncbi.nlm.nih.gov/20049188,101-037-114-368-753,0,
https://openalex.org/w2438647886,,https://pubmed.ncbi.nlm.nih.gov/8598017,,0,
https://openalex.org/w11349797,,https://pubmed.ncbi.nlm.nih.gov/19341582,,0,
https://openalex.org/w2007142343,https://doi.org/10.1016/j.dental.2005.04.029,https://pubmed.ncbi.nlm.nih.gov/16038970,,0,
https://openalex.org/w2034265963,https://doi.org/10.1016/j.talanta.2011.06.050,https://pubmed.ncbi.nlm.nih.gov/21807227,,0,
https://openalex.org/w2269066467,,https://pubmed.ncbi.nlm.nih.gov/19146130,,0,
https://openalex.org/w2398342966,,https://pubmed.ncbi.nlm.nih.gov/6454595,,0,
https://openalex.org/w2069385225,https://doi.org/10.1016/j.etap.2012.12.007,https://pubmed.ncbi.nlm.nih.gov/23318710,,0,
https://openalex.org/w2053438489,https://doi.org/10.1111/j.1834-7819.2008.00074.x,https://pubmed.ncbi.nlm.nih.gov/19133948,050-135-708-000-922,0,
https://openalex.org/w1973785935,https://doi.org/10.1111/j.1600-0722.2004.00159.x,https://pubmed.ncbi.nlm.nih.gov/15458507,001-570-702-142-873,0,
https://openalex.org/w2040278673,https://doi.org/10.1016/j.reprotox.2007.11.002,https://pubmed.ncbi.nlm.nih.gov/18191535,,0,
https://openalex.org/w2028127061,https://doi.org/10.1016/s0039-128x(98)00114-7,https://pubmed.ncbi.nlm.nih.gov/10406482,,0,
https://openalex.org/w2066189333,https://doi.org/10.1002/(sici)1097-4636(199901)44:1<73::aid-jbm8>3.0.co;2-o,https://pubmed.ncbi.nlm.nih.gov/10397906,022-749-735-513-134,0,
https://openalex.org/w2015449643,https://doi.org/10.1016/s0890-6238(03)00003-0,https://pubmed.ncbi.nlm.nih.gov/12759100,,0,
https://openalex.org/w2272933230,,https://pubmed.ncbi.nlm.nih.gov/11203987,,0,
https://openalex.org/w2163877172,https://doi.org/10.1016/j.scitotenv.2010.07.018,https://pubmed.ncbi.nlm.nih.gov/20970168,,0,
https://openalex.org/w2135290558,https://doi.org/10.1093/ejo/21.2.111,https://pubmed.ncbi.nlm.nih.gov/10327734,110-870-596-111-059,0,
https://openalex.org/w2402257944,,https://pubmed.ncbi.nlm.nih.gov/1831911,,0,
https://openalex.org/w2398002995,,https://pubmed.ncbi.nlm.nih.gov/9511570,,0,
https://openalex.org/w1725384149,https://doi.org/10.1111/j.1600-9657.2010.00951.x,https://pubmed.ncbi.nlm.nih.gov/21244624,077-125-981-113-478,0,
https://openalex.org/w2081769431,https://doi.org/10.1016/j.toxlet.2008.05.002,https://pubmed.ncbi.nlm.nih.gov/18579321,,0,
https://openalex.org/w2049957582,https://doi.org/10.2116/analsci.17.763,https://pubmed.ncbi.nlm.nih.gov/11707948,101-183-511-843-98X,0,
https://openalex.org/w2403818493,,https://pubmed.ncbi.nlm.nih.gov/2145848,,0,
https://openalex.org/w2070712606,https://doi.org/10.1006/bbrc.1995.1678,https://pubmed.ncbi.nlm.nih.gov/7755618,,0,
https://openalex.org/w2067194217,https://doi.org/10.3109/15376516.2012.753969,https://pubmed.ncbi.nlm.nih.gov/23193990,027-415-567-177-937,0,
https://openalex.org/w1970244752,https://doi.org/10.1016/j.joen.2005.10.005,https://pubmed.ncbi.nlm.nih.gov/16410067,,0,
https://openalex.org/w1979142152,https://doi.org/10.1038/nrendo.2010.215,https://pubmed.ncbi.nlm.nih.gov/21263448,095-337-939-855-31X,0,
https://openalex.org/w2074223982,https://doi.org/10.1016/j.ijpharm.2010.03.052,https://pubmed.ncbi.nlm.nih.gov/20371275,,0,
https://openalex.org/w1963657798,https://doi.org/10.1016/j.toxlet.2011.07.032,https://pubmed.ncbi.nlm.nih.gov/21888958,,0,
https://openalex.org/w2010354202,https://doi.org/10.1007/s10646-012-0898-z,https://pubmed.ncbi.nlm.nih.gov/22476698,,0,
https://openalex.org/w1979470154,https://doi.org/10.1016/s0889-5406(98)70205-7,https://pubmed.ncbi.nlm.nih.gov/9743128,112-402-335-757-754,0,
https://openalex.org/w2110172798,https://doi.org/10.1001/archpediatrics.2012.241,https://pubmed.ncbi.nlm.nih.gov/23367522,048-561-509-690-617,0,
https://openalex.org/w1999417857,https://doi.org/10.1016/s0887-2333(03)00046-8,https://pubmed.ncbi.nlm.nih.gov/12849724,,0,
https://openalex.org/w2037128425,https://doi.org/10.1016/j.ecoenv.2006.09.001,https://pubmed.ncbi.nlm.nih.gov/17064776,123-408-580-862-159,0,
https://openalex.org/w2414623137,,https://pubmed.ncbi.nlm.nih.gov/7938423,,0,
https://openalex.org/w2410127590,,https://pubmed.ncbi.nlm.nih.gov/16933531,,0,
https://openalex.org/w2069908949,https://doi.org/10.1016/j.aquatox.2006.02.021,https://pubmed.ncbi.nlm.nih.gov/16580744,,0,
https://openalex.org/w2465273206,,https://pubmed.ncbi.nlm.nih.gov/2962398,,0,
https://openalex.org/w2064245893,https://doi.org/10.2166/wst.2010.132,https://pubmed.ncbi.nlm.nih.gov/20371923,069-609-503-245-979,0,
https://openalex.org/w2053833547,https://doi.org/10.3109/00016357.2011.568958,https://pubmed.ncbi.nlm.nih.gov/21426271,007-475-762-206-608,0,
https://openalex.org/w1976304859,https://doi.org/10.1016/0109-5641(92)90104-k,https://pubmed.ncbi.nlm.nih.gov/1303371,,0,
https://openalex.org/w2367351670,,https://pubmed.ncbi.nlm.nih.gov/19189672,,0,
https://openalex.org/w2080368560,https://doi.org/10.1016/j.cbpc.2010.06.009,https://pubmed.ncbi.nlm.nih.gov/20601118,,0,
https://openalex.org/w2016437229,https://doi.org/10.1016/j.jdent.2004.02.010,https://pubmed.ncbi.nlm.nih.gov/15240064,,0,
https://openalex.org/w2172139737,https://doi.org/10.1046/j.1365-2842.2003.01241.x,https://pubmed.ncbi.nlm.nih.gov/15089941,080-940-060-229-264,0,
https://openalex.org/w2075202927,https://doi.org/10.1016/j.ajodo.2008.07.017,https://pubmed.ncbi.nlm.nih.gov/20451786,010-117-017-752-420,0,
https://openalex.org/w2068317863,https://doi.org/10.1271/bbb.65.1444,https://pubmed.ncbi.nlm.nih.gov/11471753,003-064-794-039-910,0,
https://openalex.org/w2183706085,,https://pubmed.ncbi.nlm.nih.gov/20228981,,0,
https://openalex.org/w2005649430,https://doi.org/10.1002/etc.5620201023,https://pubmed.ncbi.nlm.nih.gov/11596763,076-928-056-173-564,0,
https://openalex.org/w2467785925,,https://pubmed.ncbi.nlm.nih.gov/9028280,,0,
https://openalex.org/w2052686348,https://doi.org/10.1007/s00244-009-9324-9,https://pubmed.ncbi.nlm.nih.gov/19381711,,0,
https://openalex.org/w137567474,,https://pubmed.ncbi.nlm.nih.gov/15002956,,0,
https://openalex.org/w2055200660,https://doi.org/10.1111/j.1875-595x.2000.tb00567.x,https://pubmed.ncbi.nlm.nih.gov/15988888,019-921-953-593-180,0,
https://openalex.org/w2421807472,,https://pubmed.ncbi.nlm.nih.gov/2945689,,0,
https://openalex.org/w2048628432,https://doi.org/10.1016/j.tiv.2006.05.002,https://pubmed.ncbi.nlm.nih.gov/16797915,,0,
https://openalex.org/w2048606397,https://doi.org/10.1016/j.fertnstert.2011.04.010,https://pubmed.ncbi.nlm.nih.gov/21536273,023-406-695-128-937,0,
https://openalex.org/w2067502907,https://doi.org/10.1016/j.jdent.2013.03.001,https://pubmed.ncbi.nlm.nih.gov/23499568,013-428-051-482-994,0,
https://openalex.org/w2045500263,https://doi.org/10.1067/mod.2002.123042,https://pubmed.ncbi.nlm.nih.gov/12045771,034-000-867-654-714,0,
https://openalex.org/w2026912384,https://doi.org/10.1016/j.jdent.2010.12.009,https://pubmed.ncbi.nlm.nih.gov/21215788,019-595-425-377-58X,0,
https://openalex.org/w1995383460,https://doi.org/10.2341/07-66,https://pubmed.ncbi.nlm.nih.gov/18435191,008-531-464-302-79X,0,
https://openalex.org/w2418168229,,https://pubmed.ncbi.nlm.nih.gov/11203781,,0,
https://openalex.org/w2322917268,https://doi.org/10.1021/es303853x,https://pubmed.ncbi.nlm.nih.gov/23206246,000-580-536-342-919,0,
https://openalex.org/w2129104414,https://doi.org/10.1016/j.dental.2006.11.010,https://pubmed.ncbi.nlm.nih.gov/17174389,,0,
https://openalex.org/w2027472936,https://doi.org/10.1002/1097-0290(2000)71:3<217::aid-bit1011>3.0.co;2-w,https://pubmed.ncbi.nlm.nih.gov/11291031,020-050-342-513-22X,0,
https://openalex.org/w2091897626,https://doi.org/10.1016/j.aca.2009.04.036,https://pubmed.ncbi.nlm.nih.gov/19481623,,0,
https://openalex.org/w2055044093,https://doi.org/10.1021/jp911900r,https://pubmed.ncbi.nlm.nih.gov/20387870,001-414-859-747-956,0,
https://openalex.org/w1974435147,https://doi.org/10.1038/sj.jp.7211913,https://pubmed.ncbi.nlm.nih.gov/18273031,010-710-065-791-19X,0,
https://openalex.org/w2111524531,https://doi.org/10.1111/j.1365-2842.1991.tb00067.x,https://pubmed.ncbi.nlm.nih.gov/1832447,037-747-280-316-833,0,
https://openalex.org/w2030181314,https://doi.org/10.1016/s0300-483x(02)00160-9,https://pubmed.ncbi.nlm.nih.gov/12062934,,0,
https://openalex.org/w2061572452,https://doi.org/10.1016/j.chemosphere.2008.11.083,https://pubmed.ncbi.nlm.nih.gov/19136140,006-173-432-741-181,0,
https://openalex.org/w2054642834,https://doi.org/10.5301/jabfm.2012.9255,https://pubmed.ncbi.nlm.nih.gov/22798242,006-385-037-717-67X,0,
https://openalex.org/w4300651049,,https://pubmed.ncbi.nlm.nih.gov/11529090,,0,
https://openalex.org/w2005038683,https://doi.org/10.1097/00004770-200208000-00002,https://pubmed.ncbi.nlm.nih.gov/12184416,005-484-310-412-242,0,
https://openalex.org/w2019483644,https://doi.org/10.1016/j.taap.2013.03.016,https://pubmed.ncbi.nlm.nih.gov/23545179,,0,
https://openalex.org/w1988073273,https://doi.org/10.1089/pho.2007.2203,https://pubmed.ncbi.nlm.nih.gov/19099387,066-226-803-178-272,0,
https://openalex.org/w2053309581,https://doi.org/10.1016/s0016-6480(03)00197-7,https://pubmed.ncbi.nlm.nih.gov/13129501,,0,
https://openalex.org/w2094586448,https://doi.org/10.1289/ehp.117-a256a,https://pubmed.ncbi.nlm.nih.gov/19590670,009-911-828-592-064,0,
https://openalex.org/w2162438732,https://doi.org/10.1002/etc.49,https://pubmed.ncbi.nlm.nih.gov/20821466,048-053-306-245-416,0,
https://openalex.org/w2323905620,https://doi.org/10.4012/dmj.13.198,https://pubmed.ncbi.nlm.nih.gov/7758280,063-710-589-718-295,0,
https://openalex.org/w2328233193,https://doi.org/10.1021/es303191g,https://pubmed.ncbi.nlm.nih.gov/23020513,018-621-503-550-000,0,
https://openalex.org/w1987202656,https://doi.org/10.1016/j.jdent.2004.10.001,https://pubmed.ncbi.nlm.nih.gov/15781140,,0,
https://openalex.org/w157020815,,https://pubmed.ncbi.nlm.nih.gov/7865416,,0,
https://openalex.org/w2008735682,https://doi.org/10.1016/j.jcis.2011.02.043,https://pubmed.ncbi.nlm.nih.gov/21397907,,0,
https://openalex.org/w2418767704,,https://pubmed.ncbi.nlm.nih.gov/8700774,,0,
https://openalex.org/w1984172253,https://doi.org/10.1002/em.20394,https://pubmed.ncbi.nlm.nih.gov/18418863,033-063-288-363-084,0,
https://openalex.org/w2057753547,https://doi.org/10.1016/j.jchromb.2004.02.005,https://pubmed.ncbi.nlm.nih.gov/15113538,,0,
https://openalex.org/w2052894158,https://doi.org/10.2310/6130.2006.00007,https://pubmed.ncbi.nlm.nih.gov/16426505,030-368-664-610-500,0,
https://openalex.org/w2068827264,https://doi.org/10.1093/toxsci/kfp299,https://pubmed.ncbi.nlm.nih.gov/20147444,,0,
https://openalex.org/w2073890008,https://doi.org/10.1007/s002400000107,https://pubmed.ncbi.nlm.nih.gov/11011959,,0,
https://openalex.org/w1489974444,https://doi.org/10.1046/j.1365-263x.2002.00370.x,https://pubmed.ncbi.nlm.nih.gov/12121537,069-681-997-151-804,0,
https://openalex.org/w30845763,,https://pubmed.ncbi.nlm.nih.gov/12014162,,0,
https://openalex.org/w2072902692,https://doi.org/10.1016/s0303-7207(98)00202-0,https://pubmed.ncbi.nlm.nih.gov/10411312,,0,
https://openalex.org/w2048655519,https://doi.org/10.1016/j.jsbmb.2011.08.007,https://pubmed.ncbi.nlm.nih.gov/21899826,059-727-991-813-369,0,
https://openalex.org/w1983088403,https://doi.org/10.1210/endo.139.3.5840,https://pubmed.ncbi.nlm.nih.gov/9492041,071-440-676-241-600,0,
https://openalex.org/w2397567608,,https://pubmed.ncbi.nlm.nih.gov/9545917,,0,
https://openalex.org/w2022989338,https://doi.org/10.3109/00498258109045850,https://pubmed.ncbi.nlm.nih.gov/7293230,094-695-004-104-733,0,
https://openalex.org/w2004668392,https://doi.org/10.1016/s1383-5718(98)00067-9,https://pubmed.ncbi.nlm.nih.gov/9711268,,0,
https://openalex.org/w2385921675,,https://pubmed.ncbi.nlm.nih.gov/17078559,,0,
https://openalex.org/w1992919916,https://doi.org/10.1021/es001757t,https://pubmed.ncbi.nlm.nih.gov/11414046,091-330-406-089-854,0,
https://openalex.org/w2006890927,https://doi.org/10.1016/s0045-6535(03)00100-0,https://pubmed.ncbi.nlm.nih.gov/12668032,,0,
https://openalex.org/w2096247183,https://doi.org/10.1016/s0889-5406(95)70022-6,https://pubmed.ncbi.nlm.nih.gov/7661145,020-379-103-988-547,0,
https://openalex.org/w1979509135,https://doi.org/10.1177/00220345910700121201,https://pubmed.ncbi.nlm.nih.gov/1837796,037-227-939-690-104,0,
https://openalex.org/w2054433134,https://doi.org/10.1371/journal.pone.0031109,https://pubmed.ncbi.nlm.nih.gov/22347437,044-739-439-729-714,0,
https://openalex.org/w2116135389,https://doi.org/10.1016/j.dental.2013.03.009,https://pubmed.ncbi.nlm.nih.gov/23570627,,0,
https://openalex.org/w2403382489,,https://pubmed.ncbi.nlm.nih.gov/21418819,,0,
https://openalex.org/w1971302394,https://doi.org/10.1007/s00128-011-0266-3,https://pubmed.ncbi.nlm.nih.gov/21509467,,0,
https://openalex.org/w1966676838,https://doi.org/10.1007/s00216-012-5717-0,https://pubmed.ncbi.nlm.nih.gov/22286125,,0,
https://openalex.org/w2061441503,https://doi.org/10.1080/02652030902995277,https://pubmed.ncbi.nlm.nih.gov/19938328,102-371-006-755-852,0,
https://openalex.org/w1995400167,https://doi.org/10.1016/j.dental.2007.05.002,https://pubmed.ncbi.nlm.nih.gov/17572485,027-951-122-560-182,0,
https://openalex.org/w2095435505,https://doi.org/10.1016/s0034-5288(02)00102-9,https://pubmed.ncbi.nlm.nih.gov/12204638,,0,
https://openalex.org/w2157116386,https://doi.org/10.1016/j.dental.2003.10.002,https://pubmed.ncbi.nlm.nih.gov/15134945,,0,
https://openalex.org/w2071514435,https://doi.org/10.1016/0142-9612(89)90104-x,https://pubmed.ncbi.nlm.nih.gov/2525936,,0,
https://openalex.org/w2057168469,https://doi.org/10.2486/indhealth.40.375,https://pubmed.ncbi.nlm.nih.gov/12502241,093-186-619-633-496,1,
https://openalex.org/w2053489630,https://doi.org/10.1016/s1001-0742(08)62356-6,https://pubmed.ncbi.nlm.nih.gov/19862954,138-236-221-645-183,0,
https://openalex.org/w2042063968,https://doi.org/10.4103/0970-9290.111267,https://pubmed.ncbi.nlm.nih.gov/23649068,033-224-948-681-497,0,
https://openalex.org/w2108375461,https://doi.org/10.1016/s0889-5406(03)00201-4,https://pubmed.ncbi.nlm.nih.gov/12806343,082-978-599-565-524,0,
https://openalex.org/w2025048365,https://doi.org/10.1016/s0142-9612(99)00087-3,https://pubmed.ncbi.nlm.nih.gov/10514066,,0,
https://openalex.org/w2465374026,,https://pubmed.ncbi.nlm.nih.gov/1401402,,0,
https://openalex.org/w2017826752,https://doi.org/10.1007/s10532-010-9358-8,https://pubmed.ncbi.nlm.nih.gov/20455075,,0,
https://openalex.org/w1984581269,https://doi.org/10.1016/j.ajodo.2008.10.023,https://pubmed.ncbi.nlm.nih.gov/21055603,107-586-788-313-61X,0,
https://openalex.org/w2109845118,https://doi.org/10.1007/s00284-011-0067-2,https://pubmed.ncbi.nlm.nih.gov/22203416,052-281-546-332-657,0,
https://openalex.org/w1986835935,https://doi.org/10.1016/j.scitotenv.2012.11.066,https://pubmed.ncbi.nlm.nih.gov/23262324,,0,
https://openalex.org/w2085850910,https://doi.org/10.1046/j.1365-2842.1996.d01-202.x,https://pubmed.ncbi.nlm.nih.gov/8971640,050-866-376-377-422,0,
https://openalex.org/w2058969649,https://doi.org/10.1007/s00204-011-0690-5,https://pubmed.ncbi.nlm.nih.gov/21404072,,0,
https://openalex.org/w45534854,https://doi.org/10.4315/0362-028x-73.8.1548,https://pubmed.ncbi.nlm.nih.gov/20819371,033-618-213-453-444,0,
https://openalex.org/w1677437574,,https://pubmed.ncbi.nlm.nih.gov/21874936,,0,
https://openalex.org/w2086126545,https://doi.org/10.1016/j.dental.2004.03.011,https://pubmed.ncbi.nlm.nih.gov/15705436,,0,
https://openalex.org/w82108768,,https://pubmed.ncbi.nlm.nih.gov/19603586,,0,
https://openalex.org/w1994388997,https://doi.org/10.1016/j.tox.2005.05.006,https://pubmed.ncbi.nlm.nih.gov/15975703,,0,
https://openalex.org/w117485542,https://doi.org/10.3967/0895-3988.2013.01.008,https://pubmed.ncbi.nlm.nih.gov/23294617,,0,
https://openalex.org/w1963777545,https://doi.org/10.1016/j.scitotenv.2008.06.033,https://pubmed.ncbi.nlm.nih.gov/18684489,,0,
https://openalex.org/w2109052465,https://doi.org/10.1590/s0103-64402003000100008,https://pubmed.ncbi.nlm.nih.gov/12656464,154-133-266-851-907,0,
https://openalex.org/w2331222901,https://doi.org/10.4012/dmj.3.280,https://pubmed.ncbi.nlm.nih.gov/6241547,104-947-580-118-366,0,
https://openalex.org/w2071708848,https://doi.org/10.1016/j.mrgentox.2007.10.009,https://pubmed.ncbi.nlm.nih.gov/18083607,,0,
https://openalex.org/w2039013813,https://doi.org/10.1016/s0043-1354(01)00367-0,https://pubmed.ncbi.nlm.nih.gov/11996333,,0,
https://openalex.org/w2403066705,,https://pubmed.ncbi.nlm.nih.gov/12693381,,0,
https://openalex.org/w2328117484,https://doi.org/10.1021/ac3014466,https://pubmed.ncbi.nlm.nih.gov/22963510,064-597-689-977-854,0,
https://openalex.org/w2032382429,https://doi.org/10.1248/cpb.54.1633,https://pubmed.ncbi.nlm.nih.gov/17139095,071-892-966-764-60X,0,
https://openalex.org/w2425806585,,https://pubmed.ncbi.nlm.nih.gov/11887644,,0,
https://openalex.org/w2003943808,https://doi.org/10.1016/0109-5641(91)90051-y,https://pubmed.ncbi.nlm.nih.gov/1936646,,0,
https://openalex.org/w2120533723,https://doi.org/10.1186/1471-213x-11-4,https://pubmed.ncbi.nlm.nih.gov/21269433,060-868-395-064-511,0,
https://openalex.org/w2022449653,https://doi.org/10.1016/j.aquatox.2009.04.012,https://pubmed.ncbi.nlm.nih.gov/19477536,,0,
https://openalex.org/w2408359763,,https://pubmed.ncbi.nlm.nih.gov/2535157,,0,
https://openalex.org/w2022478231,https://doi.org/10.1016/j.dental.2008.01.012,https://pubmed.ncbi.nlm.nih.gov/18342363,,0,
https://openalex.org/w2004024494,https://doi.org/10.1111/j.1365-2842.1989.tb01332.x,https://pubmed.ncbi.nlm.nih.gov/2523963,068-265-592-147-461,0,
https://openalex.org/w1976814200,https://doi.org/10.2166/wst.2006.793,https://pubmed.ncbi.nlm.nih.gov/17163028,130-755-859-175-444,0,
https://openalex.org/w2119555304,https://doi.org/10.3290/j.jad.a29717,https://pubmed.ncbi.nlm.nih.gov/23700578,,0,
https://openalex.org/w2134051484,https://doi.org/10.1043/0003-3219(2003)073<0431:eoancl>2.0.co;2,https://pubmed.ncbi.nlm.nih.gov/12940564,,0,
https://openalex.org/w1984673012,https://doi.org/10.1016/s0303-7207(02)00042-4,https://pubmed.ncbi.nlm.nih.gov/12062901,,0,
https://openalex.org/w2124431673,https://doi.org/10.1016/s0015-0282(00)00704-4,https://pubmed.ncbi.nlm.nih.gov/10973655,,0,
https://openalex.org/w1537842300,,https://pubmed.ncbi.nlm.nih.gov/17078560,,0,
https://openalex.org/w2054475007,https://doi.org/10.1016/j.toxlet.2010.06.007,https://pubmed.ncbi.nlm.nih.gov/20600708,,0,
https://openalex.org/w1995084475,https://doi.org/10.1016/s0890-6238(99)00017-9,https://pubmed.ncbi.nlm.nih.gov/10453915,,1,
https://openalex.org/w2108681286,https://doi.org/10.1111/j.1834-7819.1998.tb06095.x,https://pubmed.ncbi.nlm.nih.gov/9612981,007-219-193-256-53X,0,
https://openalex.org/w2125522053,https://doi.org/10.1111/j.0105-1873.2004.00465.x,https://pubmed.ncbi.nlm.nih.gov/15606651,068-289-394-824-560,0,
https://openalex.org/w2004875818,https://doi.org/10.1067/mod.2000.104903,https://pubmed.ncbi.nlm.nih.gov/10982929,008-557-551-248-678,0,
https://openalex.org/w2056970462,https://doi.org/10.1021/ac900457m,https://pubmed.ncbi.nlm.nih.gov/19678611,037-972-940-435-813,0,
https://openalex.org/w37578418,,https://pubmed.ncbi.nlm.nih.gov/19350057,,0,
https://openalex.org/w2030644131,https://doi.org/10.1039/b715774f,https://pubmed.ncbi.nlm.nih.gov/18389147,,0,
https://openalex.org/w2072333660,https://doi.org/10.1016/j.scitotenv.2009.05.036,https://pubmed.ncbi.nlm.nih.gov/19520416,,0,
https://openalex.org/w2358980516,,https://pubmed.ncbi.nlm.nih.gov/15071938,,0,
https://openalex.org/w1978153716,https://doi.org/10.1111/j.1600-0536.1990.tb01543.x,https://pubmed.ncbi.nlm.nih.gov/2138970,,0,
https://openalex.org/w2058683100,https://doi.org/10.1016/j.yfrne.2010.03.003,https://pubmed.ncbi.nlm.nih.gov/20347861,019-538-982-394-197,0,
https://openalex.org/w2048980792,https://doi.org/10.1016/s0889-5406(95)70025-0,https://pubmed.ncbi.nlm.nih.gov/7661148,056-327-419-728-233,0,
https://openalex.org/w2041921128,https://doi.org/10.1177/00220345910700050301,https://pubmed.ncbi.nlm.nih.gov/1827132,022-176-998-784-715,0,
https://openalex.org/w2052503020,https://doi.org/10.1016/s0099-2399(89)80053-6,https://pubmed.ncbi.nlm.nih.gov/2534697,,0,
https://openalex.org/w2119729255,https://doi.org/10.1016/j.chemosphere.2008.01.025,https://pubmed.ncbi.nlm.nih.gov/18325564,,0,
https://openalex.org/w2101190245,https://doi.org/10.1093/ejo/13.6.493,https://pubmed.ncbi.nlm.nih.gov/1840104,006-747-303-515-364,0,
https://openalex.org/w2059989512,https://doi.org/10.1016/0022-3913(94)90114-7,https://pubmed.ncbi.nlm.nih.gov/7844743,,0,
https://openalex.org/w2140366332,https://doi.org/10.3109/02652048909019898,https://pubmed.ncbi.nlm.nih.gov/2654353,011-897-357-168-534,0,
https://openalex.org/w2023073997,https://doi.org/10.2116/analsci.20.133,https://pubmed.ncbi.nlm.nih.gov/14753271,025-473-200-730-970,0,
https://openalex.org/w2015220803,https://doi.org/10.1016/s0889-5406(94)70060-5,https://pubmed.ncbi.nlm.nih.gov/7942654,077-432-093-316-154,0,
https://openalex.org/w2415331046,,https://pubmed.ncbi.nlm.nih.gov/9002789,,0,
https://openalex.org/w2067364204,https://doi.org/10.1016/0300-5712(95)90658-5,https://pubmed.ncbi.nlm.nih.gov/7876414,,0,
https://openalex.org/w2003621067,https://doi.org/10.1289/ehp.5780,https://pubmed.ncbi.nlm.nih.gov/12948896,050-854-564-154-981,0,
https://openalex.org/w2141836607,https://doi.org/10.1371/journal.pone.0028273,https://pubmed.ncbi.nlm.nih.gov/22194820,119-091-806-983-862,0,
https://openalex.org/w2339739066,,https://pubmed.ncbi.nlm.nih.gov/20535935,,0,
https://openalex.org/w2111813934,https://doi.org/10.4317/medoral.17424,https://pubmed.ncbi.nlm.nih.gov/22143693,057-188-909-480-348,0,
https://openalex.org/w1998568000,https://doi.org/10.1001/jama.2011.1721,https://pubmed.ncbi.nlm.nih.gov/22110104,,0,
https://openalex.org/w1967620846,https://doi.org/10.1016/j.taap.2007.06.023,https://pubmed.ncbi.nlm.nih.gov/17698157,,0,
https://openalex.org/w2122796326,https://doi.org/10.1590/s0103-64402004000300006,https://pubmed.ncbi.nlm.nih.gov/15798822,084-513-124-813-777,0,
https://openalex.org/w2028514594,https://doi.org/10.1021/ac900813m,https://pubmed.ncbi.nlm.nih.gov/19627127,018-081-725-198-001,0,
https://openalex.org/w1994201245,https://doi.org/10.1016/j.jdent.2004.12.007,https://pubmed.ncbi.nlm.nih.gov/16139695,,0,
https://openalex.org/w2069574928,https://doi.org/10.1016/j.etap.2007.05.003,https://pubmed.ncbi.nlm.nih.gov/21783809,,0,
https://openalex.org/w2053363354,https://doi.org/10.1016/j.talanta.2011.12.023,https://pubmed.ncbi.nlm.nih.gov/22284489,,0,
https://openalex.org/w2087919607,https://doi.org/10.1289/ehp.98106167,https://pubmed.ncbi.nlm.nih.gov/9449681,040-253-763-349-056,0,
https://openalex.org/w1982788880,https://doi.org/10.1177/1933719111415547,https://pubmed.ncbi.nlm.nih.gov/22101236,,0,
https://openalex.org/w2092814128,https://doi.org/10.1016/j.jdent.2009.11.001,https://pubmed.ncbi.nlm.nih.gov/19931587,,0,
https://openalex.org/w2147267560,https://doi.org/10.1016/s0889-5406(95)70016-1,https://pubmed.ncbi.nlm.nih.gov/7661139,018-091-677-953-795,0,
https://openalex.org/w1977388914,https://doi.org/10.1016/s0378-4274(02)00203-5,https://pubmed.ncbi.nlm.nih.gov/12119130,,0,
https://openalex.org/w1988466499,https://doi.org/10.1002/jbm.b.30252,https://pubmed.ncbi.nlm.nih.gov/15889433,009-003-751-766-64X,0,
https://openalex.org/w2023711410,https://doi.org/10.2341/11-222-c,https://pubmed.ncbi.nlm.nih.gov/21942235,101-240-015-547-178,0,
https://openalex.org/w2161352270,https://doi.org/10.1111/j.1365-2796.2012.02536.x,https://pubmed.ncbi.nlm.nih.gov/22372998,031-200-064-177-931,0,
https://openalex.org/w2015328830,https://doi.org/10.1034/j.1600-0854.2003.c242.x,https://pubmed.ncbi.nlm.nih.gov/12809271,009-387-205-215-029,0,
https://openalex.org/w2133799404,https://doi.org/10.1016/j.dental.2008.08.010,https://pubmed.ncbi.nlm.nih.gov/18835638,,0,
https://openalex.org/w2032495955,https://doi.org/10.1016/j.chemosphere.2011.02.029,https://pubmed.ncbi.nlm.nih.gov/21392814,,0,
https://openalex.org/w2067819185,https://doi.org/10.1016/j.envint.2011.04.010,https://pubmed.ncbi.nlm.nih.gov/21596439,030-148-522-330-357,0,
https://openalex.org/w2029397929,https://doi.org/10.1016/j.chroma.2013.04.054,https://pubmed.ncbi.nlm.nih.gov/23683892,,0,
https://openalex.org/w1483559145,https://doi.org/10.1002/lary.23791,https://pubmed.ncbi.nlm.nih.gov/23686345,036-780-692-754-547,0,
https://openalex.org/w2468297465,,https://pubmed.ncbi.nlm.nih.gov/6241863,,0,
https://openalex.org/w2066837741,https://doi.org/10.1111/j.1875-595x.2004.tb00247.x,https://pubmed.ncbi.nlm.nih.gov/15005468,017-944-858-915-371,0,
https://openalex.org/w1998596389,https://doi.org/10.1016/0022-3913(91)90506-r,https://pubmed.ncbi.nlm.nih.gov/1838771,,0,
https://openalex.org/w2042253019,https://doi.org/10.2341/05-131,https://pubmed.ncbi.nlm.nih.gov/17153976,010-423-144-759-33X,0,
https://openalex.org/w2090173109,https://doi.org/10.1016/j.biomaterials.2003.11.048,https://pubmed.ncbi.nlm.nih.gov/15120502,,0,
https://openalex.org/w1986493045,https://doi.org/10.1016/s0021-9673(01)01522-9,https://pubmed.ncbi.nlm.nih.gov/11860130,,0,
https://openalex.org/w83978325,https://doi.org/10.3724/sp.j.1123.2012.08024,https://pubmed.ncbi.nlm.nih.gov/23383486,013-723-110-288-57X,0,
https://openalex.org/w2081704559,https://doi.org/10.1016/j.fct.2013.03.027,https://pubmed.ncbi.nlm.nih.gov/23567242,052-454-903-991-080,0,
https://openalex.org/w1963910230,https://doi.org/10.1016/j.jdent.2011.09.012,https://pubmed.ncbi.nlm.nih.gov/22001066,,0,
https://openalex.org/w1979214909,https://doi.org/10.1016/0022-3913(86)90385-9,https://pubmed.ncbi.nlm.nih.gov/2945006,,0,
https://openalex.org/w2472792922,,https://pubmed.ncbi.nlm.nih.gov/9668944,,0,
https://openalex.org/w2413207125,,https://pubmed.ncbi.nlm.nih.gov/9002814,,0,
https://openalex.org/w135564712,https://doi.org/10.3290/j.jad.a17074,https://pubmed.ncbi.nlm.nih.gov/19701508,,0,
https://openalex.org/w2412055845,,https://pubmed.ncbi.nlm.nih.gov/2529421,,0,
https://openalex.org/w2037450745,https://doi.org/10.3390/ijms12053322,https://pubmed.ncbi.nlm.nih.gov/21686187,154-486-431-161-277,0,
https://openalex.org/w1997576256,https://doi.org/10.1016/s0091-3057(99)00136-7,https://pubmed.ncbi.nlm.nih.gov/10593191,,0,
https://openalex.org/w2078385513,https://doi.org/10.1016/j.jhazmat.2008.09.074,https://pubmed.ncbi.nlm.nih.gov/18977596,,0,
https://openalex.org/w2167715528,https://doi.org/10.1897/07-472.1,https://pubmed.ncbi.nlm.nih.gov/18613742,016-379-420-180-969,0,
https://openalex.org/w2043305460,https://doi.org/10.1080/10256019908234085,https://pubmed.ncbi.nlm.nih.gov/10902538,031-907-512-605-688,0,
https://openalex.org/w2187168013,https://doi.org/10.1043/0003-3219(1993)063<0213:bsoacf>2.0.co;2,https://pubmed.ncbi.nlm.nih.gov/8214790,,0,
https://openalex.org/w2106395068,https://doi.org/10.1080/10934529.2012.680387,https://pubmed.ncbi.nlm.nih.gov/22871016,076-521-373-874-394,0,
https://openalex.org/w2137956567,https://doi.org/10.1111/j.1365-2842.1996.tb00856.x,https://pubmed.ncbi.nlm.nih.gov/8736441,014-622-287-426-863,0,
https://openalex.org/w2474861070,,https://pubmed.ncbi.nlm.nih.gov/2935900,,0,
https://openalex.org/w2103174554,https://doi.org/10.1095/biolreprod.112.100636,https://pubmed.ncbi.nlm.nih.gov/22875908,089-616-787-919-226,0,
https://openalex.org/w2410885385,,https://pubmed.ncbi.nlm.nih.gov/12666894,,0,
https://openalex.org/w2039546808,https://doi.org/10.1111/j.1532-849x.2007.00278.x,https://pubmed.ncbi.nlm.nih.gov/18086139,108-070-823-088-761,0,
https://openalex.org/w2416276611,,https://pubmed.ncbi.nlm.nih.gov/3161774,,0,
https://openalex.org/w2022532027,https://doi.org/10.1289/ehp.1306963,https://pubmed.ncbi.nlm.nih.gov/23817036,006-121-752-783-714,0,
https://openalex.org/w2015110713,https://doi.org/10.1080/15287394.2010.511584,https://pubmed.ncbi.nlm.nih.gov/20954083,022-549-686-851-666,0,
https://openalex.org/w1995037812,https://doi.org/10.1016/j.dental.2005.04.002,https://pubmed.ncbi.nlm.nih.gov/16046232,,0,
https://openalex.org/w2149562615,https://doi.org/10.1093/toxsci/kfg093,https://pubmed.ncbi.nlm.nih.gov/12773777,079-369-012-616-758,0,
https://openalex.org/w2146254910,,https://pubmed.ncbi.nlm.nih.gov/20799174,,0,
https://openalex.org/w2028168086,https://doi.org/10.1093/ejo/cji044,https://pubmed.ncbi.nlm.nih.gov/16043470,018-897-663-974-58X,0,
https://openalex.org/w2018532276,https://doi.org/10.1038/sj.bdj.4808760,https://pubmed.ncbi.nlm.nih.gov/7766457,,0,
https://openalex.org/w2170121431,https://doi.org/10.1016/j.reprotox.2010.12.002,https://pubmed.ncbi.nlm.nih.gov/21182934,,0,
https://openalex.org/w2040931371,https://doi.org/10.1016/s0021-9673(02)00902-0,https://pubmed.ncbi.nlm.nih.gov/12385385,,0,
https://openalex.org/w2045806420,https://doi.org/10.1016/j.jdent.2007.08.007,https://pubmed.ncbi.nlm.nih.gov/17923225,,0,
https://openalex.org/w2163478251,https://doi.org/10.1093/toxsci/kfp266,https://pubmed.ncbi.nlm.nih.gov/19864446,022-400-068-457-535,1,
https://openalex.org/w1994136133,https://doi.org/10.1021/jf000660n,https://pubmed.ncbi.nlm.nih.gov/11312818,036-203-495-071-368,0,
https://openalex.org/w1978765792,https://doi.org/10.1016/j.prosdent.2004.02.001,https://pubmed.ncbi.nlm.nih.gov/15116037,,0,
https://openalex.org/w1984748342,https://doi.org/10.1016/j.watres.2008.07.015,https://pubmed.ncbi.nlm.nih.gov/18752822,,0,
https://openalex.org/w1996317642,https://doi.org/10.1016/j.jsbmb.2008.02.008,https://pubmed.ncbi.nlm.nih.gov/18400491,151-381-559-727-612,0,
https://openalex.org/w2441572415,,https://pubmed.ncbi.nlm.nih.gov/7803003,,0,
https://openalex.org/w2054285901,https://doi.org/10.1016/j.tox.2004.02.015,https://pubmed.ncbi.nlm.nih.gov/15147785,,0,
https://openalex.org/w2143661005,https://doi.org/10.1080/10934529.2013.726592,https://pubmed.ncbi.nlm.nih.gov/23245299,012-062-851-661-755,0,
https://openalex.org/w2009638423,https://doi.org/10.2166/wst.2006.189,https://pubmed.ncbi.nlm.nih.gov/16749452,085-423-081-890-744,0,
https://openalex.org/w2170055853,https://doi.org/10.1177/154405910708600608,https://pubmed.ncbi.nlm.nih.gov/17525352,147-774-939-758-130,0,
https://openalex.org/w2063046454,https://doi.org/10.1016/s0045-6535(98)00464-0,https://pubmed.ncbi.nlm.nih.gov/10204238,,0,
https://openalex.org/w2084856437,https://doi.org/10.1002/etc.5620201224,https://pubmed.ncbi.nlm.nih.gov/11764168,040-658-411-507-749,0,
https://openalex.org/w2020646699,https://doi.org/10.1038/clpt.2009.195,https://pubmed.ncbi.nlm.nih.gov/19865080,037-599-138-516-613,0,
https://openalex.org/w1975693059,https://doi.org/10.1039/b616919h,https://pubmed.ncbi.nlm.nih.gov/17325754,026-655-932-368-990,0,
https://openalex.org/w2027646618,https://doi.org/10.1016/j.talanta.2011.12.015,https://pubmed.ncbi.nlm.nih.gov/22284479,,0,
https://openalex.org/w1509564593,https://doi.org/10.2166/wst.2004.0301,https://pubmed.ncbi.nlm.nih.gov/15497822,028-538-078-508-578,0,
https://openalex.org/w2146493540,,https://pubmed.ncbi.nlm.nih.gov/9713685,,0,
https://openalex.org/w2029664629,https://doi.org/10.1016/j.etap.2012.12.016,https://pubmed.ncbi.nlm.nih.gov/23376180,,0,
https://openalex.org/w2073160418,https://doi.org/10.1016/0889-5406(91)70048-2,https://pubmed.ncbi.nlm.nih.gov/2069147,098-046-711-159-296,0,
https://openalex.org/w2130625284,https://doi.org/10.1034/j.1600-9975.2002.02030.x,https://pubmed.ncbi.nlm.nih.gov/12887577,119-737-021-087-988,0,
https://openalex.org/w2102902693,https://doi.org/10.1093/toxsci/kfq081,https://pubmed.ncbi.nlm.nih.gov/20299547,017-922-609-574-45X,0,
https://openalex.org/w1970478664,https://doi.org/10.1016/j.chroma.2011.06.005,https://pubmed.ncbi.nlm.nih.gov/21708384,,0,
https://openalex.org/w2040352758,https://doi.org/10.1016/s0300-5712(98)00048-7,https://pubmed.ncbi.nlm.nih.gov/10079629,,0,
https://openalex.org/w2048628028,https://doi.org/10.1021/es900235f,https://pubmed.ncbi.nlm.nih.gov/19544899,106-063-065-054-766,0,
https://openalex.org/w2231455430,,https://pubmed.ncbi.nlm.nih.gov/11203838,,0,
https://openalex.org/w2035644094,https://doi.org/10.1016/j.jdent.2003.11.002,https://pubmed.ncbi.nlm.nih.gov/15001288,,0,
https://openalex.org/w141908536,,https://pubmed.ncbi.nlm.nih.gov/11504434,,0,
https://openalex.org/w2102031307,https://doi.org/10.1016/s0889-5406(95)70051-x,https://pubmed.ncbi.nlm.nih.gov/7484970,035-453-977-423-026,0,
https://openalex.org/w2144064010,https://doi.org/10.1016/j.chroma.2005.02.067,https://pubmed.ncbi.nlm.nih.gov/15861791,,0,
https://openalex.org/w2084384152,https://doi.org/10.1007/s10646-008-0192-2,https://pubmed.ncbi.nlm.nih.gov/18320304,,0,
https://openalex.org/w4300090315,,https://pubmed.ncbi.nlm.nih.gov/2100380,,0,
https://openalex.org/w2104059512,https://doi.org/10.1002/jbm.b.30716,https://pubmed.ncbi.nlm.nih.gov/17106892,054-154-658-371-264,0,
https://openalex.org/w1993301880,https://doi.org/10.1007/s11356-011-0661-7,https://pubmed.ncbi.nlm.nih.gov/22116734,,0,
https://openalex.org/w2138007516,https://doi.org/10.1111/j.1438-8677.2010.00330.x,https://pubmed.ncbi.nlm.nih.gov/21143743,009-139-433-497-512,0,
https://openalex.org/w2001872368,https://doi.org/10.1289/ehp.1003385,https://pubmed.ncbi.nlm.nih.gov/21642047,013-792-308-739-558,0,
https://openalex.org/w2045825411,https://doi.org/10.1111/j.1600-9657.2008.00715.x,https://pubmed.ncbi.nlm.nih.gov/19208019,013-496-393-535-640,0,
https://openalex.org/w2168381050,https://doi.org/10.1093/ejo/cjq128,https://pubmed.ncbi.nlm.nih.gov/21228118,061-450-812-334-964,0,
https://openalex.org/w2105584910,https://doi.org/10.1177/0192623309354108,https://pubmed.ncbi.nlm.nih.gov/19933552,070-046-713-169-600,0,
https://openalex.org/w2054397189,https://doi.org/10.1016/j.ajodo.2012.09.008,https://pubmed.ncbi.nlm.nih.gov/23273365,002-315-139-300-470,0,
https://openalex.org/w1965119826,https://doi.org/10.1093/carcin/10.2.321,https://pubmed.ncbi.nlm.nih.gov/2912584,134-004-655-109-11X,0,
https://openalex.org/w2072345180,https://doi.org/10.1016/j.toxlet.2010.08.014,https://pubmed.ncbi.nlm.nih.gov/20813173,,0,
https://openalex.org/w2015118966,https://doi.org/10.1016/s0109-5641(01)00022-7,https://pubmed.ncbi.nlm.nih.gov/11740967,,0,
https://openalex.org/w2293874035,,https://pubmed.ncbi.nlm.nih.gov/9115677,,0,
https://openalex.org/w2022743795,https://doi.org/10.1111/j.1365-2842.2009.02028.x,https://pubmed.ncbi.nlm.nih.gov/19968767,008-015-216-703-489,0,
https://openalex.org/w1591765085,,https://pubmed.ncbi.nlm.nih.gov/11800447,,0,
https://openalex.org/w2418835327,,https://pubmed.ncbi.nlm.nih.gov/23156640,,0,
https://openalex.org/w2022586611,https://doi.org/10.1289/ehp.9810623,https://pubmed.ncbi.nlm.nih.gov/9417770,045-300-486-969-53X,0,
https://openalex.org/w1957916927,https://doi.org/10.1043/0003-3219(2002)072<0464:eomtac>2.0.co;2,https://pubmed.ncbi.nlm.nih.gov/12401056,,0,
https://openalex.org/w2141850085,https://doi.org/10.1002/rcm.2221,https://pubmed.ncbi.nlm.nih.gov/16261642,091-120-224-615-627,0,
https://openalex.org/w1920754795,https://doi.org/10.1111/j.1600-0722.2010.00744.x,https://pubmed.ncbi.nlm.nih.gov/20662915,034-534-047-195-192,0,
https://openalex.org/w2090142776,https://doi.org/10.1016/j.chroma.2008.07.001,https://pubmed.ncbi.nlm.nih.gov/18639882,,0,
https://openalex.org/w1990651762,https://doi.org/10.1016/j.brainresrev.2007.06.010,https://pubmed.ncbi.nlm.nih.gov/17822775,,0,
https://openalex.org/w2044927758,https://doi.org/10.1080/10590500600936474,https://pubmed.ncbi.nlm.nih.gov/17114110,040-092-679-637-077,0,
https://openalex.org/w2394936825,https://doi.org/10.3760/cma.j.issn.1002-0098.2012.11.012,https://pubmed.ncbi.nlm.nih.gov/23302433,,0,
https://openalex.org/w2052666833,https://doi.org/10.1016/j.clinbiochem.2012.08.024,https://pubmed.ncbi.nlm.nih.gov/22981830,,0,
https://openalex.org/w2064520252,https://doi.org/10.1088/0957-4484/23/11/115604,https://pubmed.ncbi.nlm.nih.gov/22370564,141-860-244-420-531,0,
https://openalex.org/w1989571679,https://doi.org/10.1016/j.dental.2012.01.005,https://pubmed.ncbi.nlm.nih.gov/22305716,021-658-982-066-538,0,
https://openalex.org/w2085993024,https://doi.org/10.1289/ehp.114-1480521,https://pubmed.ncbi.nlm.nih.gov/16759969,063-799-494-786-256,0,
https://openalex.org/w2012470495,https://doi.org/10.1093/oxfordjournals.jbchem.a003220,https://pubmed.ncbi.nlm.nih.gov/12153725,052-318-861-930-602,0,
https://openalex.org/w4300577078,,https://pubmed.ncbi.nlm.nih.gov/12524772,,0,
https://openalex.org/w1994960326,https://doi.org/10.1038/4641122a,https://pubmed.ncbi.nlm.nih.gov/20414285,055-715-549-123-898,0,
https://openalex.org/w2036480447,https://doi.org/10.1016/j.ajodo.2006.08.013,https://pubmed.ncbi.nlm.nih.gov/17208109,045-189-691-477-240,0,
https://openalex.org/w2029513030,https://doi.org/10.1289/ehp.114-a16a,https://pubmed.ncbi.nlm.nih.gov/16393639,015-052-996-375-602,0,
https://openalex.org/w67288667,,https://pubmed.ncbi.nlm.nih.gov/14753334,,0,
https://openalex.org/w2014437792,https://doi.org/10.1016/j.brainresbull.2004.11.017,https://pubmed.ncbi.nlm.nih.gov/15811589,,0,
https://openalex.org/w2167413440,https://doi.org/10.2341/10-404-l,https://pubmed.ncbi.nlm.nih.gov/21864127,017-998-931-119-499,0,
https://openalex.org/w2469389164,,https://pubmed.ncbi.nlm.nih.gov/9545919,,0,
https://openalex.org/w2087721099,https://doi.org/10.1016/s0099-2399(98)80153-2,https://pubmed.ncbi.nlm.nih.gov/10023251,,0,
https://openalex.org/w2414280053,,https://pubmed.ncbi.nlm.nih.gov/8234649,,0,
https://openalex.org/w2188315728,,https://pubmed.ncbi.nlm.nih.gov/11737983,,0,
https://openalex.org/w2068752468,https://doi.org/10.1016/j.chroma.2007.02.109,https://pubmed.ncbi.nlm.nih.gov/17412351,,0,
https://openalex.org/w2026592565,https://doi.org/10.1016/s0045-6535(03)00128-0,https://pubmed.ncbi.nlm.nih.gov/12738289,,0,
https://openalex.org/w1996495377,https://doi.org/10.14219/jada.archive.1985.0235,https://pubmed.ncbi.nlm.nih.gov/2933440,149-583-656-455-894,0,
https://openalex.org/w2011971799,https://doi.org/10.5005/jp-journals-10024-1274,https://pubmed.ncbi.nlm.nih.gov/23579898,014-761-784-309-289,0,
https://openalex.org/w2061692817,https://doi.org/10.1021/ac0519662,https://pubmed.ncbi.nlm.nih.gov/16642998,000-361-911-944-47X,0,
https://openalex.org/w2402515918,,https://pubmed.ncbi.nlm.nih.gov/11203777,,0,
https://openalex.org/w2041124206,https://doi.org/10.1016/j.toxlet.2007.11.001,https://pubmed.ncbi.nlm.nih.gov/18155859,002-173-632-319-799,0,
https://openalex.org/w2161953014,https://doi.org/10.1016/j.dental.2012.08.006,https://pubmed.ncbi.nlm.nih.gov/22940188,,0,
https://openalex.org/w1694321742,https://doi.org/10.1043/0003-3219(2003)073<0451:tasbso>2.0.co;2,https://pubmed.ncbi.nlm.nih.gov/12940567,,0,
https://openalex.org/w2170825855,https://doi.org/10.1002/etc.1961,https://pubmed.ncbi.nlm.nih.gov/22847724,016-026-424-809-062,0,
https://openalex.org/w2032762013,https://doi.org/10.1371/journal.pone.0028068,https://pubmed.ncbi.nlm.nih.gov/22132214,057-076-827-642-773,0,
https://openalex.org/w2004408597,https://doi.org/10.1210/mend.14.3.0424,https://pubmed.ncbi.nlm.nih.gov/10707959,025-448-257-124-176,0,
https://openalex.org/w2093107609,https://doi.org/10.1371/journal.pone.0010741,https://pubmed.ncbi.nlm.nih.gov/20505776,021-010-382-458-659,0,
https://openalex.org/w1970486018,https://doi.org/10.4012/dmj.10.121,https://pubmed.ncbi.nlm.nih.gov/1840321,159-914-613-295-583,0,
https://openalex.org/w3144092426,,https://pubmed.ncbi.nlm.nih.gov/11764124,,0,
https://openalex.org/w2126742055,https://doi.org/10.1084/jem.20061640,https://pubmed.ncbi.nlm.nih.gov/17145956,055-788-097-076-564,0,
https://openalex.org/w2040965131,https://doi.org/10.1289/ehp.1002512,https://pubmed.ncbi.nlm.nih.gov/20870566,005-346-629-932-316,0,
https://openalex.org/w2158912069,https://doi.org/10.1111/j.1365-2842.1981.tb00525.x,https://pubmed.ncbi.nlm.nih.gov/6947082,121-745-589-165-59X,0,
https://openalex.org/w2063397709,https://doi.org/10.1067/mod.2002.125994,https://pubmed.ncbi.nlm.nih.gov/12226610,014-869-051-481-676,0,
https://openalex.org/w2418796567,,https://pubmed.ncbi.nlm.nih.gov/6235568,,0,
https://openalex.org/w2146634075,https://doi.org/10.17796/jcpd.35.2.958893530534m503,https://pubmed.ncbi.nlm.nih.gov/21417118,135-523-983-576-340,0,
https://openalex.org/w2071279133,https://doi.org/10.1016/j.dental.2005.04.015,https://pubmed.ncbi.nlm.nih.gov/16039707,,0,
https://openalex.org/w2088910177,https://doi.org/10.1002/jnr.20050,https://pubmed.ncbi.nlm.nih.gov/15079872,030-170-039-803-493,0,
https://openalex.org/w2037462194,https://doi.org/10.17796/jcpd.25.4.w05l3m2316557740,https://pubmed.ncbi.nlm.nih.gov/11497010,165-896-329-222-089,0,
https://openalex.org/w2031194233,https://doi.org/10.1016/j.bios.2007.03.010,https://pubmed.ncbi.nlm.nih.gov/17467970,,0,
https://openalex.org/w1987722108,https://doi.org/10.2486/indhealth.44.510,https://pubmed.ncbi.nlm.nih.gov/16922197,082-410-101-778-927,0,
https://openalex.org/w2058159948,https://doi.org/10.1021/la060863r,https://pubmed.ncbi.nlm.nih.gov/16893242,033-126-326-911-631,0,
https://openalex.org/w2148435273,https://doi.org/10.1002/etc.634,https://pubmed.ncbi.nlm.nih.gov/21805498,129-509-000-487-307,0,
https://openalex.org/w2096510825,https://doi.org/10.1007/s00204-007-0226-1,https://pubmed.ncbi.nlm.nih.gov/17611738,,0,
https://openalex.org/w1969382744,https://doi.org/10.1111/j.1708-8240.2003.tb00325.x,https://pubmed.ncbi.nlm.nih.gov/12762474,054-805-958-442-024,0,
https://openalex.org/w2158864982,https://doi.org/10.1111/j.1708-8240.2003.tb00323.x,https://pubmed.ncbi.nlm.nih.gov/12762473,000-098-631-070-899,0,
https://openalex.org/w2079831497,https://doi.org/10.1016/j.neulet.2003.09.031,https://pubmed.ncbi.nlm.nih.gov/14664910,,0,
https://openalex.org/w2033025263,https://doi.org/10.1016/j.mrgentox.2007.10.021,https://pubmed.ncbi.nlm.nih.gov/18162433,,0,
https://openalex.org/w39922745,,https://pubmed.ncbi.nlm.nih.gov/12889706,,0,
https://openalex.org/w1996606761,https://doi.org/10.1016/j.ajodo.2006.11.020,https://pubmed.ncbi.nlm.nih.gov/19121501,028-537-619-184-947,0,
https://openalex.org/w2009254369,https://doi.org/10.1289/ehp.11839,https://pubmed.ncbi.nlm.nih.gov/19270782,008-834-684-678-674,0,
https://openalex.org/w2048405118,https://doi.org/10.1021/jf101346e,https://pubmed.ncbi.nlm.nih.gov/20597507,020-220-593-725-904,0,
https://openalex.org/w1974331872,https://doi.org/10.2166/wst.2011.831,https://pubmed.ncbi.nlm.nih.gov/22173411,023-489-515-269-617,0,
https://openalex.org/w2060658973,https://doi.org/10.1016/j.jneuroim.2005.06.026,https://pubmed.ncbi.nlm.nih.gov/16091293,,0,
https://openalex.org/w2410240276,,https://pubmed.ncbi.nlm.nih.gov/18473024,,0,
https://openalex.org/w1995632155,https://doi.org/10.1289/ehp.95103s7129,https://pubmed.ncbi.nlm.nih.gov/8593858,053-283-017-475-279,0,
https://openalex.org/w2068908383,https://doi.org/10.1046/j.1525-1373.2000.22401.x,https://pubmed.ncbi.nlm.nih.gov/10806411,,0,
https://openalex.org/w1598982435,,https://pubmed.ncbi.nlm.nih.gov/17212078,,0,
https://openalex.org/w2137304618,https://doi.org/10.1016/j.dental.2003.05.010,https://pubmed.ncbi.nlm.nih.gov/15302458,,0,
https://openalex.org/w2015258051,https://doi.org/10.1016/0109-5641(94)90041-8,https://pubmed.ncbi.nlm.nih.gov/7498594,,0,
https://openalex.org/w2406502425,,https://pubmed.ncbi.nlm.nih.gov/22016915,,0,
https://openalex.org/w1969293904,https://doi.org/10.1067/mpr.2001.116500,https://pubmed.ncbi.nlm.nih.gov/11552167,,0,
https://openalex.org/w1966093937,https://doi.org/10.1016/j.saa.2011.02.033,https://pubmed.ncbi.nlm.nih.gov/21435941,,0,
https://openalex.org/w2087443249,https://doi.org/10.1016/s0378-4274(03)00172-3,https://pubmed.ncbi.nlm.nih.gov/12849686,,0,
https://openalex.org/w1968763098,https://doi.org/10.1016/j.watres.2007.06.038,https://pubmed.ncbi.nlm.nih.gov/17632207,,0,
https://openalex.org/w2025646792,https://doi.org/10.1897/04-063r.1,https://pubmed.ncbi.nlm.nih.gov/15683178,011-769-590-769-882,0,
https://openalex.org/w2396282742,,https://pubmed.ncbi.nlm.nih.gov/8120145,,0,
https://openalex.org/w2148027172,https://doi.org/10.1073/pnas.1215221109,https://pubmed.ncbi.nlm.nih.gov/23047691,046-416-673-095-787,0,
https://openalex.org/w2054790962,https://doi.org/10.1248/bpb.23.498,https://pubmed.ncbi.nlm.nih.gov/10784435,000-122-721-667-813,0,
https://openalex.org/w1955663168,https://doi.org/10.1177/088532829701100304,https://pubmed.ncbi.nlm.nih.gov/9067809,103-911-887-494-605,0,
https://openalex.org/w2030772180,https://doi.org/10.1016/j.reprotox.2010.09.009,https://pubmed.ncbi.nlm.nih.gov/20887781,010-017-390-864-000,0,
https://openalex.org/w1967209910,https://doi.org/10.1308/135576109787909364,https://pubmed.ncbi.nlm.nih.gov/19366521,050-515-627-555-453,0,
https://openalex.org/w2070925219,https://doi.org/10.1016/j.scitotenv.2013.01.089,https://pubmed.ncbi.nlm.nih.gov/23474262,,0,
https://openalex.org/w2039711181,https://doi.org/10.1289/ehp.9282,https://pubmed.ncbi.nlm.nih.gov/17366824,042-855-285-424-402,1,
https://openalex.org/w1980576447,https://doi.org/10.1016/j.biortech.2010.11.091,https://pubmed.ncbi.nlm.nih.gov/21147528,,0,
https://openalex.org/w2127519541,https://doi.org/10.1016/j.fct.2007.06.011,https://pubmed.ncbi.nlm.nih.gov/17651883,,0,
https://openalex.org/w1998659140,https://doi.org/10.1111/j.1365-2842.1996.tb01235.x,https://pubmed.ncbi.nlm.nih.gov/8667128,132-599-425-223-868,0,
https://openalex.org/w2084235830,https://doi.org/10.1248/bpb.31.375,https://pubmed.ncbi.nlm.nih.gov/18310895,121-181-328-093-03X,0,
https://openalex.org/w2443156785,,https://pubmed.ncbi.nlm.nih.gov/1830747,,0,
https://openalex.org/w145966228,,https://pubmed.ncbi.nlm.nih.gov/12238688,,0,
https://openalex.org/w2408616184,,https://pubmed.ncbi.nlm.nih.gov/9466012,,0,
https://openalex.org/w2017181144,https://doi.org/10.14219/jada.archive.1991.0122,https://pubmed.ncbi.nlm.nih.gov/1826914,,0,
https://openalex.org/w2110379623,https://doi.org/10.17796/jcpd.35.3.rr23x767505n22t7,https://pubmed.ncbi.nlm.nih.gov/21678674,010-109-259-549-003,0,
https://openalex.org/w1986071278,https://doi.org/10.1002/jemt.20756,https://pubmed.ncbi.nlm.nih.gov/19565636,011-367-042-252-709,0,
https://openalex.org/w1977379469,https://doi.org/10.1111/j.1600-4469.2004.00221.x,https://pubmed.ncbi.nlm.nih.gov/15144447,069-944-020-122-50X,0,
https://openalex.org/w2084311368,https://doi.org/10.1021/es048204t,https://pubmed.ncbi.nlm.nih.gov/16082974,104-738-312-846-796,0,
https://openalex.org/w1985569861,https://doi.org/10.2131/jts.27.433,https://pubmed.ncbi.nlm.nih.gov/12533913,002-093-542-134-31X,1,
https://openalex.org/w2027427594,https://doi.org/10.1016/j.steroids.2012.02.019,https://pubmed.ncbi.nlm.nih.gov/22410438,,0,
https://openalex.org/w1964867717,https://doi.org/10.1038/ki.2012.6,https://pubmed.ncbi.nlm.nih.gov/22398408,005-641-180-698-41X,0,
https://openalex.org/w2412530747,https://doi.org/10.1007/978-1-60327-394-7_14,https://pubmed.ncbi.nlm.nih.gov/19649600,024-624-481-872-156,0,
https://openalex.org/w2059643718,https://doi.org/10.1016/s0109-5641(87)80062-3,https://pubmed.ncbi.nlm.nih.gov/2952537,,0,
https://openalex.org/w2124958203,https://doi.org/10.1210/en.2012-1195,https://pubmed.ncbi.nlm.nih.gov/22707478,015-923-737-253-732,0,
https://openalex.org/w2023610534,https://doi.org/10.1039/c3mb25309k,https://pubmed.ncbi.nlm.nih.gov/23455869,101-922-989-626-446,0,
https://openalex.org/w2077451315,https://doi.org/10.1097/mop.0b013e3283404156,https://pubmed.ncbi.nlm.nih.gov/20966755,064-599-783-548-924,0,
https://openalex.org/w2408051415,,https://pubmed.ncbi.nlm.nih.gov/6212128,,0,
https://openalex.org/w2028181609,https://doi.org/10.4012/dmj.2009-091,https://pubmed.ncbi.nlm.nih.gov/21099154,001-710-497-507-66X,0,
https://openalex.org/w2048838361,https://doi.org/10.1016/j.chemosphere.2012.04.053,https://pubmed.ncbi.nlm.nih.gov/22633858,,0,
https://openalex.org/w2408576626,,https://pubmed.ncbi.nlm.nih.gov/1290611,,0,
https://openalex.org/w116279596,,https://pubmed.ncbi.nlm.nih.gov/7999290,,0,
https://openalex.org/w2124920763,https://doi.org/10.1016/0889-5406(91)70052-x,https://pubmed.ncbi.nlm.nih.gov/1829872,129-044-046-931-728,0,
https://openalex.org/w2106316425,https://doi.org/10.1097/00004770-200106000-00007,https://pubmed.ncbi.nlm.nih.gov/11487134,007-833-380-474-313,0,
https://openalex.org/w1996682782,https://doi.org/10.1016/j.biomaterials.2009.11.065,https://pubmed.ncbi.nlm.nih.gov/20004467,,0,
https://openalex.org/w2090757999,https://doi.org/10.1289/ehp.99107397,https://pubmed.ncbi.nlm.nih.gov/10210696,074-507-237-301-547,0,
https://openalex.org/w1971113723,https://doi.org/10.1271/bbb.68.1398,https://pubmed.ncbi.nlm.nih.gov/15215615,013-739-599-155-436,0,
https://openalex.org/w2394716933,,https://pubmed.ncbi.nlm.nih.gov/15293423,,0,
https://openalex.org/w2088713179,https://doi.org/10.1016/j.cbi.2006.08.005,https://pubmed.ncbi.nlm.nih.gov/16982041,,0,
https://openalex.org/w2442134533,,https://pubmed.ncbi.nlm.nih.gov/10323147,,0,
https://openalex.org/w4247451375,https://doi.org/10.1002/0471701343.sdp03666,https://pubmed.ncbi.nlm.nih.gov/10476399,,0,
https://openalex.org/w1986362379,https://doi.org/10.1007/s00586-003-0607-y,https://pubmed.ncbi.nlm.nih.gov/14505122,019-528-718-715-87X,0,
https://openalex.org/w2089332541,https://doi.org/10.1289/ehp.1205951,https://pubmed.ncbi.nlm.nih.gov/23384675,026-404-675-959-055,0,
https://openalex.org/w2150349118,https://doi.org/10.1016/j.envpol.2013.01.034,https://pubmed.ncbi.nlm.nih.gov/23466734,,0,
https://openalex.org/w2157619278,https://doi.org/10.1210/jc.2010-1658,https://pubmed.ncbi.nlm.nih.gov/21193545,034-589-821-262-744,0,
https://openalex.org/w2041192224,https://doi.org/10.1590/s1517-74912003000300011,https://pubmed.ncbi.nlm.nih.gov/14762505,014-490-766-614-747,0,
https://openalex.org/w2160525582,https://doi.org/10.1095/biolreprod.109.077008,https://pubmed.ncbi.nlm.nih.gov/19458313,053-471-324-528-316,0,
https://openalex.org/w2080852559,https://doi.org/10.1111/j.1365-2591.2009.01666.x,https://pubmed.ncbi.nlm.nih.gov/20518927,055-349-776-710-083,0,
https://openalex.org/w2054981417,https://doi.org/10.1111/j.1600-9657.1996.tb00520.x,https://pubmed.ncbi.nlm.nih.gov/9206368,029-030-779-105-375,0,
https://openalex.org/w2004320667,https://doi.org/10.1016/s0013-9351(02)00019-1,https://pubmed.ncbi.nlm.nih.gov/12584010,,0,
https://openalex.org/w2037143762,https://doi.org/10.1006/jcis.2002.8387,https://pubmed.ncbi.nlm.nih.gov/16290804,,0,
https://openalex.org/w2136308480,https://doi.org/10.1177/0022034511426573,https://pubmed.ncbi.nlm.nih.gov/22019910,051-775-412-280-648,0,
https://openalex.org/w18433972,,https://pubmed.ncbi.nlm.nih.gov/15765957,,0,
https://openalex.org/w2315864191,https://doi.org/10.1021/es200688s,https://pubmed.ncbi.nlm.nih.gov/21395251,,0,
https://openalex.org/w2407105862,,https://pubmed.ncbi.nlm.nih.gov/15887502,,0,
https://openalex.org/w2020354530,https://doi.org/10.1007/s00441-003-0806-1,https://pubmed.ncbi.nlm.nih.gov/14557871,,0,
https://openalex.org/w2093939764,https://doi.org/10.1016/j.aquatox.2011.12.013,https://pubmed.ncbi.nlm.nih.gov/22277249,,0,
https://openalex.org/w2116969382,https://doi.org/10.2341/07-49,https://pubmed.ncbi.nlm.nih.gov/18435186,079-798-104-963-787,0,
https://openalex.org/w2133187403,https://doi.org/10.1897/02-464,https://pubmed.ncbi.nlm.nih.gov/14551989,044-067-482-743-141,0,
https://openalex.org/w2026580140,https://doi.org/10.1179/bjo.22.3.233,https://pubmed.ncbi.nlm.nih.gov/7577872,007-315-879-574-532,0,
https://openalex.org/w2021226799,https://doi.org/10.1002/bmc.99,https://pubmed.ncbi.nlm.nih.gov/11746239,036-233-771-586-542,0,
https://openalex.org/w2089625958,https://doi.org/10.1016/j.ijpharm.2010.01.041,https://pubmed.ncbi.nlm.nih.gov/20138131,,0,
https://openalex.org/w2077075391,https://doi.org/10.1002/(sici)1097-4636(199601)30:1<109::aid-jbm14>3.0.co;2-j,https://pubmed.ncbi.nlm.nih.gov/8788112,024-485-050-811-856,0,
https://openalex.org/w2332950520,https://doi.org/10.1038/sj.bdj.4809499,https://pubmed.ncbi.nlm.nih.gov/9375444,,0,
https://openalex.org/w2124972415,https://doi.org/10.1093/toxsci/kft035,https://pubmed.ncbi.nlm.nih.gov/23457122,073-026-096-126-533,0,
https://openalex.org/w1968877966,https://doi.org/10.1016/j.envres.2004.05.015,https://pubmed.ncbi.nlm.nih.gov/15721882,,0,
https://openalex.org/w1980001856,https://doi.org/10.1016/j.dental.2007.12.008,https://pubmed.ncbi.nlm.nih.gov/18304626,,0,
https://openalex.org/w1984420642,https://doi.org/10.1039/b917137a,https://pubmed.ncbi.nlm.nih.gov/20066334,003-368-230-730-821,0,
https://openalex.org/w2071994059,https://doi.org/10.1016/j.neuro.2010.07.008,https://pubmed.ncbi.nlm.nih.gov/20696184,056-536-144-451-538,1,
https://openalex.org/w131027488,,https://pubmed.ncbi.nlm.nih.gov/20973429,,0,
https://openalex.org/w2051480750,https://doi.org/10.1016/j.reprotox.2010.10.013,https://pubmed.ncbi.nlm.nih.gov/21055461,,0,
https://openalex.org/w2085697769,https://doi.org/10.1016/j.chroma.2008.02.069,https://pubmed.ncbi.nlm.nih.gov/18329033,070-670-019-931-641,0,
https://openalex.org/w1979513518,https://doi.org/10.1016/s0002-8177(86)23018-4,https://pubmed.ncbi.nlm.nih.gov/2937824,002-146-575-441-582,0,
https://openalex.org/w2161605005,,https://pubmed.ncbi.nlm.nih.gov/22238710,,0,
https://openalex.org/w2118994235,https://doi.org/10.1016/j.tox.2012.09.013,https://pubmed.ncbi.nlm.nih.gov/23142792,031-607-211-276-812,0,
https://openalex.org/w2008396621,https://doi.org/10.1016/j.dental.2004.07.005,https://pubmed.ncbi.nlm.nih.gov/15826696,,0,
https://openalex.org/w2401236720,,https://pubmed.ncbi.nlm.nih.gov/11764127,,0,
https://openalex.org/w2132696401,https://doi.org/10.1093/toxsci/kfs167,https://pubmed.ncbi.nlm.nih.gov/22552776,121-182-047-637-509,0,
https://openalex.org/w2331656635,https://doi.org/10.1021/la103956m,https://pubmed.ncbi.nlm.nih.gov/21194226,076-429-274-524-24X,0,
https://openalex.org/w2152338875,https://doi.org/10.1002/jbm.10184,https://pubmed.ncbi.nlm.nih.gov/12115761,139-923-207-770-333,0,
https://openalex.org/w2099910876,https://doi.org/10.2341/07-104,https://pubmed.ncbi.nlm.nih.gov/18666498,032-744-866-936-970,0,
https://openalex.org/w2145042404,https://doi.org/10.1016/j.jdent.2012.01.002,https://pubmed.ncbi.nlm.nih.gov/22265988,,0,
https://openalex.org/w2148625572,https://doi.org/10.1177/00220345960750081401,https://pubmed.ncbi.nlm.nih.gov/8906131,007-944-883-545-680,0,
https://openalex.org/w1979557914,https://doi.org/10.1021/am201182j,https://pubmed.ncbi.nlm.nih.gov/21991982,022-353-920-871-039,0,
https://openalex.org/w2097788716,https://doi.org/10.14219/jada.archive.2007.0204,https://pubmed.ncbi.nlm.nih.gov/17403742,030-042-079-335-050,0,
https://openalex.org/w1996138853,https://doi.org/10.1067/mod.2001.110988,https://pubmed.ncbi.nlm.nih.gov/11244419,023-002-841-157-576,0,
https://openalex.org/w2078385225,https://doi.org/10.1016/j.jbbm.2007.09.002,https://pubmed.ncbi.nlm.nih.gov/17920691,,0,
https://openalex.org/w2359865723,,https://pubmed.ncbi.nlm.nih.gov/19432326,,0,
https://openalex.org/w2043107633,https://doi.org/10.1016/j.toxlet.2011.09.020,https://pubmed.ncbi.nlm.nih.gov/21983029,,0,
https://openalex.org/w2088226853,https://doi.org/10.1007/s00216-010-3670-3,https://pubmed.ncbi.nlm.nih.gov/20383698,,0,
https://openalex.org/w2434149517,,https://pubmed.ncbi.nlm.nih.gov/1839860,,0,
https://openalex.org/w1981130170,https://doi.org/10.14219/jada.archive.1986.0310,https://pubmed.ncbi.nlm.nih.gov/2947944,037-246-561-420-658,0,
https://openalex.org/w2165666145,https://doi.org/10.1271/bbb.110867,https://pubmed.ncbi.nlm.nih.gov/22451401,024-317-266-976-243,0,
https://openalex.org/w1565461249,,https://pubmed.ncbi.nlm.nih.gov/12064490,,0,
https://openalex.org/w2396783351,,https://pubmed.ncbi.nlm.nih.gov/12120769,,0,
https://openalex.org/w2411769065,https://doi.org/10.2478/aoj-1993-0020,https://pubmed.ncbi.nlm.nih.gov/16429853,191-753-377-053-077,0,
https://openalex.org/w1986231063,https://doi.org/10.1021/ac8005632,https://pubmed.ncbi.nlm.nih.gov/18533681,002-321-485-346-210,0,
https://openalex.org/w2395728418,,https://pubmed.ncbi.nlm.nih.gov/2150171,,0,
https://openalex.org/w2475140035,,https://pubmed.ncbi.nlm.nih.gov/10902601,,0,
https://openalex.org/w2028693142,https://doi.org/10.1289/ehp.1002238,https://pubmed.ncbi.nlm.nih.gov/20876036,152-562-692-529-104,0,
https://openalex.org/w2086728307,https://doi.org/10.1016/j.toxlet.2013.01.026,https://pubmed.ncbi.nlm.nih.gov/23391485,,0,
https://openalex.org/w2163939858,https://doi.org/10.2108/zsj.27.338,https://pubmed.ncbi.nlm.nih.gov/20377353,090-273-708-634-753,0,
https://openalex.org/w2166042999,https://doi.org/10.4103/0970-9290.100419,https://pubmed.ncbi.nlm.nih.gov/22945703,099-457-571-019-701,0,
https://openalex.org/w2409142275,,https://pubmed.ncbi.nlm.nih.gov/11764108,,0,
https://openalex.org/w2179491412,https://doi.org/10.1290/1071-2690(2000)036<0320:hicaba>2.0.co;2,https://pubmed.ncbi.nlm.nih.gov/10937835,,0,
https://openalex.org/w2003206217,https://doi.org/10.1016/s1567-5769(03)00182-6,https://pubmed.ncbi.nlm.nih.gov/14555285,,0,
https://openalex.org/w2093558415,https://doi.org/10.1016/0109-5641(92)90109-p,https://pubmed.ncbi.nlm.nih.gov/1303376,,0,
https://openalex.org/w2438947886,,https://pubmed.ncbi.nlm.nih.gov/2938034,,0,
https://openalex.org/w2040532004,https://doi.org/10.1016/s0022-3913(03)00177-x,https://pubmed.ncbi.nlm.nih.gov/12815349,,0,
https://openalex.org/w2001868023,https://doi.org/10.1016/j.dental.2006.03.012,https://pubmed.ncbi.nlm.nih.gov/16725190,,0,
https://openalex.org/w1977429300,https://doi.org/10.4012/dmj.27.765,https://pubmed.ncbi.nlm.nih.gov/19241683,126-399-857-836-031,0,
https://openalex.org/w2140498446,https://doi.org/10.1590/s1678-77572008000300013,https://pubmed.ncbi.nlm.nih.gov/19089224,006-852-791-656-450,0,
https://openalex.org/w2471891359,,https://pubmed.ncbi.nlm.nih.gov/1386934,,0,
https://openalex.org/w2070559563,https://doi.org/10.1111/j.1600-0536.1989.tb03128.x,https://pubmed.ncbi.nlm.nih.gov/2706965,,0,
https://openalex.org/w2143174696,https://doi.org/10.1016/j.chemosphere.2010.12.094,https://pubmed.ncbi.nlm.nih.gov/21295326,,0,
https://openalex.org/w2080500643,https://doi.org/10.1111/j.1600-0722.2007.00483.x,https://pubmed.ncbi.nlm.nih.gov/18028060,083-201-555-947-671,0,
https://openalex.org/w2137987671,https://doi.org/10.1016/s0022-3913(09)60180-3,https://pubmed.ncbi.nlm.nih.gov/19853172,,0,
https://openalex.org/w2415906686,,https://pubmed.ncbi.nlm.nih.gov/19049014,,0,
https://openalex.org/w2047372736,https://doi.org/10.4012/dmj.8.147,https://pubmed.ncbi.nlm.nih.gov/2535210,000-277-098-415-644,0,
https://openalex.org/w2081714605,https://doi.org/10.1016/j.toxlet.2007.06.014,https://pubmed.ncbi.nlm.nih.gov/17689037,,0,
https://openalex.org/w1981022369,https://doi.org/10.1016/s0109-5641(86)80023-9,https://pubmed.ncbi.nlm.nih.gov/2943622,,0,
https://openalex.org/w2404038995,https://doi.org/10.1002/bdrb.20160,https://pubmed.ncbi.nlm.nih.gov/18570260,,0,
https://openalex.org/w2075249549,https://doi.org/10.1016/j.toxlet.2012.01.020,https://pubmed.ncbi.nlm.nih.gov/22327052,,0,
https://openalex.org/w2056736352,https://doi.org/10.1002/etc.18,https://pubmed.ncbi.nlm.nih.gov/20821433,021-720-255-157-016,0,
https://openalex.org/w2067779844,https://doi.org/10.1016/j.chemosphere.2012.05.003,https://pubmed.ncbi.nlm.nih.gov/22682542,,0,
https://openalex.org/w2023560529,https://doi.org/10.1366/000370208786049204,https://pubmed.ncbi.nlm.nih.gov/18926023,054-672-285-729-402,0,
https://openalex.org/w2412341165,,https://pubmed.ncbi.nlm.nih.gov/8008812,,0,
https://openalex.org/w2012273194,https://doi.org/10.1590/s1806-83242004000300009,https://pubmed.ncbi.nlm.nih.gov/15619876,107-220-860-388-557,0,
https://openalex.org/w2094970946,https://doi.org/10.1097/01.don.0000168891.23486.de,https://pubmed.ncbi.nlm.nih.gov/16044041,016-890-966-232-095,0,
https://openalex.org/w2011365242,https://doi.org/10.1080/15226514.2013.828011,https://pubmed.ncbi.nlm.nih.gov/25174419,002-682-551-029-787,0,
https://openalex.org/w2124434575,https://doi.org/10.1177/1470320312459977,https://pubmed.ncbi.nlm.nih.gov/23060470,046-448-051-498-043,0,
https://openalex.org/w2037639413,https://doi.org/10.1007/s10646-006-0106-0,https://pubmed.ncbi.nlm.nih.gov/17219090,,0,
https://openalex.org/w2473398809,,https://pubmed.ncbi.nlm.nih.gov/2971520,,0,
https://openalex.org/w2104055885,https://doi.org/10.1177/00220345010800101101,https://pubmed.ncbi.nlm.nih.gov/11706952,123-081-173-089-11X,0,
https://openalex.org/w2062194390,https://doi.org/10.1136/bmj.a1429,https://pubmed.ncbi.nlm.nih.gov/18728075,007-913-219-647-572,0,
https://openalex.org/w2363774154,,https://pubmed.ncbi.nlm.nih.gov/19662846,,0,
https://openalex.org/w1996071058,https://doi.org/10.1016/s0109-5641(00)00068-3,https://pubmed.ncbi.nlm.nih.gov/11163390,,0,
https://openalex.org/w2167417752,https://doi.org/10.1186/1476-069x-11-79,https://pubmed.ncbi.nlm.nih.gov/23083070,026-794-498-895-842,0,
https://openalex.org/w2412163402,,https://pubmed.ncbi.nlm.nih.gov/1291025,,0,
https://openalex.org/w1975252863,https://doi.org/10.1248/bpb.25.1263,https://pubmed.ncbi.nlm.nih.gov/12392075,024-573-989-448-877,0,
https://openalex.org/w2423468358,,https://pubmed.ncbi.nlm.nih.gov/17080876,,0,
https://openalex.org/w1988034457,https://doi.org/10.14219/jada.archive.1991.0289,https://pubmed.ncbi.nlm.nih.gov/1835987,043-559-160-061-070,0,
https://openalex.org/w2133493849,https://doi.org/10.1111/j.1365-263x.2007.00825.x,https://pubmed.ncbi.nlm.nih.gov/17683327,051-321-905-734-429,0,
https://openalex.org/w2110830078,https://doi.org/10.1016/s0109-5641(01)00089-6,https://pubmed.ncbi.nlm.nih.gov/12191668,,0,
https://openalex.org/w2004952622,https://doi.org/10.1016/0267-6605(94)90019-1,https://pubmed.ncbi.nlm.nih.gov/10150208,,0,
https://openalex.org/w2162233418,https://doi.org/10.1016/j.chemosphere.2007.02.057,https://pubmed.ncbi.nlm.nih.gov/17418883,,0,
https://openalex.org/w2417160527,,https://pubmed.ncbi.nlm.nih.gov/16268391,,0,
https://openalex.org/w2004324201,https://doi.org/10.1016/0165-1218(80)90006-3,https://pubmed.ncbi.nlm.nih.gov/7374665,,0,
https://openalex.org/w1920826459,https://doi.org/10.1046/j.1471-4159.2003.01953.x,https://pubmed.ncbi.nlm.nih.gov/12950458,005-265-673-646-232,0,
https://openalex.org/w2415319655,,https://pubmed.ncbi.nlm.nih.gov/11203812,,0,
https://openalex.org/w2160595898,https://doi.org/10.1095/biolreprod.110.090431,https://pubmed.ncbi.nlm.nih.gov/21636739,066-306-831-767-883,0,
https://openalex.org/w2020337410,https://doi.org/10.1111/j.1365-2842.1994.tb01160.x,https://pubmed.ncbi.nlm.nih.gov/7965357,098-789-303-062-863,0,
https://openalex.org/w2009442480,https://doi.org/10.1021/ac902280h,https://pubmed.ncbi.nlm.nih.gov/20218579,058-517-353-709-944,0,
https://openalex.org/w1992798742,https://doi.org/10.1016/j.chroma.2006.08.072,https://pubmed.ncbi.nlm.nih.gov/16978634,,0,
https://openalex.org/w2033744543,https://doi.org/10.1016/s0300-5712(99)00012-3,https://pubmed.ncbi.nlm.nih.gov/10483400,,0,
https://openalex.org/w2081238895,https://doi.org/10.4012/dmj.2012-283,https://pubmed.ncbi.nlm.nih.gov/23718996,000-240-574-783-124,0,
https://openalex.org/w2121676417,https://doi.org/10.1111/j.1365-2842.1992.tb01587.x,https://pubmed.ncbi.nlm.nih.gov/1533870,056-643-870-004-402,0,
https://openalex.org/w2401341065,https://doi.org/10.5005/jcdp-4-4-28,https://pubmed.ncbi.nlm.nih.gov/14625593,071-711-900-362-995,0,
https://openalex.org/w2058629088,https://doi.org/10.1016/j.jdent.2013.03.006,https://pubmed.ncbi.nlm.nih.gov/23571098,,0,
https://openalex.org/w2023978173,https://doi.org/10.1016/j.domaniend.2005.02.010,https://pubmed.ncbi.nlm.nih.gov/15950431,,0,
https://openalex.org/w1966529513,https://doi.org/10.1177/00220345840630020901,https://pubmed.ncbi.nlm.nih.gov/6229556,123-624-947-291-636,0,
https://openalex.org/w2140633565,https://doi.org/10.1073/pnas.1203574109,https://pubmed.ncbi.nlm.nih.gov/22927406,023-656-704-811-140,0,
https://openalex.org/w4300572822,,https://pubmed.ncbi.nlm.nih.gov/24133740,,0,
https://openalex.org/w2143763987,https://doi.org/10.1124/jpet.106.113613,https://pubmed.ncbi.nlm.nih.gov/17062616,,0,
https://openalex.org/w2017788136,https://doi.org/10.1016/j.taap.2006.11.029,https://pubmed.ncbi.nlm.nih.gov/17222880,,0,
https://openalex.org/w2012005172,https://doi.org/10.1016/s0022-3913(98)70131-3,https://pubmed.ncbi.nlm.nih.gov/9760363,,0,
https://openalex.org/w171217044,,https://pubmed.ncbi.nlm.nih.gov/16734312,,0,
https://openalex.org/w1965565975,https://doi.org/10.1007/s00244-009-9463-z,https://pubmed.ncbi.nlm.nih.gov/20098984,,0,
https://openalex.org/w2070181655,https://doi.org/10.17796/jcpd.35.1.u425308167271132,https://pubmed.ncbi.nlm.nih.gov/21189764,097-158-261-911-531,0,
https://openalex.org/w2443634208,,https://pubmed.ncbi.nlm.nih.gov/2935734,,0,
https://openalex.org/w1983518792,https://doi.org/10.1038/sj.bdj.2009.9,https://pubmed.ncbi.nlm.nih.gov/19148188,080-305-270-661-386,0,
https://openalex.org/w1975828516,https://doi.org/10.1002/bdra.22845,https://pubmed.ncbi.nlm.nih.gov/21987463,041-644-349-942-959,0,
https://openalex.org/w2108510389,https://doi.org/10.1111/j.1365-2591.2005.00967.x,https://pubmed.ncbi.nlm.nih.gov/16011767,060-988-032-644-29X,0,
https://openalex.org/w1983994018,https://doi.org/10.1007/s00204-006-0121-1,https://pubmed.ncbi.nlm.nih.gov/16783546,,0,
https://openalex.org/w2045123003,https://doi.org/10.1265/ehpm.9.22,https://pubmed.ncbi.nlm.nih.gov/21432334,077-192-223-436-497,0,
https://openalex.org/w2083636957,https://doi.org/10.1006/eesa.1999.1800,https://pubmed.ncbi.nlm.nih.gov/10499989,072-654-833-391-144,0,
https://openalex.org/w2050791834,https://doi.org/10.1016/s1001-0742(10)60397-x,https://pubmed.ncbi.nlm.nih.gov/21476337,023-748-309-198-401,0,
https://openalex.org/w1947522035,https://doi.org/10.1043/0003-3219(2001)071<0466:eouanc>2.0.co;2,https://pubmed.ncbi.nlm.nih.gov/11771785,,0,
https://openalex.org/w1980150267,https://doi.org/10.1016/j.dental.2009.03.012,https://pubmed.ncbi.nlm.nih.gov/19410287,,0,
https://openalex.org/w2066342358,https://doi.org/10.4142/jvs.2007.8.1.27,https://pubmed.ncbi.nlm.nih.gov/17322771,021-001-803-100-248,0,
https://openalex.org/w2046524021,https://doi.org/10.1016/j.ntt.2013.01.002,https://pubmed.ncbi.nlm.nih.gov/23339879,024-343-440-627-495,0,
https://openalex.org/w2011853672,https://doi.org/10.1016/s0045-6535(98)00562-1,https://pubmed.ncbi.nlm.nih.gov/10390844,,0,
https://openalex.org/w2064866310,https://doi.org/10.1016/0300-5712(94)90108-2,https://pubmed.ncbi.nlm.nih.gov/7962895,,0,
https://openalex.org/w2025509528,https://doi.org/10.1006/rtph.2001.1525,https://pubmed.ncbi.nlm.nih.gov/12052008,150-926-674-048-851,0,
https://openalex.org/w2120276494,https://doi.org/10.1002/jssc.201000013,https://pubmed.ncbi.nlm.nih.gov/20405487,104-250-095-431-076,0,
https://openalex.org/w2067239956,https://doi.org/10.1093/ejo/16.6.541,https://pubmed.ncbi.nlm.nih.gov/7720799,018-174-995-508-455,0,
https://openalex.org/w2331695587,https://doi.org/10.5005/jp-journals-10024-1171,https://pubmed.ncbi.nlm.nih.gov/23151695,127-491-925-818-360,0,
https://openalex.org/w2167815745,https://doi.org/10.1007/s10646-011-0672-7,https://pubmed.ncbi.nlm.nih.gov/21479784,,0,
https://openalex.org/w2068464108,https://doi.org/10.1095/biolreprod.110.084814,https://pubmed.ncbi.nlm.nih.gov/20739668,045-824-247-448-419,0,
https://openalex.org/w2000435046,https://doi.org/10.1016/s0109-5641(88)80094-0,https://pubmed.ncbi.nlm.nih.gov/2977767,,0,
https://openalex.org/w1981281465,https://doi.org/10.1016/j.jhazmat.2008.12.138,https://pubmed.ncbi.nlm.nih.gov/19216025,,0,
https://openalex.org/w2419183925,,https://pubmed.ncbi.nlm.nih.gov/10196856,,0,
https://openalex.org/w2400987584,,https://pubmed.ncbi.nlm.nih.gov/1343343,,0,
https://openalex.org/w2417841809,,https://pubmed.ncbi.nlm.nih.gov/15148878,,0,
https://openalex.org/w19460996,,https://pubmed.ncbi.nlm.nih.gov/15536850,,0,
https://openalex.org/w2027511147,https://doi.org/10.1289/ehp.1002559,https://pubmed.ncbi.nlm.nih.gov/21126938,097-712-391-737-442,0,
https://openalex.org/w2055843220,https://doi.org/10.1107/s010827010403015x,https://pubmed.ncbi.nlm.nih.gov/15640593,035-651-552-666-441,0,
https://openalex.org/w2416983766,,https://pubmed.ncbi.nlm.nih.gov/1430495,,0,
https://openalex.org/w2093394055,https://doi.org/10.1021/ac902054z,https://pubmed.ncbi.nlm.nih.gov/19924874,040-680-508-283-797,0,
https://openalex.org/w209712188,,https://pubmed.ncbi.nlm.nih.gov/11317372,,0,
https://openalex.org/w2464079122,,https://pubmed.ncbi.nlm.nih.gov/16555656,,0,
https://openalex.org/w2070800236,https://doi.org/10.1177/154405910308200212,https://pubmed.ncbi.nlm.nih.gov/12562888,121-992-942-046-558,0,
https://openalex.org/w2034361096,https://doi.org/10.1191/0748233704th187oa,https://pubmed.ncbi.nlm.nih.gov/15807406,014-897-433-393-012,0,
https://openalex.org/w2054977168,https://doi.org/10.1016/s0016-6480(03)00188-6,https://pubmed.ncbi.nlm.nih.gov/12928009,,0,
https://openalex.org/w1974603703,https://doi.org/10.1016/j.reprotox.2008.05.058,https://pubmed.ncbi.nlm.nih.gov/18577445,,0,
https://openalex.org/w1984530015,https://doi.org/10.1016/j.scitotenv.2012.04.041,https://pubmed.ncbi.nlm.nih.gov/22578698,,0,
https://openalex.org/w1952131888,https://doi.org/10.1111/j.1600-0722.2010.00746.x,https://pubmed.ncbi.nlm.nih.gov/20662918,014-877-527-581-26X,0,
https://openalex.org/w2019564387,https://doi.org/10.1016/j.ygcen.2010.06.010,https://pubmed.ncbi.nlm.nih.gov/20600039,031-949-261-346-292,0,
https://openalex.org/w2356477435,,https://pubmed.ncbi.nlm.nih.gov/23379165,,0,
https://openalex.org/w2038869620,https://doi.org/10.1007/s00216-011-5074-4,https://pubmed.ncbi.nlm.nih.gov/21598080,,0,
https://openalex.org/w2079217745,https://doi.org/10.1210/jc.2011-1682,https://pubmed.ncbi.nlm.nih.gov/21956417,150-445-447-622-449,0,
https://openalex.org/w2113644293,https://doi.org/10.1016/j.chemosphere.2009.05.024,https://pubmed.ncbi.nlm.nih.gov/19535125,,0,
https://openalex.org/w2072375347,https://doi.org/10.1046/j.1365-2842.2000.00589.x,https://pubmed.ncbi.nlm.nih.gov/11012853,040-110-089-310-337,0,
https://openalex.org/w2007427663,https://doi.org/10.1016/j.lfs.2009.04.005,https://pubmed.ncbi.nlm.nih.gov/19379760,,0,
https://openalex.org/w2000104271,https://doi.org/10.2334/josnusd.41.9,https://pubmed.ncbi.nlm.nih.gov/10230155,104-460-346-129-919,0,
https://openalex.org/w1994548984,https://doi.org/10.1016/0889-5406(91)70057-4,https://pubmed.ncbi.nlm.nih.gov/1831590,002-801-367-765-88X,0,
https://openalex.org/w2160612861,https://doi.org/10.1016/j.jdent.2006.07.011,https://pubmed.ncbi.nlm.nih.gov/17034926,,0,
https://openalex.org/w2043855489,https://doi.org/10.1021/jf9810867,https://pubmed.ncbi.nlm.nih.gov/10552479,154-423-639-990-893,0,
https://openalex.org/w2082093414,https://doi.org/10.1016/j.envpol.2010.06.040,https://pubmed.ncbi.nlm.nih.gov/20678833,049-882-136-445-62X,0,
https://openalex.org/w2068429951,https://doi.org/10.1002/jbm.820170309,https://pubmed.ncbi.nlm.nih.gov/6223040,132-847-611-497-096,0,
https://openalex.org/w2087093950,https://doi.org/10.4012/dmj.19.263,https://pubmed.ncbi.nlm.nih.gov/11218846,026-552-697-374-108,0,
https://openalex.org/w2097430809,https://doi.org/10.1016/j.cellbi.2004.03.016,https://pubmed.ncbi.nlm.nih.gov/15223023,009-727-406-170-064,0,
https://openalex.org/w1994048261,https://doi.org/10.1158/0008-5472.can-06-0516,https://pubmed.ncbi.nlm.nih.gov/16740699,021-697-584-666-222,0,
https://openalex.org/w2045641411,https://doi.org/10.1002/iub.376,https://pubmed.ncbi.nlm.nih.gov/20945454,148-366-752-964-456,0,
https://openalex.org/w1720314771,,https://pubmed.ncbi.nlm.nih.gov/10633516,,0,
https://openalex.org/w2015769832,https://doi.org/10.1016/j.jhazmat.2013.01.061,https://pubmed.ncbi.nlm.nih.gov/23435201,,0,
https://openalex.org/w2409353949,,https://pubmed.ncbi.nlm.nih.gov/2151822,,0,
https://openalex.org/w2471676926,,https://pubmed.ncbi.nlm.nih.gov/14977018,,0,
https://openalex.org/w2414376091,,https://pubmed.ncbi.nlm.nih.gov/14765639,,0,
https://openalex.org/w1978224668,https://doi.org/10.1007/s001280315,https://pubmed.ncbi.nlm.nih.gov/12068941,,0,
https://openalex.org/w2000915541,https://doi.org/10.1016/j.aquatox.2011.12.016,https://pubmed.ncbi.nlm.nih.gov/22281776,,0,
https://openalex.org/w2042493329,https://doi.org/10.1177/00220345820610021001,https://pubmed.ncbi.nlm.nih.gov/6460048,098-108-116-619-965,0,
https://openalex.org/w2042454664,https://doi.org/10.1016/s0109-5641(97)80032-2,https://pubmed.ncbi.nlm.nih.gov/11696900,,0,
https://openalex.org/w2224390142,,https://pubmed.ncbi.nlm.nih.gov/11317391,,0,
https://openalex.org/w2086496306,https://doi.org/10.1021/es071817w,https://pubmed.ncbi.nlm.nih.gov/18351093,091-067-090-442-23X,0,
https://openalex.org/w1979650898,https://doi.org/10.1590/s0103-64402010000100008,https://pubmed.ncbi.nlm.nih.gov/20464321,066-617-047-363-12X,0,
https://openalex.org/w2414070230,,https://pubmed.ncbi.nlm.nih.gov/20225473,,0,
https://openalex.org/w2068713921,https://doi.org/10.1016/j.tiv.2008.09.002,https://pubmed.ncbi.nlm.nih.gov/18835349,,0,
https://openalex.org/w2153203439,https://doi.org/10.1503/cmaj.101408,https://pubmed.ncbi.nlm.nih.gov/21343266,016-619-316-617-593,0,
https://openalex.org/w1977030185,https://doi.org/10.1016/j.jcis.2010.04.074,https://pubmed.ncbi.nlm.nih.gov/20621825,,0,
https://openalex.org/w2088591929,https://doi.org/10.1016/j.chemosphere.2013.01.016,https://pubmed.ncbi.nlm.nih.gov/23399309,,0,
https://openalex.org/w2057162937,https://doi.org/10.1016/j.neuro.2012.09.002,https://pubmed.ncbi.nlm.nih.gov/22981971,,0,
https://openalex.org/w2061118204,https://doi.org/10.1016/j.chemosphere.2006.07.060,https://pubmed.ncbi.nlm.nih.gov/16949635,,0,
https://openalex.org/w2008934479,https://doi.org/10.1016/j.taap.2010.07.009,https://pubmed.ncbi.nlm.nih.gov/20655935,,0,
https://openalex.org/w2118732080,https://doi.org/10.1016/s0889-5406(99)70312-4,https://pubmed.ncbi.nlm.nih.gov/9878954,030-549-934-112-273,0,
https://openalex.org/w4252021579,https://doi.org/10.1038/4641103b,https://pubmed.ncbi.nlm.nih.gov/20414265,071-984-505-229-602,0,
https://openalex.org/w2031982698,https://doi.org/10.1038/nrendo.2010.87,https://pubmed.ncbi.nlm.nih.gov/20498677,054-818-926-051-152,0,
https://openalex.org/w2094336308,https://doi.org/10.1124/jpet.107.126748,https://pubmed.ncbi.nlm.nih.gov/17684116,,0,
https://openalex.org/w2467250181,,https://pubmed.ncbi.nlm.nih.gov/7490305,,0,
https://openalex.org/w2429119107,,https://pubmed.ncbi.nlm.nih.gov/6452728,,0,
https://openalex.org/w2074400038,https://doi.org/10.1016/j.steroids.2008.06.005,https://pubmed.ncbi.nlm.nih.gov/18634814,,0,
https://openalex.org/w2417682414,,https://pubmed.ncbi.nlm.nih.gov/16471399,,0,
https://openalex.org/w2082422645,https://doi.org/10.1016/s0109-5641(02)00091-x,https://pubmed.ncbi.nlm.nih.gov/12837393,,0,
https://openalex.org/w2169934172,https://doi.org/10.1093/humrep/dep381,https://pubmed.ncbi.nlm.nih.gov/19906654,037-240-315-442-280,0,
https://openalex.org/w2222674245,,https://pubmed.ncbi.nlm.nih.gov/14531605,,0,
https://openalex.org/w2022190561,https://doi.org/10.1016/j.yhbeh.2010.12.006,https://pubmed.ncbi.nlm.nih.gov/21185296,,0,
https://openalex.org/w2172130821,https://doi.org/10.1093/jb/mvq056,https://pubmed.ncbi.nlm.nih.gov/20542892,069-466-681-176-624,0,
https://openalex.org/w2003626747,https://doi.org/10.1155/np.2004.59,https://pubmed.ncbi.nlm.nih.gov/15303306,019-967-671-513-967,0,
https://openalex.org/w2143811382,https://doi.org/10.1095/biolreprod.108.074815,https://pubmed.ncbi.nlm.nih.gov/19164168,039-911-166-839-926,0,
https://openalex.org/w2027663081,https://doi.org/10.1007/s00204-005-0033-5,https://pubmed.ncbi.nlm.nih.gov/16231125,,0,
https://openalex.org/w2064712342,https://doi.org/10.1016/j.taap.2013.03.022,https://pubmed.ncbi.nlm.nih.gov/23566954,,0,
https://openalex.org/w1973416759,https://doi.org/10.2131/jts.34.sp201,https://pubmed.ncbi.nlm.nih.gov/19571470,123-254-258-236-900,0,
https://openalex.org/w1863544056,https://doi.org/10.1093/biolreprod/65.4.1215,https://pubmed.ncbi.nlm.nih.gov/11566746,049-093-612-571-001,0,
https://openalex.org/w1975430014,https://doi.org/10.1016/j.taap.2012.02.016,https://pubmed.ncbi.nlm.nih.gov/22414680,,0,
https://openalex.org/w2066474248,https://doi.org/10.1016/j.reprotox.2013.03.009,https://pubmed.ncbi.nlm.nih.gov/23557687,009-203-270-389-616,0,
https://openalex.org/w2160337287,https://doi.org/10.1155/2012/713696,https://pubmed.ncbi.nlm.nih.gov/22991565,111-479-370-489-07X,0,
https://openalex.org/w1996770876,https://doi.org/10.1016/s0045-6535(02)00315-6,https://pubmed.ncbi.nlm.nih.gov/12363322,,0,
https://openalex.org/w2004350382,https://doi.org/10.1016/0300-5712(88)90031-0,https://pubmed.ncbi.nlm.nih.gov/2972763,,0,
https://openalex.org/w2022507294,https://doi.org/10.1016/j.envpol.2010.06.023,https://pubmed.ncbi.nlm.nih.gov/20609505,,0,
https://openalex.org/w2031287253,https://doi.org/10.1111/j.1468-1331.2012.03862.x,https://pubmed.ncbi.nlm.nih.gov/22967065,094-348-485-627-554,0,
https://openalex.org/w1973645723,https://doi.org/10.1016/j.jhazmat.2009.01.133,https://pubmed.ncbi.nlm.nih.gov/19264397,,0,
https://openalex.org/w182621135,,https://pubmed.ncbi.nlm.nih.gov/18163852,,0,
https://openalex.org/w2039810546,https://doi.org/10.1111/j.1600-0536.1986.tb01282.x,https://pubmed.ncbi.nlm.nih.gov/2946527,134-676-733-322-007,0,
https://openalex.org/w2129437336,https://doi.org/10.1111/j.1365-2842.2008.01855.x,https://pubmed.ncbi.nlm.nih.gov/18405274,027-192-872-952-092,0,
https://openalex.org/w2075643860,https://doi.org/10.1016/j.bios.2010.03.004,https://pubmed.ncbi.nlm.nih.gov/20353888,,0,
https://openalex.org/w2031537581,https://doi.org/10.1016/s1001-0742(07)60146-6,https://pubmed.ncbi.nlm.nih.gov/17966878,066-812-613-532-527,0,
https://openalex.org/w2012132340,https://doi.org/10.1016/0022-3913(93)90191-p,https://pubmed.ncbi.nlm.nih.gov/8463973,067-450-035-190-262,0,
https://openalex.org/w2146828257,https://doi.org/10.1016/j.dental.2005.04.031,https://pubmed.ncbi.nlm.nih.gov/16038968,,0,
https://openalex.org/w1998046228,https://doi.org/10.1016/j.jpba.2012.11.030,https://pubmed.ncbi.nlm.nih.gov/23262418,,0,
https://openalex.org/w2154240877,https://doi.org/10.1016/j.dental.2009.08.002,https://pubmed.ncbi.nlm.nih.gov/19744705,,0,
https://openalex.org/w1995373280,https://doi.org/10.1016/j.marpolbul.2010.07.003,https://pubmed.ncbi.nlm.nih.gov/20850845,,0,
https://openalex.org/w2096108496,https://doi.org/10.1016/s0022-3913(13)60334-0,https://pubmed.ncbi.nlm.nih.gov/23849610,,0,
https://openalex.org/w2114391705,https://doi.org/10.1590/s1806-83242011005000008,https://pubmed.ncbi.nlm.nih.gov/21359489,167-389-312-774-940,0,
https://openalex.org/w2109894847,https://doi.org/10.1067/mod.2002.126594,https://pubmed.ncbi.nlm.nih.gov/12226607,015-169-784-493-93X,0,
https://openalex.org/w1971995073,https://doi.org/10.1016/j.fct.2008.07.009,https://pubmed.ncbi.nlm.nih.gov/18692112,,0,
https://openalex.org/w2081205039,https://doi.org/10.1039/b502311d,https://pubmed.ncbi.nlm.nih.gov/15965531,060-205-219-523-961,0,
https://openalex.org/w2420675683,,https://pubmed.ncbi.nlm.nih.gov/8603159,,0,
https://openalex.org/w2033950108,https://doi.org/10.1111/j.1600-0722.1990.tb01012.x,https://pubmed.ncbi.nlm.nih.gov/2151060,029-166-889-563-329,0,
https://openalex.org/w1486685669,https://doi.org/10.1016/s1570-0232(02)00101-0,https://pubmed.ncbi.nlm.nih.gov/12031834,,0,
https://openalex.org/w2004197420,https://doi.org/10.1289/ehp.106-1533177,https://pubmed.ncbi.nlm.nih.gov/9755316,000-126-586-323-548,0,
https://openalex.org/w2112484512,https://doi.org/10.1210/en.2006-0189,https://pubmed.ncbi.nlm.nih.gov/16675520,052-367-638-160-175,0,
https://openalex.org/w1967256854,https://doi.org/10.1073/pnas.0605341103,https://pubmed.ncbi.nlm.nih.gov/16882715,093-342-538-696-323,0,
https://openalex.org/w2081934971,https://doi.org/10.1007/s002040100225,https://pubmed.ncbi.nlm.nih.gov/11354909,,0,
https://openalex.org/w127711961,,https://pubmed.ncbi.nlm.nih.gov/15119583,,0,
https://openalex.org/w1228005000,https://doi.org/10.2340/0001555555159180,https://pubmed.ncbi.nlm.nih.gov/1837196,,0,
https://openalex.org/w1980000265,https://doi.org/10.1016/j.chroma.2010.07.070,https://pubmed.ncbi.nlm.nih.gov/20719318,,0,
https://openalex.org/w2008178264,https://doi.org/10.1016/j.aquatox.2010.05.020,https://pubmed.ncbi.nlm.nih.gov/20573408,012-881-630-049-908,0,
https://openalex.org/w2031557506,https://doi.org/10.1007/s00128-012-0742-4,https://pubmed.ncbi.nlm.nih.gov/22820681,,0,
https://openalex.org/w1581244047,https://doi.org/10.1111/j.1532-849x.2012.00918.x,https://pubmed.ncbi.nlm.nih.gov/22985354,127-871-213-100-443,0,
https://openalex.org/w2056409743,https://doi.org/10.1039/b919076g,https://pubmed.ncbi.nlm.nih.gov/20145890,082-963-139-549-556,0,
https://openalex.org/w2187423651,https://doi.org/10.5005/jcdp-11-3-71,https://pubmed.ncbi.nlm.nih.gov/20461327,047-682-952-862-000,0,
https://openalex.org/w1987412252,https://doi.org/10.1371/journal.pone.0009507,https://pubmed.ncbi.nlm.nih.gov/20209080,056-898-298-405-751,0,
https://openalex.org/w2111918213,https://doi.org/10.1097/00004770-200202000-00002,https://pubmed.ncbi.nlm.nih.gov/11833689,096-265-215-078-136,0,
https://openalex.org/w2084377139,https://doi.org/10.1002/(sici)1097-4636(19990915)46:4<447::aid-jbm2>3.0.co;2-p,https://pubmed.ncbi.nlm.nih.gov/10398005,090-911-978-936-552,0,
https://openalex.org/w2096699155,https://doi.org/10.1034/j.1600-0722.2000.108004341.x,https://pubmed.ncbi.nlm.nih.gov/10946770,016-774-245-564-200,0,
https://openalex.org/w2417650414,,https://pubmed.ncbi.nlm.nih.gov/11199616,,0,
https://openalex.org/w2329258854,https://doi.org/10.1021/tx400036v,https://pubmed.ncbi.nlm.nih.gov/23360430,000-523-535-641-596,0,
https://openalex.org/w2004056696,https://doi.org/10.1679/aohc.67.373,https://pubmed.ncbi.nlm.nih.gov/15700544,090-339-600-175-427,0,
https://openalex.org/w2010735508,https://doi.org/10.1021/es1001902,https://pubmed.ncbi.nlm.nih.gov/20527759,002-755-904-848-628,0,
https://openalex.org/w2076472544,https://doi.org/10.2341/08-55,https://pubmed.ncbi.nlm.nih.gov/19363971,041-806-733-464-460,0,
https://openalex.org/w1989477670,https://doi.org/10.1177/00220345910700111201,https://pubmed.ncbi.nlm.nih.gov/1835727,063-962-872-025-727,0,
https://openalex.org/w2047388971,https://doi.org/10.1034/j.1600-0773.2003.920408.x,https://pubmed.ncbi.nlm.nih.gov/12753421,044-414-585-440-593,0,
https://openalex.org/w2011329024,https://doi.org/10.1016/j.bbrc.2003.10.199,https://pubmed.ncbi.nlm.nih.gov/14651953,,0,
https://openalex.org/w1998742143,https://doi.org/10.1016/s0109-5641(01)00044-6,https://pubmed.ncbi.nlm.nih.gov/11992907,,0,
https://openalex.org/w2013233792,https://doi.org/10.1210/en.2008-0651,https://pubmed.ncbi.nlm.nih.gov/18653720,044-493-546-523-773,0,
https://openalex.org/w2049402124,https://doi.org/10.1007/s00216-005-0019-4,https://pubmed.ncbi.nlm.nih.gov/16132150,,0,
https://openalex.org/w2100838026,https://doi.org/10.1016/j.placenta.2005.01.016,https://pubmed.ncbi.nlm.nih.gov/15837075,087-125-977-898-64X,0,
https://openalex.org/w2021327306,https://doi.org/10.1067/mpr.2002.123231,https://pubmed.ncbi.nlm.nih.gov/12131880,,0,
https://openalex.org/w2047932354,https://doi.org/10.1016/j.talanta.2009.11.005,https://pubmed.ncbi.nlm.nih.gov/20152452,,0,
https://openalex.org/w2082046763,https://doi.org/10.1016/j.jhazmat.2006.06.012,https://pubmed.ncbi.nlm.nih.gov/16844289,,0,
https://openalex.org/w2048937754,https://doi.org/10.1016/j.reprotox.2010.08.004,https://pubmed.ncbi.nlm.nih.gov/20951796,,0,
https://openalex.org/w2015070184,https://doi.org/10.1016/j.marpolbul.2013.04.010,https://pubmed.ncbi.nlm.nih.gov/23673206,,0,
https://openalex.org/w2409080268,,https://pubmed.ncbi.nlm.nih.gov/16948369,,0,
https://openalex.org/w2026180592,https://doi.org/10.1095/biolreprod.110.087502,https://pubmed.ncbi.nlm.nih.gov/21123812,089-870-586-146-574,0,
https://openalex.org/w1967518595,https://doi.org/10.1016/j.dental.2008.08.005,https://pubmed.ncbi.nlm.nih.gov/18829096,,0,
https://openalex.org/w2143607053,https://doi.org/10.1590/s1806-83242011000200013,https://pubmed.ncbi.nlm.nih.gov/21537644,039-926-860-142-16X,0,
https://openalex.org/w2045852983,https://doi.org/10.1002/etc.5620211203,https://pubmed.ncbi.nlm.nih.gov/12463546,013-383-622-952-712,0,
https://openalex.org/w2068395475,https://doi.org/10.1016/j.reprotox.2008.05.059,https://pubmed.ncbi.nlm.nih.gov/18585891,,0,
https://openalex.org/w2026903960,https://doi.org/10.1067/moe.2003.231,https://pubmed.ncbi.nlm.nih.gov/12789158,009-899-369-908-111,0,
https://openalex.org/w2417003925,,https://pubmed.ncbi.nlm.nih.gov/2129915,,0,
https://openalex.org/w2048098493,https://doi.org/10.1111/j.1365-2842.1992.tb01487.x,https://pubmed.ncbi.nlm.nih.gov/1469493,090-546-381-089-562,0,
https://openalex.org/w2402024892,,https://pubmed.ncbi.nlm.nih.gov/20830881,,0,
https://openalex.org/w2158512239,https://doi.org/10.1080/004982500237497,https://pubmed.ncbi.nlm.nih.gov/10875682,061-982-147-095-47X,0,
https://openalex.org/w2082926373,https://doi.org/10.1016/s0022-3913(98)70169-6,https://pubmed.ncbi.nlm.nih.gov/9597601,,0,
https://openalex.org/w2070030176,https://doi.org/10.1111/j.1532-849x.2006.00147.x,https://pubmed.ncbi.nlm.nih.gov/17244302,027-228-188-124-612,0,
https://openalex.org/w2076242581,https://doi.org/10.1371/journal.pone.0036711,https://pubmed.ncbi.nlm.nih.gov/22574217,113-136-833-620-811,0,
https://openalex.org/w2156581453,https://doi.org/10.1002/jat.1387,https://pubmed.ncbi.nlm.nih.gov/18980270,031-401-427-131-600,0,
https://openalex.org/w2033469732,https://doi.org/10.1016/s0147-6513(02)00040-4,https://pubmed.ncbi.nlm.nih.gov/12651187,086-757-351-558-095,0,
https://openalex.org/w2078327036,https://doi.org/10.1016/j.mrgentox.2013.01.005,https://pubmed.ncbi.nlm.nih.gov/23402883,,0,
https://openalex.org/w2047959548,https://doi.org/10.1111/j.1708-8240.2001.tb01023.x,https://pubmed.ncbi.nlm.nih.gov/11778857,004-703-400-159-595,0,
https://openalex.org/w1994271813,https://doi.org/10.1016/0109-5641(94)90057-4,https://pubmed.ncbi.nlm.nih.gov/7498597,,0,
https://openalex.org/w2068710326,https://doi.org/10.4103/0970-4388.84687,https://pubmed.ncbi.nlm.nih.gov/21911953,051-098-009-379-570,0,
https://openalex.org/w1971660762,https://doi.org/10.1016/0109-5641(95)80048-4,https://pubmed.ncbi.nlm.nih.gov/8621034,,0,
https://openalex.org/w1998277053,https://doi.org/10.1016/j.marenvres.2009.10.003,https://pubmed.ncbi.nlm.nih.gov/19913907,,0,
https://openalex.org/w2187795633,https://doi.org/10.1043/0003-3219(2000)070<0435:teorbo>2.0.co;2,https://pubmed.ncbi.nlm.nih.gov/11138647,,0,
https://openalex.org/w2098134977,https://doi.org/10.1093/jat/22.4.274,https://pubmed.ncbi.nlm.nih.gov/9681329,019-187-440-626-852,0,
https://openalex.org/w2150540702,https://doi.org/10.1016/j.dental.2005.05.004,https://pubmed.ncbi.nlm.nih.gov/16087229,,0,
https://openalex.org/w1988079543,https://doi.org/10.1046/j.0909-8836.1998.eos106208.x,https://pubmed.ncbi.nlm.nih.gov/9584913,055-665-759-367-302,0,
https://openalex.org/w2016532582,https://doi.org/10.1021/jf0009044,https://pubmed.ncbi.nlm.nih.gov/11513645,037-015-391-764-248,0,
https://openalex.org/w2152940400,https://doi.org/10.2341/09-124-l,https://pubmed.ncbi.nlm.nih.gov/20533636,110-319-903-742-623,0,
https://openalex.org/w2058605836,https://doi.org/10.1016/j.chemosphere.2010.06.054,https://pubmed.ncbi.nlm.nih.gov/20638099,,0,
https://openalex.org/w2149930945,https://doi.org/10.1093/toxsci/68.1.121,https://pubmed.ncbi.nlm.nih.gov/12075117,057-594-003-431-682,0,
https://openalex.org/w2012974227,https://doi.org/10.2341/05-65,https://pubmed.ncbi.nlm.nih.gov/16802637,010-011-702-095-558,0,
https://openalex.org/w2404758134,,https://pubmed.ncbi.nlm.nih.gov/12242855,,0,
https://openalex.org/w2075598386,https://doi.org/10.1016/s0889-5406(03)00151-3,https://pubmed.ncbi.nlm.nih.gov/12806341,005-312-807-331-869,0,
https://openalex.org/w2285340786,,https://pubmed.ncbi.nlm.nih.gov/2535186,,0,
https://openalex.org/w2025211988,https://doi.org/10.1016/j.reprotox.2005.07.007,https://pubmed.ncbi.nlm.nih.gov/16112541,,0,
https://openalex.org/w2162873472,https://doi.org/10.1111/j.1745-7270.2007.00351.x,https://pubmed.ncbi.nlm.nih.gov/17989879,080-435-190-842-596,0,
https://openalex.org/w2084760505,https://doi.org/10.1016/s0021-9673(01)84512-x,https://pubmed.ncbi.nlm.nih.gov/3215966,110-695-836-890-51X,0,
https://openalex.org/w2001363133,https://doi.org/10.1016/j.scitotenv.2010.12.013,https://pubmed.ncbi.nlm.nih.gov/21216442,,0,
https://openalex.org/w2184388010,,https://pubmed.ncbi.nlm.nih.gov/23645310,,0,
https://openalex.org/w2409749428,,https://pubmed.ncbi.nlm.nih.gov/12691279,,0,
https://openalex.org/w1979366452,https://doi.org/10.1016/j.chemosphere.2012.03.024,https://pubmed.ncbi.nlm.nih.gov/22497783,,0,
https://openalex.org/w147023225,,https://pubmed.ncbi.nlm.nih.gov/12435031,,0,
https://openalex.org/w2057649580,https://doi.org/10.1016/s0099-2399(81)80003-9,https://pubmed.ncbi.nlm.nih.gov/6454738,,0,
https://openalex.org/w2036238275,https://doi.org/10.1006/bbrc.2002.6644,https://pubmed.ncbi.nlm.nih.gov/11906184,,0,
https://openalex.org/w2471697720,,https://pubmed.ncbi.nlm.nih.gov/1803330,,0,
https://openalex.org/w2074788191,https://doi.org/10.1021/es204424t,https://pubmed.ncbi.nlm.nih.gov/22435736,071-394-794-024-549,0,
https://openalex.org/w1998858091,https://doi.org/10.1080/10934529.2010.520494,https://pubmed.ncbi.nlm.nih.gov/20945241,063-614-501-003-739,0,
https://openalex.org/w1987695178,https://doi.org/10.1016/j.jcis.2007.03.067,https://pubmed.ncbi.nlm.nih.gov/17451730,,0,
https://openalex.org/w1994608502,https://doi.org/10.1016/0022-3913(91)90164-r,https://pubmed.ncbi.nlm.nih.gov/1828836,,0,
https://openalex.org/w1971124998,https://doi.org/10.1021/jf802297z,https://pubmed.ncbi.nlm.nih.gov/18959420,003-798-094-124-068,0,
https://openalex.org/w2045351567,https://doi.org/10.1016/j.jsbmb.2011.07.012,https://pubmed.ncbi.nlm.nih.gov/21839836,,0,
https://openalex.org/w2166649221,https://doi.org/10.1095/biolreprod65.4.1271,https://pubmed.ncbi.nlm.nih.gov/11566753,040-860-897-768-015,0,
https://openalex.org/w116438503,,https://pubmed.ncbi.nlm.nih.gov/23082386,,0,
https://openalex.org/w2441488164,,https://pubmed.ncbi.nlm.nih.gov/1817524,,0,
https://openalex.org/w1994420895,https://doi.org/10.1016/j.biortech.2007.08.072,https://pubmed.ncbi.nlm.nih.gov/17928223,,0,
https://openalex.org/w2094344419,https://doi.org/10.1007/s00792-006-0047-9,https://pubmed.ncbi.nlm.nih.gov/17160346,,0,
https://openalex.org/w2425375637,,https://pubmed.ncbi.nlm.nih.gov/15156761,,0,
https://openalex.org/w171106867,,https://pubmed.ncbi.nlm.nih.gov/8329167,,0,
https://openalex.org/w1977932804,https://doi.org/10.1016/j.chemosphere.2005.12.053,https://pubmed.ncbi.nlm.nih.gov/16473389,,0,
https://openalex.org/w2044915149,https://doi.org/10.1016/s0886-3350(88)80145-7,https://pubmed.ncbi.nlm.nih.gov/3404422,061-118-765-668-931,0,
https://openalex.org/w2133199293,https://doi.org/10.1016/j.dental.2009.06.020,https://pubmed.ncbi.nlm.nih.gov/19671476,,0,
https://openalex.org/w1990695842,https://doi.org/10.2341/09-216-l,https://pubmed.ncbi.nlm.nih.gov/20420067,087-680-890-397-722,0,
https://openalex.org/w2074569063,https://doi.org/10.1038/nrendo.2012.205,https://pubmed.ncbi.nlm.nih.gov/23147575,,0,
https://openalex.org/w197200466,,https://pubmed.ncbi.nlm.nih.gov/16685292,,0,
https://openalex.org/w2162139896,https://doi.org/10.1191/0960327105ht551oa,https://pubmed.ncbi.nlm.nih.gov/16235731,031-056-526-151-493,0,
https://openalex.org/w2083144767,https://doi.org/10.1016/j.chemosphere.2012.05.014,https://pubmed.ncbi.nlm.nih.gov/22726425,,0,
https://openalex.org/w2054059628,https://doi.org/10.1007/s00128-005-0710-3,https://pubmed.ncbi.nlm.nih.gov/16228865,,0,
https://openalex.org/w1995903208,https://doi.org/10.1016/j.fct.2004.01.012,https://pubmed.ncbi.nlm.nih.gov/15110097,,0,
https://openalex.org/w2171722575,https://doi.org/10.1093/chromsci/36.11.565,https://pubmed.ncbi.nlm.nih.gov/9812391,047-552-092-425-63X,0,
https://openalex.org/w1988685554,https://doi.org/10.1016/s0889-5406(05)81187-4,https://pubmed.ncbi.nlm.nih.gov/1476106,061-040-276-966-383,0,
https://openalex.org/w2018153831,https://doi.org/10.1016/j.jcis.2009.10.014,https://pubmed.ncbi.nlm.nih.gov/19889422,,0,
https://openalex.org/w2410577215,,https://pubmed.ncbi.nlm.nih.gov/10850238,,0,
https://openalex.org/w1986422436,https://doi.org/10.1111/j.1708-8240.1992.tb00718.x,https://pubmed.ncbi.nlm.nih.gov/1298324,051-251-654-961-844,0,
https://openalex.org/w2061875693,https://doi.org/10.1590/s0103-64402010000300006,https://pubmed.ncbi.nlm.nih.gov/21203702,160-312-860-877-297,0,
https://openalex.org/w2076960629,https://doi.org/10.1016/s0960-0760(02)00272-8,https://pubmed.ncbi.nlm.nih.gov/12650721,,0,
https://openalex.org/w2009600700,https://doi.org/10.1016/j.pedhc.2011.07.010,https://pubmed.ncbi.nlm.nih.gov/22360935,,0,
https://openalex.org/w2057377518,https://doi.org/10.1016/j.chemosphere.2009.01.034,https://pubmed.ncbi.nlm.nih.gov/19243809,,0,
https://openalex.org/w2364666790,,https://pubmed.ncbi.nlm.nih.gov/18649520,,0,
https://openalex.org/w184076608,,https://pubmed.ncbi.nlm.nih.gov/22642065,,0,
https://openalex.org/w2327021654,https://doi.org/10.1021/la202840y,https://pubmed.ncbi.nlm.nih.gov/22088132,046-692-314-393-767,0,
https://openalex.org/w1972800690,https://doi.org/10.17796/jcpd.34.3.ut5444720r61375h,https://pubmed.ncbi.nlm.nih.gov/20578659,036-085-923-526-871,0,
https://openalex.org/w2411488717,,https://pubmed.ncbi.nlm.nih.gov/20830885,,0,
https://openalex.org/w1998373884,https://doi.org/10.1016/j.jdent.2008.12.004,https://pubmed.ncbi.nlm.nih.gov/19185408,,0,
https://openalex.org/w2138281806,https://doi.org/10.1530/joe-12-0395,https://pubmed.ncbi.nlm.nih.gov/23160963,125-243-317-171-879,0,
https://openalex.org/w2180823251,https://doi.org/10.1043/0003-3219(2000)070<0241:tiooap>2.0.co;2,https://pubmed.ncbi.nlm.nih.gov/10926434,,0,
https://openalex.org/w2397064390,https://doi.org/10.1097/brs.0b013e31826b7795,https://pubmed.ncbi.nlm.nih.gov/23256206,,0,
https://openalex.org/w38945658,,https://pubmed.ncbi.nlm.nih.gov/9200203,,0,
https://openalex.org/w2018170639,https://doi.org/10.1016/s0890-6238(02)00005-9,https://pubmed.ncbi.nlm.nih.gov/11955941,,0,
https://openalex.org/w2061998765,https://doi.org/10.1097/aci.0b013e32835e82d3,https://pubmed.ncbi.nlm.nih.gov/23385288,066-978-866-811-874,0,
https://openalex.org/w2411172771,,https://pubmed.ncbi.nlm.nih.gov/15724760,,0,
https://openalex.org/w1986311313,https://doi.org/10.1016/j.dental.2012.04.016,https://pubmed.ncbi.nlm.nih.gov/22608958,037-913-663-416-242,0,
https://openalex.org/w2170843121,https://doi.org/10.1073/pnas.0807272105,https://pubmed.ncbi.nlm.nih.gov/18784361,096-863-586-862-739,0,
https://openalex.org/w2006793204,https://doi.org/10.2166/wst.2013.373,https://pubmed.ncbi.nlm.nih.gov/24056428,054-082-915-923-286,0,
https://openalex.org/w2104107289,https://doi.org/10.14219/jada.archive.2000.0145,https://pubmed.ncbi.nlm.nih.gov/10680385,086-959-051-285-932,0,
https://openalex.org/w2058858514,https://doi.org/10.1016/s0109-5641(97)80105-4,https://pubmed.ncbi.nlm.nih.gov/9823095,,0,
https://openalex.org/w2051064848,https://doi.org/10.1016/j.biomaterials.2005.01.008,https://pubmed.ncbi.nlm.nih.gov/15792535,,0,
https://openalex.org/w2074127423,https://doi.org/10.1016/j.dental.2009.01.106,https://pubmed.ncbi.nlm.nih.gov/19375156,,0,
https://openalex.org/w2068687971,https://doi.org/10.1006/bbrc.2000.2548,https://pubmed.ncbi.nlm.nih.gov/10772925,,0,
https://openalex.org/w2265083458,,https://pubmed.ncbi.nlm.nih.gov/7803008,,0,
https://openalex.org/w2415336663,,https://pubmed.ncbi.nlm.nih.gov/6225041,,0,
https://openalex.org/w2032107148,https://doi.org/10.1016/j.jhazmat.2010.09.031,https://pubmed.ncbi.nlm.nih.gov/20933324,,0,
https://openalex.org/w2410585142,,https://pubmed.ncbi.nlm.nih.gov/21062710,,0,
https://openalex.org/w2004330040,https://doi.org/10.2341/08-83,https://pubmed.ncbi.nlm.nih.gov/19544818,110-803-780-900-613,0,
https://openalex.org/w1967859322,https://doi.org/10.1016/0022-3913(88)90314-9,https://pubmed.ncbi.nlm.nih.gov/2971800,,0,
https://openalex.org/w2040728946,https://doi.org/10.1007/s10646-011-0660-y,https://pubmed.ncbi.nlm.nih.gov/21451949,,0,
https://openalex.org/w63969602,https://doi.org/10.2175/106143011x12989211841214,https://pubmed.ncbi.nlm.nih.gov/22368957,089-488-977-619-490,0,
https://openalex.org/w1992386938,https://doi.org/10.5551/jat.e486,https://pubmed.ncbi.nlm.nih.gov/17938543,050-856-634-996-375,0,
https://openalex.org/w2413683396,,https://pubmed.ncbi.nlm.nih.gov/16052764,,0,
https://openalex.org/w2032707377,https://doi.org/10.1080/02652030601013711,https://pubmed.ncbi.nlm.nih.gov/17364936,080-765-425-512-64X,0,
https://openalex.org/w2001750163,https://doi.org/10.1016/j.envint.2006.03.002,https://pubmed.ncbi.nlm.nih.gov/16624408,107-151-296-051-534,0,
https://openalex.org/w1990863185,https://doi.org/10.1016/s0889-5406(05)81059-5,https://pubmed.ncbi.nlm.nih.gov/1387289,072-133-612-412-024,0,
https://openalex.org/w2121739072,https://doi.org/10.2341/10-105-l,https://pubmed.ncbi.nlm.nih.gov/21740240,012-608-395-607-684,0,
https://openalex.org/w1998771264,https://doi.org/10.1210/en.2008-0580,https://pubmed.ncbi.nlm.nih.gov/19106226,083-207-023-343-911,0,
https://openalex.org/w2403884854,,https://pubmed.ncbi.nlm.nih.gov/17568837,,0,
https://openalex.org/w2041368253,https://doi.org/10.1021/es011008r,https://pubmed.ncbi.nlm.nih.gov/11918023,093-975-687-600-719,0,
https://openalex.org/w2096062055,https://doi.org/10.1111/j.1365-2842.1981.tb00517.x,https://pubmed.ncbi.nlm.nih.gov/6457903,089-347-251-586-643,0,
https://openalex.org/w37826891,https://doi.org/10.1016/j.ultsonch.2023.106632,https://pubmed.ncbi.nlm.nih.gov/3159814,041-359-668-084-485,0,
https://openalex.org/w2064312105,https://doi.org/10.1007/s00216-007-1725-x,https://pubmed.ncbi.nlm.nih.gov/18026938,,0,
https://openalex.org/w1974571231,https://doi.org/10.1002/jbm.820250908,https://pubmed.ncbi.nlm.nih.gov/1778999,017-880-477-422-442,0,
https://openalex.org/w1985244379,https://doi.org/10.1121/1.3483734,https://pubmed.ncbi.nlm.nih.gov/21110566,058-873-764-372-531,0,
https://openalex.org/w2135606776,https://doi.org/10.1161/01.hyp.0000116303.71408.c2,https://pubmed.ncbi.nlm.nih.gov/14744930,088-526-669-074-220,0,
https://openalex.org/w1982271890,https://doi.org/10.1016/s1389-1723(01)80232-2,https://pubmed.ncbi.nlm.nih.gov/16233103,,0,
https://openalex.org/w2052171007,https://doi.org/10.1111/j.1365-2842.1991.tb01687.x,https://pubmed.ncbi.nlm.nih.gov/1839312,053-882-293-672-513,0,
https://openalex.org/w14273703,,https://pubmed.ncbi.nlm.nih.gov/6217453,,0,
https://openalex.org/w2122151984,https://doi.org/10.1016/j.jdent.2008.09.006,https://pubmed.ncbi.nlm.nih.gov/18926614,,0,
https://openalex.org/w1964691677,https://doi.org/10.1016/0300-5712(93)90128-d,https://pubmed.ncbi.nlm.nih.gov/8354745,,0,
https://openalex.org/w1966357969,https://doi.org/10.1016/j.reprotox.2007.07.006,https://pubmed.ncbi.nlm.nih.gov/17804194,003-540-361-681-574,1,
https://openalex.org/w2418910465,,https://pubmed.ncbi.nlm.nih.gov/3607164,,0,
https://openalex.org/w2418687129,,https://pubmed.ncbi.nlm.nih.gov/7896998,,0,
https://openalex.org/w2417006381,,https://pubmed.ncbi.nlm.nih.gov/7835668,,0,
https://openalex.org/w2030178348,https://doi.org/10.1016/j.jdent.2012.03.003,https://pubmed.ncbi.nlm.nih.gov/22429926,,0,
https://openalex.org/w2112997651,https://doi.org/10.1542/peds.2011-1335,https://pubmed.ncbi.nlm.nih.gov/22025598,043-423-805-592-627,0,
https://openalex.org/w2013536257,https://doi.org/10.1016/s0022-3913(97)70096-9,https://pubmed.ncbi.nlm.nih.gov/9185047,,0,
https://openalex.org/w2115259725,https://doi.org/10.1111/j.1365-263x.1995.tb00168.x,https://pubmed.ncbi.nlm.nih.gov/7547817,009-932-722-158-043,0,
https://openalex.org/w2110872210,https://doi.org/10.1111/j.1834-7819.1996.tb05925.x,https://pubmed.ncbi.nlm.nih.gov/8670033,019-820-949-406-087,0,
https://openalex.org/w2119832874,https://doi.org/10.1095/biolreprod.109.081729,https://pubmed.ncbi.nlm.nih.gov/20089883,045-652-847-934-463,0,
https://openalex.org/w2077254831,https://doi.org/10.1093/ejo/cjn106,https://pubmed.ncbi.nlm.nih.gov/19193708,029-286-053-956-591,0,
https://openalex.org/w2047604269,https://doi.org/10.1016/j.jasms.2007.03.005,https://pubmed.ncbi.nlm.nih.gov/17449273,023-749-097-122-679,0,
https://openalex.org/w2002325552,https://doi.org/10.1080/02652039809374716,https://pubmed.ncbi.nlm.nih.gov/10211191,016-526-456-043-007,0,
https://openalex.org/w2023678833,https://doi.org/10.5487/tr.2011.27.1.049,https://pubmed.ncbi.nlm.nih.gov/24278551,078-913-239-515-169,0,
https://openalex.org/w3150502438,,https://pubmed.ncbi.nlm.nih.gov/22712276,,0,
https://openalex.org/w2412089984,,https://pubmed.ncbi.nlm.nih.gov/7784878,,0,
https://openalex.org/w1983216516,https://doi.org/10.1016/j.ecoenv.2011.09.004,https://pubmed.ncbi.nlm.nih.gov/21955883,031-531-852-946-70X,0,
https://openalex.org/w2094108545,https://doi.org/10.1097/00004770-200111000-00006,https://pubmed.ncbi.nlm.nih.gov/11716079,079-882-359-833-222,0,
https://openalex.org/w2071999514,https://doi.org/10.1021/es101890w,https://pubmed.ncbi.nlm.nih.gov/20704289,008-594-335-877-608,0,
https://openalex.org/w1968579620,https://doi.org/10.1007/s00216-012-6389-5,https://pubmed.ncbi.nlm.nih.gov/22995997,,0,
https://openalex.org/w2093851505,https://doi.org/10.1016/j.dental.2011.10.015,https://pubmed.ncbi.nlm.nih.gov/22137937,,0,
https://openalex.org/w2120816577,https://doi.org/10.1177/0748233711399310,https://pubmed.ncbi.nlm.nih.gov/21415097,052-025-349-252-508,0,
https://openalex.org/w2055635848,https://doi.org/10.1006/excr.2002.5546,https://pubmed.ncbi.nlm.nih.gov/12083801,,0,
https://openalex.org/w2025400634,https://doi.org/10.1007/s00216-012-6618-y,https://pubmed.ncbi.nlm.nih.gov/23241820,,0,
https://openalex.org/w2048529606,https://doi.org/10.1111/j.1532-849x.2005.00018.x,https://pubmed.ncbi.nlm.nih.gov/16011620,117-566-514-292-844,0,
https://openalex.org/w2156097734,https://doi.org/10.1111/j.0105-1873.2003.0228.x,https://pubmed.ncbi.nlm.nih.gov/14996069,005-611-348-456-645,0,
https://openalex.org/w1965604101,https://doi.org/10.1111/j.1365-2842.1996.tb01227.x,https://pubmed.ncbi.nlm.nih.gov/8667120,064-168-689-179-873,0,
https://openalex.org/w1970760886,https://doi.org/10.1016/j.jsbmb.2011.05.002,https://pubmed.ncbi.nlm.nih.gov/21605673,,0,
https://openalex.org/w2061138344,https://doi.org/10.1016/j.mce.2012.03.003,https://pubmed.ncbi.nlm.nih.gov/22415028,,0,
https://openalex.org/w74432300,,https://pubmed.ncbi.nlm.nih.gov/9760921,,0,
https://openalex.org/w2058382887,https://doi.org/10.1016/j.bbrc.2011.12.028,https://pubmed.ncbi.nlm.nih.gov/22197818,,0,
https://openalex.org/w1978462373,https://doi.org/10.1016/s0300-5712(03)00011-3,https://pubmed.ncbi.nlm.nih.gov/12878026,,0,
https://openalex.org/w2049063005,https://doi.org/10.1016/s0109-5641(03)00066-6,https://pubmed.ncbi.nlm.nih.gov/14706802,,0,
https://openalex.org/w8443795,,https://pubmed.ncbi.nlm.nih.gov/15244011,,0,
https://openalex.org/w2395449072,,https://pubmed.ncbi.nlm.nih.gov/8291027,,0,
https://openalex.org/w1974714134,https://doi.org/10.1016/s0014-2999(01)01389-9,https://pubmed.ncbi.nlm.nih.gov/11711029,,0,
https://openalex.org/w2067656678,https://doi.org/10.1289/ehp.106-1533113,https://pubmed.ncbi.nlm.nih.gov/9734998,,0,
https://openalex.org/w1988196832,https://doi.org/10.1016/j.chroma.2006.02.009,https://pubmed.ncbi.nlm.nih.gov/16504203,,0,
https://openalex.org/w2156158367,https://doi.org/10.1016/s0022-2275(20)30108-5,https://pubmed.ncbi.nlm.nih.gov/11971937,062-219-694-973-603,0,
https://openalex.org/w2101968320,https://doi.org/10.2341/10-066-l,https://pubmed.ncbi.nlm.nih.gov/21180004,035-803-380-584-30X,0,
https://openalex.org/w2009824065,https://doi.org/10.14219/jada.archive.1993.0253,https://pubmed.ncbi.nlm.nih.gov/8277057,040-788-373-080-304,0,
https://openalex.org/w2409915725,,https://pubmed.ncbi.nlm.nih.gov/12216570,,0,
https://openalex.org/w1982028346,https://doi.org/10.1016/0022-3913(92)90375-k,https://pubmed.ncbi.nlm.nih.gov/1403938,,0,
https://openalex.org/w2068546890,https://doi.org/10.1016/j.jdent.2012.09.005,https://pubmed.ncbi.nlm.nih.gov/23000471,,0,
https://openalex.org/w2050310085,https://doi.org/10.1016/j.gyobfe.2012.09.032,https://pubmed.ncbi.nlm.nih.gov/23177978,,0,
https://openalex.org/w2324578468,https://doi.org/10.4012/dmj.12.159,https://pubmed.ncbi.nlm.nih.gov/8004910,047-312-055-082-807,0,
https://openalex.org/w2403081760,,https://pubmed.ncbi.nlm.nih.gov/11357571,,0,
https://openalex.org/w2093229118,https://doi.org/10.1016/j.taap.2007.03.033,https://pubmed.ncbi.nlm.nih.gov/17599374,,0,
https://openalex.org/w2087924435,https://doi.org/10.1016/j.chemosphere.2006.07.018,https://pubmed.ncbi.nlm.nih.gov/16934853,,0,
https://openalex.org/w2106222083,https://doi.org/10.1177/00220345830620072001,https://pubmed.ncbi.nlm.nih.gov/6306081,099-813-115-258-555,0,
https://openalex.org/w2116440357,https://doi.org/10.1016/j.dental.2010.02.011,https://pubmed.ncbi.nlm.nih.gov/20299088,,0,
https://openalex.org/w2112473629,https://doi.org/10.14219/jada.archive.1993.0069,https://pubmed.ncbi.nlm.nih.gov/8335785,098-316-886-561-620,0,
https://openalex.org/w1966821981,https://doi.org/10.1016/s0041-008x(02)00045-5,https://pubmed.ncbi.nlm.nih.gov/12649043,,0,
https://openalex.org/w2152823431,https://doi.org/10.2341/10-051-l,https://pubmed.ncbi.nlm.nih.gov/20945742,077-656-494-428-643,0,
https://openalex.org/w2005161369,https://doi.org/10.1016/j.jdent.2004.11.008,https://pubmed.ncbi.nlm.nih.gov/15833401,,0,
https://openalex.org/w2001282412,https://doi.org/10.1016/s0022-3913(82)80024-3,https://pubmed.ncbi.nlm.nih.gov/6218296,,0,
https://openalex.org/w1946717639,https://doi.org/10.1111/j.1600-0722.2011.00853.x,https://pubmed.ncbi.nlm.nih.gov/21896058,003-239-871-069-032,0,
https://openalex.org/w2035196974,https://doi.org/10.1016/j.scitotenv.2013.01.038,https://pubmed.ncbi.nlm.nih.gov/23403099,,0,
https://openalex.org/w2163304399,https://doi.org/10.2341/07-84,https://pubmed.ncbi.nlm.nih.gov/18505220,139-828-463-615-791,0,
https://openalex.org/w2419153243,,https://pubmed.ncbi.nlm.nih.gov/2939257,,0,
https://openalex.org/w2042230406,https://doi.org/10.1021/jf020206e,https://pubmed.ncbi.nlm.nih.gov/12105973,023-222-939-012-126,0,
https://openalex.org/w315342537,https://doi.org/10.1098/rstb.2009.0030,https://pubmed.ncbi.nlm.nih.gov/19528048,,0,
https://openalex.org/w2084349242,https://doi.org/10.1016/0022-3913(83)90275-5,https://pubmed.ncbi.nlm.nih.gov/6221094,,0,
https://openalex.org/w2128167851,https://doi.org/10.1503/cmaj.070070,https://pubmed.ncbi.nlm.nih.gov/17296948,034-859-159-894-460,0,
https://openalex.org/w2108468964,https://doi.org/10.1177/154405910408301208,https://pubmed.ncbi.nlm.nih.gov/15557400,091-421-376-593-710,0,
https://openalex.org/w2031786223,https://doi.org/10.1177/101053950301500208,https://pubmed.ncbi.nlm.nih.gov/15038686,008-360-502-763-615,0,
https://openalex.org/w2060004803,https://doi.org/10.1016/j.dental.2007.09.006,https://pubmed.ncbi.nlm.nih.gov/17980422,139-892-572-620-924,0,
https://openalex.org/w2014674428,https://doi.org/10.1289/ehp.02110s3409,https://pubmed.ncbi.nlm.nih.gov/12060837,007-107-563-019-624,0,
https://openalex.org/w2078291541,https://doi.org/10.1016/j.ultsonch.2007.05.005,https://pubmed.ncbi.nlm.nih.gov/17644462,169-172-340-387-644,0,
https://openalex.org/w2080671154,https://doi.org/10.1016/j.reprotox.2007.05.008,https://pubmed.ncbi.nlm.nih.gov/17604601,,0,
https://openalex.org/w2045814221,https://doi.org/10.1016/j.chroma.2003.08.084,https://pubmed.ncbi.nlm.nih.gov/14971485,,0,
https://openalex.org/w1991395944,https://doi.org/10.1007/s11356-012-0851-y,https://pubmed.ncbi.nlm.nih.gov/22421799,,0,
https://openalex.org/w39645115,,https://pubmed.ncbi.nlm.nih.gov/2150181,,0,
https://openalex.org/w2134321171,https://doi.org/10.1111/j.1365-2591.1990.tb00101.x,https://pubmed.ncbi.nlm.nih.gov/2151515,074-371-061-685-005,0,
https://openalex.org/w2031256064,https://doi.org/10.1016/0300-5712(91)90034-v,https://pubmed.ncbi.nlm.nih.gov/1826689,,0,
https://openalex.org/w2027022731,https://doi.org/10.1016/j.aca.2010.10.034,https://pubmed.ncbi.nlm.nih.gov/21167975,,0,
https://openalex.org/w1974063602,https://doi.org/10.1007/s00784-012-0707-3,https://pubmed.ncbi.nlm.nih.gov/22411263,,0,
https://openalex.org/w1976216494,https://doi.org/10.1007/s10549-005-9082-y,https://pubmed.ncbi.nlm.nih.gov/16328721,,0,
https://openalex.org/w2082363294,https://doi.org/10.4012/dmj.2010-093,https://pubmed.ncbi.nlm.nih.gov/21422670,066-898-574-965-599,0,
https://openalex.org/w2314130558,https://doi.org/10.1166/jnn.2006.17978,https://pubmed.ncbi.nlm.nih.gov/17252807,020-958-864-887-691,0,
https://openalex.org/w2153664915,https://doi.org/10.1111/j.1365-2591.2007.01242.x,https://pubmed.ncbi.nlm.nih.gov/17451454,010-970-331-043-903,0,
https://openalex.org/w2433338048,,https://pubmed.ncbi.nlm.nih.gov/6212785,,0,
https://openalex.org/w2080508789,https://doi.org/10.1016/j.jsbmb.2011.04.001,https://pubmed.ncbi.nlm.nih.gov/21513798,,0,
https://openalex.org/w2003679845,https://doi.org/10.1016/j.jchromb.2012.06.046,https://pubmed.ncbi.nlm.nih.gov/22831882,,0,
https://openalex.org/w2060297397,https://doi.org/10.1016/j.reprotox.2010.02.007,https://pubmed.ncbi.nlm.nih.gov/20214975,,0,
https://openalex.org/w1986930697,https://doi.org/10.1002/jbm.b.31052,https://pubmed.ncbi.nlm.nih.gov/18360880,048-445-645-570-734,0,
https://openalex.org/w2083481114,https://doi.org/10.1159/000321986,https://pubmed.ncbi.nlm.nih.gov/21088401,006-095-874-216-535,0,
https://openalex.org/w1965721960,https://doi.org/10.1016/j.ecoenv.2007.10.005,https://pubmed.ncbi.nlm.nih.gov/18048097,023-652-458-736-780,0,
https://openalex.org/w2007712953,https://doi.org/10.1016/j.bios.2011.11.027,https://pubmed.ncbi.nlm.nih.gov/22196875,,0,
https://openalex.org/w1488973437,https://doi.org/10.4315/0362-028x-66.8.1444,https://pubmed.ncbi.nlm.nih.gov/12929833,050-248-394-961-915,0,
https://openalex.org/w2043307319,https://doi.org/10.3402/ijch.v68i4.17372,https://pubmed.ncbi.nlm.nih.gov/19917184,050-574-742-405-784,0,
https://openalex.org/w2095269608,https://doi.org/10.1016/s0142-9612(99)00201-x,https://pubmed.ncbi.nlm.nih.gov/10656321,,0,
https://openalex.org/w2045631428,https://doi.org/10.1897/07-218.1,https://pubmed.ncbi.nlm.nih.gov/18211122,070-814-098-268-429,0,
https://openalex.org/w2399417731,,https://pubmed.ncbi.nlm.nih.gov/17455430,,0,
https://openalex.org/w2078560521,https://doi.org/10.1016/0109-5641(94)90047-7,https://pubmed.ncbi.nlm.nih.gov/7758855,,0,
https://openalex.org/w2977279577,https://doi.org/10.1289/ehp.118-a353a,https://pubmed.ncbi.nlm.nih.gov/20675262,000-876-430-333-769,0,
https://openalex.org/w2151754287,https://doi.org/10.1016/s0300-5712(02)00122-7,https://pubmed.ncbi.nlm.nih.gov/12615021,,0,
https://openalex.org/w2095820934,https://doi.org/10.1016/s0300-5712(96)00047-4,https://pubmed.ncbi.nlm.nih.gov/9175365,,0,
https://openalex.org/w2149277291,https://doi.org/10.1002/etc.5620201222,https://pubmed.ncbi.nlm.nih.gov/11764166,102-092-426-637-463,0,
https://openalex.org/w2071323521,https://doi.org/10.1002/jssc.201100159,https://pubmed.ncbi.nlm.nih.gov/21898797,022-611-152-526-564,0,
https://openalex.org/w2171110539,https://doi.org/10.1002/bit.23214,https://pubmed.ncbi.nlm.nih.gov/21618468,002-686-297-420-913,0,
https://openalex.org/w2048464754,https://doi.org/10.1016/j.watres.2011.05.015,https://pubmed.ncbi.nlm.nih.gov/21664640,,0,
https://openalex.org/w2327250905,https://doi.org/10.2166/wst.2002.0766,https://pubmed.ncbi.nlm.nih.gov/12523782,042-528-137-441-931,0,
https://openalex.org/w2000018317,https://doi.org/10.1021/es050036x,https://pubmed.ncbi.nlm.nih.gov/16173560,079-920-347-112-801,0,
https://openalex.org/w2133901169,https://doi.org/10.1111/j.1600-0722.2009.00616.x,https://pubmed.ncbi.nlm.nih.gov/19583764,046-697-148-149-664,0,
https://openalex.org/w2012785773,https://doi.org/10.1016/j.aca.2009.07.043,https://pubmed.ncbi.nlm.nih.gov/19720192,,0,
https://openalex.org/w2130333487,https://doi.org/10.1111/j.1532-849x.2002.00025.x,https://pubmed.ncbi.nlm.nih.gov/11935507,034-872-880-429-886,0,
https://openalex.org/w2082860395,https://doi.org/10.1016/j.chroma.2006.01.061,https://pubmed.ncbi.nlm.nih.gov/16472528,,0,
https://openalex.org/w2401593104,,https://pubmed.ncbi.nlm.nih.gov/9823071,,0,
https://openalex.org/w194646929,,https://pubmed.ncbi.nlm.nih.gov/17052038,,0,
https://openalex.org/w119416524,,https://pubmed.ncbi.nlm.nih.gov/12120779,,0,
https://openalex.org/w2047442571,https://doi.org/10.1016/j.tox.2003.12.002,https://pubmed.ncbi.nlm.nih.gov/15036763,,0,
https://openalex.org/w1982173229,https://doi.org/10.1539/joh.o9006,https://pubmed.ncbi.nlm.nih.gov/19706995,016-247-926-108-783,0,
https://openalex.org/w1993788609,https://doi.org/10.1111/j.1600-0722.1997.tb00188.x,https://pubmed.ncbi.nlm.nih.gov/9151062,058-859-332-120-540,0,
https://openalex.org/w2011314607,https://doi.org/10.1002/tox.20614,https://pubmed.ncbi.nlm.nih.gov/21702074,018-840-303-362-873,0,
https://openalex.org/w2050551927,https://doi.org/10.1111/j.1708-8240.1992.tb00676.x,https://pubmed.ncbi.nlm.nih.gov/1389358,012-202-741-376-859,0,
https://openalex.org/w2026434025,https://doi.org/10.1016/j.watres.2005.09.015,https://pubmed.ncbi.nlm.nih.gov/16242170,,0,
https://openalex.org/w1996166067,https://doi.org/10.1016/j.dental.2012.03.015,https://pubmed.ncbi.nlm.nih.gov/22521467,,0,
https://openalex.org/w1548759091,https://doi.org/10.1067/mpr.2000.110265,https://pubmed.ncbi.nlm.nih.gov/11105012,,0,
https://openalex.org/w2409695685,,https://pubmed.ncbi.nlm.nih.gov/2949639,,0,
https://openalex.org/w1980778762,https://doi.org/10.1289/ehp.1104429,https://pubmed.ncbi.nlm.nih.gov/22381703,016-496-590-883-942,0,
https://openalex.org/w2138925894,https://doi.org/10.1016/s0109-5641(96)80028-5,https://pubmed.ncbi.nlm.nih.gov/9002840,006-331-881-677-278,0,
https://openalex.org/w2005290109,https://doi.org/10.4012/dmj.2010-156,https://pubmed.ncbi.nlm.nih.gov/21597217,141-336-261-043-271,0,
https://openalex.org/w2021118723,https://doi.org/10.2341/10-375-c,https://pubmed.ncbi.nlm.nih.gov/22621163,023-740-488-498-47X,0,
https://openalex.org/w1999797298,https://doi.org/10.1016/j.joen.2012.05.011,https://pubmed.ncbi.nlm.nih.gov/22892740,,0,
https://openalex.org/w2056638414,https://doi.org/10.1111/j.1472-765x.2004.01562.x,https://pubmed.ncbi.nlm.nih.gov/15242458,067-992-760-046-980,0,
https://openalex.org/w2428047289,,https://pubmed.ncbi.nlm.nih.gov/8948190,,0,
https://openalex.org/w2163447049,https://doi.org/10.1016/j.dental.2008.06.007,https://pubmed.ncbi.nlm.nih.gov/18674811,,0,
https://openalex.org/w1970629264,https://doi.org/10.1007/s00216-011-5151-8,https://pubmed.ncbi.nlm.nih.gov/21667348,007-453-499-565-293,0,
https://openalex.org/w89505005,,https://pubmed.ncbi.nlm.nih.gov/11314222,,0,
https://openalex.org/w2055173898,https://doi.org/10.1016/j.envint.2012.02.010,https://pubmed.ncbi.nlm.nih.gov/22466019,024-780-731-223-461,0,
https://openalex.org/w2066546360,https://doi.org/10.1016/j.jsbmb.2006.09.017,https://pubmed.ncbi.nlm.nih.gov/17088055,,0,
https://openalex.org/w2021113495,https://doi.org/10.1016/j.bios.2006.09.010,https://pubmed.ncbi.nlm.nih.gov/17045793,,0,
https://openalex.org/w2110094453,https://doi.org/10.1039/c2cc31327h,https://pubmed.ncbi.nlm.nih.gov/22516914,106-856-257-782-338,0,
https://openalex.org/w2056034299,https://doi.org/10.1016/j.aquatox.2011.04.020,https://pubmed.ncbi.nlm.nih.gov/21632026,,0,
https://openalex.org/w2019835516,https://doi.org/10.1016/j.bios.2010.05.001,https://pubmed.ncbi.nlm.nih.gov/20605712,,0,
https://openalex.org/w2088258048,https://doi.org/10.1002/msj.20176,https://pubmed.ncbi.nlm.nih.gov/20309920,066-298-118-296-820,0,
https://openalex.org/w2408490097,,https://pubmed.ncbi.nlm.nih.gov/15151336,,0,
https://openalex.org/w2045515190,https://doi.org/10.1016/j.chroma.2011.03.044,https://pubmed.ncbi.nlm.nih.gov/21492861,,0,
https://openalex.org/w2079607677,https://doi.org/10.1016/j.reprotox.2012.06.001,https://pubmed.ncbi.nlm.nih.gov/22732146,,0,
https://openalex.org/w2036033022,https://doi.org/10.1111/j.1708-8240.1991.tb00973.x,https://pubmed.ncbi.nlm.nih.gov/1832285,085-398-080-582-772,0,
https://openalex.org/w2146502741,https://doi.org/10.2341/11-429-l,https://pubmed.ncbi.nlm.nih.gov/23092146,062-126-013-057-966,0,
https://openalex.org/w2466312199,,https://pubmed.ncbi.nlm.nih.gov/8332539,,0,
https://openalex.org/w2043427186,https://doi.org/10.1067/mod.2002.126595,https://pubmed.ncbi.nlm.nih.gov/12165766,001-630-656-429-022,0,
https://openalex.org/w2014744554,https://doi.org/10.1016/j.tiv.2007.01.014,https://pubmed.ncbi.nlm.nih.gov/17369015,,0,
https://openalex.org/w1996384602,https://doi.org/10.1016/j.mce.2005.02.009,https://pubmed.ncbi.nlm.nih.gov/16225985,,0,
https://openalex.org/w2112856057,https://doi.org/10.1210/endo.141.10.7723,https://pubmed.ncbi.nlm.nih.gov/11014247,052-184-901-557-152,0,
https://openalex.org/w2073819731,https://doi.org/10.1016/j.bbrc.2007.10.089,https://pubmed.ncbi.nlm.nih.gov/17963693,,0,
https://openalex.org/w2019449921,https://doi.org/10.1016/s0278-6915(03)00168-6,https://pubmed.ncbi.nlm.nih.gov/12963004,,0,
https://openalex.org/w2026292977,https://doi.org/10.1016/s0300-5712(02)00088-x,https://pubmed.ncbi.nlm.nih.gov/12726708,,0,
https://openalex.org/w2414666525,,https://pubmed.ncbi.nlm.nih.gov/22967341,,0,
https://openalex.org/w2082767134,https://doi.org/10.3109/00016359309040572,https://pubmed.ncbi.nlm.nih.gov/8237307,080-384-316-597-411,0,
https://openalex.org/w2085719937,https://doi.org/10.2341/05-91,https://pubmed.ncbi.nlm.nih.gov/17024941,019-800-983-444-812,0,
https://openalex.org/w2087059374,https://doi.org/10.1093/jb/mvj041,https://pubmed.ncbi.nlm.nih.gov/16567400,049-890-137-979-973,0,
https://openalex.org/w1968532981,https://doi.org/10.1021/la035293z,https://pubmed.ncbi.nlm.nih.gov/15350095,073-838-974-009-386,0,
https://openalex.org/w1995635197,https://doi.org/10.1007/s10147-012-0408-6,https://pubmed.ncbi.nlm.nih.gov/22527848,,0,
https://openalex.org/w1965222604,https://doi.org/10.1016/j.ijheh.2011.08.002,https://pubmed.ncbi.nlm.nih.gov/21885335,,0,
https://openalex.org/w1999284042,https://doi.org/10.1016/j.dental.2009.03.010,https://pubmed.ncbi.nlm.nih.gov/19395016,,0,
https://openalex.org/w2127940004,https://doi.org/10.1016/j.chroma.2006.04.014,https://pubmed.ncbi.nlm.nih.gov/16690068,,0,
https://openalex.org/w2414047998,,https://pubmed.ncbi.nlm.nih.gov/1524635,,0,
https://openalex.org/w2000922474,https://doi.org/10.14219/jada.archive.2006.0185,https://pubmed.ncbi.nlm.nih.gov/16570469,036-165-081-016-831,0,
https://openalex.org/w2091973465,https://doi.org/10.2341/11-256-l,https://pubmed.ncbi.nlm.nih.gov/22335305,119-418-709-316-285,0,
https://openalex.org/w2093816718,https://doi.org/10.1016/j.chemosphere.2009.12.053,https://pubmed.ncbi.nlm.nih.gov/20083294,,0,
https://openalex.org/w1560782159,https://doi.org/10.1023/a:1012279231373,https://pubmed.ncbi.nlm.nih.gov/11759570,,0,
https://openalex.org/w2015168961,https://doi.org/10.1590/s0103-64402009000200006,https://pubmed.ncbi.nlm.nih.gov/19738944,083-619-852-615-460,0,
https://openalex.org/w2112178989,https://doi.org/10.1016/j.ajodo.2012.11.015,https://pubmed.ncbi.nlm.nih.gov/23540625,097-655-613-749-855,0,
https://openalex.org/w2015081152,https://doi.org/10.1016/j.dental.2008.03.011,https://pubmed.ncbi.nlm.nih.gov/18439668,009-650-145-443-219,0,
https://openalex.org/w1977113912,https://doi.org/10.1016/j.dental.2006.06.016,https://pubmed.ncbi.nlm.nih.gov/16914191,,0,
https://openalex.org/w2069592340,https://doi.org/10.1016/j.jdent.2007.12.002,https://pubmed.ncbi.nlm.nih.gov/18248872,,0,
https://openalex.org/w2095239969,https://doi.org/10.1111/j.1600-0722.1991.tb01052.x,https://pubmed.ncbi.nlm.nih.gov/1836644,034-169-571-825-813,0,
https://openalex.org/w2038182524,https://doi.org/10.1371/journal.pone.0069991,https://pubmed.ncbi.nlm.nih.gov/23922885,038-319-417-449-318,0,
https://openalex.org/w1990979633,https://doi.org/10.1289/ehp.110-1241091,https://pubmed.ncbi.nlm.nih.gov/12417499,123-669-491-319-90X,0,
https://openalex.org/w2093044973,https://doi.org/10.1271/bbb.60453,https://pubmed.ncbi.nlm.nih.gov/17213647,101-216-002-606-01X,0,
https://openalex.org/w2162964214,https://doi.org/10.1016/s0300-5712(82)80001-8,https://pubmed.ncbi.nlm.nih.gov/6213683,,0,
https://openalex.org/w2171526430,https://doi.org/10.1111/j.1365-2842.1997.tb00265.x,https://pubmed.ncbi.nlm.nih.gov/9049925,117-134-593-668-408,0,
https://openalex.org/w2081435458,https://doi.org/10.1111/j.1532-849x.1996.tb00514.x,https://pubmed.ncbi.nlm.nih.gov/9171505,020-652-687-528-96X,0,
https://openalex.org/w2081746977,https://doi.org/10.1289/ehp.0901716,https://pubmed.ncbi.nlm.nih.gov/20338858,056-781-429-495-103,0,
https://openalex.org/w2152294047,https://doi.org/10.1016/s0109-5641(98)00041-4,https://pubmed.ncbi.nlm.nih.gov/10379258,,0,
https://openalex.org/w1992837686,https://doi.org/10.1016/0003-9969(86)90092-0,https://pubmed.ncbi.nlm.nih.gov/2957984,,0,
https://openalex.org/w2015651130,https://doi.org/10.1111/j.1532-849x.2007.00257.x,https://pubmed.ncbi.nlm.nih.gov/17971113,076-109-877-472-669,0,
https://openalex.org/w1982931271,https://doi.org/10.1080/00016350802208414,https://pubmed.ncbi.nlm.nih.gov/18615323,095-619-680-988-900,0,
https://openalex.org/w2041745670,https://doi.org/10.1016/j.dental.2009.01.097,https://pubmed.ncbi.nlm.nih.gov/19233460,,0,
https://openalex.org/w2135273963,https://doi.org/10.1086/bblv220n1p47,https://pubmed.ncbi.nlm.nih.gov/21385957,068-583-722-209-856,0,
https://openalex.org/w2045175162,https://doi.org/10.1080/02652030210147278,https://pubmed.ncbi.nlm.nih.gov/12396400,006-855-610-584-86X,0,
https://openalex.org/w2083360797,https://doi.org/10.1016/s0378-4347(99)00471-5,https://pubmed.ncbi.nlm.nih.gov/10677006,,0,
https://openalex.org/w2097255890,https://doi.org/10.1043/0003-3219(2004)074<0391:csooar>2.0.co;2,https://pubmed.ncbi.nlm.nih.gov/15264652,,0,
https://openalex.org/w2061619847,https://doi.org/10.1016/s0016-6480(03)00199-0,https://pubmed.ncbi.nlm.nih.gov/12957472,,0,
https://openalex.org/w2085350360,https://doi.org/10.1016/j.tiv.2007.07.003,https://pubmed.ncbi.nlm.nih.gov/17761398,,0,
https://openalex.org/w1874691419,https://doi.org/10.1177/08959374920060011601,https://pubmed.ncbi.nlm.nih.gov/1292462,096-122-689-575-689,0,
https://openalex.org/w2002796337,https://doi.org/10.5005/jp-journals-10024-1262,https://pubmed.ncbi.nlm.nih.gov/23579886,076-772-379-113-47X,0,
https://openalex.org/w2054164814,https://doi.org/10.1016/s0022-3913(13)60339-x,https://pubmed.ncbi.nlm.nih.gov/23849613,,0,
https://openalex.org/w2161162505,https://doi.org/10.1590/s0103-64402008000400010,https://pubmed.ncbi.nlm.nih.gov/19180325,007-733-371-947-416,0,
https://openalex.org/w1631327121,https://doi.org/10.2166/wst.2005.0212,https://pubmed.ncbi.nlm.nih.gov/16312945,010-814-073-932-163,0,
https://openalex.org/w2184747342,,https://pubmed.ncbi.nlm.nih.gov/11516002,,0,
https://openalex.org/w2436849724,,https://pubmed.ncbi.nlm.nih.gov/2530075,,0,
https://openalex.org/w2094436379,https://doi.org/10.1289/ehp.120-a232,https://pubmed.ncbi.nlm.nih.gov/22659036,050-874-398-700-972,0,
https://openalex.org/w2105319711,https://doi.org/10.2108/zsj.20.745,https://pubmed.ncbi.nlm.nih.gov/12832826,053-406-253-083-266,0,
https://openalex.org/w1963562010,https://doi.org/10.1111/j.1600-0722.1997.tb00253.x,https://pubmed.ncbi.nlm.nih.gov/9298369,153-429-607-538-65X,0,
https://openalex.org/w2059544089,https://doi.org/10.1366/11-06357,https://pubmed.ncbi.nlm.nih.gov/22054083,013-267-715-216-046,0,
https://openalex.org/w142792522,,https://pubmed.ncbi.nlm.nih.gov/16408824,,0,
https://openalex.org/w1987033364,https://doi.org/10.1080/15287390500182354,https://pubmed.ncbi.nlm.nih.gov/16326438,059-154-895-591-73X,0,
https://openalex.org/w2992842938,,https://pubmed.ncbi.nlm.nih.gov/1528732,,0,
https://openalex.org/w2395130115,,https://pubmed.ncbi.nlm.nih.gov/1839391,,0,
https://openalex.org/w11416068,,https://pubmed.ncbi.nlm.nih.gov/7576379,,0,
https://openalex.org/w2067597842,https://doi.org/10.1002/jbm.a.32689,https://pubmed.ncbi.nlm.nih.gov/20127999,036-425-413-216-484,0,
https://openalex.org/w2124883516,https://doi.org/10.1016/j.pharma.2009.11.002,https://pubmed.ncbi.nlm.nih.gov/20434598,,0,
https://openalex.org/w2060567843,https://doi.org/10.1111/j.1532-849x.1998.tb00171.x,https://pubmed.ncbi.nlm.nih.gov/9663109,047-119-254-052-104,0,
https://openalex.org/w1966173138,https://doi.org/10.1016/j.jdent.2010.03.006,https://pubmed.ncbi.nlm.nih.gov/20302903,010-140-303-891-064,0,
https://openalex.org/w2407833227,,https://pubmed.ncbi.nlm.nih.gov/15853101,,0,
https://openalex.org/w2081292349,https://doi.org/10.1007/s00216-005-0082-x,https://pubmed.ncbi.nlm.nih.gov/16189677,,0,
https://openalex.org/w2044474590,https://doi.org/10.1016/j.toxlet.2010.09.022,https://pubmed.ncbi.nlm.nih.gov/20933065,,0,
https://openalex.org/w1992017979,https://doi.org/10.1179/ortho.27.3.261,https://pubmed.ncbi.nlm.nih.gov/11099559,084-344-438-881-321,0,
https://openalex.org/w2072007513,https://doi.org/10.1016/s0300-483x(03)00056-8,https://pubmed.ncbi.nlm.nih.gov/12767684,,0,
https://openalex.org/w1912937375,https://doi.org/10.1002/jat.2723,https://pubmed.ncbi.nlm.nih.gov/22351617,028-101-094-674-179,0,
https://openalex.org/w2427868100,,https://pubmed.ncbi.nlm.nih.gov/6213312,,0,
https://openalex.org/w168438274,,https://pubmed.ncbi.nlm.nih.gov/15724761,,0,
https://openalex.org/w2435053515,,https://pubmed.ncbi.nlm.nih.gov/17712472,,0,
https://openalex.org/w2063739240,https://doi.org/10.1016/j.dental.2008.08.003,https://pubmed.ncbi.nlm.nih.gov/18848352,,0,
https://openalex.org/w2147976950,https://doi.org/10.1124/dmd.104.000273,https://pubmed.ncbi.nlm.nih.gov/15269185,000-835-860-468-494,0,
https://openalex.org/w2055142054,https://doi.org/10.1016/j.biomaterials.2003.11.036,https://pubmed.ncbi.nlm.nih.gov/15120496,,0,
https://openalex.org/w2065341550,https://doi.org/10.1016/j.neuro.2012.05.014,https://pubmed.ncbi.nlm.nih.gov/22659293,018-902-581-253-520,0,
https://openalex.org/w2144489965,https://doi.org/10.1016/j.dental.2008.01.007,https://pubmed.ncbi.nlm.nih.gov/18325583,,0,
https://openalex.org/w2398728974,,https://pubmed.ncbi.nlm.nih.gov/12016688,,0,
https://openalex.org/w1963734181,https://doi.org/10.1016/j.fct.2012.09.006,https://pubmed.ncbi.nlm.nih.gov/22989705,,0,
https://openalex.org/w2096705445,https://doi.org/10.2341/05-53,https://pubmed.ncbi.nlm.nih.gov/16924983,105-225-058-224-280,0,
https://openalex.org/w2002764231,https://doi.org/10.1016/j.reprotox.2007.10.007,https://pubmed.ncbi.nlm.nih.gov/18065196,,0,
https://openalex.org/w2075009571,https://doi.org/10.1007/s11356-012-0827-y,https://pubmed.ncbi.nlm.nih.gov/22828881,,0,
https://openalex.org/w2011065316,https://doi.org/10.1016/s0190-9622(96)90600-3,https://pubmed.ncbi.nlm.nih.gov/8784272,,0,
https://openalex.org/w1909226436,https://doi.org/10.1290/0608050.1,https://pubmed.ncbi.nlm.nih.gov/17316062,,0,
https://openalex.org/w1978672243,https://doi.org/10.1016/j.chemosphere.2006.11.041,https://pubmed.ncbi.nlm.nih.gov/17234254,,0,
https://openalex.org/w2012745653,https://doi.org/10.1016/j.tiv.2013.02.016,https://pubmed.ncbi.nlm.nih.gov/23470418,,0,
https://openalex.org/w2036946365,https://doi.org/10.1016/j.jdent.2010.04.011,https://pubmed.ncbi.nlm.nih.gov/20450952,,0,
https://openalex.org/w2097327668,https://doi.org/10.1210/er.2011-1050,https://pubmed.ncbi.nlm.nih.gov/22419778,117-916-615-838-129,0,
https://openalex.org/w2035354596,https://doi.org/10.1177/0022034509351001,https://pubmed.ncbi.nlm.nih.gov/19892915,008-086-862-357-97X,0,
https://openalex.org/w1980622823,https://doi.org/10.1111/j.1600-0536.2008.01498.x,https://pubmed.ncbi.nlm.nih.gov/19260913,087-134-007-712-706,0,
https://openalex.org/w1968621382,https://doi.org/10.1046/j.1365-2842.2002.00907.x,https://pubmed.ncbi.nlm.nih.gov/12153458,072-476-952-876-399,0,
https://openalex.org/w2019713726,https://doi.org/10.4012/dmj.2009-108,https://pubmed.ncbi.nlm.nih.gov/20610877,073-868-494-005-340,0,
https://openalex.org/w1966128090,https://doi.org/10.1016/s0006-2952(03)00208-9,https://pubmed.ncbi.nlm.nih.gov/12818366,,0,
https://openalex.org/w1986805990,https://doi.org/10.1038/sj.bdj.4805972,https://pubmed.ncbi.nlm.nih.gov/2947603,,0,
https://openalex.org/w1972848807,https://doi.org/10.1002/jbm.b.30222,https://pubmed.ncbi.nlm.nih.gov/15678489,018-953-519-053-149,0,
https://openalex.org/w2012320178,https://doi.org/10.1016/s0099-2399(88)80176-6,https://pubmed.ncbi.nlm.nih.gov/3251977,,0,
https://openalex.org/w2059145426,https://doi.org/10.1016/j.ecoenv.2011.05.010,https://pubmed.ncbi.nlm.nih.gov/21700340,151-311-684-084-894,0,
https://openalex.org/w1530211326,https://doi.org/10.1002/tox.21861,https://pubmed.ncbi.nlm.nih.gov/23619965,,0,
https://openalex.org/w2111669521,https://doi.org/10.1002/jssc.200900564,https://pubmed.ncbi.nlm.nih.gov/19950355,003-794-412-490-357,0,
https://openalex.org/w2117451291,https://doi.org/10.1043/0003-3219(1998)068<0351:aycrob>2.3.co;2,https://pubmed.ncbi.nlm.nih.gov/9709836,,0,
https://openalex.org/w2138465519,,https://pubmed.ncbi.nlm.nih.gov/22493353,,0,
https://openalex.org/w2415241703,,https://pubmed.ncbi.nlm.nih.gov/15779312,,0,
https://openalex.org/w2135447784,https://doi.org/10.1177/00220345810600050601,https://pubmed.ncbi.nlm.nih.gov/6452468,033-231-663-947-517,0,
https://openalex.org/w1984765270,https://doi.org/10.11607/ijp.3409,https://pubmed.ncbi.nlm.nih.gov/23837171,024-137-425-088-924,0,
https://openalex.org/w2401110838,,https://pubmed.ncbi.nlm.nih.gov/8397693,,0,
https://openalex.org/w2423578713,,https://pubmed.ncbi.nlm.nih.gov/7993604,,0,
https://openalex.org/w1905741074,https://doi.org/10.1177/00220345940730020501,https://pubmed.ncbi.nlm.nih.gov/8120214,035-874-940-761-131,0,
https://openalex.org/w1928222724,https://doi.org/10.1046/j.0909-8836.1998.eos10602ii04.x,https://pubmed.ncbi.nlm.nih.gov/9584902,022-140-331-623-011,0,
https://openalex.org/w2084292266,https://doi.org/10.1111/j.1365-2842.1984.tb00582.x,https://pubmed.ncbi.nlm.nih.gov/6235334,116-136-332-895-269,0,
https://openalex.org/w2113990543,https://doi.org/10.4012/dmj.20.315,https://pubmed.ncbi.nlm.nih.gov/11915625,116-523-007-529-265,0,
https://openalex.org/w2121224404,https://doi.org/10.1016/j.reprotox.2008.06.007,https://pubmed.ncbi.nlm.nih.gov/18638542,,0,
https://openalex.org/w2399369182,,https://pubmed.ncbi.nlm.nih.gov/22435301,,0,
https://openalex.org/w2438336716,,https://pubmed.ncbi.nlm.nih.gov/20225469,,0,
https://openalex.org/w1977624432,https://doi.org/10.1016/j.jdent.2005.03.004,https://pubmed.ncbi.nlm.nih.gov/15907359,,0,
https://openalex.org/w2330201806,https://doi.org/10.1021/es204188j,https://pubmed.ncbi.nlm.nih.gov/22260225,022-649-538-057-792,0,
https://openalex.org/w2135060688,https://doi.org/10.1080/00015550310005870,https://pubmed.ncbi.nlm.nih.gov/15040471,086-409-822-146-425,0,
https://openalex.org/w1992402414,https://doi.org/10.1016/j.aca.2009.02.037,https://pubmed.ncbi.nlm.nih.gov/19427471,,0,
https://openalex.org/w1979664706,https://doi.org/10.1111/j.1600-0536.1988.tb02748.x,https://pubmed.ncbi.nlm.nih.gov/3284710,153-205-059-860-193,0,
https://openalex.org/w2016262121,https://doi.org/10.1016/j.chemosphere.2005.08.046,https://pubmed.ncbi.nlm.nih.gov/16289215,,0,
https://openalex.org/w2080145029,https://doi.org/10.1089/pho.2005.23.229,https://pubmed.ncbi.nlm.nih.gov/15910193,028-114-436-659-140,0,
https://openalex.org/w2129080619,https://doi.org/10.1179/bjo.21.2.125,https://pubmed.ncbi.nlm.nih.gov/8043560,050-147-546-531-701,0,
https://openalex.org/w2111631040,https://doi.org/10.1155/2012/598180,https://pubmed.ncbi.nlm.nih.gov/23251154,062-792-322-989-956,0,
https://openalex.org/w1999214690,https://doi.org/10.1046/j.1525-142x.2003.03011.x,https://pubmed.ncbi.nlm.nih.gov/12492412,096-622-687-926-60X,0,
https://openalex.org/w1708459719,https://doi.org/10.1111/j.1365-2605.2011.01242.x,https://pubmed.ncbi.nlm.nih.gov/22372636,074-252-279-898-984,0,
https://openalex.org/w1977333131,https://doi.org/10.1016/j.reprotox.2004.01.002,https://pubmed.ncbi.nlm.nih.gov/15082077,,0,
https://openalex.org/w1987035615,https://doi.org/10.1016/j.aca.2006.06.029,https://pubmed.ncbi.nlm.nih.gov/17723653,,0,
https://openalex.org/w1977508419,https://doi.org/10.1016/0022-3913(94)90563-0,https://pubmed.ncbi.nlm.nih.gov/7527462,,0,
https://openalex.org/w2060174777,https://doi.org/10.1016/0278-6915(85)90056-0,https://pubmed.ncbi.nlm.nih.gov/4076938,,0,
https://openalex.org/w2006759955,https://doi.org/10.1016/j.envint.2011.02.012,https://pubmed.ncbi.nlm.nih.gov/21440302,028-893-659-129-273,0,
https://openalex.org/w2049561509,https://doi.org/10.1016/s0043-1354(02)00378-0,https://pubmed.ncbi.nlm.nih.gov/12598185,,0,
https://openalex.org/w2088289999,https://doi.org/10.1021/es202507f,https://pubmed.ncbi.nlm.nih.gov/21939283,058-415-476-165-513,0,
https://openalex.org/w1976099519,https://doi.org/10.1038/sj.bdj.4808989,https://pubmed.ncbi.nlm.nih.gov/8746143,,0,
https://openalex.org/w2064692473,https://doi.org/10.1080/10590500600936482,https://pubmed.ncbi.nlm.nih.gov/17114111,077-686-025-258-861,0,
https://openalex.org/w2054606243,https://doi.org/10.1016/s0045-6535(99)00335-5,https://pubmed.ncbi.nlm.nih.gov/10739028,,0,
https://openalex.org/w2087631052,https://doi.org/10.1039/c2em30095h,https://pubmed.ncbi.nlm.nih.gov/22438038,030-742-455-686-880,0,
https://openalex.org/w2149989486,https://doi.org/10.1177/00220345810600061501,https://pubmed.ncbi.nlm.nih.gov/6453146,094-798-265-038-350,0,
https://openalex.org/w1973493176,https://doi.org/10.1016/j.aquatox.2006.02.013,https://pubmed.ncbi.nlm.nih.gov/16631935,,0,
https://openalex.org/w2032740392,https://doi.org/10.3109/00016350903260264,https://pubmed.ncbi.nlm.nih.gov/19878043,009-637-548-523-17X,0,
https://openalex.org/w2013068635,https://doi.org/10.1016/j.taap.2011.07.009,https://pubmed.ncbi.nlm.nih.gov/21820460,,0,
https://openalex.org/w2025881782,https://doi.org/10.1016/j.reprotox.2011.08.010,https://pubmed.ncbi.nlm.nih.gov/21907787,102-337-079-555-000,0,
https://openalex.org/w2119947069,https://doi.org/10.1124/mol.112.081372,https://pubmed.ncbi.nlm.nih.gov/23197648,,0,
https://openalex.org/w1966473232,https://doi.org/10.1016/j.jhazmat.2012.09.027,https://pubmed.ncbi.nlm.nih.gov/23044197,,0,
https://openalex.org/w2018688187,https://doi.org/10.1103/physreve.73.031803,https://pubmed.ncbi.nlm.nih.gov/17358359,028-518-364-050-643,0,
https://openalex.org/w1970304913,https://doi.org/10.1007/s10856-007-3161-z,https://pubmed.ncbi.nlm.nih.gov/17569004,083-107-762-235-609,0,
https://openalex.org/w2030813050,https://doi.org/10.1080/00016350903074525,https://pubmed.ncbi.nlm.nih.gov/19579142,060-576-280-290-899,0,
https://openalex.org/w1972834584,https://doi.org/10.1016/j.watres.2009.04.030,https://pubmed.ncbi.nlm.nih.gov/19501381,,0,
https://openalex.org/w2022734786,https://doi.org/10.1007/s12185-012-1233-4,https://pubmed.ncbi.nlm.nih.gov/23264188,,0,
https://openalex.org/w2394787966,,https://pubmed.ncbi.nlm.nih.gov/6453432,,0,
https://openalex.org/w2100011149,https://doi.org/10.1093/ejo/cjq032,https://pubmed.ncbi.nlm.nih.gov/20671070,009-900-371-024-943,0,
https://openalex.org/w2015278521,https://doi.org/10.1016/j.cbpc.2008.03.012,https://pubmed.ncbi.nlm.nih.gov/18450520,,0,
https://openalex.org/w2074373392,https://doi.org/10.1016/j.chemosphere.2007.04.047,https://pubmed.ncbi.nlm.nih.gov/17559906,,0,
https://openalex.org/w2416296083,,https://pubmed.ncbi.nlm.nih.gov/6229186,,0,
https://openalex.org/w1995415815,https://doi.org/10.1016/s1001-0742(11)60897-8,https://pubmed.ncbi.nlm.nih.gov/23513453,000-061-632-844-471,0,
https://openalex.org/w2081657384,https://doi.org/10.1002/etc.5620211119,https://pubmed.ncbi.nlm.nih.gov/12389919,055-825-996-886-640,0,
https://openalex.org/w172921443,,https://pubmed.ncbi.nlm.nih.gov/2151999,,0,
https://openalex.org/w2038690499,https://doi.org/10.1073/pnas.1115187108,https://pubmed.ncbi.nlm.nih.gov/22006313,032-163-651-077-499,0,
https://openalex.org/w2090305682,https://doi.org/10.1080/02652039309374178,https://pubmed.ncbi.nlm.nih.gov/8224323,097-488-959-624-034,0,
https://openalex.org/w4241330194,https://doi.org/10.1177/039139888000300612,https://pubmed.ncbi.nlm.nih.gov/6257616,008-296-971-154-894,0,
https://openalex.org/w2094367828,https://doi.org/10.1039/c0em00597e,https://pubmed.ncbi.nlm.nih.gov/21390396,046-953-438-175-510,0,
https://openalex.org/w2124414522,https://doi.org/10.1093/ejo/22.5.555,https://pubmed.ncbi.nlm.nih.gov/11105412,059-462-358-117-340,0,
https://openalex.org/w1998005194,https://doi.org/10.1039/c1em10464k,https://pubmed.ncbi.nlm.nih.gov/22041933,029-006-203-841-775,0,
https://openalex.org/w1988156236,https://doi.org/10.1615/jlongtermeffmedimplants.v16.i4.30,https://pubmed.ncbi.nlm.nih.gov/17073571,143-796-871-332-409,0,
https://openalex.org/w2031924352,https://doi.org/10.1038/sj.bdj.4804785,https://pubmed.ncbi.nlm.nih.gov/6212072,,0,
https://openalex.org/w1974949724,https://doi.org/10.1016/j.etap.2003.08.005,https://pubmed.ncbi.nlm.nih.gov/21782677,,0,
https://openalex.org/w2004100337,https://doi.org/10.1016/s0731-7085(02)00526-5,https://pubmed.ncbi.nlm.nih.gov/12485725,,0,
https://openalex.org/w2166747956,https://doi.org/10.1111/j.1745-7262.2008.00292.x,https://pubmed.ncbi.nlm.nih.gov/18286211,106-068-726-625-216,0,
https://openalex.org/w2007384178,https://doi.org/10.2131/jts.38.485,https://pubmed.ncbi.nlm.nih.gov/23719926,067-220-242-840-316,0,
https://openalex.org/w1982546336,https://doi.org/10.1289/ehp.02110s3415,https://pubmed.ncbi.nlm.nih.gov/12060838,000-364-331-388-378,0,
https://openalex.org/w2024941506,https://doi.org/10.1016/s0022-3913(05)80335-x,https://pubmed.ncbi.nlm.nih.gov/7783018,,0,
https://openalex.org/w2155646364,https://doi.org/10.1007/s00204-008-0364-0,https://pubmed.ncbi.nlm.nih.gov/18843480,,0,
https://openalex.org/w2411853939,,https://pubmed.ncbi.nlm.nih.gov/12066675,,0,
https://openalex.org/w2097048467,https://doi.org/10.2334/josnusd.50.315,https://pubmed.ncbi.nlm.nih.gov/18818468,042-113-647-715-352,0,
https://openalex.org/w4302337613,,https://pubmed.ncbi.nlm.nih.gov/6217235,,0,
https://openalex.org/w2471592339,,https://pubmed.ncbi.nlm.nih.gov/6468974,,0,
https://openalex.org/w2022788791,https://doi.org/10.1016/j.scitotenv.2011.01.010,https://pubmed.ncbi.nlm.nih.gov/21315426,,0,
https://openalex.org/w2054966451,https://doi.org/10.1111/j.1834-7819.1991.tb01359.x,https://pubmed.ncbi.nlm.nih.gov/1836723,076-444-446-977-591,0,
https://openalex.org/w2079037878,https://doi.org/10.1111/j.1365-2842.2006.01539.x,https://pubmed.ncbi.nlm.nih.gov/16457675,021-650-786-823-566,0,
https://openalex.org/w1966895947,https://doi.org/10.2341/11-459-l,https://pubmed.ncbi.nlm.nih.gov/22616925,003-511-291-796-292,0,
https://openalex.org/w2028018720,https://doi.org/10.4103/0970-9290.59445,https://pubmed.ncbi.nlm.nih.gov/20139566,063-977-767-725-045,0,
https://openalex.org/w2049086289,https://doi.org/10.1002/ar.10033,https://pubmed.ncbi.nlm.nih.gov/11748570,001-949-317-815-935,0,
https://openalex.org/w2128799803,https://doi.org/10.2105/ajph.2008.159228,https://pubmed.ncbi.nlm.nih.gov/19890158,084-926-030-902-977,0,
https://openalex.org/w2021034270,https://doi.org/10.1897/06-642r.1,https://pubmed.ncbi.nlm.nih.gov/17941731,028-428-085-203-628,0,
https://openalex.org/w2409298697,,https://pubmed.ncbi.nlm.nih.gov/9161263,,0,
https://openalex.org/w2013195150,https://doi.org/10.1016/j.talanta.2012.02.021,https://pubmed.ncbi.nlm.nih.gov/22817950,,0,
https://openalex.org/w2115106606,https://doi.org/10.3109/00016358209024081,https://pubmed.ncbi.nlm.nih.gov/6217713,016-468-689-524-378,0,
https://openalex.org/w2008059672,https://doi.org/10.1097/mop.0b013e32833b03f8,https://pubmed.ncbi.nlm.nih.gov/20489636,001-299-385-442-673,0,
https://openalex.org/w2073373719,https://doi.org/10.1016/0109-5641(95)80057-3,https://pubmed.ncbi.nlm.nih.gov/8621046,,0,
https://openalex.org/w2444059399,,https://pubmed.ncbi.nlm.nih.gov/21780731,,0,
https://openalex.org/w1966722237,https://doi.org/10.1016/j.ajodo.2003.06.009,https://pubmed.ncbi.nlm.nih.gov/15356497,020-781-972-327-551,0,
https://openalex.org/w2093351415,https://doi.org/10.1007/s00418-011-0894-z,https://pubmed.ncbi.nlm.nih.gov/22131059,,0,
https://openalex.org/w2135214741,https://doi.org/10.1016/0300-5712(92)90023-6,https://pubmed.ncbi.nlm.nih.gov/1452875,,0,
https://openalex.org/w1980904019,https://doi.org/10.2166/wst.2012.290,https://pubmed.ncbi.nlm.nih.gov/22828305,012-850-639-444-953,0,
https://openalex.org/w2067011097,https://doi.org/10.1016/j.watres.2012.08.039,https://pubmed.ncbi.nlm.nih.gov/23022116,,0,
https://openalex.org/w2080932534,https://doi.org/10.1007/s00216-010-4263-x,https://pubmed.ncbi.nlm.nih.gov/20953775,,0,
https://openalex.org/w1995321893,https://doi.org/10.1021/es0484404,https://pubmed.ncbi.nlm.nih.gov/15884373,146-339-242-733-774,0,
https://openalex.org/w1968925582,https://doi.org/10.1016/j.talanta.2008.04.034,https://pubmed.ncbi.nlm.nih.gov/18656671,,0,
https://openalex.org/w2055450207,https://doi.org/10.1016/s0022-3913(85)80068-8,https://pubmed.ncbi.nlm.nih.gov/3160853,,0,
https://openalex.org/w1967332259,https://doi.org/10.1103/physreve.67.021807,https://pubmed.ncbi.nlm.nih.gov/12636708,059-560-172-729-233,0,
https://openalex.org/w2004463322,https://doi.org/10.1016/s0043-1354(00)00537-6,https://pubmed.ncbi.nlm.nih.gov/11394767,,0,
https://openalex.org/w2398533815,,https://pubmed.ncbi.nlm.nih.gov/16158806,,0,
https://openalex.org/w1966282944,https://doi.org/10.1016/s0045-6535(03)00759-8,https://pubmed.ncbi.nlm.nih.gov/14581060,,0,
https://openalex.org/w2093405403,https://doi.org/10.1067/mod.2001.116083,https://pubmed.ncbi.nlm.nih.gov/11606965,007-565-285-107-98X,0,
https://openalex.org/w2049853678,https://doi.org/10.1111/j.1600-0722.1995.tb00170.x,https://pubmed.ncbi.nlm.nih.gov/7552959,117-184-220-309-889,0,
https://openalex.org/w161112818,,https://pubmed.ncbi.nlm.nih.gov/12238691,,0,
https://openalex.org/w4301897535,,https://pubmed.ncbi.nlm.nih.gov/20517192,,0,
https://openalex.org/w2473213848,,https://pubmed.ncbi.nlm.nih.gov/14621244,,0,
https://openalex.org/w2112328406,https://doi.org/10.1093/jb/mvs008,https://pubmed.ncbi.nlm.nih.gov/22298789,055-450-901-781-291,0,
https://openalex.org/w2061623490,https://doi.org/10.1021/jp805204m,https://pubmed.ncbi.nlm.nih.gov/19193163,024-467-202-564-120,0,
https://openalex.org/w2084444116,https://doi.org/10.1021/es301334j,https://pubmed.ncbi.nlm.nih.gov/22620267,023-761-336-090-574,0,
https://openalex.org/w2047142193,https://doi.org/10.1073/pnas.1107958108,https://pubmed.ncbi.nlm.nih.gov/21709224,074-908-048-689-420,0,
https://openalex.org/w2025822785,https://doi.org/10.4103/0970-4388.79913,https://pubmed.ncbi.nlm.nih.gov/21521911,043-076-407-601-109,0,
https://openalex.org/w2051109708,https://doi.org/10.1080/10934529.2012.672317,https://pubmed.ncbi.nlm.nih.gov/22571528,068-155-590-766-210,0,
https://openalex.org/w2071138477,https://doi.org/10.1002/tox.20349,https://pubmed.ncbi.nlm.nih.gov/18214894,160-610-845-546-727,0,
https://openalex.org/w2072350703,https://doi.org/10.1007/s12010-012-0016-y,https://pubmed.ncbi.nlm.nih.gov/23306877,,0,
https://openalex.org/w2403343249,,https://pubmed.ncbi.nlm.nih.gov/11203832,,0,
https://openalex.org/w2001128906,https://doi.org/10.1016/s0022-3913(13)60044-x,https://pubmed.ncbi.nlm.nih.gov/23522370,,0,
https://openalex.org/w2012930289,https://doi.org/10.1016/j.chemosphere.2012.10.002,https://pubmed.ncbi.nlm.nih.gov/23121986,,0,
https://openalex.org/w125361799,,https://pubmed.ncbi.nlm.nih.gov/11383259,,0,
https://openalex.org/w2042016415,https://doi.org/10.3109/10731199309118300,https://pubmed.ncbi.nlm.nih.gov/8461440,000-847-412-888-354,0,
https://openalex.org/w2085490784,https://doi.org/10.1016/j.marenvres.2007.01.006,https://pubmed.ncbi.nlm.nih.gov/17360034,,0,
https://openalex.org/w2014455469,https://doi.org/10.1016/j.aquatox.2006.01.005,https://pubmed.ncbi.nlm.nih.gov/16481053,,0,
https://openalex.org/w2167574564,https://doi.org/10.1016/j.dental.2011.02.015,https://pubmed.ncbi.nlm.nih.gov/21477852,,0,
https://openalex.org/w2053948288,https://doi.org/10.1016/s0109-5641(00)00066-x,https://pubmed.ncbi.nlm.nih.gov/11163389,,0,
https://openalex.org/w2030088208,https://doi.org/10.2131/jts.38.285,https://pubmed.ncbi.nlm.nih.gov/23535407,092-372-301-339-484,0,
https://openalex.org/w2080727327,https://doi.org/10.1111/j.1600-9657.2008.00594.x,https://pubmed.ncbi.nlm.nih.gov/19021661,001-732-402-635-640,0,
https://openalex.org/w2046999111,https://doi.org/10.1034/j.1600-0528.2001.290410.x,https://pubmed.ncbi.nlm.nih.gov/11515645,007-806-667-265-400,0,
https://openalex.org/w2058653181,https://doi.org/10.1016/j.watres.2004.05.015,https://pubmed.ncbi.nlm.nih.gov/15325187,,0,
https://openalex.org/w2034694011,https://doi.org/10.1016/j.joen.2012.07.003,https://pubmed.ncbi.nlm.nih.gov/23228265,,0,
https://openalex.org/w1974701788,https://doi.org/10.1016/j.scitotenv.2009.07.003,https://pubmed.ncbi.nlm.nih.gov/19665171,,0,
https://openalex.org/w2401853999,,https://pubmed.ncbi.nlm.nih.gov/11764129,,0,
https://openalex.org/w2159483863,https://doi.org/10.1093/toxsci/56.2.332,https://pubmed.ncbi.nlm.nih.gov/10910991,014-892-784-282-530,0,
https://openalex.org/w2056929033,https://doi.org/10.1016/j.ygcen.2005.11.015,https://pubmed.ncbi.nlm.nih.gov/16403501,,0,
https://openalex.org/w2061009449,https://doi.org/10.1007/s00244-005-0204-7,https://pubmed.ncbi.nlm.nih.gov/17031755,,0,
https://openalex.org/w2093100429,https://doi.org/10.1006/bbrc.2001.5021,https://pubmed.ncbi.nlm.nih.gov/11396959,,0,
https://openalex.org/w2051879202,https://doi.org/10.1016/j.jdent.2008.01.019,https://pubmed.ncbi.nlm.nih.gov/18359139,,0,
https://openalex.org/w2002673092,https://doi.org/10.3181/00379727-217-44236,https://pubmed.ncbi.nlm.nih.gov/9492339,055-033-062-048-111,0,
https://openalex.org/w2425019527,,https://pubmed.ncbi.nlm.nih.gov/2945987,,0,
https://openalex.org/w2091903601,https://doi.org/10.1016/j.chemosphere.2004.04.048,https://pubmed.ncbi.nlm.nih.gov/15261530,,0,
https://openalex.org/w2009087793,https://doi.org/10.1016/j.chemosphere.2007.05.088,https://pubmed.ncbi.nlm.nih.gov/17629547,,0,
https://openalex.org/w1982563827,https://doi.org/10.1016/j.ijheh.2009.03.004,https://pubmed.ncbi.nlm.nih.gov/19394271,007-820-785-250-294,0,
https://openalex.org/w183695039,,https://pubmed.ncbi.nlm.nih.gov/20521567,,0,
https://openalex.org/w2466489196,,https://pubmed.ncbi.nlm.nih.gov/2953421,,0,
https://openalex.org/w2073184734,https://doi.org/10.1016/j.cbpc.2010.05.007,https://pubmed.ncbi.nlm.nih.gov/20594974,,0,
https://openalex.org/w2131338643,https://doi.org/10.1016/j.jchromb.2013.05.025,https://pubmed.ncbi.nlm.nih.gov/23797111,,0,
https://openalex.org/w1992159699,https://doi.org/10.1002/(sici)1097-4636(19991205)47:3<353::aid-jbm9>3.0.co;2-p,https://pubmed.ncbi.nlm.nih.gov/10487886,066-639-614-560-187,0,
https://openalex.org/w2052927712,https://doi.org/10.1289/ehp.7633,https://pubmed.ncbi.nlm.nih.gov/15929888,051-436-961-452-776,0,
https://openalex.org/w2006377417,https://doi.org/10.1007/s002040050659,https://pubmed.ncbi.nlm.nih.gov/10839477,,0,
https://openalex.org/w2140211026,https://doi.org/10.1210/me.2011-1129,https://pubmed.ncbi.nlm.nih.gov/21903720,137-520-947-729-716,0,
https://openalex.org/w2009074614,https://doi.org/10.1016/j.chroma.2009.06.054,https://pubmed.ncbi.nlm.nih.gov/19577755,,0,
https://openalex.org/w2023898611,https://doi.org/10.1111/j.1365-2605.2005.00570.x,https://pubmed.ncbi.nlm.nih.gov/16466536,148-021-707-445-813,0,
https://openalex.org/w2413530058,https://doi.org/10.1080/19424396.2007.12221260,https://pubmed.ncbi.nlm.nih.gov/17941303,,0,
https://openalex.org/w4253321184,https://doi.org/10.1016/j.cub.2012.08.010,https://pubmed.ncbi.nlm.nih.gov/23256202,,0,
https://openalex.org/w2396574388,,https://pubmed.ncbi.nlm.nih.gov/18618040,,0,
https://openalex.org/w2409441255,,https://pubmed.ncbi.nlm.nih.gov/10551131,,0,
https://openalex.org/w2081795282,https://doi.org/10.1021/ja060609l,https://pubmed.ncbi.nlm.nih.gov/16734451,152-510-202-294-839,0,
https://openalex.org/w1971671870,https://doi.org/10.1007/s00216-013-6877-2,https://pubmed.ncbi.nlm.nih.gov/23512188,,0,
https://openalex.org/w2023480912,https://doi.org/10.1016/j.jchromb.2006.12.033,https://pubmed.ncbi.nlm.nih.gov/17270504,,0,
https://openalex.org/w2161076544,https://doi.org/10.1016/s0109-5641(00)00062-2,https://pubmed.ncbi.nlm.nih.gov/11124416,,0,
https://openalex.org/w1999879476,https://doi.org/10.1016/j.etap.2007.08.003,https://pubmed.ncbi.nlm.nih.gov/21783831,,0,
https://openalex.org/w1591719702,https://doi.org/10.1111/j.1365-2826.2010.02043.x,https://pubmed.ncbi.nlm.nih.gov/20561153,026-731-151-487-075,0,
https://openalex.org/w1994940089,https://doi.org/10.1016/j.talanta.2012.07.073,https://pubmed.ncbi.nlm.nih.gov/22967651,,0,
https://openalex.org/w2024724149,https://doi.org/10.1016/s1001-0742(11)60746-8,https://pubmed.ncbi.nlm.nih.gov/22655395,014-491-070-319-605,0,
https://openalex.org/w1567545859,https://doi.org/10.1016/s0039-9140(02)00207-2,https://pubmed.ncbi.nlm.nih.gov/18968727,,0,
https://openalex.org/w1983568623,https://doi.org/10.1016/j.jdent.2011.11.013,https://pubmed.ncbi.nlm.nih.gov/22155037,,0,
https://openalex.org/w1992944847,https://doi.org/10.1021/es0704129,https://pubmed.ncbi.nlm.nih.gov/17874805,080-968-178-564-230,0,
https://openalex.org/w1990855687,https://doi.org/10.1016/j.envpol.2011.10.005,https://pubmed.ncbi.nlm.nih.gov/22015335,,0,
https://openalex.org/w1976578309,https://doi.org/10.1289/ehp.021101207,https://pubmed.ncbi.nlm.nih.gov/12460799,023-739-299-857-666,0,
https://openalex.org/w2167656852,https://doi.org/10.1016/s0109-5641(96)80078-9,https://pubmed.ncbi.nlm.nih.gov/9002853,020-362-286-530-65X,0,
https://openalex.org/w2048235558,https://doi.org/10.1016/s0166-445x(03)00134-6,https://pubmed.ncbi.nlm.nih.gov/15046010,,0,
https://openalex.org/w2107932216,https://doi.org/10.1007/s00216-013-6779-3,https://pubmed.ncbi.nlm.nih.gov/23430180,,0,
https://openalex.org/w2021211055,https://doi.org/10.1111/j.1365-2842.1995.tb01562.x,https://pubmed.ncbi.nlm.nih.gov/7769512,055-096-489-612-082,0,
https://openalex.org/w2021667495,https://doi.org/10.1016/j.aquatox.2010.10.009,https://pubmed.ncbi.nlm.nih.gov/21111493,,0,
https://openalex.org/w2089048266,https://doi.org/10.1080/02688690701824354,https://pubmed.ncbi.nlm.nih.gov/18348022,017-676-127-985-191,0,
https://openalex.org/w1977185817,https://doi.org/10.1080/0265203021000014798,https://pubmed.ncbi.nlm.nih.gov/12519724,047-199-492-756-329,0,
https://openalex.org/w2032956851,https://doi.org/10.1016/j.watres.2010.10.039,https://pubmed.ncbi.nlm.nih.gov/21190709,,0,
https://openalex.org/w213657212,https://doi.org/10.1023/a:1011291723503,https://pubmed.ncbi.nlm.nih.gov/15348248,014-094-273-149-491,0,
https://openalex.org/w2082111376,https://doi.org/10.1021/bm0600466,https://pubmed.ncbi.nlm.nih.gov/16768394,036-934-286-309-033,0,
https://openalex.org/w2369768637,,https://pubmed.ncbi.nlm.nih.gov/20364578,,0,
https://openalex.org/w99613114,,https://pubmed.ncbi.nlm.nih.gov/20358847,,0,
https://openalex.org/w1987295117,https://doi.org/10.1021/es202966c,https://pubmed.ncbi.nlm.nih.gov/22047186,026-961-362-257-898,0,
https://openalex.org/w2416061282,,https://pubmed.ncbi.nlm.nih.gov/2151486,,0,
https://openalex.org/w2004293141,https://doi.org/10.1080/10934520802515368,https://pubmed.ncbi.nlm.nih.gov/19085596,099-977-778-498-673,0,
https://openalex.org/w2068800492,https://doi.org/10.1080/15287394.2012.674907,https://pubmed.ncbi.nlm.nih.gov/22686302,093-707-666-303-992,0,
https://openalex.org/w2139358895,https://doi.org/10.1002/jssc.200900018,https://pubmed.ncbi.nlm.nih.gov/19548216,012-757-654-274-140,0,
https://openalex.org/w1987452476,https://doi.org/10.1016/s1570-0232(02)00639-6,https://pubmed.ncbi.nlm.nih.gov/12482479,,0,
https://openalex.org/w2006257144,https://doi.org/10.1016/0889-5406(88)90192-8,https://pubmed.ncbi.nlm.nih.gov/2962487,027-457-879-292-737,0,
https://openalex.org/w2002771082,https://doi.org/10.1016/s0378-4274(00)00198-3,https://pubmed.ncbi.nlm.nih.gov/10814893,089-758-882-057-63X,0,
https://openalex.org/w1997939780,https://doi.org/10.1016/j.actbio.2009.11.006,https://pubmed.ncbi.nlm.nih.gov/19913646,084-272-278-863-318,0,
https://openalex.org/w2117561628,https://doi.org/10.1016/j.jchromb.2013.04.040,https://pubmed.ncbi.nlm.nih.gov/23727873,,0,
https://openalex.org/w2052117037,https://doi.org/10.1289/ehp.116-a36b,https://pubmed.ncbi.nlm.nih.gov/18197289,032-886-090-601-906,0,
https://openalex.org/w2096260664,https://doi.org/10.1093/toxsci/kfi025,https://pubmed.ncbi.nlm.nih.gov/15525692,020-470-667-320-304,0,
https://openalex.org/w23058233,,https://pubmed.ncbi.nlm.nih.gov/11203831,,0,
https://openalex.org/w2091599654,https://doi.org/10.1371/journal.pone.0046078,https://pubmed.ncbi.nlm.nih.gov/23056236,000-320-254-347-622,0,
https://openalex.org/w2066159526,https://doi.org/10.1016/0109-5641(94)90070-1,https://pubmed.ncbi.nlm.nih.gov/7664993,,0,
https://openalex.org/w1988978606,https://doi.org/10.1016/j.taap.2011.12.021,https://pubmed.ncbi.nlm.nih.gov/22245847,,0,
https://openalex.org/w2055056723,https://doi.org/10.4012/dmj.27.780,https://pubmed.ncbi.nlm.nih.gov/19241685,012-623-973-935-205,0,
https://openalex.org/w1980737014,https://doi.org/10.1039/c3cc00123g,https://pubmed.ncbi.nlm.nih.gov/23389813,002-069-697-640-09X,0,
https://openalex.org/w2064209564,https://doi.org/10.1067/mpr.2000.108774,https://pubmed.ncbi.nlm.nih.gov/11005901,,0,
https://openalex.org/w2075358714,https://doi.org/10.1177/00220345000790070501,https://pubmed.ncbi.nlm.nih.gov/11005728,008-970-980-325-52X,0,
https://openalex.org/w2423774102,,https://pubmed.ncbi.nlm.nih.gov/11317394,,0,
https://openalex.org/w1974852709,https://doi.org/10.4265/bio.14.161,https://pubmed.ncbi.nlm.nih.gov/20055221,046-934-876-861-779,0,
https://openalex.org/w91569870,https://doi.org/10.2175/106143010x12851009156925,https://pubmed.ncbi.nlm.nih.gov/21790084,084-042-348-395-027,0,
https://openalex.org/w2028071281,https://doi.org/10.1289/ehp.8451,https://pubmed.ncbi.nlm.nih.gov/16393666,018-593-256-067-533,0,
https://openalex.org/w2042352804,https://doi.org/10.1111/j.1708-8240.2010.00320.x,https://pubmed.ncbi.nlm.nih.gov/20433561,010-322-250-763-487,0,
https://openalex.org/w2149895269,https://doi.org/10.17796/jcpd.25.3.a766n618l7037r67,https://pubmed.ncbi.nlm.nih.gov/12049084,090-977-976-502-250,0,
https://openalex.org/w2164415274,https://doi.org/10.1124/dmd.111.040121,https://pubmed.ncbi.nlm.nih.gov/21636669,078-835-684-519-095,0,
https://openalex.org/w2123241606,https://doi.org/10.1093/ejo/21.1.71,https://pubmed.ncbi.nlm.nih.gov/10191580,070-772-436-059-29X,0,
https://openalex.org/w1991731524,https://doi.org/10.4012/dmj.11.177,https://pubmed.ncbi.nlm.nih.gov/1304974,082-562-559-784-213,0,
https://openalex.org/w2080041826,https://doi.org/10.4012/dmj.27.723,https://pubmed.ncbi.nlm.nih.gov/18972790,068-417-477-517-789,0,
https://openalex.org/w2077057725,https://doi.org/10.1021/jf803213g,https://pubmed.ncbi.nlm.nih.gov/19170636,020-937-661-375-992,0,
https://openalex.org/w2029289417,https://doi.org/10.1002/(sici)1097-4636(1999)48:1<43::aid-jbm9>3.0.co;2-n,https://pubmed.ncbi.nlm.nih.gov/10029149,038-966-361-624-842,0,
https://openalex.org/w186224384,,https://pubmed.ncbi.nlm.nih.gov/7802907,,0,
https://openalex.org/w2126972095,https://doi.org/10.5005/jcdp-11-6-33,https://pubmed.ncbi.nlm.nih.gov/21203735,026-088-970-797-78X,0,
https://openalex.org/w1518129209,https://doi.org/10.1111/j.1708-8240.2011.00408.x,https://pubmed.ncbi.nlm.nih.gov/21477039,025-470-672-816-306,0,
https://openalex.org/w2130909767,https://doi.org/10.1111/j.1600-0722.1982.tb00766.x,https://pubmed.ncbi.nlm.nih.gov/6218603,060-375-471-847-206,0,
https://openalex.org/w1992629360,https://doi.org/10.1016/j.reprotox.2005.10.003,https://pubmed.ncbi.nlm.nih.gov/16311018,,1,
https://openalex.org/w2004327794,https://doi.org/10.1177/088532820001400306,https://pubmed.ncbi.nlm.nih.gov/10656545,019-592-973-141-558,0,
https://openalex.org/w2130862038,https://doi.org/10.1007/s11356-012-1289-y,https://pubmed.ncbi.nlm.nih.gov/23135755,,0,
https://openalex.org/w2000682028,https://doi.org/10.1016/j.enzmictec.2010.09.011,https://pubmed.ncbi.nlm.nih.gov/22112773,,0,
https://openalex.org/w2161903798,https://doi.org/10.2166/wst.2013.234,https://pubmed.ncbi.nlm.nih.gov/23925178,048-078-489-143-658,0,
https://openalex.org/w2012324021,https://doi.org/10.1177/00220345950740091601,https://pubmed.ncbi.nlm.nih.gov/7560423,006-495-045-647-314,0,
https://openalex.org/w98284295,,https://pubmed.ncbi.nlm.nih.gov/9028278,,0,
https://openalex.org/w2097159862,https://doi.org/10.1016/j.jdent.2008.07.009,https://pubmed.ncbi.nlm.nih.gov/18771837,,0,
https://openalex.org/w2049484009,https://doi.org/10.1016/j.ygcen.2012.04.005,https://pubmed.ncbi.nlm.nih.gov/22531466,,0,
https://openalex.org/w1985433964,https://doi.org/10.1016/j.reprotox.2006.09.005,https://pubmed.ncbi.nlm.nih.gov/17070006,,0,
https://openalex.org/w2006081041,https://doi.org/10.3358/shokueishi.42.13,https://pubmed.ncbi.nlm.nih.gov/11383151,178-523-654-783-12X,0,
https://openalex.org/w2062921581,https://doi.org/10.1111/j.1365-2842.1998.00246.x,https://pubmed.ncbi.nlm.nih.gov/9610853,001-418-923-873-34X,0,
https://openalex.org/w2159774496,https://doi.org/10.1093/ejo/19.2.219,https://pubmed.ncbi.nlm.nih.gov/9183072,012-911-196-741-030,0,
https://openalex.org/w1987829834,https://doi.org/10.4103/0970-9290.79974,https://pubmed.ncbi.nlm.nih.gov/21525676,051-077-220-938-398,0,
https://openalex.org/w2038545268,https://doi.org/10.1016/j.biomaterials.2010.07.049,https://pubmed.ncbi.nlm.nih.gov/20673999,,0,
https://openalex.org/w2119269908,https://doi.org/10.1210/en.2002-0198,https://pubmed.ncbi.nlm.nih.gov/12810577,051-925-476-920-000,0,
https://openalex.org/w2005963586,https://doi.org/10.1016/j.chroma.2006.05.009,https://pubmed.ncbi.nlm.nih.gov/16750213,,0,
https://openalex.org/w1981267098,https://doi.org/10.2478/intox-2013-0010,https://pubmed.ncbi.nlm.nih.gov/24179429,026-290-793-759-748,0,
https://openalex.org/w1999738656,https://doi.org/10.1093/ilar.53.3-4.253,https://pubmed.ncbi.nlm.nih.gov/23744965,003-136-164-387-320,0,
https://openalex.org/w1985350316,https://doi.org/10.1016/j.talanta.2011.01.075,https://pubmed.ncbi.nlm.nih.gov/21482271,,0,
https://openalex.org/w2077533437,https://doi.org/10.1016/s0300-5712(96)00032-2,https://pubmed.ncbi.nlm.nih.gov/9175362,,0,
https://openalex.org/w2074605312,https://doi.org/10.1016/j.brainres.2011.01.022,https://pubmed.ncbi.nlm.nih.gov/21241682,,0,
https://openalex.org/w176337144,https://doi.org/10.2478/aoj-1999-0005,https://pubmed.ncbi.nlm.nih.gov/11933358,116-300-572-450-148,0,
https://openalex.org/w2032480097,https://doi.org/10.1590/s1678-77572010000500013,https://pubmed.ncbi.nlm.nih.gov/21085807,040-526-894-949-925,0,
https://openalex.org/w2461467704,,https://pubmed.ncbi.nlm.nih.gov/21695842,,0,
https://openalex.org/w2020898348,https://doi.org/10.1038/jes.2012.66,https://pubmed.ncbi.nlm.nih.gov/22805988,093-246-152-376-861,0,
https://openalex.org/w2064507515,https://doi.org/10.1093/toxsci/kfq379,https://pubmed.ncbi.nlm.nih.gov/21163906,023-722-910-491-611,0,
https://openalex.org/w2109465777,https://doi.org/10.1016/s0960-0760(02)00146-2,https://pubmed.ncbi.nlm.nih.gov/12429138,,0,
https://openalex.org/w2059029998,https://doi.org/10.1016/j.joen.2008.02.026,https://pubmed.ncbi.nlm.nih.gov/18436044,,0,
https://openalex.org/w2080997795,https://doi.org/10.1016/j.joen.2012.06.022,https://pubmed.ncbi.nlm.nih.gov/22892751,,0,
https://openalex.org/w1987385741,https://doi.org/10.1007/s00210-010-0511-z,https://pubmed.ncbi.nlm.nih.gov/20369229,,0,
https://openalex.org/w2471494785,,https://pubmed.ncbi.nlm.nih.gov/6241306,,0,
https://openalex.org/w2018292206,https://doi.org/10.1016/j.jdent.2010.08.004,https://pubmed.ncbi.nlm.nih.gov/20709136,083-711-518-004-447,0,
https://openalex.org/w2171290957,https://doi.org/10.1097/brs.0b013e31822ba50b,https://pubmed.ncbi.nlm.nih.gov/21738093,020-111-616-702-404,0,
https://openalex.org/w2333448392,https://doi.org/10.1021/es200475k,https://pubmed.ncbi.nlm.nih.gov/21809831,083-003-519-879-248,0,
https://openalex.org/w2088609759,https://doi.org/10.1016/j.chemosphere.2004.04.052,https://pubmed.ncbi.nlm.nih.gov/15276724,063-843-264-284-870,0,
https://openalex.org/w2041834425,https://doi.org/10.1289/ehp.1103582,https://pubmed.ncbi.nlm.nih.gov/21749963,145-961-221-986-813,0,
https://openalex.org/w1978446551,https://doi.org/10.1016/j.dental.2005.05.008,https://pubmed.ncbi.nlm.nih.gov/16171856,,0,
https://openalex.org/w2056927458,https://doi.org/10.1111/j.1834-7819.1981.tb02438.x,https://pubmed.ncbi.nlm.nih.gov/6454408,046-905-341-703-755,0,
https://openalex.org/w2033704508,https://doi.org/10.1016/s0887-2333(00)00048-5,https://pubmed.ncbi.nlm.nih.gov/11033065,,0,
https://openalex.org/w2061120771,https://doi.org/10.4012/dmj.2012-204,https://pubmed.ncbi.nlm.nih.gov/23538754,016-214-353-835-236,0,
https://openalex.org/w2399061395,,https://pubmed.ncbi.nlm.nih.gov/6447841,,0,
https://openalex.org/w2120740491,https://doi.org/10.1897/08-203.1,https://pubmed.ncbi.nlm.nih.gov/18702564,034-713-895-357-370,0,
https://openalex.org/w2010945190,https://doi.org/10.1067/mod.2002.123949,https://pubmed.ncbi.nlm.nih.gov/12226603,099-424-588-648-570,0,
https://openalex.org/w2400699790,,https://pubmed.ncbi.nlm.nih.gov/10204451,,0,
https://openalex.org/w1897121993,,https://pubmed.ncbi.nlm.nih.gov/12859089,,0,
https://openalex.org/w1968048166,https://doi.org/10.1016/s0109-5641(88)80061-7,https://pubmed.ncbi.nlm.nih.gov/2978034,,0,
https://openalex.org/w2077399334,https://doi.org/10.1016/s0300-483x(02)00597-8,https://pubmed.ncbi.nlm.nih.gov/12505450,,0,
https://openalex.org/w1970965395,https://doi.org/10.1016/0030-4220(92)90332-k,https://pubmed.ncbi.nlm.nih.gov/1533448,054-246-189-454-275,0,
https://openalex.org/w2025033214,https://doi.org/10.1016/s0021-9673(99)00987-5,https://pubmed.ncbi.nlm.nih.gov/10630878,,0,
https://openalex.org/w76355682,,https://pubmed.ncbi.nlm.nih.gov/15293421,,0,
https://openalex.org/w2025811822,https://doi.org/10.1021/jf400445n,https://pubmed.ncbi.nlm.nih.gov/23614805,063-724-191-803-278,0,
https://openalex.org/w2036231405,https://doi.org/10.1016/j.dental.2007.03.007,https://pubmed.ncbi.nlm.nih.gov/17531312,,0,
https://openalex.org/w2041690568,https://doi.org/10.1016/j.ygcen.2007.09.009,https://pubmed.ncbi.nlm.nih.gov/17959175,,0,
https://openalex.org/w2112047748,https://doi.org/10.1002/rcm.3307,https://pubmed.ncbi.nlm.nih.gov/18022958,100-613-230-976-840,0,
https://openalex.org/w2117075623,https://doi.org/10.1002/jssc.201100920,https://pubmed.ncbi.nlm.nih.gov/22331828,090-129-580-265-891,0,
https://openalex.org/w2069520596,https://doi.org/10.1016/j.aquatox.2011.04.007,https://pubmed.ncbi.nlm.nih.gov/21684237,,0,
https://openalex.org/w2123254875,https://doi.org/10.1016/j.jsbmb.2010.10.004,https://pubmed.ncbi.nlm.nih.gov/21073950,,0,
https://openalex.org/w1964858346,https://doi.org/10.17796/jcpd.25.1.01m8g5033h867q63,https://pubmed.ncbi.nlm.nih.gov/11314355,008-844-514-930-151,0,
https://openalex.org/w2135709697,https://doi.org/10.1111/j.1600-0722.1984.tb00887.x,https://pubmed.ncbi.nlm.nih.gov/6235571,168-302-809-428-260,0,
https://openalex.org/w2149386396,https://doi.org/10.1002/jbm.b.30615,https://pubmed.ncbi.nlm.nih.gov/16850459,005-754-852-621-054,0,
https://openalex.org/w2111386351,https://doi.org/10.1007/s00244-010-9474-9,https://pubmed.ncbi.nlm.nih.gov/20148245,062-158-082-575-894,0,
https://openalex.org/w2000737652,https://doi.org/10.1016/s1389-1723(03)80130-5,https://pubmed.ncbi.nlm.nih.gov/16233393,,0,
https://openalex.org/w2106408193,https://doi.org/10.1074/jbc.m312762200,https://pubmed.ncbi.nlm.nih.gov/14702340,005-938-826-603-553,0,
https://openalex.org/w1964554104,https://doi.org/10.1046/j.1365-2842.2003.01068.x,https://pubmed.ncbi.nlm.nih.gov/12791160,003-001-842-655-251,0,
https://openalex.org/w2024455153,https://doi.org/10.1016/j.chroma.2012.12.034,https://pubmed.ncbi.nlm.nih.gov/23305856,,0,
https://openalex.org/w1969385963,https://doi.org/10.1002/jbm.b.30655,https://pubmed.ncbi.nlm.nih.gov/16941599,008-080-847-643-399,0,
https://openalex.org/w2332953503,https://doi.org/10.1166/jnn.2010.1417,https://pubmed.ncbi.nlm.nih.gov/20355485,073-605-847-462-092,0,
https://openalex.org/w2077078443,https://doi.org/10.17796/jcpd.24.4.f867h330272473pq,https://pubmed.ncbi.nlm.nih.gov/11314413,029-503-042-949-829,0,
https://openalex.org/w2036157262,https://doi.org/10.1002/jbm.820180912,https://pubmed.ncbi.nlm.nih.gov/6544795,075-621-512-173-099,0,
https://openalex.org/w2058874386,https://doi.org/10.1037/a0025959,https://pubmed.ncbi.nlm.nih.gov/22004261,035-161-599-685-859,0,
https://openalex.org/w2098301489,https://doi.org/10.1016/j.dental.2008.06.001,https://pubmed.ncbi.nlm.nih.gov/18620747,,0,
https://openalex.org/w1975073145,https://doi.org/10.1007/s11033-012-1582-3,https://pubmed.ncbi.nlm.nih.gov/22327778,022-890-401-781-094,0,
https://openalex.org/w2395807735,,https://pubmed.ncbi.nlm.nih.gov/16240961,,0,
https://openalex.org/w2098085608,https://doi.org/10.1177/00220345850640111601,https://pubmed.ncbi.nlm.nih.gov/2936780,008-728-886-975-918,0,
https://openalex.org/w2097022448,https://doi.org/10.1016/j.dental.2004.07.014,https://pubmed.ncbi.nlm.nih.gov/15904690,,0,
https://openalex.org/w1996590777,https://doi.org/10.1038/sj.bdj.2011.198,https://pubmed.ncbi.nlm.nih.gov/21394123,065-646-879-881-671,0,
https://openalex.org/w2108279725,https://doi.org/10.2334/josnusd.49.311,https://pubmed.ncbi.nlm.nih.gov/18195515,117-114-889-723-746,0,
https://openalex.org/w1994544858,https://doi.org/10.1159/000151327,https://pubmed.ncbi.nlm.nih.gov/18701822,078-981-708-178-578,0,
https://openalex.org/w2065459520,https://doi.org/10.1007/s11356-013-1468-5,https://pubmed.ncbi.nlm.nih.gov/23322415,,0,
https://openalex.org/w1970858934,https://doi.org/10.1080/026520301446412,https://pubmed.ncbi.nlm.nih.gov/11212549,039-860-725-065-748,0,
https://openalex.org/w2079578129,https://doi.org/10.1016/j.chemosphere.2006.04.013,https://pubmed.ncbi.nlm.nih.gov/16737729,,0,
https://openalex.org/w2061760163,https://doi.org/10.1016/j.mce.2007.06.002,https://pubmed.ncbi.nlm.nih.gov/17681682,051-569-299-204-872,0,
https://openalex.org/w1981465284,https://doi.org/10.1016/s0021-9673(01)00570-2,https://pubmed.ncbi.nlm.nih.gov/11307974,,0,
https://openalex.org/w2398752735,,https://pubmed.ncbi.nlm.nih.gov/8062998,,0,
https://openalex.org/w153737206,,https://pubmed.ncbi.nlm.nih.gov/2152039,,0,
https://openalex.org/w1970932585,https://doi.org/10.1111/j.1365-2605.2009.01012.x,https://pubmed.ncbi.nlm.nih.gov/19906185,000-785-858-320-682,0,
https://openalex.org/w2056518564,https://doi.org/10.1016/0109-5641(93)90121-6,https://pubmed.ncbi.nlm.nih.gov/8056177,,0,
https://openalex.org/w2093863645,https://doi.org/10.1016/j.mrgentox.2005.04.005,https://pubmed.ncbi.nlm.nih.gov/15936980,,0,
https://openalex.org/w2095590453,https://doi.org/10.3109/00498258109045851,https://pubmed.ncbi.nlm.nih.gov/7293231,065-022-566-948-630,0,
https://openalex.org/w2147861986,https://doi.org/10.1016/j.jdent.2006.10.009,https://pubmed.ncbi.nlm.nih.gov/17157430,,0,
https://openalex.org/w1820781890,https://doi.org/10.1016/j.chroma.2009.03.067,https://pubmed.ncbi.nlm.nih.gov/19362314,,0,
https://openalex.org/w2066310566,https://doi.org/10.1016/0022-3913(94)90019-1,https://pubmed.ncbi.nlm.nih.gov/8126665,,0,
https://openalex.org/w2141255880,https://doi.org/10.1111/j.1600-0536.1986.tb01165.x,https://pubmed.ncbi.nlm.nih.gov/2940056,065-702-877-362-345,0,
https://openalex.org/w2099118098,https://doi.org/10.1186/ar3696,https://pubmed.ncbi.nlm.nih.gov/22269139,000-896-234-794-46X,0,
https://openalex.org/w2047978115,https://doi.org/10.1021/bm060453h,https://pubmed.ncbi.nlm.nih.gov/16961332,021-851-020-154-451,0,
https://openalex.org/w2419361215,,https://pubmed.ncbi.nlm.nih.gov/2668132,,0,
https://openalex.org/w1995260480,https://doi.org/10.1016/j.watres.2011.10.038,https://pubmed.ncbi.nlm.nih.gov/22078252,,0,
https://openalex.org/w2080613211,https://doi.org/10.1016/j.bbrc.2004.10.073,https://pubmed.ncbi.nlm.nih.gov/15530427,,0,
https://openalex.org/w2057851953,https://doi.org/10.2486/indhealth.41.338,https://pubmed.ncbi.nlm.nih.gov/14620671,000-370-137-041-005,0,
https://openalex.org/w1980862107,https://doi.org/10.1016/j.chroma.2004.03.030,https://pubmed.ncbi.nlm.nih.gov/15233517,,0,
https://openalex.org/w2109549967,https://doi.org/10.1039/b300440f,https://pubmed.ncbi.nlm.nih.gov/12833980,089-655-373-236-590,0,
https://openalex.org/w2001779531,https://doi.org/10.1016/j.toxlet.2012.03.008,https://pubmed.ncbi.nlm.nih.gov/22465602,,0,
https://openalex.org/w2144427772,https://doi.org/10.1016/j.yexcr.2005.07.007,https://pubmed.ncbi.nlm.nih.gov/16112107,,0,
https://openalex.org/w2025124504,https://doi.org/10.1002/rcm.4733,https://pubmed.ncbi.nlm.nih.gov/20872634,098-217-755-772-651,0,
https://openalex.org/w1985255925,https://doi.org/10.1016/j.dental.2004.05.002,https://pubmed.ncbi.nlm.nih.gov/15501327,,0,
https://openalex.org/w2411884034,,https://pubmed.ncbi.nlm.nih.gov/11949792,,0,
https://openalex.org/w2000184200,https://doi.org/10.1016/j.cbpc.2008.07.009,https://pubmed.ncbi.nlm.nih.gov/18722552,,0,
https://openalex.org/w2105875796,https://doi.org/10.1590/s0103-64402007000100012,https://pubmed.ncbi.nlm.nih.gov/17639202,055-445-490-848-837,0,
https://openalex.org/w2021812957,https://doi.org/10.1006/gcen.2002.7781,https://pubmed.ncbi.nlm.nih.gov/12030767,,0,
https://openalex.org/w2169026111,https://doi.org/10.1002/jssc.200700643,https://pubmed.ncbi.nlm.nih.gov/18615828,000-222-644-590-995,0,
https://openalex.org/w2033734874,https://doi.org/10.1016/s0889-5406(05)81516-1,https://pubmed.ncbi.nlm.nih.gov/1831002,079-753-529-126-504,0,
https://openalex.org/w2126863651,,https://pubmed.ncbi.nlm.nih.gov/10730296,,0,
https://openalex.org/w2084722314,https://doi.org/10.1016/j.jdent.2010.11.004,https://pubmed.ncbi.nlm.nih.gov/21094199,,0,
https://openalex.org/w139477998,,https://pubmed.ncbi.nlm.nih.gov/11203864,,0,
https://openalex.org/w2404143617,,https://pubmed.ncbi.nlm.nih.gov/11949795,,0,
https://openalex.org/w101699356,,https://pubmed.ncbi.nlm.nih.gov/11281575,,0,
https://openalex.org/w1964631634,https://doi.org/10.2166/wst.2008.229,https://pubmed.ncbi.nlm.nih.gov/18469398,064-516-641-166-393,0,
https://openalex.org/w2080512781,https://doi.org/10.2131/jts.32.91,https://pubmed.ncbi.nlm.nih.gov/17327697,034-813-128-175-953,0,
https://openalex.org/w119239021,,https://pubmed.ncbi.nlm.nih.gov/9545876,,0,
https://openalex.org/w2115469199,https://doi.org/10.3390/ijerph6041472,https://pubmed.ncbi.nlm.nih.gov/19440529,003-627-080-160-07X,0,
https://openalex.org/w2170671824,https://doi.org/10.1016/j.dental.2008.01.014,https://pubmed.ncbi.nlm.nih.gov/18343494,,0,
https://openalex.org/w2105809049,https://doi.org/10.1111/j.1708-8240.2002.tb00177.x,https://pubmed.ncbi.nlm.nih.gov/12542100,021-459-228-047-835,0,
https://openalex.org/w2091989927,https://doi.org/10.1016/j.mrgentox.2012.10.007,https://pubmed.ncbi.nlm.nih.gov/23142537,,0,
https://openalex.org/w2002472639,https://doi.org/10.4012/dmj.2012-049,https://pubmed.ncbi.nlm.nih.gov/23037843,143-222-159-962-244,0,
https://openalex.org/w2010216230,https://doi.org/10.1016/j.dental.2006.06.028,https://pubmed.ncbi.nlm.nih.gov/16911821,,0,
https://openalex.org/w2088992134,https://doi.org/10.1203/pdr.0b013e3181ebe569,https://pubmed.ncbi.nlm.nih.gov/20631588,,0,
https://openalex.org/w2160240007,https://doi.org/10.1210/jc.2002-020209,https://pubmed.ncbi.nlm.nih.gov/12414890,040-476-731-470-327,0,
https://openalex.org/w2096124622,https://doi.org/10.1043/0003-3219(2001)071<0461:eoncsa>2.0.co;2,https://pubmed.ncbi.nlm.nih.gov/11771784,,0,
https://openalex.org/w1893114415,https://doi.org/10.1002/bdrc.21028,https://pubmed.ncbi.nlm.nih.gov/23723168,109-970-952-275-627,0,
https://openalex.org/w2065358032,https://doi.org/10.1016/j.taap.2005.03.013,https://pubmed.ncbi.nlm.nih.gov/15907334,,0,
https://openalex.org/w2289799940,,https://pubmed.ncbi.nlm.nih.gov/8634161,,0,
https://openalex.org/w2028466984,https://doi.org/10.2131/jts.28.165,https://pubmed.ncbi.nlm.nih.gov/12974608,002-578-773-959-349,1,
https://openalex.org/w1965966912,https://doi.org/10.1289/ehp.0900979,https://pubmed.ncbi.nlm.nih.gov/20049216,036-124-770-866-267,0,
https://openalex.org/w2093479454,https://doi.org/10.1016/s0300-5712(03)00030-7,https://pubmed.ncbi.nlm.nih.gov/12735916,,0,
https://openalex.org/w2153823989,https://doi.org/10.1021/am300038d,https://pubmed.ncbi.nlm.nih.gov/22432973,058-125-180-604-454,0,
https://openalex.org/w2024144436,https://doi.org/10.1002/bmc.1241,https://pubmed.ncbi.nlm.nih.gov/19444800,026-868-271-398-875,0,
https://openalex.org/w2413101246,,https://pubmed.ncbi.nlm.nih.gov/9610323,,0,
https://openalex.org/w2080373067,https://doi.org/10.1016/j.scitotenv.2012.10.015,https://pubmed.ncbi.nlm.nih.gov/23220754,,0,
https://openalex.org/w117070247,,https://pubmed.ncbi.nlm.nih.gov/12613304,,0,
https://openalex.org/w2157629872,https://doi.org/10.1677/joe-07-0014,https://pubmed.ncbi.nlm.nih.gov/17592034,137-198-081-264-758,0,
https://openalex.org/w2151441337,https://doi.org/10.1210/endo.138.5.5132,https://pubmed.ncbi.nlm.nih.gov/9112368,143-824-094-889-75X,0,
https://openalex.org/w2084220317,https://doi.org/10.1080/15287390600755257,https://pubmed.ncbi.nlm.nih.gov/17365578,004-872-917-196-521,0,
https://openalex.org/w2066683636,https://doi.org/10.1038/jes.2012.39,https://pubmed.ncbi.nlm.nih.gov/22617719,015-575-832-313-117,0,
https://openalex.org/w67664151,,https://pubmed.ncbi.nlm.nih.gov/15580682,,0,
https://openalex.org/w2055500168,https://doi.org/10.1016/0109-5641(91)90037-y,https://pubmed.ncbi.nlm.nih.gov/1839897,,0,
https://openalex.org/w1978727693,https://doi.org/10.1016/j.jdent.2005.08.004,https://pubmed.ncbi.nlm.nih.gov/16288949,,0,
https://openalex.org/w1996002076,https://doi.org/10.1016/j.tox.2012.02.013,https://pubmed.ncbi.nlm.nih.gov/22426297,,0,
https://openalex.org/w1965939948,https://doi.org/10.1111/j.1365-2591.2008.01465.x,https://pubmed.ncbi.nlm.nih.gov/18811594,006-128-904-109-043,0,
https://openalex.org/w2036111658,https://doi.org/10.1016/j.jhazmat.2012.04.033,https://pubmed.ncbi.nlm.nih.gov/22575175,,0,
https://openalex.org/w2003321647,https://doi.org/10.2341/07-67,https://pubmed.ncbi.nlm.nih.gov/18435192,103-033-714-982-372,0,
https://openalex.org/w2060892968,https://doi.org/10.1016/0022-3913(94)90472-3,https://pubmed.ncbi.nlm.nih.gov/8164175,,0,
https://openalex.org/w1964254681,https://doi.org/10.1021/es0496569,https://pubmed.ncbi.nlm.nih.gov/15573586,015-851-511-051-070,0,
https://openalex.org/w2039103055,https://doi.org/10.1016/j.reprotox.2010.02.002,https://pubmed.ncbi.nlm.nih.gov/20172022,,0,
https://openalex.org/w2062244319,https://doi.org/10.1016/j.dental.2005.12.006,https://pubmed.ncbi.nlm.nih.gov/16442156,,0,
https://openalex.org/w4298881171,,https://pubmed.ncbi.nlm.nih.gov/19722374,,0,
https://openalex.org/w2005684558,https://doi.org/10.1016/j.toxlet.2010.09.008,https://pubmed.ncbi.nlm.nih.gov/20868731,012-815-919-337-673,0,
https://openalex.org/w2153851434,https://doi.org/10.1111/j.1708-8240.2001.tb00434.x,https://pubmed.ncbi.nlm.nih.gov/11499447,009-659-761-670-344,0,
https://openalex.org/w1989285135,https://doi.org/10.1177/00220345810600061201,https://pubmed.ncbi.nlm.nih.gov/7014672,058-181-442-484-146,0,
https://openalex.org/w1967138366,https://doi.org/10.14219/jada.archive.2007.0235,https://pubmed.ncbi.nlm.nih.gov/17473042,071-341-993-407-471,0,
https://openalex.org/w2104666943,https://doi.org/10.1046/j.1365-2842.2003.01120.x,https://pubmed.ncbi.nlm.nih.gov/12791155,068-876-418-620-607,0,
https://openalex.org/w2095611207,https://doi.org/10.1111/j.1365-263x.2006.00764.x,https://pubmed.ncbi.nlm.nih.gov/17014541,017-784-577-654-03X,0,
https://openalex.org/w4300650642,,https://pubmed.ncbi.nlm.nih.gov/9796524,,0,
https://openalex.org/w2037075485,https://doi.org/10.1007/s10529-010-0366-x,https://pubmed.ncbi.nlm.nih.gov/20676916,,0,
https://openalex.org/w2107001713,https://doi.org/10.1080/13547500310001607827,https://pubmed.ncbi.nlm.nih.gov/14602523,035-563-135-656-293,0,
https://openalex.org/w2087324470,https://doi.org/10.1016/j.envres.2009.04.004,https://pubmed.ncbi.nlm.nih.gov/19463991,012-783-626-024-549,0,
https://openalex.org/w2002360965,https://doi.org/10.1016/j.brainres.2010.11.062,https://pubmed.ncbi.nlm.nih.gov/21111719,,0,
https://openalex.org/w2072218835,https://doi.org/10.1016/j.scitotenv.2013.03.029,https://pubmed.ncbi.nlm.nih.gov/23562684,028-456-795-647-037,0,
https://openalex.org/w2148634026,https://doi.org/10.1111/j.1600-0536.2006.00932.x,https://pubmed.ncbi.nlm.nih.gov/17101016,,0,
https://openalex.org/w2070488881,https://doi.org/10.1016/s0043-1354(03)00239-2,https://pubmed.ncbi.nlm.nih.gov/12834747,,0,
https://openalex.org/w2050439924,https://doi.org/10.1016/0022-3913(92)90401-u,https://pubmed.ncbi.nlm.nih.gov/1432752,,0,
https://openalex.org/w2094883623,https://doi.org/10.1021/nn400287k,https://pubmed.ncbi.nlm.nih.gov/23600646,064-473-646-849-196,0,
https://openalex.org/w2120520367,https://doi.org/10.1046/j.0960-7439.2001.00303.x,https://pubmed.ncbi.nlm.nih.gov/11759100,031-552-431-626-719,0,
https://openalex.org/w2164889971,https://doi.org/10.1186/1476-069x-10-94,https://pubmed.ncbi.nlm.nih.gov/22050967,081-975-392-594-766,0,
https://openalex.org/w2061737956,https://doi.org/10.1016/j.jchromb.2010.03.025,https://pubmed.ncbi.nlm.nih.gov/20382090,,0,
https://openalex.org/w2343154018,,https://pubmed.ncbi.nlm.nih.gov/19058678,,0,
https://openalex.org/w1542311937,https://doi.org/10.1063/1.1948372,https://pubmed.ncbi.nlm.nih.gov/16035869,019-019-733-222-736,0,
https://openalex.org/w2010164990,https://doi.org/10.1385/endo:25:2:163,https://pubmed.ncbi.nlm.nih.gov/15711031,,0,
https://openalex.org/w2401799469,,https://pubmed.ncbi.nlm.nih.gov/10356487,,0,
https://openalex.org/w305646989,,https://pubmed.ncbi.nlm.nih.gov/23828257,,0,
https://openalex.org/w2011675138,https://doi.org/10.1016/j.watres.2010.10.014,https://pubmed.ncbi.nlm.nih.gov/21126749,,0,
https://openalex.org/w1975154871,https://doi.org/10.1016/j.chroma.2009.01.056,https://pubmed.ncbi.nlm.nih.gov/19201001,,0,
https://openalex.org/w2388717283,,https://pubmed.ncbi.nlm.nih.gov/21560307,,0,
https://openalex.org/w1978662324,https://doi.org/10.1016/j.tox.2006.06.011,https://pubmed.ncbi.nlm.nih.gov/16860915,,0,
https://openalex.org/w2121200442,https://doi.org/10.1002/tcm.1032,https://pubmed.ncbi.nlm.nih.gov/11746258,067-856-113-015-460,0,
https://openalex.org/w2086410698,https://doi.org/10.1016/j.jhazmat.2008.07.038,https://pubmed.ncbi.nlm.nih.gov/18718719,,0,
https://openalex.org/w2065198988,https://doi.org/10.1016/0022-3913(93)90232-d,https://pubmed.ncbi.nlm.nih.gov/8455157,,0,
https://openalex.org/w2124818020,https://doi.org/10.1080/02652030500482371,https://pubmed.ncbi.nlm.nih.gov/16546889,014-829-156-975-561,0,
https://openalex.org/w2082621712,https://doi.org/10.1016/j.ultsonch.2010.03.011,https://pubmed.ncbi.nlm.nih.gov/20403717,000-015-575-188-166,0,
https://openalex.org/w2078027156,https://doi.org/10.1016/s0889-5406(95)70020-x,https://pubmed.ncbi.nlm.nih.gov/7661143,092-457-468-307-890,0,
https://openalex.org/w2040879761,https://doi.org/10.1016/s0303-7207(98)00084-7,https://pubmed.ncbi.nlm.nih.gov/9783916,,0,
https://openalex.org/w2105005092,https://doi.org/10.1289/ehp.01109675,https://pubmed.ncbi.nlm.nih.gov/11485865,001-184-005-456-310,1,
https://openalex.org/w2040577695,https://doi.org/10.1016/j.talanta.2012.10.086,https://pubmed.ncbi.nlm.nih.gov/23598127,,0,
https://openalex.org/w2018411908,https://doi.org/10.1016/j.chemosphere.2010.09.058,https://pubmed.ncbi.nlm.nih.gov/21030062,031-815-843-433-747,0,
https://openalex.org/w2107731339,https://doi.org/10.1002/elps.201100571,https://pubmed.ncbi.nlm.nih.gov/22451066,017-137-775-228-030,0,
https://openalex.org/w2426132857,,https://pubmed.ncbi.nlm.nih.gov/2943578,,0,
https://openalex.org/w2088048280,https://doi.org/10.1016/j.watres.2011.11.057,https://pubmed.ncbi.nlm.nih.gov/22176744,,0,
https://openalex.org/w2128213969,https://doi.org/10.3762/bjoc.6.105,https://pubmed.ncbi.nlm.nih.gov/21085507,004-772-157-059-234,0,
https://openalex.org/w2470557280,,https://pubmed.ncbi.nlm.nih.gov/3160665,,0,
https://openalex.org/w1995779866,https://doi.org/10.1016/j.dental.2009.06.003,https://pubmed.ncbi.nlm.nih.gov/19595445,,0,
https://openalex.org/w2018662395,https://doi.org/10.1002/jbm.820250403,https://pubmed.ncbi.nlm.nih.gov/1828807,122-022-428-774-674,0,
https://openalex.org/w2137560904,https://doi.org/10.1002/bit.20277,https://pubmed.ncbi.nlm.nih.gov/15459910,092-661-838-140-839,0,
https://openalex.org/w2071504776,https://doi.org/10.1021/ac034296d,https://pubmed.ncbi.nlm.nih.gov/14632080,105-885-607-671-942,0,
https://openalex.org/w2333495589,https://doi.org/10.4012/dmj.12.225,https://pubmed.ncbi.nlm.nih.gov/8004917,046-086-912-564-087,0,
https://openalex.org/w2323902431,https://doi.org/10.1021/es300876n,https://pubmed.ncbi.nlm.nih.gov/22591511,007-825-353-261-072,0,
https://openalex.org/w2397008339,,https://pubmed.ncbi.nlm.nih.gov/22025995,,0,
https://openalex.org/w2010281815,https://doi.org/10.1177/1091581811405544,https://pubmed.ncbi.nlm.nih.gov/21705745,055-617-586-659-027,0,
https://openalex.org/w2031054297,https://doi.org/10.1053/gast.2002.33666,https://pubmed.ncbi.nlm.nih.gov/12055599,,0,
https://openalex.org/w1987032898,https://doi.org/10.1007/s10661-012-2779-6,https://pubmed.ncbi.nlm.nih.gov/22821324,,0,
https://openalex.org/w2080544493,https://doi.org/10.1111/j.1600-0722.1990.tb00983.x,https://pubmed.ncbi.nlm.nih.gov/2144660,019-359-150-196-418,0,
https://openalex.org/w2002795671,https://doi.org/10.1177/00220345870660050801,https://pubmed.ncbi.nlm.nih.gov/2956301,062-902-366-570-254,0,
https://openalex.org/w2027596913,https://doi.org/10.1163/156856109x432767,https://pubmed.ncbi.nlm.nih.gov/19696914,078-775-351-541-882,0,
https://openalex.org/w2172191836,https://doi.org/10.1177/154405910808701210,https://pubmed.ncbi.nlm.nih.gov/19029080,002-940-929-660-933,0,
https://openalex.org/w2151008293,https://doi.org/10.4103/0970-9290.74218,https://pubmed.ncbi.nlm.nih.gov/21187613,019-874-276-890-17X,0,
https://openalex.org/w2045632734,https://doi.org/10.1186/1472-6831-12-51,https://pubmed.ncbi.nlm.nih.gov/23167481,070-072-920-310-071,0,
https://openalex.org/w2169999415,https://doi.org/10.1023/a:1027304222436,https://pubmed.ncbi.nlm.nih.gov/14669869,,0,
https://openalex.org/w1996827135,https://doi.org/10.1016/j.biomaterials.2004.04.041,https://pubmed.ncbi.nlm.nih.gov/15482820,,0,
https://openalex.org/w2413394781,,https://pubmed.ncbi.nlm.nih.gov/16532885,,0,
https://openalex.org/w2165040040,https://doi.org/10.1177/0022034512463578,https://pubmed.ncbi.nlm.nih.gov/23042125,066-247-750-301-646,0,
https://openalex.org/w2042843885,https://doi.org/10.1016/0022-3913(88)90001-7,https://pubmed.ncbi.nlm.nih.gov/2830400,,0,
https://openalex.org/w1978687802,https://doi.org/10.1038/jid.1962.144,https://pubmed.ncbi.nlm.nih.gov/13959487,,0,
https://openalex.org/w2121230829,https://doi.org/10.1177/154405910408300307,https://pubmed.ncbi.nlm.nih.gov/14981123,082-480-184-200-728,0,
https://openalex.org/w2107665811,https://doi.org/10.3109/10408440903279946,https://pubmed.ncbi.nlm.nih.gov/18923974,009-216-588-041-559,0,
https://openalex.org/w2158159969,https://doi.org/10.1111/j.1365-2826.2011.02229.x,https://pubmed.ncbi.nlm.nih.gov/21951193,013-909-295-100-515,0,
https://openalex.org/w2058228443,https://doi.org/10.1038/sj.bdj.4809588,https://pubmed.ncbi.nlm.nih.gov/9581040,,0,
https://openalex.org/w2167771424,https://doi.org/10.1016/j.ajodo.2005.03.018,https://pubmed.ncbi.nlm.nih.gov/16286212,115-083-875-420-814,0,
https://openalex.org/w2141034564,https://doi.org/10.1016/j.chroma.2007.02.101,https://pubmed.ncbi.nlm.nih.gov/17376456,,0,
https://openalex.org/w2105467918,https://doi.org/10.1002/rcm.4679,https://pubmed.ncbi.nlm.nih.gov/20740536,021-540-865-967-149,0,
https://openalex.org/w2020675200,https://doi.org/10.1080/026520300415372,https://pubmed.ncbi.nlm.nih.gov/11091796,106-311-498-466-053,0,
https://openalex.org/w2151571084,https://doi.org/10.1117/1.1914844,https://pubmed.ncbi.nlm.nih.gov/16229629,052-422-306-560-390,0,
https://openalex.org/w2474992098,,https://pubmed.ncbi.nlm.nih.gov/16986513,,0,
https://openalex.org/w2111555447,https://doi.org/10.1093/molehr/gar074,https://pubmed.ncbi.nlm.nih.gov/22121209,021-574-236-207-572,0,
https://openalex.org/w1988232114,https://doi.org/10.1177/00220345920710111101,https://pubmed.ncbi.nlm.nih.gov/1401445,098-961-529-065-196,0,
https://openalex.org/w7763226,,https://pubmed.ncbi.nlm.nih.gov/1289865,,0,
https://openalex.org/w1973618363,https://doi.org/10.1021/ac0303158,https://pubmed.ncbi.nlm.nih.gov/14670041,115-195-250-830-385,0,
https://openalex.org/w2320590225,https://doi.org/10.1097/med.0b013e32835b7ee6,https://pubmed.ncbi.nlm.nih.gov/23222850,049-119-811-809-249,0,
https://openalex.org/w2127329235,https://doi.org/10.1016/j.psyneuen.2009.03.005,https://pubmed.ncbi.nlm.nih.gov/19345509,,0,
https://openalex.org/w2114293505,https://doi.org/10.1016/s0300-5712(02)00006-4,https://pubmed.ncbi.nlm.nih.gov/12381411,,0,
https://openalex.org/w99267112,,https://pubmed.ncbi.nlm.nih.gov/19722442,,0,
https://openalex.org/w2099520493,https://doi.org/10.1158/0008-5472.54.65.1,https://pubmed.ncbi.nlm.nih.gov/15665279,040-185-628-652-560,0,
https://openalex.org/w2036299900,https://doi.org/10.1021/ac071551b,https://pubmed.ncbi.nlm.nih.gov/17985926,018-665-012-755-313,0,
https://openalex.org/w2039772133,https://doi.org/10.1007/s00253-011-3240-4,https://pubmed.ncbi.nlm.nih.gov/21468703,001-009-138-031-553,0,
https://openalex.org/w2418455412,,https://pubmed.ncbi.nlm.nih.gov/9545879,,0,
https://openalex.org/w2022056662,https://doi.org/10.1016/j.envint.2008.05.011,https://pubmed.ncbi.nlm.nih.gov/18640724,073-175-521-296-031,0,
https://openalex.org/w2088344644,https://doi.org/10.1016/j.yhbeh.2008.01.008,https://pubmed.ncbi.nlm.nih.gov/18308321,,1,
https://openalex.org/w1996398900,https://doi.org/10.14219/jada.archive.2005.0171,https://pubmed.ncbi.nlm.nih.gov/15819344,039-833-679-731-450,0,
https://openalex.org/w2399404553,,https://pubmed.ncbi.nlm.nih.gov/2151977,,0,
https://openalex.org/w2419029436,,https://pubmed.ncbi.nlm.nih.gov/11551008,,0,
https://openalex.org/w2141094306,https://doi.org/10.1093/humrep/dei335,https://pubmed.ncbi.nlm.nih.gov/16423835,018-518-973-946-450,0,
https://openalex.org/w1976689293,https://doi.org/10.1111/j.1365-2842.1982.tb01025.x,https://pubmed.ncbi.nlm.nih.gov/6213749,114-445-527-085-414,0,
https://openalex.org/w2052432789,https://doi.org/10.1002/jssc.200500091,https://pubmed.ncbi.nlm.nih.gov/16318220,066-750-177-591-035,0,
https://openalex.org/w2400654473,,https://pubmed.ncbi.nlm.nih.gov/11822363,,0,
https://openalex.org/w2049916772,https://doi.org/10.1093/toxsci/kfs227,https://pubmed.ncbi.nlm.nih.gov/22821851,044-766-520-211-684,0,
https://openalex.org/w2089587637,https://doi.org/10.1111/j.1532-849x.2001.00212.x,https://pubmed.ncbi.nlm.nih.gov/11781969,088-906-973-917-215,0,
https://openalex.org/w2063220630,https://doi.org/10.3358/shokueishi.46.133,https://pubmed.ncbi.nlm.nih.gov/16180682,013-388-480-433-732,0,
https://openalex.org/w2123535529,https://doi.org/10.1007/s00204-013-1022-8,https://pubmed.ncbi.nlm.nih.gov/23404680,,0,
https://openalex.org/w2085229270,https://doi.org/10.5487/tr.2010.26.4.285,https://pubmed.ncbi.nlm.nih.gov/24278536,024-490-175-489-465,0,
https://openalex.org/w2008817488,https://doi.org/10.1067/mod.2001.111399,https://pubmed.ncbi.nlm.nih.gov/11174537,099-676-426-660-738,0,
https://openalex.org/w2169345106,https://doi.org/10.1016/0300-5712(95)90657-4,https://pubmed.ncbi.nlm.nih.gov/7876413,,0,
https://openalex.org/w2111466674,https://doi.org/10.1093/toxsci/kfh134,https://pubmed.ncbi.nlm.nih.gov/15084752,093-105-561-781-914,0,
https://openalex.org/w2362364557,,https://pubmed.ncbi.nlm.nih.gov/19267065,,0,
https://openalex.org/w2061567223,https://doi.org/10.1016/j.chemosphere.2011.06.060,https://pubmed.ncbi.nlm.nih.gov/21741673,036-002-672-589-694,0,
https://openalex.org/w2054238110,https://doi.org/10.1007/s00253-004-1693-4,https://pubmed.ncbi.nlm.nih.gov/15290133,026-389-334-675-588,0,
https://openalex.org/w212277799,,https://pubmed.ncbi.nlm.nih.gov/14531611,,0,
https://openalex.org/w2166275641,https://doi.org/10.1093/toxsci/kfr061,https://pubmed.ncbi.nlm.nih.gov/21427057,020-384-797-721-885,0,
https://openalex.org/w2145243881,https://doi.org/10.2341/09-379-l,https://pubmed.ncbi.nlm.nih.gov/21180001,003-786-870-186-803,0,
https://openalex.org/w1974733348,https://doi.org/10.1016/j.ortho.2011.12.005,https://pubmed.ncbi.nlm.nih.gov/22240271,,0,
https://openalex.org/w2045169205,https://doi.org/10.1080/15287390490514615,https://pubmed.ncbi.nlm.nih.gov/15513896,034-405-357-770-817,0,
https://openalex.org/w1996309156,https://doi.org/10.1016/j.etap.2005.01.008,https://pubmed.ncbi.nlm.nih.gov/21783600,,0,
https://openalex.org/w2005692071,https://doi.org/10.1046/j.0909-8836.1998.eos106607.x,https://pubmed.ncbi.nlm.nih.gov/9879914,079-626-649-710-711,0,
https://openalex.org/w2082126895,https://doi.org/10.1016/j.chroma.2006.08.018,https://pubmed.ncbi.nlm.nih.gov/16945377,,0,
https://openalex.org/w1986744981,https://doi.org/10.1016/j.toxlet.2008.07.006,https://pubmed.ncbi.nlm.nih.gov/18675332,,0,
https://openalex.org/w2035634075,https://doi.org/10.1016/j.bbi.2011.02.005,https://pubmed.ncbi.nlm.nih.gov/21333735,058-397-593-760-171,0,
https://openalex.org/w1966463845,https://doi.org/10.1016/0002-9416(85)90130-7,https://pubmed.ncbi.nlm.nih.gov/2931992,,0,
https://openalex.org/w1979800108,https://doi.org/10.1039/b207201g,https://pubmed.ncbi.nlm.nih.gov/12619769,074-083-245-262-633,0,
https://openalex.org/w2136799713,https://doi.org/10.1289/ehp.7713,https://pubmed.ncbi.nlm.nih.gov/16079060,025-330-757-441-203,0,
https://openalex.org/w1968366797,https://doi.org/10.1016/0022-3913(87)90134-x,https://pubmed.ncbi.nlm.nih.gov/2951518,,0,
https://openalex.org/w2028361829,https://doi.org/10.1016/j.reprotox.2007.07.003,https://pubmed.ncbi.nlm.nih.gov/17706920,,0,
https://openalex.org/w2082109129,https://doi.org/10.1016/0109-5641(92)90095-t,https://pubmed.ncbi.nlm.nih.gov/1291393,,0,
https://openalex.org/w1988149350,https://doi.org/10.1016/j.joen.2010.08.005,https://pubmed.ncbi.nlm.nih.gov/20951298,,0,
https://openalex.org/w2102357114,https://doi.org/10.1210/endo.132.6.8504730,https://pubmed.ncbi.nlm.nih.gov/8504730,066-234-188-612-777,0,
https://openalex.org/w1994397451,https://doi.org/10.1002/jbm.a.30029,https://pubmed.ncbi.nlm.nih.gov/15162405,148-491-484-783-028,0,
https://openalex.org/w2091848665,https://doi.org/10.1016/s0168-0102(02)00251-1,https://pubmed.ncbi.nlm.nih.gov/12631470,112-863-399-294-682,0,
https://openalex.org/w2131279525,https://doi.org/10.1177/00220345980770010601,https://pubmed.ncbi.nlm.nih.gov/9437400,030-232-387-442-402,0,
https://openalex.org/w2414718952,,https://pubmed.ncbi.nlm.nih.gov/14579876,,0,
https://openalex.org/w2107244516,https://doi.org/10.2341/12-321-l,https://pubmed.ncbi.nlm.nih.gov/23391034,040-520-054-043-699,0,
https://openalex.org/w1965431334,https://doi.org/10.1080/15287390801906824,https://pubmed.ncbi.nlm.nih.gov/18338280,020-013-398-523-459,0,
https://openalex.org/w90668755,,https://pubmed.ncbi.nlm.nih.gov/15002954,,0,
https://openalex.org/w2046813313,https://doi.org/10.1016/s0300-5712(00)00033-6,https://pubmed.ncbi.nlm.nih.gov/10960753,,0,
https://openalex.org/w2157457073,https://doi.org/10.1016/j.jhazmat.2010.02.008,https://pubmed.ncbi.nlm.nih.gov/20304555,,0,
https://openalex.org/w1944409906,https://doi.org/10.1111/j.1365-263x.2011.01181.x,https://pubmed.ncbi.nlm.nih.gov/21951271,025-631-358-931-941,0,
https://openalex.org/w1984954140,https://doi.org/10.1111/j.1365-2842.1984.tb00570.x,https://pubmed.ncbi.nlm.nih.gov/6234386,112-350-132-996-243,0,
https://openalex.org/w1968422953,https://doi.org/10.2174/092986608783744261,https://pubmed.ncbi.nlm.nih.gov/18336360,006-348-075-666-575,0,
https://openalex.org/w1980703413,https://doi.org/10.1016/j.envpol.2011.08.053,https://pubmed.ncbi.nlm.nih.gov/22035942,,0,
https://openalex.org/w131482247,,https://pubmed.ncbi.nlm.nih.gov/16555658,,0,
https://openalex.org/w2051007522,https://doi.org/10.1016/j.dental.2007.05.001,https://pubmed.ncbi.nlm.nih.gov/17572484,,0,
https://openalex.org/w1989499460,https://doi.org/10.1016/s0109-5641(00)00094-4,https://pubmed.ncbi.nlm.nih.gov/11356213,,0,
https://openalex.org/w2063340850,https://doi.org/10.1210/en.2009-1325,https://pubmed.ncbi.nlm.nih.gov/20133451,064-713-906-245-023,0,
https://openalex.org/w2395189758,,https://pubmed.ncbi.nlm.nih.gov/10709547,,0,
https://openalex.org/w2027600022,https://doi.org/10.1016/j.yhbeh.2012.09.009,https://pubmed.ncbi.nlm.nih.gov/23051835,073-633-115-844-069,0,
https://openalex.org/w2027957589,https://doi.org/10.1016/0109-5641(93)90082-2,https://pubmed.ncbi.nlm.nih.gov/8595849,,0,
https://openalex.org/w1991208903,https://doi.org/10.4012/dmj.2011-079,https://pubmed.ncbi.nlm.nih.gov/22277608,001-525-068-819-222,0,
https://openalex.org/w800368340,https://doi.org/10.12968/denu.2000.27.10.484,https://pubmed.ncbi.nlm.nih.gov/11218608,017-676-020-593-729,0,
https://openalex.org/w2152419046,https://doi.org/10.1016/j.dental.2008.10.012,https://pubmed.ncbi.nlm.nih.gov/19101716,,0,
https://openalex.org/w2151784233,https://doi.org/10.1111/j.1600-0536.1993.tb03405.x,https://pubmed.ncbi.nlm.nih.gov/8508631,054-612-389-809-445,0,
https://openalex.org/w1988224391,https://doi.org/10.1016/j.jdent.2012.10.006,https://pubmed.ncbi.nlm.nih.gov/23079281,055-552-918-905-26X,0,
https://openalex.org/w4300197863,,https://pubmed.ncbi.nlm.nih.gov/12778220,,0,
https://openalex.org/w2065120714,https://doi.org/10.1177/00220345850640121601,https://pubmed.ncbi.nlm.nih.gov/2934448,054-120-130-352-297,0,
https://openalex.org/w2017885191,https://doi.org/10.1016/j.tox.2005.08.006,https://pubmed.ncbi.nlm.nih.gov/16169144,,0,
https://openalex.org/w2011053172,https://doi.org/10.2209/tdcpublication.49.173,https://pubmed.ncbi.nlm.nih.gov/19420877,014-610-239-347-361,0,
https://openalex.org/w2084176173,https://doi.org/10.1007/s00056-002-0130-5,https://pubmed.ncbi.nlm.nih.gov/12444530,,0,
https://openalex.org/w2050370530,https://doi.org/10.1016/j.chemosphere.2011.05.038,https://pubmed.ncbi.nlm.nih.gov/21700311,,0,
https://openalex.org/w2042146170,https://doi.org/10.1016/s0109-5641(97)80102-9,https://pubmed.ncbi.nlm.nih.gov/9823092,,0,
https://openalex.org/w2013941059,https://doi.org/10.1002/tox.20549,https://pubmed.ncbi.nlm.nih.gov/19950219,076-048-830-649-037,0,
https://openalex.org/w2416905807,,https://pubmed.ncbi.nlm.nih.gov/12540123,,0,
https://openalex.org/w2081315592,https://doi.org/10.1016/0109-5641(92)90097-v,https://pubmed.ncbi.nlm.nih.gov/1291395,,0,
https://openalex.org/w2108106126,https://doi.org/10.1111/j.1742-7843.2012.00857.x,https://pubmed.ncbi.nlm.nih.gov/22269103,093-883-471-808-571,0,
https://openalex.org/w2009105567,https://doi.org/10.1177/00220345900690060301,https://pubmed.ncbi.nlm.nih.gov/2141338,028-852-390-952-206,0,
https://openalex.org/w1972048797,https://doi.org/10.1007/s12640-012-9353-4,https://pubmed.ncbi.nlm.nih.gov/22996013,,0,
https://openalex.org/w2063004706,https://doi.org/10.1016/j.jdent.2009.11.007,https://pubmed.ncbi.nlm.nih.gov/19995589,120-450-471-678-571,0,
https://openalex.org/w2066856085,https://doi.org/10.1289/ehp.1002514,https://pubmed.ncbi.nlm.nih.gov/20855240,008-652-441-304-507,0,
https://openalex.org/w71743650,,https://pubmed.ncbi.nlm.nih.gov/15088727,,0,
https://openalex.org/w2102322161,https://doi.org/10.1590/s0103-64402003000100007,https://pubmed.ncbi.nlm.nih.gov/12656463,045-369-417-182-800,0,
https://openalex.org/w2160473299,https://doi.org/10.1080/00016350802241563,https://pubmed.ncbi.nlm.nih.gov/18618339,020-055-528-185-175,0,
https://openalex.org/w1491886022,https://doi.org/10.1046/j.1471-4159.2002.00899.x,https://pubmed.ncbi.nlm.nih.gov/12065618,052-604-847-613-181,0,
https://openalex.org/w2010926804,https://doi.org/10.1016/s0109-5641(96)80029-7,https://pubmed.ncbi.nlm.nih.gov/9002841,,0,
https://openalex.org/w2102638905,https://doi.org/10.1093/ejo/24.6.689,https://pubmed.ncbi.nlm.nih.gov/12512786,062-346-683-759-195,0,
https://openalex.org/w2094197043,https://doi.org/10.1016/j.neulet.2010.08.021,https://pubmed.ncbi.nlm.nih.gov/20709143,,0,
https://openalex.org/w2049265125,https://doi.org/10.1177/00220345850640021101,https://pubmed.ncbi.nlm.nih.gov/3156163,061-583-223-382-035,0,
https://openalex.org/w2070766928,https://doi.org/10.1371/journal.pone.0041667,https://pubmed.ncbi.nlm.nih.gov/22848561,077-059-946-669-611,0,
https://openalex.org/w1993323117,https://doi.org/10.14219/jada.archive.2009.0015,https://pubmed.ncbi.nlm.nih.gov/19119164,064-730-239-064-089,0,
https://openalex.org/w1984467939,https://doi.org/10.3892/mmr.2011.721,https://pubmed.ncbi.nlm.nih.gov/22200888,052-898-529-564-333,0,
https://openalex.org/w2134818316,https://doi.org/10.1111/j.1708-8240.2005.tb00120.x,https://pubmed.ncbi.nlm.nih.gov/16231494,093-114-445-907-051,0,
https://openalex.org/w2071388889,https://doi.org/10.1016/j.joen.2012.09.022,https://pubmed.ncbi.nlm.nih.gov/23321228,,0,
https://openalex.org/w2171571056,https://doi.org/10.1006/faat.1997.2338,https://pubmed.ncbi.nlm.nih.gov/9325022,015-002-550-763-98X,0,
https://openalex.org/w1968580887,https://doi.org/10.1021/ma401014h,https://pubmed.ncbi.nlm.nih.gov/23853391,041-350-595-521-419,0,
https://openalex.org/w2097526790,https://doi.org/10.1093/toxsci/kfi088,https://pubmed.ncbi.nlm.nih.gov/15659569,037-696-306-075-402,0,
https://openalex.org/w2397824932,,https://pubmed.ncbi.nlm.nih.gov/6224228,,0,
https://openalex.org/w2104005914,https://doi.org/10.1111/j.1744-9987.2007.00472.x,https://pubmed.ncbi.nlm.nih.gov/17661831,105-338-907-861-964,0,
https://openalex.org/w2164834583,https://doi.org/10.1016/j.chemosphere.2008.01.018,https://pubmed.ncbi.nlm.nih.gov/18328532,,0,
https://openalex.org/w1996857104,https://doi.org/10.1371/journal.pone.0002069,https://pubmed.ncbi.nlm.nih.gov/18446233,058-672-985-261-05X,0,
https://openalex.org/w2009230986,https://doi.org/10.1016/s0022-3913(08)60286-3,https://pubmed.ncbi.nlm.nih.gov/19105989,,0,
https://openalex.org/w2159064624,https://doi.org/10.1097/00004770-200304000-00004,https://pubmed.ncbi.nlm.nih.gov/12701772,031-689-916-371-58X,0,
https://openalex.org/w2079903550,https://doi.org/10.1590/s1135-57272005000200009,https://pubmed.ncbi.nlm.nih.gov/15913056,005-135-986-412-933,0,
https://openalex.org/w2055727646,https://doi.org/10.1016/j.etap.2010.09.009,https://pubmed.ncbi.nlm.nih.gov/21787673,,0,
https://openalex.org/w1978216677,https://doi.org/10.1021/es015589w,https://pubmed.ncbi.nlm.nih.gov/11999068,002-438-546-968-849,0,
https://openalex.org/w2034842049,https://doi.org/10.1016/s0304-3940(00)01619-0,https://pubmed.ncbi.nlm.nih.gov/11099829,,0,
https://openalex.org/w2065987608,https://doi.org/10.3390/molecules16129983,https://pubmed.ncbi.nlm.nih.gov/22138857,060-567-201-158-677,0,
https://openalex.org/w1988592014,https://doi.org/10.1016/0300-5712(81)90031-2,https://pubmed.ncbi.nlm.nih.gov/6453140,,0,
https://openalex.org/w2412041522,,https://pubmed.ncbi.nlm.nih.gov/8513419,,0,
https://openalex.org/w2398747079,,https://pubmed.ncbi.nlm.nih.gov/12489529,,0,
https://openalex.org/w2018840612,https://doi.org/10.1111/j.0909-8836.2004.00093.x,https://pubmed.ncbi.nlm.nih.gov/14871196,057-739-863-982-42X,0,
https://openalex.org/w2237743254,,https://pubmed.ncbi.nlm.nih.gov/22670256,,0,
https://openalex.org/w2081496602,https://doi.org/10.1210/en.2011-1772,https://pubmed.ncbi.nlm.nih.gov/22166976,022-638-615-162-42X,0,
https://openalex.org/w2404793947,,https://pubmed.ncbi.nlm.nih.gov/19824555,,0,
https://openalex.org/w2152238924,https://doi.org/10.1016/s0109-5641(01)00023-9,https://pubmed.ncbi.nlm.nih.gov/11755587,,0,
https://openalex.org/w2152586799,https://doi.org/10.1155/2012/194829,https://pubmed.ncbi.nlm.nih.gov/22888396,005-338-963-726-649,0,
https://openalex.org/w2413396754,,https://pubmed.ncbi.nlm.nih.gov/1825913,,0,
https://openalex.org/w2025164618,https://doi.org/10.3109/00016359109005922,https://pubmed.ncbi.nlm.nih.gov/1839484,000-825-878-387-933,0,
https://openalex.org/w2087156610,https://doi.org/10.4012/dmj.18.76,https://pubmed.ncbi.nlm.nih.gov/10786150,089-548-824-919-11X,0,
https://openalex.org/w2416080277,,https://pubmed.ncbi.nlm.nih.gov/2949386,,0,
https://openalex.org/w2020622919,https://doi.org/10.1016/0022-3913(86)90143-5,https://pubmed.ncbi.nlm.nih.gov/3534237,,0,
https://openalex.org/w2992261347,,https://pubmed.ncbi.nlm.nih.gov/8779661,,0,
https://openalex.org/w2052415877,https://doi.org/10.1002/1097-4636(200111)57:2<165::aid-jbm1155>3.0.co;2-w,https://pubmed.ncbi.nlm.nih.gov/11484178,032-244-467-712-047,0,
https://openalex.org/w2411778904,,https://pubmed.ncbi.nlm.nih.gov/6238999,,0,
https://openalex.org/w2051530732,https://doi.org/10.1111/j.1600-0722.2004.00127.x,https://pubmed.ncbi.nlm.nih.gov/15154930,100-539-552-221-376,0,
https://openalex.org/w2002135196,https://doi.org/10.1016/j.reprotox.2006.10.002,https://pubmed.ncbi.nlm.nih.gov/17123778,013-222-104-443-857,0,
https://openalex.org/w2142305693,https://doi.org/10.2334/josnusd.52.599,https://pubmed.ncbi.nlm.nih.gov/21206163,042-086-608-997-886,0,
https://openalex.org/w2473604933,https://doi.org/10.12968/denu.2000.27.2.85,https://pubmed.ncbi.nlm.nih.gov/11218277,015-979-364-058-821,0,
https://openalex.org/w1985806740,https://doi.org/10.1016/j.domaniend.2010.01.004,https://pubmed.ncbi.nlm.nih.gov/20172683,,0,
https://openalex.org/w2091745741,https://doi.org/10.1002/(sici)1097-4636(2000)53:3<204::aid-jbm3>3.0.co;2-0,https://pubmed.ncbi.nlm.nih.gov/10813758,001-911-534-814-775,0,
https://openalex.org/w2130337514,https://doi.org/10.2341/09-075-l,https://pubmed.ncbi.nlm.nih.gov/20166415,006-250-802-763-721,0,
https://openalex.org/w2394828733,,https://pubmed.ncbi.nlm.nih.gov/3681510,,0,
https://openalex.org/w2063959527,https://doi.org/10.1016/j.scitotenv.2005.07.005,https://pubmed.ncbi.nlm.nih.gov/16139329,,0,
https://openalex.org/w2077218068,https://doi.org/10.1111/j.1600-0722.1994.tb01167.x,https://pubmed.ncbi.nlm.nih.gov/8016557,070-016-831-921-288,0,
https://openalex.org/w2021299976,https://doi.org/10.1016/s0378-4274(03)00215-7,https://pubmed.ncbi.nlm.nih.gov/12927369,,0,
https://openalex.org/w2137087086,https://doi.org/10.1021/es051386m,https://pubmed.ncbi.nlm.nih.gov/16509360,058-980-433-285-015,0,
https://openalex.org/w2008739449,https://doi.org/10.1016/s0300-5712(01)00019-7,https://pubmed.ncbi.nlm.nih.gov/11472807,,0,
https://openalex.org/w2086311321,https://doi.org/10.1002/jbt.20004,https://pubmed.ncbi.nlm.nih.gov/14994273,097-464-837-461-891,0,
https://openalex.org/w2003090432,https://doi.org/10.1016/j.fct.2010.05.051,https://pubmed.ncbi.nlm.nih.gov/20594952,,0,
https://openalex.org/w2413966904,,https://pubmed.ncbi.nlm.nih.gov/2945535,,0,
https://openalex.org/w2005114051,https://doi.org/10.4103/0970-9290.62817,https://pubmed.ncbi.nlm.nih.gov/20427907,123-942-331-812-214,0,
https://openalex.org/w2226333722,,https://pubmed.ncbi.nlm.nih.gov/12413223,,0,
https://openalex.org/w2040881028,https://doi.org/10.1067/mod.2003.47,https://pubmed.ncbi.nlm.nih.gov/12532056,025-190-921-503-997,0,
https://openalex.org/w2047523002,https://doi.org/10.1210/en.2011-0045,https://pubmed.ncbi.nlm.nih.gov/21586551,061-277-568-235-748,1,
https://openalex.org/w2056550968,https://doi.org/10.1016/0109-5641(94)90028-0,https://pubmed.ncbi.nlm.nih.gov/7758860,,0,
https://openalex.org/w2432189947,,https://pubmed.ncbi.nlm.nih.gov/12561556,,0,
https://openalex.org/w2402214290,,https://pubmed.ncbi.nlm.nih.gov/2945146,,0,
https://openalex.org/w2068391276,https://doi.org/10.1177/154405910508400908,https://pubmed.ncbi.nlm.nih.gov/16109991,037-647-513-077-696,0,
https://openalex.org/w2171390086,https://doi.org/10.1016/j.dental.2008.03.023,https://pubmed.ncbi.nlm.nih.gov/18471870,,0,
https://openalex.org/w1968954914,https://doi.org/10.1016/s0041-624x(99)00198-5,https://pubmed.ncbi.nlm.nih.gov/10829706,,0,
https://openalex.org/w2000756359,https://doi.org/10.1002/jbm.b.30045,https://pubmed.ncbi.nlm.nih.gov/15264312,146-224-043-313-566,0,
https://openalex.org/w1510967027,,https://pubmed.ncbi.nlm.nih.gov/15185805,,0,
https://openalex.org/w2033619267,https://doi.org/10.1016/0278-6915(90)90110-9,https://pubmed.ncbi.nlm.nih.gov/2379895,,0,
https://openalex.org/w2145597670,https://doi.org/10.1002/1097-4636(2001)58:2<209::aid-jbm1009>3.0.co;2-7,https://pubmed.ncbi.nlm.nih.gov/11241341,080-516-102-716-851,0,
https://openalex.org/w1965527143,https://doi.org/10.1002/iub.370,https://pubmed.ncbi.nlm.nih.gov/20836126,007-722-999-403-058,0,
https://openalex.org/w69569870,,https://pubmed.ncbi.nlm.nih.gov/15088730,,0,
https://openalex.org/w2018525822,https://doi.org/10.1002/(sici)1097-0290(20000605)68:5<488::aid-bit2>3.0.co;2-q,https://pubmed.ncbi.nlm.nih.gov/10797234,071-226-340-406-320,0,
https://openalex.org/w2069562447,https://doi.org/10.1034/j.1600-0722.2001.00057.x,https://pubmed.ncbi.nlm.nih.gov/11531075,044-580-767-390-690,0,
https://openalex.org/w104403907,https://doi.org/10.3290/j.jad.a11071,https://pubmed.ncbi.nlm.nih.gov/16708721,,0,
https://openalex.org/w2439001833,https://doi.org/10.2340/0001555561710,https://pubmed.ncbi.nlm.nih.gov/6164222,120-462-184-624-683,0,
https://openalex.org/w2102180287,https://doi.org/10.1093/ejo/13.3.187,https://pubmed.ncbi.nlm.nih.gov/1834474,074-482-533-882-43X,0,
https://openalex.org/w2370255173,,https://pubmed.ncbi.nlm.nih.gov/21485081,,0,
https://openalex.org/w1994594853,https://doi.org/10.1016/j.tiv.2008.01.001,https://pubmed.ncbi.nlm.nih.gov/18280695,,0,
https://openalex.org/w1975664057,https://doi.org/10.1159/000104869,https://pubmed.ncbi.nlm.nih.gov/17622711,001-289-825-921-629,0,
https://openalex.org/w1987540139,https://doi.org/10.2341/06-50,https://pubmed.ncbi.nlm.nih.gov/17288323,002-916-820-731-283,0,
https://openalex.org/w1973250945,https://doi.org/10.1088/1748-6041/7/4/045014,https://pubmed.ncbi.nlm.nih.gov/22689264,063-660-994-887-452,0,
https://openalex.org/w2017795691,https://doi.org/10.1021/jf800870b,https://pubmed.ncbi.nlm.nih.gov/18636679,032-317-273-698-595,0,
https://openalex.org/w2095573578,https://doi.org/10.3109/00016358909007716,https://pubmed.ncbi.nlm.nih.gov/2531531,038-397-754-205-676,0,
https://openalex.org/w2082025182,https://doi.org/10.1038/sj.bdj.4806390,https://pubmed.ncbi.nlm.nih.gov/3163482,,0,
https://openalex.org/w2051936926,https://doi.org/10.4012/dmj.19.245,https://pubmed.ncbi.nlm.nih.gov/11218845,012-534-580-352-944,0,
https://openalex.org/w2381896466,,https://pubmed.ncbi.nlm.nih.gov/17129432,,0,
https://openalex.org/w2067256255,https://doi.org/10.1289/ehp.1104139,https://pubmed.ncbi.nlm.nih.gov/22262702,059-591-252-633-989,0,
https://openalex.org/w2056575305,https://doi.org/10.1016/j.tiv.2008.01.015,https://pubmed.ncbi.nlm.nih.gov/18329244,,0,
https://openalex.org/w2109393233,https://doi.org/10.1016/0300-5712(95)00054-2,https://pubmed.ncbi.nlm.nih.gov/8636484,,0,
https://openalex.org/w1793633918,https://doi.org/10.1111/j.1467-789x.2011.00871.x,https://pubmed.ncbi.nlm.nih.gov/21457182,002-860-515-532-958,0,
https://openalex.org/w2414264060,https://doi.org/10.1043/0003-3219(1993)063<0221:ceoroa>2.0.co;2,https://pubmed.ncbi.nlm.nih.gov/8214791,,0,
https://openalex.org/w2090911611,https://doi.org/10.1177/0022034513484329,https://pubmed.ncbi.nlm.nih.gov/23690357,020-374-206-227-158,0,
https://openalex.org/w1990305737,https://doi.org/10.1016/j.scitotenv.2007.05.043,https://pubmed.ncbi.nlm.nih.gov/17618676,,0,
https://openalex.org/w2057188343,https://doi.org/10.1289/ehp.0900604,https://pubmed.ncbi.nlm.nih.gov/19750099,118-603-172-770-100,0,
https://openalex.org/w1977465231,https://doi.org/10.1039/b107155f,https://pubmed.ncbi.nlm.nih.gov/12240100,021-388-347-267-640,0,
https://openalex.org/w2025849585,https://doi.org/10.1002/jbm.a.31448,https://pubmed.ncbi.nlm.nih.gov/17559132,059-104-464-935-507,0,
https://openalex.org/w2403229007,,https://pubmed.ncbi.nlm.nih.gov/6242727,,0,
https://openalex.org/w2001270409,https://doi.org/10.1016/j.chroma.2010.10.078,https://pubmed.ncbi.nlm.nih.gov/21071032,,0,
https://openalex.org/w1988947510,https://doi.org/10.1016/j.aca.2012.09.010,https://pubmed.ncbi.nlm.nih.gov/23084066,,0,
https://openalex.org/w2002717663,https://doi.org/10.1016/j.yhbeh.2013.03.016,https://pubmed.ncbi.nlm.nih.gov/23567477,,0,
https://openalex.org/w2150694702,https://doi.org/10.1242/bio.20134283,https://pubmed.ncbi.nlm.nih.gov/23789094,091-337-329-669-936,0,
https://openalex.org/w2021311025,https://doi.org/10.1016/0109-5641(92)90020-d,https://pubmed.ncbi.nlm.nih.gov/1303383,,0,
https://openalex.org/w1995801625,https://doi.org/10.1023/b:jmsm.0000042687.03494.ad,https://pubmed.ncbi.nlm.nih.gov/15448409,085-600-077-904-853,0,
https://openalex.org/w2110736642,https://doi.org/10.1016/s0022-3913(05)80200-8,https://pubmed.ncbi.nlm.nih.gov/7760272,,0,
https://openalex.org/w15943407,https://doi.org/10.2741/493,https://pubmed.ncbi.nlm.nih.gov/22201988,,0,
https://openalex.org/w1984182687,https://doi.org/10.1021/es051198w,https://pubmed.ncbi.nlm.nih.gov/16323803,010-477-731-213-730,0,
https://openalex.org/w2429450419,,https://pubmed.ncbi.nlm.nih.gov/12572165,,0,
https://openalex.org/w2012276562,https://doi.org/10.1002/jbm.10083,https://pubmed.ncbi.nlm.nih.gov/11787029,008-870-159-568-029,0,
https://openalex.org/w2222639801,,https://pubmed.ncbi.nlm.nih.gov/10530276,,0,
https://openalex.org/w1975930249,https://doi.org/10.1016/j.envint.2006.12.002,https://pubmed.ncbi.nlm.nih.gov/17292961,006-977-384-072-30X,0,
https://openalex.org/w1987341170,https://doi.org/10.1016/j.dental.2004.05.009,https://pubmed.ncbi.nlm.nih.gov/15766581,,0,
https://openalex.org/w2119476703,https://doi.org/10.1093/ejo/cji094,https://pubmed.ncbi.nlm.nih.gov/16373451,038-089-869-437-587,0,
https://openalex.org/w2023698528,https://doi.org/10.1016/j.cbi.2008.05.011,https://pubmed.ncbi.nlm.nih.gov/18571633,,0,
https://openalex.org/w2067974177,https://doi.org/10.1016/s0109-5641(02)00108-2,https://pubmed.ncbi.nlm.nih.gov/12901981,,0,
https://openalex.org/w2054801345,https://doi.org/10.1067/mod.2002.121008,https://pubmed.ncbi.nlm.nih.gov/11941343,031-925-507-181-461,0,
https://openalex.org/w1978750965,https://doi.org/10.1002/etc.498,https://pubmed.ncbi.nlm.nih.gov/21337609,132-935-066-307-25X,0,
https://openalex.org/w179542791,,https://pubmed.ncbi.nlm.nih.gov/20718207,,0,
https://openalex.org/w2130070231,https://doi.org/10.1158/1535-7163.mct-06-0272,https://pubmed.ncbi.nlm.nih.gov/17172422,007-458-445-255-065,0,
https://openalex.org/w2419365078,,https://pubmed.ncbi.nlm.nih.gov/11551013,,0,
https://openalex.org/w2073624224,https://doi.org/10.1016/j.chemosphere.2010.12.071,https://pubmed.ncbi.nlm.nih.gov/21247614,,0,
https://openalex.org/w2096786787,https://doi.org/10.1016/s1001-0742(08)62268-8,https://pubmed.ncbi.nlm.nih.gov/19634440,077-856-787-966-150,0,
https://openalex.org/w2106162177,https://doi.org/10.1210/endo.132.6.8504731,https://pubmed.ncbi.nlm.nih.gov/8504731,053-450-107-212-320,0,
https://openalex.org/w2073017078,https://doi.org/10.1016/j.ecoenv.2012.02.023,https://pubmed.ncbi.nlm.nih.gov/22421452,047-269-633-364-822,0,
https://openalex.org/w2165471176,https://doi.org/10.1073/pnas.0502544102,https://pubmed.ncbi.nlm.nih.gov/15867144,018-507-417-781-92X,0,
https://openalex.org/w2398482469,,https://pubmed.ncbi.nlm.nih.gov/8779745,,0,
https://openalex.org/w2065282908,https://doi.org/10.1038/laban0403-24,https://pubmed.ncbi.nlm.nih.gov/19753748,,0,
https://openalex.org/w2076583710,https://doi.org/10.1016/0142-9612(81)90048-x,https://pubmed.ncbi.nlm.nih.gov/6456022,,0,
https://openalex.org/w1999535352,https://doi.org/10.1016/s0889-5406(94)70130-x,https://pubmed.ncbi.nlm.nih.gov/8154461,011-150-796-242-577,0,
https://openalex.org/w1970971276,https://doi.org/10.1016/0300-5712(95)00096-8,https://pubmed.ncbi.nlm.nih.gov/8990688,052-770-281-099-18X,0,
https://openalex.org/w2417207957,,https://pubmed.ncbi.nlm.nih.gov/6229394,,0,
https://openalex.org/w2187441280,,https://pubmed.ncbi.nlm.nih.gov/21080749,,0,
https://openalex.org/w2034062947,https://doi.org/10.2166/wst.2010.436,https://pubmed.ncbi.nlm.nih.gov/20861558,044-903-687-756-06X,0,
https://openalex.org/w2394823114,,https://pubmed.ncbi.nlm.nih.gov/9731401,,0,
https://openalex.org/w2413726382,,https://pubmed.ncbi.nlm.nih.gov/6242286,,0,
https://openalex.org/w2403765074,,https://pubmed.ncbi.nlm.nih.gov/8599594,,0,
https://openalex.org/w2101265406,https://doi.org/10.1158/1541-7786.mcr-07-2166,https://pubmed.ncbi.nlm.nih.gov/18819937,002-844-977-023-621,0,
https://openalex.org/w1976381556,https://doi.org/10.1016/j.tox.2007.12.028,https://pubmed.ncbi.nlm.nih.gov/18294747,,0,
https://openalex.org/w2135452082,https://doi.org/10.2209/tdcpublication.40.47,https://pubmed.ncbi.nlm.nih.gov/10522177,064-546-562-074-455,0,
https://openalex.org/w319564622,,https://pubmed.ncbi.nlm.nih.gov/17036711,,0,
https://openalex.org/w2129832222,https://doi.org/10.1124/dmd.109.027193,https://pubmed.ncbi.nlm.nih.gov/19628752,076-411-224-267-462,0,
https://openalex.org/w2043400088,https://doi.org/10.1007/s00216-003-2380-5,https://pubmed.ncbi.nlm.nih.gov/14666397,,0,
https://openalex.org/w2277530777,https://doi.org/10.3290/j.jad.a22191,https://pubmed.ncbi.nlm.nih.gov/22043471,,0,
https://openalex.org/w2067433255,https://doi.org/10.3892/ijmm.18.4.565,https://pubmed.ncbi.nlm.nih.gov/16964405,054-923-131-290-824,0,
https://openalex.org/w2123876889,https://doi.org/10.1002/jbm.a.34000,https://pubmed.ncbi.nlm.nih.gov/22213479,047-029-169-441-405,0,
https://openalex.org/w2030324715,https://doi.org/10.1177/00220345000790070301,https://pubmed.ncbi.nlm.nih.gov/11005726,,0,
https://openalex.org/w2035677238,https://doi.org/10.1507/endocrj.46.513,https://pubmed.ncbi.nlm.nih.gov/10580743,044-595-767-955-577,0,
https://openalex.org/w2160007285,,https://pubmed.ncbi.nlm.nih.gov/11454725,,0,
https://openalex.org/w2149524060,https://doi.org/10.2341/08-91,https://pubmed.ncbi.nlm.nih.gov/19544820,089-782-013-484-656,0,
https://openalex.org/w2060235545,https://doi.org/10.1111/j.1742-7843.2009.00479.x,https://pubmed.ncbi.nlm.nih.gov/20041880,101-023-165-197-897,0,
https://openalex.org/w2414175941,,https://pubmed.ncbi.nlm.nih.gov/14621239,,0,
https://openalex.org/w2400124961,,https://pubmed.ncbi.nlm.nih.gov/2968726,,0,
https://openalex.org/w2104368093,https://doi.org/10.1590/s1678-77572010000400008,https://pubmed.ncbi.nlm.nih.gov/20835571,033-230-254-513-22X,0,
https://openalex.org/w2010111938,https://doi.org/10.1007/s10856-008-3463-9,https://pubmed.ncbi.nlm.nih.gov/18470701,056-450-869-146-728,0,
https://openalex.org/w1964610695,https://doi.org/10.1016/j.jcis.2005.10.039,https://pubmed.ncbi.nlm.nih.gov/16298385,,0,
https://openalex.org/w1572243376,https://doi.org/10.1046/j.1432-1033.2002.02879.x,https://pubmed.ncbi.nlm.nih.gov/11985600,050-437-401-109-724,0,
https://openalex.org/w1511084441,,https://pubmed.ncbi.nlm.nih.gov/9823073,,0,
https://openalex.org/w2159036622,https://doi.org/10.1038/cmi.2010.14,https://pubmed.ncbi.nlm.nih.gov/20383177,143-461-159-098-415,0,
https://openalex.org/w2348732544,https://doi.org/10.3724/sp.j.1123.2010.00507,https://pubmed.ncbi.nlm.nih.gov/20812630,067-303-658-211-576,0,
https://openalex.org/w2072833759,https://doi.org/10.1016/s0142-9612(02)00443-x,https://pubmed.ncbi.nlm.nih.gov/12504524,,0,
https://openalex.org/w2096544695,https://doi.org/10.1016/s0109-5641(97)80037-1,https://pubmed.ncbi.nlm.nih.gov/11696905,,0,
https://openalex.org/w2126341579,https://doi.org/10.2334/josnusd.50.37,https://pubmed.ncbi.nlm.nih.gov/18403882,000-194-173-136-474,0,
https://openalex.org/w2147397459,https://doi.org/10.1093/toxsci/63.2.173,https://pubmed.ncbi.nlm.nih.gov/11568360,007-326-570-527-58X,0,
https://openalex.org/w2050121195,https://doi.org/10.1289/ehp.1103781,https://pubmed.ncbi.nlm.nih.gov/21813366,105-435-825-985-626,0,
https://openalex.org/w2168163525,https://doi.org/10.1080/00984100050120415,https://pubmed.ncbi.nlm.nih.gov/11032426,087-620-614-911-233,0,
https://openalex.org/w2031523718,https://doi.org/10.3109/00016359309040575,https://pubmed.ncbi.nlm.nih.gov/8237310,060-626-332-514-878,0,
https://openalex.org/w2000262653,https://doi.org/10.1073/pnas.142288199,https://pubmed.ncbi.nlm.nih.gov/12077320,047-160-857-308-644,0,
https://openalex.org/w2077792565,https://doi.org/10.1016/j.jhazmat.2008.09.038,https://pubmed.ncbi.nlm.nih.gov/18977073,,0,
https://openalex.org/w2395671057,,https://pubmed.ncbi.nlm.nih.gov/18477430,,0,
https://openalex.org/w2065526477,https://doi.org/10.1016/s0109-5641(01)00029-x,https://pubmed.ncbi.nlm.nih.gov/11755589,,0,
https://openalex.org/w2073518468,https://doi.org/10.1016/j.jdent.2004.06.007,https://pubmed.ncbi.nlm.nih.gov/15476959,,0,
https://openalex.org/w2148817433,https://doi.org/10.3109/08820130903513449,https://pubmed.ncbi.nlm.nih.gov/20136622,055-711-226-846-057,0,
https://openalex.org/w2073593420,https://doi.org/10.1046/j.1365-2842.1999.00476.x,https://pubmed.ncbi.nlm.nih.gov/10620155,099-858-933-317-27X,0,
https://openalex.org/w1989955125,https://doi.org/10.1159/000151504,https://pubmed.ncbi.nlm.nih.gov/18716402,073-746-978-073-440,0,
https://openalex.org/w2149700323,https://doi.org/10.1007/s00784-012-0736-y,https://pubmed.ncbi.nlm.nih.gov/22552591,,0,
https://openalex.org/w1985701253,https://doi.org/10.1016/j.reprotox.2006.11.002,https://pubmed.ncbi.nlm.nih.gov/17157474,,0,
https://openalex.org/w1987448638,https://doi.org/10.1016/j.yrtph.2010.06.005,https://pubmed.ncbi.nlm.nih.gov/20541576,051-247-945-583-802,0,
https://openalex.org/w2093216045,https://doi.org/10.1007/s00216-013-6787-3,https://pubmed.ncbi.nlm.nih.gov/23404131,,0,
https://openalex.org/w2074087715,https://doi.org/10.1016/j.prosdent.2005.08.006,https://pubmed.ncbi.nlm.nih.gov/16198175,,0,
https://openalex.org/w2066286957,https://doi.org/10.1196/annals.1327.079,https://pubmed.ncbi.nlm.nih.gov/15891078,125-159-846-374-442,0,
https://openalex.org/w1583989827,https://doi.org/10.1080/03601234.2011.583871,https://pubmed.ncbi.nlm.nih.gov/21726149,,0,
https://openalex.org/w1971313751,https://doi.org/10.1016/j.neures.2007.02.011,https://pubmed.ncbi.nlm.nih.gov/17412439,055-942-813-983-548,0,
https://openalex.org/w2005706424,https://doi.org/10.1016/j.pnpbp.2012.06.016,https://pubmed.ncbi.nlm.nih.gov/22760093,,0,
https://openalex.org/w1988428735,https://doi.org/10.1016/j.chemosphere.2010.06.053,https://pubmed.ncbi.nlm.nih.gov/20630563,,0,
https://openalex.org/w2439418342,,https://pubmed.ncbi.nlm.nih.gov/24024361,,0,
https://openalex.org/w2398710957,,https://pubmed.ncbi.nlm.nih.gov/18990898,,0,
https://openalex.org/w2073113600,https://doi.org/10.1016/j.bbrc.2004.11.024,https://pubmed.ncbi.nlm.nih.gov/15567167,,0,
https://openalex.org/w1982950622,https://doi.org/10.3109/00016359709115399,https://pubmed.ncbi.nlm.nih.gov/9176656,090-493-487-542-883,0,
https://openalex.org/w2414398166,https://doi.org/10.3290/j.jad.a17594,https://pubmed.ncbi.nlm.nih.gov/20155232,,0,
https://openalex.org/w2142425284,https://doi.org/10.1016/s0109-5641(01)00069-0,https://pubmed.ncbi.nlm.nih.gov/12098575,,0,
https://openalex.org/w2071982894,https://doi.org/10.1111/j.1834-7819.1990.tb00783.x,https://pubmed.ncbi.nlm.nih.gov/2148868,058-628-043-514-764,0,
https://openalex.org/w2126557288,https://doi.org/10.1111/j.1532-849x.2009.00502.x,https://pubmed.ncbi.nlm.nih.gov/19682222,033-130-907-316-816,0,
https://openalex.org/w1839908812,https://doi.org/10.1002/jmr.1163,https://pubmed.ncbi.nlm.nih.gov/22213445,070-641-757-873-815,0,
https://openalex.org/w2134454293,https://doi.org/10.1093/toxsci/50.2.206,https://pubmed.ncbi.nlm.nih.gov/10478856,021-505-430-702-324,0,
https://openalex.org/w2135604145,https://doi.org/10.1016/s0889-5406(99)70293-3,https://pubmed.ncbi.nlm.nih.gov/10358250,018-823-222-005-984,0,
https://openalex.org/w2124046488,https://doi.org/10.1016/j.scitotenv.2004.03.018,https://pubmed.ncbi.nlm.nih.gov/15364525,,0,
https://openalex.org/w1974595410,https://doi.org/10.2166/wst.2013.025,https://pubmed.ncbi.nlm.nih.gov/23552244,001-882-185-477-773,0,
https://openalex.org/w4235279415,https://doi.org/10.1038/sj.bdj.4809329,https://pubmed.ncbi.nlm.nih.gov/9062004,,0,
https://openalex.org/w1590114350,https://doi.org/10.2166/wst.2003.0494,https://pubmed.ncbi.nlm.nih.gov/12830942,031-148-063-761-399,0,
https://openalex.org/w1998930534,https://doi.org/10.1016/s0109-5641(96)80076-5,https://pubmed.ncbi.nlm.nih.gov/9002851,,0,
https://openalex.org/w2031588541,https://doi.org/10.1016/s0109-5641(98)00009-8,https://pubmed.ncbi.nlm.nih.gov/9972151,,0,
https://openalex.org/w2166032504,https://doi.org/10.4103/2230-8210.95660,https://pubmed.ncbi.nlm.nih.gov/22629496,082-829-134-956-120,0,
https://openalex.org/w2066570715,https://doi.org/10.1016/s0022-3913(12)60185-1,https://pubmed.ncbi.nlm.nih.gov/23107240,,0,
https://openalex.org/w1976740823,https://doi.org/10.1080/02652030600936383,https://pubmed.ncbi.nlm.nih.gov/17164221,025-153-830-199-659,0,
https://openalex.org/w2110743779,https://doi.org/10.1016/s0160-4120(03)00183-1,https://pubmed.ncbi.nlm.nih.gov/14987862,018-664-285-902-433,0,
https://openalex.org/w2000651808,https://doi.org/10.4161/cc.10.2.14478,https://pubmed.ncbi.nlm.nih.gov/21228622,057-524-965-208-939,0,
https://openalex.org/w2002312767,https://doi.org/10.17796/jcpd.31.1.w8532743883hw64n,https://pubmed.ncbi.nlm.nih.gov/17091660,044-242-326-223-115,0,
https://openalex.org/w2077379573,https://doi.org/10.1016/j.saa.2010.08.083,https://pubmed.ncbi.nlm.nih.gov/20934905,,0,
https://openalex.org/w2413681038,,https://pubmed.ncbi.nlm.nih.gov/20055043,,0,
https://openalex.org/w2468975878,,https://pubmed.ncbi.nlm.nih.gov/7920406,,0,
https://openalex.org/w110806927,,https://pubmed.ncbi.nlm.nih.gov/11357572,,0,
https://openalex.org/w2464501937,,https://pubmed.ncbi.nlm.nih.gov/6228157,,0,
https://openalex.org/w2116247529,https://doi.org/10.1093/toxsci/kfr201,https://pubmed.ncbi.nlm.nih.gov/21813462,111-796-831-964-726,1,
https://openalex.org/w2006505928,https://doi.org/10.1038/sj.bdj.4808379,https://pubmed.ncbi.nlm.nih.gov/7599006,,0,
https://openalex.org/w2020781087,https://doi.org/10.3109/10408444.2011.558487,https://pubmed.ncbi.nlm.nih.gov/21438738,023-181-721-833-417,0,
https://openalex.org/w2163453080,https://doi.org/10.1263/jbb.103.420,https://pubmed.ncbi.nlm.nih.gov/17609156,,0,
https://openalex.org/w2017619625,https://doi.org/10.3109/01480545.2011.556645,https://pubmed.ncbi.nlm.nih.gov/21770746,063-764-712-449-400,0,
https://openalex.org/w186509984,https://doi.org/10.1023/a:1026311001967,https://pubmed.ncbi.nlm.nih.gov/15348514,062-432-359-942-757,0,
https://openalex.org/w1982232060,https://doi.org/10.1016/j.jhazmat.2009.02.034,https://pubmed.ncbi.nlm.nih.gov/19285792,,0,
https://openalex.org/w1994357484,https://doi.org/10.1128/aem.02336-10,https://pubmed.ncbi.nlm.nih.gov/21317264,023-654-464-842-343,0,
https://openalex.org/w2036114216,https://doi.org/10.1016/j.watres.2005.09.023,https://pubmed.ncbi.nlm.nih.gov/16337256,,0,
https://openalex.org/w2054853371,https://doi.org/10.1111/j.1532-849x.1996.tb00508.x,https://pubmed.ncbi.nlm.nih.gov/9171499,034-877-897-447-733,0,
https://openalex.org/w1973500528,https://doi.org/10.1016/s0022-3913(03)00178-1,https://pubmed.ncbi.nlm.nih.gov/12869975,,0,
https://openalex.org/w4231555322,https://doi.org/10.1016/j.jdent.2006.07.002,https://pubmed.ncbi.nlm.nih.gov/16963171,000-824-683-933-813,0,
https://openalex.org/w2078706016,https://doi.org/10.1016/s0889-5406(99)70181-2,https://pubmed.ncbi.nlm.nih.gov/10547509,044-164-881-979-391,0,
https://openalex.org/w2031689079,https://doi.org/10.1016/s0889-5406(96)70130-0,https://pubmed.ncbi.nlm.nih.gov/8638590,005-398-231-480-780,0,
https://openalex.org/w1983295104,https://doi.org/10.1007/s10856-005-0627-8,https://pubmed.ncbi.nlm.nih.gov/15803273,059-523-514-305-797,0,
https://openalex.org/w2035347149,https://doi.org/10.1021/jf8008712,https://pubmed.ncbi.nlm.nih.gov/18702469,081-260-899-931-857,0,
https://openalex.org/w2063346600,https://doi.org/10.1016/j.jdent.2009.08.002,https://pubmed.ncbi.nlm.nih.gov/19686798,011-531-904-509-718,0,
https://openalex.org/w4229872431,https://doi.org/10.1038/sj.bdj.4807094,https://pubmed.ncbi.nlm.nih.gov/2137710,,0,
https://openalex.org/w106018952,,https://pubmed.ncbi.nlm.nih.gov/12469752,,0,
https://openalex.org/w2164845420,https://doi.org/10.1007/bf03401277,https://pubmed.ncbi.nlm.nih.gov/20687395,,0,
https://openalex.org/w2041459629,https://doi.org/10.1111/j.1834-7819.1998.tb00161.x,https://pubmed.ncbi.nlm.nih.gov/9707782,071-361-653-021-052,0,
https://openalex.org/w2041269375,https://doi.org/10.1016/s0021-9673(02)02052-6,https://pubmed.ncbi.nlm.nih.gov/12647820,,0,
https://openalex.org/w2059419986,https://doi.org/10.1034/j.1398-9995.1999.00074.x,https://pubmed.ncbi.nlm.nih.gov/10688437,027-210-864-386-664,0,
https://openalex.org/w2010219013,https://doi.org/10.4012/dmj.19.133,https://pubmed.ncbi.nlm.nih.gov/11219094,063-671-903-271-884,0,
https://openalex.org/w2004937974,https://doi.org/10.1016/j.actbio.2011.09.011,https://pubmed.ncbi.nlm.nih.gov/21951919,,0,
https://openalex.org/w1994720974,https://doi.org/10.1016/j.chemosphere.2007.02.020,https://pubmed.ncbi.nlm.nih.gov/17397900,,0,
https://openalex.org/w1996833835,https://doi.org/10.1007/s00216-010-3591-1,https://pubmed.ncbi.nlm.nih.gov/20225052,,0,
https://openalex.org/w2010501749,https://doi.org/10.1016/s0269-7491(01)00100-2,https://pubmed.ncbi.nlm.nih.gov/11706802,,0,
https://openalex.org/w2060502834,https://doi.org/10.1016/0889-5406(90)70084-p,https://pubmed.ncbi.nlm.nih.gov/2137284,044-495-051-370-962,0,
https://openalex.org/w2412081961,,https://pubmed.ncbi.nlm.nih.gov/8700770,,0,
https://openalex.org/w2034287446,https://doi.org/10.1067/mpr.2002.128034,https://pubmed.ncbi.nlm.nih.gov/12426497,,0,
https://openalex.org/w1970178346,https://doi.org/10.1016/j.ecoenv.2008.01.021,https://pubmed.ncbi.nlm.nih.gov/18359083,084-364-880-007-141,0,
https://openalex.org/w2031562856,https://doi.org/10.1039/b9pp00031c,https://pubmed.ncbi.nlm.nih.gov/19862422,,0,
https://openalex.org/w2085280717,https://doi.org/10.1016/j.yhbeh.2010.02.012,https://pubmed.ncbi.nlm.nih.gov/20206181,,1,
https://openalex.org/w1967198143,https://doi.org/10.14219/jada.archive.2011.0272,https://pubmed.ncbi.nlm.nih.gov/21719806,017-582-165-715-558,0,
https://openalex.org/w2039150120,https://doi.org/10.1016/j.jprot.2010.02.020,https://pubmed.ncbi.nlm.nih.gov/20219716,,0,
https://openalex.org/w1979845168,https://doi.org/10.1046/j.1365-2842.2001.00809.x,https://pubmed.ncbi.nlm.nih.gov/11722718,021-467-338-124-811,0,
https://openalex.org/w2123616905,https://doi.org/10.1177/0022034509342556,https://pubmed.ncbi.nlm.nih.gov/19767576,041-125-420-078-899,0,
https://openalex.org/w2088881996,https://doi.org/10.1021/es048932g,https://pubmed.ncbi.nlm.nih.gov/15952375,077-106-771-306-93X,0,
https://openalex.org/w2118411729,https://doi.org/10.1093/toxsci/kfh283,https://pubmed.ncbi.nlm.nih.gov/15456929,063-932-390-986-392,0,
https://openalex.org/w1988693362,https://doi.org/10.1016/0022-3913(85)90062-9,https://pubmed.ncbi.nlm.nih.gov/3156243,,0,
https://openalex.org/w2288335985,https://doi.org/10.5357/koubyou.59.439,https://pubmed.ncbi.nlm.nih.gov/1381741,028-688-705-067-438,0,
https://openalex.org/w2086942480,https://doi.org/10.1016/s0021-9673(02)01459-0,https://pubmed.ncbi.nlm.nih.gov/12613833,,0,
https://openalex.org/w2017329109,https://doi.org/10.1080/10934529.2013.762734,https://pubmed.ncbi.nlm.nih.gov/23485241,004-221-409-311-432,0,
https://openalex.org/w2122052757,https://doi.org/10.1016/j.watres.2004.08.036,https://pubmed.ncbi.nlm.nih.gov/15607169,,0,
https://openalex.org/w2052287190,https://doi.org/10.1289/ehp.01109699,https://pubmed.ncbi.nlm.nih.gov/11485868,047-314-945-353-348,0,
https://openalex.org/w2412958668,,https://pubmed.ncbi.nlm.nih.gov/15810485,,0,
https://openalex.org/w1996244826,https://doi.org/10.4012/dmj.2010-205,https://pubmed.ncbi.nlm.nih.gov/21597208,173-397-789-667-517,0,
https://openalex.org/w2019431704,https://doi.org/10.1289/ehp.120-a122a,https://pubmed.ncbi.nlm.nih.gov/22382401,004-820-788-490-032,0,
https://openalex.org/w2033587232,https://doi.org/10.1021/es049681e,https://pubmed.ncbi.nlm.nih.gov/15597891,064-844-745-546-393,0,
https://openalex.org/w2112268494,https://doi.org/10.1093/mutage/gen066,https://pubmed.ncbi.nlm.nih.gov/19047495,051-353-586-331-142,0,
https://openalex.org/w127291547,,https://pubmed.ncbi.nlm.nih.gov/15080362,,0,
https://openalex.org/w1997608954,https://doi.org/10.1016/j.ejphar.2003.10.056,https://pubmed.ncbi.nlm.nih.gov/14709329,,0,
https://openalex.org/w2030186638,https://doi.org/10.1016/j.chemosphere.2010.07.048,https://pubmed.ncbi.nlm.nih.gov/20713297,,0,
https://openalex.org/w2028545958,https://doi.org/10.1002/jcp.20804,https://pubmed.ncbi.nlm.nih.gov/16972249,105-041-817-877-367,0,
https://openalex.org/w130951307,,https://pubmed.ncbi.nlm.nih.gov/21703073,,0,
https://openalex.org/w2057734021,https://doi.org/10.1016/j.tiv.2009.12.017,https://pubmed.ncbi.nlm.nih.gov/20036730,,0,
https://openalex.org/w2413368624,,https://pubmed.ncbi.nlm.nih.gov/7568681,,0,
https://openalex.org/w2472800439,,https://pubmed.ncbi.nlm.nih.gov/15151339,,0,
https://openalex.org/w2473710807,,https://pubmed.ncbi.nlm.nih.gov/15244012,,0,
https://openalex.org/w2046225068,https://doi.org/10.1021/es0403662,https://pubmed.ncbi.nlm.nih.gov/15597889,003-992-724-774-778,0,
https://openalex.org/w1983847570,https://doi.org/10.1016/s0022-3913(97)70080-5,https://pubmed.ncbi.nlm.nih.gov/9237139,,0,
https://openalex.org/w1965258203,https://doi.org/10.1007/s10856-006-0671-z,https://pubmed.ncbi.nlm.nih.gov/17200823,038-716-175-163-374,0,
https://openalex.org/w2353944027,,https://pubmed.ncbi.nlm.nih.gov/19112893,,0,
https://openalex.org/w2115763257,https://doi.org/10.1016/j.jsbmb.2011.07.005,https://pubmed.ncbi.nlm.nih.gov/21827855,047-342-106-282-006,0,
https://openalex.org/w2072698697,https://doi.org/10.1016/s0960-0760(02)00046-8,https://pubmed.ncbi.nlm.nih.gov/12127041,,0,
https://openalex.org/w2402074219,,https://pubmed.ncbi.nlm.nih.gov/8688647,,0,
https://openalex.org/w2025743717,https://doi.org/10.1007/s11356-009-0234-1,https://pubmed.ncbi.nlm.nih.gov/19730910,,0,
https://openalex.org/w1972583619,https://doi.org/10.1002/jcb.22542,https://pubmed.ncbi.nlm.nih.gov/20432243,027-813-433-221-73X,0,
https://openalex.org/w1998950357,https://doi.org/10.1016/j.aca.2009.11.008,https://pubmed.ncbi.nlm.nih.gov/20103097,,0,
https://openalex.org/w2099506402,https://doi.org/10.1016/j.ajodo.2007.07.028,https://pubmed.ncbi.nlm.nih.gov/19577152,003-868-583-490-940,0,
https://openalex.org/w2159711840,https://doi.org/10.1038/ki.2012.422,https://pubmed.ncbi.nlm.nih.gov/23302717,007-460-451-593-960,0,
https://openalex.org/w2425582375,,https://pubmed.ncbi.nlm.nih.gov/6593900,,0,
https://openalex.org/w2028343111,https://doi.org/10.1289/ehp.7155,https://pubmed.ncbi.nlm.nih.gov/15531440,047-831-593-659-719,0,
https://openalex.org/w2437938627,,https://pubmed.ncbi.nlm.nih.gov/16599093,,0,
https://openalex.org/w2086354751,https://doi.org/10.1016/j.dental.2004.07.001,https://pubmed.ncbi.nlm.nih.gov/15766586,,0,
https://openalex.org/w2418194469,,https://pubmed.ncbi.nlm.nih.gov/10823083,,0,
https://openalex.org/w2029644319,https://doi.org/10.1289/ehp.1205588,https://pubmed.ncbi.nlm.nih.gov/23425943,081-295-410-934-260,0,
https://openalex.org/w55423314,,https://pubmed.ncbi.nlm.nih.gov/21710871,,0,
https://openalex.org/w2406498751,,https://pubmed.ncbi.nlm.nih.gov/12760703,,0,
https://openalex.org/w2114352330,https://doi.org/10.1016/0300-5712(95)90656-3,https://pubmed.ncbi.nlm.nih.gov/7876412,,0,
https://openalex.org/w2059905660,https://doi.org/10.1289/ehp.1104492,https://pubmed.ncbi.nlm.nih.gov/22543054,021-896-779-384-673,0,
https://openalex.org/w2064666330,https://doi.org/10.4012/dmj.12.219,https://pubmed.ncbi.nlm.nih.gov/8004916,107-074-282-289-430,0,
https://openalex.org/w2347469006,https://doi.org/10.1016/j.dental.2009.08.012,https://pubmed.ncbi.nlm.nih.gov/19801168,,0,
https://openalex.org/w2078669797,https://doi.org/10.1038/sj.bdj.4806589,https://pubmed.ncbi.nlm.nih.gov/2973794,,0,
https://openalex.org/w2064984112,https://doi.org/10.1016/0109-5641(94)90058-2,https://pubmed.ncbi.nlm.nih.gov/7498598,,0,
https://openalex.org/w2430790298,,https://pubmed.ncbi.nlm.nih.gov/1304181,,0,
https://openalex.org/w1982573243,https://doi.org/10.1002/(sici)1097-4636(19981215)42:4<604::aid-jbm17>3.0.co;2-g,https://pubmed.ncbi.nlm.nih.gov/9827685,065-884-223-972-953,0,
https://openalex.org/w2413099523,,https://pubmed.ncbi.nlm.nih.gov/1839979,,0,
https://openalex.org/w2062083078,https://doi.org/10.1016/j.dental.2011.06.007,https://pubmed.ncbi.nlm.nih.gov/21783239,,0,
https://openalex.org/w1982710064,https://doi.org/10.1042/0264-6021:3620573,https://pubmed.ncbi.nlm.nih.gov/11879183,001-795-602-823-193,0,
https://openalex.org/w1994134158,https://doi.org/10.1080/15287394.2013.801767,https://pubmed.ncbi.nlm.nih.gov/23862761,120-301-324-619-441,0,
https://openalex.org/w2168449037,https://doi.org/10.2341/10-115-lr,https://pubmed.ncbi.nlm.nih.gov/21488731,059-541-220-185-231,0,
https://openalex.org/w2078269651,https://doi.org/10.1016/j.chroma.2011.10.060,https://pubmed.ncbi.nlm.nih.gov/22104213,,0,
https://openalex.org/w2072477280,https://doi.org/10.1111/j.1471-4159.2005.03275.x,https://pubmed.ncbi.nlm.nih.gov/15992368,031-640-272-828-283,0,
https://openalex.org/w1974091253,https://doi.org/10.1016/j.tiv.2012.05.017,https://pubmed.ncbi.nlm.nih.gov/22692143,,0,
https://openalex.org/w2114010469,,https://pubmed.ncbi.nlm.nih.gov/17909514,,0,
https://openalex.org/w2327758174,https://doi.org/10.1177/074823379801400115,https://pubmed.ncbi.nlm.nih.gov/9460178,023-941-407-729-370,1,
https://openalex.org/w2092766016,https://doi.org/10.1016/j.talanta.2012.07.099,https://pubmed.ncbi.nlm.nih.gov/23141357,,0,
https://openalex.org/w2001465268,https://doi.org/10.1016/s0300-483x(01)00437-1,https://pubmed.ncbi.nlm.nih.gov/11518614,,0,
https://openalex.org/w1994543813,https://doi.org/10.1007/s00216-008-2005-0,https://pubmed.ncbi.nlm.nih.gov/18373283,,0,
https://openalex.org/w2018046272,https://doi.org/10.1016/j.chroma.2003.10.039,https://pubmed.ncbi.nlm.nih.gov/15065774,,0,
https://openalex.org/w2413373418,,https://pubmed.ncbi.nlm.nih.gov/1287593,,0,
https://openalex.org/w2265342839,,https://pubmed.ncbi.nlm.nih.gov/12946074,,0,
https://openalex.org/w2081229341,https://doi.org/10.1289/ehp.1104748,https://pubmed.ncbi.nlm.nih.gov/23124194,079-881-516-077-519,0,
https://openalex.org/w2052016827,https://doi.org/10.5551/jat.4051,https://pubmed.ncbi.nlm.nih.gov/20467186,035-526-781-795-682,0,
https://openalex.org/w1274776542,https://doi.org/10.2741/e279,https://pubmed.ncbi.nlm.nih.gov/21196344,031-329-531-364-937,0,
https://openalex.org/w2108569056,https://doi.org/10.1563/aaid-joi-d-09-00082,https://pubmed.ncbi.nlm.nih.gov/20545544,044-459-276-326-323,0,
https://openalex.org/w2054719538,https://doi.org/10.1016/j.aca.2013.03.037,https://pubmed.ncbi.nlm.nih.gov/23622965,,0,
https://openalex.org/w2005964466,https://doi.org/10.1093/ortho/28.3.237,https://pubmed.ncbi.nlm.nih.gov/11504902,074-016-937-407-274,0,
https://openalex.org/w2012071410,https://doi.org/10.1016/j.bioelechem.2004.08.002,https://pubmed.ncbi.nlm.nih.gov/15713566,,0,
https://openalex.org/w2100044492,https://doi.org/10.1016/j.jdent.2007.09.002,https://pubmed.ncbi.nlm.nih.gov/17931765,,0,
https://openalex.org/w2148551939,https://doi.org/10.1080/004982599238065,https://pubmed.ncbi.nlm.nih.gov/10574681,140-209-386-654-238,0,
https://openalex.org/w2043919086,https://doi.org/10.1016/j.chemosphere.2011.08.035,https://pubmed.ncbi.nlm.nih.gov/21955351,,0,
https://openalex.org/w2405425608,,https://pubmed.ncbi.nlm.nih.gov/18833130,,0,
https://openalex.org/w2069873584,https://doi.org/10.1093/ortho/28.3.207,https://pubmed.ncbi.nlm.nih.gov/11504897,000-407-442-195-947,0,
https://openalex.org/w1983010607,https://doi.org/10.1007/s00244-005-0129-1,https://pubmed.ncbi.nlm.nih.gov/16865605,,0,
https://openalex.org/w2031689782,https://doi.org/10.1016/j.dental.2008.01.006,https://pubmed.ncbi.nlm.nih.gov/18291519,,0,
https://openalex.org/w2060448730,https://doi.org/10.1093/toxsci/55.2.399,https://pubmed.ncbi.nlm.nih.gov/10828273,011-477-095-581-730,1,
https://openalex.org/w2034314855,https://doi.org/10.1016/j.dental.2004.03.007,https://pubmed.ncbi.nlm.nih.gov/15705427,,0,
https://openalex.org/w2140004933,https://doi.org/10.1111/j.1600-0722.2010.00711.x,https://pubmed.ncbi.nlm.nih.gov/20487009,001-125-289-831-88X,0,
https://openalex.org/w1995255583,https://doi.org/10.1111/j.1600-0722.1985.tb01342.x,https://pubmed.ncbi.nlm.nih.gov/2932790,040-032-813-169-370,0,
https://openalex.org/w2410490301,,https://pubmed.ncbi.nlm.nih.gov/2943546,,0,
https://openalex.org/w2084331060,https://doi.org/10.1177/00220345850640021001,https://pubmed.ncbi.nlm.nih.gov/3156162,081-980-332-152-049,0,
https://openalex.org/w2009758715,https://doi.org/10.1289/ehp.1104052,https://pubmed.ncbi.nlm.nih.gov/22398195,005-464-176-613-407,0,
https://openalex.org/w2171144084,https://doi.org/10.1177/00220345010800090301,https://pubmed.ncbi.nlm.nih.gov/11926234,011-086-087-121-920,0,
https://openalex.org/w2166385640,https://doi.org/10.1124/dmd.104.001537,https://pubmed.ncbi.nlm.nih.gov/15466492,,0,
https://openalex.org/w1997664391,https://doi.org/10.1007/s00784-011-0525-z,https://pubmed.ncbi.nlm.nih.gov/21365459,,0,
https://openalex.org/w2081579346,https://doi.org/10.4103/0970-9290.42965,https://pubmed.ncbi.nlm.nih.gov/18797109,007-725-761-077-268,0,
https://openalex.org/w2133413346,https://doi.org/10.1016/0300-5712(81)90088-9,https://pubmed.ncbi.nlm.nih.gov/6457064,,0,
https://openalex.org/w2108641017,https://doi.org/10.1016/j.jdent.2011.08.002,https://pubmed.ncbi.nlm.nih.gov/21856367,,0,
https://openalex.org/w2394974869,,https://pubmed.ncbi.nlm.nih.gov/2534781,,0,
https://openalex.org/w125826646,,https://pubmed.ncbi.nlm.nih.gov/6217452,,0,
https://openalex.org/w2068872897,https://doi.org/10.17796/jcpd.31.1.h2617641215h1101,https://pubmed.ncbi.nlm.nih.gov/17091651,057-215-556-766-375,0,
https://openalex.org/w2041402575,https://doi.org/10.1016/j.ecoenv.2005.07.020,https://pubmed.ncbi.nlm.nih.gov/16169080,006-647-395-718-282,0,
https://openalex.org/w1981903933,https://doi.org/10.1111/j.1834-7819.1992.tb05899.x,https://pubmed.ncbi.nlm.nih.gov/1476494,032-789-584-753-294,0,
https://openalex.org/w2036301901,https://doi.org/10.1007/s00128-010-9958-3,https://pubmed.ncbi.nlm.nih.gov/20352188,,0,
https://openalex.org/w1964155369,https://doi.org/10.1507/endocrj.k06-032,https://pubmed.ncbi.nlm.nih.gov/16829708,041-334-608-705-867,0,
https://openalex.org/w2103260955,https://doi.org/10.1093/humrep/der249,https://pubmed.ncbi.nlm.nih.gov/21795248,032-876-739-269-284,0,
https://openalex.org/w2008214705,https://doi.org/10.1063/1.2952502,https://pubmed.ncbi.nlm.nih.gov/18681720,016-190-637-433-753,0,
https://openalex.org/w2059643143,https://doi.org/10.1006/jmre.1997.1222,https://pubmed.ncbi.nlm.nih.gov/9356276,096-225-739-570-504,0,
https://openalex.org/w2164625482,https://doi.org/10.1002/rcm.4997,https://pubmed.ncbi.nlm.nih.gov/21488128,013-724-373-140-782,0,
https://openalex.org/w2146050413,https://doi.org/10.2341/05-85,https://pubmed.ncbi.nlm.nih.gov/16924991,043-600-117-037-843,0,
https://openalex.org/w2065317780,https://doi.org/10.1007/bf02976676,https://pubmed.ncbi.nlm.nih.gov/14560915,,0,
https://openalex.org/w2397787191,,https://pubmed.ncbi.nlm.nih.gov/12216567,,0,
https://openalex.org/w2031208832,https://doi.org/10.1002/jbt.10089,https://pubmed.ncbi.nlm.nih.gov/14595849,042-456-827-254-578,0,
https://openalex.org/w2102109865,https://doi.org/10.1016/j.ecoenv.2009.02.004,https://pubmed.ncbi.nlm.nih.gov/19303142,031-251-561-960-302,0,
https://openalex.org/w2056126559,https://doi.org/10.1016/j.ecoenv.2012.09.016,https://pubmed.ncbi.nlm.nih.gov/23062560,050-231-601-413-858,0,
https://openalex.org/w2139343778,https://doi.org/10.1111/j.1708-8240.1992.tb00720.x,https://pubmed.ncbi.nlm.nih.gov/1298327,020-195-873-272-901,0,
https://openalex.org/w2089423684,https://doi.org/10.1007/s00244-005-1043-2,https://pubmed.ncbi.nlm.nih.gov/16435088,,0,
https://openalex.org/w2007877110,https://doi.org/10.1007/s00253-006-0632-y,https://pubmed.ncbi.nlm.nih.gov/17021871,007-773-844-617-22X,0,
https://openalex.org/w20669974,,https://pubmed.ncbi.nlm.nih.gov/1819355,,0,
https://openalex.org/w2015246258,https://doi.org/10.3109/00016358709098366,https://pubmed.ncbi.nlm.nih.gov/2955632,016-570-955-471-047,0,
https://openalex.org/w2418684729,https://doi.org/10.1093/jaoac/91.3.622,https://pubmed.ncbi.nlm.nih.gov/18567309,145-812-266-824-86X,0,
https://openalex.org/w1991202252,https://doi.org/10.1016/j.dental.2003.07.002,https://pubmed.ncbi.nlm.nih.gov/15081552,,0,
https://openalex.org/w1999984894,https://doi.org/10.1080/01926230490463812,https://pubmed.ncbi.nlm.nih.gov/15503665,028-767-127-663-419,0,
https://openalex.org/w2412009766,https://doi.org/10.3290/j.jad.a22192,https://pubmed.ncbi.nlm.nih.gov/22043472,,0,
https://openalex.org/w2068090454,https://doi.org/10.1067/mod.2001.113269,https://pubmed.ncbi.nlm.nih.gov/11395706,078-154-767-588-762,0,
https://openalex.org/w2029013311,https://doi.org/10.1289/ehp.119-a177a,https://pubmed.ncbi.nlm.nih.gov/21459706,001-905-520-792-025,0,
https://openalex.org/w2072808674,https://doi.org/10.1016/j.prosdent.2005.11.014,https://pubmed.ncbi.nlm.nih.gov/16473085,,0,
https://openalex.org/w2044062897,https://doi.org/10.1038/sj.bdj.4808887,https://pubmed.ncbi.nlm.nih.gov/7577173,,0,
https://openalex.org/w2316323046,https://doi.org/10.4012/dmj.13.251,https://pubmed.ncbi.nlm.nih.gov/7758286,114-568-517-459-849,0,
https://openalex.org/w2028945995,https://doi.org/10.1211/0022357011777927,https://pubmed.ncbi.nlm.nih.gov/11732758,102-806-547-930-318,0,
https://openalex.org/w2041158600,https://doi.org/10.1016/j.cbpc.2007.09.005,https://pubmed.ncbi.nlm.nih.gov/17950039,,0,
https://openalex.org/w2095143722,https://doi.org/10.1016/s0015-0282(03)00360-1,https://pubmed.ncbi.nlm.nih.gov/12798904,,0,
https://openalex.org/w2029283597,https://doi.org/10.1016/0300-5712(90)90059-n,https://pubmed.ncbi.nlm.nih.gov/2205638,,0,
https://openalex.org/w2108116137,https://doi.org/10.1186/1476-069x-9-62,https://pubmed.ncbi.nlm.nih.gov/20955576,093-216-127-721-371,0,
https://openalex.org/w2094071196,https://doi.org/10.1289/ehp.1206093,https://pubmed.ncbi.nlm.nih.gov/23458838,120-902-746-482-565,0,
https://openalex.org/w2086141383,https://doi.org/10.1111/j.1365-2842.1992.tb01590.x,https://pubmed.ncbi.nlm.nih.gov/1533871,046-765-396-992-345,0,
https://openalex.org/w2078680471,https://doi.org/10.1007/s001280097,https://pubmed.ncbi.nlm.nih.gov/11381319,,0,
https://openalex.org/w2130726315,https://doi.org/10.2341/12-085-l,https://pubmed.ncbi.nlm.nih.gov/23327231,195-711-699-435-596,0,
https://openalex.org/w2419416738,,https://pubmed.ncbi.nlm.nih.gov/11203774,,0,
https://openalex.org/w2403639046,,https://pubmed.ncbi.nlm.nih.gov/10693339,,0,
https://openalex.org/w2090677716,https://doi.org/10.1016/s0889-5406(96)70124-5,https://pubmed.ncbi.nlm.nih.gov/8638584,010-521-946-578-097,0,
https://openalex.org/w1982099654,https://doi.org/10.1002/etc.5620200210,https://pubmed.ncbi.nlm.nih.gov/11351429,036-243-358-037-485,0,
https://openalex.org/w2409974935,,https://pubmed.ncbi.nlm.nih.gov/16382590,,0,
https://openalex.org/w2037508604,https://doi.org/10.1021/jf802781t,https://pubmed.ncbi.nlm.nih.gov/19102649,034-822-776-431-139,0,
https://openalex.org/w2415946257,,https://pubmed.ncbi.nlm.nih.gov/8397692,,0,
https://openalex.org/w2097110709,https://doi.org/10.1128/aem.66.6.2372-2377.2000,https://pubmed.ncbi.nlm.nih.gov/10831413,061-077-754-242-89X,0,
https://openalex.org/w2013783788,https://doi.org/10.1016/s0890-6238(03)00002-9,https://pubmed.ncbi.nlm.nih.gov/12759096,,1,
https://openalex.org/w2004847080,https://doi.org/10.1016/j.aquatox.2012.03.020,https://pubmed.ncbi.nlm.nih.gov/22673404,,0,
https://openalex.org/w1895052110,https://doi.org/10.1002/jssc.201201060,https://pubmed.ncbi.nlm.nih.gov/23471677,101-980-979-396-611,0,
https://openalex.org/w1994036926,https://doi.org/10.1289/ehp.9910763,https://pubmed.ncbi.nlm.nih.gov/9872718,137-040-446-822-362,0,
https://openalex.org/w2016317599,https://doi.org/10.1111/j.1600-0722.2007.00452.x,https://pubmed.ncbi.nlm.nih.gov/17587300,051-173-824-531-409,0,
https://openalex.org/w2071377398,https://doi.org/10.1002/elps.200900715,https://pubmed.ncbi.nlm.nih.gov/20593405,102-839-304-236-971,0,
https://openalex.org/w2034989451,https://doi.org/10.1159/000016488,https://pubmed.ncbi.nlm.nih.gov/9745121,150-764-714-589-558,0,
https://openalex.org/w1979513393,https://doi.org/10.1080/026520399283740,https://pubmed.ncbi.nlm.nih.gov/10755137,025-625-241-223-924,0,
https://openalex.org/w2062115282,https://doi.org/10.1016/j.aquatox.2009.02.006,https://pubmed.ncbi.nlm.nih.gov/19307032,082-887-491-052-731,0,
https://openalex.org/w2009383576,https://doi.org/10.2341/05-119,https://pubmed.ncbi.nlm.nih.gov/17024939,004-145-342-913-022,0,
https://openalex.org/w2187778348,https://doi.org/10.5005/jp-journals-10024-1173,https://pubmed.ncbi.nlm.nih.gov/23151697,039-889-473-113-035,0,
https://openalex.org/w2411142993,,https://pubmed.ncbi.nlm.nih.gov/10388370,,0,
https://openalex.org/w2413851530,https://doi.org/10.1016/0109-5641(94)90040-x,https://pubmed.ncbi.nlm.nih.gov/7498593,,0,
https://openalex.org/w1976923540,https://doi.org/10.1016/j.chemosphere.2003.11.065,https://pubmed.ncbi.nlm.nih.gov/15041290,,0,
https://openalex.org/w2401703968,,https://pubmed.ncbi.nlm.nih.gov/6236035,,0,
https://openalex.org/w2070913769,https://doi.org/10.1016/s0099-2399(06)81294-x,https://pubmed.ncbi.nlm.nih.gov/8360596,,0,
https://openalex.org/w1973655770,https://doi.org/10.1159/000333561,https://pubmed.ncbi.nlm.nih.gov/22156663,004-213-381-480-102,0,
https://openalex.org/w2011034150,https://doi.org/10.1016/j.tiv.2010.03.006,https://pubmed.ncbi.nlm.nih.gov/20304042,,0,
https://openalex.org/w2075566715,https://doi.org/10.1016/j.cbpc.2009.05.004,https://pubmed.ncbi.nlm.nih.gov/19460461,035-702-113-704-327,0,
https://openalex.org/w40984290,,https://pubmed.ncbi.nlm.nih.gov/8700762,,0,
https://openalex.org/w1994796727,https://doi.org/10.1159/000080663,https://pubmed.ncbi.nlm.nih.gov/15345905,053-036-783-156-391,0,
https://openalex.org/w2124069928,https://doi.org/10.1046/j.1365-2842.2001.00609.x,https://pubmed.ncbi.nlm.nih.gov/11298912,038-215-797-280-852,0,
https://openalex.org/w2037626821,https://doi.org/10.1111/j.1365-2842.1995.tb00236.x,https://pubmed.ncbi.nlm.nih.gov/9217299,063-084-304-922-116,0,
https://openalex.org/w2106116364,https://doi.org/10.1016/j.dental.2011.06.003,https://pubmed.ncbi.nlm.nih.gov/21774976,,0,
https://openalex.org/w2158539372,https://doi.org/10.1016/j.dental.2010.02.010,https://pubmed.ncbi.nlm.nih.gov/20304479,,0,
https://openalex.org/w2100140007,https://doi.org/10.1038/nature08099,https://pubmed.ncbi.nlm.nih.gov/19516257,048-399-794-898-579,0,
https://openalex.org/w2415428930,,https://pubmed.ncbi.nlm.nih.gov/15002957,,0,
https://openalex.org/w2170725098,https://doi.org/10.1034/j.1600-9657.2000.016004151.x,https://pubmed.ncbi.nlm.nih.gov/11202874,151-772-481-727-919,0,
https://openalex.org/w2083905368,https://doi.org/10.1097/01.don.0000164853.92310.e7,https://pubmed.ncbi.nlm.nih.gov/16306825,,0,
https://openalex.org/w2005025122,https://doi.org/10.1371/journal.pone.0053367,https://pubmed.ncbi.nlm.nih.gov/23326419,036-602-814-502-507,0,
https://openalex.org/w2085628179,https://doi.org/10.1016/j.ecoenv.2012.02.029,https://pubmed.ncbi.nlm.nih.gov/22417675,128-534-159-716-376,0,
https://openalex.org/w2399812828,,https://pubmed.ncbi.nlm.nih.gov/15119581,,0,
https://openalex.org/w2065956796,https://doi.org/10.1191/0960327106ht638oa,https://pubmed.ncbi.nlm.nih.gov/16898165,069-328-778-936-874,0,
https://openalex.org/w1995645533,https://doi.org/10.3174/ajnr.a3156,https://pubmed.ncbi.nlm.nih.gov/22743641,012-632-955-545-849,0,
https://openalex.org/w2416092655,,https://pubmed.ncbi.nlm.nih.gov/6233203,,0,
https://openalex.org/w2061609358,https://doi.org/10.1016/j.rbmo.2012.08.008,https://pubmed.ncbi.nlm.nih.gov/23063817,,0,
https://openalex.org/w2427227047,,https://pubmed.ncbi.nlm.nih.gov/9635312,,0,
https://openalex.org/w2147604190,https://doi.org/10.1002/jbm.820210306,https://pubmed.ncbi.nlm.nih.gov/2951387,018-922-715-111-893,0,
https://openalex.org/w2414912086,,https://pubmed.ncbi.nlm.nih.gov/18254567,,0,
https://openalex.org/w2353088203,,https://pubmed.ncbi.nlm.nih.gov/18844165,,0,
https://openalex.org/w106442521,,https://pubmed.ncbi.nlm.nih.gov/20927415,,0,
https://openalex.org/w2093018800,https://doi.org/10.1016/j.etap.2004.05.009,https://pubmed.ncbi.nlm.nih.gov/21783468,,0,
https://openalex.org/w2427357998,,https://pubmed.ncbi.nlm.nih.gov/15699971,,0,
https://openalex.org/w4708452,,https://pubmed.ncbi.nlm.nih.gov/21613037,,0,
https://openalex.org/w2114780872,https://doi.org/10.1177/0883911506064476,https://pubmed.ncbi.nlm.nih.gov/18688290,051-579-265-941-363,0,
https://openalex.org/w2398665099,,https://pubmed.ncbi.nlm.nih.gov/1832943,,0,
https://openalex.org/w2099168314,https://doi.org/10.1111/j.1708-8240.2005.tb00090.x,https://pubmed.ncbi.nlm.nih.gov/16036124,014-791-562-052-163,0,
https://openalex.org/w2050035651,https://doi.org/10.1016/j.chroma.2012.08.033,https://pubmed.ncbi.nlm.nih.gov/22947482,,0,
https://openalex.org/w2413252770,,https://pubmed.ncbi.nlm.nih.gov/7568761,,0,
https://openalex.org/w2054211543,https://doi.org/10.4012/dmj.28.96,https://pubmed.ncbi.nlm.nih.gov/19280974,026-368-048-967-296,0,
https://openalex.org/w2030070754,https://doi.org/10.1016/j.watres.2004.08.007,https://pubmed.ncbi.nlm.nih.gov/15556224,,0,
https://openalex.org/w102201848,,https://pubmed.ncbi.nlm.nih.gov/11806477,,0,
https://openalex.org/w2399252524,,https://pubmed.ncbi.nlm.nih.gov/6238985,,0,
https://openalex.org/w2171604422,https://doi.org/10.1016/j.bios.2004.04.006,https://pubmed.ncbi.nlm.nih.gov/15522589,,0,
https://openalex.org/w2138821683,https://doi.org/10.1002/bit.260420704,https://pubmed.ncbi.nlm.nih.gov/18613127,110-836-159-017-268,0,
https://openalex.org/w2010909112,https://doi.org/10.1016/0022-3913(88)90067-4,https://pubmed.ncbi.nlm.nih.gov/2968450,,0,
https://openalex.org/w2051741762,https://doi.org/10.1016/j.ultras.2006.05.062,https://pubmed.ncbi.nlm.nih.gov/16806361,,0,
https://openalex.org/w2075479321,https://doi.org/10.1016/j.scitotenv.2012.06.097,https://pubmed.ncbi.nlm.nih.gov/22832088,,0,
https://openalex.org/w2417641489,,https://pubmed.ncbi.nlm.nih.gov/23808741,,0,
https://openalex.org/w2029238883,https://doi.org/10.1016/j.jhazmat.2006.05.074,https://pubmed.ncbi.nlm.nih.gov/16828969,,0,
https://openalex.org/w2154410429,https://doi.org/10.1095/biolreprod.112.101899,https://pubmed.ncbi.nlm.nih.gov/22743301,032-465-606-300-130,0,
https://openalex.org/w2129076553,https://doi.org/10.1897/05-586r1.1,https://pubmed.ncbi.nlm.nih.gov/17022424,030-942-742-784-260,0,
https://openalex.org/w2005416541,https://doi.org/10.1016/j.jcis.2009.11.018,https://pubmed.ncbi.nlm.nih.gov/20003984,,0,
https://openalex.org/w1964537575,https://doi.org/10.1016/j.jchromb.2010.02.008,https://pubmed.ncbi.nlm.nih.gov/20202916,,0,
https://openalex.org/w1509521009,https://doi.org/10.1590/s1678-77572012000100015,https://pubmed.ncbi.nlm.nih.gov/22437683,136-066-619-911-048,0,
https://openalex.org/w2036238144,https://doi.org/10.1163/156856203768366558,https://pubmed.ncbi.nlm.nih.gov/14533861,110-695-339-905-581,0,
https://openalex.org/w2102908556,https://doi.org/10.2319/111911-716.1,https://pubmed.ncbi.nlm.nih.gov/22390632,053-256-314-507-288,0,
https://openalex.org/w2317160419,https://doi.org/10.4012/dmj.13.214,https://pubmed.ncbi.nlm.nih.gov/7758282,035-437-518-273-874,0,
https://openalex.org/w2085509575,https://doi.org/10.1080/10473289.2001.10464292,https://pubmed.ncbi.nlm.nih.gov/11321907,077-385-655-910-181,0,
https://openalex.org/w2405055916,,https://pubmed.ncbi.nlm.nih.gov/8190883,,0,
https://openalex.org/w2082342300,https://doi.org/10.1371/journal.pone.0044754,https://pubmed.ncbi.nlm.nih.gov/23024759,034-283-296-773-05X,0,
https://openalex.org/w42405002,https://doi.org/10.1016/j.reprotox.2009.11.007,https://pubmed.ncbi.nlm.nih.gov/19931376,,0,
https://openalex.org/w2014642551,https://doi.org/10.1016/s0099-2399(06)80458-9,https://pubmed.ncbi.nlm.nih.gov/8228748,,0,
https://openalex.org/w2994494915,,https://pubmed.ncbi.nlm.nih.gov/9584700,,0,
https://openalex.org/w2031104148,https://doi.org/10.1016/j.bmcl.2007.07.007,https://pubmed.ncbi.nlm.nih.gov/17646101,,0,
https://openalex.org/w2053772951,https://doi.org/10.4012/dmj.26.122,https://pubmed.ncbi.nlm.nih.gov/17410902,039-990-532-505-722,0,
https://openalex.org/w1981454226,https://doi.org/10.1262/jrd.49.539,https://pubmed.ncbi.nlm.nih.gov/14967906,029-969-797-904-332,0,
https://openalex.org/w91210560,,https://pubmed.ncbi.nlm.nih.gov/20718209,,0,
https://openalex.org/w2410239103,https://doi.org/10.3290/j.jad.a17857,https://pubmed.ncbi.nlm.nih.gov/20157647,,0,
https://openalex.org/w2416028673,,https://pubmed.ncbi.nlm.nih.gov/15986956,,0,
https://openalex.org/w2071480044,https://doi.org/10.1371/journal.pone.0065399,https://pubmed.ncbi.nlm.nih.gov/23776476,002-085-706-368-607,0,
https://openalex.org/w2025184852,https://doi.org/10.1016/0889-5406(86)90039-9,https://pubmed.ncbi.nlm.nih.gov/2943154,022-018-592-864-033,0,
https://openalex.org/w2405886009,,https://pubmed.ncbi.nlm.nih.gov/2534731,,0,
https://openalex.org/w1979443612,https://doi.org/10.1080/15287390252808064,https://pubmed.ncbi.nlm.nih.gov/11936220,014-776-170-168-962,0,
https://openalex.org/w2128676243,https://doi.org/10.1093/toxsci/kfi074,https://pubmed.ncbi.nlm.nih.gov/15635150,123-454-564-653-194,0,
https://openalex.org/w64946079,https://doi.org/10.3290/j.jad.a22765,https://pubmed.ncbi.nlm.nih.gov/22282760,,0,
https://openalex.org/w2117791251,https://doi.org/10.3892/or_00000614,https://pubmed.ncbi.nlm.nih.gov/19956873,067-119-668-761-184,0,
https://openalex.org/w2067087453,https://doi.org/10.1289/ehp.0900983,https://pubmed.ncbi.nlm.nih.gov/19672381,031-601-724-416-211,0,
https://openalex.org/w2162615578,https://doi.org/10.1016/j.fct.2012.07.059,https://pubmed.ncbi.nlm.nih.gov/22889897,,0,
https://openalex.org/w2068580696,https://doi.org/10.1007/s11356-012-1262-9,https://pubmed.ncbi.nlm.nih.gov/23097074,,0,
https://openalex.org/w4300535739,,https://pubmed.ncbi.nlm.nih.gov/11529120,,0,
https://openalex.org/w1992798629,https://doi.org/10.1034/j.1398-9995.2002.13118.x,https://pubmed.ncbi.nlm.nih.gov/12464052,057-900-448-148-014,0,
https://openalex.org/w2439529070,,https://pubmed.ncbi.nlm.nih.gov/6444841,,0,
https://openalex.org/w2036403246,https://doi.org/10.1210/en.2013-1370,https://pubmed.ncbi.nlm.nih.gov/23687111,001-863-474-611-015,0,
https://openalex.org/w2061512514,https://doi.org/10.4012/dmj.21.383,https://pubmed.ncbi.nlm.nih.gov/12608427,000-687-686-872-704,0,
https://openalex.org/w2074728134,https://doi.org/10.1016/j.jdent.2009.12.008,https://pubmed.ncbi.nlm.nih.gov/20060432,,0,
https://openalex.org/w2150621790,https://doi.org/10.1093/carcin/bgn138,https://pubmed.ncbi.nlm.nih.gov/18544561,054-396-480-308-701,0,
https://openalex.org/w2103223947,https://doi.org/10.1016/j.dental.2005.01.015,https://pubmed.ncbi.nlm.nih.gov/16005507,,0,
https://openalex.org/w2047202959,https://doi.org/10.1016/s0006-291x(03)01524-9,https://pubmed.ncbi.nlm.nih.gov/12943655,,0,
https://openalex.org/w130676971,,https://pubmed.ncbi.nlm.nih.gov/11203852,,0,
https://openalex.org/w2067285706,https://doi.org/10.1016/j.bmc.2004.11.056,https://pubmed.ncbi.nlm.nih.gov/15670912,,0,
https://openalex.org/w2002852711,https://doi.org/10.1016/s0190-9622(98)70553-5,https://pubmed.ncbi.nlm.nih.gov/9448220,,0,
https://openalex.org/w1987711060,https://doi.org/10.1080/0049825042000196767,https://pubmed.ncbi.nlm.nih.gov/15204698,009-244-332-005-691,0,
https://openalex.org/w2109126821,https://doi.org/,https://pubmed.ncbi.nlm.nih.gov/18780953,,0,
https://openalex.org/w1977324400,https://doi.org/10.2341/07-47,https://pubmed.ncbi.nlm.nih.gov/18335739,044-601-327-925-532,0,
https://openalex.org/w2060673019,https://doi.org/10.1177/1753425908102014,https://pubmed.ncbi.nlm.nih.gov/19474210,107-340-548-668-50X,0,
https://openalex.org/w2022183222,https://doi.org/10.1016/0300-5712(93)90150-o,https://pubmed.ncbi.nlm.nih.gov/8473596,,0,
https://openalex.org/w1667935932,https://doi.org/10.3290/j.jad.a22713,https://pubmed.ncbi.nlm.nih.gov/22282754,,0,
https://openalex.org/w1996354724,https://doi.org/10.1046/j.1439-0272.2000.00395.x,https://pubmed.ncbi.nlm.nih.gov/11021519,084-971-924-203-131,0,
https://openalex.org/w2052657670,https://doi.org/10.1016/j.reprotox.2012.01.004,https://pubmed.ncbi.nlm.nih.gov/22285353,,0,
https://openalex.org/w2112060149,https://doi.org/10.1177/00220345880670020601,https://pubmed.ncbi.nlm.nih.gov/11039058,029-356-697-997-357,0,
https://openalex.org/w2102425035,https://doi.org/10.1016/j.carres.2008.06.018,https://pubmed.ncbi.nlm.nih.gov/18653172,,0,
https://openalex.org/w1979326240,https://doi.org/10.1016/j.phytochem.2004.02.027,https://pubmed.ncbi.nlm.nih.gov/15231411,,0,
https://openalex.org/w1486407481,,https://pubmed.ncbi.nlm.nih.gov/12937802,,0,
https://openalex.org/w2002781502,https://doi.org/10.1063/1.2737043,https://pubmed.ncbi.nlm.nih.gov/17581079,010-530-749-135-11X,0,
https://openalex.org/w2062520652,https://doi.org/10.1080/15287394.2013.824395,https://pubmed.ncbi.nlm.nih.gov/24053363,154-439-182-848-462,0,
https://openalex.org/w2396493074,,https://pubmed.ncbi.nlm.nih.gov/2534677,,0,
https://openalex.org/w1530984793,https://doi.org/10.2166/wst.2004.0340,https://pubmed.ncbi.nlm.nih.gov/15497860,111-667-755-477-318,0,
https://openalex.org/w2030142957,https://doi.org/10.1039/c3cc42002g,https://pubmed.ncbi.nlm.nih.gov/23715408,098-011-249-687-469,0,
https://openalex.org/w2142650423,https://doi.org/10.1016/s0109-5641(00)00019-1,https://pubmed.ncbi.nlm.nih.gov/10831784,,0,
https://openalex.org/w1991299939,https://doi.org/10.1016/j.tox.2005.05.001,https://pubmed.ncbi.nlm.nih.gov/15951094,,0,
https://openalex.org/w2093954615,https://doi.org/10.1021/ja074761e,https://pubmed.ncbi.nlm.nih.gov/17929925,001-127-555-338-73X,0,
https://openalex.org/w2169862558,https://doi.org/10.1093/ejo/20.2.195,https://pubmed.ncbi.nlm.nih.gov/9633173,006-996-311-163-589,0,
https://openalex.org/w2146542085,https://doi.org/10.1146/annurev.publhealth.012809.103714,https://pubmed.ncbi.nlm.nih.gov/20070188,073-867-048-091-088,0,
https://openalex.org/w2151444856,https://doi.org/10.2174/1874838400902010045,https://pubmed.ncbi.nlm.nih.gov/20622976,014-333-637-085-640,0,
https://openalex.org/w1977679663,https://doi.org/10.1358/mf.2001.23.7.662127,https://pubmed.ncbi.nlm.nih.gov/11771854,031-470-932-861-89X,0,
https://openalex.org/w2085192148,https://doi.org/10.1016/j.lfs.2003.07.060,https://pubmed.ncbi.nlm.nih.gov/15051418,,0,
https://openalex.org/w2088106400,https://doi.org/10.4012/dmj.21.285,https://pubmed.ncbi.nlm.nih.gov/12608418,022-391-527-905-201,0,
https://openalex.org/w2467011319,,https://pubmed.ncbi.nlm.nih.gov/2535151,,0,
https://openalex.org/w1976941043,https://doi.org/10.1016/j.chroma.2012.06.079,https://pubmed.ncbi.nlm.nih.gov/22794796,,0,
https://openalex.org/w2139281527,https://doi.org/10.1067/mpr.2001.116775,https://pubmed.ncbi.nlm.nih.gov/11725276,,0,
https://openalex.org/w2321022773,https://doi.org/10.1166/jnn.2011.3401,https://pubmed.ncbi.nlm.nih.gov/21456203,023-731-642-327-851,0,
https://openalex.org/w2013326544,https://doi.org/10.1016/j.jdent.2005.02.007,https://pubmed.ncbi.nlm.nih.gov/16199285,,0,
https://openalex.org/w2087416213,https://doi.org/10.1016/j.jcis.2007.09.016,https://pubmed.ncbi.nlm.nih.gov/17904151,,0,
https://openalex.org/w2049227208,https://doi.org/10.1080/02652030802368740,https://pubmed.ncbi.nlm.nih.gov/19680898,011-419-376-894-965,0,
https://openalex.org/w2086422581,https://doi.org/10.1016/j.steroids.2006.11.002,https://pubmed.ncbi.nlm.nih.gov/17174995,045-730-837-329-527,0,
https://openalex.org/w1748541752,,https://pubmed.ncbi.nlm.nih.gov/9569793,,0,
https://openalex.org/w2433078204,,https://pubmed.ncbi.nlm.nih.gov/8634160,,0,
https://openalex.org/w2003551375,https://doi.org/10.1530/joe-12-0219,https://pubmed.ncbi.nlm.nih.gov/22946080,030-113-913-534-509,0,
https://openalex.org/w2004105911,https://doi.org/10.1177/00220345930720030101,https://pubmed.ncbi.nlm.nih.gov/8450114,107-173-044-969-629,0,
https://openalex.org/w2435398351,,https://pubmed.ncbi.nlm.nih.gov/12170846,,0,
https://openalex.org/w2002282900,https://doi.org/10.1016/j.chroma.2003.12.050,https://pubmed.ncbi.nlm.nih.gov/15032347,,0,
https://openalex.org/w1998226753,https://doi.org/10.1177/00220345930720051801,https://pubmed.ncbi.nlm.nih.gov/8501294,071-286-055-237-518,0,
https://openalex.org/w2052537057,https://doi.org/10.1039/c2em10856a,https://pubmed.ncbi.nlm.nih.gov/22421980,004-001-499-401-153,0,
https://openalex.org/w2025893768,https://doi.org/10.3109/00016359209012770,https://pubmed.ncbi.nlm.nih.gov/1387502,055-398-539-128-218,0,
https://openalex.org/w2307079204,,https://pubmed.ncbi.nlm.nih.gov/16594361,,0,
https://openalex.org/w1973847024,https://doi.org/10.1016/s0048-9697(99)80017-5,https://pubmed.ncbi.nlm.nih.gov/10028703,,0,
https://openalex.org/w2419154550,,https://pubmed.ncbi.nlm.nih.gov/14621242,,0,
https://openalex.org/w2003316529,https://doi.org/10.1016/j.ntt.2005.11.004,https://pubmed.ncbi.nlm.nih.gov/16427766,,0,
https://openalex.org/w2001791981,https://doi.org/10.1002/(sici)1097-0215(19980119)75:2<290::aid-ijc19>3.0.co;2-h,https://pubmed.ncbi.nlm.nih.gov/9462721,030-114-082-125-345,0,
https://openalex.org/w2132741869,https://doi.org/10.1016/j.biomaterials.2005.04.039,https://pubmed.ncbi.nlm.nih.gov/15936071,,0,
https://openalex.org/w2034224879,https://doi.org/10.1021/am900830h,https://pubmed.ncbi.nlm.nih.gov/20423128,014-370-864-096-502,0,
https://openalex.org/w2057102522,https://doi.org/10.1016/j.joen.2011.07.009,https://pubmed.ncbi.nlm.nih.gov/22099901,,0,
https://openalex.org/w2057881838,https://doi.org/10.1016/j.jhazmat.2005.10.055,https://pubmed.ncbi.nlm.nih.gov/16343748,,0,
https://openalex.org/w1996604959,https://doi.org/10.1111/j.1745-7254.2006.00259.x,https://pubmed.ncbi.nlm.nih.gov/16412262,068-734-136-580-842,0,
https://openalex.org/w2171323827,https://doi.org/10.1016/s0109-5641(00)00063-4,https://pubmed.ncbi.nlm.nih.gov/11163388,,0,
https://openalex.org/w2171514546,https://doi.org/10.1016/0002-9416(85)90004-1,https://pubmed.ncbi.nlm.nih.gov/3157323,,0,
https://openalex.org/w2129658196,https://doi.org/10.1002/bdra.20149,https://pubmed.ncbi.nlm.nih.gov/15959886,,0,
https://openalex.org/w2136684089,https://doi.org/10.1016/j.scitotenv.2006.10.044,https://pubmed.ncbi.nlm.nih.gov/17196634,,0,
https://openalex.org/w2084665197,https://doi.org/10.1111/j.1750-3841.2009.01172.x,https://pubmed.ncbi.nlm.nih.gov/19646031,004-438-362-230-80X,0,
https://openalex.org/w1998063428,https://doi.org/10.14219/jada.archive.1997.0296,https://pubmed.ncbi.nlm.nih.gov/9188230,001-209-192-584-980,0,
https://openalex.org/w1993638988,https://doi.org/10.1016/0022-3913(91)90440-8,https://pubmed.ncbi.nlm.nih.gov/1804998,,0,
https://openalex.org/w2183281969,,https://pubmed.ncbi.nlm.nih.gov/12662461,,0,
https://openalex.org/w2074367898,https://doi.org/10.1016/0022-3913(92)90473-n,https://pubmed.ncbi.nlm.nih.gov/1531678,,0,
https://openalex.org/w1998337645,https://doi.org/10.1016/j.taap.2012.12.014,https://pubmed.ncbi.nlm.nih.gov/23274518,,0,
https://openalex.org/w2167560707,https://doi.org/10.1016/j.dental.2011.03.017,https://pubmed.ncbi.nlm.nih.gov/21524789,,0,
https://openalex.org/w1558737405,,https://pubmed.ncbi.nlm.nih.gov/11806483,,0,
https://openalex.org/w1989231338,https://doi.org/10.4161/spmg.1.2.15745,https://pubmed.ncbi.nlm.nih.gov/22319658,041-042-550-122-073,0,
https://openalex.org/w2111468014,https://doi.org/10.1016/s0109-5641(01)00039-2,https://pubmed.ncbi.nlm.nih.gov/11755597,,0,
https://openalex.org/w2026024676,https://doi.org/10.1016/j.dental.2011.11.007,https://pubmed.ncbi.nlm.nih.gov/22136949,,0,
https://openalex.org/w2079191794,https://doi.org/10.1093/jnci/djs237,https://pubmed.ncbi.nlm.nih.gov/22517989,,0,
https://openalex.org/w2400592114,,https://pubmed.ncbi.nlm.nih.gov/1533446,,0,
https://openalex.org/w24925402,,https://pubmed.ncbi.nlm.nih.gov/2932391,,0,
https://openalex.org/w2146787643,https://doi.org/10.1039/c2em30258f,https://pubmed.ncbi.nlm.nih.gov/22695474,051-372-699-588-407,0,
https://openalex.org/w2402704266,,https://pubmed.ncbi.nlm.nih.gov/23082387,,0,
https://openalex.org/w2082156777,https://doi.org/10.1016/j.dental.2006.11.020,https://pubmed.ncbi.nlm.nih.gov/17194473,,0,
https://openalex.org/w1968560633,https://doi.org/10.1002/tcm.10039,https://pubmed.ncbi.nlm.nih.gov/12395404,092-554-118-590-598,0,
https://openalex.org/w2283348581,,https://pubmed.ncbi.nlm.nih.gov/7803010,,0,
https://openalex.org/w156732524,,https://pubmed.ncbi.nlm.nih.gov/10102753,,0,
https://openalex.org/w1972162155,https://doi.org/10.1111/j.1708-8240.1992.tb00719.x,https://pubmed.ncbi.nlm.nih.gov/1298326,055-802-084-441-663,0,
https://openalex.org/w2132837581,https://doi.org/10.1186/1476-069x-9-61,https://pubmed.ncbi.nlm.nih.gov/20950447,054-997-519-102-131,0,
https://openalex.org/w2107613607,https://doi.org/10.1016/s0109-5641(01)00010-0,https://pubmed.ncbi.nlm.nih.gov/11567688,,0,
https://openalex.org/w2025522217,https://doi.org/10.1007/s10565-008-9110-x,https://pubmed.ncbi.nlm.nih.gov/19002763,,0,
https://openalex.org/w2317335641,https://doi.org/10.1179/bjo.16.1.39,https://pubmed.ncbi.nlm.nih.gov/2522317,049-240-063-381-092,0,
https://openalex.org/w2018345361,https://doi.org/10.1007/s007840050101,https://pubmed.ncbi.nlm.nih.gov/10803134,,0,
https://openalex.org/w2075095029,https://doi.org/10.1111/j.1708-8240.2000.tb00205.x,https://pubmed.ncbi.nlm.nih.gov/11326508,000-359-122-595-331,0,
https://openalex.org/w6966153,,https://pubmed.ncbi.nlm.nih.gov/1825914,,0,
https://openalex.org/w2398371753,,https://pubmed.ncbi.nlm.nih.gov/11572288,,0,
https://openalex.org/w2088335608,https://doi.org/10.1016/s1001-0742(08)62444-4,https://pubmed.ncbi.nlm.nih.gov/20108679,026-271-854-105-526,0,
https://openalex.org/w1972762981,https://doi.org/10.1016/j.envres.2011.09.003,https://pubmed.ncbi.nlm.nih.gov/21925656,,0,
https://openalex.org/w1573363608,https://doi.org/10.1038/bjp.2008.21,https://pubmed.ncbi.nlm.nih.gov/18278065,022-534-957-394-048,0,
https://openalex.org/w262445723,,https://pubmed.ncbi.nlm.nih.gov/11763928,,0,
https://openalex.org/w2074596325,https://doi.org/10.1289/ehp.011091091,https://pubmed.ncbi.nlm.nih.gov/11712991,013-525-379-339-686,0,
https://openalex.org/w2132607320,https://doi.org/10.1016/j.dental.2006.12.003,https://pubmed.ncbi.nlm.nih.gov/17316781,022-892-716-829-223,0,
https://openalex.org/w2042346748,https://doi.org/10.14219/jada.archive.1988.0057,https://pubmed.ncbi.nlm.nih.gov/3225375,031-274-090-333-434,0,
https://openalex.org/w2048963089,https://doi.org/10.1016/s0109-5641(03)00101-5,https://pubmed.ncbi.nlm.nih.gov/14698778,,0,
https://openalex.org/w2325960503,https://doi.org/10.1021/am2002229,https://pubmed.ncbi.nlm.nih.gov/21526794,080-805-556-399-265,0,
https://openalex.org/w2024625312,https://doi.org/10.1016/s0300-5712(98)00010-4,https://pubmed.ncbi.nlm.nih.gov/9699443,,0,
https://openalex.org/w2066044181,https://doi.org/10.1016/s0041-0101(98)00223-2,https://pubmed.ncbi.nlm.nih.gov/10340831,,0,
https://openalex.org/w2155377022,https://doi.org/10.17796/jcpd.24.4.hv752511776h5001,https://pubmed.ncbi.nlm.nih.gov/11314417,005-751-158-780-908,0,
https://openalex.org/w2027449068,https://doi.org/10.1016/0022-3913(84)90136-7,https://pubmed.ncbi.nlm.nih.gov/6593458,,0,
https://openalex.org/w1977481376,https://doi.org/10.1016/0022-3913(94)90335-2,https://pubmed.ncbi.nlm.nih.gov/7965895,,0,
https://openalex.org/w2324914447,https://doi.org/10.1166/jnn.2009.j057,https://pubmed.ncbi.nlm.nih.gov/19441298,029-988-266-948-989,0,
https://openalex.org/w2063963458,https://doi.org/10.4012/dmj.25.241,https://pubmed.ncbi.nlm.nih.gov/16916224,041-049-437-131-244,0,
https://openalex.org/w1999726436,https://doi.org/10.1007/s00216-008-1944-9,https://pubmed.ncbi.nlm.nih.gov/18297469,,0,
https://openalex.org/w2006092056,https://doi.org/10.1016/0109-5641(94)90076-0,https://pubmed.ncbi.nlm.nih.gov/7664999,,0,
https://openalex.org/w2129404338,https://doi.org/10.1186/1745-6673-7-7,https://pubmed.ncbi.nlm.nih.gov/22546201,020-847-503-793-68X,0,
https://openalex.org/w761453323,https://doi.org/10.3290/j.jad.a22092,https://pubmed.ncbi.nlm.nih.gov/21935516,,0,
https://openalex.org/w48510117,https://doi.org/10.1016/s0109-5641(00)00087-7,https://pubmed.ncbi.nlm.nih.gov/11356206,,0,
https://openalex.org/w27909996,https://doi.org/10.2310/6620.2008.07051,https://pubmed.ncbi.nlm.nih.gov/18845108,032-614-868-792-610,0,
https://openalex.org/w2418514874,,https://pubmed.ncbi.nlm.nih.gov/11317401,,0,
https://openalex.org/w2036723817,https://doi.org/10.1097/01.brs.0000175183.57733.e5,https://pubmed.ncbi.nlm.nih.gov/16138071,,0,
https://openalex.org/w2057598257,https://doi.org/10.1210/en.2005-1159,https://pubmed.ncbi.nlm.nih.gov/16690810,139-629-020-984-633,0,
https://openalex.org/w2067324467,https://doi.org/10.4103/0970-9290.59428,https://pubmed.ncbi.nlm.nih.gov/20139558,003-174-707-287-594,0,
https://openalex.org/w2070755011,https://doi.org/10.3109/15376511003646689,https://pubmed.ncbi.nlm.nih.gov/20163291,005-413-297-238-287,0,
https://openalex.org/w1988194549,https://doi.org/10.1289/ehp.1002037,https://pubmed.ncbi.nlm.nih.gov/20494855,032-278-520-142-676,0,
https://openalex.org/w1959433505,https://doi.org/10.1111/j.1834-7819.1986.tb01195.x,https://pubmed.ncbi.nlm.nih.gov/2946283,043-010-681-993-81X,0,
https://openalex.org/w2040553200,https://doi.org/10.1111/j.1600-0536.1978.tb03738.x,https://pubmed.ncbi.nlm.nih.gov/668339,015-232-290-847-223,0,
https://openalex.org/w2063881400,https://doi.org/10.1016/j.cbpc.2007.07.004,https://pubmed.ncbi.nlm.nih.gov/17707135,,0,
https://openalex.org/w1986321141,https://doi.org/10.1006/jmre.1999.1784,https://pubmed.ncbi.nlm.nih.gov/10423366,068-165-301-622-990,0,
https://openalex.org/w1978349112,https://doi.org/10.1002/jbm.820231008,https://pubmed.ncbi.nlm.nih.gov/2530234,031-934-359-184-330,0,
https://openalex.org/w2028226002,https://doi.org/10.1016/j.envres.2011.05.018,https://pubmed.ncbi.nlm.nih.gov/21684541,,0,
https://openalex.org/w2006575043,https://doi.org/10.4161/psb.5.8.12295,https://pubmed.ncbi.nlm.nih.gov/20671439,017-361-535-976-589,0,
https://openalex.org/w2113366365,https://doi.org/10.1016/j.dental.2012.09.004,https://pubmed.ncbi.nlm.nih.gov/23018083,,0,
https://openalex.org/w1965388409,https://doi.org/10.1016/s0300-5712(02)00004-0,https://pubmed.ncbi.nlm.nih.gov/12381409,,0,
https://openalex.org/w2091137118,https://doi.org/10.1016/j.ajodo.2008.03.028,https://pubmed.ncbi.nlm.nih.gov/20152682,021-105-492-352-945,0,
https://openalex.org/w1965131841,https://doi.org/10.1016/j.dental.2008.05.005,https://pubmed.ncbi.nlm.nih.gov/18573523,,0,
https://openalex.org/w2041901223,https://doi.org/10.1016/j.neuro.2013.01.001,https://pubmed.ncbi.nlm.nih.gov/23337607,095-349-520-584-870,0,
https://openalex.org/w1780248462,https://doi.org/10.4012/dmj.2012-063,https://pubmed.ncbi.nlm.nih.gov/22864226,033-683-431-697-165,0,
https://openalex.org/w2096050961,https://doi.org/10.1111/j.1834-7819.1989.tb02997.x,https://pubmed.ncbi.nlm.nih.gov/2523216,042-195-413-796-016,0,
https://openalex.org/w1990534124,https://doi.org/10.1016/j.cbpc.2012.11.002,https://pubmed.ncbi.nlm.nih.gov/23174456,,0,
https://openalex.org/w2171087855,https://doi.org/10.2341/06-55,https://pubmed.ncbi.nlm.nih.gov/17427817,008-936-603-984-248,0,
https://openalex.org/w2029444315,https://doi.org/10.1271/bbb.80448,https://pubmed.ncbi.nlm.nih.gov/19060404,010-153-182-235-513,0,
https://openalex.org/w2113451311,https://doi.org/10.1089/thy.2007.0107,https://pubmed.ncbi.nlm.nih.gov/17956155,078-607-205-473-655,0,
https://openalex.org/w2153068635,https://doi.org/10.1093/carcin/bgs379,https://pubmed.ncbi.nlm.nih.gov/23222814,073-108-114-650-865,0,
https://openalex.org/w2162038963,https://doi.org/10.1016/j.dental.2010.02.006,https://pubmed.ncbi.nlm.nih.gov/20226516,,0,
https://openalex.org/w2470947281,,https://pubmed.ncbi.nlm.nih.gov/12729085,,0,
https://openalex.org/w1606298892,https://doi.org/10.1046/j.1365-2842.1998.00308.x,https://pubmed.ncbi.nlm.nih.gov/9802581,092-362-003-228-680,0,
https://openalex.org/w2087551651,https://doi.org/10.2341/06-83,https://pubmed.ncbi.nlm.nih.gov/17555181,064-491-010-640-564,0,
https://openalex.org/w2396659906,https://doi.org/10.1016/s1016-8478(23)10719-9,https://pubmed.ncbi.nlm.nih.gov/17646703,,0,
https://openalex.org/w2091365180,https://doi.org/10.1177/0960327112464796,https://pubmed.ncbi.nlm.nih.gov/23821587,021-093-261-721-787,0,
https://openalex.org/w2417543880,,https://pubmed.ncbi.nlm.nih.gov/16130874,,0,
https://openalex.org/w2059775779,https://doi.org/10.1016/j.tig.2008.09.005,https://pubmed.ncbi.nlm.nih.gov/18977054,,0,
https://openalex.org/w1964288917,https://doi.org/10.1538/expanim.53.391,https://pubmed.ncbi.nlm.nih.gov/15297715,011-745-722-352-127,0,
https://openalex.org/w2223268890,,https://pubmed.ncbi.nlm.nih.gov/21471939,,0,
https://openalex.org/w2051992840,https://doi.org/10.1016/j.talanta.2010.07.052,https://pubmed.ncbi.nlm.nih.gov/20801375,,0,
https://openalex.org/w2411257284,https://doi.org/10.5005/jcdp-11-4-17,https://pubmed.ncbi.nlm.nih.gov/20953560,013-332-484-529-835,0,
https://openalex.org/w2169251214,https://doi.org/10.1074/mcp.m500333-mcp200,https://pubmed.ncbi.nlm.nih.gov/16603574,072-358-803-307-590,0,
https://openalex.org/w2171460793,https://doi.org/10.1002/jmr.2267,https://pubmed.ncbi.nlm.nih.gov/23526776,068-209-131-413-02X,0,
https://openalex.org/w2135854123,https://doi.org/10.1007/s00216-010-3936-9,https://pubmed.ncbi.nlm.nih.gov/20623271,,0,
https://openalex.org/w2411746991,,https://pubmed.ncbi.nlm.nih.gov/15088728,,0,
https://openalex.org/w2418366281,,https://pubmed.ncbi.nlm.nih.gov/17486182,,0,
https://openalex.org/w2131364534,https://doi.org/10.2341/05-139,https://pubmed.ncbi.nlm.nih.gov/17153979,065-619-050-965-263,0,
https://openalex.org/w2418553573,,https://pubmed.ncbi.nlm.nih.gov/2960498,,0,
https://openalex.org/w2022912857,https://doi.org/10.1016/j.jaci.2012.05.006,https://pubmed.ncbi.nlm.nih.gov/22704536,060-508-754-173-711,0,
https://openalex.org/w2141509904,https://doi.org/10.3109/00016357.2011.572561,https://pubmed.ncbi.nlm.nih.gov/21524172,107-925-778-682-060,0,
https://openalex.org/w1967640260,https://doi.org/10.1016/j.jneuroim.2006.05.013,https://pubmed.ncbi.nlm.nih.gov/16844232,,0,
https://openalex.org/w2050928093,https://doi.org/10.1016/j.dental.2011.08.593,https://pubmed.ncbi.nlm.nih.gov/21955518,,0,
https://openalex.org/w2061600152,https://doi.org/10.1016/j.lfs.2007.11.033,https://pubmed.ncbi.nlm.nih.gov/18272184,,0,
https://openalex.org/w2099583685,https://doi.org/10.1002/1097-4636(200105)55:2<164::aid-jbm1003>3.0.co;2-1,https://pubmed.ncbi.nlm.nih.gov/11255168,025-722-909-262-056,0,
https://openalex.org/w2013052053,https://doi.org/10.14219/jada.archive.2010.0166,https://pubmed.ncbi.nlm.nih.gov/20194388,118-152-392-152-590,0,
https://openalex.org/w2397415691,,https://pubmed.ncbi.nlm.nih.gov/7590152,,0,
https://openalex.org/w4256104388,https://doi.org/10.1038/sj.bdj.2008.1033,https://pubmed.ncbi.nlm.nih.gov/19079085,,0,
https://openalex.org/w2034951120,https://doi.org/10.1016/j.ajodo.2004.12.026,https://pubmed.ncbi.nlm.nih.gov/16979494,121-998-749-663-009,0,
https://openalex.org/w2075753328,https://doi.org/10.1016/j.dental.2004.06.001,https://pubmed.ncbi.nlm.nih.gov/15705430,,0,
https://openalex.org/w2419238675,,https://pubmed.ncbi.nlm.nih.gov/1628266,,0,
https://openalex.org/w2063873747,https://doi.org/10.1016/0022-3913(94)90436-7,https://pubmed.ncbi.nlm.nih.gov/8040815,,0,
https://openalex.org/w2087439663,https://doi.org/10.1016/j.bios.2009.02.019,https://pubmed.ncbi.nlm.nih.gov/19303279,,0,
https://openalex.org/w2003126424,https://doi.org/10.1016/s0300-5712(98)00042-6,https://pubmed.ncbi.nlm.nih.gov/10079627,,0,
https://openalex.org/w2413458769,,https://pubmed.ncbi.nlm.nih.gov/6213973,,0,
https://openalex.org/w2149131801,https://doi.org/10.1271/bbb.110329,https://pubmed.ncbi.nlm.nih.gov/21897011,019-096-688-998-779,0,
https://openalex.org/w2155795153,https://doi.org/10.1093/toxsci/kfm148,https://pubmed.ncbi.nlm.nih.gov/17567591,017-913-674-431-768,0,
https://openalex.org/w1993917251,https://doi.org/10.1002/(sici)1097-4636(199908)46:2<287::aid-jbm19>3.0.co;2-i,https://pubmed.ncbi.nlm.nih.gov/10380008,111-604-896-070-839,0,
https://openalex.org/w1966246114,https://doi.org/10.1016/s0109-5641(97)80107-8,https://pubmed.ncbi.nlm.nih.gov/9823097,,0,
https://openalex.org/w2027294586,https://doi.org/10.1002/jssc.201000257,https://pubmed.ncbi.nlm.nih.gov/20658488,062-029-384-030-100,0,
https://openalex.org/w2075346128,https://doi.org/10.1111/j.1600-0528.1998.tb01919.x,https://pubmed.ncbi.nlm.nih.gov/9511837,038-429-229-043-051,0,
https://openalex.org/w2412493161,,https://pubmed.ncbi.nlm.nih.gov/2535145,,0,
https://openalex.org/w1976907885,https://doi.org/10.1016/s0109-5641(01)00093-8,https://pubmed.ncbi.nlm.nih.gov/12385898,,0,
https://openalex.org/w2133053119,https://doi.org/10.1289/ehp.7598,https://pubmed.ncbi.nlm.nih.gov/15929895,090-226-171-044-03X,0,
https://openalex.org/w1992337346,https://doi.org/10.1016/j.jdent.2011.01.004,https://pubmed.ncbi.nlm.nih.gov/21241765,,0,
https://openalex.org/w1969944303,https://doi.org/10.1007/bf02977374,https://pubmed.ncbi.nlm.nih.gov/18087818,,0,
https://openalex.org/w2465835004,,https://pubmed.ncbi.nlm.nih.gov/8602435,,0,
https://openalex.org/w2047968726,https://doi.org/10.1016/j.toxlet.2010.04.017,https://pubmed.ncbi.nlm.nih.gov/20435109,,0,
https://openalex.org/w2419161282,,https://pubmed.ncbi.nlm.nih.gov/20225466,,0,
https://openalex.org/w2090365100,https://doi.org/10.1007/s00402-008-0680-0,https://pubmed.ncbi.nlm.nih.gov/18629523,,0,
https://openalex.org/w2052377098,https://doi.org/10.1016/s0278-6915(02)00069-8,https://pubmed.ncbi.nlm.nih.gov/12065211,,0,
https://openalex.org/w2123139384,https://doi.org/10.1016/s0043-1354(02)00533-x,https://pubmed.ncbi.nlm.nih.gov/12697240,100-773-347-620-381,0,
https://openalex.org/w2083944461,https://doi.org/10.3109/08923973.2013.772195,https://pubmed.ncbi.nlm.nih.gov/23496298,101-696-017-948-077,0,
https://openalex.org/w2020194848,https://doi.org/10.1016/s0022-3913(98)70147-7,https://pubmed.ncbi.nlm.nih.gov/9576308,,0,
https://openalex.org/w2075253136,https://doi.org/10.1289/ehp.99107s189,https://pubmed.ncbi.nlm.nih.gov/10229711,004-167-066-892-233,0,
https://openalex.org/w1969114355,https://doi.org/10.1016/j.scitotenv.2009.06.002,https://pubmed.ncbi.nlm.nih.gov/19559464,,0,
https://openalex.org/w2118362019,https://doi.org/10.1590/s0103-64402005000200005,https://pubmed.ncbi.nlm.nih.gov/16475604,006-927-689-727-690,0,
https://openalex.org/w2127104440,https://doi.org/10.1002/jbm.820250208,https://pubmed.ncbi.nlm.nih.gov/1647393,079-964-142-701-893,0,
https://openalex.org/w2105312753,https://doi.org/10.1073/pnas.1108769108,https://pubmed.ncbi.nlm.nih.gov/21730127,037-484-002-598-891,0,
https://openalex.org/w2018132624,https://doi.org/10.2341/10-097-l,https://pubmed.ncbi.nlm.nih.gov/20945749,032-826-980-088-53X,0,
https://openalex.org/w2157010764,https://doi.org/10.1177/00220345810600120701,https://pubmed.ncbi.nlm.nih.gov/6457854,003-418-483-022-180,0,
https://openalex.org/w2079927266,https://doi.org/10.1016/j.dental.2011.10.006,https://pubmed.ncbi.nlm.nih.gov/22056733,,0,
https://openalex.org/w2045266101,https://doi.org/10.1038/sj.bjp.0703628,https://pubmed.ncbi.nlm.nih.gov/11030710,046-089-615-355-493,0,
https://openalex.org/w2114024246,https://doi.org/10.1016/j.fertnstert.2013.03.026,https://pubmed.ncbi.nlm.nih.gov/23579005,097-549-907-547-280,0,
https://openalex.org/w2086651041,https://doi.org/10.1021/jf903959u,https://pubmed.ncbi.nlm.nih.gov/20102208,001-827-770-719-786,0,
https://openalex.org/w2402973608,,https://pubmed.ncbi.nlm.nih.gov/16555653,,0,
https://openalex.org/w2031218744,https://doi.org/10.1016/j.cbi.2006.09.009,https://pubmed.ncbi.nlm.nih.gov/17069779,,0,
https://openalex.org/w2079526287,https://doi.org/10.1016/s0022-3913(05)80308-7,https://pubmed.ncbi.nlm.nih.gov/8778380,,0,
https://openalex.org/w150234368,,https://pubmed.ncbi.nlm.nih.gov/21171283,,0,
https://openalex.org/w1979707401,https://doi.org/10.1271/bbb.68.263,https://pubmed.ncbi.nlm.nih.gov/14745199,038-076-885-694-302,0,
https://openalex.org/w2024606169,https://doi.org/10.1021/es901068d,https://pubmed.ncbi.nlm.nih.gov/19806741,030-609-954-680-624,0,
https://openalex.org/w1989437274,https://doi.org/10.1016/j.ecoenv.2011.09.021,https://pubmed.ncbi.nlm.nih.gov/22036266,054-964-033-928-741,0,
https://openalex.org/w1985723892,https://doi.org/10.1177/154405910808701114,https://pubmed.ncbi.nlm.nih.gov/18946012,000-174-092-141-249,0,
https://openalex.org/w2005198652,https://doi.org/10.1007/s10103-012-1076-5,https://pubmed.ncbi.nlm.nih.gov/22441828,,0,
https://openalex.org/w1982472867,https://doi.org/10.1016/0022-3913(94)90247-x,https://pubmed.ncbi.nlm.nih.gov/8120846,,0,
https://openalex.org/w1591631510,https://doi.org/10.3290/j.jad.a21494,https://pubmed.ncbi.nlm.nih.gov/21594232,,0,
https://openalex.org/w2412609683,,https://pubmed.ncbi.nlm.nih.gov/18828392,,0,
https://openalex.org/w2416996865,,https://pubmed.ncbi.nlm.nih.gov/8700760,,0,
https://openalex.org/w1984789748,https://doi.org/10.1007/s00784-010-0405-y,https://pubmed.ncbi.nlm.nih.gov/20372950,,0,
https://openalex.org/w2013655450,https://doi.org/10.1271/bbb.60351,https://pubmed.ncbi.nlm.nih.gov/17213659,023-902-990-926-512,0,
https://openalex.org/w2005516474,https://doi.org/10.1016/j.jdent.2004.06.004,https://pubmed.ncbi.nlm.nih.gov/15476957,,0,
https://openalex.org/w1481693888,https://doi.org/10.4137/ehi.s897,https://pubmed.ncbi.nlm.nih.gov/20508754,019-618-708-677-469,0,
https://openalex.org/w2338207813,,https://pubmed.ncbi.nlm.nih.gov/22782054,,0,
https://openalex.org/w2029185343,https://doi.org/10.1016/0022-3913(91)90443-z,https://pubmed.ncbi.nlm.nih.gov/1666656,,0,
https://openalex.org/w2409843267,,https://pubmed.ncbi.nlm.nih.gov/15646229,,0,
https://openalex.org/w2016284770,https://doi.org/10.1016/j.biortech.2009.09.082,https://pubmed.ncbi.nlm.nih.gov/19864128,,0,
https://openalex.org/w2114698221,https://doi.org/10.1016/j.dental.2006.11.004,https://pubmed.ncbi.nlm.nih.gov/17182093,,0,
https://openalex.org/w2051496113,https://doi.org/10.7555/jbr.27.20120076,https://pubmed.ncbi.nlm.nih.gov/23554804,017-394-675-585-724,0,
https://openalex.org/w2069901014,https://doi.org/10.2166/wst.2011.602,https://pubmed.ncbi.nlm.nih.gov/22049773,006-453-813-464-604,0,
https://openalex.org/w1996186767,https://doi.org/10.1016/j.chroma.2009.08.064,https://pubmed.ncbi.nlm.nih.gov/19744663,035-313-503-865-880,0,
https://openalex.org/w1977119496,https://doi.org/10.1016/s0889-5406(03)00311-1,https://pubmed.ncbi.nlm.nih.gov/12867901,052-488-327-561-888,0,
https://openalex.org/w1557205027,https://doi.org/10.1111/j.1742-7843.2007.00166.x,https://pubmed.ncbi.nlm.nih.gov/18226066,144-532-355-989-559,0,
https://openalex.org/w2437906050,,https://pubmed.ncbi.nlm.nih.gov/9028235,,0,
https://openalex.org/w2413800295,,https://pubmed.ncbi.nlm.nih.gov/14651234,,0,
https://openalex.org/w2168622649,https://doi.org/10.1095/biolreprod.109.078543,https://pubmed.ncbi.nlm.nih.gov/19696011,014-316-793-131-026,0,
https://openalex.org/w2130649554,https://doi.org/10.5005/jp-journals-10024-1060,https://pubmed.ncbi.nlm.nih.gov/22269197,006-250-392-663-903,0,
https://openalex.org/w2025991907,https://doi.org/10.1016/s0109-5641(86)80025-2,https://pubmed.ncbi.nlm.nih.gov/2943623,,0,
https://openalex.org/w2397236362,,https://pubmed.ncbi.nlm.nih.gov/12120768,,0,
https://openalex.org/w2141758750,https://doi.org/10.1016/s0304-3835(01)00804-7,https://pubmed.ncbi.nlm.nih.gov/11849735,,0,
https://openalex.org/w1985071502,https://doi.org/10.1006/taap.2000.9051,https://pubmed.ncbi.nlm.nih.gov/11042095,,0,
https://openalex.org/w2052311472,https://doi.org/10.1016/j.aquatox.2009.01.012,https://pubmed.ncbi.nlm.nih.gov/19269698,,0,
https://openalex.org/w2157081227,https://doi.org/10.1177/0960327110372400,https://pubmed.ncbi.nlm.nih.gov/20511291,050-545-386-506-884,0,
https://openalex.org/w2036804099,https://doi.org/10.1016/j.tiv.2009.02.011,https://pubmed.ncbi.nlm.nih.gov/19269315,,0,
https://openalex.org/w2044482747,https://doi.org/10.1002/jcc.20130,https://pubmed.ncbi.nlm.nih.gov/15521089,054-709-454-794-747,0,
https://openalex.org/w2411121147,,https://pubmed.ncbi.nlm.nih.gov/6225138,,0,
https://openalex.org/w2121847565,https://doi.org/10.2334/josnusd.53.283,https://pubmed.ncbi.nlm.nih.gov/21959654,057-522-373-207-909,0,
https://openalex.org/w2400804126,,https://pubmed.ncbi.nlm.nih.gov/11699177,,0,
https://openalex.org/w1976971056,https://doi.org/10.1016/s0378-4274(02)00494-0,https://pubmed.ncbi.nlm.nih.gov/12676449,,0,
https://openalex.org/w2054438767,https://doi.org/10.1021/es900598e,https://pubmed.ncbi.nlm.nih.gov/19746705,016-741-607-954-724,0,
https://openalex.org/w2168210153,https://doi.org/10.1016/j.prosdent.2004.06.021,https://pubmed.ncbi.nlm.nih.gov/15343157,,0,
https://openalex.org/w2151934514,https://doi.org/10.2341/07-69,https://pubmed.ncbi.nlm.nih.gov/18435193,116-623-016-409-933,0,
https://openalex.org/w2032191878,https://doi.org/10.1016/j.aca.2007.09.048,https://pubmed.ncbi.nlm.nih.gov/17950057,,0,
https://openalex.org/w2031238415,https://doi.org/10.1177/00220345810600070801,https://pubmed.ncbi.nlm.nih.gov/6453886,022-098-150-114-158,0,
https://openalex.org/w2022023971,https://doi.org/10.1289/ehp.9368,https://pubmed.ncbi.nlm.nih.gov/18174953,039-588-346-538-023,0,
https://openalex.org/w2168242147,https://doi.org/10.1007/s00216-009-3310-y,https://pubmed.ncbi.nlm.nih.gov/20024649,003-284-520-650-207,0,
https://openalex.org/w2120523164,https://doi.org/10.5005/jp-journals-10024-1204,https://pubmed.ncbi.nlm.nih.gov/23250170,015-174-804-165-463,0,
https://openalex.org/w72045760,https://doi.org/10.2478/s13382-012-0048-0,https://pubmed.ncbi.nlm.nih.gov/23086631,010-990-026-628-17X,0,
https://openalex.org/w1976609959,https://doi.org/10.1093/ortho/26.1.47,https://pubmed.ncbi.nlm.nih.gov/10333887,029-770-442-939-482,0,
https://openalex.org/w2415285628,,https://pubmed.ncbi.nlm.nih.gov/6461472,,0,
https://openalex.org/w2134230184,https://doi.org/10.1093/humrep/der451,https://pubmed.ncbi.nlm.nih.gov/22267833,065-235-849-721-654,0,
https://openalex.org/w2414818983,,https://pubmed.ncbi.nlm.nih.gov/6229395,,0,
https://openalex.org/w2046279737,https://doi.org/10.1016/s0887-2333(01)00046-7,https://pubmed.ncbi.nlm.nih.gov/11566573,,0,
https://openalex.org/w2078840181,https://doi.org/10.3389/fendo.2011.00012,https://pubmed.ncbi.nlm.nih.gov/22654793,074-867-325-724-901,0,
https://openalex.org/w1995900847,https://doi.org/10.1021/ac981141a,https://pubmed.ncbi.nlm.nih.gov/21662820,107-933-728-332-45X,0,
https://openalex.org/w2092382968,https://doi.org/10.1007/s10661-012-2649-2,https://pubmed.ncbi.nlm.nih.gov/22552495,,0,
https://openalex.org/w2137340810,https://doi.org/10.1016/s1001-0742(10)60408-1,https://pubmed.ncbi.nlm.nih.gov/21517007,027-336-573-991-294,0,
https://openalex.org/w2131603046,https://doi.org/10.4012/dmj.2012-144,https://pubmed.ncbi.nlm.nih.gov/23538766,016-041-407-487-562,0,
https://openalex.org/w2063517792,https://doi.org/10.1021/tx025548t,https://pubmed.ncbi.nlm.nih.gov/12387626,120-133-300-549-661,0,
https://openalex.org/w2088704309,https://doi.org/10.1016/j.ygcen.2010.02.016,https://pubmed.ncbi.nlm.nih.gov/20178801,,0,
https://openalex.org/w2394691521,,https://pubmed.ncbi.nlm.nih.gov/9641098,,0,
https://openalex.org/w2040397314,https://doi.org/10.14219/jada.archive.1994.0168,https://pubmed.ncbi.nlm.nih.gov/7844298,002-204-944-259-034,0,
https://openalex.org/w2043443320,https://doi.org/10.1016/j.neuro.2004.07.008,https://pubmed.ncbi.nlm.nih.gov/15527870,,0,
https://openalex.org/w2044269040,https://doi.org/10.1093/ejo/19.6.623,https://pubmed.ncbi.nlm.nih.gov/9458595,084-793-739-605-519,0,
https://openalex.org/w2079901847,https://doi.org/10.1016/j.ajodo.2013.03.003,https://pubmed.ncbi.nlm.nih.gov/23631958,,0,
https://openalex.org/w2096764284,https://doi.org/10.1093/ejo/10.4.374,https://pubmed.ncbi.nlm.nih.gov/2974808,017-485-939-285-391,0,
https://openalex.org/w2059724091,https://doi.org/10.1177/00220345820610081501,https://pubmed.ncbi.nlm.nih.gov/6213687,082-730-382-639-204,0,
https://openalex.org/w1984277770,https://doi.org/10.1016/j.jbiotec.2007.07.948,https://pubmed.ncbi.nlm.nih.gov/17884220,,0,
https://openalex.org/w2024635749,https://doi.org/10.1016/s0300-5712(96)00024-3,https://pubmed.ncbi.nlm.nih.gov/9175356,,0,
https://openalex.org/w2043060519,https://doi.org/10.1016/j.atherosclerosis.2011.05.001,https://pubmed.ncbi.nlm.nih.gov/21621210,,0,
https://openalex.org/w2120526208,https://doi.org/10.1093/toxsci/kfm306,https://pubmed.ncbi.nlm.nih.gov/18096570,011-973-902-082-210,1,
https://openalex.org/w2049198726,https://doi.org/10.1016/j.joen.2012.02.002,https://pubmed.ncbi.nlm.nih.gov/22515881,,0,
https://openalex.org/w19313419,,https://pubmed.ncbi.nlm.nih.gov/18512508,,0,
https://openalex.org/w2022910174,https://doi.org/10.1002/jbm.a.32617,https://pubmed.ncbi.nlm.nih.gov/19827107,116-016-472-131-758,0,
https://openalex.org/w2080046702,https://doi.org/10.1016/j.yrtph.2010.09.015,https://pubmed.ncbi.nlm.nih.gov/20933039,054-698-403-631-875,0,
https://openalex.org/w2421437816,,https://pubmed.ncbi.nlm.nih.gov/11764823,,0,
https://openalex.org/w1968758146,https://doi.org/10.1080/10590501.2012.681487,https://pubmed.ncbi.nlm.nih.gov/22690712,013-180-539-761-560,0,
https://openalex.org/w2055225040,https://doi.org/10.1016/j.chroma.2008.06.029,https://pubmed.ncbi.nlm.nih.gov/18603255,,0,
https://openalex.org/w2036495084,https://doi.org/10.1016/s0109-5641(85)80017-8,https://pubmed.ncbi.nlm.nih.gov/2936641,,0,
https://openalex.org/w2036633787,https://doi.org/10.1016/j.cca.2005.07.002,https://pubmed.ncbi.nlm.nih.gov/16099220,,0,
https://openalex.org/w2070971457,https://doi.org/10.1016/j.watres.2009.01.026,https://pubmed.ncbi.nlm.nih.gov/19249073,,0,
https://openalex.org/w2037307541,https://doi.org/10.1016/j.envpol.2007.08.001,https://pubmed.ncbi.nlm.nih.gov/17870222,,0,
https://openalex.org/w2166071110,https://doi.org/10.1093/humrep/des038,https://pubmed.ncbi.nlm.nih.gov/22381621,000-714-416-264-400,0,
https://openalex.org/w2048658690,https://doi.org/10.1016/s0889-5406(95)70024-2,https://pubmed.ncbi.nlm.nih.gov/7661147,068-752-310-389-648,0,
https://openalex.org/w1543778462,https://doi.org/10.2741/1547,https://pubmed.ncbi.nlm.nih.gov/15574388,103-791-416-477-485,0,
https://openalex.org/w2090995265,https://doi.org/10.1016/j.chemosphere.2011.11.063,https://pubmed.ncbi.nlm.nih.gov/22197311,,0,
https://openalex.org/w2414218993,,https://pubmed.ncbi.nlm.nih.gov/12967078,,0,
https://openalex.org/w2056326307,https://doi.org/10.1093/toxsci/kfh176,https://pubmed.ncbi.nlm.nih.gov/15159526,065-438-596-364-854,0,
https://openalex.org/w2071527334,https://doi.org/10.1002/(sici)1097-4636(200001)49:1<106::aid-jbm13>3.0.co;2-w,https://pubmed.ncbi.nlm.nih.gov/10559752,006-891-477-872-886,0,
https://openalex.org/w2032807058,https://doi.org/10.1002/elps.200900606,https://pubmed.ncbi.nlm.nih.gov/20422633,079-247-049-770-219,0,
https://openalex.org/w1976372162,https://doi.org/10.1016/s0378-4274(01)00299-5,https://pubmed.ncbi.nlm.nih.gov/11323181,,0,
https://openalex.org/w2155321965,https://doi.org/10.1034/j.1600-0536.2003.00014.x,https://pubmed.ncbi.nlm.nih.gov/12755744,,0,
https://openalex.org/w2058249419,https://doi.org/10.1080/15376510701623938,https://pubmed.ncbi.nlm.nih.gov/19710916,017-407-709-078-959,0,
https://openalex.org/w2028926353,https://doi.org/10.2334/josnusd1959.34.196,https://pubmed.ncbi.nlm.nih.gov/1287148,022-490-448-364-068,0,
https://openalex.org/w1992717138,https://doi.org/10.1016/j.jdent.2008.03.015,https://pubmed.ncbi.nlm.nih.gov/18485559,,0,
https://openalex.org/w2149071729,https://doi.org/10.1093/schbul/sbm147,https://pubmed.ncbi.nlm.nih.gov/18245062,111-195-655-030-532,0,
https://openalex.org/w2048589846,https://doi.org/10.1111/j.1574-6968.2000.tb09154.x,https://pubmed.ncbi.nlm.nih.gov/10856651,024-783-115-774-781,0,
https://openalex.org/w4302138309,,https://pubmed.ncbi.nlm.nih.gov/11187732,,0,
https://openalex.org/w2021843366,https://doi.org/10.1111/j.1532-849x.2007.00294.x,https://pubmed.ncbi.nlm.nih.gov/18266655,042-335-383-904-355,0,
https://openalex.org/w2000622746,https://doi.org/10.1111/j.1574-695x.2007.00355.x,https://pubmed.ncbi.nlm.nih.gov/18177342,094-417-388-867-931,0,
https://openalex.org/w2046229587,https://doi.org/10.1016/0022-1759(86)90314-5,https://pubmed.ncbi.nlm.nih.gov/3782824,,0,
https://openalex.org/w2410741698,,https://pubmed.ncbi.nlm.nih.gov/16894711,,0,
https://openalex.org/w2047383682,https://doi.org/10.1289/ehp.1002347,https://pubmed.ncbi.nlm.nih.gov/20826375,052-449-581-141-545,0,
https://openalex.org/w1998772634,https://doi.org/10.1007/s10815-012-9775-1,https://pubmed.ncbi.nlm.nih.gov/22538552,009-611-472-120-394,0,
https://openalex.org/w95177864,,https://pubmed.ncbi.nlm.nih.gov/8511264,,0,
https://openalex.org/w2048740947,https://doi.org/10.1002/jssc.201000010,https://pubmed.ncbi.nlm.nih.gov/20373295,054-961-339-060-726,0,
https://openalex.org/w1988412991,https://doi.org/10.1007/s00216-008-2516-8,https://pubmed.ncbi.nlm.nih.gov/19057898,,0,
https://openalex.org/w2061563606,https://doi.org/10.1016/s0013-9351(03)00086-0,https://pubmed.ncbi.nlm.nih.gov/14643292,,0,
https://openalex.org/w2068301071,https://doi.org/10.1016/j.bbrc.2010.09.060,https://pubmed.ncbi.nlm.nih.gov/20854792,,0,
https://openalex.org/w2415782007,,https://pubmed.ncbi.nlm.nih.gov/22623476,,0,
https://openalex.org/w2040711052,https://doi.org/10.1016/j.fct.2005.01.009,https://pubmed.ncbi.nlm.nih.gov/15778011,,0,
https://openalex.org/w2074274513,https://doi.org/10.1016/j.chroma.2011.12.011,https://pubmed.ncbi.nlm.nih.gov/22227360,,0,
https://openalex.org/w2089585927,https://doi.org/10.2341/07-27,https://pubmed.ncbi.nlm.nih.gov/18335731,086-626-080-708-660,0,
https://openalex.org/w2064241486,https://doi.org/10.1097/00007632-200112150-00010,https://pubmed.ncbi.nlm.nih.gov/11740355,015-286-025-360-661,0,
https://openalex.org/w1986289302,https://doi.org/10.1016/s0045-6535(99)00466-x,https://pubmed.ncbi.nlm.nih.gov/10834378,,0,
https://openalex.org/w2038745867,https://doi.org/10.1016/j.ntt.2011.08.003,https://pubmed.ncbi.nlm.nih.gov/21854843,090-833-135-137-356,0,
https://openalex.org/w2099737810,https://doi.org/10.1136/oem.59.9.625,https://pubmed.ncbi.nlm.nih.gov/12205237,056-312-568-487-70X,0,
https://openalex.org/w2098853465,https://doi.org/10.2341/07-109,https://pubmed.ncbi.nlm.nih.gov/18666500,083-842-766-768-972,0,
https://openalex.org/w1990661205,https://doi.org/10.1021/es100038d,https://pubmed.ncbi.nlm.nih.gov/20429549,074-698-865-346-185,0,
https://openalex.org/w2088439238,https://doi.org/10.1038/ijo.2012.173,https://pubmed.ncbi.nlm.nih.gov/23090578,065-291-096-578-465,0,
https://openalex.org/w2017475306,https://doi.org/10.1021/ja027277e,https://pubmed.ncbi.nlm.nih.gov/12224923,021-074-195-640-722,0,
https://openalex.org/w2399592617,,https://pubmed.ncbi.nlm.nih.gov/10823064,,0,
https://openalex.org/w2991724966,,https://pubmed.ncbi.nlm.nih.gov/9520761,,0,
https://openalex.org/w2092457924,https://doi.org/10.1016/0022-3913(87)90171-5,https://pubmed.ncbi.nlm.nih.gov/2957495,,0,
https://openalex.org/w2018863164,https://doi.org/10.1007/s10753-009-9122-6,https://pubmed.ncbi.nlm.nih.gov/19415476,,0,
https://openalex.org/w2016908809,https://doi.org/10.1016/j.dental.2004.03.012,https://pubmed.ncbi.nlm.nih.gov/15705429,,0,
https://openalex.org/w2165567344,https://doi.org/10.1016/s0889-5406(95)70045-5,https://pubmed.ncbi.nlm.nih.gov/7484964,052-457-002-597-143,0,
https://openalex.org/w4235548025,https://doi.org/10.1097/med.0b013e32833ddea0,https://pubmed.ncbi.nlm.nih.gov/20689419,014-573-171-982-376,0,
https://openalex.org/w2035064945,https://doi.org/10.1016/j.jhazmat.2011.02.004,https://pubmed.ncbi.nlm.nih.gov/21354701,,0,
https://openalex.org/w2079362611,https://doi.org/10.1016/j.reprotox.2012.09.008,https://pubmed.ncbi.nlm.nih.gov/23059059,,0,
https://openalex.org/w1981609558,https://doi.org/10.1007/s10856-007-3362-5,https://pubmed.ncbi.nlm.nih.gov/18197365,015-696-957-625-545,0,
https://openalex.org/w2027691438,https://doi.org/10.1016/j.dental.2006.05.005,https://pubmed.ncbi.nlm.nih.gov/16950505,,0,
https://openalex.org/w2395686852,,https://pubmed.ncbi.nlm.nih.gov/18265710,,0,
https://openalex.org/w2045945078,https://doi.org/10.1016/j.mce.2011.12.012,https://pubmed.ncbi.nlm.nih.gov/22227557,,0,
https://openalex.org/w2057523700,https://doi.org/10.1016/j.mrrev.2006.04.001,https://pubmed.ncbi.nlm.nih.gov/16757209,,0,
https://openalex.org/w2125497534,https://doi.org/10.1093/humupd/7.3.236,https://pubmed.ncbi.nlm.nih.gov/11392370,050-801-707-464-049,0,
https://openalex.org/w2086542547,https://doi.org/10.1124/dmd.31.1.140,https://pubmed.ncbi.nlm.nih.gov/12485963,108-446-178-316-268,0,
https://openalex.org/w2028681215,https://doi.org/10.1016/j.chroma.2010.03.028,https://pubmed.ncbi.nlm.nih.gov/20381808,,0,
https://openalex.org/w2016736529,https://doi.org/10.1016/j.dental.2005.12.005,https://pubmed.ncbi.nlm.nih.gov/16434092,,0,
https://openalex.org/w1530974401,https://doi.org/10.1007/978-1-4615-5913-9_19,https://pubmed.ncbi.nlm.nih.gov/9361775,075-604-375-954-985,0,
https://openalex.org/w2040568118,https://doi.org/10.1021/bc800474g,https://pubmed.ncbi.nlm.nih.gov/19222167,004-832-384-568-161,0,
https://openalex.org/w2033968835,https://doi.org/10.1016/s0109-5641(97)80100-5,https://pubmed.ncbi.nlm.nih.gov/9823090,,0,
https://openalex.org/w2415588965,,https://pubmed.ncbi.nlm.nih.gov/8297451,,0,
https://openalex.org/w1989103001,https://doi.org/10.1016/j.jchromb.2006.12.002,https://pubmed.ncbi.nlm.nih.gov/17188585,,0,
https://openalex.org/w2408339408,https://doi.org/10.5005/jcdp-7-5-10,https://pubmed.ncbi.nlm.nih.gov/17091135,083-088-776-998-892,0,
https://openalex.org/w2347916446,,https://pubmed.ncbi.nlm.nih.gov/17712965,,0,
https://openalex.org/w2002472591,https://doi.org/10.14219/jada.archive.1986.0081,https://pubmed.ncbi.nlm.nih.gov/2940280,031-405-196-386-208,0,
https://openalex.org/w1964829765,https://doi.org/10.2166/wst.2011.140,https://pubmed.ncbi.nlm.nih.gov/22179650,029-057-165-504-910,0,
https://openalex.org/w1984558422,https://doi.org/10.1038/sj.bdj.4804568,https://pubmed.ncbi.nlm.nih.gov/6452150,,0,
https://openalex.org/w2084882009,https://doi.org/10.1271/bbb.110856,https://pubmed.ncbi.nlm.nih.gov/22484940,037-501-387-845-129,0,
https://openalex.org/w2084122599,https://doi.org/10.1016/s0378-4347(00)00489-8,https://pubmed.ncbi.nlm.nih.gov/11393737,,0,
https://openalex.org/w2098168317,https://doi.org/10.1039/c2an15961a,https://pubmed.ncbi.nlm.nih.gov/22428152,105-282-462-481-255,0,
https://openalex.org/w2032287656,https://doi.org/10.1016/j.jhazmat.2009.04.036,https://pubmed.ncbi.nlm.nih.gov/19500904,,0,
https://openalex.org/w1966190656,https://doi.org/10.1046/j.1365-2842.1999.00380.x,https://pubmed.ncbi.nlm.nih.gov/10373093,145-523-841-087-042,0,
https://openalex.org/w2109190421,https://doi.org/10.1016/j.foodchem.2012.05.099,https://pubmed.ncbi.nlm.nih.gov/22953859,,0,
https://openalex.org/w2126725298,https://doi.org/10.1016/0300-5712(95)00031-3,https://pubmed.ncbi.nlm.nih.gov/8636496,,0,
https://openalex.org/w2047791786,https://doi.org/10.1177/154405910508400303,https://pubmed.ncbi.nlm.nih.gov/15723860,025-272-816-215-298,0,
https://openalex.org/w2469567360,https://doi.org/10.5005/jcdp-8-2-113,https://pubmed.ncbi.nlm.nih.gov/17277834,120-023-234-617-090,0,
https://openalex.org/w2002387454,https://doi.org/10.1002/jbm.a.31684,https://pubmed.ncbi.nlm.nih.gov/18041710,038-056-975-985-789,0,
https://openalex.org/w2417915241,,https://pubmed.ncbi.nlm.nih.gov/18477428,,0,
https://openalex.org/w1988250519,https://doi.org/10.14219/jada.archive.1985.0425,https://pubmed.ncbi.nlm.nih.gov/3159777,162-574-626-798-374,0,
https://openalex.org/w2429073831,,https://pubmed.ncbi.nlm.nih.gov/22016917,,0,
https://openalex.org/w2014749112,https://doi.org/10.1016/j.jdent.2009.03.021,https://pubmed.ncbi.nlm.nih.gov/19410353,,0,
https://openalex.org/w2038805623,https://doi.org/10.1016/j.brainres.2005.11.028,https://pubmed.ncbi.nlm.nih.gov/16380096,,0,
https://openalex.org/w2040831434,https://doi.org/10.1016/s0022-3913(97)70114-8,https://pubmed.ncbi.nlm.nih.gov/9260127,,0,
https://openalex.org/w1978843455,https://doi.org/10.1007/s00204-011-0721-2,https://pubmed.ncbi.nlm.nih.gov/21656223,,0,
https://openalex.org/w2100358864,https://doi.org/10.1016/j.ajodo.2009.12.026,https://pubmed.ncbi.nlm.nih.gov/21300247,029-144-277-627-857,0,
https://openalex.org/w2058417723,https://doi.org/10.1016/0109-5641(94)90059-0,https://pubmed.ncbi.nlm.nih.gov/7498599,,0,
https://openalex.org/w1989386719,https://doi.org/10.1007/s10695-008-9280-8,https://pubmed.ncbi.nlm.nih.gov/19009365,,0,
https://openalex.org/w2145185509,https://doi.org/10.1016/j.dental.2010.03.014,https://pubmed.ncbi.nlm.nih.gov/20381138,,0,
https://openalex.org/w1987969568,https://doi.org/10.1007/s11356-012-1220-6,https://pubmed.ncbi.nlm.nih.gov/23054786,081-728-027-383-815,0,
https://openalex.org/w1990802296,https://doi.org/10.1016/j.toxlet.2007.11.006,https://pubmed.ncbi.nlm.nih.gov/18207673,,0,
https://openalex.org/w2117628026,https://doi.org/10.1183/09031936.05.00049704,https://pubmed.ncbi.nlm.nih.gov/15684285,123-655-150-815-924,0,
https://openalex.org/w2118278883,https://doi.org/10.1111/jlme.12030,https://pubmed.ncbi.nlm.nih.gov/23590732,065-906-062-810-615,0,
https://openalex.org/w1989386998,https://doi.org/10.1016/s0889-5406(95)70027-7,https://pubmed.ncbi.nlm.nih.gov/7661150,007-241-772-374-216,0,
https://openalex.org/w2052793437,https://doi.org/10.1016/j.dental.2005.01.002,https://pubmed.ncbi.nlm.nih.gov/15885764,,0,
https://openalex.org/w1984536628,https://doi.org/10.1016/j.aquatox.2008.02.007,https://pubmed.ncbi.nlm.nih.gov/18374427,,0,
https://openalex.org/w2408760953,,https://pubmed.ncbi.nlm.nih.gov/9227154,,0,
https://openalex.org/w1964054088,https://doi.org/10.1016/j.chroma.2004.06.123,https://pubmed.ncbi.nlm.nih.gov/15481468,,0,
https://openalex.org/w2410883736,,https://pubmed.ncbi.nlm.nih.gov/17080874,,0,
https://openalex.org/w2044817300,https://doi.org/10.1067/mpr.2001.119683,https://pubmed.ncbi.nlm.nih.gov/11753314,,0,
https://openalex.org/w2144243560,,https://pubmed.ncbi.nlm.nih.gov/23833588,,0,
https://openalex.org/w2146400973,https://doi.org/10.3945/jn.111.152058,https://pubmed.ncbi.nlm.nih.gov/22649256,039-774-545-029-714,0,
https://openalex.org/w2068632876,https://doi.org/10.3177/jnsv.53.432,https://pubmed.ncbi.nlm.nih.gov/18079610,005-953-040-201-566,0,
https://openalex.org/w1983260036,https://doi.org/10.5653/cerm.2011.38.2.75,https://pubmed.ncbi.nlm.nih.gov/22384422,021-871-581-431-293,0,
https://openalex.org/w1976815198,https://doi.org/10.2341/07-22,https://pubmed.ncbi.nlm.nih.gov/18335730,003-221-462-488-548,0,
https://openalex.org/w2331542232,https://doi.org/10.1179/bjo.21.1.79,https://pubmed.ncbi.nlm.nih.gov/8199170,,0,
https://openalex.org/w2033946049,https://doi.org/10.1046/j.1365-2842.2002.00889.x,https://pubmed.ncbi.nlm.nih.gov/12071917,091-779-323-878-313,0,
https://openalex.org/w2028352633,https://doi.org/10.1016/j.chroma.2006.08.009,https://pubmed.ncbi.nlm.nih.gov/16934275,,0,
https://openalex.org/w1983657785,https://doi.org/10.1021/jf073106n,https://pubmed.ncbi.nlm.nih.gov/18284199,033-093-767-350-149,0,
https://openalex.org/w137772239,,https://pubmed.ncbi.nlm.nih.gov/14653288,,0,
https://openalex.org/w2066342486,https://doi.org/10.1016/j.chemosphere.2010.01.052,https://pubmed.ncbi.nlm.nih.gov/20189630,,0,
https://openalex.org/w2408856532,https://doi.org/10.5005/jcdp-7-2-17,https://pubmed.ncbi.nlm.nih.gov/16685291,110-465-057-715-866,0,
https://openalex.org/w1998158718,https://doi.org/10.1097/aci.0b013e32835a6dd6,https://pubmed.ncbi.nlm.nih.gov/23090385,056-101-571-042-576,0,
https://openalex.org/w2424909287,https://doi.org/10.1093/jaoac/74.6.925,https://pubmed.ncbi.nlm.nih.gov/1757415,094-622-543-622-217,0,
https://openalex.org/w1491183539,https://doi.org/10.1111/j.1532-849x.2012.00936.x,https://pubmed.ncbi.nlm.nih.gov/23107317,026-052-372-821-677,0,
https://openalex.org/w2107205733,https://doi.org/10.1289/ehp.119-a383,https://pubmed.ncbi.nlm.nih.gov/21885380,016-690-145-600-974,0,
https://openalex.org/w2410879005,,https://pubmed.ncbi.nlm.nih.gov/14677613,,0,
https://openalex.org/w1976795715,https://doi.org/10.1016/0889-5406(93)70026-k,https://pubmed.ncbi.nlm.nih.gov/8322723,037-445-245-337-651,0,
https://openalex.org/w2163969978,https://doi.org/10.1016/j.joen.2006.11.015,https://pubmed.ncbi.nlm.nih.gov/17320720,,0,
https://openalex.org/w2409955571,,https://pubmed.ncbi.nlm.nih.gov/6218185,,0,
https://openalex.org/w2087441386,https://doi.org/10.4012/dmj.2011-162,https://pubmed.ncbi.nlm.nih.gov/22277602,056-841-782-178-530,0,
https://openalex.org/w47226156,,https://pubmed.ncbi.nlm.nih.gov/1840079,,0,
https://openalex.org/w1964965909,https://doi.org/10.1016/j.dental.2006.06.018,https://pubmed.ncbi.nlm.nih.gov/16890986,,0,
https://openalex.org/w2065703909,https://doi.org/10.1016/0300-5712(93)90149-k,https://pubmed.ncbi.nlm.nih.gov/8473595,,0,
https://openalex.org/w2008670336,https://doi.org/10.1111/j.1365-2273.1984.tb01500.x,https://pubmed.ncbi.nlm.nih.gov/6499242,067-956-153-798-891,0,
https://openalex.org/w2049950092,https://doi.org/10.1111/j.1744-9987.2009.00651.x,https://pubmed.ncbi.nlm.nih.gov/19379166,017-892-052-841-551,0,
https://openalex.org/w2159957335,https://doi.org/10.3945/ajcn.110.001057,https://pubmed.ncbi.nlm.nih.gov/22089436,134-490-969-155-887,0,
https://openalex.org/w2021585491,https://doi.org/10.1038/sj.jea.7500174,https://pubmed.ncbi.nlm.nih.gov/11571611,024-778-908-528-808,0,
https://openalex.org/w2079326213,https://doi.org/10.1007/s11033-011-1372-3,https://pubmed.ncbi.nlm.nih.gov/22187349,,0,
https://openalex.org/w2093897650,https://doi.org/10.1371/journal.pone.0051579,https://pubmed.ncbi.nlm.nih.gov/23284716,054-266-830-252-782,0,
https://openalex.org/w1907705958,https://doi.org/10.1046/j.1365-2826.2002.00804.x,https://pubmed.ncbi.nlm.nih.gov/12047723,095-723-300-127-704,0,
https://openalex.org/w2115813558,https://doi.org/10.1016/j.dental.2009.10.006,https://pubmed.ncbi.nlm.nih.gov/20202676,,0,
https://openalex.org/w2019416625,https://doi.org/10.1111/j.1532-849x.2007.00256.x,https://pubmed.ncbi.nlm.nih.gov/17971123,013-418-814-144-717,0,
https://openalex.org/w2022373675,https://doi.org/10.1289/ehp.9710570,https://pubmed.ncbi.nlm.nih.gov/9074884,013-253-745-017-868,0,
https://openalex.org/w1965112427,https://doi.org/10.1177/154405910308201012,https://pubmed.ncbi.nlm.nih.gov/14514764,079-840-228-929-405,0,
https://openalex.org/w2063849013,https://doi.org/10.1007/s00784-003-0247-y,https://pubmed.ncbi.nlm.nih.gov/14677051,,0,
https://openalex.org/w1999014941,https://doi.org/10.1016/j.cbpc.2009.12.003,https://pubmed.ncbi.nlm.nih.gov/20025995,,0,
https://openalex.org/w2803633961,https://doi.org/10.2166/wst.2004.0320,https://pubmed.ncbi.nlm.nih.gov/15497840,009-106-642-205-247,0,
https://openalex.org/w2314231859,https://doi.org/10.1038/sj.ijir.3900734,https://pubmed.ncbi.nlm.nih.gov/11890520,103-575-583-157-247,0,
https://openalex.org/w2464889489,,https://pubmed.ncbi.nlm.nih.gov/22250350,,0,
https://openalex.org/w2063154364,https://doi.org/10.1093/toxsci/70.2.281,https://pubmed.ncbi.nlm.nih.gov/12441373,,0,
https://openalex.org/w1999544288,https://doi.org/10.1080/02652030310001641177,https://pubmed.ncbi.nlm.nih.gov/14754635,000-572-338-775-369,0,
https://openalex.org/w2026589791,https://doi.org/10.1016/j.jhazmat.2007.06.001,https://pubmed.ncbi.nlm.nih.gov/17628342,,0,
https://openalex.org/w2018429517,https://doi.org/10.1080/713853983,https://pubmed.ncbi.nlm.nih.gov/14555403,067-071-155-774-107,0,
https://openalex.org/w2085670727,https://doi.org/10.2341/11-172-l,https://pubmed.ncbi.nlm.nih.gov/21942237,017-607-896-103-350,0,
https://openalex.org/w2105413247,https://doi.org/10.1016/j.tripleo.2007.08.031,https://pubmed.ncbi.nlm.nih.gov/18280971,098-683-525-574-412,0,
https://openalex.org/w2030819386,https://doi.org/10.1177/00220345950740050401,https://pubmed.ncbi.nlm.nih.gov/7790593,122-880-902-247-099,0,
https://openalex.org/w2066335823,https://doi.org/10.2341/05-49,https://pubmed.ncbi.nlm.nih.gov/16802647,081-874-373-750-61X,0,
https://openalex.org/w2132101535,https://doi.org/10.1095/biolreprod.111.095349,https://pubmed.ncbi.nlm.nih.gov/22302688,081-172-461-152-576,0,
https://openalex.org/w2067902259,https://doi.org/10.1271/bbb.68.51,https://pubmed.ncbi.nlm.nih.gov/14745163,026-791-278-223-135,0,
https://openalex.org/w2434413088,,https://pubmed.ncbi.nlm.nih.gov/21055025,,0,
https://openalex.org/w2004952783,https://doi.org/10.1111/j.1708-8240.2005.tb00078.x,https://pubmed.ncbi.nlm.nih.gov/15934682,014-839-558-034-093,0,
https://openalex.org/w1987614637,https://doi.org/10.1111/j.1365-2842.1989.tb01317.x,https://pubmed.ncbi.nlm.nih.gov/2526208,040-820-135-588-118,0,
https://openalex.org/w2463098029,,https://pubmed.ncbi.nlm.nih.gov/22041113,,0,
https://openalex.org/w2103259582,https://doi.org/10.1038/sj.jea.7500435,https://pubmed.ncbi.nlm.nih.gov/16007114,038-202-376-390-057,0,
https://openalex.org/w4298454637,,https://pubmed.ncbi.nlm.nih.gov/12778176,,0,
https://openalex.org/w2150842528,https://doi.org/10.1111/j.1747-4477.2001.tb00445.x,https://pubmed.ncbi.nlm.nih.gov/11481874,086-444-715-284-009,0,
https://openalex.org/w2074132268,https://doi.org/10.1289/ehp.0110955,https://pubmed.ncbi.nlm.nih.gov/11171525,138-827-009-430-382,0,
https://openalex.org/w2108716065,https://doi.org/10.1007/s00216-010-4067-z,https://pubmed.ncbi.nlm.nih.gov/20714891,,0,
https://openalex.org/w2069704192,https://doi.org/10.5625/lar.2011.27.2.99,https://pubmed.ncbi.nlm.nih.gov/21826169,113-558-257-362-569,0,
https://openalex.org/w2126289236,https://doi.org/10.1002/etc.5620201001,https://pubmed.ncbi.nlm.nih.gov/11596741,125-350-624-856-193,0,
https://openalex.org/w2145617574,https://doi.org/10.1111/j.1600-0722.1992.tb01739.x,https://pubmed.ncbi.nlm.nih.gov/1385889,060-167-130-705-772,0,
https://openalex.org/w2027411655,https://doi.org/10.1016/j.chroma.2012.01.019,https://pubmed.ncbi.nlm.nih.gov/22307151,,0,
https://openalex.org/w2142381947,https://doi.org/10.1016/j.dental.2008.07.007,https://pubmed.ncbi.nlm.nih.gov/18760834,,0,
https://openalex.org/w2204759034,,https://pubmed.ncbi.nlm.nih.gov/11763924,,0,
https://openalex.org/w2077182680,https://doi.org/10.1289/ehp.1002367,https://pubmed.ncbi.nlm.nih.gov/20797929,040-305-880-224-713,0,
https://openalex.org/w2057299122,https://doi.org/10.1016/j.gene.2011.11.035,https://pubmed.ncbi.nlm.nih.gov/22173104,,0,
https://openalex.org/w2091962979,https://doi.org/10.1007/s10266-011-0002-9,https://pubmed.ncbi.nlm.nih.gov/21516294,068-994-900-645-746,0,
https://openalex.org/w2191881629,https://doi.org/10.3290/j.jad.a18242,https://pubmed.ncbi.nlm.nih.gov/21246064,,0,
https://openalex.org/w2017848232,https://doi.org/10.1016/j.envint.2013.02.014,https://pubmed.ncbi.nlm.nih.gov/23542682,041-221-128-368-67X,0,
https://openalex.org/w2034487114,https://doi.org/10.1016/j.mrgentox.2011.06.007,https://pubmed.ncbi.nlm.nih.gov/21736952,,0,
https://openalex.org/w2335563621,https://doi.org/10.1166/jnn.2011.3271,https://pubmed.ncbi.nlm.nih.gov/21446465,011-390-440-971-43X,0,
https://openalex.org/w1994698048,https://doi.org/10.1016/j.talanta.2012.11.022,https://pubmed.ncbi.nlm.nih.gov/23597882,,0,
https://openalex.org/w2121235430,https://doi.org/10.1177/00220345960750061201,https://pubmed.ncbi.nlm.nih.gov/8831636,048-093-100-363-077,0,
https://openalex.org/w2002561685,https://doi.org/10.1111/j.1365-2842.2005.01591.x,https://pubmed.ncbi.nlm.nih.gov/16774514,010-308-631-089-368,0,
https://openalex.org/w2088514819,https://doi.org/10.1371/journal.pone.0008673,https://pubmed.ncbi.nlm.nih.gov/20084273,169-969-904-321-500,0,
https://openalex.org/w2010492692,https://doi.org/10.1590/s0103-64402002000300010,https://pubmed.ncbi.nlm.nih.gov/12428595,150-791-937-175-25X,0,
https://openalex.org/w2410641604,,https://pubmed.ncbi.nlm.nih.gov/6280159,,0,
https://openalex.org/w2031158618,https://doi.org/10.4012/dmj.2009-099,https://pubmed.ncbi.nlm.nih.gov/20484831,019-080-757-151-488,0,
https://openalex.org/w1787668707,https://doi.org/10.1016/s0109-5641(01)00019-7,https://pubmed.ncbi.nlm.nih.gov/11740964,,0,
https://openalex.org/w42786922,,https://pubmed.ncbi.nlm.nih.gov/20802452,,0,
https://openalex.org/w2091773032,https://doi.org/10.1016/s0109-5641(02)00083-0,https://pubmed.ncbi.nlm.nih.gov/12742435,,0,
https://openalex.org/w2106654041,https://doi.org/10.1542/peds.113.s3.1070,https://pubmed.ncbi.nlm.nih.gov/15060201,185-791-589-718-931,0,
https://openalex.org/w2317414921,https://doi.org/10.1166/jnn.2009.368,https://pubmed.ncbi.nlm.nih.gov/19435059,003-228-794-192-948,0,
https://openalex.org/w168354745,,https://pubmed.ncbi.nlm.nih.gov/11763922,,0,
https://openalex.org/w1997092366,https://doi.org/10.1016/j.chemosphere.2006.12.012,https://pubmed.ncbi.nlm.nih.gov/17291567,,0,
https://openalex.org/w2024957336,https://doi.org/10.1021/es000198n,https://pubmed.ncbi.nlm.nih.gov/11478243,055-863-585-400-535,0,
https://openalex.org/w2019464659,https://doi.org/10.4012/dmj.2010-177,https://pubmed.ncbi.nlm.nih.gov/21597214,042-216-480-094-356,0,
https://openalex.org/w2132610864,https://doi.org/10.1111/j.1600-0722.1990.tb00984.x,https://pubmed.ncbi.nlm.nih.gov/2144661,118-971-881-877-516,0,
https://openalex.org/w2410636979,,https://pubmed.ncbi.nlm.nih.gov/11572290,,0,
https://openalex.org/w2104909728,https://doi.org/10.1111/j.1708-8240.2000.tb00233.x,https://pubmed.ncbi.nlm.nih.gov/11338493,101-156-260-616-059,0,
https://openalex.org/w2085534986,https://doi.org/10.1016/0300-5712(81)90087-7,https://pubmed.ncbi.nlm.nih.gov/6457063,,0,
https://openalex.org/w1985779900,https://doi.org/10.1289/ehp.1002883,https://pubmed.ncbi.nlm.nih.gov/21062687,086-335-537-641-356,0,
https://openalex.org/w2183509836,https://doi.org/10.1093/jat/34.6.293,https://pubmed.ncbi.nlm.nih.gov/20663281,100-533-249-003-205,0,
https://openalex.org/w1578181800,,https://pubmed.ncbi.nlm.nih.gov/14964680,,0,
https://openalex.org/w2068002480,https://doi.org/10.1097/00043764-198808000-00008,https://pubmed.ncbi.nlm.nih.gov/3049964,035-453-170-943-020,0,
https://openalex.org/w2087133395,https://doi.org/10.1016/j.steroids.2009.03.002,https://pubmed.ncbi.nlm.nih.gov/19463694,,0,
https://openalex.org/w132211256,,https://pubmed.ncbi.nlm.nih.gov/14964681,,0,
https://openalex.org/w2045198959,https://doi.org/10.1016/s0300-5712(01)00004-5,https://pubmed.ncbi.nlm.nih.gov/11306164,,0,
https://openalex.org/w2010425480,https://doi.org/10.4012/dmj.23.117,https://pubmed.ncbi.nlm.nih.gov/15287556,145-273-290-402-034,0,
https://openalex.org/w2129628885,https://doi.org/10.1093/toxsci/kfg040,https://pubmed.ncbi.nlm.nih.gov/12700409,029-831-472-992-475,0,
https://openalex.org/w2025214787,https://doi.org/10.1016/j.aca.2012.11.052,https://pubmed.ncbi.nlm.nih.gov/23312333,,0,
https://openalex.org/w2043372768,https://doi.org/10.1016/0109-5641(95)80002-6,https://pubmed.ncbi.nlm.nih.gov/7498610,,0,
https://openalex.org/w2417759190,,https://pubmed.ncbi.nlm.nih.gov/2978622,,0,
https://openalex.org/w2078148104,https://doi.org/10.1016/j.yrtph.2006.04.002,https://pubmed.ncbi.nlm.nih.gov/17222491,012-264-300-354-359,0,
https://openalex.org/w2167102082,https://doi.org/10.1016/s0109-5641(00)00051-8,https://pubmed.ncbi.nlm.nih.gov/11163382,,0,
https://openalex.org/w2160914986,https://doi.org/10.1016/j.envpol.2011.05.013,https://pubmed.ncbi.nlm.nih.gov/21645950,,0,
https://openalex.org/w2066097926,https://doi.org/10.1002/(sici)1097-4636(199601)30:1<85::aid-jbm11>3.0.co;2-p,https://pubmed.ncbi.nlm.nih.gov/8788109,025-175-176-716-582,0,
https://openalex.org/w2154910332,https://doi.org/10.1002/bmc.51,https://pubmed.ncbi.nlm.nih.gov/11438964,033-443-250-896-787,0,
https://openalex.org/w2118028477,https://doi.org/10.1007/s11356-012-0972-3,https://pubmed.ncbi.nlm.nih.gov/22648348,,0,
https://openalex.org/w2415647746,,https://pubmed.ncbi.nlm.nih.gov/6236540,,0,
https://openalex.org/w2078570134,https://doi.org/10.1111/j.1600-0536.1980.tb04999.x,https://pubmed.ncbi.nlm.nih.gov/7438749,,0,
https://openalex.org/w1970043457,https://doi.org/10.1111/j.1365-2591.2004.00807.x,https://pubmed.ncbi.nlm.nih.gov/15189434,115-037-272-773-031,0,
https://openalex.org/w1580983417,https://doi.org/10.1111/j.1600-0722.2010.00759.x,https://pubmed.ncbi.nlm.nih.gov/20831585,056-527-890-074-872,0,
https://openalex.org/w2418388221,,https://pubmed.ncbi.nlm.nih.gov/2150978,,0,
https://openalex.org/w1967323031,https://doi.org/10.1007/s00204-011-0651-z,https://pubmed.ncbi.nlm.nih.gov/21287149,047-545-765-690-521,0,
https://openalex.org/w2009261237,https://doi.org/10.1002/jssc.200800436,https://pubmed.ncbi.nlm.nih.gov/19035382,009-650-647-028-461,0,
https://openalex.org/w2075399420,https://doi.org/10.1016/0022-3913(92)90318-5,https://pubmed.ncbi.nlm.nih.gov/1386891,,0,
https://openalex.org/w1526911063,https://doi.org/10.3290/j.jad.a19230,https://pubmed.ncbi.nlm.nih.gov/21594226,,0,
https://openalex.org/w2019278400,https://doi.org/10.1289/ehp.6413,https://pubmed.ncbi.nlm.nih.gov/12948895,139-502-729-398-852,0,
https://openalex.org/w2144306628,https://doi.org/10.1016/j.chemosphere.2009.09.063,https://pubmed.ncbi.nlm.nih.gov/19853275,,0,
https://openalex.org/w2402796905,,https://pubmed.ncbi.nlm.nih.gov/6319657,,0,
https://openalex.org/w2068429490,https://doi.org/10.1016/j.watres.2004.02.023,https://pubmed.ncbi.nlm.nih.gov/15142794,,0,
https://openalex.org/w2049826726,https://doi.org/10.1007/s00784-003-0218-3,https://pubmed.ncbi.nlm.nih.gov/12915962,,0,
https://openalex.org/w2023795446,https://doi.org/10.1007/s00125-010-1984-5,https://pubmed.ncbi.nlm.nih.gov/21190014,001-601-508-015-036,0,
https://openalex.org/w2094035575,https://doi.org/10.1111/j.1365-2842.2004.01132.x,https://pubmed.ncbi.nlm.nih.gov/15634299,008-051-849-046-229,0,
https://openalex.org/w1995715269,https://doi.org/10.1289/ehp.104-1469430,https://pubmed.ncbi.nlm.nih.gov/8875145,,0,
https://openalex.org/w2041822671,https://doi.org/10.2341/10-064-c,https://pubmed.ncbi.nlm.nih.gov/21179997,028-710-838-574-802,0,
https://openalex.org/w2047561944,https://doi.org/10.2166/wst.2007.018,https://pubmed.ncbi.nlm.nih.gov/17305143,094-916-348-352-745,0,
https://openalex.org/w2330899895,https://doi.org/10.2166/wst.2013.068,https://pubmed.ncbi.nlm.nih.gov/23579844,030-493-243-560-691,0,
https://openalex.org/w2038226995,https://doi.org/10.1016/s0160-4120(03)00155-7,https://pubmed.ncbi.nlm.nih.gov/14749102,007-788-184-931-708,0,
https://openalex.org/w177326671,,https://pubmed.ncbi.nlm.nih.gov/11938918,,0,
https://openalex.org/w2411010851,,https://pubmed.ncbi.nlm.nih.gov/9511543,,0,
https://openalex.org/w2043764764,https://doi.org/10.1080/09593330.2012.701333,https://pubmed.ncbi.nlm.nih.gov/23530365,082-545-876-361-172,0,
https://openalex.org/w2018763505,https://doi.org/10.1016/j.reprotox.2010.04.004,https://pubmed.ncbi.nlm.nih.gov/20417706,044-020-137-157-59X,0,
https://openalex.org/w2023867774,https://doi.org/10.1016/j.talanta.2009.07.070,https://pubmed.ncbi.nlm.nih.gov/19836555,,0,
https://openalex.org/w2067900169,https://doi.org/10.1016/0300-5712(93)90158-m,https://pubmed.ncbi.nlm.nih.gov/8473591,,0,
https://openalex.org/w1966306769,https://doi.org/10.1002/bdrb.20155,https://pubmed.ncbi.nlm.nih.gov/18570258,,0,
https://openalex.org/w2127409061,https://doi.org/10.1016/j.chemosphere.2008.01.033,https://pubmed.ncbi.nlm.nih.gov/18313723,,0,
https://openalex.org/w1980593883,https://doi.org/10.1016/j.jdent.2012.03.005,https://pubmed.ncbi.nlm.nih.gov/22445789,121-343-259-320-487,0,
https://openalex.org/w2060028033,https://doi.org/10.1016/j.chemosphere.2008.07.057,https://pubmed.ncbi.nlm.nih.gov/18799186,,0,
https://openalex.org/w2091586819,https://doi.org/10.1016/j.scitotenv.2009.03.016,https://pubmed.ncbi.nlm.nih.gov/19362327,,0,
https://openalex.org/w2403138241,,https://pubmed.ncbi.nlm.nih.gov/11949794,,0,
https://openalex.org/w2167384747,https://doi.org/10.1016/j.yhbeh.2006.01.007,https://pubmed.ncbi.nlm.nih.gov/16540110,,1,
https://openalex.org/w2161412937,https://doi.org/10.1016/j.yhbeh.2013.03.004,https://pubmed.ncbi.nlm.nih.gov/23523742,,0,
https://openalex.org/w2108229745,https://doi.org/10.1093/toxsci/kfr273,https://pubmed.ncbi.nlm.nih.gov/22020768,,0,
https://openalex.org/w2021930498,https://doi.org/10.1016/j.toxlet.2011.07.007,https://pubmed.ncbi.nlm.nih.gov/21771643,,0,
https://openalex.org/w2123399835,https://doi.org/10.1177/074823379901500103,https://pubmed.ncbi.nlm.nih.gov/10188188,011-732-138-365-866,0,
https://openalex.org/w1987831362,https://doi.org/10.1016/j.ecoenv.2011.09.003,https://pubmed.ncbi.nlm.nih.gov/21944693,073-017-927-493-584,0,
https://openalex.org/w2166615681,https://doi.org/10.1093/ejo/26.5.535,https://pubmed.ncbi.nlm.nih.gov/15536843,159-585-134-681-482,0,
https://openalex.org/w2023617816,https://doi.org/10.1111/j.1600-0536.1991.tb01725.x,https://pubmed.ncbi.nlm.nih.gov/1868719,111-457-715-154-463,0,
https://openalex.org/w2093185736,https://doi.org/10.4012/dmj.2009-050,https://pubmed.ncbi.nlm.nih.gov/20379030,035-623-529-286-290,0,
https://openalex.org/w2169629002,https://doi.org/10.1177/0883911508089932,https://pubmed.ncbi.nlm.nih.gov/18607513,072-081-585-019-371,0,
https://openalex.org/w1738362859,https://doi.org/10.1111/j.1476-5381.2010.00687.x,https://pubmed.ncbi.nlm.nih.gov/20331605,051-709-658-067-657,0,
https://openalex.org/w2092329262,https://doi.org/10.1016/j.dental.2003.12.006,https://pubmed.ncbi.nlm.nih.gov/15501320,,0,
https://openalex.org/w1986505778,https://doi.org/10.1021/tx049953r,https://pubmed.ncbi.nlm.nih.gov/15310235,005-440-264-370-656,0,
https://openalex.org/w2008074205,https://doi.org/10.1016/j.dental.2008.02.012,https://pubmed.ncbi.nlm.nih.gov/18420264,,0,
https://openalex.org/w2149977703,https://doi.org/10.1016/j.reprotox.2007.06.008,https://pubmed.ncbi.nlm.nih.gov/17706921,103-579-692-577-855,0,
https://openalex.org/w2080500278,https://doi.org/10.2131/jts.26.111,https://pubmed.ncbi.nlm.nih.gov/11552294,016-579-343-217-591,0,
https://openalex.org/w2005860234,https://doi.org/10.1016/j.jdent.2006.01.008,https://pubmed.ncbi.nlm.nih.gov/16516370,,0,
https://openalex.org/w2054004209,https://doi.org/10.1177/00220345880670050401,https://pubmed.ncbi.nlm.nih.gov/2966818,074-843-235-463-668,0,
https://openalex.org/w2089013511,https://doi.org/10.1016/j.jdent.2005.09.004,https://pubmed.ncbi.nlm.nih.gov/16288948,,0,
https://openalex.org/w154746211,,https://pubmed.ncbi.nlm.nih.gov/12587752,,0,
https://openalex.org/w2330121268,https://doi.org/10.2166/wst.2004.0319,https://pubmed.ncbi.nlm.nih.gov/15497839,073-147-311-289-118,0,
https://openalex.org/w2098440133,https://doi.org/10.1016/j.ajog.2010.01.025,https://pubmed.ncbi.nlm.nih.gov/20350650,,0,
https://openalex.org/w2411797106,,https://pubmed.ncbi.nlm.nih.gov/23734545,,0,
https://openalex.org/w2014114430,https://doi.org/10.1006/rtph.2000.1412,https://pubmed.ncbi.nlm.nih.gov/11029274,026-620-526-809-404,0,
https://openalex.org/w2015740856,https://doi.org/10.1016/0142-9612(88)90014-2,https://pubmed.ncbi.nlm.nih.gov/2975954,,0,
https://openalex.org/w112312867,,https://pubmed.ncbi.nlm.nih.gov/18844441,,0,
https://openalex.org/w1998298997,https://doi.org/10.1016/j.biortech.2011.03.018,https://pubmed.ncbi.nlm.nih.gov/21504845,,0,
https://openalex.org/w2092753327,https://doi.org/10.1016/j.aca.2007.11.036,https://pubmed.ncbi.nlm.nih.gov/18190808,,0,
https://openalex.org/w2045421167,https://doi.org/10.1016/j.ygcen.2004.06.011,https://pubmed.ncbi.nlm.nih.gov/15364205,,0,
https://openalex.org/w2084709535,https://doi.org/10.1289/ehp.98106719,https://pubmed.ncbi.nlm.nih.gov/9799186,010-693-093-344-870,0,
https://openalex.org/w1347320,,https://pubmed.ncbi.nlm.nih.gov/15819146,,0,
https://openalex.org/w1997911829,https://doi.org/10.1016/s0304-3894(01)00335-1,https://pubmed.ncbi.nlm.nih.gov/11777589,,0,
https://openalex.org/w1973065917,https://doi.org/10.1007/s10266-009-0109-4,https://pubmed.ncbi.nlm.nih.gov/20155506,047-451-026-739-953,0,
https://openalex.org/w2406905903,,https://pubmed.ncbi.nlm.nih.gov/7908539,,0,
https://openalex.org/w1986907078,https://doi.org/10.1016/j.dental.2004.04.001,https://pubmed.ncbi.nlm.nih.gov/15705425,,0,
https://openalex.org/w123078718,,https://pubmed.ncbi.nlm.nih.gov/11695139,,0,
https://openalex.org/w2115092298,https://doi.org/10.1590/s0103-64402005000200004,https://pubmed.ncbi.nlm.nih.gov/16475603,098-090-648-187-195,0,
https://openalex.org/w2402404794,,https://pubmed.ncbi.nlm.nih.gov/14674504,,0,
https://openalex.org/w2312807889,https://doi.org/10.3724/sp.j.1123.2012.10033,https://pubmed.ncbi.nlm.nih.gov/23785998,162-164-507-313-029,0,
https://openalex.org/w1973009839,https://doi.org/10.1016/s0166-445x(02)00060-7,https://pubmed.ncbi.nlm.nih.gov/12359393,,0,
https://openalex.org/w2008686680,https://doi.org/10.1016/j.watres.2010.11.014,https://pubmed.ncbi.nlm.nih.gov/21131017,,0,
https://openalex.org/w2081777013,https://doi.org/10.1016/j.marpolbul.2011.01.026,https://pubmed.ncbi.nlm.nih.gov/21353256,,0,
https://openalex.org/w2411439961,,https://pubmed.ncbi.nlm.nih.gov/1829840,,0,
https://openalex.org/w2117522766,https://doi.org/10.1267/ahc.08036,https://pubmed.ncbi.nlm.nih.gov/19492024,115-776-890-673-694,0,
https://openalex.org/w2159929915,https://doi.org/10.1046/j.1365-2842.1998.00296.x,https://pubmed.ncbi.nlm.nih.gov/9758395,145-682-655-496-043,0,
https://openalex.org/w2992047864,,https://pubmed.ncbi.nlm.nih.gov/21516277,,0,
https://openalex.org/w2082465734,https://doi.org/10.1016/j.braindev.2010.12.011,https://pubmed.ncbi.nlm.nih.gov/21277127,,0,
https://openalex.org/w2087370445,https://doi.org/10.1016/j.neuroscience.2008.12.028,https://pubmed.ncbi.nlm.nih.gov/19162132,,0,
https://openalex.org/w2057010769,https://doi.org/10.1007/s11356-012-1131-6,https://pubmed.ncbi.nlm.nih.gov/22935862,,0,
https://openalex.org/w2016201583,https://doi.org/10.1016/j.chemosphere.2010.03.030,https://pubmed.ncbi.nlm.nih.gov/20394961,,0,
https://openalex.org/w2410278312,,https://pubmed.ncbi.nlm.nih.gov/11908380,,0,
https://openalex.org/w2036856280,https://doi.org/10.1002/bio.1170080605,https://pubmed.ncbi.nlm.nih.gov/8285110,035-880-927-995-524,0,
https://openalex.org/w2238922767,,https://pubmed.ncbi.nlm.nih.gov/16268403,,0,
https://openalex.org/w1964938134,https://doi.org/10.1016/j.fct.2004.03.010,https://pubmed.ncbi.nlm.nih.gov/15207384,,0,
https://openalex.org/w2027533003,https://doi.org/10.1016/j.reprotox.2004.05.002,https://pubmed.ncbi.nlm.nih.gov/15279878,,0,
https://openalex.org/w2080874070,https://doi.org/10.3109/09513590.2012.758702,https://pubmed.ncbi.nlm.nih.gov/23347089,103-273-034-428-012,0,
https://openalex.org/w2060602449,https://doi.org/10.1021/es0260115,https://pubmed.ncbi.nlm.nih.gov/12666940,047-419-825-676-725,0,
https://openalex.org/w2059395756,https://doi.org/10.1016/s0889-5406(00)70227-7,https://pubmed.ncbi.nlm.nih.gov/10672216,053-280-412-668-536,0,
https://openalex.org/w2125012515,https://doi.org/10.1590/s0103-64402008000100009,https://pubmed.ncbi.nlm.nih.gov/18438560,119-850-040-803-876,0,
https://openalex.org/w1989252193,https://doi.org/10.1016/0889-5406(87)90466-5,https://pubmed.ncbi.nlm.nih.gov/2949598,028-779-852-039-019,0,
https://openalex.org/w1970909747,https://doi.org/10.1366/0003702042641335,https://pubmed.ncbi.nlm.nih.gov/15606955,067-839-464-863-539,0,
https://openalex.org/w2118790362,https://doi.org/10.1093/toxsci/kfi278,https://pubmed.ncbi.nlm.nih.gov/16093527,011-258-025-563-668,0,
https://openalex.org/w2159459742,https://doi.org/10.1093/toxsci/kfq156,https://pubmed.ncbi.nlm.nih.gov/20498000,139-281-584-884-350,0,
https://openalex.org/w2415123635,,https://pubmed.ncbi.nlm.nih.gov/11469339,,0,
https://openalex.org/w2005183283,https://doi.org/10.1080/00016350410006905,https://pubmed.ncbi.nlm.nih.gov/15198390,087-074-894-429-875,0,
https://openalex.org/w2097119545,https://doi.org/10.1002/jbm.b.30818,https://pubmed.ncbi.nlm.nih.gov/17415774,005-397-924-128-769,0,
https://openalex.org/w2136424260,https://doi.org/10.1016/j.dental.2006.12.011,https://pubmed.ncbi.nlm.nih.gov/17408734,,0,
https://openalex.org/w2029652517,https://doi.org/10.1016/j.jdent.2005.01.008,https://pubmed.ncbi.nlm.nih.gov/16139700,,0,
https://openalex.org/w1972874493,https://doi.org/10.1016/j.brainresbull.2005.01.006,https://pubmed.ncbi.nlm.nih.gov/15811591,,0,
https://openalex.org/w10349417,,https://pubmed.ncbi.nlm.nih.gov/12092997,,0,
https://openalex.org/w124382845,,https://pubmed.ncbi.nlm.nih.gov/15119716,,0,
https://openalex.org/w2141792300,https://doi.org/10.1007/s11356-012-0852-x,https://pubmed.ncbi.nlm.nih.gov/22421800,,0,
https://openalex.org/w1978611138,https://doi.org/10.2341/09-051-l,https://pubmed.ncbi.nlm.nih.gov/20166411,008-942-342-431-477,0,
https://openalex.org/w1555750354,,https://pubmed.ncbi.nlm.nih.gov/18548961,,0,
https://openalex.org/w2030449439,https://doi.org/10.1016/s0099-2399(06)80549-2,https://pubmed.ncbi.nlm.nih.gov/7714436,,0,
https://openalex.org/w2126326722,https://doi.org/10.1111/j.1365-2265.2012.04500.x,https://pubmed.ncbi.nlm.nih.gov/22805002,113-128-765-520-332,0,
https://openalex.org/w2074914970,https://doi.org/10.1515/znc-2001-3-414,https://pubmed.ncbi.nlm.nih.gov/11371017,022-397-145-457-930,0,
https://openalex.org/w2045702479,https://doi.org/10.1002/jab.770040204,https://pubmed.ncbi.nlm.nih.gov/10148600,152-816-640-869-374,0,
https://openalex.org/w2171127924,https://doi.org/10.1530/eje-08-0458,https://pubmed.ncbi.nlm.nih.gov/18647820,001-932-377-262-390,0,
https://openalex.org/w2029557423,https://doi.org/10.1067/mod.2001.115037,https://pubmed.ncbi.nlm.nih.gov/11455378,123-553-766-854-158,0,
https://openalex.org/w2023487414,https://doi.org/10.1016/j.jhazmat.2009.09.007,https://pubmed.ncbi.nlm.nih.gov/19773125,,0,
https://openalex.org/w2110984008,https://doi.org/10.1002/bdra.20120,https://pubmed.ncbi.nlm.nih.gov/15751043,112-366-974-559-046,0,
https://openalex.org/w2003024895,https://doi.org/10.1080/00498250210163315,https://pubmed.ncbi.nlm.nih.gov/12419020,080-295-024-799-500,0,
https://openalex.org/w2411004342,,https://pubmed.ncbi.nlm.nih.gov/6236238,,0,
https://openalex.org/w4299352206,,https://pubmed.ncbi.nlm.nih.gov/18688982,,0,
https://openalex.org/w2173040583,,https://pubmed.ncbi.nlm.nih.gov/21243545,,0,
https://openalex.org/w1758337276,https://doi.org/10.1111/j.1600-0722.2011.00830.x,https://pubmed.ncbi.nlm.nih.gov/21726293,029-706-202-280-600,0,
https://openalex.org/w2313196067,https://doi.org/10.1289/ehp.108-a545,https://pubmed.ncbi.nlm.nih.gov/11133409,,0,
https://openalex.org/w1973170889,https://doi.org/10.17796/jcpd.26.4.v8lm755w4n414113,https://pubmed.ncbi.nlm.nih.gov/12175131,048-247-297-133-978,0,
https://openalex.org/w2107450430,https://doi.org/10.1016/s1389-1723(03)80186-x,https://pubmed.ncbi.nlm.nih.gov/16233514,,0,
https://openalex.org/w2430213637,https://doi.org/10.1007/bf02285418,https://pubmed.ncbi.nlm.nih.gov/7851826,,0,
https://openalex.org/w2152389456,https://doi.org/10.2307/1543194,https://pubmed.ncbi.nlm.nih.gov/14977726,057-915-622-891-463,0,
https://openalex.org/w2035228402,https://doi.org/10.1007/bf03262570,https://pubmed.ncbi.nlm.nih.gov/17394891,,0,
https://openalex.org/w2048304827,https://doi.org/10.14219/jada.archive.2001.0337,https://pubmed.ncbi.nlm.nih.gov/11575019,062-835-479-152-254,0,
https://openalex.org/w2408345677,,https://pubmed.ncbi.nlm.nih.gov/15724755,,0,
https://openalex.org/w2404942020,,https://pubmed.ncbi.nlm.nih.gov/2151815,,0,
https://openalex.org/w2030475964,https://doi.org/10.4161/cbt.18942,https://pubmed.ncbi.nlm.nih.gov/22258036,068-945-011-884-631,0,
https://openalex.org/w1987612589,https://doi.org/10.1021/ja804082m,https://pubmed.ncbi.nlm.nih.gov/18788738,021-922-499-401-420,0,
https://openalex.org/w2282889287,,https://pubmed.ncbi.nlm.nih.gov/19630285,,0,
https://openalex.org/w2040074963,https://doi.org/10.1124/dmd.30.11.1180,https://pubmed.ncbi.nlm.nih.gov/12386122,004-216-675-334-665,0,
https://openalex.org/w1988409832,https://doi.org/10.1007/bf02013248,https://pubmed.ncbi.nlm.nih.gov/737559,,0,
https://openalex.org/w1979440858,https://doi.org/10.1021/tx0001833,https://pubmed.ncbi.nlm.nih.gov/11258963,005-678-537-608-683,0,
https://openalex.org/w2100561568,https://doi.org/10.1016/j.dental.2006.02.009,https://pubmed.ncbi.nlm.nih.gov/16540163,006-331-465-207-832,0,
https://openalex.org/w7437987,,https://pubmed.ncbi.nlm.nih.gov/9433024,,0,
https://openalex.org/w2058124472,https://doi.org/10.1016/s0889-5406(97)70304-4,https://pubmed.ncbi.nlm.nih.gov/9009926,054-038-343-326-313,0,
https://openalex.org/w4250880872,https://doi.org/10.1038/scientificamerican0410-30,https://pubmed.ncbi.nlm.nih.gov/20349568,,0,
https://openalex.org/w2073071103,https://doi.org/10.1016/j.taap.2012.12.006,https://pubmed.ncbi.nlm.nih.gov/23261975,,0,
https://openalex.org/w2419648592,,https://pubmed.ncbi.nlm.nih.gov/6218512,,0,
https://openalex.org/w2040149567,https://doi.org/10.2174/138620706779026024,https://pubmed.ncbi.nlm.nih.gov/17168680,008-085-868-313-367,0,
https://openalex.org/w2182556616,,https://pubmed.ncbi.nlm.nih.gov/21638962,,0,
https://openalex.org/w2089685709,https://doi.org/10.2341/07-96,https://pubmed.ncbi.nlm.nih.gov/18505226,027-413-110-115-083,0,
https://openalex.org/w2137529286,https://doi.org/10.1186/1755-8794-3-17,https://pubmed.ncbi.nlm.nih.gov/20459635,090-328-402-504-10X,0,
https://openalex.org/w2005899210,https://doi.org/10.1021/es200588w,https://pubmed.ncbi.nlm.nih.gov/21678910,057-431-028-506-373,0,
https://openalex.org/w2057613124,https://doi.org/10.1016/j.dental.2007.09.001,https://pubmed.ncbi.nlm.nih.gov/17964643,,0,
https://openalex.org/w1972792970,https://doi.org/10.1016/0109-5641(92)90089-u,https://pubmed.ncbi.nlm.nih.gov/1345041,,0,
https://openalex.org/w17643162,https://doi.org/10.3290/j.jad.a8960,https://pubmed.ncbi.nlm.nih.gov/15119585,,0,
https://openalex.org/w1967405769,https://doi.org/10.1002/bdrb.20275,https://pubmed.ncbi.nlm.nih.gov/21136531,002-332-574-605-978,0,
https://openalex.org/w125999883,,https://pubmed.ncbi.nlm.nih.gov/10218026,,0,
https://openalex.org/w2083459837,https://doi.org/10.1111/j.1600-0536.1990.tb04779.x,https://pubmed.ncbi.nlm.nih.gov/2149318,032-348-274-864-964,0,
https://openalex.org/w127162509,https://doi.org/10.3290/j.jad.a22711,https://pubmed.ncbi.nlm.nih.gov/22282752,,0,
https://openalex.org/w2134295649,https://doi.org/10.1016/0022-3913(93)90291-u,https://pubmed.ncbi.nlm.nih.gov/8320648,,0,
https://openalex.org/w2061531288,https://doi.org/10.1007/s007840000086,https://pubmed.ncbi.nlm.nih.gov/11218488,,0,
https://openalex.org/w2016531060,https://doi.org/10.1016/j.jhazmat.2009.09.041,https://pubmed.ncbi.nlm.nih.gov/19782469,,0,
https://openalex.org/w32186588,,https://pubmed.ncbi.nlm.nih.gov/15794038,,0,
https://openalex.org/w2041376574,https://doi.org/10.4012/dmj.2011-146,https://pubmed.ncbi.nlm.nih.gov/22447050,022-339-675-445-827,0,
https://openalex.org/w2028712844,https://doi.org/10.1289/ehp.0901610,https://pubmed.ncbi.nlm.nih.gov/20049178,030-162-204-140-831,0,
https://openalex.org/w2119881170,https://doi.org/10.1590/s0102-311x2002000200015,https://pubmed.ncbi.nlm.nih.gov/11923892,017-236-186-743-513,0,
https://openalex.org/w118922958,,https://pubmed.ncbi.nlm.nih.gov/14531612,,0,
https://openalex.org/w2041704627,https://doi.org/10.1111/j.1708-8240.2000.tb00192.x,https://pubmed.ncbi.nlm.nih.gov/11323834,146-086-360-870-582,0,
https://openalex.org/w2139129778,https://doi.org/10.1177/00220345840630062501,https://pubmed.ncbi.nlm.nih.gov/6234340,124-779-644-806-922,0,
https://openalex.org/w2041991196,https://doi.org/10.1080/02652030400007294,https://pubmed.ncbi.nlm.nih.gov/15666984,043-389-393-338-393,0,
https://openalex.org/w2443315854,,https://pubmed.ncbi.nlm.nih.gov/6240418,,0,
https://openalex.org/w2399906978,,https://pubmed.ncbi.nlm.nih.gov/16536341,,0,
https://openalex.org/w1971583326,https://doi.org/10.1021/ol0493305,https://pubmed.ncbi.nlm.nih.gov/15228274,026-495-212-180-359,0,
https://openalex.org/w2314136388,https://doi.org/10.1021/la300018t,https://pubmed.ncbi.nlm.nih.gov/22512858,018-360-364-270-347,0,
https://openalex.org/w2020943781,https://doi.org/10.1021/es0609598,https://pubmed.ncbi.nlm.nih.gov/17256545,149-491-365-576-882,0,
https://openalex.org/w1998101308,https://doi.org/10.1002/(sici)1097-0231(19991130)13:22<2268::aid-rcm785>3.0.co;2-s,https://pubmed.ncbi.nlm.nih.gov/10547635,023-325-971-733-769,0,
https://openalex.org/w2313806582,https://doi.org/10.1021/ja109104f,https://pubmed.ncbi.nlm.nih.gov/21306158,053-252-922-163-628,0,
https://openalex.org/w2002310413,https://doi.org/10.1289/ehp.6753,https://pubmed.ncbi.nlm.nih.gov/15159206,031-480-462-093-177,0,
https://openalex.org/w1980251140,https://doi.org/10.1016/j.toxlet.2013.03.011,https://pubmed.ncbi.nlm.nih.gov/23528252,,0,
https://openalex.org/w2231568800,,https://pubmed.ncbi.nlm.nih.gov/11763947,,0,
https://openalex.org/w1804680364,,https://pubmed.ncbi.nlm.nih.gov/15875766,,0,
https://openalex.org/w85657632,,https://pubmed.ncbi.nlm.nih.gov/12064500,,0,
https://openalex.org/w2057171830,https://doi.org/10.1016/0022-3913(91)90163-q,https://pubmed.ncbi.nlm.nih.gov/2051355,,0,
https://openalex.org/w1625215485,https://doi.org/10.1038/35053303,https://pubmed.ncbi.nlm.nih.gov/11201709,,0,
https://openalex.org/w2029632797,https://doi.org/10.2341/04-201,https://pubmed.ncbi.nlm.nih.gov/16536201,003-025-513-221-803,0,
https://openalex.org/w2020130109,https://doi.org/10.1016/j.marenvres.2008.02.005,https://pubmed.ncbi.nlm.nih.gov/18378294,010-845-546-630-002,0,
https://openalex.org/w2138307160,https://doi.org/10.1016/j.dental.2010.11.017,https://pubmed.ncbi.nlm.nih.gov/21168907,,0,
https://openalex.org/w2417543174,,https://pubmed.ncbi.nlm.nih.gov/6461471,,0,
https://openalex.org/w1977105500,https://doi.org/10.1016/s0109-5641(00)00007-5,https://pubmed.ncbi.nlm.nih.gov/10762678,,0,
https://openalex.org/w1491718075,https://doi.org/10.1111/j.1741-2358.2011.00565.x,https://pubmed.ncbi.nlm.nih.gov/22023307,033-154-646-111-260,0,
https://openalex.org/w2151572760,https://doi.org/10.1080/02652030802706725,https://pubmed.ncbi.nlm.nih.gov/19680968,093-181-439-813-833,0,
https://openalex.org/w123537043,,https://pubmed.ncbi.nlm.nih.gov/15551945,,0,
https://openalex.org/w944021060,,https://pubmed.ncbi.nlm.nih.gov/20050572,,0,
https://openalex.org/w1974297997,https://doi.org/10.1177/00220345880670051601,https://pubmed.ncbi.nlm.nih.gov/2966821,026-548-044-281-551,0,
https://openalex.org/w2156485114,https://doi.org/10.1080/19440049.2010.508183,https://pubmed.ncbi.nlm.nih.gov/20835936,069-828-832-102-936,0,
https://openalex.org/w1980916515,https://doi.org/10.1289/ehp.117-a163a,https://pubmed.ncbi.nlm.nih.gov/19440483,006-171-853-247-457,0,
https://openalex.org/w2095325292,https://doi.org/10.1002/(sici)1097-0231(19991130)13:22<2260::aid-rcm784>3.0.co;2-i,https://pubmed.ncbi.nlm.nih.gov/10547634,074-420-972-677-338,0,
https://openalex.org/w1981521364,https://doi.org/10.1021/es303960k,https://pubmed.ncbi.nlm.nih.gov/23151244,026-632-303-944-770,0,
https://openalex.org/w2028625394,https://doi.org/10.1007/s00216-011-5178-x,https://pubmed.ncbi.nlm.nih.gov/21720736,,0,
https://openalex.org/w2044483217,https://doi.org/10.1016/s0041-008x(03)00095-4,https://pubmed.ncbi.nlm.nih.gov/12781627,,0,
https://openalex.org/w2071685483,https://doi.org/10.1007/s00253-004-1770-8,https://pubmed.ncbi.nlm.nih.gov/15549288,007-078-366-409-789,0,
https://openalex.org/w2039894994,https://doi.org/10.1016/j.jhazmat.2010.07.083,https://pubmed.ncbi.nlm.nih.gov/20724070,,0,
https://openalex.org/w2023324028,https://doi.org/10.1016/j.mrgentox.2006.05.012,https://pubmed.ncbi.nlm.nih.gov/16870492,,0,
https://openalex.org/w2079859100,https://doi.org/10.1021/bm9008099,https://pubmed.ncbi.nlm.nih.gov/19961236,056-370-570-747-289,0,
https://openalex.org/w2045071977,https://doi.org/10.1210/endo.141.9.7649,https://pubmed.ncbi.nlm.nih.gov/10965916,000-529-136-182-350,0,
https://openalex.org/w2025188253,https://doi.org/10.1016/0300-5712(94)90202-x,https://pubmed.ncbi.nlm.nih.gov/8027461,,0,
https://openalex.org/w2048282506,https://doi.org/10.1007/s00784-009-0258-4,https://pubmed.ncbi.nlm.nih.gov/19242739,,0,
https://openalex.org/w1994929237,https://doi.org/10.1016/j.chemosphere.2011.05.053,https://pubmed.ncbi.nlm.nih.gov/21703660,,0,
https://openalex.org/w2415631587,,https://pubmed.ncbi.nlm.nih.gov/1535776,,0,
https://openalex.org/w2151964856,https://doi.org/10.2341/09-081-l,https://pubmed.ncbi.nlm.nih.gov/20166418,017-742-714-621-360,0,
https://openalex.org/w2037858092,https://doi.org/10.1007/s00216-006-0870-y,https://pubmed.ncbi.nlm.nih.gov/17058071,031-011-518-976-365,0,
https://openalex.org/w2076938890,https://doi.org/10.1016/0109-5641(91)90039-2,https://pubmed.ncbi.nlm.nih.gov/1839898,,0,
https://openalex.org/w2038476888,https://doi.org/10.1001/jama.298.13.1499,https://pubmed.ncbi.nlm.nih.gov/17911488,,0,
https://openalex.org/w1980801644,https://doi.org/10.4012/dmj.24.195,https://pubmed.ncbi.nlm.nih.gov/16022438,091-534-916-842-679,0,
https://openalex.org/w1975632498,https://doi.org/10.3109/01480545.2011.644561,https://pubmed.ncbi.nlm.nih.gov/22263531,040-532-713-515-484,0,
https://openalex.org/w2020402908,https://doi.org/10.4012/dmj.2011-251,https://pubmed.ncbi.nlm.nih.gov/22864218,011-801-429-284-229,0,
https://openalex.org/w2171725477,https://doi.org/10.1016/j.tiv.2012.09.014,https://pubmed.ncbi.nlm.nih.gov/23036893,,0,
https://openalex.org/w2119352549,https://doi.org/10.1289/ehp.0800265,https://pubmed.ncbi.nlm.nih.gov/19440505,000-637-645-101-748,0,
https://openalex.org/w1995571244,https://doi.org/10.1016/s0889-5406(95)70085-4,https://pubmed.ncbi.nlm.nih.gov/7625397,034-757-988-742-205,0,
https://openalex.org/w2081135555,https://doi.org/10.1016/j.plefa.2005.08.002,https://pubmed.ncbi.nlm.nih.gov/16181777,,0,
https://openalex.org/w1967681941,https://doi.org/10.17796/jcpd.34.4.p5h1068v41ggt450,https://pubmed.ncbi.nlm.nih.gov/20831131,007-470-239-767-571,0,
https://openalex.org/w2072133816,https://doi.org/10.1016/j.actbio.2012.10.002,https://pubmed.ncbi.nlm.nih.gov/23059413,,0,
https://openalex.org/w2119956833,https://doi.org/10.1016/s0300-5712(97)00008-0,https://pubmed.ncbi.nlm.nih.gov/9540317,,0,
https://openalex.org/w2080890245,https://doi.org/10.2478/10004-1254-64-2013-2319,https://pubmed.ncbi.nlm.nih.gov/23819927,044-682-147-459-228,0,
https://openalex.org/w2049430400,https://doi.org/10.1016/j.fct.2008.01.006,https://pubmed.ncbi.nlm.nih.gov/18289761,,0,
https://openalex.org/w2075354935,https://doi.org/10.1016/s0378-4274(02)00130-3,https://pubmed.ncbi.nlm.nih.gov/12243870,,0,
https://openalex.org/w2152297807,https://doi.org/10.1016/s1001-0742(09)60297-7,https://pubmed.ncbi.nlm.nih.gov/21235194,016-155-348-611-863,0,
https://openalex.org/w2004959234,https://doi.org/10.1038/jp.2012.12,https://pubmed.ncbi.nlm.nih.gov/22402483,004-636-095-957-12X,0,
https://openalex.org/w4301043497,,https://pubmed.ncbi.nlm.nih.gov/19069219,,0,
https://openalex.org/w2021364463,https://doi.org/10.1016/j.dental.2012.09.010,https://pubmed.ncbi.nlm.nih.gov/23036863,,0,
https://openalex.org/w1512684790,https://doi.org/10.1021/jf902132j,https://pubmed.ncbi.nlm.nih.gov/19691325,034-102-490-062-467,0,
https://openalex.org/w1976639697,https://doi.org/10.1021/es0501619,https://pubmed.ncbi.nlm.nih.gov/16173567,046-964-802-309-786,0,
https://openalex.org/w43778814,https://doi.org/10.3290/j.jad.a21853,https://pubmed.ncbi.nlm.nih.gov/21734972,,0,
https://openalex.org/w1968328707,https://doi.org/10.1016/j.dental.2007.05.020,https://pubmed.ncbi.nlm.nih.gov/17681594,,0,
https://openalex.org/w2426592176,,https://pubmed.ncbi.nlm.nih.gov/10682608,,0,
https://openalex.org/w2169682558,https://doi.org/10.1093/toxsci/68.1.32,https://pubmed.ncbi.nlm.nih.gov/12075108,012-394-222-060-691,0,
https://openalex.org/w2048625316,https://doi.org/10.1016/j.lfs.2006.07.013,https://pubmed.ncbi.nlm.nih.gov/16905155,,0,
https://openalex.org/w2072786140,https://doi.org/10.1016/s0109-5641(97)80027-9,https://pubmed.ncbi.nlm.nih.gov/9758975,,0,
https://openalex.org/w2169325224,https://doi.org/10.1007/s10856-007-3247-7,https://pubmed.ncbi.nlm.nih.gov/17914626,003-501-296-934-384,0,
https://openalex.org/w2044527694,https://doi.org/10.1016/s0303-7207(02)00094-1,https://pubmed.ncbi.nlm.nih.gov/12161000,,0,
https://openalex.org/w1989057191,https://doi.org/10.1002/jbm.a.10245,https://pubmed.ncbi.nlm.nih.gov/12483706,031-772-303-435-541,0,
https://openalex.org/w2396873728,,https://pubmed.ncbi.nlm.nih.gov/8695192,,0,
https://openalex.org/w2145673295,https://doi.org/10.1111/j.1600-0722.1982.tb00765.x,https://pubmed.ncbi.nlm.nih.gov/6961514,054-622-339-152-835,0,
https://openalex.org/w2070852131,https://doi.org/10.1007/s10661-008-0731-6,https://pubmed.ncbi.nlm.nih.gov/19184484,,0,
https://openalex.org/w2069161656,https://doi.org/10.11005/jbm.2012.19.2.87,https://pubmed.ncbi.nlm.nih.gov/24524038,042-030-540-141-105,0,
https://openalex.org/w2400794780,https://doi.org/10.3290/j.qi.a28744,https://pubmed.ncbi.nlm.nih.gov/23444159,,0,
https://openalex.org/w2029805889,https://doi.org/10.1016/j.jsbmb.2003.11.005,https://pubmed.ncbi.nlm.nih.gov/15084347,,0,
https://openalex.org/w200724835,,https://pubmed.ncbi.nlm.nih.gov/14531590,,0,
https://openalex.org/w1994304919,https://doi.org/10.1364/ao.42.006747,https://pubmed.ncbi.nlm.nih.gov/14658479,008-141-120-019-452,0,
https://openalex.org/w172306884,https://doi.org/10.3290/j.jad.a29531,https://pubmed.ncbi.nlm.nih.gov/23560256,,0,
https://openalex.org/w2160607654,https://doi.org/10.1002/etc.5620210906,https://pubmed.ncbi.nlm.nih.gov/12206418,115-486-176-234-170,0,
https://openalex.org/w126853842,https://doi.org/10.4315/0362-028x-72.12.2571,https://pubmed.ncbi.nlm.nih.gov/20003741,097-985-773-676-730,0,
https://openalex.org/w2157420091,https://doi.org/10.1093/toxsci/62.2.221,https://pubmed.ncbi.nlm.nih.gov/11452134,051-289-032-796-294,0,
https://openalex.org/w1980614042,https://doi.org/10.1016/0022-3913(94)90338-7,https://pubmed.ncbi.nlm.nih.gov/7965898,,0,
https://openalex.org/w1975241078,https://doi.org/10.3928/08910162-20100329-04,https://pubmed.ncbi.nlm.nih.gov/20415343,019-500-069-715-583,0,
https://openalex.org/w2047405408,https://doi.org/10.3358/shokueishi.43.260,https://pubmed.ncbi.nlm.nih.gov/12436722,029-149-129-941-847,0,
https://openalex.org/w2051498035,https://doi.org/10.1111/j.1365-2842.1982.tb01042.x,https://pubmed.ncbi.nlm.nih.gov/6217305,101-527-359-505-404,0,
https://openalex.org/w2141143536,https://doi.org/10.1016/s0889-5406(98)70191-x,https://pubmed.ncbi.nlm.nih.gov/9790330,059-804-926-920-455,0,
https://openalex.org/w1983915049,https://doi.org/10.1016/j.prosdent.2006.06.003,https://pubmed.ncbi.nlm.nih.gov/16911888,,0,
https://openalex.org/w2019421584,https://doi.org/10.1177/00220345910700031001,https://pubmed.ncbi.nlm.nih.gov/1825669,091-884-327-202-059,0,
https://openalex.org/w2432105784,,https://pubmed.ncbi.nlm.nih.gov/1840300,,0,
https://openalex.org/w2077705992,https://doi.org/10.1016/j.dental.2006.10.006,https://pubmed.ncbi.nlm.nih.gov/17125829,,0,
https://openalex.org/w1890090516,,https://pubmed.ncbi.nlm.nih.gov/18505644,,0,
https://openalex.org/w2063049000,https://doi.org/10.2116/analsci.21.1125,https://pubmed.ncbi.nlm.nih.gov/16363485,022-859-041-891-701,0,
https://openalex.org/w2402358147,,https://pubmed.ncbi.nlm.nih.gov/23213705,,0,
https://openalex.org/w2466746242,,https://pubmed.ncbi.nlm.nih.gov/7986445,,0,
https://openalex.org/w32153601,,https://pubmed.ncbi.nlm.nih.gov/12877424,,0,
https://openalex.org/w1983402391,https://doi.org/10.1016/j.aca.2007.09.045,https://pubmed.ncbi.nlm.nih.gov/17950059,,0,
https://openalex.org/w2044597885,https://doi.org/10.1016/j.jcis.2009.04.068,https://pubmed.ncbi.nlm.nih.gov/19464696,,0,
https://openalex.org/w2030526589,https://doi.org/10.1016/j.bios.2010.12.030,https://pubmed.ncbi.nlm.nih.gov/21256730,,0,
https://openalex.org/w2466365578,,https://pubmed.ncbi.nlm.nih.gov/3860956,,0,
https://openalex.org/w90982559,,https://pubmed.ncbi.nlm.nih.gov/21446113,,0,
https://openalex.org/w2039027073,https://doi.org/10.1038/cddis.2013.203,https://pubmed.ncbi.nlm.nih.gov/23788033,068-040-990-647-878,0,
https://openalex.org/w2042984106,https://doi.org/10.2174/138920006774832596,https://pubmed.ncbi.nlm.nih.gov/16454694,031-344-691-845-444,0,
https://openalex.org/w2046398173,https://doi.org/10.1016/j.dental.2012.08.009,https://pubmed.ncbi.nlm.nih.gov/23083514,,0,
https://openalex.org/w2169966605,https://doi.org/10.3390/ijerph2004010003,https://pubmed.ncbi.nlm.nih.gov/16696175,051-705-320-122-366,0,
https://openalex.org/w2090167166,https://doi.org/10.1016/0109-5641(94)90017-5,https://pubmed.ncbi.nlm.nih.gov/7995470,,0,
https://openalex.org/w1980559113,https://doi.org/10.1177/0022034510363662,https://pubmed.ncbi.nlm.nih.gov/20173183,001-811-046-993-550,0,
https://openalex.org/w2137598288,https://doi.org/10.1034/j.1600-0722.2000.00919.x,https://pubmed.ncbi.nlm.nih.gov/11153931,125-393-359-325-665,0,
https://openalex.org/w2159070679,https://doi.org/10.1007/s00216-012-6187-0,https://pubmed.ncbi.nlm.nih.gov/22760502,021-936-791-246-891,0,
https://openalex.org/w2070845710,https://doi.org/10.1016/0109-5641(93)90051-q,https://pubmed.ncbi.nlm.nih.gov/7995485,,0,
https://openalex.org/w2050783031,https://doi.org/10.1016/j.ntt.2012.03.004,https://pubmed.ncbi.nlm.nih.gov/22507915,,0,
https://openalex.org/w2070214813,https://doi.org/10.1016/j.ymeth.2012.07.011,https://pubmed.ncbi.nlm.nih.gov/22819857,,0,
https://openalex.org/w2100459907,https://doi.org/10.1093/aje/kwq023,https://pubmed.ncbi.nlm.nih.gov/20332145,003-694-151-070-46X,0,
https://openalex.org/w2139256870,https://doi.org/10.1098/rstb.2008.0284,https://pubmed.ncbi.nlm.nih.gov/19528054,044-126-777-364-234,0,
https://openalex.org/w176632087,,https://pubmed.ncbi.nlm.nih.gov/11203947,,0,
https://openalex.org/w2005214078,https://doi.org/10.1002/jbm.b.30211,https://pubmed.ncbi.nlm.nih.gov/15954119,030-960-720-628-549,0,
https://openalex.org/w2079480468,https://doi.org/10.2341/04-155,https://pubmed.ncbi.nlm.nih.gov/16536188,080-483-595-453-499,0,
https://openalex.org/w2024547391,https://doi.org/10.1263/jbb.99.642,https://pubmed.ncbi.nlm.nih.gov/16233844,,0,
https://openalex.org/w2025292518,https://doi.org/10.1016/j.bcp.2008.05.010,https://pubmed.ncbi.nlm.nih.gov/18555207,,0,
https://openalex.org/w2069507991,https://doi.org/10.1007/s00232-013-9545-8,https://pubmed.ncbi.nlm.nih.gov/23575985,,0,
https://openalex.org/w2415554070,,https://pubmed.ncbi.nlm.nih.gov/2534824,,0,
https://openalex.org/w2131236676,https://doi.org/10.1080/00498250701397697,https://pubmed.ncbi.nlm.nih.gov/17620216,012-198-407-900-863,0,
https://openalex.org/w2087546038,https://doi.org/10.1016/0300-5712(95)00058-5,https://pubmed.ncbi.nlm.nih.gov/8675794,,0,
https://openalex.org/w2077007354,https://doi.org/10.1080/09513590902730804,https://pubmed.ncbi.nlm.nih.gov/19903033,046-713-270-203-529,0,
https://openalex.org/w2471259590,https://doi.org/10.1007/s10695-011-9548-2,https://pubmed.ncbi.nlm.nih.gov/21850400,,0,
https://openalex.org/w2016888356,https://doi.org/10.1016/s0024-3205(01)01538-7,https://pubmed.ncbi.nlm.nih.gov/12005180,,0,
https://openalex.org/w2171959218,https://doi.org/10.2334/josnusd.54.261,https://pubmed.ncbi.nlm.nih.gov/23047037,045-830-446-241-198,0,
https://openalex.org/w1992962859,https://doi.org/10.1016/j.envpol.2007.05.032,https://pubmed.ncbi.nlm.nih.gov/17698268,,0,
https://openalex.org/w2332062150,https://doi.org/10.1179/bjo.15.4.277,https://pubmed.ncbi.nlm.nih.gov/2974307,,0,
https://openalex.org/w1917267063,https://doi.org/10.13128/ijae-8709,https://pubmed.ncbi.nlm.nih.gov/21072998,,0,
https://openalex.org/w2414287203,,https://pubmed.ncbi.nlm.nih.gov/14765638,,0,
https://openalex.org/w2004850899,https://doi.org/10.1016/s0889-5406(95)70018-8,https://pubmed.ncbi.nlm.nih.gov/7661141,010-139-712-645-691,0,
https://openalex.org/w1489721440,https://doi.org/10.1111/j.1747-4477.2010.00253.x,https://pubmed.ncbi.nlm.nih.gov/21771181,085-519-121-189-749,0,
https://openalex.org/w2101981022,https://doi.org/10.14219/jada.archive.1985.0333,https://pubmed.ncbi.nlm.nih.gov/3158684,133-039-584-938-634,0,
https://openalex.org/w2051829489,https://doi.org/10.1001/archinternmed.2012.2329,https://pubmed.ncbi.nlm.nih.gov/22688684,021-609-192-099-916,0,
https://openalex.org/w147173782,,https://pubmed.ncbi.nlm.nih.gov/16052760,,0,
https://openalex.org/w2059194947,https://doi.org/10.1016/s0889-5406(97)70212-9,https://pubmed.ncbi.nlm.nih.gov/9057616,014-136-195-050-391,0,
https://openalex.org/w2066952563,https://doi.org/10.1016/0021-9290(84)90021-6,https://pubmed.ncbi.nlm.nih.gov/6237109,,0,
https://openalex.org/w2067011691,https://doi.org/10.4103/0253-7613.84971,https://pubmed.ncbi.nlm.nih.gov/22021999,009-440-337-153-819,0,
https://openalex.org/w2062610546,https://doi.org/10.1007/s10856-009-3847-5,https://pubmed.ncbi.nlm.nih.gov/19693655,063-456-183-529-178,0,
https://openalex.org/w2097300147,https://doi.org/10.1590/s1678-77572012000200012,https://pubmed.ncbi.nlm.nih.gov/22666836,054-884-209-159-510,0,
https://openalex.org/w2040138503,https://doi.org/10.1590/s1517-74912001000200013,https://pubmed.ncbi.nlm.nih.gov/11705199,010-624-466-866-227,0,
https://openalex.org/w1970473075,https://doi.org/10.1007/s12275-011-1230-y,https://pubmed.ncbi.nlm.nih.gov/22068501,,0,
https://openalex.org/w2085076766,https://doi.org/10.1002/bmc.345,https://pubmed.ncbi.nlm.nih.gov/15386523,026-938-586-531-459,0,
https://openalex.org/w2417778148,,https://pubmed.ncbi.nlm.nih.gov/1631273,,0,
https://openalex.org/w2059628722,https://doi.org/10.1016/0002-9416(81)90357-2,https://pubmed.ncbi.nlm.nih.gov/6453532,,0,
https://openalex.org/w2003636092,https://doi.org/10.1016/j.bbrc.2008.09.028,https://pubmed.ncbi.nlm.nih.gov/18804091,,0,
https://openalex.org/w2076138484,https://doi.org/10.1016/s0269-7491(02)00364-0,https://pubmed.ncbi.nlm.nih.gov/12663205,,0,
https://openalex.org/w1967098650,https://doi.org/10.2341/09-135-l,https://pubmed.ncbi.nlm.nih.gov/20533635,087-857-685-385-977,0,
https://openalex.org/w2092690080,https://doi.org/10.1016/j.jhazmat.2005.05.045,https://pubmed.ncbi.nlm.nih.gov/16085358,,0,
https://openalex.org/w2088243048,https://doi.org/10.1067/mpr.2002.123227,https://pubmed.ncbi.nlm.nih.gov/12011860,,0,
https://openalex.org/w2107133522,https://doi.org/10.1177/00220345880670050901,https://pubmed.ncbi.nlm.nih.gov/2966820,052-752-033-805-787,0,
https://openalex.org/w2049956413,https://doi.org/10.1016/j.aquatox.2006.03.003,https://pubmed.ncbi.nlm.nih.gov/16638619,,0,
https://openalex.org/w2072793100,https://doi.org/10.1016/j.chroma.2004.12.092,https://pubmed.ncbi.nlm.nih.gov/15909538,,0,
https://openalex.org/w2403165952,,https://pubmed.ncbi.nlm.nih.gov/12518497,,0,
https://openalex.org/w2126345582,https://doi.org/10.1093/toxsci/kfl079,https://pubmed.ncbi.nlm.nih.gov/16917070,007-495-005-517-87X,0,
https://openalex.org/w191527266,,https://pubmed.ncbi.nlm.nih.gov/12120778,,0,
https://openalex.org/w2134916859,https://doi.org/10.1016/j.jpain.2008.02.002,https://pubmed.ncbi.nlm.nih.gov/18387855,062-733-269-104-548,0,
https://openalex.org/w1964490515,https://doi.org/10.1016/j.dental.2007.03.011,https://pubmed.ncbi.nlm.nih.gov/17669479,,0,
https://openalex.org/w195912094,,https://pubmed.ncbi.nlm.nih.gov/2133452,,0,
https://openalex.org/w2065351507,https://doi.org/10.3390/ijms130810143,https://pubmed.ncbi.nlm.nih.gov/22949852,025-921-313-959-970,0,
https://openalex.org/w1996475180,https://doi.org/10.1016/j.aquatox.2010.11.018,https://pubmed.ncbi.nlm.nih.gov/21216354,,0,
https://openalex.org/w2411773156,,https://pubmed.ncbi.nlm.nih.gov/11572294,,0,
https://openalex.org/w2409170034,,https://pubmed.ncbi.nlm.nih.gov/20359426,,0,
https://openalex.org/w1992009540,https://doi.org/10.1016/j.dental.2005.04.039,https://pubmed.ncbi.nlm.nih.gov/16182358,,0,
https://openalex.org/w2123699180,https://doi.org/10.1590/s0103-64402008000100010,https://pubmed.ncbi.nlm.nih.gov/18438561,072-750-499-917-293,0,
https://openalex.org/w2418089974,,https://pubmed.ncbi.nlm.nih.gov/2152040,,0,
https://openalex.org/w2089674915,https://doi.org/10.2166/wst.2011.426,https://pubmed.ncbi.nlm.nih.gov/22105134,063-362-167-474-552,0,
https://openalex.org/w2013138247,https://doi.org/10.1371/journal.pone.0025448,https://pubmed.ncbi.nlm.nih.gov/21980460,076-295-102-153-138,0,
https://openalex.org/w2036898060,https://doi.org/10.1016/j.chroma.2013.03.025,https://pubmed.ncbi.nlm.nih.gov/23570857,,0,
https://openalex.org/w2059003758,https://doi.org/10.1007/s007840050013,https://pubmed.ncbi.nlm.nih.gov/9552820,,0,
https://openalex.org/w2058655686,https://doi.org/10.1016/0002-9416(86)90114-4,https://pubmed.ncbi.nlm.nih.gov/2934986,,0,
https://openalex.org/w2006441375,https://doi.org/10.1016/s0048-9697(97)00212-x,https://pubmed.ncbi.nlm.nih.gov/9372623,,0,
https://openalex.org/w2417208883,,https://pubmed.ncbi.nlm.nih.gov/11187743,,0,
https://openalex.org/w2128266360,https://doi.org/10.1016/j.envpol.2005.09.005,https://pubmed.ncbi.nlm.nih.gov/16278039,,0,
https://openalex.org/w2236251591,,https://pubmed.ncbi.nlm.nih.gov/16708719,,0,
https://openalex.org/w2094609159,https://doi.org/10.1016/s1383-5742(00)00018-1,https://pubmed.ncbi.nlm.nih.gov/10767642,,0,
https://openalex.org/w2156398463,https://doi.org/10.1093/toxsci/kfq394,https://pubmed.ncbi.nlm.nih.gov/21227907,023-339-594-530-25X,0,
https://openalex.org/w2411310055,,https://pubmed.ncbi.nlm.nih.gov/7692003,,0,
https://openalex.org/w1982647339,https://doi.org/10.1081/ese-200045531,https://pubmed.ncbi.nlm.nih.gov/15717776,021-976-841-909-451,0,
https://openalex.org/w2252718521,,https://pubmed.ncbi.nlm.nih.gov/15002951,,0,
https://openalex.org/w2060574516,https://doi.org/10.1016/j.jhazmat.2010.01.061,https://pubmed.ncbi.nlm.nih.gov/20122800,,0,
https://openalex.org/w2026320215,https://doi.org/10.1046/j.1365-2591.2002.00589.x,https://pubmed.ncbi.nlm.nih.gov/12453018,161-483-080-682-555,0,
https://openalex.org/w2411965412,,https://pubmed.ncbi.nlm.nih.gov/2749225,,0,
https://openalex.org/w2138621596,https://doi.org/10.1016/j.jdent.2008.11.011,https://pubmed.ncbi.nlm.nih.gov/19131153,,0,
https://openalex.org/w2148444255,https://doi.org/10.1007/bf03262684,https://pubmed.ncbi.nlm.nih.gov/19995504,,0,
https://openalex.org/w2137087770,https://doi.org/10.1016/j.neuro.2012.05.016,https://pubmed.ncbi.nlm.nih.gov/22739065,038-777-999-597-289,0,
https://openalex.org/w2023512733,https://doi.org/10.1002/jbm.b.30023,https://pubmed.ncbi.nlm.nih.gov/15199587,001-872-898-590-38X,0,
https://openalex.org/w2004671794,https://doi.org/10.1016/s0045-6535(00)00458-6,https://pubmed.ncbi.nlm.nih.gov/11372891,,0,
https://openalex.org/w2030512016,https://doi.org/10.1016/j.chemosphere.2004.03.001,https://pubmed.ncbi.nlm.nih.gov/15212912,,0,
https://openalex.org/w2108713092,https://doi.org/10.1364/ao.42.006739,https://pubmed.ncbi.nlm.nih.gov/14658478,031-622-636-050-355,0,
https://openalex.org/w2046449750,https://doi.org/10.1021/ac011258q,https://pubmed.ncbi.nlm.nih.gov/12139069,026-370-526-325-363,0,
https://openalex.org/w1977778131,https://doi.org/10.1016/0022-3913(92)90195-g,https://pubmed.ncbi.nlm.nih.gov/1331432,,0,
https://openalex.org/w2135565236,https://doi.org/10.1530/rep-11-0136,https://pubmed.ncbi.nlm.nih.gov/21862696,060-166-201-752-388,0,
https://openalex.org/w2396016445,,https://pubmed.ncbi.nlm.nih.gov/9545906,,0,
https://openalex.org/w2019556806,https://doi.org/10.1016/j.jdent.2004.04.006,https://pubmed.ncbi.nlm.nih.gov/15476955,038-581-762-353-468,0,
https://openalex.org/w2034614419,https://doi.org/10.1016/j.jdent.2009.03.003,https://pubmed.ncbi.nlm.nih.gov/19339099,,0,
https://openalex.org/w79359772,,https://pubmed.ncbi.nlm.nih.gov/21613039,,0,
https://openalex.org/w1980994497,https://doi.org/10.1016/0109-5641(94)90050-7,https://pubmed.ncbi.nlm.nih.gov/7758846,,0,
https://openalex.org/w2070973388,https://doi.org/10.1111/j.1600-0722.1986.tb01368.x,https://pubmed.ncbi.nlm.nih.gov/2939544,088-212-342-297-340,0,
https://openalex.org/w167493408,,https://pubmed.ncbi.nlm.nih.gov/15901083,,0,
https://openalex.org/w2413787927,,https://pubmed.ncbi.nlm.nih.gov/15553289,,0,
https://openalex.org/w2097906591,https://doi.org/10.1093/pcp/pcf130,https://pubmed.ncbi.nlm.nih.gov/12354921,023-263-647-488-529,0,
https://openalex.org/w2057999844,https://doi.org/10.1016/s0300-5712(96)00031-0,https://pubmed.ncbi.nlm.nih.gov/9175366,,0,
https://openalex.org/w2012236055,https://doi.org/10.1111/j.1365-263x.2005.00663.x,https://pubmed.ncbi.nlm.nih.gov/16128999,038-303-891-706-872,0,
https://openalex.org/w2335259667,https://doi.org/10.4012/dmj.12.145,https://pubmed.ncbi.nlm.nih.gov/8004909,041-971-884-870-377,0,
https://openalex.org/w1980940170,https://doi.org/10.1016/j.tripleo.2004.04.005,https://pubmed.ncbi.nlm.nih.gov/15529136,020-923-049-314-563,0,
https://openalex.org/w2142526710,https://doi.org/10.1210/en.2009-1037,https://pubmed.ncbi.nlm.nih.gov/21285323,024-159-771-230-230,0,
https://openalex.org/w2044598637,https://doi.org/10.1016/s0890-6238(02)00006-0,https://pubmed.ncbi.nlm.nih.gov/11955942,,1,
https://openalex.org/w2110655880,https://doi.org/10.1016/j.jhazmat.2010.08.007,https://pubmed.ncbi.nlm.nih.gov/20810209,,0,
https://openalex.org/w2415576445,,https://pubmed.ncbi.nlm.nih.gov/9227140,,0,
https://openalex.org/w2033477962,https://doi.org/10.1007/s00216-010-3985-0,https://pubmed.ncbi.nlm.nih.gov/20623268,,0,
https://openalex.org/w2332902703,https://doi.org/10.1179/bjo.20.4.297,https://pubmed.ncbi.nlm.nih.gov/8286299,112-721-004-914-08X,0,
https://openalex.org/w2130530746,https://doi.org/10.1002/jssc.201100562,https://pubmed.ncbi.nlm.nih.gov/22162441,002-912-957-901-425,0,
https://openalex.org/w2408860840,,https://pubmed.ncbi.nlm.nih.gov/14653293,,0,
https://openalex.org/w2157218037,https://doi.org/10.1016/j.ajodo.2008.08.006,https://pubmed.ncbi.nlm.nih.gov/18929255,,0,
https://openalex.org/w1793153021,https://doi.org/10.1043/0003-3219(2001)071<0380:bmtaiv>2.0.co;2,https://pubmed.ncbi.nlm.nih.gov/11605872,,0,
https://openalex.org/w2148490351,https://doi.org/10.1002/jat.1647,https://pubmed.ncbi.nlm.nih.gov/21351110,011-888-677-150-558,0,
https://openalex.org/w2325244843,https://doi.org/10.1179/bjo.19.3.183,https://pubmed.ncbi.nlm.nih.gov/1390574,102-851-440-930-011,0,
https://openalex.org/w2057434727,https://doi.org/10.1007/s11418-012-0711-6,https://pubmed.ncbi.nlm.nih.gov/23081682,,0,
https://openalex.org/w2071823534,https://doi.org/10.1016/j.taap.2011.08.026,https://pubmed.ncbi.nlm.nih.gov/21920375,,0,
https://openalex.org/w2089425099,https://doi.org/10.1007/s00253-013-4949-z,https://pubmed.ncbi.nlm.nih.gov/23681588,035-127-778-390-029,0,
https://openalex.org/w2412146937,,https://pubmed.ncbi.nlm.nih.gov/11921764,,0,
https://openalex.org/w2001992580,https://doi.org/10.1016/j.chroma.2004.02.025,https://pubmed.ncbi.nlm.nih.gov/15116934,,0,
https://openalex.org/w2408763082,,https://pubmed.ncbi.nlm.nih.gov/15553296,,0,
https://openalex.org/w2025560756,https://doi.org/10.1016/0300-5712(81)90035-x,https://pubmed.ncbi.nlm.nih.gov/6453141,,0,
https://openalex.org/w2144682901,https://doi.org/10.1096/fj.06-6635com,https://pubmed.ncbi.nlm.nih.gov/17093138,026-459-327-874-029,0,
https://openalex.org/w2025255744,https://doi.org/10.1016/j.tiv.2012.03.013,https://pubmed.ncbi.nlm.nih.gov/22507746,,0,
https://openalex.org/w2410147213,,https://pubmed.ncbi.nlm.nih.gov/20698265,,0,
https://openalex.org/w2085500943,https://doi.org/10.1088/1748-6041/4/2/025014,https://pubmed.ncbi.nlm.nih.gov/19258695,004-586-530-300-497,0,
https://openalex.org/w2023200988,https://doi.org/10.1016/j.tiv.2009.09.006,https://pubmed.ncbi.nlm.nih.gov/19747535,,0,
https://openalex.org/w1982198132,https://doi.org/10.2341/10-294-l,https://pubmed.ncbi.nlm.nih.gov/21740243,041-902-422-092-903,0,
https://openalex.org/w37110041,,https://pubmed.ncbi.nlm.nih.gov/11725661,,0,
https://openalex.org/w2119787325,https://doi.org/10.1002/tox.10038,https://pubmed.ncbi.nlm.nih.gov/11979588,085-849-112-746-189,0,
https://openalex.org/w2127668222,https://doi.org/10.1016/j.neuropharm.2011.04.027,https://pubmed.ncbi.nlm.nih.gov/21570416,,0,
https://openalex.org/w2063940569,https://doi.org/10.2166/wst.2013.684,https://pubmed.ncbi.nlm.nih.gov/23508144,017-233-573-425-159,0,
https://openalex.org/w2334071070,https://doi.org/10.11607/prd.1129,https://pubmed.ncbi.nlm.nih.gov/23484179,097-363-227-865-693,0,
https://openalex.org/w2469595850,,https://pubmed.ncbi.nlm.nih.gov/1842242,,0,
https://openalex.org/w2414185053,,https://pubmed.ncbi.nlm.nih.gov/24003693,,0,
https://openalex.org/w2391453605,https://doi.org/10.3724/sp.j.1141.2011.03317,https://pubmed.ncbi.nlm.nih.gov/21698799,,0,
https://openalex.org/w2039168363,https://doi.org/10.1016/j.watres.2006.06.039,https://pubmed.ncbi.nlm.nih.gov/16938339,,0,
https://openalex.org/w2081611127,https://doi.org/10.1016/s0109-5641(05)80005-3,https://pubmed.ncbi.nlm.nih.gov/2150824,,0,
https://openalex.org/w2139236520,https://doi.org/10.1039/b210962j,https://pubmed.ncbi.nlm.nih.gov/12729267,072-313-607-903-222,0,
https://openalex.org/w2066006283,https://doi.org/10.1016/0022-3913(87)90266-6,https://pubmed.ncbi.nlm.nih.gov/2959770,,0,
https://openalex.org/w2152690002,https://doi.org/10.1177/00220345940730020601,https://pubmed.ncbi.nlm.nih.gov/8120215,001-699-131-881-433,0,
https://openalex.org/w2407578945,,https://pubmed.ncbi.nlm.nih.gov/6242464,,0,
https://openalex.org/w2410205384,https://doi.org/10.1055/s-0031-1275832,https://pubmed.ncbi.nlm.nih.gov/21526461,066-330-283-436-10X,0,
https://openalex.org/w2124217322,https://doi.org/10.1043/0003-3219(2002)072<0199:eoafrs>2.0.co;2,https://pubmed.ncbi.nlm.nih.gov/12071602,,0,
https://openalex.org/w116722487,,https://pubmed.ncbi.nlm.nih.gov/20718212,,0,
https://openalex.org/w2416548478,,https://pubmed.ncbi.nlm.nih.gov/20236921,,0,
https://openalex.org/w2020150286,https://doi.org/10.1016/j.chroma.2006.06.103,https://pubmed.ncbi.nlm.nih.gov/16879831,,0,
https://openalex.org/w2135918414,https://doi.org/10.1136/oemed-2011-100529,https://pubmed.ncbi.nlm.nih.gov/22562051,005-323-336-599-466,0,
https://openalex.org/w2140865703,https://doi.org/10.1002/jbm.820160417,https://pubmed.ncbi.nlm.nih.gov/6213626,023-580-801-791-745,0,
https://openalex.org/w2108732832,https://doi.org/10.1016/j.biortech.2007.08.002,https://pubmed.ncbi.nlm.nih.gov/17881226,,0,
https://openalex.org/w2054642659,https://doi.org/10.1021/es062695v,https://pubmed.ncbi.nlm.nih.gov/17612196,032-137-037-413-561,0,
https://openalex.org/w2103357522,https://doi.org/10.1177/154405910508400413,https://pubmed.ncbi.nlm.nih.gov/15790744,141-575-444-369-686,0,
https://openalex.org/w2416042339,https://doi.org/10.3290/j.jad.a18781,https://pubmed.ncbi.nlm.nih.gov/21594225,,0,
https://openalex.org/w2321055550,https://doi.org/10.1179/bjo.23.4.343,https://pubmed.ncbi.nlm.nih.gov/8985572,108-936-079-426-033,0,
https://openalex.org/w206714139,,https://pubmed.ncbi.nlm.nih.gov/14753103,,0,
https://openalex.org/w1988473822,https://doi.org/10.1016/j.mrgentox.2012.10.012,https://pubmed.ncbi.nlm.nih.gov/23174415,,0,
https://openalex.org/w2104757269,https://doi.org/10.1093/toxsci/kfr096,https://pubmed.ncbi.nlm.nih.gov/21536718,018-565-064-793-567,0,
https://openalex.org/w2171705307,https://doi.org/10.1046/j.1365-2605.2003.00385.x,https://pubmed.ncbi.nlm.nih.gov/12534935,024-168-260-548-399,0,
https://openalex.org/w2038144878,https://doi.org/10.1016/s0889-5406(03)00571-7,https://pubmed.ncbi.nlm.nih.gov/14718877,069-731-449-286-006,0,
https://openalex.org/w1997226915,https://doi.org/10.1210/en.2002-220531,https://pubmed.ncbi.nlm.nih.gov/12446607,007-755-496-956-41X,0,
https://openalex.org/w2006500836,https://doi.org/10.1016/j.jhazmat.2006.08.015,https://pubmed.ncbi.nlm.nih.gov/17011123,,0,
https://openalex.org/w2052074823,https://doi.org/10.1016/j.chemosphere.2009.11.010,https://pubmed.ncbi.nlm.nih.gov/20006895,,0,
https://openalex.org/w2109847439,https://doi.org/10.1080/19440049.2011.589036,https://pubmed.ncbi.nlm.nih.gov/21793686,022-824-265-999-236,0,
https://openalex.org/w2461512187,,https://pubmed.ncbi.nlm.nih.gov/12074234,,0,
https://openalex.org/w2015784470,https://doi.org/10.4012/dmj.2009-140,https://pubmed.ncbi.nlm.nih.gov/20668359,067-611-840-988-191,0,
https://openalex.org/w2156112336,https://doi.org/10.1210/en.2004-1018,https://pubmed.ncbi.nlm.nih.gov/15498886,105-825-962-160-237,1,
https://openalex.org/w1992995039,https://doi.org/10.1016/s0045-6535(99)00288-x,https://pubmed.ncbi.nlm.nih.gov/10665389,,0,
https://openalex.org/w1964818491,https://doi.org/10.1006/rtph.1999.1340,https://pubmed.ncbi.nlm.nih.gov/10536108,048-490-192-423-071,1,
https://openalex.org/w2047465583,https://doi.org/10.1016/s0109-5641(99)00040-8,https://pubmed.ncbi.nlm.nih.gov/10551090,,0,
https://openalex.org/w1986708113,https://doi.org/10.1089/mab.2012.0099,https://pubmed.ncbi.nlm.nih.gov/23607346,089-637-713-290-106,0,
https://openalex.org/w2400713486,https://doi.org/10.2310/6620.2011.11053,https://pubmed.ncbi.nlm.nih.gov/22653010,,0,
https://openalex.org/w2034847796,https://doi.org/10.1016/s0024-3205(01)01341-8,https://pubmed.ncbi.nlm.nih.gov/11712665,,0,
https://openalex.org/w1966816468,https://doi.org/10.1007/bf00124385,https://pubmed.ncbi.nlm.nih.gov/1583538,,0,
https://openalex.org/w2056627788,https://doi.org/10.1016/j.watres.2012.08.037,https://pubmed.ncbi.nlm.nih.gov/23062789,035-349-666-909-790,0,
https://openalex.org/w2402743575,,https://pubmed.ncbi.nlm.nih.gov/15027293,,0,
https://openalex.org/w2036319295,https://doi.org/10.1016/j.joen.2011.08.003,https://pubmed.ncbi.nlm.nih.gov/22099902,,0,
https://openalex.org/w2111917068,https://doi.org/10.1046/j.1365-2842.2001.00709.x,https://pubmed.ncbi.nlm.nih.gov/11422686,011-571-636-169-046,0,
https://openalex.org/w2408559825,,https://pubmed.ncbi.nlm.nih.gov/9484163,,0,
https://openalex.org/w2010546160,https://doi.org/10.1051/medsci/2013291004,https://pubmed.ncbi.nlm.nih.gov/23351685,107-623-493-357-965,0,
https://openalex.org/w2123945461,https://doi.org/10.1038/sj.jea.7500270,https://pubmed.ncbi.nlm.nih.gov/12743613,017-642-233-051-282,0,
https://openalex.org/w2063788772,https://doi.org/10.1080/00016350510019955,https://pubmed.ncbi.nlm.nih.gov/16040445,095-273-737-366-905,0,
https://openalex.org/w2410377403,,https://pubmed.ncbi.nlm.nih.gov/6373489,,0,
https://openalex.org/w2462334946,,https://pubmed.ncbi.nlm.nih.gov/1839952,,0,
https://openalex.org/w2007989237,https://doi.org/10.1248/bpb.30.266,https://pubmed.ncbi.nlm.nih.gov/17268063,037-315-099-376-023,0,
https://openalex.org/w2067957250,https://doi.org/10.1371/journal.pone.0064532,https://pubmed.ncbi.nlm.nih.gov/23675539,004-892-095-339-690,0,
https://openalex.org/w2051173102,https://doi.org/10.1016/0002-9416(81)90098-1,https://pubmed.ncbi.nlm.nih.gov/6450539,,0,
https://openalex.org/w1983557204,https://doi.org/10.1016/j.scitotenv.2012.07.001,https://pubmed.ncbi.nlm.nih.gov/22846760,,0,
https://openalex.org/w2140291328,https://doi.org/10.1097/mop.0b013e32832925cc,https://pubmed.ncbi.nlm.nih.gov/19663042,160-573-389-391-564,0,
https://openalex.org/w2369006005,,https://pubmed.ncbi.nlm.nih.gov/23469612,,0,
https://openalex.org/w2112931706,https://doi.org/10.14219/jada.archive.1983.0024,https://pubmed.ncbi.nlm.nih.gov/6222101,025-564-158-734-524,0,
https://openalex.org/w2010425719,https://doi.org/10.1111/j.1600-0536.1983.tb04326.x,https://pubmed.ncbi.nlm.nih.gov/6221869,,0,
https://openalex.org/w84224949,https://doi.org/10.1016/s1016-8478(23)13966-5,https://pubmed.ncbi.nlm.nih.gov/18525235,,0,
https://openalex.org/w2075177713,https://doi.org/10.1016/j.taap.2013.02.011,https://pubmed.ncbi.nlm.nih.gov/23454450,041-934-492-653-047,0,
https://openalex.org/w1491316168,https://doi.org/10.2166/wst.2003.0495,https://pubmed.ncbi.nlm.nih.gov/12830943,075-458-598-743-867,0,
https://openalex.org/w2005970014,https://doi.org/10.1016/j.jbiosc.2009.12.014,https://pubmed.ncbi.nlm.nih.gov/20541124,,0,
https://openalex.org/w2136972801,https://doi.org/10.1002/bit.21991,https://pubmed.ncbi.nlm.nih.gov/18980187,058-863-593-811-878,0,
https://openalex.org/w2159417073,https://doi.org/10.2152/jmi.53.70,https://pubmed.ncbi.nlm.nih.gov/16537998,010-604-741-313-398,0,
https://openalex.org/w2072001315,https://doi.org/10.1046/j.1365-2842.2000.00573.x,https://pubmed.ncbi.nlm.nih.gov/11106982,088-023-246-219-155,0,
https://openalex.org/w2106544741,https://doi.org/10.1016/s0109-5641(98)00011-6,https://pubmed.ncbi.nlm.nih.gov/9972153,,0,
https://openalex.org/w2166554519,https://doi.org/10.1016/j.dental.2007.06.020,https://pubmed.ncbi.nlm.nih.gov/17675144,,0,
https://openalex.org/w1978012293,https://doi.org/10.1016/j.scitotenv.2004.02.013,https://pubmed.ncbi.nlm.nih.gov/15207574,087-603-247-872-302,0,
https://openalex.org/w2163347797,https://doi.org/10.1016/0300-5712(95)00035-6,https://pubmed.ncbi.nlm.nih.gov/8636482,076-479-903-949-36X,0,
https://openalex.org/w2082933172,https://doi.org/10.1002/tox.20306,https://pubmed.ncbi.nlm.nih.gov/18214933,033-825-255-918-467,0,
https://openalex.org/w1973658865,https://doi.org/10.1016/0022-3913(90)90292-k,https://pubmed.ncbi.nlm.nih.gov/2150415,,0,
https://openalex.org/w2065395441,https://doi.org/10.1177/00220345950740021501,https://pubmed.ncbi.nlm.nih.gov/7722071,017-410-228-332-511,0,
https://openalex.org/w2413599619,,https://pubmed.ncbi.nlm.nih.gov/2938245,,0,
https://openalex.org/w2472802385,,https://pubmed.ncbi.nlm.nih.gov/3158676,,0,
https://openalex.org/w2461069973,,https://pubmed.ncbi.nlm.nih.gov/9656922,,0,
https://openalex.org/w2413123701,,https://pubmed.ncbi.nlm.nih.gov/11203866,,0,
https://openalex.org/w2115389162,https://doi.org/10.2341/11-383-l,https://pubmed.ncbi.nlm.nih.gov/23215546,042-491-177-875-690,0,
https://openalex.org/w2263352311,,https://pubmed.ncbi.nlm.nih.gov/12691275,,0,
https://openalex.org/w2030350630,https://doi.org/10.1111/j.1365-2842.1994.tb01159.x,https://pubmed.ncbi.nlm.nih.gov/7965356,125-497-365-581-522,0,
https://openalex.org/w2068374855,https://doi.org/10.1016/j.yhbeh.2007.05.006,https://pubmed.ncbi.nlm.nih.gov/17568585,,0,
https://openalex.org/w2065043948,https://doi.org/10.1021/ac0348874,https://pubmed.ncbi.nlm.nih.gov/14750877,044-269-324-025-123,0,
https://openalex.org/w2444225817,,https://pubmed.ncbi.nlm.nih.gov/2950221,,0,
https://openalex.org/w1970082172,https://doi.org/10.1016/j.aquatox.2006.02.020,https://pubmed.ncbi.nlm.nih.gov/16580746,,0,
https://openalex.org/w2106502211,https://doi.org/10.1124/jpet.302.1.80,https://pubmed.ncbi.nlm.nih.gov/12065703,,0,
https://openalex.org/w1992582117,https://doi.org/10.1016/j.bios.2011.12.001,https://pubmed.ncbi.nlm.nih.gov/22196879,,0,
https://openalex.org/w813755278,https://doi.org/10.3290/j.jad.a23444,https://pubmed.ncbi.nlm.nih.gov/22518384,,0,
https://openalex.org/w2407576922,,https://pubmed.ncbi.nlm.nih.gov/14621240,,0,
https://openalex.org/w2053940708,https://doi.org/10.1016/s0021-9673(00)00666-x,https://pubmed.ncbi.nlm.nih.gov/11105864,,0,
https://openalex.org/w2001005701,https://doi.org/10.1016/j.dental.2009.06.021,https://pubmed.ncbi.nlm.nih.gov/19716170,,0,
https://openalex.org/w2098473882,https://doi.org/10.1093/toxsci/kfh047,https://pubmed.ncbi.nlm.nih.gov/14691209,072-830-949-555-665,0,
https://openalex.org/w2034708067,https://doi.org/10.1016/s0142-9612(00)00088-0,https://pubmed.ncbi.nlm.nih.gov/10985484,,0,
https://openalex.org/w2038794720,https://doi.org/10.1385/endo:22:3:275,https://pubmed.ncbi.nlm.nih.gov/14709801,,0,
https://openalex.org/w2401386253,,https://pubmed.ncbi.nlm.nih.gov/6221212,,0,
https://openalex.org/w2005772074,https://doi.org/10.1016/s0048-9697(99)80016-3,https://pubmed.ncbi.nlm.nih.gov/10028702,,0,
https://openalex.org/w2415836068,,https://pubmed.ncbi.nlm.nih.gov/11203795,,0,
https://openalex.org/w2422273900,,https://pubmed.ncbi.nlm.nih.gov/21381390,,0,
https://openalex.org/w1992316644,https://doi.org/10.1016/j.etap.2004.10.002,https://pubmed.ncbi.nlm.nih.gov/21783566,,0,
https://openalex.org/w2013141884,https://doi.org/10.1016/0022-3913(85)90064-2,https://pubmed.ncbi.nlm.nih.gov/3156244,,0,
https://openalex.org/w2012287308,https://doi.org/10.1196/annals.1371.009,https://pubmed.ncbi.nlm.nih.gov/17119205,009-708-856-115-376,0,
https://openalex.org/w1997528542,https://doi.org/10.1016/s0300-5712(03)00064-2,https://pubmed.ncbi.nlm.nih.gov/12799116,,0,
https://openalex.org/w2136167073,https://doi.org/10.1093/toxsci/kfh298,https://pubmed.ncbi.nlm.nih.gov/15456914,053-051-221-822-220,0,
https://openalex.org/w2412079110,,https://pubmed.ncbi.nlm.nih.gov/1840102,,0,
https://openalex.org/w2042369832,https://doi.org/10.1016/j.wasman.2005.03.003,https://pubmed.ncbi.nlm.nih.gov/16387239,,0,
https://openalex.org/w2089370192,https://doi.org/10.1016/j.tiv.2011.11.003,https://pubmed.ncbi.nlm.nih.gov/22120823,,0,
https://openalex.org/w2411654225,,https://pubmed.ncbi.nlm.nih.gov/11763926,,0,
https://openalex.org/w2037251899,https://doi.org/10.1177/0022034510382547,https://pubmed.ncbi.nlm.nih.gov/20940355,046-777-748-175-495,0,
https://openalex.org/w2099078566,https://doi.org/10.1016/s1001-0742(07)60038-2,https://pubmed.ncbi.nlm.nih.gov/17915735,028-706-847-107-315,0,
https://openalex.org/w1971880535,https://doi.org/10.1016/0022-3913(84)90135-5,https://pubmed.ncbi.nlm.nih.gov/6238162,,0,
https://openalex.org/w2413515798,,https://pubmed.ncbi.nlm.nih.gov/11317393,,0,
https://openalex.org/w2013985778,https://doi.org/10.1289/ehp.8065,https://pubmed.ncbi.nlm.nih.gov/16818258,024-780-105-274-958,0,
https://openalex.org/w2417024603,,https://pubmed.ncbi.nlm.nih.gov/18477429,,0,
https://openalex.org/w2145413462,https://doi.org/10.1016/j.talanta.2008.09.054,https://pubmed.ncbi.nlm.nih.gov/19159769,,0,
https://openalex.org/w2083936029,https://doi.org/10.1271/bbb.70004,https://pubmed.ncbi.nlm.nih.gov/17827700,039-879-022-349-402,0,
https://openalex.org/w194918563,https://doi.org/10.1016/s0022-3913(10)60186-2,https://pubmed.ncbi.nlm.nih.gov/20234892,,0,
https://openalex.org/w1967565681,https://doi.org/10.1016/j.jchromb.2012.06.005,https://pubmed.ncbi.nlm.nih.gov/22749589,,0,
https://openalex.org/w1572634149,https://doi.org/10.1111/j.1740-0929.2011.00947.x,https://pubmed.ncbi.nlm.nih.gov/22435627,020-345-846-310-918,0,
https://openalex.org/w2054189965,https://doi.org/10.17796/jcpd.29.1.c514553586574365,https://pubmed.ncbi.nlm.nih.gov/15554396,080-624-602-733-867,0,
https://openalex.org/w2112816468,https://doi.org/10.1186/1471-2148-8-219,https://pubmed.ncbi.nlm.nih.gov/18655705,004-348-830-284-886,0,
https://openalex.org/w2074492718,https://doi.org/10.1016/s0006-2952(03)00159-x,https://pubmed.ncbi.nlm.nih.gov/12787885,,0,
https://openalex.org/w1982584843,https://doi.org/10.2166/wst.2006.735,https://pubmed.ncbi.nlm.nih.gov/17302299,023-520-346-255-048,0,
https://openalex.org/w2106136233,https://doi.org/10.1191/0748233704th186oa,https://pubmed.ncbi.nlm.nih.gov/15807407,012-381-603-083-763,0,
https://openalex.org/w1981675388,https://doi.org/10.1177/0022034512465757,https://pubmed.ncbi.nlm.nih.gov/23100273,055-989-473-058-193,0,
https://openalex.org/w1980701747,https://doi.org/10.1021/jp105210y,https://pubmed.ncbi.nlm.nih.gov/21141921,046-340-467-929-068,0,
https://openalex.org/w2402712401,,https://pubmed.ncbi.nlm.nih.gov/9545902,,0,
https://openalex.org/w1986955479,https://doi.org/10.1016/s0890-6238(00)00119-2,https://pubmed.ncbi.nlm.nih.gov/11137380,,0,
https://openalex.org/w2444200421,,https://pubmed.ncbi.nlm.nih.gov/12025819,,0,
https://openalex.org/w2017311414,https://doi.org/10.1007/s00347-002-0773-z,https://pubmed.ncbi.nlm.nih.gov/14618356,,0,
https://openalex.org/w2428708640,,https://pubmed.ncbi.nlm.nih.gov/1839980,,0,
https://openalex.org/w1968078123,https://doi.org/10.1289/ehp.011091227,https://pubmed.ncbi.nlm.nih.gov/11748029,014-043-170-294-768,0,
https://openalex.org/w2197517682,,https://pubmed.ncbi.nlm.nih.gov/22673217,,0,
https://openalex.org/w2057217350,https://doi.org/10.1111/j.1834-7819.1989.tb00683.x,https://pubmed.ncbi.nlm.nih.gov/2527492,058-552-713-296-594,0,
https://openalex.org/w2166523972,https://doi.org/10.1016/j.braindev.2006.10.003,https://pubmed.ncbi.nlm.nih.gov/17113258,,0,
https://openalex.org/w103711764,,https://pubmed.ncbi.nlm.nih.gov/1831912,,0,
https://openalex.org/w2075340093,https://doi.org/10.1016/j.aquatox.2006.02.014,https://pubmed.ncbi.nlm.nih.gov/16581143,,0,
https://openalex.org/w2052827499,https://doi.org/10.1016/j.chemosphere.2012.03.067,https://pubmed.ncbi.nlm.nih.gov/22537891,,0,
https://openalex.org/w2082852422,https://doi.org/10.1080/00984100290071063,https://pubmed.ncbi.nlm.nih.gov/12133237,140-842-264-263-638,0,
https://openalex.org/w2014210815,https://doi.org/10.2131/jts.37.539,https://pubmed.ncbi.nlm.nih.gov/22687993,015-345-103-440-163,0,
https://openalex.org/w1998425009,https://doi.org/10.1016/j.tox.2007.04.011,https://pubmed.ncbi.nlm.nih.gov/17499903,,0,
https://openalex.org/w2154283048,https://doi.org/10.1016/j.dental.2008.04.014,https://pubmed.ncbi.nlm.nih.gov/18599116,,0,
https://openalex.org/w1988218104,https://doi.org/10.1016/j.jchromb.2005.03.019,https://pubmed.ncbi.nlm.nih.gov/15866492,,0,
https://openalex.org/w2061055862,https://doi.org/10.5402/2012/965243,https://pubmed.ncbi.nlm.nih.gov/22852093,041-560-475-485-009,0,
https://openalex.org/w2023549927,https://doi.org/10.1002/jbm.820180104,https://pubmed.ncbi.nlm.nih.gov/6230361,042-697-147-907-157,0,
https://openalex.org/w1977132188,https://doi.org/10.1080/10934520903139977,https://pubmed.ncbi.nlm.nih.gov/19847712,034-812-365-204-100,0,
https://openalex.org/w2075338133,https://doi.org/10.1016/j.jchromb.2012.04.023,https://pubmed.ncbi.nlm.nih.gov/22580014,,0,
https://openalex.org/w2072794336,https://doi.org/10.1016/j.cellsig.2009.11.003,https://pubmed.ncbi.nlm.nih.gov/19922793,,0,
https://openalex.org/w2050267867,https://doi.org/10.1065/espr2006.01.295,https://pubmed.ncbi.nlm.nih.gov/17067028,094-762-944-905-167,0,
https://openalex.org/w2137598414,,https://pubmed.ncbi.nlm.nih.gov/18353205,,0,
https://openalex.org/w2030918314,https://doi.org/10.1111/j.1600-0536.2011.01993.x,https://pubmed.ncbi.nlm.nih.gov/22136587,038-562-368-354-549,0,
https://openalex.org/w2399205255,,https://pubmed.ncbi.nlm.nih.gov/10650381,,0,
https://openalex.org/w1996557752,https://doi.org/10.1016/s0109-5641(02)00039-8,https://pubmed.ncbi.nlm.nih.gov/12628438,,0,
https://openalex.org/w2027015336,https://doi.org/10.1021/tx800476j,https://pubmed.ncbi.nlm.nih.gov/19374345,034-260-360-685-467,0,
https://openalex.org/w2412257484,,https://pubmed.ncbi.nlm.nih.gov/16838475,,0,
https://openalex.org/w1990793068,https://doi.org/10.1016/j.envpol.2011.05.012,https://pubmed.ncbi.nlm.nih.gov/21737193,,0,
https://openalex.org/w2119050707,https://doi.org/10.12968/jowc.2002.11.9.26438,https://pubmed.ncbi.nlm.nih.gov/12430368,092-603-732-135-93X,0,
https://openalex.org/w2069734795,https://doi.org/10.1016/j.toxlet.2012.12.009,https://pubmed.ncbi.nlm.nih.gov/23262391,,0,
https://openalex.org/w2090615734,https://doi.org/10.1262/jrd.20147,https://pubmed.ncbi.nlm.nih.gov/19145065,006-681-151-801-783,0,
https://openalex.org/w72382586,,https://pubmed.ncbi.nlm.nih.gov/19947133,,0,
https://openalex.org/w2081961799,https://doi.org/10.1007/s00128-005-0895-5,https://pubmed.ncbi.nlm.nih.gov/16404667,,0,
https://openalex.org/w2123224271,https://doi.org/10.1111/j.1600-0722.1985.tb01957.x,https://pubmed.ncbi.nlm.nih.gov/3161172,005-956-479-847-324,0,
https://openalex.org/w1970272837,https://doi.org/10.1016/j.neuro.2008.02.015,https://pubmed.ncbi.nlm.nih.gov/18502513,,0,
https://openalex.org/w2011554964,https://doi.org/10.1016/0022-3913(92)90368-k,https://pubmed.ncbi.nlm.nih.gov/1403932,,0,
https://openalex.org/w2031237913,https://doi.org/10.1016/0109-5641(92)90050-m,https://pubmed.ncbi.nlm.nih.gov/1387853,,0,
https://openalex.org/w1982198961,https://doi.org/10.1016/s0166-445x(01)00157-6,https://pubmed.ncbi.nlm.nih.gov/11551623,,0,
https://openalex.org/w2019699782,https://doi.org/10.1016/j.toxlet.2011.09.001,https://pubmed.ncbi.nlm.nih.gov/21925253,,0,
https://openalex.org/w2182605252,,https://pubmed.ncbi.nlm.nih.gov/3157923,,0,
https://openalex.org/w2051891617,https://doi.org/10.1111/j.1365-2133.1981.tb01312.x,https://pubmed.ncbi.nlm.nih.gov/7259984,,0,
https://openalex.org/w2413983466,https://doi.org/10.3290/j.jad.a23180,https://pubmed.ncbi.nlm.nih.gov/22518388,,0,
https://openalex.org/w2156251715,https://doi.org/10.1677/jme.0.0310551,https://pubmed.ncbi.nlm.nih.gov/14664715,038-099-422-389-522,0,
https://openalex.org/w2170471750,https://doi.org/10.1016/s0039-9140(99)00176-9,https://pubmed.ncbi.nlm.nih.gov/18967809,,0,
https://openalex.org/w1600258410,,https://pubmed.ncbi.nlm.nih.gov/2288692,,0,
https://openalex.org/w2180172946,,https://pubmed.ncbi.nlm.nih.gov/20740422,,0,
https://openalex.org/w78176730,https://doi.org/10.4137/ehi.s2758,https://pubmed.ncbi.nlm.nih.gov/20508758,036-046-083-694-79X,0,
https://openalex.org/w2396591663,,https://pubmed.ncbi.nlm.nih.gov/8360336,,0,
https://openalex.org/w1988968740,https://doi.org/10.1016/j.chemosphere.2009.03.024,https://pubmed.ncbi.nlm.nih.gov/19361834,,0,
https://openalex.org/w2063358777,https://doi.org/10.1111/j.1600-0722.1996.tb00082.x,https://pubmed.ncbi.nlm.nih.gov/8831066,034-187-008-091-274,0,
https://openalex.org/w2323151664,https://doi.org/10.1021/es302004w,https://pubmed.ncbi.nlm.nih.gov/22784190,143-498-126-209-392,0,
https://openalex.org/w2045998299,https://doi.org/10.1016/j.chemosphere.2004.01.032,https://pubmed.ncbi.nlm.nih.gov/15099732,,0,
https://openalex.org/w2065242456,https://doi.org/10.1016/j.tiv.2010.08.013,https://pubmed.ncbi.nlm.nih.gov/20732405,,0,
https://openalex.org/w2046778332,https://doi.org/10.2147/ijn.s46919,https://pubmed.ncbi.nlm.nih.gov/23901269,051-703-359-201-046,0,
https://openalex.org/w2041693476,https://doi.org/10.1002/hep.24685,https://pubmed.ncbi.nlm.nih.gov/21932408,012-345-389-029-564,0,
https://openalex.org/w2030947634,https://doi.org/10.1111/j.1365-2842.1993.tb01626.x,https://pubmed.ncbi.nlm.nih.gov/8350177,023-877-547-705-844,0,
https://openalex.org/w2411871781,,https://pubmed.ncbi.nlm.nih.gov/17585294,,0,
https://openalex.org/w2026307351,https://doi.org/10.1002/jbm.b.31167,https://pubmed.ncbi.nlm.nih.gov/18618467,149-642-095-361-456,0,
https://openalex.org/w2072111648,https://doi.org/10.4012/dmj.2011-012,https://pubmed.ncbi.nlm.nih.gov/21778601,006-462-722-637-340,0,
https://openalex.org/w2090025566,https://doi.org/10.1038/446958a,https://pubmed.ncbi.nlm.nih.gov/17460631,,0,
https://openalex.org/w2092359949,https://doi.org/10.1006/bbrc.2000.3717,https://pubmed.ncbi.nlm.nih.gov/11061999,,0,
https://openalex.org/w2078164752,https://doi.org/10.1046/j.1365-2842.2003.01109.x,https://pubmed.ncbi.nlm.nih.gov/12752938,106-165-989-212-848,0,
https://openalex.org/w2004191794,https://doi.org/10.1177/154405910508400811,https://pubmed.ncbi.nlm.nih.gov/16040733,081-772-507-681-975,0,
https://openalex.org/w2277822962,,https://pubmed.ncbi.nlm.nih.gov/19189677,,0,
https://openalex.org/w1973311001,https://doi.org/10.1016/j.aca.2008.01.061,https://pubmed.ncbi.nlm.nih.gov/18486640,,0,
https://openalex.org/w1986137311,https://doi.org/10.1007/s10661-007-9661-y,https://pubmed.ncbi.nlm.nih.gov/17370135,,0,
https://openalex.org/w2417133577,,https://pubmed.ncbi.nlm.nih.gov/6235999,,0,
https://openalex.org/w2091957971,https://doi.org/10.1080/02652039709374584,https://pubmed.ncbi.nlm.nih.gov/9373536,000-597-067-968-724,0,
https://openalex.org/w2077000395,https://doi.org/10.1038/scientificamerican0908-108,https://pubmed.ncbi.nlm.nih.gov/18783060,004-699-406-048-774,0,
https://openalex.org/w2066261134,https://doi.org/10.1016/s0021-9673(03)00175-4,https://pubmed.ncbi.nlm.nih.gov/12703903,,0,
https://openalex.org/w1973853740,https://doi.org/10.1016/0109-5641(89)90103-6,https://pubmed.ncbi.nlm.nih.gov/2534805,,0,
https://openalex.org/w2483565,,https://pubmed.ncbi.nlm.nih.gov/17080880,,0,
https://openalex.org/w2124022589,https://doi.org/10.1080/00498250110040501,https://pubmed.ncbi.nlm.nih.gov/11465389,058-797-517-796-458,0,
https://openalex.org/w2318388950,https://doi.org/10.1021/bm3002683,https://pubmed.ncbi.nlm.nih.gov/22509800,093-513-000-464-962,0,
https://openalex.org/w1982197130,https://doi.org/10.1016/j.envint.2011.03.026,https://pubmed.ncbi.nlm.nih.gov/21794921,030-038-726-961-25X,0,
https://openalex.org/w2414725721,,https://pubmed.ncbi.nlm.nih.gov/17993030,,0,
https://openalex.org/w2189064222,,https://pubmed.ncbi.nlm.nih.gov/22043764,,0,
https://openalex.org/w2004765718,https://doi.org/10.1016/j.watres.2007.05.014,https://pubmed.ncbi.nlm.nih.gov/17575997,,0,
https://openalex.org/w1822828729,https://doi.org/10.1002/jssc.201101016,https://pubmed.ncbi.nlm.nih.gov/22589165,083-552-563-198-142,0,
https://openalex.org/w2412701751,,https://pubmed.ncbi.nlm.nih.gov/8241763,,0,
https://openalex.org/w2419276649,,https://pubmed.ncbi.nlm.nih.gov/9425760,,0,
https://openalex.org/w2406967855,,https://pubmed.ncbi.nlm.nih.gov/15008338,,0,
https://openalex.org/w2107713471,https://doi.org/10.1016/j.dental.2012.03.003,https://pubmed.ncbi.nlm.nih.gov/22460187,,0,
https://openalex.org/w67831058,,https://pubmed.ncbi.nlm.nih.gov/16429705,,0,
https://openalex.org/w1992101964,https://doi.org/10.1159/000336961,https://pubmed.ncbi.nlm.nih.gov/22472477,155-169-942-825-925,0,
https://openalex.org/w2418710090,,https://pubmed.ncbi.nlm.nih.gov/2932816,,0,
https://openalex.org/w2463842136,,https://pubmed.ncbi.nlm.nih.gov/13701662,,0,
https://openalex.org/w2022112535,https://doi.org/10.1016/j.envint.2012.04.013,https://pubmed.ncbi.nlm.nih.gov/22706016,035-113-776-710-095,0,
https://openalex.org/w2441616288,,https://pubmed.ncbi.nlm.nih.gov/15536854,,0,
https://openalex.org/w2022888346,https://doi.org/10.1111/j.1600-0722.2009.00663.x,https://pubmed.ncbi.nlm.nih.gov/19758257,030-748-848-069-055,0,
https://openalex.org/w2373269568,,https://pubmed.ncbi.nlm.nih.gov/15807106,,0,
https://openalex.org/w2303011006,,https://pubmed.ncbi.nlm.nih.gov/8183974,,0,
https://openalex.org/w1919623750,https://doi.org/10.1043/0003-3219(2003)073<0249:teoali>2.0.co;2,https://pubmed.ncbi.nlm.nih.gov/12828433,,0,
https://openalex.org/w1998162061,https://doi.org/10.1016/j.watres.2007.08.029,https://pubmed.ncbi.nlm.nih.gov/17897695,,0,
https://openalex.org/w1989873377,https://doi.org/10.1016/j.reprotox.2008.09.015,https://pubmed.ncbi.nlm.nih.gov/18938238,045-290-841-445-786,1,
https://openalex.org/w2462912261,,https://pubmed.ncbi.nlm.nih.gov/11203776,,0,
https://openalex.org/w2026466143,https://doi.org/10.1038/jes.2012.41,https://pubmed.ncbi.nlm.nih.gov/22692364,013-646-762-547-374,0,
https://openalex.org/w2034229182,https://doi.org/10.1016/s0889-5406(97)80019-4,https://pubmed.ncbi.nlm.nih.gov/9109582,008-154-939-681-623,0,
https://openalex.org/w1997525743,https://doi.org/10.1016/s0300-483x(02)00473-0,https://pubmed.ncbi.nlm.nih.gov/12505341,,0,
https://openalex.org/w165496751,https://doi.org/10.1007/s00132-013-2062-8,https://pubmed.ncbi.nlm.nih.gov/23455316,,0,
https://openalex.org/w2085991787,https://doi.org/10.1002/jbm.b.30085,https://pubmed.ncbi.nlm.nih.gov/15368248,108-181-702-369-171,0,
https://openalex.org/w2060889805,https://doi.org/10.1016/0109-5641(94)90030-2,https://pubmed.ncbi.nlm.nih.gov/7758862,,0,
https://openalex.org/w2088048516,https://doi.org/10.1002/etc.5620210914,https://pubmed.ncbi.nlm.nih.gov/12206426,014-603-085-137-701,0,
https://openalex.org/w2025256661,https://doi.org/10.1063/1.4748355,https://pubmed.ncbi.nlm.nih.gov/22979869,075-359-382-394-297,0,
https://openalex.org/w2021951200,https://doi.org/10.4103/0970-9290.66645,https://pubmed.ncbi.nlm.nih.gov/20657094,028-261-357-244-924,0,
https://openalex.org/w1911833480,https://doi.org/10.1093/jn/133.10.3058,https://pubmed.ncbi.nlm.nih.gov/14519784,079-350-840-215-087,0,
https://openalex.org/w2036931771,https://doi.org/10.1016/j.chroma.2006.08.049,https://pubmed.ncbi.nlm.nih.gov/16945381,,0,
https://openalex.org/w2031024981,https://doi.org/10.1515/reveh-2012-0030,https://pubmed.ncbi.nlm.nih.gov/23337043,036-472-206-728-956,0,
https://openalex.org/w2064594826,https://doi.org/10.1016/j.jconhyd.2010.11.003,https://pubmed.ncbi.nlm.nih.gov/21186066,015-302-693-627-162,0,
https://openalex.org/w1999342601,https://doi.org/10.1016/j.jbiosc.2009.03.011,https://pubmed.ncbi.nlm.nih.gov/19619863,,0,
https://openalex.org/w2003103003,https://doi.org/10.1016/s0109-5641(97)80006-1,https://pubmed.ncbi.nlm.nih.gov/9467321,,0,
https://openalex.org/w2023652812,https://doi.org/10.1289/ehp.0900893,https://pubmed.ncbi.nlm.nih.gov/20049112,007-931-102-442-046,0,
https://openalex.org/w2076091883,https://doi.org/10.1016/s0109-5641(02)00007-6,https://pubmed.ncbi.nlm.nih.gov/12498898,,0,
https://openalex.org/w2011554265,https://doi.org/10.1016/j.dental.2009.04.004,https://pubmed.ncbi.nlm.nih.gov/19473695,,0,
https://openalex.org/w1567035151,https://doi.org/10.1126/science.317.5840.884a,https://pubmed.ncbi.nlm.nih.gov/17702917,126-064-060-221-094,0,
https://openalex.org/w2176891612,https://doi.org/10.1043/0003-3219(1995)065<0209:oruwi>2.0.co;2,https://pubmed.ncbi.nlm.nih.gov/7639434,,0,
https://openalex.org/w2405649233,,https://pubmed.ncbi.nlm.nih.gov/290707,,0,
https://openalex.org/w2117185838,https://doi.org/10.2334/josnusd.47.35,https://pubmed.ncbi.nlm.nih.gov/15881227,004-230-801-451-119,0,
https://openalex.org/w2993327369,,https://pubmed.ncbi.nlm.nih.gov/20131726,,0,
https://openalex.org/w2002894454,https://doi.org/10.1255/ejms.571,https://pubmed.ncbi.nlm.nih.gov/14624017,044-443-739-337-293,0,
https://openalex.org/w2085661640,https://doi.org/10.1289/ehp.0800173,https://pubmed.ncbi.nlm.nih.gov/19337501,075-891-376-208-604,0,
https://openalex.org/w2068709620,https://doi.org/10.1016/s0109-5641(01)00064-1,https://pubmed.ncbi.nlm.nih.gov/12098571,,0,
https://openalex.org/w2094354977,https://doi.org/10.1016/s0045-6535(98)00297-5,https://pubmed.ncbi.nlm.nih.gov/9828346,,0,
https://openalex.org/w2159105102,https://doi.org/10.1016/j.jdent.2010.12.008,https://pubmed.ncbi.nlm.nih.gov/21195123,,0,
https://openalex.org/w2052506002,https://doi.org/10.1371/journal.pone.0050481,https://pubmed.ncbi.nlm.nih.gov/23227178,011-157-664-821-798,0,
https://openalex.org/w2049954458,https://doi.org/10.1016/0109-5641(93)90050-z,https://pubmed.ncbi.nlm.nih.gov/7995484,,0,
https://openalex.org/w1972268413,https://doi.org/10.1038/sj.bdj.4806750,https://pubmed.ncbi.nlm.nih.gov/2522308,,0,
https://openalex.org/w2421311856,,https://pubmed.ncbi.nlm.nih.gov/10483442,,0,
https://openalex.org/w1985924047,https://doi.org/10.1016/j.etap.2007.04.007,https://pubmed.ncbi.nlm.nih.gov/21783804,,0,
https://openalex.org/w2081507287,https://doi.org/10.1016/s0889-5406(98)70242-2,https://pubmed.ncbi.nlm.nih.gov/9674685,008-839-257-264-621,0,
https://openalex.org/w962225985,https://doi.org/10.3724/sp.j.1123.2012.08015,https://pubmed.ncbi.nlm.nih.gov/23383489,089-547-835-466-107,0,
https://openalex.org/w2079153077,https://doi.org/10.1103/physreve.75.051801,https://pubmed.ncbi.nlm.nih.gov/17677087,040-137-487-303-992,0,
https://openalex.org/w2068976977,https://doi.org/10.1016/s0022-3913(82)80091-7,https://pubmed.ncbi.nlm.nih.gov/6461759,,0,
https://openalex.org/w2093520033,https://doi.org/10.1007/s12275-007-0236-y,https://pubmed.ncbi.nlm.nih.gov/18758730,,0,
https://openalex.org/w1981861084,https://doi.org/10.1088/0953-8984/21/3/035118,https://pubmed.ncbi.nlm.nih.gov/21817276,019-638-615-254-123,0,
https://openalex.org/w2014880834,https://doi.org/10.1002/(sici)1097-4636(199710)37:1<68::aid-jbm9>3.0.co;2-h,https://pubmed.ncbi.nlm.nih.gov/9335351,018-743-096-483-159,0,
https://openalex.org/w1986466582,https://doi.org/10.1177/00220345840630051501,https://pubmed.ncbi.nlm.nih.gov/6231320,000-157-117-287-152,0,
https://openalex.org/w1976966763,https://doi.org/10.1053/ajcd.2002.34595,https://pubmed.ncbi.nlm.nih.gov/12165929,004-757-621-451-710,0,
https://openalex.org/w2120887338,https://doi.org/10.1016/j.neulet.2006.04.014,https://pubmed.ncbi.nlm.nih.gov/16678967,,0,
https://openalex.org/w2068348733,https://doi.org/10.1016/0109-5641(92)90088-t,https://pubmed.ncbi.nlm.nih.gov/1291387,,0,
https://openalex.org/w1982738110,https://doi.org/10.1016/j.chemosphere.2010.05.056,https://pubmed.ncbi.nlm.nih.gov/20580056,,0,
https://openalex.org/w2168148786,https://doi.org/10.1093/toxsci/54.1.3,https://pubmed.ncbi.nlm.nih.gov/10746927,012-689-400-724-04X,0,
https://openalex.org/w2147644580,https://doi.org/10.1016/j.ijdevneu.2010.09.009,https://pubmed.ncbi.nlm.nih.gov/20955774,036-925-564-572-719,0,
https://openalex.org/w2412580449,,https://pubmed.ncbi.nlm.nih.gov/2534291,,0,
https://openalex.org/w1984820174,https://doi.org/10.1016/s0109-5641(02)00098-2,https://pubmed.ncbi.nlm.nih.gov/12837399,,0,
https://openalex.org/w2332580496,https://doi.org/10.1021/tx300411d,https://pubmed.ncbi.nlm.nih.gov/23198967,043-423-945-980-621,0,
https://openalex.org/w2031647853,https://doi.org/10.1111/j.1600-0722.1990.tb00944.x,https://pubmed.ncbi.nlm.nih.gov/2158145,108-453-184-204-444,0,
https://openalex.org/w2088531481,https://doi.org/10.2341/09-126-l,https://pubmed.ncbi.nlm.nih.gov/20166419,087-683-346-737-766,0,
https://openalex.org/w2017179863,https://doi.org/10.1016/0300-5712(91)90126-j,https://pubmed.ncbi.nlm.nih.gov/1838557,,0,
https://openalex.org/w2114718904,https://doi.org/10.1016/j.jdent.2011.03.009,https://pubmed.ncbi.nlm.nih.gov/21510999,,0,
https://openalex.org/w2054567747,https://doi.org/10.1002/1097-4636(200010)52:1<164::aid-jbm21>3.0.co;2-r,https://pubmed.ncbi.nlm.nih.gov/10906688,021-960-853-252-673,0,
https://openalex.org/w2353395481,,https://pubmed.ncbi.nlm.nih.gov/21780591,,0,
https://openalex.org/w2028145606,https://doi.org/10.1016/j.talanta.2011.07.040,https://pubmed.ncbi.nlm.nih.gov/21872057,,0,
https://openalex.org/w2101040376,https://doi.org/10.1016/j.neulet.2012.09.046,https://pubmed.ncbi.nlm.nih.gov/23041044,,0,
https://openalex.org/w2026171898,https://doi.org/10.4012/dmj.20.353,https://pubmed.ncbi.nlm.nih.gov/11915629,050-765-312-308-572,0,
https://openalex.org/w2143873329,https://doi.org/10.2174/138161212799040457,https://pubmed.ncbi.nlm.nih.gov/22229564,028-637-766-243-706,0,
https://openalex.org/w2411305474,,https://pubmed.ncbi.nlm.nih.gov/2152041,,0,
https://openalex.org/w2078780786,https://doi.org/10.1016/s0889-5406(03)00310-x,https://pubmed.ncbi.nlm.nih.gov/12970665,075-204-986-290-214,0,
https://openalex.org/w2031826939,https://doi.org/10.2341/04-157,https://pubmed.ncbi.nlm.nih.gov/16536189,009-412-146-930-189,0,
https://openalex.org/w1989995185,https://doi.org/10.1007/s00253-010-2544-0,https://pubmed.ncbi.nlm.nih.gov/20352421,045-032-644-845-017,0,
https://openalex.org/w1989761826,https://doi.org/10.1007/s10646-006-0072-6,https://pubmed.ncbi.nlm.nih.gov/16708282,,0,
https://openalex.org/w1983495937,https://doi.org/10.1016/s0889-5406(99)70209-x,https://pubmed.ncbi.nlm.nih.gov/10434085,014-318-337-797-966,0,
https://openalex.org/w2067058726,https://doi.org/10.4012/dmj.28.634,https://pubmed.ncbi.nlm.nih.gov/19822996,046-547-992-761-724,0,
https://openalex.org/w1971583779,https://doi.org/10.1016/j.biomaterials.2003.08.029,https://pubmed.ncbi.nlm.nih.gov/14738842,,0,
https://openalex.org/w1976143098,https://doi.org/10.1007/s00128-010-0111-0,https://pubmed.ncbi.nlm.nih.gov/20936514,,0,
https://openalex.org/w1966928534,https://doi.org/10.1021/jf201076f,https://pubmed.ncbi.nlm.nih.gov/21598963,009-409-933-460-182,0,
https://openalex.org/w2172292316,https://doi.org/10.1038/pcan.2009.20,https://pubmed.ncbi.nlm.nih.gov/19468285,035-068-760-050-280,0,
https://openalex.org/w2115462191,https://doi.org/10.1002/jbm.b.30450,https://pubmed.ncbi.nlm.nih.gov/16506170,006-660-790-562-229,0,
https://openalex.org/w1572529687,https://doi.org/10.1111/bph.12122,https://pubmed.ncbi.nlm.nih.gov/23373633,049-758-378-758-84X,0,
https://openalex.org/w2420793471,,https://pubmed.ncbi.nlm.nih.gov/2943989,,0,
https://openalex.org/w2062168118,https://doi.org/10.1254/jphs.fm0070034,https://pubmed.ncbi.nlm.nih.gov/17928741,034-091-344-251-71X,0,
https://openalex.org/w2030197851,https://doi.org/10.1111/j.1600-0722.2009.00664.x,https://pubmed.ncbi.nlm.nih.gov/19758260,064-652-903-059-325,0,
https://openalex.org/w1987266279,https://doi.org/10.1159/000261483,https://pubmed.ncbi.nlm.nih.gov/1294303,058-232-527-805-663,0,
https://openalex.org/w65411404,,https://pubmed.ncbi.nlm.nih.gov/8152989,,0,
https://openalex.org/w2160419496,https://doi.org/10.1001/jama.2009.121,https://pubmed.ncbi.nlm.nih.gov/19224744,,0,
https://openalex.org/w1966415369,https://doi.org/10.1016/0022-3913(89)90071-1,https://pubmed.ncbi.nlm.nih.gov/2532681,,0,
https://openalex.org/w2099288022,https://doi.org/10.1289/ehp.105-1470077,https://pubmed.ncbi.nlm.nih.gov/9288484,089-338-266-078-890,0,
https://openalex.org/w1970819309,https://doi.org/10.1016/j.cbpc.2006.11.007,https://pubmed.ncbi.nlm.nih.gov/17188579,,0,
https://openalex.org/w2418751486,,https://pubmed.ncbi.nlm.nih.gov/11763946,,0,
https://openalex.org/w1974560833,https://doi.org/10.3390/molecules17089090,https://pubmed.ncbi.nlm.nih.gov/22850325,063-176-140-587-646,0,
https://openalex.org/w2041357856,https://doi.org/10.1016/j.domaniend.2003.06.004,https://pubmed.ncbi.nlm.nih.gov/14652134,,0,
https://openalex.org/w2153149025,https://doi.org/10.1016/j.watres.2012.11.054,https://pubmed.ncbi.nlm.nih.gov/23295068,017-326-325-035-277,0,
https://openalex.org/w2092577384,https://doi.org/10.1006/jcis.1996.4573,https://pubmed.ncbi.nlm.nih.gov/9056320,,0,
https://openalex.org/w1994763752,https://doi.org/10.1080/09593330.2010.535175,https://pubmed.ncbi.nlm.nih.gov/21970169,082-647-659-062-413,0,
https://openalex.org/w2006186882,https://doi.org/10.1016/j.envpol.2009.07.041,https://pubmed.ncbi.nlm.nih.gov/19765868,012-998-174-316-599,0,
https://openalex.org/w2045103582,https://doi.org/10.1016/0109-5641(93)90060-4,https://pubmed.ncbi.nlm.nih.gov/7988771,,0,
https://openalex.org/w2402366599,,https://pubmed.ncbi.nlm.nih.gov/11203779,,0,
https://openalex.org/w1992136235,https://doi.org/10.1016/s0890-6238(00)00062-9,https://pubmed.ncbi.nlm.nih.gov/10825674,,0,
https://openalex.org/w2411082326,,https://pubmed.ncbi.nlm.nih.gov/6227978,,0,
https://openalex.org/w1988230359,https://doi.org/10.1016/s0045-6535(02)00628-8,https://pubmed.ncbi.nlm.nih.gov/12547330,,0,
https://openalex.org/w2131329501,https://doi.org/10.1016/j.talanta.2011.08.017,https://pubmed.ncbi.nlm.nih.gov/22265467,,0,
https://openalex.org/w2053887783,https://doi.org/10.17796/jcpd.31.1.2436up85l810667h,https://pubmed.ncbi.nlm.nih.gov/17091656,022-048-709-362-342,0,
https://openalex.org/w2070215489,https://doi.org/10.1016/j.yhbeh.2006.03.015,https://pubmed.ncbi.nlm.nih.gov/16716326,,0,
https://openalex.org/w1927678219,,https://pubmed.ncbi.nlm.nih.gov/23022805,,0,
https://openalex.org/w2103307312,https://doi.org/10.4248/ijos10002,https://pubmed.ncbi.nlm.nih.gov/20690416,080-663-994-202-388,0,
https://openalex.org/w2088938326,https://doi.org/10.1016/s0022-3913(97)70057-x,https://pubmed.ncbi.nlm.nih.gov/9399184,,0,
https://openalex.org/w1976111910,https://doi.org/10.1111/j.1600-0722.2005.00212.x,https://pubmed.ncbi.nlm.nih.gov/15953249,043-912-155-958-785,0,
https://openalex.org/w2050862758,https://doi.org/10.1007/s00216-012-5990-y,https://pubmed.ncbi.nlm.nih.gov/22526662,,0,
https://openalex.org/w1993859098,https://doi.org/10.1016/j.envint.2010.04.009,https://pubmed.ncbi.nlm.nih.gov/20452023,111-489-291-384-578,0,
https://openalex.org/w2059830050,https://doi.org/10.1177/00220345870660110601,https://pubmed.ncbi.nlm.nih.gov/10872397,066-617-428-283-596,0,
https://openalex.org/w2000241743,https://doi.org/10.1177/00220345910700091101,https://pubmed.ncbi.nlm.nih.gov/1833427,039-170-773-596-908,0,
https://openalex.org/w1824094722,https://doi.org/10.1002/elps.201200206,https://pubmed.ncbi.nlm.nih.gov/22899268,086-179-125-672-568,0,
https://openalex.org/w2021829952,https://doi.org/10.1016/j.marpolbul.2011.06.004,https://pubmed.ncbi.nlm.nih.gov/21719036,,0,
https://openalex.org/w1863753902,https://doi.org/10.1111/j.1834-7819.2010.01236.x,https://pubmed.ncbi.nlm.nih.gov/20887516,069-333-588-671-47X,0,
https://openalex.org/w2323958423,https://doi.org/10.1021/es304038k,https://pubmed.ncbi.nlm.nih.gov/23448553,031-123-050-720-976,0,
https://openalex.org/w2084868343,https://doi.org/10.1016/j.yfrne.2007.07.001,https://pubmed.ncbi.nlm.nih.gov/17868795,,0,
https://openalex.org/w2018796192,https://doi.org/10.1016/j.chemosphere.2004.12.053,https://pubmed.ncbi.nlm.nih.gov/15788174,,0,
https://openalex.org/w2159480589,https://doi.org/10.1038/aja.2009.83,https://pubmed.ncbi.nlm.nih.gov/19966832,093-418-843-086-896,0,
https://openalex.org/w2404895820,,https://pubmed.ncbi.nlm.nih.gov/6240070,,0,
https://openalex.org/w2100887303,https://doi.org/10.1093/humrep/deh888,https://pubmed.ncbi.nlm.nih.gov/15947000,108-900-365-403-073,0,
https://openalex.org/w2041434194,https://doi.org/10.1016/s0300-5712(96)00083-8,https://pubmed.ncbi.nlm.nih.gov/9540314,,0,
https://openalex.org/w2080502248,https://doi.org/10.1177/154405910308200213,https://pubmed.ncbi.nlm.nih.gov/12562889,071-740-065-739-535,0,
https://openalex.org/w37843519,,https://pubmed.ncbi.nlm.nih.gov/19715064,,0,
https://openalex.org/w2258513476,,https://pubmed.ncbi.nlm.nih.gov/20819400,,0,
https://openalex.org/w2402454151,,https://pubmed.ncbi.nlm.nih.gov/11764832,,0,
https://openalex.org/w2064492409,https://doi.org/10.1111/j.1365-263x.1994.tb00122.x,https://pubmed.ncbi.nlm.nih.gov/7811667,092-589-303-157-905,0,
https://openalex.org/w2400683624,,https://pubmed.ncbi.nlm.nih.gov/12768888,,0,
https://openalex.org/w1978019113,https://doi.org/10.1016/0022-3913(93)90235-g,https://pubmed.ncbi.nlm.nih.gov/8455164,,0,
https://openalex.org/w2032848718,https://doi.org/10.1007/s10856-008-3434-1,https://pubmed.ncbi.nlm.nih.gov/18415003,014-482-217-218-100,0,
https://openalex.org/w2402298491,,https://pubmed.ncbi.nlm.nih.gov/6216216,,0,
https://openalex.org/w2229521983,,https://pubmed.ncbi.nlm.nih.gov/1838418,,0,
https://openalex.org/w2406585275,,https://pubmed.ncbi.nlm.nih.gov/16250443,,0,
https://openalex.org/w201576433,,https://pubmed.ncbi.nlm.nih.gov/2152013,,0,
https://openalex.org/w2025385517,https://doi.org/10.1053/od.1998.v114.a84780,https://pubmed.ncbi.nlm.nih.gov/9714279,052-858-778-559-627,0,
https://openalex.org/w2410256122,,https://pubmed.ncbi.nlm.nih.gov/11203821,,0,
https://openalex.org/w2166537089,https://doi.org/10.1093/toxsci/54.1.154,https://pubmed.ncbi.nlm.nih.gov/10746942,041-422-311-309-898,0,
https://openalex.org/w2164859563,https://doi.org/10.1016/0300-5712(95)00061-5,https://pubmed.ncbi.nlm.nih.gov/8783533,,0,
https://openalex.org/w2007350333,https://doi.org/10.1016/s0304-3940(01)01760-8,https://pubmed.ncbi.nlm.nih.gov/11335058,,0,
https://openalex.org/w2059694258,https://doi.org/10.1159/000262411,https://pubmed.ncbi.nlm.nih.gov/9197933,109-510-609-948-268,0,
https://openalex.org/w2043080151,https://doi.org/10.2341/11-076-l,https://pubmed.ncbi.nlm.nih.gov/22856682,019-862-380-021-136,0,
https://openalex.org/w2945076261,,https://pubmed.ncbi.nlm.nih.gov/15520629,,0,
https://openalex.org/w1992953802,https://doi.org/10.1016/j.chemosphere.2008.12.050,https://pubmed.ncbi.nlm.nih.gov/19181364,,0,
https://openalex.org/w2127308727,https://doi.org/10.5005/jp-journals-10024-1040,https://pubmed.ncbi.nlm.nih.gov/22186856,026-739-362-870-660,0,
https://openalex.org/w95448059,,https://pubmed.ncbi.nlm.nih.gov/16052761,,0,
https://openalex.org/w2024758889,https://doi.org/10.1016/j.jdent.2008.01.016,https://pubmed.ncbi.nlm.nih.gov/18336986,,0,
https://openalex.org/w2143262376,https://doi.org/10.1161/hypertensionaha.112.197715,https://pubmed.ncbi.nlm.nih.gov/22851732,008-655-099-494-272,0,
https://openalex.org/w2145104865,https://doi.org/10.1177/00220345930720060901,https://pubmed.ncbi.nlm.nih.gov/8496477,178-645-385-802-032,0,
https://openalex.org/w2013438822,https://doi.org/10.1016/j.reprotox.2012.04.008,https://pubmed.ncbi.nlm.nih.gov/22564983,,0,
https://openalex.org/w2023145510,https://doi.org/10.1111/j.1471-4159.2008.05236.x,https://pubmed.ncbi.nlm.nih.gov/18208543,132-831-473-328-051,0,
https://openalex.org/w2037443790,https://doi.org/10.1046/j.1365-2842.1998.00316.x,https://pubmed.ncbi.nlm.nih.gov/9846907,056-458-471-676-960,0,
https://openalex.org/w1984819833,https://doi.org/10.1002/jbm.b.32864,https://pubmed.ncbi.nlm.nih.gov/23281264,028-335-281-519-272,0,
https://openalex.org/w1984454510,https://doi.org/10.1016/j.jdent.2005.11.003,https://pubmed.ncbi.nlm.nih.gov/16427182,,0,
https://openalex.org/w1977558107,https://doi.org/10.1016/j.jchromb.2003.12.031,https://pubmed.ncbi.nlm.nih.gov/15093173,,0,
https://openalex.org/w2104735493,https://doi.org/10.1016/s0109-5641(01)00024-0,https://pubmed.ncbi.nlm.nih.gov/11740968,,0,
https://openalex.org/w2089069374,https://doi.org/10.1016/j.marpolbul.2012.07.048,https://pubmed.ncbi.nlm.nih.gov/22921147,,0,
https://openalex.org/w1911653600,https://doi.org/10.3290/j.jad.a15326,https://pubmed.ncbi.nlm.nih.gov/19492716,,0,
https://openalex.org/w1984634361,https://doi.org/10.1289/ehp.1003170,https://pubmed.ncbi.nlm.nih.gov/21450549,051-970-426-492-063,0,
https://openalex.org/w1934056598,https://doi.org/10.1111/j.1365-2591.2010.01746.x,https://pubmed.ncbi.nlm.nih.gov/20579134,082-455-024-315-118,0,
https://openalex.org/w173439782,,https://pubmed.ncbi.nlm.nih.gov/22353408,,0,
https://openalex.org/w1996538575,https://doi.org/10.1016/j.chemosphere.2006.05.137,https://pubmed.ncbi.nlm.nih.gov/17223178,,0,
https://openalex.org/w2404300851,,https://pubmed.ncbi.nlm.nih.gov/20178218,,0,
https://openalex.org/w2061416167,https://doi.org/10.1016/s0304-3940(01)02092-4,https://pubmed.ncbi.nlm.nih.gov/11524155,,0,
https://openalex.org/w2054627920,https://doi.org/10.1089/hyb.2010.0079,https://pubmed.ncbi.nlm.nih.gov/21466291,060-727-878-710-427,0,
https://openalex.org/w2015038318,https://doi.org/10.1371/journal.pone.0043378,https://pubmed.ncbi.nlm.nih.gov/22916252,074-233-327-307-285,0,
https://openalex.org/w192659213,,https://pubmed.ncbi.nlm.nih.gov/15986946,,0,
https://openalex.org/w1973538809,,https://pubmed.ncbi.nlm.nih.gov/6216717,,0,
https://openalex.org/w234910944,,https://pubmed.ncbi.nlm.nih.gov/21381429,,0,
https://openalex.org/w1985963805,https://doi.org/10.1016/j.saa.2010.08.058,https://pubmed.ncbi.nlm.nih.gov/20926336,,0,
https://openalex.org/w2415681554,,https://pubmed.ncbi.nlm.nih.gov/12216572,,0,
https://openalex.org/w2131994965,https://doi.org/10.3109/19396368.2011.574248,https://pubmed.ncbi.nlm.nih.gov/21574817,012-300-719-823-252,0,
https://openalex.org/w2068005660,https://doi.org/10.1364/ao.42.001417,https://pubmed.ncbi.nlm.nih.gov/12645977,025-844-732-945-112,0,
https://openalex.org/w2035707044,https://doi.org/10.1016/s0304-4165(02)00418-x,https://pubmed.ncbi.nlm.nih.gov/12399027,007-668-780-852-09X,0,
https://openalex.org/w1999202036,https://doi.org/10.1016/j.etap.2004.02.006,https://pubmed.ncbi.nlm.nih.gov/21783458,,0,
https://openalex.org/w1989668274,https://doi.org/10.1271/bbb.64.1958,https://pubmed.ncbi.nlm.nih.gov/11055402,052-269-423-296-797,0,
https://openalex.org/w1986645347,https://doi.org/10.1016/j.jchromb.2010.11.031,https://pubmed.ncbi.nlm.nih.gov/21168371,,0,
https://openalex.org/w1968091561,https://doi.org/10.1289/ehp.02110s6925,https://pubmed.ncbi.nlm.nih.gov/12634121,086-174-810-633-337,0,
https://openalex.org/w2047984576,https://doi.org/10.1038/sj.bdj.4806350,https://pubmed.ncbi.nlm.nih.gov/2964252,,0,
https://openalex.org/w2002813199,https://doi.org/10.1289/ehp.7418,https://pubmed.ncbi.nlm.nih.gov/15743723,002-735-511-153-915,0,
https://openalex.org/w1988725336,https://doi.org/10.1007/s00784-011-0527-x,https://pubmed.ncbi.nlm.nih.gov/21350865,,0,
https://openalex.org/w82257308,,https://pubmed.ncbi.nlm.nih.gov/15237887,,0,
https://openalex.org/w1993664253,https://doi.org/10.1016/j.reprotox.2011.05.003,https://pubmed.ncbi.nlm.nih.gov/21621606,,0,
https://openalex.org/w2048197369,https://doi.org/10.1016/j.bbrc.2003.10.135,https://pubmed.ncbi.nlm.nih.gov/14637157,,0,
https://openalex.org/w2159659519,https://doi.org/10.4103/0970-9290.94663,https://pubmed.ncbi.nlm.nih.gov/22484893,006-116-555-005-837,0,
https://openalex.org/w29749783,,https://pubmed.ncbi.nlm.nih.gov/23635887,,0,
https://openalex.org/w2155681361,https://doi.org/10.1542/peds.2009-2693,https://pubmed.ncbi.nlm.nih.gov/20819896,083-921-291-580-620,0,
https://openalex.org/w1991715135,https://doi.org/10.1002/tox.10079,https://pubmed.ncbi.nlm.nih.gov/12242676,056-545-182-428-00X,0,
https://openalex.org/w2038956550,https://doi.org/10.14219/jada.archive.1990.0269,https://pubmed.ncbi.nlm.nih.gov/2148943,068-843-638-270-29X,0,
https://openalex.org/w2124976849,https://doi.org/10.1590/s1678-77572009000100012,https://pubmed.ncbi.nlm.nih.gov/19148408,044-775-766-234-16X,0,
https://openalex.org/w2039089226,https://doi.org/10.1067/mpr.2002.129805,https://pubmed.ncbi.nlm.nih.gov/12488855,,0,
https://openalex.org/w2125202234,https://doi.org/10.1080/10408440701493103,https://pubmed.ncbi.nlm.nih.gov/17674214,118-372-998-522-044,0,
https://openalex.org/w2015379829,https://doi.org/10.1289/ehp.118-a490b,https://pubmed.ncbi.nlm.nih.gov/21465746,024-452-306-847-393,0,
https://openalex.org/w2426932455,https://doi.org/10.3290/j.jad.a25674,https://pubmed.ncbi.nlm.nih.gov/22518385,,0,
https://openalex.org/w2039941496,https://doi.org/10.4103/0970-4388.37012,https://pubmed.ncbi.nlm.nih.gov/18007102,058-719-254-120-523,0,
https://openalex.org/w2087793577,https://doi.org/10.1007/s00216-010-4344-x,https://pubmed.ncbi.nlm.nih.gov/21058032,,0,
https://openalex.org/w184026374,,https://pubmed.ncbi.nlm.nih.gov/18051610,,0,
https://openalex.org/w2166491553,https://doi.org/10.1080/19440049.2011.583281,https://pubmed.ncbi.nlm.nih.gov/21707265,067-167-504-091-838,0,
https://openalex.org/w2409650814,,https://pubmed.ncbi.nlm.nih.gov/2053081,,0,
https://openalex.org/w2055904822,https://doi.org/10.1021/la3050016,https://pubmed.ncbi.nlm.nih.gov/23517477,000-252-442-662-919,0,
https://openalex.org/w1981550624,https://doi.org/10.1089/ten.1995.1.15,https://pubmed.ncbi.nlm.nih.gov/19877912,037-617-777-454-929,0,
https://openalex.org/w2015800760,https://doi.org/10.1002/etc.5620200924,https://pubmed.ncbi.nlm.nih.gov/11521832,074-084-208-224-982,0,
https://openalex.org/w2029482642,https://doi.org/10.1016/j.chroma.2009.11.076,https://pubmed.ncbi.nlm.nih.gov/20003983,,0,
https://openalex.org/w1820386566,https://doi.org/10.1002/etc.2151,https://pubmed.ncbi.nlm.nih.gov/23401061,063-209-216-134-423,0,
https://openalex.org/w73416542,,https://pubmed.ncbi.nlm.nih.gov/19841764,,0,
https://openalex.org/w1991587661,https://doi.org/10.1016/j.dental.2003.11.001,https://pubmed.ncbi.nlm.nih.gov/15019454,,0,
https://openalex.org/w1985063253,https://doi.org/10.1155/2013/629235,https://pubmed.ncbi.nlm.nih.gov/23984391,044-789-310-485-830,0,
https://openalex.org/w2339700675,,https://pubmed.ncbi.nlm.nih.gov/15279482,,0,
https://openalex.org/w2055202856,https://doi.org/10.1067/mpr.2002.129335,https://pubmed.ncbi.nlm.nih.gov/12474004,,0,
https://openalex.org/w1973556480,https://doi.org/10.1289/ehp.00108243,https://pubmed.ncbi.nlm.nih.gov/10706531,001-619-631-427-568,0,
https://openalex.org/w1966411110,https://doi.org/10.1038/nrendo.2011.56,https://pubmed.ncbi.nlm.nih.gov/21467970,,0,
https://openalex.org/w2050160280,https://doi.org/10.1016/s0022-3913(05)80046-0,https://pubmed.ncbi.nlm.nih.gov/1774678,,0,
https://openalex.org/w2030891404,https://doi.org/10.1007/s11356-010-0390-3,https://pubmed.ncbi.nlm.nih.gov/20820928,,0,
https://openalex.org/w2165746851,https://doi.org/10.1016/j.jchromb.2010.10.021,https://pubmed.ncbi.nlm.nih.gov/21093390,,0,
https://openalex.org/w2140986977,https://doi.org/10.1002/jbm.b.30320,https://pubmed.ncbi.nlm.nih.gov/15991229,021-226-645-354-409,0,
https://openalex.org/w2075335223,https://doi.org/10.1289/ehp.0800367,https://pubmed.ncbi.nlm.nih.gov/19654912,018-556-377-372-101,0,
https://openalex.org/w1802776398,,https://pubmed.ncbi.nlm.nih.gov/16308463,,0,
https://openalex.org/w2135391044,https://doi.org/10.1067/mpr.2002.125179,https://pubmed.ncbi.nlm.nih.gov/12131887,,0,
https://openalex.org/w2155658708,https://doi.org/10.1016/j.envres.2009.04.003,https://pubmed.ncbi.nlm.nih.gov/19426969,,0,
https://openalex.org/w2093642561,https://doi.org/10.1002/tox.20596,https://pubmed.ncbi.nlm.nih.gov/20549626,039-565-214-538-644,0,
https://openalex.org/w1978752122,https://doi.org/10.1111/j.1834-7819.1988.tb00618.x,https://pubmed.ncbi.nlm.nih.gov/2970253,125-003-287-812-90X,0,
https://openalex.org/w2028605647,https://doi.org/10.1002/1096-9888(200006)35:6<739::aid-jms3>3.0.co;2-#,https://pubmed.ncbi.nlm.nih.gov/10862127,039-043-735-670-175,0,
https://openalex.org/w2237086590,,https://pubmed.ncbi.nlm.nih.gov/18561831,,0,
https://openalex.org/w2464923296,,https://pubmed.ncbi.nlm.nih.gov/14661526,,0,
https://openalex.org/w2464836977,,https://pubmed.ncbi.nlm.nih.gov/6225203,,0,
https://openalex.org/w2081249506,https://doi.org/10.1016/0022-3913(94)90080-9,https://pubmed.ncbi.nlm.nih.gov/7932268,,0,
https://openalex.org/w1970492833,https://doi.org/10.1016/j.canlet.2009.09.005,https://pubmed.ncbi.nlm.nih.gov/19796866,093-849-368-926-132,0,
https://openalex.org/w2399609328,,https://pubmed.ncbi.nlm.nih.gov/6236253,,0,
https://openalex.org/w2032153274,https://doi.org/10.1016/j.chroma.2008.12.023,https://pubmed.ncbi.nlm.nih.gov/19118834,033-709-498-138-264,0,
https://openalex.org/w2000769385,https://doi.org/10.1016/s1383-5718(03)00175-x,https://pubmed.ncbi.nlm.nih.gov/14568290,,0,
https://openalex.org/w2024731104,https://doi.org/10.1016/s0300-5712(03)00005-8,https://pubmed.ncbi.nlm.nih.gov/12654548,,0,
https://openalex.org/w2053393409,https://doi.org/10.1155/2012/185731,https://pubmed.ncbi.nlm.nih.gov/22253637,043-681-759-453-387,0,
https://openalex.org/w2078178005,https://doi.org/10.4012/dmj.17.195,https://pubmed.ncbi.nlm.nih.gov/9893500,055-461-178-415-498,0,
https://openalex.org/w150589530,,https://pubmed.ncbi.nlm.nih.gov/10597150,,0,
https://openalex.org/w2078908604,https://doi.org/10.1016/j.fct.2006.06.013,https://pubmed.ncbi.nlm.nih.gov/16893599,,0,
https://openalex.org/w2079724894,https://doi.org/10.1210/en.2005-0565,https://pubmed.ncbi.nlm.nih.gov/16123166,105-671-425-029-322,0,
https://openalex.org/w1590853259,https://doi.org/10.1002/oby.20373,https://pubmed.ncbi.nlm.nih.gov/23512350,030-843-185-916-975,0,
https://openalex.org/w2030148532,https://doi.org/10.1016/j.tox.2011.11.001,https://pubmed.ncbi.nlm.nih.gov/22108044,058-052-976-555-251,0,
https://openalex.org/w2325609047,https://doi.org/10.5005/jp-journals-10024-1167,https://pubmed.ncbi.nlm.nih.gov/23151691,006-125-013-667-742,0,
https://openalex.org/w2100198005,https://doi.org/10.1177/0734242x10388556,https://pubmed.ncbi.nlm.nih.gov/21135024,016-836-385-253-704,0,
https://openalex.org/w2084264255,https://doi.org/10.1016/0109-5641(89)90101-2,https://pubmed.ncbi.nlm.nih.gov/2534804,,0,
https://openalex.org/w2086589751,https://doi.org/10.1080/19440049.2010.542551,https://pubmed.ncbi.nlm.nih.gov/21240700,107-236-370-761-124,0,
https://openalex.org/w2146734684,https://doi.org/10.1098/rsta.2009.0148,https://pubmed.ncbi.nlm.nih.gov/19736229,016-922-787-600-917,0,
https://openalex.org/w109735151,,https://pubmed.ncbi.nlm.nih.gov/11763898,,0,
https://openalex.org/w2052813067,https://doi.org/10.1177/0022034509341826,https://pubmed.ncbi.nlm.nih.gov/19734458,065-506-031-504-655,0,
https://openalex.org/w1996249727,https://doi.org/10.1016/j.fct.2011.11.041,https://pubmed.ncbi.nlm.nih.gov/22142692,,0,
https://openalex.org/w2051795726,https://doi.org/10.1093/ortho/27.1.55,https://pubmed.ncbi.nlm.nih.gov/10790445,056-868-979-234-356,0,
https://openalex.org/w2408945782,,https://pubmed.ncbi.nlm.nih.gov/17891958,,0,
https://openalex.org/w2005281143,https://doi.org/10.1016/j.jhazmat.2010.01.140,https://pubmed.ncbi.nlm.nih.gov/20185235,,0,
https://openalex.org/w1987539697,https://doi.org/10.4012/dmj.26.672,https://pubmed.ncbi.nlm.nih.gov/18203467,018-093-873-449-069,0,
https://openalex.org/w2114082337,https://doi.org/10.1007/s12199-008-0049-6,https://pubmed.ncbi.nlm.nih.gov/19568893,084-329-743-879-871,0,
https://openalex.org/w1982155011,https://doi.org/10.1038/jes.2012.1,https://pubmed.ncbi.nlm.nih.gov/22333730,119-629-107-768-065,0,
https://openalex.org/w2467152775,,https://pubmed.ncbi.nlm.nih.gov/19143361,,0,
https://openalex.org/w2034671616,https://doi.org/10.1111/j.1600-9657.2008.00709.x,https://pubmed.ncbi.nlm.nih.gov/19021641,046-403-609-974-936,0,
https://openalex.org/w1971027693,https://doi.org/10.1016/j.dental.2007.11.001,https://pubmed.ncbi.nlm.nih.gov/18155289,127-166-872-945-972,0,
https://openalex.org/w2109363888,https://doi.org/10.1016/j.dental.2005.11.041,https://pubmed.ncbi.nlm.nih.gov/16414110,,0,
https://openalex.org/w2001187483,https://doi.org/10.1021/la200451c,https://pubmed.ncbi.nlm.nih.gov/21456539,079-676-400-912-102,0,
https://openalex.org/w2167479766,https://doi.org/10.1002/jbm.b.31923,https://pubmed.ncbi.nlm.nih.gov/21953986,021-905-797-517-523,0,
https://openalex.org/w2414621381,,https://pubmed.ncbi.nlm.nih.gov/9002798,,0,
https://openalex.org/w2092446807,https://doi.org/10.1016/j.neures.2007.05.003,https://pubmed.ncbi.nlm.nih.gov/17574696,046-394-766-237-84X,0,
https://openalex.org/w2064179180,https://doi.org/10.1002/rcm.4254,https://pubmed.ncbi.nlm.nih.gov/19757448,071-410-555-274-265,0,
https://openalex.org/w2016258313,https://doi.org/10.1016/s1382-6689(03)00044-9,https://pubmed.ncbi.nlm.nih.gov/21782668,,1,
https://openalex.org/w2419190357,,https://pubmed.ncbi.nlm.nih.gov/20829151,,0,
https://openalex.org/w2462207231,,https://pubmed.ncbi.nlm.nih.gov/7880479,,0,
https://openalex.org/w2037999322,https://doi.org/10.4012/dmj.2011-076,https://pubmed.ncbi.nlm.nih.gov/21946481,096-105-239-034-223,0,
https://openalex.org/w1836824108,,https://pubmed.ncbi.nlm.nih.gov/23441348,,0,
https://openalex.org/w2083226968,https://doi.org/10.4012/dmj.23.533,https://pubmed.ncbi.nlm.nih.gov/15688716,006-755-029-223-341,0,
https://openalex.org/w2414774517,,https://pubmed.ncbi.nlm.nih.gov/8854907,,0,
https://openalex.org/w2000180814,https://doi.org/10.1038/sj.bjp.0705520,https://pubmed.ncbi.nlm.nih.gov/14707028,031-539-964-865-994,0,
https://openalex.org/w2071147449,https://doi.org/10.1016/0022-3913(89)90119-4,https://pubmed.ncbi.nlm.nih.gov/2521668,,0,
https://openalex.org/w1989863715,https://doi.org/10.1016/j.ijheh.2010.12.002,https://pubmed.ncbi.nlm.nih.gov/21216193,088-415-207-397-031,0,
https://openalex.org/w2414095355,,https://pubmed.ncbi.nlm.nih.gov/11931138,,0,
https://openalex.org/w1982676349,https://doi.org/10.1016/j.watres.2006.01.003,https://pubmed.ncbi.nlm.nih.gov/16476465,,0,
https://openalex.org/w2128404153,https://doi.org/10.1016/j.jhazmat.2007.03.069,https://pubmed.ncbi.nlm.nih.gov/17475402,,0,
https://openalex.org/w2027048348,https://doi.org/10.1016/0022-3913(92)90550-t,https://pubmed.ncbi.nlm.nih.gov/1494119,,0,
https://openalex.org/w1973818208,https://doi.org/10.1289/ehp.1205330,https://pubmed.ncbi.nlm.nih.gov/23052487,045-269-387-144-556,0,
https://openalex.org/w2058904405,https://doi.org/10.1051/medsci/2007232198,https://pubmed.ncbi.nlm.nih.gov/17291431,015-646-541-500-997,0,
https://openalex.org/w2039198239,https://doi.org/10.1016/j.chemosphere.2010.09.071,https://pubmed.ncbi.nlm.nih.gov/20971495,,0,
https://openalex.org/w2041406277,https://doi.org/10.1021/es034011e,https://pubmed.ncbi.nlm.nih.gov/12953886,025-381-459-840-636,0,
https://openalex.org/w2323865629,https://doi.org/10.1021/la303430c,https://pubmed.ncbi.nlm.nih.gov/22954368,007-040-912-765-26X,0,
https://openalex.org/w2059810424,https://doi.org/10.1897/07-622.1,https://pubmed.ncbi.nlm.nih.gov/18616378,000-655-478-641-569,0,
https://openalex.org/w2411137719,https://doi.org/10.7888/juoeh.25.161,https://pubmed.ncbi.nlm.nih.gov/12813859,042-798-284-080-064,0,
https://openalex.org/w2336866761,,https://pubmed.ncbi.nlm.nih.gov/12967072,,0,
https://openalex.org/w2033628063,https://doi.org/10.1177/0022034509334499,https://pubmed.ncbi.nlm.nih.gov/19407160,077-028-969-887-820,0,
https://openalex.org/w2041473510,https://doi.org/10.1016/j.yhbeh.2013.02.016,https://pubmed.ncbi.nlm.nih.gov/23470777,,0,
https://openalex.org/w116414619,,https://pubmed.ncbi.nlm.nih.gov/11460286,,0,
https://openalex.org/w2055390155,https://doi.org/10.1248/bpb.29.2120,https://pubmed.ncbi.nlm.nih.gov/17015962,017-073-747-189-601,0,
https://openalex.org/w2239712580,,https://pubmed.ncbi.nlm.nih.gov/21519554,,0,
https://openalex.org/w2123590135,https://doi.org/10.3389/fonc.2012.00057,https://pubmed.ncbi.nlm.nih.gov/22675672,067-511-255-165-954,0,
https://openalex.org/w2021001700,https://doi.org/10.1897/08-471.1,https://pubmed.ncbi.nlm.nih.gov/19355791,093-865-148-160-147,0,
https://openalex.org/w2261471951,,https://pubmed.ncbi.nlm.nih.gov/10649924,,0,
https://openalex.org/w1991497690,https://doi.org/10.1007/s11356-009-0170-0,https://pubmed.ncbi.nlm.nih.gov/19495821,,0,
https://openalex.org/w2018398753,https://doi.org/10.1007/s00216-010-3656-1,https://pubmed.ncbi.nlm.nih.gov/20376432,,0,
https://openalex.org/w2469347620,,https://pubmed.ncbi.nlm.nih.gov/11277046,,0,
https://openalex.org/w2059231745,https://doi.org/10.1016/j.watres.2005.01.015,https://pubmed.ncbi.nlm.nih.gov/15862328,,0,
https://openalex.org/w2008171863,https://doi.org/10.1262/jrd.50.349,https://pubmed.ncbi.nlm.nih.gov/15226600,042-925-346-031-719,1,
https://openalex.org/w1972572768,https://doi.org/10.1111/j.1708-8240.2002.tb00525.x,https://pubmed.ncbi.nlm.nih.gov/12405585,008-128-270-573-161,0,
https://openalex.org/w2104445964,https://doi.org/10.1289/ehp.9488,https://pubmed.ncbi.nlm.nih.gov/17366830,018-585-857-876-803,0,
https://openalex.org/w2003871188,https://doi.org/10.1016/0889-5406(88)90136-9,https://pubmed.ncbi.nlm.nih.gov/2973227,053-850-882-104-550,0,
https://openalex.org/w2063200931,https://doi.org/10.1038/sj.bdj.4809839,https://pubmed.ncbi.nlm.nih.gov/9854343,,0,
https://openalex.org/w2149942401,https://doi.org/10.1016/j.aquatox.2011.02.007,https://pubmed.ncbi.nlm.nih.gov/21473848,,0,
https://openalex.org/w2038512323,https://doi.org/10.1289/ehp.1104597,https://pubmed.ncbi.nlm.nih.gov/22296744,005-384-580-715-210,0,
https://openalex.org/w2034405907,https://doi.org/10.1159/000014473,https://pubmed.ncbi.nlm.nih.gov/11114573,131-396-363-456-474,0,
https://openalex.org/w2023450796,https://doi.org/10.1177/00220345840630121101,https://pubmed.ncbi.nlm.nih.gov/6239886,051-786-850-336-633,0,
https://openalex.org/w2051821293,https://doi.org/10.1021/ac034480z,https://pubmed.ncbi.nlm.nih.gov/14750846,022-849-333-726-389,0,
https://openalex.org/w1997828984,https://doi.org/10.1016/j.ecoenv.2007.04.017,https://pubmed.ncbi.nlm.nih.gov/18316048,,0,
https://openalex.org/w1965522478,https://doi.org/10.1016/j.jdent.2009.08.009,https://pubmed.ncbi.nlm.nih.gov/19735692,,0,
https://openalex.org/w2419384543,,https://pubmed.ncbi.nlm.nih.gov/2965239,,0,
https://openalex.org/w2029429095,https://doi.org/10.1016/j.dental.2004.11.004,https://pubmed.ncbi.nlm.nih.gov/15978271,,0,
https://openalex.org/w2014256498,https://doi.org/10.1002/etc.1787,https://pubmed.ncbi.nlm.nih.gov/22447559,017-396-602-944-713,0,
https://openalex.org/w1966468575,https://doi.org/10.4012/dmj.2010-028,https://pubmed.ncbi.nlm.nih.gov/20823619,017-210-524-923-512,0,
https://openalex.org/w2040084627,https://doi.org/10.1021/bm005564+,https://pubmed.ncbi.nlm.nih.gov/11710196,003-800-631-199-664,0,
https://openalex.org/w2412836373,,https://pubmed.ncbi.nlm.nih.gov/6218797,,0,
https://openalex.org/w1907069851,,https://pubmed.ncbi.nlm.nih.gov/15008334,,0,
https://openalex.org/w2089926520,https://doi.org/10.1007/s10103-012-1095-2,https://pubmed.ncbi.nlm.nih.gov/22588684,,0,
https://openalex.org/w1896458840,,https://pubmed.ncbi.nlm.nih.gov/19478717,,0,
https://openalex.org/w2060200728,https://doi.org/10.1016/s0960-0760(00)00051-0,https://pubmed.ncbi.nlm.nih.gov/10822019,,0,
https://openalex.org/w1999482197,https://doi.org/10.1080/19440049.2011.604644,https://pubmed.ncbi.nlm.nih.gov/21988286,,0,
https://openalex.org/w2031032975,https://doi.org/10.1016/j.scitotenv.2013.01.009,https://pubmed.ncbi.nlm.nih.gov/23384648,,0,
https://openalex.org/w2020028308,https://doi.org/10.1016/j.jhazmat.2010.02.009,https://pubmed.ncbi.nlm.nih.gov/20207076,,0,
https://openalex.org/w2096861573,https://doi.org/10.1177/154405910308200508,https://pubmed.ncbi.nlm.nih.gov/12709503,019-989-614-651-308,0,
https://openalex.org/w1783550263,https://doi.org/10.1111/j.1708-8240.2010.00398.x,https://pubmed.ncbi.nlm.nih.gov/21806755,007-531-050-939-284,0,
https://openalex.org/w1985167818,https://doi.org/10.1021/es034311w,https://pubmed.ncbi.nlm.nih.gov/14998029,003-294-488-340-207,0,
https://openalex.org/w184100714,,https://pubmed.ncbi.nlm.nih.gov/11501908,,0,
https://openalex.org/w2064840287,https://doi.org/10.1016/j.chemosphere.2006.07.051,https://pubmed.ncbi.nlm.nih.gov/16962638,,0,
https://openalex.org/w2041609470,https://doi.org/10.1002/tox.10035,https://pubmed.ncbi.nlm.nih.gov/11847978,037-211-272-658-539,0,
https://openalex.org/w2411116325,,https://pubmed.ncbi.nlm.nih.gov/10945756,,0,
https://openalex.org/w15479023,,https://pubmed.ncbi.nlm.nih.gov/15237886,,0,
https://openalex.org/w1968900944,https://doi.org/10.1016/s0890-6238(01)00158-7,https://pubmed.ncbi.nlm.nih.gov/11780963,,0,
https://openalex.org/w1991961067,https://doi.org/10.1006/bbrc.2000.3276,https://pubmed.ncbi.nlm.nih.gov/10944450,,0,
https://openalex.org/w2161182261,https://doi.org/10.1128/aem.00329-07,https://pubmed.ncbi.nlm.nih.gov/17557840,079-909-954-066-117,0,
https://openalex.org/w2127275710,https://doi.org/10.1586/17474108.2013.811939,https://pubmed.ncbi.nlm.nih.gov/24187577,018-514-476-112-545,0,
https://openalex.org/w2019155524,https://doi.org/10.1016/j.etap.2005.09.005,https://pubmed.ncbi.nlm.nih.gov/21783670,,0,
https://openalex.org/w1984081438,https://doi.org/10.1159/000074305,https://pubmed.ncbi.nlm.nih.gov/14646385,042-718-493-352-289,0,
https://openalex.org/w2168521785,https://doi.org/10.1016/j.dental.2007.09.012,https://pubmed.ncbi.nlm.nih.gov/18045677,,0,
https://openalex.org/w2170523452,https://doi.org/10.1093/toxsci/kfp024,https://pubmed.ncbi.nlm.nih.gov/19193734,023-205-948-232-652,0,
https://openalex.org/w2035817290,https://doi.org/10.1016/s0306-4522(02)00935-1,https://pubmed.ncbi.nlm.nih.gov/12617968,,0,
https://openalex.org/w262180623,,https://pubmed.ncbi.nlm.nih.gov/15892364,,0,
https://openalex.org/w2076983715,https://doi.org/10.1021/ja0292546,https://pubmed.ncbi.nlm.nih.gov/12590548,126-236-889-255-876,0,
https://openalex.org/w2164654318,https://doi.org/10.1590/s1678-77572012000300010,https://pubmed.ncbi.nlm.nih.gov/22858703,016-834-934-337-355,0,
https://openalex.org/w2408986700,,https://pubmed.ncbi.nlm.nih.gov/8673387,,0,
https://openalex.org/w2438852422,,https://pubmed.ncbi.nlm.nih.gov/12967071,,0,
https://openalex.org/w2012963487,https://doi.org/10.1002/(sici)1097-4636(19991205)47:3<336::aid-jbm7>3.0.co;2-o,https://pubmed.ncbi.nlm.nih.gov/10487884,000-253-028-253-479,0,
https://openalex.org/w183357877,https://doi.org/10.4315/0362-028x-73.6.1085,https://pubmed.ncbi.nlm.nih.gov/20537264,007-186-249-680-148,0,
https://openalex.org/w2055679900,https://doi.org/10.1016/j.jdent.2005.01.001,https://pubmed.ncbi.nlm.nih.gov/16005800,,0,
https://openalex.org/w2088541137,https://doi.org/10.1016/j.jdent.2008.09.011,https://pubmed.ncbi.nlm.nih.gov/19013703,,0,
https://openalex.org/w1978843865,https://doi.org/10.1089/pho.2008.2270,https://pubmed.ncbi.nlm.nih.gov/19743929,000-276-658-512-430,0,
https://openalex.org/w1985543996,https://doi.org/10.1016/s1056-8719(02)00221-6,https://pubmed.ncbi.nlm.nih.gov/12628303,,0,
https://openalex.org/w2402372284,,https://pubmed.ncbi.nlm.nih.gov/1961905,,0,
https://openalex.org/w2016527659,https://doi.org/10.1016/j.yfrne.2010.06.004,https://pubmed.ncbi.nlm.nih.gov/20609373,036-952-807-973-669,0,
https://openalex.org/w2418211822,https://doi.org/10.7888/juoeh.24.1,https://pubmed.ncbi.nlm.nih.gov/14692339,103-495-099-812-326,0,
https://openalex.org/w2004635957,https://doi.org/10.1021/jf0202739,https://pubmed.ncbi.nlm.nih.gov/12207461,055-426-903-513-450,0,
https://openalex.org/w2406229463,,https://pubmed.ncbi.nlm.nih.gov/11143389,,0,
https://openalex.org/w2094833185,https://doi.org/10.1016/j.envres.2008.07.014,https://pubmed.ncbi.nlm.nih.gov/18774129,066-665-428-432-21X,0,
https://openalex.org/w2399976013,,https://pubmed.ncbi.nlm.nih.gov/15646220,,0,
https://openalex.org/w151919574,https://doi.org/10.1016/j.dental.2007.11.013,https://pubmed.ncbi.nlm.nih.gov/18295326,,0,
https://openalex.org/w2008527789,https://doi.org/10.1016/0109-5641(93)90097-a,https://pubmed.ncbi.nlm.nih.gov/8299861,,0,
https://openalex.org/w2064810748,https://doi.org/10.1016/j.envint.2007.05.003,https://pubmed.ncbi.nlm.nih.gov/17559935,017-003-474-722-445,0,
https://openalex.org/w1995913867,https://doi.org/10.1016/j.mrgentox.2007.10.017,https://pubmed.ncbi.nlm.nih.gov/18093867,,0,
https://openalex.org/w2149513981,https://doi.org/10.1093/toxsci/kfh054,https://pubmed.ncbi.nlm.nih.gov/14691203,102-284-483-509-51X,0,
https://openalex.org/w2052183650,https://doi.org/10.1111/j.1532-849x.1995.tb00309.x,https://pubmed.ncbi.nlm.nih.gov/7670606,112-972-966-000-808,0,
https://openalex.org/w2124964054,https://doi.org/10.1289/ehp.0800109,https://pubmed.ncbi.nlm.nih.gov/19590685,066-744-239-552-832,0,
https://openalex.org/w6861836,https://doi.org/10.1023/a:1013009006522,https://pubmed.ncbi.nlm.nih.gov/15347996,115-348-742-729-878,0,
https://openalex.org/w2281860904,,https://pubmed.ncbi.nlm.nih.gov/2959690,,0,
https://openalex.org/w2396984761,,https://pubmed.ncbi.nlm.nih.gov/11199559,,0,
https://openalex.org/w2040981839,https://doi.org/10.2341/07-114,https://pubmed.ncbi.nlm.nih.gov/18666502,055-764-512-591-613,0,
https://openalex.org/w2074745715,https://doi.org/10.4012/dmj.23.278,https://pubmed.ncbi.nlm.nih.gov/15510854,051-214-705-102-298,0,
https://openalex.org/w2409957703,,https://pubmed.ncbi.nlm.nih.gov/11764107,,0,
https://openalex.org/w2084288685,https://doi.org/10.1016/j.aca.2008.02.011,https://pubmed.ncbi.nlm.nih.gov/18331864,,0,
https://openalex.org/w1975076516,https://doi.org/10.1016/s0889-5406(05)81188-6,https://pubmed.ncbi.nlm.nih.gov/1476107,024-546-796-223-045,0,
https://openalex.org/w2031611268,https://doi.org/10.1016/j.dental.2012.01.006,https://pubmed.ncbi.nlm.nih.gov/22317794,023-248-670-869-180,0,
https://openalex.org/w1988314529,https://doi.org/10.1016/j.ab.2005.03.018,https://pubmed.ncbi.nlm.nih.gov/15866537,,0,
https://openalex.org/w2070411363,https://doi.org/10.1093/ejo/cji072,https://pubmed.ncbi.nlm.nih.gov/16199411,076-360-814-056-270,0,
https://openalex.org/w1967004309,https://doi.org/10.1002/(sici)1098-2280(1998)31:4<316::aid-em3>3.0.co;2-g,https://pubmed.ncbi.nlm.nih.gov/9654240,005-871-655-802-246,0,
https://openalex.org/w2413141037,,https://pubmed.ncbi.nlm.nih.gov/6215353,,0,
https://openalex.org/w2075294379,https://doi.org/10.1067/mod.2001.110519,https://pubmed.ncbi.nlm.nih.gov/11174538,013-876-793-987-747,0,
https://openalex.org/w1968193960,https://doi.org/10.1111/j.1365-2842.1983.tb00095.x,https://pubmed.ncbi.nlm.nih.gov/6219194,021-085-780-456-356,0,
https://openalex.org/w2000540588,https://doi.org/10.1016/j.jsbmb.2005.08.019,https://pubmed.ncbi.nlm.nih.gov/16406770,,0,
https://openalex.org/w2101543810,https://doi.org/10.1111/j.1600-0528.1995.tb00249.x,https://pubmed.ncbi.nlm.nih.gov/8529341,090-367-576-307-044,0,
https://openalex.org/w2064849352,https://doi.org/10.1289/ehp.1003064,https://pubmed.ncbi.nlm.nih.gov/21524981,050-291-526-213-999,0,
https://openalex.org/w2418149297,,https://pubmed.ncbi.nlm.nih.gov/16536345,,0,
https://openalex.org/w2048431921,https://doi.org/10.1016/j.tox.2004.09.015,https://pubmed.ncbi.nlm.nih.gov/15596252,,0,
https://openalex.org/w2104557065,https://doi.org/10.5005/jp-journals-10024-1141,https://pubmed.ncbi.nlm.nih.gov/22918000,039-834-507-123-402,0,
https://openalex.org/w1970543434,https://doi.org/10.2341/11-476-l,https://pubmed.ncbi.nlm.nih.gov/22770484,066-675-120-161-993,0,
https://openalex.org/w2066826821,https://doi.org/10.1046/j.1365-2842.1998.00336.x,https://pubmed.ncbi.nlm.nih.gov/9888225,009-656-924-737-344,0,
https://openalex.org/w2207617017,https://doi.org/10.1016/j.ijheh.2009.09.006,https://pubmed.ncbi.nlm.nih.gov/19879190,,0,
https://openalex.org/w2395695462,https://doi.org/10.4142/jvs.2002.3.1.1,https://pubmed.ncbi.nlm.nih.gov/14614265,099-641-828-970-667,0,
https://openalex.org/w2102633083,https://doi.org/10.1016/j.chemosphere.2006.02.042,https://pubmed.ncbi.nlm.nih.gov/16624371,,0,
https://openalex.org/w2130418982,https://doi.org/10.1080/15376510600803581,https://pubmed.ncbi.nlm.nih.gov/20020983,064-720-977-375-189,0,
https://openalex.org/w2134446410,https://doi.org/10.1590/s1806-83242008000200013,https://pubmed.ncbi.nlm.nih.gov/18622488,048-137-804-656-857,0,
https://openalex.org/w2078982212,https://doi.org/10.1007/s00204-010-0620-y,https://pubmed.ncbi.nlm.nih.gov/21113705,,0,
https://openalex.org/w1942223143,https://doi.org/10.1002/0471142700.nc1204s18,https://pubmed.ncbi.nlm.nih.gov/18428920,182-064-149-121-234,0,
https://openalex.org/w2079323647,https://doi.org/10.1016/j.chroma.2004.04.044,https://pubmed.ncbi.nlm.nih.gov/15281250,,0,
https://openalex.org/w2146917475,https://doi.org/10.1073/pnas.1010386107,https://pubmed.ncbi.nlm.nih.gov/21059909,035-016-162-355-768,0,
https://openalex.org/w2025896725,https://doi.org/10.1590/s1678-77572009000600012,https://pubmed.ncbi.nlm.nih.gov/20027434,051-408-380-767-181,0,
https://openalex.org/w2089648210,https://doi.org/10.1016/j.jdent.2004.01.014,https://pubmed.ncbi.nlm.nih.gov/15193790,,0,
https://openalex.org/w2047185820,https://doi.org/10.1016/j.jdent.2009.07.007,https://pubmed.ncbi.nlm.nih.gov/19660517,,0,
https://openalex.org/w2161275670,https://doi.org/10.1034/j.1600-0722.2001.00064.x,https://pubmed.ncbi.nlm.nih.gov/11531074,021-235-658-743-918,0,
https://openalex.org/w2406462411,,https://pubmed.ncbi.nlm.nih.gov/8152984,,0,
https://openalex.org/w2041729345,https://doi.org/10.1111/j.0953-8194.2004.01136.x,https://pubmed.ncbi.nlm.nih.gov/14763995,077-241-290-916-78X,0,
https://openalex.org/w2041544651,https://doi.org/10.1046/j.1365-2842.2001.00802.x,https://pubmed.ncbi.nlm.nih.gov/11874509,000-404-818-408-75X,0,
https://openalex.org/w2025355945,https://doi.org/10.1210/en.2012-1121,https://pubmed.ncbi.nlm.nih.gov/22569790,145-467-239-069-948,0,
https://openalex.org/w2395287019,,https://pubmed.ncbi.nlm.nih.gov/22125951,,0,
https://openalex.org/w2044104475,https://doi.org/10.1016/j.reprotox.2006.10.001,https://pubmed.ncbi.nlm.nih.gov/17123779,030-529-484-845-446,0,
https://openalex.org/w2419364829,,https://pubmed.ncbi.nlm.nih.gov/21197725,,0,
https://openalex.org/w2164699777,https://doi.org/10.1021/jm049872s,https://pubmed.ncbi.nlm.nih.gov/15267244,017-345-323-615-677,0,
https://openalex.org/w1991462144,https://doi.org/10.1007/s00216-012-6443-3,https://pubmed.ncbi.nlm.nih.gov/23064670,,0,
https://openalex.org/w2991904266,,https://pubmed.ncbi.nlm.nih.gov/9468931,,0,
https://openalex.org/w2092750304,https://doi.org/10.1016/j.tiv.2008.12.017,https://pubmed.ncbi.nlm.nih.gov/19162163,,0,
https://openalex.org/w2015028096,https://doi.org/10.1006/bbrc.2002.6407,https://pubmed.ncbi.nlm.nih.gov/11829464,,0,
https://openalex.org/w2413501160,,https://pubmed.ncbi.nlm.nih.gov/15765966,,0,
https://openalex.org/w2315132653,https://doi.org/10.1021/es3014634,https://pubmed.ncbi.nlm.nih.gov/22846149,082-931-899-004-106,0,
https://openalex.org/w1982115085,https://doi.org/10.1111/j.1365-2842.1988.tb00192.x,https://pubmed.ncbi.nlm.nih.gov/2976817,011-099-698-469-304,0,
https://openalex.org/w2090637770,https://doi.org/10.1016/j.reprotox.2011.03.002,https://pubmed.ncbi.nlm.nih.gov/21440056,,0,
https://openalex.org/w2020462066,https://doi.org/10.1016/j.scitotenv.2011.11.033,https://pubmed.ncbi.nlm.nih.gov/22209372,,0,
https://openalex.org/w2411965175,,https://pubmed.ncbi.nlm.nih.gov/8784919,,0,
https://openalex.org/w38721346,,https://pubmed.ncbi.nlm.nih.gov/7993609,,0,
https://openalex.org/w2414209915,,https://pubmed.ncbi.nlm.nih.gov/17960705,,0,
https://openalex.org/w2079121043,https://doi.org/10.1016/s0304-3835(03)00219-2,https://pubmed.ncbi.nlm.nih.gov/12860292,,0,
https://openalex.org/w2032448922,https://doi.org/10.1111/j.1834-7819.1989.tb00706.x,https://pubmed.ncbi.nlm.nih.gov/2530968,033-540-935-680-692,0,
https://openalex.org/w2035345556,https://doi.org/10.1016/j.steroids.2011.12.025,https://pubmed.ncbi.nlm.nih.gov/22230296,063-343-214-319-712,0,
https://openalex.org/w1491195603,https://doi.org/10.1002/elps.201100706,https://pubmed.ncbi.nlm.nih.gov/22589103,108-061-100-840-345,0,
https://openalex.org/w2034068990,https://doi.org/10.1371/journal.pone.0052756,https://pubmed.ncbi.nlm.nih.gov/23285176,031-116-918-060-680,0,
https://openalex.org/w2065869676,https://doi.org/10.1002/rcm.443,https://pubmed.ncbi.nlm.nih.gov/11565100,029-303-103-693-905,0,
https://openalex.org/w2004415780,https://doi.org/10.1016/j.aquatox.2006.02.023,https://pubmed.ncbi.nlm.nih.gov/16616789,,0,
https://openalex.org/w2010901491,https://doi.org/10.1007/s00216-010-4284-5,https://pubmed.ncbi.nlm.nih.gov/20953767,,0,
https://openalex.org/w2020724545,https://doi.org/10.1016/0022-3913(92)90415-7,https://pubmed.ncbi.nlm.nih.gov/1432766,,0,
https://openalex.org/w2018544519,https://doi.org/10.1016/j.ecoenv.2005.03.014,https://pubmed.ncbi.nlm.nih.gov/16406577,050-608-199-649-148,0,
https://openalex.org/w1990195718,https://doi.org/10.1016/j.ajodo.2004.09.029,https://pubmed.ncbi.nlm.nih.gov/16360915,001-483-562-015-534,0,
https://openalex.org/w2013789802,https://doi.org/10.1016/0022-3913(85)90554-2,https://pubmed.ncbi.nlm.nih.gov/2933513,,0,
https://openalex.org/w2131965170,https://doi.org/10.1093/toxsci/kfr160,https://pubmed.ncbi.nlm.nih.gov/21705716,023-731-605-035-673,0,
https://openalex.org/w1986726936,https://doi.org/10.1002/elps.200700113,https://pubmed.ncbi.nlm.nih.gov/17941119,004-375-364-684-72X,0,
https://openalex.org/w2093366092,https://doi.org/10.1111/j.1600-0722.2006.00359.x,https://pubmed.ncbi.nlm.nih.gov/16776774,020-200-895-108-946,0,
https://openalex.org/w2120093273,https://doi.org/10.1016/j.etap.2011.06.003,https://pubmed.ncbi.nlm.nih.gov/21843814,016-004-428-404-25X,0,
https://openalex.org/w77938565,https://doi.org/10.3290/j.jad.a13922,https://pubmed.ncbi.nlm.nih.gov/19058680,,0,
https://openalex.org/w2051333891,https://doi.org/10.1016/j.mrgentox.2007.08.006,https://pubmed.ncbi.nlm.nih.gov/17913570,,0,
https://openalex.org/w1521359354,https://doi.org/10.1111/j.1834-7819.2011.01639.x,https://pubmed.ncbi.nlm.nih.gov/22369562,014-471-135-731-396,0,
https://openalex.org/w2428248938,,https://pubmed.ncbi.nlm.nih.gov/6233638,,0,
https://openalex.org/w2117961818,https://doi.org/10.1001/archotol.1987.01860080042013,https://pubmed.ncbi.nlm.nih.gov/3620144,029-510-831-856-014,0,
https://openalex.org/w2469309966,,https://pubmed.ncbi.nlm.nih.gov/2255989,,0,
https://openalex.org/w1992871351,https://doi.org/10.1002/jbm.b.30021,https://pubmed.ncbi.nlm.nih.gov/15455370,015-704-836-347-363,0,
https://openalex.org/w2412635419,,https://pubmed.ncbi.nlm.nih.gov/20839458,,0,
https://openalex.org/w2032213077,https://doi.org/10.4012/dmj.14.23,https://pubmed.ncbi.nlm.nih.gov/8940542,074-662-570-848-706,0,
https://openalex.org/w1779050142,https://doi.org/10.1111/j.1539-6924.2011.01722.x,https://pubmed.ncbi.nlm.nih.gov/22050421,027-292-361-983-047,0,
https://openalex.org/w1981210638,https://doi.org/10.1007/s10646-010-0511-2,https://pubmed.ncbi.nlm.nih.gov/20552393,,0,
https://openalex.org/w2402907383,,https://pubmed.ncbi.nlm.nih.gov/16240968,,0,
https://openalex.org/w2025177218,https://doi.org/10.1016/j.mehy.2010.03.002,https://pubmed.ncbi.nlm.nih.gov/20371154,,0,
https://openalex.org/w2028654466,https://doi.org/10.1016/s0109-5641(00)00021-x,https://pubmed.ncbi.nlm.nih.gov/10915892,,0,
https://openalex.org/w138535554,,https://pubmed.ncbi.nlm.nih.gov/3160450,,0,
https://openalex.org/w2098673478,https://doi.org/10.1080/19440049.2010.495730,https://pubmed.ncbi.nlm.nih.gov/20658403,083-576-940-621-230,0,
https://openalex.org/w1977206007,https://doi.org/10.1248/bpb.29.2116,https://pubmed.ncbi.nlm.nih.gov/17015961,018-368-229-664-358,0,
https://openalex.org/w1980177663,https://doi.org/10.4012/dmj.26.761,https://pubmed.ncbi.nlm.nih.gov/18203479,053-802-620-444-671,0,
https://openalex.org/w1871117956,https://doi.org/10.1043/0003-3219(1999)069<0058:leoaca>2.3.co;2,https://pubmed.ncbi.nlm.nih.gov/10022186,,0,
https://openalex.org/w2326155603,,https://pubmed.ncbi.nlm.nih.gov/17243593,,0,
https://openalex.org/w2414365981,,https://pubmed.ncbi.nlm.nih.gov/15055667,,0,
https://openalex.org/w2113659488,https://doi.org/10.3109/08820139.2011.579671,https://pubmed.ncbi.nlm.nih.gov/21635186,014-695-734-559-156,0,
https://openalex.org/w2011706851,https://doi.org/10.1016/j.ijheh.2011.09.008,https://pubmed.ncbi.nlm.nih.gov/22001329,,0,
https://openalex.org/w2035756549,https://doi.org/10.1016/0109-5641(94)90056-6,https://pubmed.ncbi.nlm.nih.gov/7498596,,0,
https://openalex.org/w2398024148,,https://pubmed.ncbi.nlm.nih.gov/8182195,,0,
https://openalex.org/w2172869357,https://doi.org/10.1043/0003-3219(2000)070<0028:pwtalc>2.0.co;2,https://pubmed.ncbi.nlm.nih.gov/10730673,,0,
https://openalex.org/w2066999878,https://doi.org/10.1590/1678-7757201302430,https://pubmed.ncbi.nlm.nih.gov/23739855,109-525-961-880-225,0,
https://openalex.org/w2040098847,https://doi.org/10.12659/msm.881898,https://pubmed.ncbi.nlm.nih.gov/21804456,028-891-883-053-673,0,
https://openalex.org/w2070489037,https://doi.org/10.1021/es400490f,https://pubmed.ncbi.nlm.nih.gov/23746042,046-221-588-304-505,0,
https://openalex.org/w2112477554,https://doi.org/10.1016/0109-5641(95)80033-6,https://pubmed.ncbi.nlm.nih.gov/8595834,,0,
https://openalex.org/w1976043847,https://doi.org/10.1021/es303726h,https://pubmed.ncbi.nlm.nih.gov/23215053,015-833-001-063-451,0,
https://openalex.org/w2130663450,https://doi.org/10.1007/s00253-001-0913-4,https://pubmed.ncbi.nlm.nih.gov/11954803,081-258-817-735-770,0,
https://openalex.org/w1584262692,https://doi.org/10.1111/j.1600-0722.2011.00897.x,https://pubmed.ncbi.nlm.nih.gov/22288926,033-621-343-776-433,0,
https://openalex.org/w1987538361,https://doi.org/10.1111/j.1365-2826.2006.01434.x,https://pubmed.ncbi.nlm.nih.gov/16684133,031-960-929-392-131,0,
https://openalex.org/w2041040091,https://doi.org/10.4103/0970-4388.33454,https://pubmed.ncbi.nlm.nih.gov/17660643,084-535-645-456-872,0,
https://openalex.org/w2110651006,https://doi.org/10.1897/07-046.1,https://pubmed.ncbi.nlm.nih.gov/18092854,011-138-054-881-183,0,
https://openalex.org/w2407648509,,https://pubmed.ncbi.nlm.nih.gov/2978694,,0,
https://openalex.org/w2032576091,https://doi.org/10.1507/endocrj.51.595,https://pubmed.ncbi.nlm.nih.gov/15644579,020-779-457-771-954,0,
https://openalex.org/w1981548859,https://doi.org/10.4012/dmj.28.277,https://pubmed.ncbi.nlm.nih.gov/19662725,050-644-979-550-972,0,
https://openalex.org/w2422246517,,https://pubmed.ncbi.nlm.nih.gov/9807141,,0,
https://openalex.org/w1987618924,https://doi.org/10.4012/dmj.2009-075,https://pubmed.ncbi.nlm.nih.gov/20379027,018-962-613-561-080,0,
https://openalex.org/w2395921726,,https://pubmed.ncbi.nlm.nih.gov/9206462,,0,
https://openalex.org/w1925656782,https://doi.org/10.1043/0003-3219(1991)061<0031:teopwf>2.0.co;2,https://pubmed.ncbi.nlm.nih.gov/1826416,,0,
https://openalex.org/w2018497039,https://doi.org/10.1016/s0300-5712(01)00037-9,https://pubmed.ncbi.nlm.nih.gov/11520593,,0,
https://openalex.org/w1484408101,https://doi.org/10.1111/j.1438-8677.2011.00479.x,https://pubmed.ncbi.nlm.nih.gov/21973108,068-772-642-896-361,0,
https://openalex.org/w2048888892,https://doi.org/10.1016/j.jhazmat.2008.06.008,https://pubmed.ncbi.nlm.nih.gov/18635314,,0,
https://openalex.org/w2008390820,https://doi.org/10.1016/j.tox.2008.05.008,https://pubmed.ncbi.nlm.nih.gov/18584933,,0,
https://openalex.org/w2096047383,https://doi.org/10.1897/04-121r.1,https://pubmed.ncbi.nlm.nih.gov/15719999,017-149-480-757-590,0,
https://openalex.org/w2068224530,https://doi.org/10.1007/bf02798356,https://pubmed.ncbi.nlm.nih.gov/3504130,,0,
https://openalex.org/w2348721944,,https://pubmed.ncbi.nlm.nih.gov/18613504,,0,
https://openalex.org/w2096100182,https://doi.org/10.1016/j.aca.2010.11.038,https://pubmed.ncbi.nlm.nih.gov/21168563,,0,
https://openalex.org/w4300714459,,https://pubmed.ncbi.nlm.nih.gov/23029677,,0,
https://openalex.org/w2038358348,https://doi.org/10.1007/s00128-006-0957-3,https://pubmed.ncbi.nlm.nih.gov/16688536,,0,
https://openalex.org/w2018718686,https://doi.org/10.1021/tx900193s,https://pubmed.ncbi.nlm.nih.gov/19725531,051-204-472-360-843,0,
https://openalex.org/w1983045907,https://doi.org/10.1007/s00216-012-5723-2,https://pubmed.ncbi.nlm.nih.gov/22327963,,0,
https://openalex.org/w2132177161,https://doi.org/10.1093/chromsci/35.2.57,https://pubmed.ncbi.nlm.nih.gov/9039707,030-432-486-749-158,0,
https://openalex.org/w2094405673,https://doi.org/10.1016/j.neuro.2010.12.009,https://pubmed.ncbi.nlm.nih.gov/21182865,099-205-546-091-735,0,
https://openalex.org/w127971107,,https://pubmed.ncbi.nlm.nih.gov/11404884,,0,
https://openalex.org/w2411225770,,https://pubmed.ncbi.nlm.nih.gov/9508937,,0,
https://openalex.org/w2439534594,,https://pubmed.ncbi.nlm.nih.gov/8332536,,0,
https://openalex.org/w2437163887,,https://pubmed.ncbi.nlm.nih.gov/10356528,,0,
https://openalex.org/w2018919253,https://doi.org/10.1590/s1678-77572010000100011,https://pubmed.ncbi.nlm.nih.gov/20379683,060-266-373-248-24X,0,
https://openalex.org/w2316671784,https://doi.org/10.4012/dmj.13.36,https://pubmed.ncbi.nlm.nih.gov/7842640,027-056-843-807-21X,0,
https://openalex.org/w2418009243,,https://pubmed.ncbi.nlm.nih.gov/6236584,,0,
https://openalex.org/w2413697007,,https://pubmed.ncbi.nlm.nih.gov/1388948,,0,
https://openalex.org/w2153197176,https://doi.org/10.1073/pnas.1220230110,https://pubmed.ncbi.nlm.nih.gov/23267115,005-880-881-088-452,0,
https://openalex.org/w1969288179,https://doi.org/10.1016/s0300-5712(00)00049-x,https://pubmed.ncbi.nlm.nih.gov/11137639,,0,
https://openalex.org/w2081240771,https://doi.org/10.1177/00220345000790110401,https://pubmed.ncbi.nlm.nih.gov/11145352,136-363-903-682-239,0,
https://openalex.org/w2125729309,https://doi.org/10.1159/000341155,https://pubmed.ncbi.nlm.nih.gov/22889920,064-564-335-444-507,0,
https://openalex.org/w2097847970,https://doi.org/10.1016/j.dental.2005.11.010,https://pubmed.ncbi.nlm.nih.gov/16368130,,0,
https://openalex.org/w1986768075,https://doi.org/10.1016/j.watres.2007.06.060,https://pubmed.ncbi.nlm.nih.gov/17659318,,0,
https://openalex.org/w1968510025,https://doi.org/10.1016/s0022-3913(03)00258-0,https://pubmed.ncbi.nlm.nih.gov/12869973,,0,
https://openalex.org/w1966130898,https://doi.org/10.1007/bf02977657,https://pubmed.ncbi.nlm.nih.gov/17615682,,0,
https://openalex.org/w2409118401,,https://pubmed.ncbi.nlm.nih.gov/6215672,,0,
https://openalex.org/w2060732752,https://doi.org/10.1039/b511662g,https://pubmed.ncbi.nlm.nih.gov/16365677,134-911-959-871-356,0,
https://openalex.org/w2057964784,https://doi.org/10.1016/j.toxlet.2011.11.001,https://pubmed.ncbi.nlm.nih.gov/22093917,,0,
https://openalex.org/w2094382410,https://doi.org/10.1016/0022-3913(84)90129-x,https://pubmed.ncbi.nlm.nih.gov/6208358,,0,
https://openalex.org/w180107203,,https://pubmed.ncbi.nlm.nih.gov/8598028,,0,
https://openalex.org/w1985163984,https://doi.org/10.1897/07-072.1,https://pubmed.ncbi.nlm.nih.gov/18092861,020-468-063-165-128,0,
https://openalex.org/w2241757929,,https://pubmed.ncbi.nlm.nih.gov/14677606,,0,
https://openalex.org/w2083012915,https://doi.org/10.1016/s0024-3205(03)00603-9,https://pubmed.ncbi.nlm.nih.gov/12927593,,0,
https://openalex.org/w1992188021,https://doi.org/10.1001/jama.2012.91936,https://pubmed.ncbi.nlm.nih.gov/23299594,032-838-683-642-66X,0,
https://openalex.org/w2395087162,https://doi.org/10.3290/j.jad.a19028,https://pubmed.ncbi.nlm.nih.gov/21594227,,0,
https://openalex.org/w1525369,,https://pubmed.ncbi.nlm.nih.gov/23082391,,0,
https://openalex.org/w1974769924,https://doi.org/10.1002/jbm.a.30591,https://pubmed.ncbi.nlm.nih.gov/16345090,083-548-574-716-214,0,
https://openalex.org/w1983073558,https://doi.org/10.1289/ehp.110-1241190,https://pubmed.ncbi.nlm.nih.gov/12060836,013-725-064-598-321,0,
https://openalex.org/w2092171030,https://doi.org/10.1080/10934529.2011.586246,https://pubmed.ncbi.nlm.nih.gov/21714622,025-165-130-752-896,0,
https://openalex.org/w1999314606,https://doi.org/10.1021/jm1000584,https://pubmed.ncbi.nlm.nih.gov/20684593,103-926-565-834-277,0,
https://openalex.org/w2017461921,https://doi.org/10.1016/s0045-6535(03)00308-4,https://pubmed.ncbi.nlm.nih.gov/12919782,,0,
https://openalex.org/w2057756491,https://doi.org/10.1262/jrd.49.329,https://pubmed.ncbi.nlm.nih.gov/14967926,060-489-006-321-159,0,
https://openalex.org/w1980254376,https://doi.org/10.1016/s0300-5712(99)00016-0,https://pubmed.ncbi.nlm.nih.gov/10483404,,0,
https://openalex.org/w2051419233,https://doi.org/10.1155/2012/481641,https://pubmed.ncbi.nlm.nih.gov/22363351,040-015-484-351-192,0,
https://openalex.org/w2153736128,,https://pubmed.ncbi.nlm.nih.gov/6223281,,0,
https://openalex.org/w1665733055,https://doi.org/10.1111/j.1600-9657.2010.00906.x,https://pubmed.ncbi.nlm.nih.gov/20662884,129-177-348-218-150,0,
https://openalex.org/w2415966668,,https://pubmed.ncbi.nlm.nih.gov/16052752,,0,
https://openalex.org/w1874712752,https://doi.org/10.1002/jat.1790,https://pubmed.ncbi.nlm.nih.gov/22912978,037-507-461-743-217,0,
https://openalex.org/w1995322895,https://doi.org/10.1016/j.yexcr.2004.03.034,https://pubmed.ncbi.nlm.nih.gov/15212945,,0,
https://openalex.org/w2115684901,https://doi.org/10.1016/s0889-5406(95)70021-8,https://pubmed.ncbi.nlm.nih.gov/7661144,071-019-716-930-760,0,
https://openalex.org/w71672054,,https://pubmed.ncbi.nlm.nih.gov/2152006,,0,
https://openalex.org/w2033827034,https://doi.org/10.1016/j.regpep.2004.08.035,https://pubmed.ncbi.nlm.nih.gov/15620428,,0,
https://openalex.org/w2125517561,https://doi.org/10.1080/15287390801907467,https://pubmed.ncbi.nlm.nih.gov/18569609,092-755-768-826-225,0,
https://openalex.org/w2062391649,https://doi.org/10.1016/j.neuro.2009.02.010,https://pubmed.ncbi.nlm.nih.gov/19442818,030-018-542-181-285,0,
https://openalex.org/w2028674840,https://doi.org/10.1016/0889-5406(89)90303-x,https://pubmed.ncbi.nlm.nih.gov/2524161,076-007-776-703-985,0,
https://openalex.org/w2044357755,https://doi.org/10.1006/jcis.1999.6096,https://pubmed.ncbi.nlm.nih.gov/10092372,,0,
https://openalex.org/w1977731898,https://doi.org/10.1016/0142-9612(96)86744-5,https://pubmed.ncbi.nlm.nih.gov/8672636,,0,
https://openalex.org/w2410256552,,https://pubmed.ncbi.nlm.nih.gov/9545890,,0,
https://openalex.org/w2084647418,https://doi.org/10.1210/en.2010-1257,https://pubmed.ncbi.nlm.nih.gov/21540282,013-858-192-544-351,0,
https://openalex.org/w1560407352,https://doi.org/10.1071/rd00108,https://pubmed.ncbi.nlm.nih.gov/11800169,019-629-416-554-110,0,
https://openalex.org/w2091080685,https://doi.org/10.1016/j.bios.2012.06.027,https://pubmed.ncbi.nlm.nih.gov/22794930,,0,
https://openalex.org/w1997392109,https://doi.org/10.2341/09-134-l,https://pubmed.ncbi.nlm.nih.gov/20420062,007-075-056-811-613,0,
https://openalex.org/w2162478567,https://doi.org/10.1254/jphs.08305fp,https://pubmed.ncbi.nlm.nih.gov/19763043,028-541-781-932-669,0,
https://openalex.org/w2125561178,https://doi.org/10.1081/lpr-120039662,https://pubmed.ncbi.nlm.nih.gov/15461931,057-517-956-403-331,0,
https://openalex.org/w2087882436,https://doi.org/10.1016/j.dental.2011.03.016,https://pubmed.ncbi.nlm.nih.gov/21514655,025-424-170-090-798,0,
https://openalex.org/w2053764353,https://doi.org/10.1016/j.jim.2008.10.011,https://pubmed.ncbi.nlm.nih.gov/19022258,,0,
https://openalex.org/w2319944819,https://doi.org/10.2166/wst.2004.0317,https://pubmed.ncbi.nlm.nih.gov/15497837,060-579-794-986-723,0,
https://openalex.org/w1990207997,https://doi.org/10.1007/s002040050658,https://pubmed.ncbi.nlm.nih.gov/10839476,,0,
https://openalex.org/w2408234279,,https://pubmed.ncbi.nlm.nih.gov/12674751,,0,
https://openalex.org/w2094866616,https://doi.org/10.1177/00220345850640121701,https://pubmed.ncbi.nlm.nih.gov/3001161,002-498-446-013-070,0,
https://openalex.org/w1964708875,https://doi.org/10.3892/ijo.2012.1444,https://pubmed.ncbi.nlm.nih.gov/22576693,084-768-374-929-822,0,
https://openalex.org/w2061905406,https://doi.org/10.1111/j.1600-0722.2004.00136.x,https://pubmed.ncbi.nlm.nih.gov/15154926,070-158-113-895-146,0,
https://openalex.org/w2142897007,https://doi.org/10.1111/j.1708-8240.2010.00352.x,https://pubmed.ncbi.nlm.nih.gov/21029331,,0,
https://openalex.org/w2419214308,,https://pubmed.ncbi.nlm.nih.gov/12545755,,0,
https://openalex.org/w2048599127,https://doi.org/10.1159/000261306,https://pubmed.ncbi.nlm.nih.gov/2149675,091-591-485-586-028,0,
https://openalex.org/w2460934649,,https://pubmed.ncbi.nlm.nih.gov/2955507,,0,
https://openalex.org/w2159604007,https://doi.org/10.1016/s0889-5406(05)81726-3,https://pubmed.ncbi.nlm.nih.gov/8362786,026-458-691-888-959,0,
https://openalex.org/w2027769066,https://doi.org/10.1016/s0300-5712(00)00018-x,https://pubmed.ncbi.nlm.nih.gov/10856809,,0,
https://openalex.org/w2414282528,,https://pubmed.ncbi.nlm.nih.gov/6459252,,0,
https://openalex.org/w2158092724,https://doi.org/10.2341/11-198-l,https://pubmed.ncbi.nlm.nih.gov/22816499,053-954-557-187-686,0,
https://openalex.org/w2416025973,,https://pubmed.ncbi.nlm.nih.gov/23451610,,0,
https://openalex.org/w2080225615,https://doi.org/10.1016/s0099-2399(99)80008-9,https://pubmed.ncbi.nlm.nih.gov/10204468,,0,
https://openalex.org/w2051471160,https://doi.org/10.1002/jbm.a.32692,https://pubmed.ncbi.nlm.nih.gov/20186729,024-664-572-406-659,0,
https://openalex.org/w2018324207,https://doi.org/10.1016/0272-0590(88)90200-x,https://pubmed.ncbi.nlm.nih.gov/3396798,007-502-955-504-901,0,
https://openalex.org/w2062236101,https://doi.org/10.1289/ehp.5512,https://pubmed.ncbi.nlm.nih.gov/12515686,042-826-265-285-57X,0,
https://openalex.org/w2140455085,https://doi.org/10.1248/bpb.28.201,https://pubmed.ncbi.nlm.nih.gov/15684469,028-802-530-604-41X,0,
https://openalex.org/w782300601,,https://pubmed.ncbi.nlm.nih.gov/12760700,,0,
https://openalex.org/w1982469906,https://doi.org/10.1038/sj.neo.7900212,https://pubmed.ncbi.nlm.nih.gov/11896564,024-585-339-983-091,0,
https://openalex.org/w2129515363,https://doi.org/10.1016/j.dental.2007.07.001,https://pubmed.ncbi.nlm.nih.gov/17767952,,0,
https://openalex.org/w2086869401,https://doi.org/10.1016/s0278-6915(02)00165-5,https://pubmed.ncbi.nlm.nih.gov/12419697,,0,
https://openalex.org/w1995008010,https://doi.org/10.1016/0300-5712(92)90028-b,https://pubmed.ncbi.nlm.nih.gov/1452878,,0,
https://openalex.org/w2003825075,https://doi.org/10.1016/0022-3913(86)90171-x,https://pubmed.ncbi.nlm.nih.gov/2937915,,0,
https://openalex.org/w1973334561,https://doi.org/10.1038/ncomms2563,https://pubmed.ncbi.nlm.nih.gov/23443572,044-084-636-058-986,0,
https://openalex.org/w2002536348,https://doi.org/10.1007/s10856-005-3576-3,https://pubmed.ncbi.nlm.nih.gov/16167117,031-345-494-799-199,0,
https://openalex.org/w1973174557,https://doi.org/10.1007/bf03347468,https://pubmed.ncbi.nlm.nih.gov/20924222,,0,
https://openalex.org/w2124400392,https://doi.org/10.1001/archderm.1960.01580060159027,https://pubmed.ncbi.nlm.nih.gov/13703969,132-242-813-064-457,0,
https://openalex.org/w2046981959,https://doi.org/10.1016/j.ecoenv.2006.10.014,https://pubmed.ncbi.nlm.nih.gov/17157909,141-662-738-862-172,0,
https://openalex.org/w2395624586,,https://pubmed.ncbi.nlm.nih.gov/9051953,,0,
https://openalex.org/w2042563988,https://doi.org/10.2131/jts.35.239,https://pubmed.ncbi.nlm.nih.gov/20371976,016-150-099-785-586,0,
https://openalex.org/w1998087146,https://doi.org/10.1016/j.jdent.2010.06.016,https://pubmed.ncbi.nlm.nih.gov/20615446,,0,
https://openalex.org/w1996193517,https://doi.org/10.1289/ehp.11788,https://pubmed.ncbi.nlm.nih.gov/19270784,056-757-625-840-998,0,
https://openalex.org/w2162678089,https://doi.org/10.1093/toxsci/kfr132,https://pubmed.ncbi.nlm.nih.gov/21622942,051-698-782-712-632,0,
https://openalex.org/w2081791427,https://doi.org/10.1002/1097-4636(200108)56:2<297::aid-jbm1098>3.0.co;2-s,https://pubmed.ncbi.nlm.nih.gov/11340602,090-918-239-088-002,0,
https://openalex.org/w154312606,,https://pubmed.ncbi.nlm.nih.gov/9002793,,0,
https://openalex.org/w2036188881,https://doi.org/10.1038/oby.2009.419,https://pubmed.ncbi.nlm.nih.gov/19927138,004-417-885-554-165,0,
https://openalex.org/w2045331868,https://doi.org/10.1111/j.1708-8240.2002.tb00145.x,https://pubmed.ncbi.nlm.nih.gov/11915393,035-050-479-923-435,0,
https://openalex.org/w2013415518,https://doi.org/10.1308/135576102322527810,https://pubmed.ncbi.nlm.nih.gov/12024903,119-078-824-659-293,0,
https://openalex.org/w2339571360,,https://pubmed.ncbi.nlm.nih.gov/18430351,,0,
https://openalex.org/w2414958912,https://doi.org/10.2131/jts.34.587,https://pubmed.ncbi.nlm.nih.gov/19797869,,0,
https://openalex.org/w2073726509,https://doi.org/10.1289/ehp.11751,https://pubmed.ncbi.nlm.nih.gov/19590682,021-348-741-311-156,0,
https://openalex.org/w2166199440,https://doi.org/10.1158/1541-7786.mcr-11-0605,https://pubmed.ncbi.nlm.nih.gov/22504913,076-128-747-859-543,0,
https://openalex.org/w2316913814,https://doi.org/10.2166/wst.2011.300,https://pubmed.ncbi.nlm.nih.gov/21330721,031-962-763-756-378,0,
https://openalex.org/w2087872458,https://doi.org/10.1016/j.jdent.2012.04.022,https://pubmed.ncbi.nlm.nih.gov/22564371,065-747-478-904-804,0,
https://openalex.org/w2416110223,,https://pubmed.ncbi.nlm.nih.gov/2530652,,0,
https://openalex.org/w121033007,,https://pubmed.ncbi.nlm.nih.gov/15088732,,0,
https://openalex.org/w2168739840,https://doi.org/10.1016/s0300-5712(01)00045-8,https://pubmed.ncbi.nlm.nih.gov/11700205,,0,
https://openalex.org/w2050776663,https://doi.org/10.1371/journal.pone.0038448,https://pubmed.ncbi.nlm.nih.gov/22675563,027-903-967-606-027,0,
https://openalex.org/w2002569030,https://doi.org/10.1080/15376520600697404,https://pubmed.ncbi.nlm.nih.gov/20021017,050-224-116-258-879,0,
https://openalex.org/w1521157027,https://doi.org/10.1002/oby.20475,https://pubmed.ncbi.nlm.nih.gov/23596178,010-645-922-840-788,0,
https://openalex.org/w2068287499,https://doi.org/10.1016/j.chroma.2011.01.026,https://pubmed.ncbi.nlm.nih.gov/21333297,,0,
https://openalex.org/w2001809455,https://doi.org/10.1111/j.1365-2842.2004.01364.x,https://pubmed.ncbi.nlm.nih.gov/15641976,072-468-611-692-997,0,
https://openalex.org/w2129319430,https://doi.org/10.1177/0022034510385240,https://pubmed.ncbi.nlm.nih.gov/20940353,045-474-438-219-38X,0,
https://openalex.org/w1554148676,https://doi.org/10.1001/jama.300.11.1353,https://pubmed.ncbi.nlm.nih.gov/18799451,014-977-975-147-609,0,
https://openalex.org/w2015153924,https://doi.org/10.1016/s0278-6915(00)00022-3,https://pubmed.ncbi.nlm.nih.gov/10828501,,0,
https://openalex.org/w2065261785,https://doi.org/10.1016/s0109-5641(00)00075-0,https://pubmed.ncbi.nlm.nih.gov/11257295,,0,
https://openalex.org/w2466134923,,https://pubmed.ncbi.nlm.nih.gov/6241864,,0,
https://openalex.org/w1987618597,https://doi.org/10.1002/jbm.a.30667,https://pubmed.ncbi.nlm.nih.gov/16602123,067-672-442-120-409,0,
https://openalex.org/w2044420485,https://doi.org/10.1016/j.dental.2008.10.007,https://pubmed.ncbi.nlm.nih.gov/19111334,,0,
https://openalex.org/w2093751710,https://doi.org/10.1590/s1678-77572012000600003,https://pubmed.ncbi.nlm.nih.gov/23329240,051-527-531-358-556,0,
https://openalex.org/w2025611691,https://doi.org/10.1007/s10646-009-0435-x,https://pubmed.ncbi.nlm.nih.gov/19898982,,0,
https://openalex.org/w2471005997,,https://pubmed.ncbi.nlm.nih.gov/2144657,,0,
https://openalex.org/w2150906241,https://doi.org/10.1590/s1678-77572012000500009,https://pubmed.ncbi.nlm.nih.gov/23138741,030-300-310-528-517,0,
https://openalex.org/w2151117144,https://doi.org/10.1590/s1806-83242010000300017,https://pubmed.ncbi.nlm.nih.gov/20877976,075-416-337-213-483,0,
https://openalex.org/w2003360446,https://doi.org/10.1177/154405910708600607,https://pubmed.ncbi.nlm.nih.gov/17525351,063-904-879-233-638,0,
https://openalex.org/w2155713967,https://doi.org/10.1016/j.dental.2003.11.003,https://pubmed.ncbi.nlm.nih.gov/15019456,,0,
https://openalex.org/w2064144765,https://doi.org/10.1016/s0022-3913(09)00073-0,https://pubmed.ncbi.nlm.nih.gov/19573687,,0,
https://openalex.org/w2032266565,https://doi.org/10.1016/j.marpolbul.2003.10.010,https://pubmed.ncbi.nlm.nih.gov/15041423,,0,
https://openalex.org/w1967239566,https://doi.org/10.1016/j.jhazmat.2010.05.026,https://pubmed.ncbi.nlm.nih.gov/20605681,,0,
https://openalex.org/w2287150761,https://doi.org/10.1097/mop.0b013e3283445675,https://pubmed.ncbi.nlm.nih.gov/21293273,009-881-152-449-190,0,
https://openalex.org/w4237062233,https://doi.org/10.1016/j.ajodo.2013.03.004,https://pubmed.ncbi.nlm.nih.gov/23631959,,0,
https://openalex.org/w2051559201,https://doi.org/10.1016/j.ajodo.2011.04.022,https://pubmed.ncbi.nlm.nih.gov/22133942,033-680-372-960-846,0,
https://openalex.org/w2037306123,https://doi.org/10.2341/10-130-l,https://pubmed.ncbi.nlm.nih.gov/22433028,020-434-418-405-173,0,
https://openalex.org/w2007367908,https://doi.org/10.1016/s0109-5641(00)00057-9,https://pubmed.ncbi.nlm.nih.gov/11163385,000-731-777-870-208,0,
https://openalex.org/w2064281391,https://doi.org/10.1289/ehp.0010821,https://pubmed.ncbi.nlm.nih.gov/10620520,131-272-941-268-316,0,
https://openalex.org/w1994249726,https://doi.org/10.1007/bf00380606,https://pubmed.ncbi.nlm.nih.gov/6874091,,0,
https://openalex.org/w1994528696,https://doi.org/10.1007/s00128-013-0964-0,https://pubmed.ncbi.nlm.nih.gov/23429963,,0,
https://openalex.org/w2164058582,https://doi.org/10.1897/06-645r.1,https://pubmed.ncbi.nlm.nih.gov/17705655,016-251-722-587-446,0,
https://openalex.org/w2165828268,https://doi.org/10.1590/s0103-64402008000300008,https://pubmed.ncbi.nlm.nih.gov/18949294,035-497-312-241-070,0,
https://openalex.org/w1978800828,https://doi.org/10.1111/j.1365-2842.1981.tb00500.x,https://pubmed.ncbi.nlm.nih.gov/6454770,004-385-328-889-866,0,
https://openalex.org/w2120378457,https://doi.org/10.1111/j.1365-2133.1981.tb00758.x,https://pubmed.ncbi.nlm.nih.gov/6454433,021-518-583-078-051,0,
https://openalex.org/w1971258074,https://doi.org/10.1016/0002-9416(84)90190-8,https://pubmed.ncbi.nlm.nih.gov/6231863,,0,
https://openalex.org/w2018617571,https://doi.org/10.1002/jbm.b.10528,https://pubmed.ncbi.nlm.nih.gov/12632383,156-024-331-347-310,0,
https://openalex.org/w2382831578,,https://pubmed.ncbi.nlm.nih.gov/19353891,,0,
https://openalex.org/w1977992705,https://doi.org/10.1016/s0889-5406(97)70183-5,https://pubmed.ncbi.nlm.nih.gov/9082847,015-357-897-888-901,0,
https://openalex.org/w2116008863,https://doi.org/10.1016/j.chemosphere.2013.02.006,https://pubmed.ncbi.nlm.nih.gov/23473432,,0,
https://openalex.org/w2011003055,https://doi.org/10.1016/j.marpolbul.2010.11.020,https://pubmed.ncbi.nlm.nih.gov/21168171,025-697-456-861-176,0,
https://openalex.org/w2005861000,https://doi.org/10.1021/la053486b,https://pubmed.ncbi.nlm.nih.gov/16700585,049-472-343-657-797,0,
https://openalex.org/w2028033542,https://doi.org/10.1016/s0889-5406(99)70316-1,https://pubmed.ncbi.nlm.nih.gov/9878958,040-942-354-354-683,0,
https://openalex.org/w86041792,,https://pubmed.ncbi.nlm.nih.gov/12022455,,0,
https://openalex.org/w2413924749,,https://pubmed.ncbi.nlm.nih.gov/11203791,,0,
https://openalex.org/w2027251561,https://doi.org/10.1016/j.fct.2008.12.011,https://pubmed.ncbi.nlm.nih.gov/19121362,,0,
https://openalex.org/w2463362742,,https://pubmed.ncbi.nlm.nih.gov/10348591,,0,
https://openalex.org/w1989755492,https://doi.org/10.1016/j.toxlet.2010.02.002,https://pubmed.ncbi.nlm.nih.gov/20144698,,0,
https://openalex.org/w2006874383,https://doi.org/10.1016/s0048-9697(03)00138-4,https://pubmed.ncbi.nlm.nih.gov/12826389,,0,
https://openalex.org/w2299433169,https://doi.org/10.1093/jaoac/84.5.1383,https://pubmed.ncbi.nlm.nih.gov/11601457,065-715-973-559-802,0,
https://openalex.org/w1980076163,https://doi.org/10.2131/jts.32.301,https://pubmed.ncbi.nlm.nih.gov/17785945,040-969-492-799-074,0,
https://openalex.org/w2051986184,https://doi.org/10.4012/dmj.2010-214,https://pubmed.ncbi.nlm.nih.gov/21946477,032-621-936-733-272,0,
https://openalex.org/w2052132609,https://doi.org/10.1016/0300-5712(95)90660-a,https://pubmed.ncbi.nlm.nih.gov/7876416,,0,
https://openalex.org/w1973004489,https://doi.org/10.1016/s0006-291x(03)00914-8,https://pubmed.ncbi.nlm.nih.gov/12788061,,0,
https://openalex.org/w2143390448,https://doi.org/10.1136/jech.2010.112706,https://pubmed.ncbi.nlm.nih.gov/21421659,054-561-576-297-441,0,
https://openalex.org/w2031855481,https://doi.org/10.1080/00016350510019874,https://pubmed.ncbi.nlm.nih.gov/16191912,145-408-208-342-673,0,
https://openalex.org/w2414389980,,https://pubmed.ncbi.nlm.nih.gov/7238299,,0,
https://openalex.org/w2061276727,https://doi.org/10.1016/j.chemosphere.2010.09.006,https://pubmed.ncbi.nlm.nih.gov/20933253,,0,
https://openalex.org/w2187843875,,https://pubmed.ncbi.nlm.nih.gov/9783296,,0,
https://openalex.org/w1968117725,https://doi.org/10.1016/j.brainres.2005.11.100,https://pubmed.ncbi.nlm.nih.gov/16406270,,0,
https://openalex.org/w1986220636,https://doi.org/10.1590/s1806-83242005000100004,https://pubmed.ncbi.nlm.nih.gov/16229351,038-767-811-012-666,0,
https://openalex.org/w2047773916,https://doi.org/10.1177/00220345910700050501,https://pubmed.ncbi.nlm.nih.gov/1827133,082-208-864-270-612,0,
https://openalex.org/w2011868725,https://doi.org/10.1006/rtph.1999.1317,https://pubmed.ncbi.nlm.nih.gov/10536110,005-197-832-639-135,1,
https://openalex.org/w2073243932,https://doi.org/10.1111/j.1834-7819.1992.tb00739.x,https://pubmed.ncbi.nlm.nih.gov/1385696,008-998-416-760-63X,0,
https://openalex.org/w2029958434,https://doi.org/10.1002/jbm.1218,https://pubmed.ncbi.nlm.nih.gov/11745539,067-487-593-416-245,0,
https://openalex.org/w1448688470,https://doi.org/10.1152/ajprenal.00182.2003,https://pubmed.ncbi.nlm.nih.gov/14506076,028-180-287-923-950,0,
https://openalex.org/w2050679378,https://doi.org/10.1021/bc100262n,https://pubmed.ncbi.nlm.nih.gov/20712300,072-494-591-778-53X,0,
https://openalex.org/w2398893247,,https://pubmed.ncbi.nlm.nih.gov/23323428,,0,
https://openalex.org/w2065318234,https://doi.org/10.1515/reveh-2012-0040,https://pubmed.ncbi.nlm.nih.gov/23079509,003-290-150-231-101,0,
https://openalex.org/w2313858937,https://doi.org/10.1021/am201413t,https://pubmed.ncbi.nlm.nih.gov/22311550,018-478-405-302-522,0,
https://openalex.org/w2419149759,,https://pubmed.ncbi.nlm.nih.gov/3906785,,0,
https://openalex.org/w2123343983,https://doi.org/10.1093/toxsci/kfh179,https://pubmed.ncbi.nlm.nih.gov/15166399,050-097-003-001-71X,0,
https://openalex.org/w1968684470,https://doi.org/10.1016/j.envpol.2010.09.017,https://pubmed.ncbi.nlm.nih.gov/20951481,,0,
https://openalex.org/w2049240688,https://doi.org/10.1016/j.fertnstert.2010.09.026,https://pubmed.ncbi.nlm.nih.gov/21035116,,0,
https://openalex.org/w2119228796,https://doi.org/10.1016/j.jpedsurg.2008.10.067,https://pubmed.ncbi.nlm.nih.gov/19361625,,0,
https://openalex.org/w2075108052,https://doi.org/10.1046/j.1365-2842.2002.00897.x,https://pubmed.ncbi.nlm.nih.gov/12220347,076-599-590-538-979,0,
https://openalex.org/w2051961466,https://doi.org/10.1093/ejo/cjn006,https://pubmed.ncbi.nlm.nih.gov/18678760,095-129-766-323-246,0,
https://openalex.org/w2156190198,https://doi.org/10.1139/h10-076,https://pubmed.ncbi.nlm.nih.gov/21164549,023-319-073-404-858,0,
https://openalex.org/w1993787761,https://doi.org/10.4103/0970-9290.114961,https://pubmed.ncbi.nlm.nih.gov/23852239,073-552-880-091-40X,0,
https://openalex.org/w2126749150,https://doi.org/10.1007/s00784-010-0426-6,https://pubmed.ncbi.nlm.nih.gov/20499119,081-227-282-310-503,0,
https://openalex.org/w2391323794,,https://pubmed.ncbi.nlm.nih.gov/17256617,,0,
https://openalex.org/w2060266816,https://doi.org/10.1177/154405910408300105,https://pubmed.ncbi.nlm.nih.gov/14691108,001-548-235-773-914,0,
https://openalex.org/w1966738994,https://doi.org/10.1289/ehp.0800267,https://pubmed.ncbi.nlm.nih.gov/19479018,051-986-458-554-560,0,
https://openalex.org/w2472971511,,https://pubmed.ncbi.nlm.nih.gov/20677430,,0,
https://openalex.org/w28230683,https://doi.org/10.1016/j.dental.2007.10.004,https://pubmed.ncbi.nlm.nih.gov/18045680,,0,
https://openalex.org/w2025330873,https://doi.org/10.1016/j.envpol.2006.02.011,https://pubmed.ncbi.nlm.nih.gov/16603289,,0,
https://openalex.org/w2011837071,https://doi.org/10.1042/bj3400405,https://pubmed.ncbi.nlm.nih.gov/10333482,006-157-104-223-537,0,
https://openalex.org/w1969496892,https://doi.org/10.1016/j.dental.2008.03.004,https://pubmed.ncbi.nlm.nih.gov/18420265,,0,
https://openalex.org/w2010336153,https://doi.org/10.1016/s0109-5641(02)00024-6,https://pubmed.ncbi.nlm.nih.gov/12543121,,0,
https://openalex.org/w2021631626,https://doi.org/10.1016/j.dental.2006.03.015,https://pubmed.ncbi.nlm.nih.gov/16765432,,0,
https://openalex.org/w2049620661,https://doi.org/10.2478/v10102-012-0027-0,https://pubmed.ncbi.nlm.nih.gov/23554558,011-557-239-073-218,0,
https://openalex.org/w2124627443,https://doi.org/10.1098/rstb.2008.0281,https://pubmed.ncbi.nlm.nih.gov/19528057,112-084-073-474-728,0,
https://openalex.org/w2008410391,https://doi.org/10.1007/s00216-003-2303-5,https://pubmed.ncbi.nlm.nih.gov/14658021,,0,
https://openalex.org/w2052990800,https://doi.org/10.1016/s0006-291x(03)00195-5,https://pubmed.ncbi.nlm.nih.gov/12604364,,0,
https://openalex.org/w2020351479,https://doi.org/10.1080/03601234.2010.502446,https://pubmed.ncbi.nlm.nih.gov/20818522,001-552-054-890-590,0,
https://openalex.org/w2414746275,,https://pubmed.ncbi.nlm.nih.gov/6222191,,0,
https://openalex.org/w2400162009,,https://pubmed.ncbi.nlm.nih.gov/3027549,,0,
https://openalex.org/w2325887445,https://doi.org/10.1021/am3001902,https://pubmed.ncbi.nlm.nih.gov/22428757,009-381-259-742-193,0,
https://openalex.org/w1681535039,https://doi.org/10.1111/adj.12004,https://pubmed.ncbi.nlm.nih.gov/23186572,015-452-253-142-181,0,
https://openalex.org/w2091369807,https://doi.org/10.1111/j.1752-7325.1997.tb02972.x,https://pubmed.ncbi.nlm.nih.gov/9383759,020-641-375-644-837,0,
https://openalex.org/w2042890173,https://doi.org/10.4012/dmj.2009-110,https://pubmed.ncbi.nlm.nih.gov/20823621,159-164-235-809-89X,0,
https://openalex.org/w2113441821,https://doi.org/10.1093/ejo/26.2.185,https://pubmed.ncbi.nlm.nih.gov/15130042,047-526-133-506-278,0,
https://openalex.org/w1814868108,https://doi.org/10.5005/jp-journals-10024-1006,https://pubmed.ncbi.nlm.nih.gov/22186687,003-783-335-323-34X,0,
https://openalex.org/w2014994784,https://doi.org/10.1016/0300-5712(93)90025-l,https://pubmed.ncbi.nlm.nih.gov/8315089,,0,
https://openalex.org/w2105268032,https://doi.org/10.1677/erc-09-0253,https://pubmed.ncbi.nlm.nih.gov/20071456,026-259-202-422-380,0,
https://openalex.org/w2142721738,https://doi.org/10.12659/msm.881712,https://pubmed.ncbi.nlm.nih.gov/21455100,072-149-618-078-49X,0,
https://openalex.org/w192866487,,https://pubmed.ncbi.nlm.nih.gov/9796499,,0,
https://openalex.org/w2091861137,https://doi.org/10.1021/es9019854,https://pubmed.ncbi.nlm.nih.gov/19928897,076-530-186-387-835,0,
https://openalex.org/w2093040052,https://doi.org/10.1007/s10661-008-0733-4,https://pubmed.ncbi.nlm.nih.gov/19184482,,0,
https://openalex.org/w2107137029,https://doi.org/10.1016/s0306-4530(03)00055-6,https://pubmed.ncbi.nlm.nih.gov/14749093,,0,
https://openalex.org/w2019015188,https://doi.org/10.2190/ns.19.1.d,https://pubmed.ncbi.nlm.nih.gov/19447757,075-305-568-110-260,0,
https://openalex.org/w1980781263,https://doi.org/10.1016/s1001-0742(10)60387-7,https://pubmed.ncbi.nlm.nih.gov/21476355,043-991-364-486-065,0,
https://openalex.org/w2011079653,https://doi.org/10.1111/j.1600-0722.2005.00222.x,https://pubmed.ncbi.nlm.nih.gov/16048527,048-535-154-367-714,0,
https://openalex.org/w2022846334,https://doi.org/10.1007/bf02980024,https://pubmed.ncbi.nlm.nih.gov/14609127,,0,
https://openalex.org/w2025637135,https://doi.org/10.1007/s007840050087,https://pubmed.ncbi.nlm.nih.gov/10803120,,0,
https://openalex.org/w2072231864,https://doi.org/10.1016/s0109-5641(01)00041-0,https://pubmed.ncbi.nlm.nih.gov/11823016,,0,
https://openalex.org/w2152390280,https://doi.org/10.1096/fj.02-0313fje,https://pubmed.ncbi.nlm.nih.gov/12207000,050-858-154-429-346,0,
https://openalex.org/w2416639882,,https://pubmed.ncbi.nlm.nih.gov/22319751,,0,
https://openalex.org/w2314732002,https://doi.org/10.2186/jjps.33.1130,https://pubmed.ncbi.nlm.nih.gov/2535162,014-120-762-607-234,0,
https://openalex.org/w1970338350,https://doi.org/10.1289/ehp.1204992,https://pubmed.ncbi.nlm.nih.gov/23222017,112-700-071-700-345,0,
https://openalex.org/w1974321003,https://doi.org/10.1016/0889-5406(88)90003-0,https://pubmed.ncbi.nlm.nih.gov/2973744,087-418-918-616-373,0,
https://openalex.org/w2471350302,,https://pubmed.ncbi.nlm.nih.gov/19133394,,0,
https://openalex.org/w1999448931,https://doi.org/10.1016/0889-5406(87)90172-7,https://pubmed.ncbi.nlm.nih.gov/2952005,079-765-598-755-142,0,
https://openalex.org/w2135182684,https://doi.org/10.1093/toxsci/kfq319,https://pubmed.ncbi.nlm.nih.gov/20956811,030-496-967-003-325,0,
https://openalex.org/w2055613502,https://doi.org/10.1039/c2an36569c,https://pubmed.ncbi.nlm.nih.gov/23187892,032-771-511-347-089,0,
https://openalex.org/w2006905705,https://doi.org/10.1177/00220345820610010901,https://pubmed.ncbi.nlm.nih.gov/6459347,039-387-708-299-445,0,
https://openalex.org/w2115003159,https://doi.org/10.1111/j.1600-0528.1993.tb00771.x,https://pubmed.ncbi.nlm.nih.gov/8222598,086-097-478-045-210,0,
https://openalex.org/w2110487694,https://doi.org/10.1093/jat/bks072,https://pubmed.ncbi.nlm.nih.gov/22989423,028-636-574-962-656,0,
https://openalex.org/w2058799981,https://doi.org/10.1016/j.neulet.2012.04.044,https://pubmed.ncbi.nlm.nih.gov/22561550,,0,
https://openalex.org/w2014768928,https://doi.org/10.1067/mpr.2000.110256,https://pubmed.ncbi.nlm.nih.gov/11044847,,0,
https://openalex.org/w2047432223,https://doi.org/10.1016/j.dental.2012.06.007,https://pubmed.ncbi.nlm.nih.gov/22796038,092-980-166-632-432,0,
https://openalex.org/w2013805070,https://doi.org/10.1111/j.1365-2842.1982.tb00528.x,https://pubmed.ncbi.nlm.nih.gov/6460857,010-696-789-618-861,0,
https://openalex.org/w1851518814,https://doi.org/10.1043/0003-3219(1997)067<0169:bsftao>2.3.co;2,https://pubmed.ncbi.nlm.nih.gov/9188959,,0,
https://openalex.org/w2067674049,https://doi.org/10.1016/s0300-5712(00)00029-4,https://pubmed.ncbi.nlm.nih.gov/10960751,,0,
https://openalex.org/w2083388819,https://doi.org/10.1093/carcin/13.6.969,https://pubmed.ncbi.nlm.nih.gov/1600618,131-995-062-918-799,0,
https://openalex.org/w1987836585,https://doi.org/10.1080/0265203031000119061,https://pubmed.ncbi.nlm.nih.gov/12888395,125-050-299-995-389,0,
https://openalex.org/w1971500946,https://doi.org/10.1016/s0024-3205(02)02364-0,https://pubmed.ncbi.nlm.nih.gov/12505546,,0,
https://openalex.org/w1985694252,https://doi.org/10.1166/jnn.2010.1385,https://pubmed.ncbi.nlm.nih.gov/20355516,006-573-385-814-175,0,
https://openalex.org/w2034854968,https://doi.org/10.1289/ehp.0800073,https://pubmed.ncbi.nlm.nih.gov/19440506,071-891-857-943-399,0,
https://openalex.org/w2014827504,https://doi.org/10.1016/j.dental.2008.04.017,https://pubmed.ncbi.nlm.nih.gov/18614225,,0,
https://openalex.org/w2025003802,https://doi.org/10.1016/j.chemosphere.2007.08.019,https://pubmed.ncbi.nlm.nih.gov/17897700,,0,
https://openalex.org/w2057364425,https://doi.org/10.1016/j.yfrne.2012.07.004,https://pubmed.ncbi.nlm.nih.gov/22981654,028-817-125-021-036,0,
https://openalex.org/w4246694875,https://doi.org/10.1289/ehp.104-1469331,https://pubmed.ncbi.nlm.nih.gov/8732943,,0,
https://openalex.org/w2588870389,https://doi.org/10.1016/0030-4220(82)90219-5,https://pubmed.ncbi.nlm.nih.gov/6214753,034-746-073-834-984,0,
https://openalex.org/w2017707375,https://doi.org/10.1096/fj.12-223545,https://pubmed.ncbi.nlm.nih.gov/23345456,016-423-344-782-612,1,
https://openalex.org/w1979038998,https://doi.org/10.2174/138161206776389859,https://pubmed.ncbi.nlm.nih.gov/16611130,005-884-984-675-463,0,
https://openalex.org/w2079952288,https://doi.org/10.1006/rtph.2002.1553,https://pubmed.ncbi.nlm.nih.gov/12202049,110-723-203-352-717,0,
https://openalex.org/w2417897978,,https://pubmed.ncbi.nlm.nih.gov/18810919,,0,
https://openalex.org/w2078997158,https://doi.org/10.1016/s1001-0742(12)60165-x,https://pubmed.ncbi.nlm.nih.gov/24191605,043-796-932-492-305,0,
https://openalex.org/w2157623624,https://doi.org/10.1093/ejo/23.3.243,https://pubmed.ncbi.nlm.nih.gov/11544790,078-311-386-580-245,0,
https://openalex.org/w1991648619,https://doi.org/10.1111/j.1600-0536.1984.tb01002.x,https://pubmed.ncbi.nlm.nih.gov/6238803,,0,
https://openalex.org/w2107757463,https://doi.org/10.1016/j.watres.2007.10.006,https://pubmed.ncbi.nlm.nih.gov/17976685,,0,
https://openalex.org/w421411850,,https://pubmed.ncbi.nlm.nih.gov/16617682,,0,
https://openalex.org/w2420613026,,https://pubmed.ncbi.nlm.nih.gov/9610320,,0,
https://openalex.org/w2039505497,https://doi.org/10.1016/s0109-5641(88)80066-6,https://pubmed.ncbi.nlm.nih.gov/2978035,,0,
https://openalex.org/w2415973546,,https://pubmed.ncbi.nlm.nih.gov/14653297,,0,
https://openalex.org/w2087902347,https://doi.org/10.1002/tox.20018,https://pubmed.ncbi.nlm.nih.gov/15101041,133-315-719-081-817,0,
https://openalex.org/w1985662212,https://doi.org/10.1016/j.jcis.2011.06.001,https://pubmed.ncbi.nlm.nih.gov/21767848,,0,
https://openalex.org/w2119144433,https://doi.org/10.1016/s0889-5406(05)80441-x,https://pubmed.ncbi.nlm.nih.gov/8249933,030-670-145-598-391,0,
https://openalex.org/w2035983657,https://doi.org/10.1016/j.taap.2012.04.009,https://pubmed.ncbi.nlm.nih.gov/22531813,038-036-188-452-774,0,
https://openalex.org/w2413651223,,https://pubmed.ncbi.nlm.nih.gov/8003197,,0,
https://openalex.org/w2328819694,https://doi.org/10.1166/jnn.2013.7411,https://pubmed.ncbi.nlm.nih.gov/23763161,039-849-332-284-352,0,
https://openalex.org/w2019993516,https://doi.org/10.1016/s0300-483x(02)00445-6,https://pubmed.ncbi.nlm.nih.gov/12504345,,0,
https://openalex.org/w2400880601,,https://pubmed.ncbi.nlm.nih.gov/11764829,,0,
https://openalex.org/w2064985965,https://doi.org/10.1016/j.mce.2012.01.008,https://pubmed.ncbi.nlm.nih.gov/22281313,,0,
https://openalex.org/w2097090013,https://doi.org/10.1093/ortho/28.4.301,https://pubmed.ncbi.nlm.nih.gov/11709596,000-923-703-914-788,0,
https://openalex.org/w2410542195,,https://pubmed.ncbi.nlm.nih.gov/6231498,,0,
https://openalex.org/w1540338545,https://doi.org/10.1111/j.1600-0668.2012.00772.x,https://pubmed.ncbi.nlm.nih.gov/22313149,059-716-694-137-751,0,
https://openalex.org/w2166975193,https://doi.org/10.1093/mutage/16.4.303,https://pubmed.ncbi.nlm.nih.gov/11420397,016-518-345-575-860,0,
https://openalex.org/w1971930942,https://doi.org/10.1111/j.1600-0722.1986.tb01382.x,https://pubmed.ncbi.nlm.nih.gov/2939546,007-979-605-883-137,0,
https://openalex.org/w2160977764,https://doi.org/10.1016/j.dental.2004.08.007,https://pubmed.ncbi.nlm.nih.gov/15826706,,0,
https://openalex.org/w2014155922,https://doi.org/10.1080/19440049.2011.644588,https://pubmed.ncbi.nlm.nih.gov/22257226,,0,
https://openalex.org/w2040945764,https://doi.org/10.1007/s00216-010-3464-7,https://pubmed.ncbi.nlm.nih.gov/20127078,,0,
https://openalex.org/w1521153926,https://doi.org/10.1590/s1806-83242011000100009,https://pubmed.ncbi.nlm.nih.gov/21359451,028-063-260-061-833,0,
https://openalex.org/w1988115474,https://doi.org/10.1111/j.1708-8240.2002.tb00176.x,https://pubmed.ncbi.nlm.nih.gov/12542099,017-500-986-255-462,0,
https://openalex.org/w1980553550,https://doi.org/10.1016/j.chroma.2009.06.007,https://pubmed.ncbi.nlm.nih.gov/19541320,,0,
https://openalex.org/w2299539417,,https://pubmed.ncbi.nlm.nih.gov/15575449,,0,
https://openalex.org/w3171418964,,https://pubmed.ncbi.nlm.nih.gov/15709496,,0,
https://openalex.org/w2001884592,https://doi.org/10.1016/j.dental.2005.11.016,https://pubmed.ncbi.nlm.nih.gov/16434093,,0,
https://openalex.org/w2039811924,https://doi.org/10.1016/j.dental.2008.09.009,https://pubmed.ncbi.nlm.nih.gov/19027938,,0,
https://openalex.org/w2411062893,,https://pubmed.ncbi.nlm.nih.gov/1304179,,0,
https://openalex.org/w2030646103,https://doi.org/10.1021/tx800129n,https://pubmed.ncbi.nlm.nih.gov/18729329,003-856-521-381-281,0,
https://openalex.org/w1986661245,https://doi.org/10.1371/journal.pone.0055698,https://pubmed.ncbi.nlm.nih.gov/23405200,050-592-257-437-650,0,
https://openalex.org/w1973770884,https://doi.org/10.1111/j.1834-7819.1996.tb03141.x,https://pubmed.ncbi.nlm.nih.gov/8961606,022-535-036-940-096,0,
https://openalex.org/w2010509779,https://doi.org/10.1016/s0889-5406(95)70023-4,https://pubmed.ncbi.nlm.nih.gov/7661146,048-321-078-019-182,0,
https://openalex.org/w72501895,,https://pubmed.ncbi.nlm.nih.gov/12765095,,0,
https://openalex.org/w2040290277,https://doi.org/10.1016/j.jhazmat.2011.03.046,https://pubmed.ncbi.nlm.nih.gov/21466912,,0,
https://openalex.org/w138000402,,https://pubmed.ncbi.nlm.nih.gov/21716986,,0,
https://openalex.org/w2145332532,https://doi.org/10.1095/biolreprod.104.030205,https://pubmed.ncbi.nlm.nih.gov/15229138,051-481-482-459-228,0,
https://openalex.org/w1981199429,https://doi.org/10.1177/00220345840630021001,https://pubmed.ncbi.nlm.nih.gov/6229557,012-890-114-486-604,0,
https://openalex.org/w1991710824,https://doi.org/10.1016/s0960-0760(02)00252-2,https://pubmed.ncbi.nlm.nih.gov/12650720,,0,
https://openalex.org/w2150315515,https://doi.org/10.1093/aje/kws391,https://pubmed.ncbi.nlm.nih.gov/23558351,001-666-354-819-740,0,
https://openalex.org/w2024872434,https://doi.org/10.1016/j.chemosphere.2010.08.006,https://pubmed.ncbi.nlm.nih.gov/20864142,,0,
https://openalex.org/w2099008462,https://doi.org/10.1677/joe-07-0056,https://pubmed.ncbi.nlm.nih.gov/18180321,019-995-673-858-983,0,
https://openalex.org/w2071176161,https://doi.org/10.1016/j.mce.2004.04.010,https://pubmed.ncbi.nlm.nih.gov/15223131,,0,
https://openalex.org/w2435004763,,https://pubmed.ncbi.nlm.nih.gov/1430494,,0,
https://openalex.org/w2241550395,,https://pubmed.ncbi.nlm.nih.gov/10649923,,0,
https://openalex.org/w1775256576,https://doi.org/10.1111/j.1365-2591.2012.02017.x,https://pubmed.ncbi.nlm.nih.gov/22268514,066-412-739-961-869,0,
https://openalex.org/w1969289199,https://doi.org/10.1021/es900811c,https://pubmed.ncbi.nlm.nih.gov/19921883,029-428-282-308-193,0,
https://openalex.org/w2046582880,https://doi.org/10.1016/j.chroma.2004.06.121,https://pubmed.ncbi.nlm.nih.gov/15595542,,0,
https://openalex.org/w2027519147,https://doi.org/10.2147/ahmt.s15947,https://pubmed.ncbi.nlm.nih.gov/24600283,064-821-903-196-21X,0,
https://openalex.org/w2066839073,https://doi.org/10.1016/j.chemosphere.2012.12.065,https://pubmed.ncbi.nlm.nih.gov/23490186,,0,
https://openalex.org/w2014398473,https://doi.org/10.1039/b211323f,https://pubmed.ncbi.nlm.nih.gov/12729260,001-471-469-609-890,0,
https://openalex.org/w2470110467,,https://pubmed.ncbi.nlm.nih.gov/9472145,,0,
https://openalex.org/w2093352910,https://doi.org/10.1038/sj.bjp.0705419,https://pubmed.ncbi.nlm.nih.gov/12970094,039-256-031-585-561,0,
https://openalex.org/w2122817035,https://doi.org/10.1289/ehp.9359,https://pubmed.ncbi.nlm.nih.gov/18174959,007-980-268-522-450,0,
https://openalex.org/w2430293620,,https://pubmed.ncbi.nlm.nih.gov/6240754,,0,
https://openalex.org/w2067135617,https://doi.org/10.1093/ortho/25.4.283,https://pubmed.ncbi.nlm.nih.gov/9884779,021-795-610-581-310,0,
https://openalex.org/w2041554939,https://doi.org/10.1046/j.1525-1373.2000.22402.x,https://pubmed.ncbi.nlm.nih.gov/10806412,054-804-773-959-540,0,
https://openalex.org/w2400038025,,https://pubmed.ncbi.nlm.nih.gov/17367035,,0,
https://openalex.org/w2015494563,https://doi.org/10.1016/j.mrfmmm.2011.05.004,https://pubmed.ncbi.nlm.nih.gov/21609724,096-157-776-320-553,0,
https://openalex.org/w2087346391,https://doi.org/10.1289/ehp.119-a34b,https://pubmed.ncbi.nlm.nih.gov/21196144,013-940-576-444-213,0,
https://openalex.org/w2319752004,https://doi.org/10.4012/dmj.13.148,https://pubmed.ncbi.nlm.nih.gov/7758274,035-396-453-485-164,0,
https://openalex.org/w1997230204,https://doi.org/10.1016/j.dental.2009.06.010,https://pubmed.ncbi.nlm.nih.gov/19632714,,0,
https://openalex.org/w1991486688,https://doi.org/10.1016/j.ajpath.2013.04.004,https://pubmed.ncbi.nlm.nih.gov/23764278,008-095-732-480-94X,0,
https://openalex.org/w2045428872,https://doi.org/10.1016/s0021-9673(00)00385-x,https://pubmed.ncbi.nlm.nih.gov/10910211,,0,
https://openalex.org/w2006330641,https://doi.org/10.1111/j.1600-9657.1993.tb00265.x,https://pubmed.ncbi.nlm.nih.gov/8269878,014-965-603-455-661,0,
https://openalex.org/w2070559853,https://doi.org/10.3390/molecules15053661,https://pubmed.ncbi.nlm.nih.gov/20657506,079-198-172-522-802,0,
https://openalex.org/w1993690015,https://doi.org/10.1177/154405910808700712,https://pubmed.ncbi.nlm.nih.gov/18573987,026-159-685-973-436,0,
https://openalex.org/w1972067589,https://doi.org/10.1016/s0109-5641(97)80017-6,https://pubmed.ncbi.nlm.nih.gov/9467310,,0,
https://openalex.org/w2034509389,https://doi.org/10.1007/s11356-012-1034-6,https://pubmed.ncbi.nlm.nih.gov/22718145,,0,
https://openalex.org/w2324528239,https://doi.org/10.4012/dmj.12.182,https://pubmed.ncbi.nlm.nih.gov/8004912,106-962-053-674-449,0,
https://openalex.org/w2001559054,https://doi.org/10.1097/00006534-198204000-00026,https://pubmed.ncbi.nlm.nih.gov/6461879,,0,
https://openalex.org/w1969083770,https://doi.org/10.1016/j.jdent.2012.05.007,https://pubmed.ncbi.nlm.nih.gov/22659338,,0,
https://openalex.org/w2028169180,https://doi.org/10.1016/j.chemosphere.2009.10.036,https://pubmed.ncbi.nlm.nih.gov/19900691,,0,
https://openalex.org/w2011223040,https://doi.org/10.1016/j.jdent.2009.08.010,https://pubmed.ncbi.nlm.nih.gov/19744537,,0,
https://openalex.org/w2313128146,https://doi.org/10.1248/yakushi.12-00220-3,https://pubmed.ncbi.nlm.nih.gov/23037695,040-732-948-841-23X,0,
https://openalex.org/w202799754,,https://pubmed.ncbi.nlm.nih.gov/23158516,,0,
https://openalex.org/w2154345283,https://doi.org/10.1177/00220345890680071001,https://pubmed.ncbi.nlm.nih.gov/2534396,059-339-628-917-767,0,
https://openalex.org/w19160150,https://doi.org/10.3290/j.jad.a19820,https://pubmed.ncbi.nlm.nih.gov/21246067,,0,
https://openalex.org/w4254937101,https://doi.org/10.14219/jada.archive.2006.0363,https://pubmed.ncbi.nlm.nih.gov/16946417,,0,
https://openalex.org/w2015624371,https://doi.org/10.1507/endocrj.46.773,https://pubmed.ncbi.nlm.nih.gov/10724352,087-266-328-351-571,0,
https://openalex.org/w2047031143,https://doi.org/10.1038/453964a,https://pubmed.ncbi.nlm.nih.gov/18563110,,0,
https://openalex.org/w2136854855,https://doi.org/10.1016/j.dental.2003.11.006,https://pubmed.ncbi.nlm.nih.gov/15236942,,0,
https://openalex.org/w2404624446,,https://pubmed.ncbi.nlm.nih.gov/11570683,,0,
https://openalex.org/w2091651039,https://doi.org/10.1016/0022-3913(92)90414-6,https://pubmed.ncbi.nlm.nih.gov/1432765,,0,
https://openalex.org/w2057153584,https://doi.org/10.1038/jes.2013.9,https://pubmed.ncbi.nlm.nih.gov/23443238,068-425-935-851-259,0,
https://openalex.org/w2469643854,,https://pubmed.ncbi.nlm.nih.gov/12066667,,0,
https://openalex.org/w137942714,,https://pubmed.ncbi.nlm.nih.gov/14964677,,0,
https://openalex.org/w2024049684,https://doi.org/10.1159/000046023,https://pubmed.ncbi.nlm.nih.gov/11474234,025-452-225-253-346,0,
https://openalex.org/w2001658031,https://doi.org/10.1016/s0165-1218(96)00161-9,https://pubmed.ncbi.nlm.nih.gov/9150749,,0,
https://openalex.org/w2078532788,https://doi.org/10.4161/spmg.1.1.13971,https://pubmed.ncbi.nlm.nih.gov/21866273,059-023-822-453-491,0,
https://openalex.org/w2293223000,https://doi.org/10.2175/106143005x41573,https://pubmed.ncbi.nlm.nih.gov/15765931,131-624-096-364-699,0,
https://openalex.org/w2102280049,https://doi.org/10.1136/jech.2010.127761,https://pubmed.ncbi.nlm.nih.gov/21325147,029-516-040-478-894,0,
https://openalex.org/w1988538574,https://doi.org/10.1289/ehp.6831,https://pubmed.ncbi.nlm.nih.gov/15064164,063-575-475-138-795,0,
https://openalex.org/w1992399076,https://doi.org/10.3358/shokueishi.44.168,https://pubmed.ncbi.nlm.nih.gov/12968472,036-710-882-092-819,0,
https://openalex.org/w2318841192,https://doi.org/10.1021/la301476p,https://pubmed.ncbi.nlm.nih.gov/22571829,020-936-774-147-609,0,
https://openalex.org/w1982580428,https://doi.org/10.1016/0109-5641(95)80039-5,https://pubmed.ncbi.nlm.nih.gov/8621039,,0,
https://openalex.org/w2031667482,https://doi.org/10.1590/s0103-64402012000600008,https://pubmed.ncbi.nlm.nih.gov/23338259,100-413-073-490-76X,0,
https://openalex.org/w2155554490,https://doi.org/10.1177/1933719108322436,https://pubmed.ncbi.nlm.nih.gov/18836129,,0,
https://openalex.org/w2060662168,https://doi.org/10.1002/bdrb.20159,https://pubmed.ncbi.nlm.nih.gov/18570259,,0,
https://openalex.org/w1966402623,https://doi.org/10.1016/s0731-7085(03)00221-8,https://pubmed.ncbi.nlm.nih.gov/14565551,,0,
https://openalex.org/w2105681558,https://doi.org/10.14219/jada.archive.2005.0262,https://pubmed.ncbi.nlm.nih.gov/16022043,,0,
https://openalex.org/w2332170126,https://doi.org/10.1021/bm300053d,https://pubmed.ncbi.nlm.nih.gov/22452822,061-677-757-359-574,0,
https://openalex.org/w1998110092,https://doi.org/10.1158/0008-5472.can-07-6526,https://pubmed.ncbi.nlm.nih.gov/18381411,070-187-936-518-037,0,
https://openalex.org/w1991546287,https://doi.org/10.1016/j.jdent.2012.02.005,https://pubmed.ncbi.nlm.nih.gov/22349946,,0,
https://openalex.org/w2065165686,https://doi.org/10.1271/bbb.65.2070,https://pubmed.ncbi.nlm.nih.gov/11676023,047-922-549-278-349,0,
https://openalex.org/w1977924930,https://doi.org/10.1016/j.joen.2010.03.040,https://pubmed.ncbi.nlm.nih.gov/20630283,,0,
https://openalex.org/w2009017703,https://doi.org/10.1016/s0099-2399(96)80280-9,https://pubmed.ncbi.nlm.nih.gov/8935025,,0,
https://openalex.org/w2057856603,https://doi.org/10.1016/s0021-9673(03)01174-9,https://pubmed.ncbi.nlm.nih.gov/14521316,,0,
https://openalex.org/w2006764792,https://doi.org/10.1111/j.1600-0536.1999.tb05982.x,https://pubmed.ncbi.nlm.nih.gov/9928811,,0,
https://openalex.org/w2052592036,https://doi.org/10.1097/00003086-199710000-00029,https://pubmed.ncbi.nlm.nih.gov/9345224,060-701-533-688-206,0,
https://openalex.org/w2397667500,,https://pubmed.ncbi.nlm.nih.gov/16598922,,0,
https://openalex.org/w2052724168,https://doi.org/10.1016/j.bcp.2006.09.019,https://pubmed.ncbi.nlm.nih.gov/17074304,,0,
https://openalex.org/w2001292994,https://doi.org/10.1016/j.prosdent.2006.09.008,https://pubmed.ncbi.nlm.nih.gov/17098495,,0,
https://openalex.org/w2414952774,,https://pubmed.ncbi.nlm.nih.gov/7568683,,0,
https://openalex.org/w2000436939,https://doi.org/10.4012/dmj.28.113,https://pubmed.ncbi.nlm.nih.gov/19280976,019-070-266-771-261,0,
https://openalex.org/w1993263219,https://doi.org/10.1016/j.jdent.2010.06.012,https://pubmed.ncbi.nlm.nih.gov/20599465,,0,
https://openalex.org/w2413241513,,https://pubmed.ncbi.nlm.nih.gov/10204428,,0,
https://openalex.org/w144652387,,https://pubmed.ncbi.nlm.nih.gov/18468320,,0,
https://openalex.org/w1973654781,https://doi.org/10.1016/j.mrgentox.2009.04.010,https://pubmed.ncbi.nlm.nih.gov/19393337,,0,
https://openalex.org/w2063281941,https://doi.org/10.1016/j.chroma.2010.03.043,https://pubmed.ncbi.nlm.nih.gov/20394939,,0,
https://openalex.org/w1991437036,https://doi.org/10.1111/j.1600-0528.1981.tb01047.x,https://pubmed.ncbi.nlm.nih.gov/6460591,000-279-757-494-462,0,
https://openalex.org/w2087259247,https://doi.org/10.1074/jbc.m007237200,https://pubmed.ncbi.nlm.nih.gov/11278336,087-347-468-725-162,0,
https://openalex.org/w2167574940,https://doi.org/10.1289/ehp.10283,https://pubmed.ncbi.nlm.nih.gov/18007998,000-278-381-573-597,0,
https://openalex.org/w2033963184,https://doi.org/10.1016/j.neuro.2012.08.001,https://pubmed.ncbi.nlm.nih.gov/22906860,003-840-206-466-481,0,
https://openalex.org/w2100846538,https://doi.org/10.1111/j.1539-6924.2009.01345.x,https://pubmed.ncbi.nlm.nih.gov/20136739,051-254-210-987-940,0,
https://openalex.org/w2010576504,https://doi.org/10.2116/analsci.21.697,https://pubmed.ncbi.nlm.nih.gov/15984209,133-690-607-080-187,0,
https://openalex.org/w146588406,,https://pubmed.ncbi.nlm.nih.gov/20178215,,0,
https://openalex.org/w2023780526,https://doi.org/10.1016/0109-5641(92)90071-j,https://pubmed.ncbi.nlm.nih.gov/1387854,,0,
https://openalex.org/w2071827744,https://doi.org/10.1016/s0021-9673(02)01966-0,https://pubmed.ncbi.nlm.nih.gov/12685602,,0,
https://openalex.org/w2029045118,https://doi.org/10.1177/154405910808700404,https://pubmed.ncbi.nlm.nih.gov/18362321,030-916-059-454-612,0,
https://openalex.org/w2095582725,https://doi.org/10.1289/ehp.7505,https://pubmed.ncbi.nlm.nih.gov/15811834,022-498-269-083-208,0,
https://openalex.org/w2153969138,https://doi.org/10.1016/j.toxlet.2012.02.003,https://pubmed.ncbi.nlm.nih.gov/22343039,,0,
https://openalex.org/w1970786224,https://doi.org/10.1021/nn1019626,https://pubmed.ncbi.nlm.nih.gov/21082818,107-690-818-677-925,0,
https://openalex.org/w1969050026,https://doi.org/10.1016/s0889-5406(99)70198-8,https://pubmed.ncbi.nlm.nih.gov/10587597,031-115-282-739-14X,0,
https://openalex.org/w2001729192,https://doi.org/10.1016/s0889-5406(98)70183-0,https://pubmed.ncbi.nlm.nih.gov/9790322,047-877-419-250-591,0,
https://openalex.org/w2171364115,https://doi.org/10.1016/s0043-1354(02)00413-x,https://pubmed.ncbi.nlm.nih.gov/12531255,,0,
https://openalex.org/w2078935942,https://doi.org/10.1111/j.1600-0722.2007.00449.x,https://pubmed.ncbi.nlm.nih.gov/17587299,050-949-171-504-217,0,
https://openalex.org/w2121373828,https://doi.org/10.1067/mpr.2000.107917,https://pubmed.ncbi.nlm.nih.gov/10946331,,0,
https://openalex.org/w1975084073,https://doi.org/10.1097/brs.0b013e3181dcda75,https://pubmed.ncbi.nlm.nih.gov/20844420,014-770-185-722-084,0,
https://openalex.org/w2403133000,,https://pubmed.ncbi.nlm.nih.gov/11203862,,0,
https://openalex.org/w2036142628,https://doi.org/10.1016/s0960-0760(99)00078-3,https://pubmed.ncbi.nlm.nih.gov/10419012,,0,
https://openalex.org/w1997136144,https://doi.org/10.1210/endo.141.1.7233,https://pubmed.ncbi.nlm.nih.gov/10614622,026-859-666-242-141,0,
https://openalex.org/w2330803909,https://doi.org/10.1021/la304792m,https://pubmed.ncbi.nlm.nih.gov/23445219,019-860-337-907-522,0,
https://openalex.org/w2139935373,https://doi.org/10.2341/05-98,https://pubmed.ncbi.nlm.nih.gov/17024944,044-370-461-436-806,0,
https://openalex.org/w2130347952,https://doi.org/10.1080/000163500429424,https://pubmed.ncbi.nlm.nih.gov/10809399,060-894-391-798-314,0,
https://openalex.org/w2046176216,https://doi.org/10.1210/en.2012-2129,https://pubmed.ncbi.nlm.nih.gov/23525218,041-988-648-453-767,0,
https://openalex.org/w2335227333,https://doi.org/10.1021/tx400117y,https://pubmed.ncbi.nlm.nih.gov/23682706,124-963-566-720-647,0,
https://openalex.org/w2004589654,https://doi.org/10.1038/sj.bdj.4807638,https://pubmed.ncbi.nlm.nih.gov/1832915,,0,
https://openalex.org/w2061616584,https://doi.org/10.1262/jrd.20094,https://pubmed.ncbi.nlm.nih.gov/18854640,063-785-581-387-301,0,
https://openalex.org/w2415355761,,https://pubmed.ncbi.nlm.nih.gov/18681005,,0,
https://openalex.org/w2064505077,https://doi.org/10.1016/j.tiv.2011.11.004,https://pubmed.ncbi.nlm.nih.gov/22120136,,0,
https://openalex.org/w2419055078,,https://pubmed.ncbi.nlm.nih.gov/6228288,,0,
https://openalex.org/w2993865860,,https://pubmed.ncbi.nlm.nih.gov/6240024,,0,
https://openalex.org/w2159095272,https://doi.org/10.1016/j.dental.2013.03.017,https://pubmed.ncbi.nlm.nih.gov/23601583,,0,
https://openalex.org/w2046364307,https://doi.org/10.1016/j.chroma.2008.12.091,https://pubmed.ncbi.nlm.nih.gov/19167003,,0,
https://openalex.org/w2106382274,https://doi.org/10.1111/j.1600-0536.1996.tb02259.x,https://pubmed.ncbi.nlm.nih.gov/8896948,010-972-431-682-904,0,
https://openalex.org/w2414592861,,https://pubmed.ncbi.nlm.nih.gov/2151882,,0,
https://openalex.org/w2035028595,https://doi.org/10.1007/s00204-002-0383-1,https://pubmed.ncbi.nlm.nih.gov/12415423,,0,
https://openalex.org/w2032604656,https://doi.org/10.1006/niox.2001.0405,https://pubmed.ncbi.nlm.nih.gov/11890746,,0,
https://openalex.org/w2005214760,https://doi.org/10.1002/jps.21465,https://pubmed.ncbi.nlm.nih.gov/18623201,,0,
https://openalex.org/w2048935637,https://doi.org/10.1002/adic.200590083,https://pubmed.ncbi.nlm.nih.gov/16342744,,0,
https://openalex.org/w2006003377,https://doi.org/10.1289/ehp.117-a210b,https://pubmed.ncbi.nlm.nih.gov/19478989,038-834-143-499-540,0,
https://openalex.org/w1998368341,https://doi.org/10.1007/s00784-011-0613-0,https://pubmed.ncbi.nlm.nih.gov/21894502,,0,
https://openalex.org/w2278311255,,https://pubmed.ncbi.nlm.nih.gov/2532625,,0,
https://openalex.org/w2017544171,https://doi.org/10.4103/0970-4388.43192,https://pubmed.ncbi.nlm.nih.gov/18923223,024-706-896-911-531,0,
https://openalex.org/w2090307949,https://doi.org/10.1016/s0022-3913(07)60057-2,https://pubmed.ncbi.nlm.nih.gov/17854622,,0,
https://openalex.org/w1978511512,https://doi.org/10.1016/j.bios.2012.02.045,https://pubmed.ncbi.nlm.nih.gov/22445847,,0,
https://openalex.org/w159976231,https://doi.org/10.1007/s00056-011-0041-4,https://pubmed.ncbi.nlm.nih.gov/21971573,015-399-212-992-278,0,
https://openalex.org/w1965635243,https://doi.org/10.1046/j.1365-263x.1998.00076.x,https://pubmed.ncbi.nlm.nih.gov/9728103,,0,
https://openalex.org/w2252955032,https://doi.org/10.3290/j.jad.a14145,https://pubmed.ncbi.nlm.nih.gov/19189673,,0,
https://openalex.org/w2117484155,https://doi.org/10.14219/jada.archive.2009.0163,https://pubmed.ncbi.nlm.nih.gov/19255178,012-587-545-814-348,0,
https://openalex.org/w2066393640,https://doi.org/10.1001/2013.jamapediatrics.8,https://pubmed.ncbi.nlm.nih.gov/23027564,,0,
https://openalex.org/w2113551202,https://doi.org/10.1183/09031936.05.00134204,https://pubmed.ncbi.nlm.nih.gov/16055884,082-685-042-377-703,0,
https://openalex.org/w2442497873,,https://pubmed.ncbi.nlm.nih.gov/9508932,,0,
https://openalex.org/w1993601648,https://doi.org/10.3109/01480541003739229,https://pubmed.ncbi.nlm.nih.gov/20553123,029-722-626-171-213,0,
https://openalex.org/w2018381563,https://doi.org/10.1210/en.2007-1053,https://pubmed.ncbi.nlm.nih.gov/18048497,032-518-223-151-269,0,
https://openalex.org/w1964227695,https://doi.org/10.1016/s0889-5406(96)70125-7,https://pubmed.ncbi.nlm.nih.gov/8638585,043-957-797-447-29X,0,
https://openalex.org/w2020882905,https://doi.org/10.1016/j.aquatox.2012.04.003,https://pubmed.ncbi.nlm.nih.gov/22542737,,0,
https://openalex.org/w2009850028,https://doi.org/10.1002/1097-4636(200110)57:1<101::aid-jbm1147>3.0.co;2-g,https://pubmed.ncbi.nlm.nih.gov/11416855,018-466-253-765-756,0,
https://openalex.org/w2055834033,https://doi.org/10.1179/146531205225021114,https://pubmed.ncbi.nlm.nih.gov/16170063,051-441-158-443-009,0,
https://openalex.org/w2019963109,https://doi.org/10.1111/j.1365-2842.1997.tb00340.x,https://pubmed.ncbi.nlm.nih.gov/9183029,015-319-057-955-801,0,
https://openalex.org/w2079273583,https://doi.org/10.1016/s0022-3913(96)90343-1,https://pubmed.ncbi.nlm.nih.gov/8814632,,0,
https://openalex.org/w2107778092,,https://pubmed.ncbi.nlm.nih.gov/16532886,,0,
https://openalex.org/w2415023736,,https://pubmed.ncbi.nlm.nih.gov/1814954,,0,
https://openalex.org/w2071359727,https://doi.org/10.1007/bf02897995,https://pubmed.ncbi.nlm.nih.gov/21432143,016-689-429-547-003,0,
https://openalex.org/w2006042111,https://doi.org/10.1111/j.1600-9657.2007.00529.x,https://pubmed.ncbi.nlm.nih.gov/18352937,000-342-091-144-499,0,
https://openalex.org/w2076029239,https://doi.org/10.1016/j.cbpc.2010.10.005,https://pubmed.ncbi.nlm.nih.gov/20965277,,0,
https://openalex.org/w2067479466,https://doi.org/10.1016/s0968-0896(02)00326-7,https://pubmed.ncbi.nlm.nih.gov/12538027,,0,
https://openalex.org/w1994294805,https://doi.org/10.1016/j.cbpc.2011.10.001,https://pubmed.ncbi.nlm.nih.gov/22019333,,0,
https://openalex.org/w2086652507,https://doi.org/10.1016/s0889-5406(97)70226-9,https://pubmed.ncbi.nlm.nih.gov/9423693,038-100-958-786-599,0,
https://openalex.org/w2075228576,https://doi.org/10.1016/j.jdent.2012.09.015,https://pubmed.ncbi.nlm.nih.gov/23044387,044-521-375-131-729,0,
https://openalex.org/w2055117134,https://doi.org/10.1021/es011177b,https://pubmed.ncbi.nlm.nih.gov/12026981,134-480-024-797-611,0,
https://openalex.org/w1977897631,https://doi.org/10.1007/s00216-009-3020-5,https://pubmed.ncbi.nlm.nih.gov/19690840,,0,
https://openalex.org/w2089649293,https://doi.org/10.1016/0142-9612(91)90009-y,https://pubmed.ncbi.nlm.nih.gov/1832312,,0,
https://openalex.org/w2106994400,https://doi.org/10.2334/josnusd.50.481,https://pubmed.ncbi.nlm.nih.gov/19106478,004-752-171-096-711,0,
https://openalex.org/w2162817868,https://doi.org/10.1007/s00244-006-0208-y,https://pubmed.ncbi.nlm.nih.gov/17728992,,0,
https://openalex.org/w2077227360,https://doi.org/10.1016/j.biortech.2011.11.129,https://pubmed.ncbi.nlm.nih.gov/22197331,,0,
https://openalex.org/w2015191585,https://doi.org/10.4161/epi.6.9.17103,https://pubmed.ncbi.nlm.nih.gov/21829099,130-487-615-743-144,0,
https://openalex.org/w2195398538,https://doi.org/10.1043/0003-3219(2005)075<0114:eototf>2.0.co;2,https://pubmed.ncbi.nlm.nih.gov/15747826,,0,
https://openalex.org/w2123434434,https://doi.org/10.1016/j.dental.2009.06.001,https://pubmed.ncbi.nlm.nih.gov/19577288,,0,
https://openalex.org/w2158001211,https://doi.org/10.1039/c3an36788f,https://pubmed.ncbi.nlm.nih.gov/23629000,007-170-055-323-365,0,
https://openalex.org/w2043866498,https://doi.org/10.1016/j.reprotox.2011.12.012,https://pubmed.ncbi.nlm.nih.gov/22240090,078-493-009-054-215,0,
https://openalex.org/w1990445763,https://doi.org/10.1366/12-06840,https://pubmed.ncbi.nlm.nih.gov/23601542,010-773-743-754-08X,0,
https://openalex.org/w1986346182,https://doi.org/10.1016/j.dental.2010.09.008,https://pubmed.ncbi.nlm.nih.gov/20951420,,0,
https://openalex.org/w2073745096,https://doi.org/10.1016/j.chemosphere.2004.04.022,https://pubmed.ncbi.nlm.nih.gov/15212903,,0,
https://openalex.org/w2156206981,https://doi.org/10.1016/j.dental.2005.03.014,https://pubmed.ncbi.nlm.nih.gov/16143380,,0,
https://openalex.org/w2067624087,https://doi.org/10.1016/j.jchromb.2004.11.059,https://pubmed.ncbi.nlm.nih.gov/15686981,,0,
https://openalex.org/w2090055934,https://doi.org/10.1016/j.chemosphere.2010.02.049,https://pubmed.ncbi.nlm.nih.gov/20334893,,0,
https://openalex.org/w2152806277,https://doi.org/10.1016/s0960-0760(00)00126-6,https://pubmed.ncbi.nlm.nih.gov/11162928,,0,
https://openalex.org/w1972913677,https://doi.org/10.1021/jf0008487,https://pubmed.ncbi.nlm.nih.gov/11312808,021-232-567-907-32X,0,
https://openalex.org/w1995064889,https://doi.org/10.1007/s00244-010-9634-y,https://pubmed.ncbi.nlm.nih.gov/21221962,,0,
https://openalex.org/w2124949586,https://doi.org/10.1016/j.dental.2003.11.004,https://pubmed.ncbi.nlm.nih.gov/15019457,,0,
https://openalex.org/w2037510660,https://doi.org/10.1016/j.mce.2009.02.016,https://pubmed.ncbi.nlm.nih.gov/19433249,,0,
https://openalex.org/w2402044849,,https://pubmed.ncbi.nlm.nih.gov/6242431,,0,
https://openalex.org/w2053650053,https://doi.org/10.1111/j.1600-0722.1995.tb01863.x,https://pubmed.ncbi.nlm.nih.gov/8747676,110-083-222-480-500,0,
https://openalex.org/w2002295126,https://doi.org/10.1080/10915810305110,https://pubmed.ncbi.nlm.nih.gov/12851153,017-425-552-302-295,0,
https://openalex.org/w1966614381,https://doi.org/10.1016/j.aquatox.2006.02.012,https://pubmed.ncbi.nlm.nih.gov/16635530,,0,
https://openalex.org/w2073820991,https://doi.org/10.1159/000260521,https://pubmed.ncbi.nlm.nih.gov/6452209,023-156-503-960-106,0,
https://openalex.org/w2017060792,https://doi.org/10.1111/j.1875-595x.1999.tb00527.x,https://pubmed.ncbi.nlm.nih.gov/10858759,059-730-693-739-807,0,
https://openalex.org/w2088402694,https://doi.org/10.1016/j.mce.2007.08.005,https://pubmed.ncbi.nlm.nih.gov/17928132,,0,
https://openalex.org/w2062695238,https://doi.org/10.1016/j.jdent.2008.08.009,https://pubmed.ncbi.nlm.nih.gov/19026481,,0,
https://openalex.org/w2074378633,https://doi.org/10.2166/wst.2010.549,https://pubmed.ncbi.nlm.nih.gov/21099061,003-292-783-247-276,0,
https://openalex.org/w171106377,,https://pubmed.ncbi.nlm.nih.gov/11572489,,0,
https://openalex.org/w2030273035,https://doi.org/10.1016/j.fertnstert.2007.12.033,https://pubmed.ncbi.nlm.nih.gov/18308066,,0,
https://openalex.org/w2022323262,https://doi.org/10.1038/sj.bdj.4808428,https://pubmed.ncbi.nlm.nih.gov/8186033,,0,
https://openalex.org/w17120586,,https://pubmed.ncbi.nlm.nih.gov/18477426,,0,
https://openalex.org/w2041065842,https://doi.org/10.1021/ci030290d,https://pubmed.ncbi.nlm.nih.gov/15154757,104-214-401-347-369,0,
https://openalex.org/w2053785493,https://doi.org/10.1177/154405910208100811,https://pubmed.ncbi.nlm.nih.gov/12147747,158-761-745-258-038,0,
https://openalex.org/w2057402889,https://doi.org/10.1080/09593330.2011.627881,https://pubmed.ncbi.nlm.nih.gov/22856311,080-403-036-329-181,0,
https://openalex.org/w2010127892,https://doi.org/10.1021/es903823a,https://pubmed.ncbi.nlm.nih.gov/20509608,027-457-844-127-23X,0,
https://openalex.org/w2055499281,https://doi.org/10.1016/s0378-4274(03)00256-x,https://pubmed.ncbi.nlm.nih.gov/12927354,,0,
https://openalex.org/w2074587538,https://doi.org/10.1016/j.ntt.2011.06.002,https://pubmed.ncbi.nlm.nih.gov/21704699,,1,
https://openalex.org/w1978451502,https://doi.org/10.1016/s0889-5406(96)70050-1,https://pubmed.ncbi.nlm.nih.gov/8922502,070-031-807-979-637,0,
https://openalex.org/w2030538471,https://doi.org/10.3892/mmr.2011.583,https://pubmed.ncbi.nlm.nih.gov/21909620,011-822-019-682-913,0,
https://openalex.org/w2171241719,https://doi.org/10.1093/ejo/cji031,https://pubmed.ncbi.nlm.nih.gov/16043478,035-238-401-215-476,0,
https://openalex.org/w2166107710,https://doi.org/10.1080/15287390701434216,https://pubmed.ncbi.nlm.nih.gov/17654246,045-577-344-049-764,0,
https://openalex.org/w2012236277,https://doi.org/10.3892/ijmm.18.6.1165,https://pubmed.ncbi.nlm.nih.gov/17089022,028-835-639-056-956,0,
https://openalex.org/w2064218062,https://doi.org/10.3109/00016359509005941,https://pubmed.ncbi.nlm.nih.gov/7740928,070-034-886-192-536,0,
https://openalex.org/w2080811265,https://doi.org/10.1292/jvms.65.485,https://pubmed.ncbi.nlm.nih.gov/12736431,002-349-311-052-276,0,
https://openalex.org/w2030400065,https://doi.org/10.1021/jf0257502,https://pubmed.ncbi.nlm.nih.gov/12452648,011-705-270-559-285,0,
https://openalex.org/w2061553605,https://doi.org/10.2166/wst.2012.241,https://pubmed.ncbi.nlm.nih.gov/22766866,084-567-369-511-623,0,
https://openalex.org/w2084984177,https://doi.org/10.1016/j.dental.2005.01.013,https://pubmed.ncbi.nlm.nih.gov/15885765,,0,
https://openalex.org/w1971521660,https://doi.org/10.2319/012208-37.1,https://pubmed.ncbi.nlm.nih.gov/19123696,048-691-711-963-418,0,
https://openalex.org/w2165329755,https://doi.org/10.1371/journal.pone.0055387,https://pubmed.ncbi.nlm.nih.gov/23359474,035-710-908-324-723,0,
https://openalex.org/w2101357876,https://doi.org/10.1002/etc.5620201020,https://pubmed.ncbi.nlm.nih.gov/11596760,074-221-206-669-476,0,
https://openalex.org/w2064863189,https://doi.org/10.1016/0926-2040(83)90001-2,https://pubmed.ncbi.nlm.nih.gov/7812754,,0,
https://openalex.org/w2011158454,https://doi.org/10.1289/ehp.02110427,https://pubmed.ncbi.nlm.nih.gov/11940462,034-901-400-627-139,0,
https://openalex.org/w2131476944,https://doi.org/10.1016/s0022-3913(09)60004-4,https://pubmed.ncbi.nlm.nih.gov/19167535,,0,
https://openalex.org/w2131093355,https://doi.org/10.1016/j.jhazmat.2012.11.044,https://pubmed.ncbi.nlm.nih.gov/23246956,,0,
https://openalex.org/w2163060608,https://doi.org/10.1016/j.jdent.2009.02.002,https://pubmed.ncbi.nlm.nih.gov/19269731,,0,
https://openalex.org/w1977461410,https://doi.org/10.14219/jada.archive.1985.0054,https://pubmed.ncbi.nlm.nih.gov/3897334,098-063-086-047-356,0,
https://openalex.org/w2163087593,https://doi.org/10.1177/154405910208100206,https://pubmed.ncbi.nlm.nih.gov/11827255,072-414-521-775-429,0,
https://openalex.org/w13386305,https://doi.org/10.3290/j.jad.a18237,https://pubmed.ncbi.nlm.nih.gov/21246063,,0,
https://openalex.org/w1991235431,https://doi.org/10.1016/s0960-0760(01)00070-x,https://pubmed.ncbi.nlm.nih.gov/11530281,,0,
https://openalex.org/w2084130910,https://doi.org/10.1039/c0em00401d,https://pubmed.ncbi.nlm.nih.gov/21069247,003-417-958-016-928,0,
https://openalex.org/w180839035,,https://pubmed.ncbi.nlm.nih.gov/12540117,,0,
https://openalex.org/w1986006879,https://doi.org/10.1046/j.1365-2842.1998.00240.x,https://pubmed.ncbi.nlm.nih.gov/9576590,000-934-051-758-698,0,
https://openalex.org/w2023608229,https://doi.org/10.1007/s00784-012-0791-4,https://pubmed.ncbi.nlm.nih.gov/22886489,,0,
https://openalex.org/w2033184670,https://doi.org/10.1016/j.talanta.2012.03.028,https://pubmed.ncbi.nlm.nih.gov/22608460,,0,
https://openalex.org/w2087851680,https://doi.org/10.1002/(sici)1097-4636(199701)34:1<95::aid-jbm13>3.0.co;2-o,https://pubmed.ncbi.nlm.nih.gov/8978658,002-755-074-180-074,0,
https://openalex.org/w2037745657,https://doi.org/10.1016/j.jhazmat.2008.05.102,https://pubmed.ncbi.nlm.nih.gov/18597933,,0,
https://openalex.org/w1974088696,https://doi.org/10.1016/s0109-5641(86)80039-2,https://pubmed.ncbi.nlm.nih.gov/2948856,,0,
https://openalex.org/w2137766269,https://doi.org/10.1186/bcr3494,https://pubmed.ncbi.nlm.nih.gov/24083327,043-643-484-802-260,0,
https://openalex.org/w2065351598,https://doi.org/10.1016/s0022-3913(05)80372-5,https://pubmed.ncbi.nlm.nih.gov/8531150,,0,
https://openalex.org/w2016366328,https://doi.org/10.1093/ortho/24.1.35,https://pubmed.ncbi.nlm.nih.gov/9088601,030-416-004-083-34X,0,
https://openalex.org/w128177249,,https://pubmed.ncbi.nlm.nih.gov/22353411,,0,
https://openalex.org/w2055006115,https://doi.org/10.3892/br.2013.79,https://pubmed.ncbi.nlm.nih.gov/24648961,011-126-979-682-583,0,
https://openalex.org/w1971525169,https://doi.org/10.1590/s1678-77572010000300010,https://pubmed.ncbi.nlm.nih.gov/20857003,008-755-774-110-331,0,
https://openalex.org/w2126403752,https://doi.org/10.1095/biolreprod.111.096545,https://pubmed.ncbi.nlm.nih.gov/22088916,018-103-951-592-159,0,
https://openalex.org/w2153518176,https://doi.org/10.17796/jcpd.36.4.n444r730r773un53,https://pubmed.ncbi.nlm.nih.gov/23019829,000-933-102-542-025,0,
https://openalex.org/w1984881248,https://doi.org/10.1016/j.cbpc.2010.07.003,https://pubmed.ncbi.nlm.nih.gov/20647052,,0,
https://openalex.org/w2092475522,https://doi.org/10.1289/ehp.0901717,https://pubmed.ncbi.nlm.nih.gov/20444668,065-420-339-409-067,0,
https://openalex.org/w2029897357,https://doi.org/10.1016/j.jhazmat.2011.11.040,https://pubmed.ncbi.nlm.nih.gov/22138173,,0,
https://openalex.org/w2162207885,https://doi.org/10.1043/0003-3219(2003)73<176:bswcbi>2.0.co;2,https://pubmed.ncbi.nlm.nih.gov/12725374,,0,
https://openalex.org/w2125225198,https://doi.org/10.1016/j.dental.2007.10.005,https://pubmed.ncbi.nlm.nih.gov/18045678,047-470-051-783-482,0,
https://openalex.org/w2068552774,https://doi.org/10.1016/j.chroma.2006.03.017,https://pubmed.ncbi.nlm.nih.gov/16574130,,0,
https://openalex.org/w2104526374,https://doi.org/10.14219/jada.archive.2006.0024,https://pubmed.ncbi.nlm.nih.gov/16457002,007-359-588-294-367,0,
https://openalex.org/w2066236255,https://doi.org/10.1007/s00244-002-1209-0,https://pubmed.ncbi.nlm.nih.gov/12202920,,0,
https://openalex.org/w2472757495,,https://pubmed.ncbi.nlm.nih.gov/20591764,,0,
https://openalex.org/w2002474179,https://doi.org/10.1080/02652039509374370,https://pubmed.ncbi.nlm.nih.gov/8608852,012-658-143-380-247,0,
https://openalex.org/w1982516918,https://doi.org/10.1046/j.1365-2842.1998.00286.x,https://pubmed.ncbi.nlm.nih.gov/9758400,056-206-387-159-222,0,
https://openalex.org/w2031299646,https://doi.org/10.1002/jssc.201100418,https://pubmed.ncbi.nlm.nih.gov/21837625,005-508-615-517-022,0,
https://openalex.org/w1543786573,https://doi.org/10.1111/j.1440-1789.2011.01287.x,https://pubmed.ncbi.nlm.nih.gov/22239237,145-107-850-038-135,0,
https://openalex.org/w2043510184,https://doi.org/10.1007/s00253-003-1361-0,https://pubmed.ncbi.nlm.nih.gov/12802533,060-029-944-170-468,0,
https://openalex.org/w2325546127,https://doi.org/10.1021/la103873v,https://pubmed.ncbi.nlm.nih.gov/21244073,006-911-846-810-37X,0,
https://openalex.org/w2021250662,https://doi.org/10.2341/12-307-l,https://pubmed.ncbi.nlm.nih.gov/23210916,079-337-739-258-991,0,
https://openalex.org/w2295426940,,https://pubmed.ncbi.nlm.nih.gov/12537344,,0,
https://openalex.org/w1964726910,https://doi.org/10.2341/06-49,https://pubmed.ncbi.nlm.nih.gov/17427826,109-616-656-370-134,0,
https://openalex.org/w1990946123,https://doi.org/10.1038/sj.jea.7500190,https://pubmed.ncbi.nlm.nih.gov/11791162,067-561-359-809-318,0,
https://openalex.org/w2118947118,https://doi.org/10.1093/toxsci/kfi322,https://pubmed.ncbi.nlm.nih.gov/16162846,003-401-515-701-815,0,
https://openalex.org/w2126256146,,https://pubmed.ncbi.nlm.nih.gov/20830883,,0,
https://openalex.org/w1605843166,https://doi.org/10.3290/j.jad.a12896,https://pubmed.ncbi.nlm.nih.gov/18265705,,0,
https://openalex.org/w2046661527,https://doi.org/10.2116/analsci.19.151,https://pubmed.ncbi.nlm.nih.gov/12558040,034-609-365-443-925,0,
https://openalex.org/w1891041012,https://doi.org/10.1043/0003-3219(2000)070<0357:bolcgi>2.0.co;2,https://pubmed.ncbi.nlm.nih.gov/11036995,,0,
https://openalex.org/w2070433988,https://doi.org/10.1016/s0039-9140(03)00281-9,https://pubmed.ncbi.nlm.nih.gov/18969198,,0,
https://openalex.org/w1974472462,https://doi.org/10.1016/s0021-9673(02)00554-x,https://pubmed.ncbi.nlm.nih.gov/12187993,,0,
https://openalex.org/w1982804117,https://doi.org/10.4012/dmj.2011-011,https://pubmed.ncbi.nlm.nih.gov/21778602,036-066-113-628-506,0,
https://openalex.org/w2085899556,https://doi.org/10.1016/j.jcis.2011.10.049,https://pubmed.ncbi.nlm.nih.gov/22099056,,0,
https://openalex.org/w2090870329,https://doi.org/10.1177/00220345820610101501,https://pubmed.ncbi.nlm.nih.gov/6214572,081-107-878-424-513,0,
https://openalex.org/w150559214,,https://pubmed.ncbi.nlm.nih.gov/19841761,,0,
https://openalex.org/w2014182431,https://doi.org/10.1016/0022-3913(85)90512-8,https://pubmed.ncbi.nlm.nih.gov/3157796,,0,
https://openalex.org/w1981919438,https://doi.org/10.1002/em.20696,https://pubmed.ncbi.nlm.nih.gov/22072630,023-410-498-457-290,0,
https://openalex.org/w2061135914,https://doi.org/10.1016/j.toxlet.2009.06.861,https://pubmed.ncbi.nlm.nih.gov/19560527,,0,
https://openalex.org/w1979749761,https://doi.org/10.1111/j.1600-0722.1992.tb01751.x,https://pubmed.ncbi.nlm.nih.gov/1439532,080-750-327-414-497,0,
https://openalex.org/w2120178199,https://doi.org/10.2341/10-091-l,https://pubmed.ncbi.nlm.nih.gov/21180005,012-648-769-683-70X,0,
https://openalex.org/w2994126700,https://doi.org/10.1016/0300-5712(80)90037-8,https://pubmed.ncbi.nlm.nih.gov/6446570,,0,
https://openalex.org/w2056213327,https://doi.org/10.1021/ja9004317,https://pubmed.ncbi.nlm.nih.gov/19496538,031-199-027-140-624,0,
https://openalex.org/w49561495,,https://pubmed.ncbi.nlm.nih.gov/21624331,,0,
https://openalex.org/w2105648061,https://doi.org/10.1016/j.dental.2007.11.021,https://pubmed.ncbi.nlm.nih.gov/18190957,057-782-943-969-544,0,
https://openalex.org/w2070776145,https://doi.org/10.1007/s00244-002-1146-y,https://pubmed.ncbi.nlm.nih.gov/12045874,,0,
https://openalex.org/w1978842883,https://doi.org/10.1080/02652030802563290,https://pubmed.ncbi.nlm.nih.gov/24784814,158-105-054-020-64X,0,
https://openalex.org/w2005576314,https://doi.org/10.1021/jp8094566,https://pubmed.ncbi.nlm.nih.gov/19331324,146-082-885-107-581,0,
https://openalex.org/w2408541878,,https://pubmed.ncbi.nlm.nih.gov/8054183,,0,
https://openalex.org/w2015911696,https://doi.org/10.1111/j.1532-849x.2008.00333.x,https://pubmed.ncbi.nlm.nih.gov/18573149,052-597-687-496-832,0,
https://openalex.org/w2060009752,https://doi.org/10.1289/ehp.1104114,https://pubmed.ncbi.nlm.nih.gov/22645278,008-521-193-957-161,0,
https://openalex.org/w1995667204,https://doi.org/10.1177/00220345810600110701,https://pubmed.ncbi.nlm.nih.gov/6457066,055-111-913-662-795,0,
https://openalex.org/w2147139504,https://doi.org/10.1177/00220345810600120601,https://pubmed.ncbi.nlm.nih.gov/6457853,097-911-731-510-570,0,
https://openalex.org/w2062665319,https://doi.org/10.2116/analsci.19.715,https://pubmed.ncbi.nlm.nih.gov/12769371,121-465-745-881-728,0,
https://openalex.org/w2024146767,https://doi.org/10.1016/j.chemosphere.2008.06.013,https://pubmed.ncbi.nlm.nih.gov/18649916,,0,
https://openalex.org/w2023623083,https://doi.org/10.1016/j.taap.2011.09.005,https://pubmed.ncbi.nlm.nih.gov/21945941,,0,
https://openalex.org/w2002593852,https://doi.org/10.1016/j.marpolbul.2009.03.011,https://pubmed.ncbi.nlm.nih.gov/19362723,,0,
https://openalex.org/w2037298565,https://doi.org/10.1111/adj.12027,https://pubmed.ncbi.nlm.nih.gov/23441799,099-260-145-086-275,0,
https://openalex.org/w1963957750,https://doi.org/10.1016/0022-3913(82)90299-2,https://pubmed.ncbi.nlm.nih.gov/6211542,,0,
https://openalex.org/w2099115569,https://doi.org/10.1016/j.dental.2005.11.021,https://pubmed.ncbi.nlm.nih.gov/16364421,,0,
https://openalex.org/w2008210390,https://doi.org/10.1080/15287390903212212,https://pubmed.ncbi.nlm.nih.gov/20077194,046-081-459-296-009,0,
https://openalex.org/w1492228142,https://doi.org/10.4049/jimmunol.172.12.7677,https://pubmed.ncbi.nlm.nih.gov/15187150,084-957-970-375-451,0,
https://openalex.org/w2053408813,https://doi.org/10.3892/mmr.2012.887,https://pubmed.ncbi.nlm.nih.gov/22552626,006-412-124-513-908,0,
https://openalex.org/w2012275477,https://doi.org/10.1067/mod.2002.121012,https://pubmed.ncbi.nlm.nih.gov/11941344,099-391-562-258-71X,0,
https://openalex.org/w2111290783,https://doi.org/10.1073/pnas.1300959110,https://pubmed.ncbi.nlm.nih.gov/23440186,041-243-039-245-878,0,
https://openalex.org/w2076951082,https://doi.org/10.1016/0300-5712(90)90026-b,https://pubmed.ncbi.nlm.nih.gov/2150072,,0,
https://openalex.org/w2019212963,https://doi.org/10.2341/07-30,https://pubmed.ncbi.nlm.nih.gov/18335733,021-094-179-153-885,0,
https://openalex.org/w2007503631,https://doi.org/10.1371/journal.pone.0053891,https://pubmed.ncbi.nlm.nih.gov/23326527,059-122-634-480-891,0,
https://openalex.org/w48941324,,https://pubmed.ncbi.nlm.nih.gov/15810478,,0,
https://openalex.org/w2115236770,https://doi.org/10.1002/jbm.a.10551,https://pubmed.ncbi.nlm.nih.gov/12833438,144-814-533-046-47X,0,
https://openalex.org/w2062157290,https://doi.org/10.1016/j.chroma.2011.01.028,https://pubmed.ncbi.nlm.nih.gov/21295783,,0,
https://openalex.org/w1979342188,https://doi.org/10.1067/mpr.2002.121406,https://pubmed.ncbi.nlm.nih.gov/11854681,,0,
https://openalex.org/w1997160810,https://doi.org/10.14219/jada.archive.1982.0076,https://pubmed.ncbi.nlm.nih.gov/6236247,113-833-239-175-229,0,
https://openalex.org/w2115233276,https://doi.org/10.1111/j.1708-8240.2004.tb00046.x,https://pubmed.ncbi.nlm.nih.gov/15672618,026-351-086-947-922,0,
https://openalex.org/w2133660723,https://doi.org/10.1177/00220345720510041201,https://pubmed.ncbi.nlm.nih.gov/4625064,031-576-318-566-554,0,
https://openalex.org/w2149083968,https://doi.org/10.1177/00220345850640121801,https://pubmed.ncbi.nlm.nih.gov/2934449,018-295-229-004-080,0,
https://openalex.org/w2104995010,https://doi.org/10.1124/dmd.110.034819,https://pubmed.ncbi.nlm.nih.gov/20736320,013-404-135-328-779,0,
https://openalex.org/w1991095500,https://doi.org/10.1016/j.ymeth.2011.08.011,https://pubmed.ncbi.nlm.nih.gov/21871961,,0,
https://openalex.org/w2241214819,,https://pubmed.ncbi.nlm.nih.gov/8619968,,0,
https://openalex.org/w143885398,,https://pubmed.ncbi.nlm.nih.gov/7546477,,0,
https://openalex.org/w2102616410,https://doi.org/10.1179/146531205225021195,https://pubmed.ncbi.nlm.nih.gov/16333044,006-763-468-719-058,0,
https://openalex.org/w2361277585,,https://pubmed.ncbi.nlm.nih.gov/15559821,,0,
https://openalex.org/w2075511646,https://doi.org/10.1016/j.chemosphere.2007.04.061,https://pubmed.ncbi.nlm.nih.gov/17553541,,0,
https://openalex.org/w1978726945,https://doi.org/10.1067/mpr.2001.114842,https://pubmed.ncbi.nlm.nih.gov/11491072,,0,
https://openalex.org/w2035793879,https://doi.org/10.1007/s10532-006-9059-5,https://pubmed.ncbi.nlm.nih.gov/16821103,,0,
https://openalex.org/w2052129267,https://doi.org/10.1016/j.watres.2008.06.005,https://pubmed.ncbi.nlm.nih.gov/18678386,,0,
https://openalex.org/w2110072135,,https://pubmed.ncbi.nlm.nih.gov/11508084,,0,
https://openalex.org/w2114738724,https://doi.org/10.1590/s0103-64402007000400008,https://pubmed.ncbi.nlm.nih.gov/18278302,057-691-342-051-443,0,
https://openalex.org/w2275607724,,https://pubmed.ncbi.nlm.nih.gov/15973833,,0,
https://openalex.org/w2108383351,https://doi.org/10.1186/1475-2891-12-91,https://pubmed.ncbi.nlm.nih.gov/23815874,109-156-637-951-14X,0,
https://openalex.org/w2085691162,https://doi.org/10.1016/j.ultsonch.2007.07.003,https://pubmed.ncbi.nlm.nih.gov/17822937,035-798-264-361-260,0,
https://openalex.org/w2039636215,https://doi.org/10.3109/00016358809004781,https://pubmed.ncbi.nlm.nih.gov/2975134,116-536-648-352-394,0,
https://openalex.org/w2011020211,https://doi.org/10.1016/s0960-0760(96)00104-5,https://pubmed.ncbi.nlm.nih.gov/9010330,,0,
https://openalex.org/w111889221,,https://pubmed.ncbi.nlm.nih.gov/7576381,,0,
https://openalex.org/w2022732692,https://doi.org/10.1021/jp066899+,https://pubmed.ncbi.nlm.nih.gov/17388436,044-200-392-788-397,0,
https://openalex.org/w2100927119,https://doi.org/10.1016/s0109-5641(99)00042-1,https://pubmed.ncbi.nlm.nih.gov/10551092,,0,
https://openalex.org/w2003967953,https://doi.org/10.1016/j.chemosphere.2009.08.049,https://pubmed.ncbi.nlm.nih.gov/19772981,,0,
https://openalex.org/w1971391151,https://doi.org/10.1021/jp1093004,https://pubmed.ncbi.nlm.nih.gov/21517048,014-521-045-560-16X,0,
https://openalex.org/w2044548778,https://doi.org/10.1016/j.aca.2011.10.051,https://pubmed.ncbi.nlm.nih.gov/22152791,,0,
https://openalex.org/w2076917054,https://doi.org/10.1021/jf0205918,https://pubmed.ncbi.nlm.nih.gov/12381152,015-574-152-612-186,0,
https://openalex.org/w1998324585,https://doi.org/10.1016/0304-3940(91)90883-u,https://pubmed.ncbi.nlm.nih.gov/1881612,,0,
https://openalex.org/w2133608178,https://doi.org/10.1093/chromsci/46.7.596,https://pubmed.ncbi.nlm.nih.gov/18718134,008-378-324-689-912,0,
https://openalex.org/w2028465717,https://doi.org/10.1016/s0022-3913(99)70216-7,https://pubmed.ncbi.nlm.nih.gov/10220666,,0,
https://openalex.org/w2022200182,https://doi.org/10.1179/1465313312y.0000000034,https://pubmed.ncbi.nlm.nih.gov/23794694,062-346-072-758-468,0,
https://openalex.org/w2413486951,https://doi.org/10.7888/juoeh.27.11,https://pubmed.ncbi.nlm.nih.gov/15794588,030-544-058-211-200,0,
https://openalex.org/w2397526692,,https://pubmed.ncbi.nlm.nih.gov/16685249,,0,
https://openalex.org/w2026594516,https://doi.org/10.1016/j.tiv.2010.05.007,https://pubmed.ncbi.nlm.nih.gov/20488240,,0,
https://openalex.org/w2090898832,https://doi.org/10.1016/j.watres.2011.03.030,https://pubmed.ncbi.nlm.nih.gov/21458019,,0,
https://openalex.org/w1586570754,,https://pubmed.ncbi.nlm.nih.gov/11885427,,0,
https://openalex.org/w2044747251,https://doi.org/10.1016/j.ygcen.2007.01.004,https://pubmed.ncbi.nlm.nih.gov/17320878,,0,
https://openalex.org/w2089688780,https://doi.org/10.1016/0030-4220(81)90039-6,https://pubmed.ncbi.nlm.nih.gov/6451851,132-792-757-652-532,0,
https://openalex.org/w167446522,https://doi.org/10.1093/pch/14.1.11a,https://pubmed.ncbi.nlm.nih.gov/19436577,,0,
https://openalex.org/w1986018940,https://doi.org/10.1002/syn.20746,https://pubmed.ncbi.nlm.nih.gov/20169576,135-686-464-833-241,0,
https://openalex.org/w2100380165,https://doi.org/10.1111/j.0105-1873.2006.00806.x,https://pubmed.ncbi.nlm.nih.gov/16524435,018-564-037-143-417,0,
https://openalex.org/w2114025488,https://doi.org/10.1002/chem.201203607,https://pubmed.ncbi.nlm.nih.gov/23345255,086-722-539-198-052,0,
https://openalex.org/w105833619,,https://pubmed.ncbi.nlm.nih.gov/2151961,,0,
https://openalex.org/w2038977818,https://doi.org/10.1016/0109-5641(93)90087-7,https://pubmed.ncbi.nlm.nih.gov/8595840,,0,
https://openalex.org/w1972383202,https://doi.org/10.1016/j.reprotox.2009.03.006,https://pubmed.ncbi.nlm.nih.gov/19490990,,0,
https://openalex.org/w2061474080,https://doi.org/10.1021/la8015244,https://pubmed.ncbi.nlm.nih.gov/18774830,028-930-922-256-780,0,
https://openalex.org/w1992597509,https://doi.org/10.1016/j.fct.2012.10.033,https://pubmed.ncbi.nlm.nih.gov/23146694,,0,
https://openalex.org/w1979250713,https://doi.org/10.1002/tox.20708,https://pubmed.ncbi.nlm.nih.gov/21544920,137-639-755-759-281,0,
https://openalex.org/w2189627558,,https://pubmed.ncbi.nlm.nih.gov/10649916,,0,
https://openalex.org/w2118181024,https://doi.org/10.1016/j.jdent.2012.03.001,https://pubmed.ncbi.nlm.nih.gov/22410401,,0,
https://openalex.org/w2063480337,https://doi.org/10.2341/05-110,https://pubmed.ncbi.nlm.nih.gov/17024950,038-378-269-216-079,0,
https://openalex.org/w2123624930,https://doi.org/10.1186/1477-7827-4-49,https://pubmed.ncbi.nlm.nih.gov/17010207,003-278-005-186-605,0,
https://openalex.org/w1964841140,https://doi.org/10.1016/j.jdent.2008.10.003,https://pubmed.ncbi.nlm.nih.gov/19022552,,0,
https://openalex.org/w2027418702,https://doi.org/10.1007/bf02685937,https://pubmed.ncbi.nlm.nih.gov/17416976,,0,
https://openalex.org/w2153112599,https://doi.org/10.1016/j.mce.2009.02.022,https://pubmed.ncbi.nlm.nih.gov/19433247,079-641-667-493-816,0,
https://openalex.org/w2057778582,https://doi.org/10.1016/j.chemosphere.2008.12.039,https://pubmed.ncbi.nlm.nih.gov/19167021,,0,
https://openalex.org/w2073583776,https://doi.org/10.1021/ic9013224,https://pubmed.ncbi.nlm.nih.gov/19601606,043-080-197-265-101,0,
https://openalex.org/w1963466636,https://doi.org/10.1002/bdra.20685,https://pubmed.ncbi.nlm.nih.gov/20568270,091-423-607-154-811,0,
https://openalex.org/w2335783955,https://doi.org/10.2478/aoj-2011-0018,https://pubmed.ncbi.nlm.nih.gov/22372270,114-305-409-446-659,0,
https://openalex.org/w2042515261,https://doi.org/10.1016/j.envpol.2010.09.004,https://pubmed.ncbi.nlm.nih.gov/20875696,,0,
https://openalex.org/w2028302833,https://doi.org/10.1051/medsci/2013295019,https://pubmed.ncbi.nlm.nih.gov/23732105,026-333-053-546-920,0,
https://openalex.org/w2467940593,,https://pubmed.ncbi.nlm.nih.gov/11764834,,0,
https://openalex.org/w2168012036,https://doi.org/10.1016/j.dental.2005.11.035,https://pubmed.ncbi.nlm.nih.gov/16388846,,0,
https://openalex.org/w2153725665,https://doi.org/10.1095/biolreprod.102.009605,https://pubmed.ncbi.nlm.nih.gov/12604637,091-063-332-862-387,0,
https://openalex.org/w2032904505,https://doi.org/10.1016/0022-3913(86)90173-3,https://pubmed.ncbi.nlm.nih.gov/3514886,,0,
https://openalex.org/w1976308170,https://doi.org/10.1073/pnas.1120488109,https://pubmed.ncbi.nlm.nih.gov/22566636,058-702-252-873-15X,0,
https://openalex.org/w148620818,,https://pubmed.ncbi.nlm.nih.gov/9663075,,0,
https://openalex.org/w2127173778,https://doi.org/10.1039/b907674c,https://pubmed.ncbi.nlm.nih.gov/19652839,124-272-007-642-715,0,
https://openalex.org/w2060221755,https://doi.org/10.1111/j.1600-051x.1991.tb01134.x,https://pubmed.ncbi.nlm.nih.gov/1829463,057-305-863-141-796,0,
https://openalex.org/w1990871878,https://doi.org/10.1021/ja034594s,https://pubmed.ncbi.nlm.nih.gov/12889971,130-602-568-949-190,0,
https://openalex.org/w2403977976,,https://pubmed.ncbi.nlm.nih.gov/18578182,,0,
https://openalex.org/w2094726796,https://doi.org/10.1016/j.dental.2013.03.020,https://pubmed.ncbi.nlm.nih.gov/23608759,,0,
https://openalex.org/w2064171425,https://doi.org/10.1016/j.toxlet.2012.07.015,https://pubmed.ncbi.nlm.nih.gov/22842222,,0,
https://openalex.org/w58388049,,https://pubmed.ncbi.nlm.nih.gov/20521568,,0,
https://openalex.org/w2043780399,https://doi.org/10.1016/j.ijheh.2009.08.002,https://pubmed.ncbi.nlm.nih.gov/19729343,,0,
https://openalex.org/w1985548895,https://doi.org/10.1016/j.taap.2009.09.005,https://pubmed.ncbi.nlm.nih.gov/19769995,,0,
https://openalex.org/w2046087703,https://doi.org/10.1016/j.ajodo.2004.07.044,https://pubmed.ncbi.nlm.nih.gov/16360917,136-942-188-539-789,0,
https://openalex.org/w2046054918,https://doi.org/10.1016/j.taap.2003.09.010,https://pubmed.ncbi.nlm.nih.gov/14761676,,0,
https://openalex.org/w2104644842,https://doi.org/10.1016/0002-9416(85)90046-6,https://pubmed.ncbi.nlm.nih.gov/3156504,,0,
https://openalex.org/w2039021795,https://doi.org/10.1210/en.2012-2044,https://pubmed.ncbi.nlm.nih.gov/23493373,039-207-455-791-771,1,
https://openalex.org/w2072826430,https://doi.org/10.4012/dmj.28.102,https://pubmed.ncbi.nlm.nih.gov/19280975,016-445-217-124-032,0,
https://openalex.org/w1975812087,,https://pubmed.ncbi.nlm.nih.gov/15168554,,0,
https://openalex.org/w2159991098,https://doi.org/10.1089/thy.2010.0459,https://pubmed.ncbi.nlm.nih.gov/21875366,001-635-366-430-052,0,
https://openalex.org/w1815170515,https://doi.org/10.1111/j.1365-2591.2010.01779.x,https://pubmed.ncbi.nlm.nih.gov/20646077,016-816-657-990-508,0,
https://openalex.org/w2101857650,https://doi.org/10.1002/em.2850260109,https://pubmed.ncbi.nlm.nih.gov/7641708,020-227-951-386-386,0,
https://openalex.org/w1987907436,https://doi.org/10.1007/s00216-010-3621-z,https://pubmed.ncbi.nlm.nih.gov/20336451,,0,
https://openalex.org/w2032308113,https://doi.org/10.1016/j.reprotox.2013.01.002,https://pubmed.ncbi.nlm.nih.gov/23348055,106-294-672-248-923,0,
https://openalex.org/w2026094092,https://doi.org/10.1080/09205063.2012.699709,https://pubmed.ncbi.nlm.nih.gov/23565868,001-899-182-768-293,0,
https://openalex.org/w2068373259,https://doi.org/10.1016/j.taap.2010.11.005,https://pubmed.ncbi.nlm.nih.gov/21075131,084-154-252-817-375,0,
https://openalex.org/w2411338399,,https://pubmed.ncbi.nlm.nih.gov/22279867,,0,
https://openalex.org/w2111223241,https://doi.org/10.1016/j.dental.2010.07.009,https://pubmed.ncbi.nlm.nih.gov/20692691,,0,
https://openalex.org/w2081519024,https://doi.org/10.1007/s00204-004-0628-2,https://pubmed.ncbi.nlm.nih.gov/15902421,,0,
https://openalex.org/w2117265042,https://doi.org/10.1016/j.bios.2006.08.005,https://pubmed.ncbi.nlm.nih.gov/16971108,,0,
https://openalex.org/w2017371676,https://doi.org/10.1007/s00784-011-0549-4,https://pubmed.ncbi.nlm.nih.gov/21479565,,0,
https://openalex.org/w1992835838,https://doi.org/10.1016/0109-5641(92)90094-s,https://pubmed.ncbi.nlm.nih.gov/1291392,,0,
https://openalex.org/w62555059,,https://pubmed.ncbi.nlm.nih.gov/9611469,,0,
https://openalex.org/w1542274612,https://doi.org/10.1016/s0045-6535(99)00235-0,https://pubmed.ncbi.nlm.nih.gov/10665413,,0,
https://openalex.org/w2052611574,https://doi.org/10.1155/2013/510703,https://pubmed.ncbi.nlm.nih.gov/23710174,069-928-628-975-578,0,
https://openalex.org/w1979823631,https://doi.org/10.1021/ac010426b,https://pubmed.ncbi.nlm.nih.gov/11838671,056-121-039-376-383,0,
https://openalex.org/w2417187044,,https://pubmed.ncbi.nlm.nih.gov/6460235,,0,
https://openalex.org/w2109395035,https://doi.org/10.1677/joe-07-0198,https://pubmed.ncbi.nlm.nih.gov/18252963,030-657-078-599-952,0,
https://openalex.org/w2253503267,,https://pubmed.ncbi.nlm.nih.gov/12479269,,0,
https://openalex.org/w2078325255,https://doi.org/10.1163/092050611x576954,https://pubmed.ncbi.nlm.nih.gov/21619731,,0,
https://openalex.org/w2000950959,https://doi.org/10.1016/j.cbpc.2009.04.006,https://pubmed.ncbi.nlm.nih.gov/19393767,,0,
https://openalex.org/w2012498051,https://doi.org/10.1016/j.yrtph.2005.07.001,https://pubmed.ncbi.nlm.nih.gov/16140446,026-789-611-832-071,0,
https://openalex.org/w2062931867,https://doi.org/10.4049/jimmunol.171.2.979,https://pubmed.ncbi.nlm.nih.gov/12847270,022-563-882-580-702,0,
https://openalex.org/w1994169557,https://doi.org/10.1016/j.watres.2010.08.053,https://pubmed.ncbi.nlm.nih.gov/20851445,,0,
https://openalex.org/w2166090655,https://doi.org/10.1016/s0109-5641(01)00056-2,https://pubmed.ncbi.nlm.nih.gov/11992909,,0,
https://openalex.org/w2013717452,https://doi.org/10.1016/j.chemosphere.2007.07.059,https://pubmed.ncbi.nlm.nih.gov/17881034,,0,
https://openalex.org/w1968700347,https://doi.org/10.1016/j.watres.2009.12.035,https://pubmed.ncbi.nlm.nih.gov/20074769,,0,
https://openalex.org/w2087420503,https://doi.org/10.1038/sj.bdj.4807037,https://pubmed.ncbi.nlm.nih.gov/2532034,,0,
https://openalex.org/w2082150260,https://doi.org/10.1111/j.1708-8240.2004.tb00042.x,https://pubmed.ncbi.nlm.nih.gov/15672616,073-546-479-075-875,0,
https://openalex.org/w2091258401,https://doi.org/10.7314/apjcp.2012.13.6.2711,https://pubmed.ncbi.nlm.nih.gov/22938446,120-519-594-605-21X,0,
https://openalex.org/w141206348,https://doi.org/10.5005/jp-journals-10024-1132,https://pubmed.ncbi.nlm.nih.gov/22917991,071-119-767-966-577,0,
https://openalex.org/w2144652826,https://doi.org/10.1002/jssc.201100087,https://pubmed.ncbi.nlm.nih.gov/21506272,077-427-129-630-940,0,
https://openalex.org/w165375511,,https://pubmed.ncbi.nlm.nih.gov/9497677,,0,
https://openalex.org/w2021696080,https://doi.org/10.1093/jb/mvr122,https://pubmed.ncbi.nlm.nih.gov/21976707,056-895-390-774-53X,0,
https://openalex.org/w2030683065,https://doi.org/10.1016/j.envpol.2006.02.006,https://pubmed.ncbi.nlm.nih.gov/16603296,,0,
https://openalex.org/w13678307,,https://pubmed.ncbi.nlm.nih.gov/11989375,,0,
https://openalex.org/w1971921759,https://doi.org/10.2341/06-75,https://pubmed.ncbi.nlm.nih.gov/17555177,046-418-795-687-165,0,
https://openalex.org/w2078861858,https://doi.org/10.1016/j.lfs.2004.08.030,https://pubmed.ncbi.nlm.nih.gov/15680168,,0,
https://openalex.org/w1991908106,https://doi.org/10.1067/mod.2001.112117,https://pubmed.ncbi.nlm.nih.gov/11244428,110-862-708-158-733,0,
https://openalex.org/w2126840560,https://doi.org/10.3346/jkms.2012.27.6.644,https://pubmed.ncbi.nlm.nih.gov/22690096,028-824-898-234-880,0,
https://openalex.org/w2022340495,https://doi.org/10.1016/s0889-5406(95)70075-7,https://pubmed.ncbi.nlm.nih.gov/7625384,058-421-771-079-715,0,
https://openalex.org/w2164029904,https://doi.org/10.1098/rsif.2006.0209,https://pubmed.ncbi.nlm.nih.gov/17311783,053-497-382-408-975,0,
https://openalex.org/w2026084345,https://doi.org/10.1016/s0045-6535(01)00018-2,https://pubmed.ncbi.nlm.nih.gov/11680749,,0,
https://openalex.org/w2035404276,https://doi.org/10.1016/j.dental.2012.04.031,https://pubmed.ncbi.nlm.nih.gov/22579101,,0,
https://openalex.org/w2094338521,https://doi.org/10.1007/s00784-009-0256-6,https://pubmed.ncbi.nlm.nih.gov/19234725,,0,
https://openalex.org/w2057404845,https://doi.org/10.1016/j.jchromb.2012.07.022,https://pubmed.ncbi.nlm.nih.gov/22884473,000-761-704-568-275,0,
https://openalex.org/w2139413255,https://doi.org/10.1210/en.2007-0951,https://pubmed.ncbi.nlm.nih.gov/17884933,042-986-311-806-050,0,
https://openalex.org/w2415603548,,https://pubmed.ncbi.nlm.nih.gov/15470882,,0,
https://openalex.org/w2008529593,https://doi.org/10.17796/jcpd.25.1.16224671vn471671,https://pubmed.ncbi.nlm.nih.gov/11314356,166-689-406-425-15X,0,
https://openalex.org/w2139997958,https://doi.org/10.1111/j.1600-0722.1985.tb01984.x,https://pubmed.ncbi.nlm.nih.gov/2930897,010-431-697-727-100,0,
https://openalex.org/w2011063592,https://doi.org/10.1016/s0890-6238(00)00092-7,https://pubmed.ncbi.nlm.nih.gov/10908839,,0,
https://openalex.org/w2078277462,https://doi.org/10.1093/ortho/30.4.323,https://pubmed.ncbi.nlm.nih.gov/14634171,074-071-658-903-795,0,
https://openalex.org/w1963518163,https://doi.org/10.1067/mpr.2003.32,https://pubmed.ncbi.nlm.nih.gov/12616236,,0,
https://openalex.org/w2012307848,https://doi.org/10.1002/mas.20234,https://pubmed.ncbi.nlm.nih.gov/19367629,049-523-977-995-656,0,
https://openalex.org/w2032659059,https://doi.org/10.1065/espr2007.12.459,https://pubmed.ncbi.nlm.nih.gov/18504842,,0,
https://openalex.org/w2005237925,https://doi.org/10.1016/j.toxlet.2012.07.001,https://pubmed.ncbi.nlm.nih.gov/22796587,,0,
https://openalex.org/w2068205129,https://doi.org/10.1034/j.1600-9657.2003.00160.x,https://pubmed.ncbi.nlm.nih.gov/12656838,022-067-795-772-64X,0,
https://openalex.org/w2410241183,https://doi.org/10.3724/sp.j.1123.2011.08030,https://pubmed.ncbi.nlm.nih.gov/22667100,092-089-947-010-553,0,
https://openalex.org/w37177262,,https://pubmed.ncbi.nlm.nih.gov/8639235,,0,
https://openalex.org/w2053973597,https://doi.org/10.1177/00220345830620070501,https://pubmed.ncbi.nlm.nih.gov/6223055,019-253-449-594-562,0,
https://openalex.org/w1997804413,https://doi.org/10.1007/s00216-006-0406-5,https://pubmed.ncbi.nlm.nih.gov/16741779,,0,
https://openalex.org/w2073200122,https://doi.org/10.1007/s10661-006-0986-8,https://pubmed.ncbi.nlm.nih.gov/16897535,,0,
https://openalex.org/w1968280141,https://doi.org/10.1046/j.0909-8836.1998.eos106308.x,https://pubmed.ncbi.nlm.nih.gov/9672104,023-571-111-887-323,0,
https://openalex.org/w2011800360,https://doi.org/10.4012/dmj.28.267,https://pubmed.ncbi.nlm.nih.gov/19662724,072-904-916-151-786,0,
https://openalex.org/w2033841466,https://doi.org/10.1111/j.1600-0722.1983.tb00779.x,https://pubmed.ncbi.nlm.nih.gov/6573764,056-531-683-305-81X,0,
https://openalex.org/w2066357838,https://doi.org/10.1016/j.dental.2008.01.016,https://pubmed.ncbi.nlm.nih.gov/18374975,,0,
https://openalex.org/w2316842290,https://doi.org/10.1021/es103816y,https://pubmed.ncbi.nlm.nih.gov/21142086,,0,
https://openalex.org/w2064274009,https://doi.org/10.1021/es0105966,https://pubmed.ncbi.nlm.nih.gov/11686380,003-962-514-317-643,0,
https://openalex.org/w2097390013,https://doi.org/10.1111/j.1600-0722.1984.tb00889.x,https://pubmed.ncbi.nlm.nih.gov/6235572,029-137-041-222-372,0,
https://openalex.org/w2150909696,https://doi.org/10.1016/s0160-4120(01)00062-9,https://pubmed.ncbi.nlm.nih.gov/11686642,023-152-881-776-80X,0,
https://openalex.org/w2023488766,https://doi.org/10.1016/j.jhazmat.2007.11.075,https://pubmed.ncbi.nlm.nih.gov/18179868,,0,
https://openalex.org/w2048831574,https://doi.org/10.4012/dmj.28.730,https://pubmed.ncbi.nlm.nih.gov/20019425,009-918-872-359-958,0,
https://openalex.org/w1591843654,https://doi.org/10.1002/bdrb.21020,https://pubmed.ncbi.nlm.nih.gov/22752971,038-521-188-376-408,0,
https://openalex.org/w770127377,,https://pubmed.ncbi.nlm.nih.gov/23951766,,0,
https://openalex.org/w2031064467,https://doi.org/10.1016/s0022-3913(08)60106-7,https://pubmed.ncbi.nlm.nih.gov/18514666,,0,
https://openalex.org/w2334258289,https://doi.org/10.1179/bjo.19.1.35,https://pubmed.ncbi.nlm.nih.gov/1532907,047-259-554-533-158,0,
https://openalex.org/w1997351211,https://doi.org/10.1179/bjo.22.4.319,https://pubmed.ncbi.nlm.nih.gov/8580097,087-935-330-199-164,0,
https://openalex.org/w2059822016,https://doi.org/10.1007/s00216-010-4295-2,https://pubmed.ncbi.nlm.nih.gov/21046090,,0,
https://openalex.org/w2046602871,https://doi.org/10.1007/s00204-003-0535-y,https://pubmed.ncbi.nlm.nih.gov/14689164,,0,
https://openalex.org/w2060835191,https://doi.org/10.1021/es303109c,https://pubmed.ncbi.nlm.nih.gov/23102149,017-468-603-157-340,0,
https://openalex.org/w2018832149,https://doi.org/10.1007/s00216-011-5375-7,https://pubmed.ncbi.nlm.nih.gov/21904798,,0,
https://openalex.org/w2055538602,https://doi.org/10.1177/154405910408301104,https://pubmed.ncbi.nlm.nih.gov/15505233,031-180-596-056-924,0,
https://openalex.org/w1981993170,https://doi.org/10.1016/s0147-6513(02)00029-5,https://pubmed.ncbi.nlm.nih.gov/12550099,014-067-129-136-924,0,
https://openalex.org/w2400622128,,https://pubmed.ncbi.nlm.nih.gov/2148496,,0,
https://openalex.org/w2131314322,https://doi.org/10.1016/j.dental.2004.08.003,https://pubmed.ncbi.nlm.nih.gov/15904694,,0,
https://openalex.org/w2027080861,https://doi.org/10.1016/s0022-3913(98)70104-0,https://pubmed.ncbi.nlm.nih.gov/9710816,,0,
https://openalex.org/w1968094595,https://doi.org/10.1016/s0099-2399(98)80071-x,https://pubmed.ncbi.nlm.nih.gov/9759014,,0,
https://openalex.org/w2115891029,https://doi.org/10.2174/156800910791054220,https://pubmed.ncbi.nlm.nih.gov/20088799,066-091-618-338-240,0,
https://openalex.org/w1985836760,https://doi.org/10.2341/06-107,https://pubmed.ncbi.nlm.nih.gov/17695611,007-909-871-317-02X,0,
https://openalex.org/w2164054963,https://doi.org/10.1110/ps.062664107,https://pubmed.ncbi.nlm.nih.gov/17400923,013-650-356-973-257,0,
https://openalex.org/w2091220640,https://doi.org/10.1289/ehp.119-a524b,https://pubmed.ncbi.nlm.nih.gov/22133612,070-621-298-826-447,0,
https://openalex.org/w22649273,,https://pubmed.ncbi.nlm.nih.gov/16430015,,0,
https://openalex.org/w2092538177,https://doi.org/10.1016/s0109-5641(05)80029-6,https://pubmed.ncbi.nlm.nih.gov/1814774,,0,
https://openalex.org/w4324114550,https://doi.org/10.1177/00220345920710081101,https://pubmed.ncbi.nlm.nih.gov/1387138,040-596-813-245-138,0,
https://openalex.org/w2097895482,https://doi.org/10.2478/aoj-2010-0015,https://pubmed.ncbi.nlm.nih.gov/20575206,009-851-533-598-838,0,
https://openalex.org/w1991149225,https://doi.org/10.1289/ehp.118-a399a,https://pubmed.ncbi.nlm.nih.gov/20810351,019-389-111-751-447,0,
https://openalex.org/w2408953044,,https://pubmed.ncbi.nlm.nih.gov/14674500,,0,
https://openalex.org/w2464246704,https://doi.org/10.5005/jcdp-9-7-33,https://pubmed.ncbi.nlm.nih.gov/18997914,044-808-967-652-868,0,
https://openalex.org/w2070452780,https://doi.org/10.1016/s1001-0742(09)60135-2,https://pubmed.ncbi.nlm.nih.gov/20617723,032-893-459-762-503,0,
https://openalex.org/w2438412946,,https://pubmed.ncbi.nlm.nih.gov/11725687,,0,
https://openalex.org/w2066585697,https://doi.org/10.1289/ehp.6961,https://pubmed.ncbi.nlm.nih.gov/15289160,095-904-720-659-312,0,
https://openalex.org/w2396352856,https://doi.org/10.5005/jcdp-9-2-81,https://pubmed.ncbi.nlm.nih.gov/18264529,086-557-742-326-412,0,
https://openalex.org/w2090612886,https://doi.org/10.1016/s1382-6689(02)00011-x,https://pubmed.ncbi.nlm.nih.gov/21782620,,0,
https://openalex.org/w2059548406,https://doi.org/10.1177/154405910808700401,https://pubmed.ncbi.nlm.nih.gov/18362323,106-634-564-247-956,0,
https://openalex.org/w2408983256,,https://pubmed.ncbi.nlm.nih.gov/6229673,,0,
https://openalex.org/w2125157704,https://doi.org/10.1016/j.biortech.2012.03.067,https://pubmed.ncbi.nlm.nih.gov/22507902,,0,
https://openalex.org/w1986849945,https://doi.org/10.1007/s13105-011-0102-6,https://pubmed.ncbi.nlm.nih.gov/21656274,,0,
https://openalex.org/w2042357133,https://doi.org/10.1007/s11033-012-1716-7,https://pubmed.ncbi.nlm.nih.gov/22699882,,0,
https://openalex.org/w1996256106,https://doi.org/10.1289/ehp.1002572,https://pubmed.ncbi.nlm.nih.gov/21147601,056-094-577-064-204,0,
https://openalex.org/w1994345699,https://doi.org/10.2166/wst.2010.400,https://pubmed.ncbi.nlm.nih.gov/21076206,152-322-817-339-054,0,
https://openalex.org/w2129934674,https://doi.org/10.1016/j.ajodo.2009.05.033,https://pubmed.ncbi.nlm.nih.gov/21457835,005-951-947-211-35X,0,
https://openalex.org/w2085198532,https://doi.org/10.1371/journal.pone.0060030,https://pubmed.ncbi.nlm.nih.gov/23555872,144-316-989-294-007,0,
https://openalex.org/w2424611113,,https://pubmed.ncbi.nlm.nih.gov/15279481,,0,
https://openalex.org/w51049156,,https://pubmed.ncbi.nlm.nih.gov/18512513,,0,
https://openalex.org/w2137349533,https://doi.org/10.1364/ol.18.000152,https://pubmed.ncbi.nlm.nih.gov/19802068,004-149-009-111-569,0,
https://openalex.org/w2083463959,https://doi.org/10.1016/s0021-9673(02)01026-9,https://pubmed.ncbi.nlm.nih.gov/12350124,,0,
https://openalex.org/w2025438906,https://doi.org/10.1016/s0043-1354(03)00261-6,https://pubmed.ncbi.nlm.nih.gov/12867347,,0,
https://openalex.org/w2006726198,https://doi.org/10.1016/j.aca.2007.11.024,https://pubmed.ncbi.nlm.nih.gov/18155407,,0,
https://openalex.org/w2070131786,https://doi.org/10.1210/endo.142.11.8471,https://pubmed.ncbi.nlm.nih.gov/11606437,070-097-393-408-843,0,
https://openalex.org/w42277859,,https://pubmed.ncbi.nlm.nih.gov/14674498,,0,
https://openalex.org/w2427905217,,https://pubmed.ncbi.nlm.nih.gov/6242056,,0,
https://openalex.org/w275992273,https://doi.org/10.2174/1389200023337153,https://pubmed.ncbi.nlm.nih.gov/12369897,070-154-939-905-189,0,
https://openalex.org/w1998135681,https://doi.org/10.1089/pho.2009.2598,https://pubmed.ncbi.nlm.nih.gov/20950189,007-543-740-835-042,0,
https://openalex.org/w2020434630,https://doi.org/10.1016/j.neulet.2007.01.088,https://pubmed.ncbi.nlm.nih.gov/17467901,,0,
https://openalex.org/w2410912882,,https://pubmed.ncbi.nlm.nih.gov/14703490,,0,
https://openalex.org/w1967211742,https://doi.org/10.1210/er.2008-0021,https://pubmed.ncbi.nlm.nih.gov/19074586,028-683-028-106-213,0,
https://openalex.org/w2076869177,https://doi.org/10.1590/s1678-77572010000600010,https://pubmed.ncbi.nlm.nih.gov/21308290,099-792-833-591-424,0,
https://openalex.org/w2422591561,,https://pubmed.ncbi.nlm.nih.gov/1818474,,0,
https://openalex.org/w2155125807,https://doi.org/10.1093/ejo/20.2.201,https://pubmed.ncbi.nlm.nih.gov/9633174,065-688-088-392-295,0,
https://openalex.org/w2003632030,https://doi.org/10.1016/0002-9416(86)90032-1,https://pubmed.ncbi.nlm.nih.gov/2937306,,0,
https://openalex.org/w2010119806,https://doi.org/10.2166/wst.2010.254,https://pubmed.ncbi.nlm.nih.gov/20489243,007-547-357-134-41X,0,
https://openalex.org/w2028677655,https://doi.org/10.1007/s10856-012-4594-6,https://pubmed.ncbi.nlm.nih.gov/22407000,115-749-929-175-083,0,
https://openalex.org/w1969043991,https://doi.org/10.1021/es030576z,https://pubmed.ncbi.nlm.nih.gov/15116845,049-956-890-487-927,0,
https://openalex.org/w1999325939,https://doi.org/10.1016/j.jdent.2008.04.014,https://pubmed.ncbi.nlm.nih.gov/18550254,,0,
https://openalex.org/w2039593539,https://doi.org/10.1016/j.dental.2005.02.002,https://pubmed.ncbi.nlm.nih.gov/15990163,,0,
https://openalex.org/w119500198,https://doi.org/10.2166/wst.2005.0660,https://pubmed.ncbi.nlm.nih.gov/16004000,017-580-225-282-506,0,
https://openalex.org/w2418823217,,https://pubmed.ncbi.nlm.nih.gov/16430007,,0,
https://openalex.org/w1997892832,https://doi.org/10.1080/00016350310008210,https://pubmed.ncbi.nlm.nih.gov/15124783,092-901-688-360-587,0,
https://openalex.org/w73403350,,https://pubmed.ncbi.nlm.nih.gov/8183730,,0,
https://openalex.org/w10074726,,https://pubmed.ncbi.nlm.nih.gov/19281111,,0,
https://openalex.org/w2055712114,https://doi.org/10.1016/s0109-5641(85)80059-2,https://pubmed.ncbi.nlm.nih.gov/3160626,,0,
https://openalex.org/w1999414155,https://doi.org/10.1371/journal.pone.0031901,https://pubmed.ncbi.nlm.nih.gov/22389676,065-872-889-648-334,0,
https://openalex.org/w2062164996,https://doi.org/10.1038/sj.bdj.4808758,https://pubmed.ncbi.nlm.nih.gov/7766455,,0,
https://openalex.org/w2409360180,,https://pubmed.ncbi.nlm.nih.gov/2082424,,0,
https://openalex.org/w1595909085,https://doi.org/10.1046/j.1471-4159.2003.02131.x,https://pubmed.ncbi.nlm.nih.gov/14713305,061-012-499-105-275,0,
https://openalex.org/w2439772378,https://doi.org/10.1097/scs.0b013e31815c93fe,https://pubmed.ncbi.nlm.nih.gov/18216670,063-696-494-078-979,0,
https://openalex.org/w2070003478,https://doi.org/10.1111/j.1600-0722.1986.tb01380.x,https://pubmed.ncbi.nlm.nih.gov/2939545,000-947-830-167-865,0,
https://openalex.org/w2415189091,,https://pubmed.ncbi.nlm.nih.gov/18792698,,0,
https://openalex.org/w1999933379,https://doi.org/10.1016/j.chemosphere.2007.07.070,https://pubmed.ncbi.nlm.nih.gov/17850844,,0,
https://openalex.org/w2094794890,https://doi.org/10.1103/physrevlett.89.285701,https://pubmed.ncbi.nlm.nih.gov/12513161,078-617-675-270-093,0,
https://openalex.org/w2004704094,https://doi.org/10.1021/ac015516v,https://pubmed.ncbi.nlm.nih.gov/11721929,077-850-864-228-139,0,
https://openalex.org/w4292195351,,https://pubmed.ncbi.nlm.nih.gov/19244778,,0,
https://openalex.org/w2063500063,https://doi.org/10.1016/j.taap.2010.05.017,https://pubmed.ncbi.nlm.nih.gov/20621667,018-059-622-303-939,0,
https://openalex.org/w2089994861,https://doi.org/10.1034/j.1600-0536.2002.470507.x,https://pubmed.ncbi.nlm.nih.gov/12534534,032-275-988-616-271,0,
https://openalex.org/w2401956147,,https://pubmed.ncbi.nlm.nih.gov/16779971,,0,
https://openalex.org/w2059013457,https://doi.org/10.1007/s00784-010-0508-5,https://pubmed.ncbi.nlm.nih.gov/21243381,,0,
https://openalex.org/w1993807884,https://doi.org/10.1177/1933719112462630,https://pubmed.ncbi.nlm.nih.gov/23184660,059-536-512-316-057,0,
https://openalex.org/w84708214,,https://pubmed.ncbi.nlm.nih.gov/22165461,,0,
https://openalex.org/w2114926342,https://doi.org/10.1289/ehp.00108931,https://pubmed.ncbi.nlm.nih.gov/11049811,010-542-419-984-600,0,
https://openalex.org/w1977326650,https://doi.org/10.1016/s0269-7491(02)00483-9,https://pubmed.ncbi.nlm.nih.gov/12758029,,0,
https://openalex.org/w2095538215,https://doi.org/10.1016/j.tox.2008.10.022,https://pubmed.ncbi.nlm.nih.gov/19041362,,0,
https://openalex.org/w2465514476,,https://pubmed.ncbi.nlm.nih.gov/1831944,,0,
https://openalex.org/w2133467419,https://doi.org/10.1016/j.jdent.2007.09.001,https://pubmed.ncbi.nlm.nih.gov/17961903,,0,
https://openalex.org/w157164889,,https://pubmed.ncbi.nlm.nih.gov/7880462,,0,
https://openalex.org/w1977950236,https://doi.org/10.1016/j.lfs.2005.03.025,https://pubmed.ncbi.nlm.nih.gov/15961118,,0,
https://openalex.org/w2019260942,https://doi.org/10.1080/02652030110104843,https://pubmed.ncbi.nlm.nih.gov/11962717,067-321-917-016-10X,0,
https://openalex.org/w2045022805,https://doi.org/10.14219/jada.archive.2006.0145,https://pubmed.ncbi.nlm.nih.gov/16521386,026-491-686-865-36X,0,
https://openalex.org/w2038055146,https://doi.org/10.1097/ede.0b013e31827849b4,https://pubmed.ncbi.nlm.nih.gov/23232617,,0,
https://openalex.org/w2120501636,https://doi.org/10.1111/j.1365-2591.2008.01459.x,https://pubmed.ncbi.nlm.nih.gov/19133086,075-939-651-922-520,0,
https://openalex.org/w2059780003,https://doi.org/10.1007/bf02977018,https://pubmed.ncbi.nlm.nih.gov/12510852,,0,
https://openalex.org/w2021239294,https://doi.org/10.1016/s0021-9673(01)83848-6,https://pubmed.ncbi.nlm.nih.gov/3403650,034-504-297-922-703,0,
https://openalex.org/w290902510,,https://pubmed.ncbi.nlm.nih.gov/17655074,,0,
https://openalex.org/w2000765298,https://doi.org/10.1016/s1096-4959(01)00319-0,https://pubmed.ncbi.nlm.nih.gov/11399458,,0,
https://openalex.org/w2010809133,https://doi.org/10.1371/journal.pone.0064143,https://pubmed.ncbi.nlm.nih.gov/23675523,010-282-362-226-666,0,
https://openalex.org/w2064133247,https://doi.org/10.1046/j.1365-2842.1999.00451.x,https://pubmed.ncbi.nlm.nih.gov/10564432,153-118-637-320-944,0,
https://openalex.org/w2003961529,https://doi.org/10.1016/j.ejpb.2008.06.012,https://pubmed.ncbi.nlm.nih.gov/18620051,,0,
https://openalex.org/w1562181994,https://doi.org/10.1111/j.1834-7819.2012.01682.x,https://pubmed.ncbi.nlm.nih.gov/22624752,030-613-597-136-840,0,
https://openalex.org/w2069315274,https://doi.org/10.1016/j.chroma.2010.04.003,https://pubmed.ncbi.nlm.nih.gov/20435316,,0,
https://openalex.org/w2058490585,https://doi.org/10.1016/s0109-5641(05)80027-2,https://pubmed.ncbi.nlm.nih.gov/1839985,,0,
https://openalex.org/w2061207194,https://doi.org/10.1016/s0099-2399(06)81168-4,https://pubmed.ncbi.nlm.nih.gov/10530258,,0,
https://openalex.org/w2049685235,https://doi.org/10.1093/jb/mvn075,https://pubmed.ncbi.nlm.nih.gov/18515855,001-583-028-066-380,0,
https://openalex.org/w2024345203,https://doi.org/10.1016/j.tox.2012.03.007,https://pubmed.ncbi.nlm.nih.gov/22484357,,0,
https://openalex.org/w1998306929,https://doi.org/10.1016/0022-3913(86)90030-2,https://pubmed.ncbi.nlm.nih.gov/2940362,,0,
https://openalex.org/w1990840016,,,,0,
https://openalex.org/w2406452089,,https://pubmed.ncbi.nlm.nih.gov/6318169,,0,
https://openalex.org/w1979403173,https://doi.org/10.1111/j.1365-2842.1994.tb01167.x,https://pubmed.ncbi.nlm.nih.gov/7996337,019-583-360-486-217,0,
https://openalex.org/w2063617104,https://doi.org/10.1016/j.bios.2013.01.011,https://pubmed.ncbi.nlm.nih.gov/23395727,,0,
https://openalex.org/w2404679973,,https://pubmed.ncbi.nlm.nih.gov/9206349,,0,
https://openalex.org/w2121319979,https://doi.org/10.1080/19440049.2010.513015,https://pubmed.ncbi.nlm.nih.gov/21623504,034-273-416-831-80X,0,
https://openalex.org/w2417014284,,https://pubmed.ncbi.nlm.nih.gov/12877429,,0,
https://openalex.org/w2059240480,https://doi.org/10.1016/j.dental.2009.03.016,https://pubmed.ncbi.nlm.nih.gov/19580996,,0,
https://openalex.org/w2097104839,https://doi.org/10.2341/10-163-l,https://pubmed.ncbi.nlm.nih.gov/21834710,015-517-169-521-116,0,
https://openalex.org/w1997045929,https://doi.org/10.1111/j.1365-2842.1989.tb01344.x,https://pubmed.ncbi.nlm.nih.gov/2526209,068-400-972-420-30X,0,
https://openalex.org/w2177483469,https://doi.org/10.1043/0003-3219(2003)073<0064:eosepo>2.0.co;2,https://pubmed.ncbi.nlm.nih.gov/12607857,,0,
https://openalex.org/w2084225591,https://doi.org/10.1016/j.chemosphere.2011.12.057,https://pubmed.ncbi.nlm.nih.gov/22245059,,0,
https://openalex.org/w2001512810,https://doi.org/10.1016/j.chemosphere.2012.12.045,https://pubmed.ncbi.nlm.nih.gov/23399302,,0,
https://openalex.org/w2415612016,,https://pubmed.ncbi.nlm.nih.gov/22468308,,0,
https://openalex.org/w112015312,,https://pubmed.ncbi.nlm.nih.gov/11447960,,0,
https://openalex.org/w2019868204,https://doi.org/10.1289/ehp.1104689,https://pubmed.ncbi.nlm.nih.gov/22494775,014-675-620-296-193,0,
https://openalex.org/w2003402940,https://doi.org/10.1016/s0003-4975(10)64146-x,https://pubmed.ncbi.nlm.nih.gov/849052,,0,
https://openalex.org/w2071235992,https://doi.org/10.1016/j.toxlet.2012.05.020,https://pubmed.ncbi.nlm.nih.gov/22659100,,0,
https://openalex.org/w2062811457,https://doi.org/10.1016/j.jdent.2010.10.013,https://pubmed.ncbi.nlm.nih.gov/21035517,,0,
https://openalex.org/w2071413746,https://doi.org/10.1021/ja038798k,https://pubmed.ncbi.nlm.nih.gov/14719919,130-549-704-996-400,0,
https://openalex.org/w2054342422,https://doi.org/10.1016/s0889-5406(88)80003-9,https://pubmed.ncbi.nlm.nih.gov/2964197,002-065-026-105-661,0,
https://openalex.org/w2025731235,https://doi.org/10.2341/05-51,https://pubmed.ncbi.nlm.nih.gov/16802648,057-070-409-488-702,0,
https://openalex.org/w2465330099,,https://pubmed.ncbi.nlm.nih.gov/3268856,,0,
https://openalex.org/w2056426119,https://doi.org/10.1111/j.1365-2842.2005.01460.x,https://pubmed.ncbi.nlm.nih.gov/15975134,135-963-267-517-648,0,
https://openalex.org/w106056936,,https://pubmed.ncbi.nlm.nih.gov/10477987,,0,
https://openalex.org/w2000391647,https://doi.org/10.1080/09593330802099452,https://pubmed.ncbi.nlm.nih.gov/18610789,045-114-088-443-840,0,
https://openalex.org/w2089142578,https://doi.org/10.1007/s10646-003-4426-z,https://pubmed.ncbi.nlm.nih.gov/15673215,,0,
https://openalex.org/w2417956476,,https://pubmed.ncbi.nlm.nih.gov/12073726,,0,
https://openalex.org/w1974035570,https://doi.org/10.1016/s0109-5641(97)80110-8,https://pubmed.ncbi.nlm.nih.gov/9823100,,0,
https://openalex.org/w2074373395,https://doi.org/10.1016/j.cbpc.2008.10.102,https://pubmed.ncbi.nlm.nih.gov/19000778,,0,
https://openalex.org/w1997002638,https://doi.org/10.1111/j.1600-0722.1997.tb00252.x,https://pubmed.ncbi.nlm.nih.gov/9298368,030-964-077-847-475,0,
https://openalex.org/w2159054307,https://doi.org/10.1002/bmc.161,https://pubmed.ncbi.nlm.nih.gov/12210505,088-515-581-630-41X,0,
https://openalex.org/w2028882927,https://doi.org/10.1007/s11356-009-0275-5,https://pubmed.ncbi.nlm.nih.gov/20017000,176-063-504-290-250,0,
https://openalex.org/w1980282089,https://doi.org/10.4012/dmj.16.40,https://pubmed.ncbi.nlm.nih.gov/9550000,001-236-426-383-377,0,
https://openalex.org/w2398083859,,https://pubmed.ncbi.nlm.nih.gov/2197305,,0,
https://openalex.org/w2091610169,https://doi.org/10.1016/s0142-9612(97)00123-3,https://pubmed.ncbi.nlm.nih.gov/9613813,,0,
https://openalex.org/w2112006259,https://doi.org/10.1016/j.jdent.2006.07.008,https://pubmed.ncbi.nlm.nih.gov/16979810,,0,
https://openalex.org/w1982328244,https://doi.org/10.1016/j.jdent.2005.09.006,https://pubmed.ncbi.nlm.nih.gov/16314023,,0,
https://openalex.org/w2408595149,,https://pubmed.ncbi.nlm.nih.gov/18421874,,0,
https://openalex.org/w1964107001,https://doi.org/10.1111/j.1600-0536.2012.02072.x,https://pubmed.ncbi.nlm.nih.gov/22500815,007-669-907-110-902,0,
https://openalex.org/w2014947208,https://doi.org/10.1016/j.jcis.2007.02.057,https://pubmed.ncbi.nlm.nih.gov/17382955,,0,
https://openalex.org/w2058210972,https://doi.org/10.1016/j.dental.2008.05.001,https://pubmed.ncbi.nlm.nih.gov/18579198,,0,
https://openalex.org/w2123900708,https://doi.org/10.1177/00220345930720090901,https://pubmed.ncbi.nlm.nih.gov/8360380,008-323-583-146-770,0,
https://openalex.org/w2125823486,https://doi.org/10.1371/journal.pbio.0050193,https://pubmed.ncbi.nlm.nih.gov/17594178,061-399-427-411-432,0,
https://openalex.org/w2399141645,,https://pubmed.ncbi.nlm.nih.gov/15151343,,0,
https://openalex.org/w2092901286,https://doi.org/10.1016/j.watres.2009.10.044,https://pubmed.ncbi.nlm.nih.gov/19939429,,0,
https://openalex.org/w2135596829,https://doi.org/10.1002/(sici)1097-4636(19971215)37:4<517::aid-jbm10>3.0.co;2-5,https://pubmed.ncbi.nlm.nih.gov/9407300,000-663-410-606-900,0,
https://openalex.org/w2009894178,https://doi.org/10.1016/s0109-5641(00)00082-8,https://pubmed.ncbi.nlm.nih.gov/11356203,,0,
https://openalex.org/w2014036383,https://doi.org/10.1111/j.1532-849x.2009.00530.x,https://pubmed.ncbi.nlm.nih.gov/19895426,009-745-263-505-355,0,
https://openalex.org/w1501900463,https://doi.org/10.1111/j.1600-0722.2011.00819.x,https://pubmed.ncbi.nlm.nih.gov/21564318,086-231-053-910-429,0,
https://openalex.org/w2069567808,https://doi.org/10.1007/s00128-009-9745-1,https://pubmed.ncbi.nlm.nih.gov/19475328,,0,
https://openalex.org/w2400024599,,https://pubmed.ncbi.nlm.nih.gov/11908379,,0,
https://openalex.org/w2039987525,https://doi.org/10.1007/s00216-007-1372-2,https://pubmed.ncbi.nlm.nih.gov/17565484,,0,
https://openalex.org/w2083354586,https://doi.org/10.2116/analsci.17.697,https://pubmed.ncbi.nlm.nih.gov/11707938,044-627-990-737-402,0,
https://openalex.org/w2418718868,,https://pubmed.ncbi.nlm.nih.gov/23360011,,0,
https://openalex.org/w2333258783,https://doi.org/10.1289/ehp.111-a632,https://pubmed.ncbi.nlm.nih.gov/12948904,,0,
https://openalex.org/w2118841906,https://doi.org/10.1289/ehp.0800026,https://pubmed.ncbi.nlm.nih.gov/19479021,028-303-858-290-614,0,
https://openalex.org/w135414256,,https://pubmed.ncbi.nlm.nih.gov/3475683,,0,
https://openalex.org/w1983853228,https://doi.org/10.2166/wst.2013.282,https://pubmed.ncbi.nlm.nih.gov/23925184,046-401-075-532-535,0,
https://openalex.org/w2406745181,,https://pubmed.ncbi.nlm.nih.gov/8935090,,0,
https://openalex.org/w1965594349,https://doi.org/10.4012/dmj.23.361,https://pubmed.ncbi.nlm.nih.gov/15510866,041-221-810-253-533,0,
https://openalex.org/w2118748715,https://doi.org/10.1111/j.1532-849x.2008.00403.x,https://pubmed.ncbi.nlm.nih.gov/19141052,025-698-368-752-433,0,
https://openalex.org/w1973400203,https://doi.org/10.1002/tox.20594,https://pubmed.ncbi.nlm.nih.gov/20549624,042-637-211-241-544,0,
https://openalex.org/w2411849646,,https://pubmed.ncbi.nlm.nih.gov/22167928,,0,
https://openalex.org/w2422856847,,https://pubmed.ncbi.nlm.nih.gov/2534729,,0,
https://openalex.org/w1984198459,https://doi.org/10.1089/jmf.2004.7.267,https://pubmed.ncbi.nlm.nih.gov/15383218,124-149-964-470-552,0,
https://openalex.org/w2018689424,https://doi.org/10.1021/jo0356964,https://pubmed.ncbi.nlm.nih.gov/15230595,039-251-462-289-411,0,
https://openalex.org/w2038600800,https://doi.org/10.1016/0022-3913(92)90285-i,https://pubmed.ncbi.nlm.nih.gov/1403920,,0,
https://openalex.org/w2139653078,,https://pubmed.ncbi.nlm.nih.gov/23550333,,0,
https://openalex.org/w2148722053,https://doi.org/10.1016/j.envres.2008.07.023,https://pubmed.ncbi.nlm.nih.gov/18949834,,0,
https://openalex.org/w2075571767,https://doi.org/10.1016/j.aca.2011.07.007,https://pubmed.ncbi.nlm.nih.gov/21843673,,0,
https://openalex.org/w1973352143,https://doi.org/10.2527/jas.53904,https://pubmed.ncbi.nlm.nih.gov/23365399,023-697-479-784-81X,0,
https://openalex.org/w2441225630,,https://pubmed.ncbi.nlm.nih.gov/10477983,,0,
https://openalex.org/w31997960,https://doi.org/,https://pubmed.ncbi.nlm.nih.gov/75630,,0,
https://openalex.org/w2419366018,,https://pubmed.ncbi.nlm.nih.gov/24120001,,0,
https://openalex.org/w2155299544,https://doi.org/10.1016/j.taap.2008.06.014,https://pubmed.ncbi.nlm.nih.gov/18647617,,0,
https://openalex.org/w2060701728,https://doi.org/10.1016/j.dental.2004.11.008,https://pubmed.ncbi.nlm.nih.gov/15878618,,0,
https://openalex.org/w2049818378,https://doi.org/10.1016/j.bbrc.2004.04.125,https://pubmed.ncbi.nlm.nih.gov/15147973,,0,
https://openalex.org/w2053366201,https://doi.org/10.1177/154405910808701208,https://pubmed.ncbi.nlm.nih.gov/19029079,060-254-810-846-742,0,
https://openalex.org/w2133444122,https://doi.org/10.1590/s0103-64402011000600004,https://pubmed.ncbi.nlm.nih.gov/22189640,040-915-137-700-830,0,
https://openalex.org/w116141535,https://doi.org/10.2166/wst.2002.0052,https://pubmed.ncbi.nlm.nih.gov/12227603,034-735-240-101-507,0,
https://openalex.org/w2413392296,,https://pubmed.ncbi.nlm.nih.gov/11011939,,0,
https://openalex.org/w1993331762,https://doi.org/10.14310/horm.2002.1271,https://pubmed.ncbi.nlm.nih.gov/20688618,014-676-408-358-208,0,
https://openalex.org/w2117727526,https://doi.org/10.1093/toxsci/kfm285,https://pubmed.ncbi.nlm.nih.gov/18032409,086-060-639-142-646,0,
https://openalex.org/w2136663563,https://doi.org/10.1016/j.reprotox.2008.01.001,https://pubmed.ncbi.nlm.nih.gov/18295446,045-903-662-900-762,0,
https://openalex.org/w2013653839,https://doi.org/10.1080/09205063.2012.690283,https://pubmed.ncbi.nlm.nih.gov/23565684,006-438-678-267-492,0,
https://openalex.org/w2413427902,,https://pubmed.ncbi.nlm.nih.gov/1834640,,0,
https://openalex.org/w2065637405,https://doi.org/10.1111/j.1600-0722.1993.tb01649.x,https://pubmed.ncbi.nlm.nih.gov/8441900,010-587-515-360-442,0,
https://openalex.org/w2025206201,https://doi.org/10.2341/07-61,https://pubmed.ncbi.nlm.nih.gov/18666495,000-341-519-713-812,0,
https://openalex.org/w2443359962,,https://pubmed.ncbi.nlm.nih.gov/11203672,,0,
https://openalex.org/w2032832284,https://doi.org/10.1021/jf049762u,https://pubmed.ncbi.nlm.nih.gov/15264938,050-970-101-981-735,0,
https://openalex.org/w1983548077,https://doi.org/10.1016/j.mrgentox.2009.07.011,https://pubmed.ncbi.nlm.nih.gov/19660573,,0,
https://openalex.org/w2413745660,,https://pubmed.ncbi.nlm.nih.gov/9590905,,0,
https://openalex.org/w2025094207,https://doi.org/10.1080/02652030701509998,https://pubmed.ncbi.nlm.nih.gov/18311628,028-543-676-419-651,0,
https://openalex.org/w2018965567,https://doi.org/10.1111/j.1365-2842.1982.tb01044.x,https://pubmed.ncbi.nlm.nih.gov/6217306,035-713-138-127-478,0,
https://openalex.org/w2169729866,https://doi.org/10.1016/s0109-5641(02)00090-8,https://pubmed.ncbi.nlm.nih.gov/12837392,,0,
https://openalex.org/w2166188519,https://doi.org/10.1067/mod.2001.109888,https://pubmed.ncbi.nlm.nih.gov/11174540,004-260-504-890-462,0,
https://openalex.org/w2409116178,,https://pubmed.ncbi.nlm.nih.gov/11764114,,0,
https://openalex.org/w2086608423,https://doi.org/10.1016/j.reprotox.2012.03.009,https://pubmed.ncbi.nlm.nih.gov/22516041,,0,
https://openalex.org/w2091520173,https://doi.org/10.1016/s0378-4347(01)00287-0,https://pubmed.ncbi.nlm.nih.gov/11589452,,0,
https://openalex.org/w2074710780,https://doi.org/10.1016/j.envpol.2012.10.015,https://pubmed.ncbi.nlm.nih.gov/23207495,,0,
https://openalex.org/w2090681503,https://doi.org/10.3358/shokueishi.45.231,https://pubmed.ncbi.nlm.nih.gov/15678936,061-596-583-396-652,0,
https://openalex.org/w2164946160,https://doi.org/10.1002/tox.20255,https://pubmed.ncbi.nlm.nih.gov/17366571,003-922-303-975-260,0,
https://openalex.org/w28806428,https://doi.org/10.1016/j.chroma.2005.03.014,https://pubmed.ncbi.nlm.nih.gov/16130724,,0,
https://openalex.org/w2004141580,https://doi.org/10.1007/s11356-008-0007-2,https://pubmed.ncbi.nlm.nih.gov/18506497,,0,
https://openalex.org/w2148915955,https://doi.org/10.1046/j.1365-2591.2001.00383.x,https://pubmed.ncbi.nlm.nih.gov/11482140,102-455-219-183-024,0,
https://openalex.org/w2060155373,https://doi.org/10.1016/j.envpol.2011.03.016,https://pubmed.ncbi.nlm.nih.gov/21477905,,0,
https://openalex.org/w2005981366,https://doi.org/10.1007/s00216-012-5969-8,https://pubmed.ncbi.nlm.nih.gov/22526648,,0,
https://openalex.org/w2093608793,https://doi.org/10.1016/s0109-5641(03)00069-1,https://pubmed.ncbi.nlm.nih.gov/14698775,,0,
https://openalex.org/w2008429408,https://doi.org/10.1016/s0027-5107(99)00190-6,https://pubmed.ncbi.nlm.nih.gov/10656490,,0,
https://openalex.org/w1964468014,https://doi.org/10.1016/0300-5712(90)90027-c,https://pubmed.ncbi.nlm.nih.gov/2150073,,0,
https://openalex.org/w1994976609,https://doi.org/10.1289/ehp.96104298,https://pubmed.ncbi.nlm.nih.gov/8919768,086-683-473-124-261,0,
https://openalex.org/w2070285460,https://doi.org/10.1023/a:1018590229166,https://pubmed.ncbi.nlm.nih.gov/15348840,015-031-082-067-125,0,
https://openalex.org/w2129364532,https://doi.org/10.1016/j.dental.2011.02.007,https://pubmed.ncbi.nlm.nih.gov/21388670,,0,
https://openalex.org/w1974295574,https://doi.org/10.1007/s10552-009-9337-8,https://pubmed.ncbi.nlm.nih.gov/19370395,016-448-242-937-274,0,
https://openalex.org/w2403521513,,https://pubmed.ncbi.nlm.nih.gov/20437723,,0,
https://openalex.org/w2134096965,https://doi.org/10.1046/j.1365-2842.2002.00893.x,https://pubmed.ncbi.nlm.nih.gov/12028485,034-270-245-433-845,0,
https://openalex.org/w2088313401,https://doi.org/10.1046/j.1365-2842.2002.00878.x,https://pubmed.ncbi.nlm.nih.gov/12220343,078-767-629-886-253,0,
https://openalex.org/w2094748036,https://doi.org/10.1016/0267-6605(93)90066-g,https://pubmed.ncbi.nlm.nih.gov/10148560,,0,
https://openalex.org/w2017704066,https://doi.org/10.1016/s0045-6535(00)00570-1,https://pubmed.ncbi.nlm.nih.gov/11592413,,0,
https://openalex.org/w2048594790,https://doi.org/10.1016/j.jbiosc.2012.08.025,https://pubmed.ncbi.nlm.nih.gov/23040992,,0,
https://openalex.org/w2071868775,https://doi.org/10.1093/toxsci/66.2.356,https://pubmed.ncbi.nlm.nih.gov/11896303,,0,
https://openalex.org/w2467827253,,https://pubmed.ncbi.nlm.nih.gov/16335047,,0,
https://openalex.org/w2417985707,,https://pubmed.ncbi.nlm.nih.gov/9028240,,0,
https://openalex.org/w2141134434,https://doi.org/10.1016/j.beem.2009.06.003,https://pubmed.ncbi.nlm.nih.gov/19942155,,0,
https://openalex.org/w2046146949,https://doi.org/10.1002/jbm.b.30897,https://pubmed.ncbi.nlm.nih.gov/17635039,020-765-700-144-25X,0,
https://openalex.org/w2161272728,https://doi.org/10.1016/j.dental.2009.03.011,https://pubmed.ncbi.nlm.nih.gov/19395077,,0,
https://openalex.org/w2063651144,https://doi.org/10.1111/j.1369-1600.2007.00048.x,https://pubmed.ncbi.nlm.nih.gov/17508988,055-602-150-729-096,0,
https://openalex.org/w2087599642,https://doi.org/10.1016/j.scitotenv.2010.07.092,https://pubmed.ncbi.nlm.nih.gov/21130487,,0,
https://openalex.org/w2391664189,,https://pubmed.ncbi.nlm.nih.gov/16323634,,0,
https://openalex.org/w2312921105,https://doi.org/10.5005/jp-journals-10024-1200,https://pubmed.ncbi.nlm.nih.gov/23250166,034-617-915-753-363,0,
https://openalex.org/w2141812339,https://doi.org/10.1095/biolreprod.109.078261,https://pubmed.ncbi.nlm.nih.gov/19535786,056-755-208-168-791,0,
https://openalex.org/w2041805476,https://doi.org/10.4012/dmj.27.455,https://pubmed.ncbi.nlm.nih.gov/18717176,013-245-889-494-153,0,
https://openalex.org/w2118224293,https://doi.org/10.14219/jada.archive.2011.0274,https://pubmed.ncbi.nlm.nih.gov/21719808,029-634-308-921-146,0,
https://openalex.org/w2048030108,https://doi.org/10.1006/cbir.2001.0838,https://pubmed.ncbi.nlm.nih.gov/11991651,043-504-282-707-505,0,
https://openalex.org/w2002057469,https://doi.org/10.4012/dmj.19.389,https://pubmed.ncbi.nlm.nih.gov/11816369,007-460-154-644-696,0,
https://openalex.org/w2037686376,https://doi.org/10.1002/tox.20305,https://pubmed.ncbi.nlm.nih.gov/18214934,020-072-443-329-98X,0,
https://openalex.org/w1976646574,https://doi.org/10.3390/ijerph7072845,https://pubmed.ncbi.nlm.nih.gov/20717544,115-457-489-852-946,0,
https://openalex.org/w2040626295,https://doi.org/10.1021/ac001247h,https://pubmed.ncbi.nlm.nih.gov/11354475,042-630-706-308-315,0,
https://openalex.org/w2054210329,https://doi.org/10.1016/0142-9612(96)89660-8,https://pubmed.ncbi.nlm.nih.gov/8938238,,0,
https://openalex.org/w2414928211,,https://pubmed.ncbi.nlm.nih.gov/6460167,,0,
https://openalex.org/w2044372879,https://doi.org/10.1262/jrd.18171,https://pubmed.ncbi.nlm.nih.gov/17384489,004-272-439-886-317,0,
https://openalex.org/w2332668408,https://doi.org/10.1111/j.1525-1594.2012.01556.x,https://pubmed.ncbi.nlm.nih.gov/23145999,050-880-713-452-536,0,
https://openalex.org/w2050255204,https://doi.org/10.1021/la9004505,https://pubmed.ncbi.nlm.nih.gov/19435296,046-150-575-610-41X,0,
https://openalex.org/w2067314116,https://doi.org/10.1016/j.chemosphere.2006.06.073,https://pubmed.ncbi.nlm.nih.gov/16904728,,0,
https://openalex.org/w2069012523,https://doi.org/10.1016/s1383-5718(00)00109-1,https://pubmed.ncbi.nlm.nih.gov/11027977,,0,
https://openalex.org/w2070197382,https://doi.org/10.1016/j.dental.2011.02.013,https://pubmed.ncbi.nlm.nih.gov/21444108,,0,
https://openalex.org/w1976247562,https://doi.org/10.1016/s0378-4347(00)00322-4,https://pubmed.ncbi.nlm.nih.gov/11076083,,0,
https://openalex.org/w2036136192,https://doi.org/10.1016/j.toxlet.2006.08.012,https://pubmed.ncbi.nlm.nih.gov/17049190,,0,
https://openalex.org/w1977234582,https://doi.org/10.1016/j.ecoenv.2012.08.010,https://pubmed.ncbi.nlm.nih.gov/22906715,013-613-744-300-633,0,
https://openalex.org/w2143195435,https://doi.org/10.4012/dmj.2011-247,https://pubmed.ncbi.nlm.nih.gov/23037835,007-762-841-957-583,0,
https://openalex.org/w4237495925,https://doi.org/10.1289/ehp.105-1470296,https://pubmed.ncbi.nlm.nih.gov/9114321,,0,
https://openalex.org/w1974367330,https://doi.org/10.1016/s0142-9612(00)00067-3,https://pubmed.ncbi.nlm.nih.gov/10919693,,0,
https://openalex.org/w1980883418,https://doi.org/10.1159/000065948,https://pubmed.ncbi.nlm.nih.gov/12411739,048-077-920-237-455,0,
https://openalex.org/w2045792802,https://doi.org/10.1063/1.1630013,https://pubmed.ncbi.nlm.nih.gov/15267305,026-896-875-469-716,0,
https://openalex.org/w1518034927,https://doi.org/10.1348/135910710x509630,https://pubmed.ncbi.nlm.nih.gov/21489061,132-798-812-312-635,0,
https://openalex.org/w2429015778,,https://pubmed.ncbi.nlm.nih.gov/6445135,,0,
https://openalex.org/w2017237442,https://doi.org/10.1034/j.1600-0773.2000.d01-20.x,https://pubmed.ncbi.nlm.nih.gov/10752667,042-796-346-315-932,0,
https://openalex.org/w2138143061,https://doi.org/10.1034/j.1600-0722.2002.11201.x,https://pubmed.ncbi.nlm.nih.gov/12013561,012-698-736-057-337,0,
https://openalex.org/w2092944594,https://doi.org/10.1016/s0142-9612(01)00298-8,https://pubmed.ncbi.nlm.nih.gov/11922474,,0,
https://openalex.org/w2172202540,https://doi.org/10.14219/jada.archive.2010.0133,https://pubmed.ncbi.nlm.nih.gov/20123873,101-795-504-251-676,0,
https://openalex.org/w2003692617,https://doi.org/10.2341/06-132,https://pubmed.ncbi.nlm.nih.gov/17910223,052-419-086-796-096,0,
https://openalex.org/w2140860642,https://doi.org/10.1179/107735209799449725,https://pubmed.ncbi.nlm.nih.gov/19267127,002-635-827-832-051,0,
https://openalex.org/w1978591814,https://doi.org/10.1262/jrd.49.337,https://pubmed.ncbi.nlm.nih.gov/14967909,003-363-079-237-125,0,
https://openalex.org/w2087402517,https://doi.org/10.1016/s0142-9612(97)80008-7,https://pubmed.ncbi.nlm.nih.gov/9430339,,0,
https://openalex.org/w108625416,,https://pubmed.ncbi.nlm.nih.gov/17873986,,0,
https://openalex.org/w2414692121,,https://pubmed.ncbi.nlm.nih.gov/12271936,,0,
https://openalex.org/w2401438589,,https://pubmed.ncbi.nlm.nih.gov/1830292,,0,
https://openalex.org/w2132907760,https://doi.org/10.1016/j.dental.2005.02.011,https://pubmed.ncbi.nlm.nih.gov/16002133,,0,
https://openalex.org/w2150216445,https://doi.org/10.1016/j.jdent.2004.09.003,https://pubmed.ncbi.nlm.nih.gov/15683896,,0,
https://openalex.org/w1967581381,https://doi.org/10.1007/s00244-003-0205-3,https://pubmed.ncbi.nlm.nih.gov/15696346,,0,
https://openalex.org/w2114326201,https://doi.org/10.1016/s0022-3913(13)60341-8,https://pubmed.ncbi.nlm.nih.gov/23849614,,0,
https://openalex.org/w2143928322,https://doi.org/10.1016/s0048-9697(01)01146-9,https://pubmed.ncbi.nlm.nih.gov/12109482,,0,
https://openalex.org/w2469097587,,https://pubmed.ncbi.nlm.nih.gov/3333838,,0,
https://openalex.org/w2036811274,https://doi.org/10.1111/j.1365-263x.2005.00605.x,https://pubmed.ncbi.nlm.nih.gov/15663444,063-795-573-498-801,0,
https://openalex.org/w1540839441,https://doi.org/10.1023/a:1015556015299,https://pubmed.ncbi.nlm.nih.gov/12064359,,0,
https://openalex.org/w2016126268,https://doi.org/10.1111/j.1600-9657.1998.tb00823.x,https://pubmed.ncbi.nlm.nih.gov/9863420,021-379-003-317-283,0,
https://openalex.org/w2315368656,https://doi.org/10.1021/am2001899,https://pubmed.ncbi.nlm.nih.gov/21504140,031-879-429-884-924,0,
https://openalex.org/w2015351168,https://doi.org/10.1016/j.chemosphere.2005.01.058,https://pubmed.ncbi.nlm.nih.gov/16018900,,0,
https://openalex.org/w1988143739,https://doi.org/10.1002/mnfr.200600289,https://pubmed.ncbi.nlm.nih.gov/17579895,037-828-121-223-44X,0,
https://openalex.org/w2070584219,https://doi.org/10.1210/en.2011-1308,https://pubmed.ncbi.nlm.nih.gov/22109888,023-052-655-324-460,0,
https://openalex.org/w1995664283,https://doi.org/10.1111/j.1708-8240.2000.tb00195.x,https://pubmed.ncbi.nlm.nih.gov/14743528,116-030-082-285-98X,0,
https://openalex.org/w2030505888,https://doi.org/10.1016/j.chroma.2012.11.003,https://pubmed.ncbi.nlm.nih.gov/23265991,,0,
https://openalex.org/w2142250784,https://doi.org/10.1186/bcr3432,https://pubmed.ncbi.nlm.nih.gov/23710608,054-390-483-392-278,0,
https://openalex.org/w2078896774,https://doi.org/10.1016/j.jcis.2012.04.022,https://pubmed.ncbi.nlm.nih.gov/22560491,,0,
https://openalex.org/w2037863555,https://doi.org/10.1016/j.aquatox.2006.02.016,https://pubmed.ncbi.nlm.nih.gov/16600397,,0,
https://openalex.org/w2395950039,,https://pubmed.ncbi.nlm.nih.gov/9484119,,0,
https://openalex.org/w2002256061,https://doi.org/10.1007/s10856-006-8469-6,https://pubmed.ncbi.nlm.nih.gov/16688582,050-284-737-504-192,0,
https://openalex.org/w2046699068,https://doi.org/10.2166/wst.2006.620,https://pubmed.ncbi.nlm.nih.gov/17120652,031-804-233-391-830,0,
https://openalex.org/w2029633378,https://doi.org/10.1016/j.jpeds.2012.11.083,https://pubmed.ncbi.nlm.nih.gov/23312693,067-169-803-064-345,0,
https://openalex.org/w2048432175,https://doi.org/10.1016/j.tiv.2012.03.017,https://pubmed.ncbi.nlm.nih.gov/22515966,,0,
https://openalex.org/w2023771300,https://doi.org/10.1007/s001289900741,https://pubmed.ncbi.nlm.nih.gov/9702368,,0,
https://openalex.org/w2012442459,https://doi.org/10.1111/j.1708-8240.2005.tb00098.x,https://pubmed.ncbi.nlm.nih.gov/16036128,004-711-306-487-71X,0,
https://openalex.org/w2094088441,https://doi.org/10.1507/endocrj.49.465,https://pubmed.ncbi.nlm.nih.gov/12402979,001-742-950-370-865,0,
https://openalex.org/w2029603115,https://doi.org/10.4012/dmj.26.722,https://pubmed.ncbi.nlm.nih.gov/18203474,041-955-790-636-942,0,
https://openalex.org/w1966610551,https://doi.org/10.1111/j.1600-0536.1984.tb00148.x,https://pubmed.ncbi.nlm.nih.gov/6234144,129-942-692-104-510,0,
https://openalex.org/w1969830480,https://doi.org/10.14219/jada.archive.2006.0111,https://pubmed.ncbi.nlm.nih.gov/17138710,003-559-059-303-548,0,
https://openalex.org/w2080848045,https://doi.org/10.1016/j.scitotenv.2006.12.051,https://pubmed.ncbi.nlm.nih.gov/17307231,,0,
https://openalex.org/w1986060338,https://doi.org/10.1016/s0109-5641(00)00023-3,https://pubmed.ncbi.nlm.nih.gov/10831787,,0,
https://openalex.org/w2045753556,https://doi.org/10.1016/j.mce.2005.01.013,https://pubmed.ncbi.nlm.nih.gov/16221524,,0,
https://openalex.org/w1969785163,https://doi.org/10.1016/s0166-445x(03)00060-2,https://pubmed.ncbi.nlm.nih.gov/12842596,,0,
https://openalex.org/w2052875374,https://doi.org/10.1016/j.chroma.2006.04.070,https://pubmed.ncbi.nlm.nih.gov/16735038,,0,
https://openalex.org/w1975804302,https://doi.org/10.1016/j.tox.2006.07.004,https://pubmed.ncbi.nlm.nih.gov/16914249,,0,
https://openalex.org/w2397872610,,https://pubmed.ncbi.nlm.nih.gov/18578174,,0,
https://openalex.org/w2043539273,https://doi.org/10.1016/j.watres.2009.11.049,https://pubmed.ncbi.nlm.nih.gov/20056513,,0,
https://openalex.org/w2037278965,https://doi.org/10.1016/j.lfs.2009.10.004,https://pubmed.ncbi.nlm.nih.gov/19837096,,1,
https://openalex.org/w2163394932,https://doi.org/10.2341/11-057-l,https://pubmed.ncbi.nlm.nih.gov/22830537,154-239-766-395-149,0,
https://openalex.org/w1982922228,https://doi.org/10.1016/0022-3913(91)90232-l,https://pubmed.ncbi.nlm.nih.gov/1829112,,0,
https://openalex.org/w2043470511,https://doi.org/10.1016/s0889-5406(05)80327-0,https://pubmed.ncbi.nlm.nih.gov/1532685,021-956-468-610-284,0,
https://openalex.org/w2413835330,https://doi.org/10.2478/aoj-2006-0007,https://pubmed.ncbi.nlm.nih.gov/16792246,101-170-406-273-046,0,
https://openalex.org/w2096827433,https://doi.org/10.1016/j.dental.2005.11.039,https://pubmed.ncbi.nlm.nih.gov/16426672,,0,
https://openalex.org/w2044881245,https://doi.org/10.4012/dmj.20.53,https://pubmed.ncbi.nlm.nih.gov/11441488,117-346-468-891-680,0,
https://openalex.org/w2399626795,,https://pubmed.ncbi.nlm.nih.gov/11699746,,0,
https://openalex.org/w2460789593,,https://pubmed.ncbi.nlm.nih.gov/10483443,,0,
https://openalex.org/w2059785458,https://doi.org/10.1016/s0142-9612(03)00332-6,https://pubmed.ncbi.nlm.nih.gov/12853261,,0,
https://openalex.org/w2084534233,https://doi.org/10.1016/j.chemosphere.2011.11.057,https://pubmed.ncbi.nlm.nih.gov/22196087,,0,
https://openalex.org/w2090471711,https://doi.org/10.1016/j.chemosphere.2003.11.063,https://pubmed.ncbi.nlm.nih.gov/15041297,,0,
https://openalex.org/w2313617404,https://doi.org/10.1021/es300115a,https://pubmed.ncbi.nlm.nih.gov/22489688,109-891-162-318-48X,0,
https://openalex.org/w2326128022,https://doi.org/10.1021/jp112149q,https://pubmed.ncbi.nlm.nih.gov/21859127,067-778-968-888-426,0,
https://openalex.org/w1972860010,https://doi.org/10.1016/j.molimm.2012.09.013,https://pubmed.ncbi.nlm.nih.gov/23123408,,0,
https://openalex.org/w2460433993,,https://pubmed.ncbi.nlm.nih.gov/1835107,,0,
https://openalex.org/w2261829654,,https://pubmed.ncbi.nlm.nih.gov/10850247,,0,
https://openalex.org/w2127353027,https://doi.org/10.1093/ejo/21.1.89,https://pubmed.ncbi.nlm.nih.gov/10191582,003-427-673-302-794,0,
https://openalex.org/w2156163304,https://doi.org/10.1016/j.dental.2009.12.006,https://pubmed.ncbi.nlm.nih.gov/20056270,,0,
https://openalex.org/w70580477,,https://pubmed.ncbi.nlm.nih.gov/19455848,,0,
https://openalex.org/w2043610622,https://doi.org/10.1016/j.ajodo.2007.01.025,https://pubmed.ncbi.nlm.nih.gov/18407026,055-108-482-071-549,0,
https://openalex.org/w1975348509,https://doi.org/10.1016/j.dental.2006.10.007,https://pubmed.ncbi.nlm.nih.gov/17178149,,0,
https://openalex.org/w2002193523,https://doi.org/10.1016/j.aquatox.2009.09.015,https://pubmed.ncbi.nlm.nih.gov/19850364,,0,
https://openalex.org/w2024523790,https://doi.org/10.1016/s0300-5712(01)00014-8,https://pubmed.ncbi.nlm.nih.gov/11525227,,0,
https://openalex.org/w2003821948,https://doi.org/10.1021/es071788p,https://pubmed.ncbi.nlm.nih.gov/18441821,030-883-177-372-142,0,
https://openalex.org/w2119958393,https://doi.org/10.5005/jp-journals-10024-1076,https://pubmed.ncbi.nlm.nih.gov/22269237,047-678-663-931-75X,0,
https://openalex.org/w2060341275,https://doi.org/10.1016/j.actbio.2010.07.024,https://pubmed.ncbi.nlm.nih.gov/20656078,,0,
https://openalex.org/w2007586461,https://doi.org/10.1210/en.2009-1218,https://pubmed.ncbi.nlm.nih.gov/20351315,093-970-446-873-844,1,
https://openalex.org/w2013498844,https://doi.org/10.1371/journal.pone.0055905,https://pubmed.ncbi.nlm.nih.gov/23405234,075-379-807-418-302,0,
https://openalex.org/w2010181429,https://doi.org/10.1007/s005860100288,https://pubmed.ncbi.nlm.nih.gov/11716012,111-357-568-243-563,0,
https://openalex.org/w1605784186,https://doi.org/10.1111/j.1600-0722.2011.00849.x,https://pubmed.ncbi.nlm.nih.gov/21896057,123-340-460-046-570,0,
https://openalex.org/w1970029063,https://doi.org/10.1177/00220345910700071201,https://pubmed.ncbi.nlm.nih.gov/1829738,110-617-860-677-539,0,
https://openalex.org/w2085566456,https://doi.org/10.4012/dmj.2011-273,https://pubmed.ncbi.nlm.nih.gov/23037838,152-439-728-490-288,0,
https://openalex.org/w2419583630,,https://pubmed.ncbi.nlm.nih.gov/18834003,,0,
https://openalex.org/w2069031197,https://doi.org/10.1111/j.1752-4571.2012.00283.x,https://pubmed.ncbi.nlm.nih.gov/23346234,107-063-579-528-638,0,
https://openalex.org/w2989758293,https://doi.org/10.3724/sp.j.1123.2011.00399,https://pubmed.ncbi.nlm.nih.gov/21847972,005-498-832-955-188,0,
https://openalex.org/w2408762718,,https://pubmed.ncbi.nlm.nih.gov/2150170,,0,
https://openalex.org/w2408294580,,https://pubmed.ncbi.nlm.nih.gov/11725677,,0,
https://openalex.org/w2396431398,,https://pubmed.ncbi.nlm.nih.gov/7546480,,0,
https://openalex.org/w1981264454,https://doi.org/10.1016/j.tox.2009.09.012,https://pubmed.ncbi.nlm.nih.gov/19782717,,0,
https://openalex.org/w2093172984,https://doi.org/10.1080/10934520902719704,https://pubmed.ncbi.nlm.nih.gov/19241257,092-211-441-467-595,0,
https://openalex.org/w2093952869,https://doi.org/10.1093/ejo/cjq193,https://pubmed.ncbi.nlm.nih.gov/21262931,031-108-238-023-317,0,
https://openalex.org/w1990803309,https://doi.org/10.1067/mpr.2003.8,https://pubmed.ncbi.nlm.nih.gov/12589294,,0,
https://openalex.org/w2051885870,https://doi.org/10.1080/026520300420475,https://pubmed.ncbi.nlm.nih.gov/11103274,078-061-759-098-090,0,
https://openalex.org/w2429072289,,https://pubmed.ncbi.nlm.nih.gov/12572642,,0,
https://openalex.org/w2397456424,,https://pubmed.ncbi.nlm.nih.gov/12797571,,0,
https://openalex.org/w2025249825,https://doi.org/10.1111/j.1365-2842.1990.tb00007.x,https://pubmed.ncbi.nlm.nih.gov/2189972,071-782-104-663-779,0,
https://openalex.org/w2086690440,https://doi.org/10.2116/analsci.19.1663,https://pubmed.ncbi.nlm.nih.gov/14696933,033-093-540-125-967,0,
https://openalex.org/w2043187712,https://doi.org/10.1016/j.jdent.2010.10.004,https://pubmed.ncbi.nlm.nih.gov/20955754,,0,
https://openalex.org/w2395868289,,https://pubmed.ncbi.nlm.nih.gov/9728146,,0,
https://openalex.org/w118637334,,https://pubmed.ncbi.nlm.nih.gov/16764137,,0,
https://openalex.org/w2149709383,https://doi.org/10.1046/j.0909-8836.1998.eos106110.x,https://pubmed.ncbi.nlm.nih.gov/9527361,018-053-199-162-050,0,
https://openalex.org/w2084529942,https://doi.org/10.1159/000018424,https://pubmed.ncbi.nlm.nih.gov/10971055,039-341-512-825-147,0,
https://openalex.org/w2164409431,https://doi.org/10.2341/11-422-l,https://pubmed.ncbi.nlm.nih.gov/22663196,016-975-469-554-483,0,
https://openalex.org/w2093789101,https://doi.org/10.1016/j.toxlet.2007.03.003,https://pubmed.ncbi.nlm.nih.gov/17428625,,0,
https://openalex.org/w2132209671,https://doi.org/10.1093/toxsci/kfi015,https://pubmed.ncbi.nlm.nih.gov/15509668,062-285-413-114-585,0,
https://openalex.org/w2336768360,,https://pubmed.ncbi.nlm.nih.gov/17624174,,0,
https://openalex.org/w2136154519,https://doi.org/10.1093/ejo/18.1.89,https://pubmed.ncbi.nlm.nih.gov/8746181,036-081-416-460-275,0,
https://openalex.org/w2005764393,https://doi.org/10.1016/j.aca.2010.11.013,https://pubmed.ncbi.nlm.nih.gov/21168548,,0,
https://openalex.org/w2011621539,https://doi.org/10.1002/etc.2042,https://pubmed.ncbi.nlm.nih.gov/23109293,106-039-834-345-77X,0,
https://openalex.org/w2110154884,https://doi.org/10.1111/j.1365-2842.2004.01276.x,https://pubmed.ncbi.nlm.nih.gov/15189317,172-689-804-934-352,0,
https://openalex.org/w2422532977,https://doi.org/10.5005/jcdp-6-4-17,https://pubmed.ncbi.nlm.nih.gov/16299603,040-525-429-065-054,0,
https://openalex.org/w1987032010,https://doi.org/10.1039/b704723a,https://pubmed.ncbi.nlm.nih.gov/17713618,011-154-153-591-288,0,
https://openalex.org/w2087798776,https://doi.org/10.1538/expanim.57.461,https://pubmed.ncbi.nlm.nih.gov/18946183,073-757-903-601-740,0,
https://openalex.org/w2050986988,https://doi.org/10.1016/j.fct.2011.09.017,https://pubmed.ncbi.nlm.nih.gov/21959526,,0,
https://openalex.org/w2132267839,https://doi.org/10.1093/nar/gkq906,https://pubmed.ncbi.nlm.nih.gov/20935044,110-919-683-197-713,0,
https://openalex.org/w2095367356,https://doi.org/10.14219/jada.archive.1982.0159,https://pubmed.ncbi.nlm.nih.gov/6949979,000-481-912-046-504,0,
https://openalex.org/w2008026121,https://doi.org/10.1007/s00402-004-0642-0,https://pubmed.ncbi.nlm.nih.gov/14767782,,0,
https://openalex.org/w2152921815,https://doi.org/10.1093/mutage/17.6.509,https://pubmed.ncbi.nlm.nih.gov/12435848,043-216-971-183-296,0,
https://openalex.org/w2170154037,https://doi.org/10.1046/j.1365-2842.2001.00734.x,https://pubmed.ncbi.nlm.nih.gov/11422699,014-360-888-177-308,0,
https://openalex.org/w2130515649,https://doi.org/10.1016/s0109-5641(02)00034-9,https://pubmed.ncbi.nlm.nih.gov/12628435,,0,
https://openalex.org/w2010005986,https://doi.org/10.1016/j.toxlet.2011.08.011,https://pubmed.ncbi.nlm.nih.gov/21884766,,0,
https://openalex.org/w2028135657,https://doi.org/10.1016/j.scitotenv.2006.11.018,https://pubmed.ncbi.nlm.nih.gov/17197011,,0,
https://openalex.org/w2123223305,https://doi.org/10.1006/jcis.2000.6929,https://pubmed.ncbi.nlm.nih.gov/10882497,,0,
https://openalex.org/w2074773878,https://doi.org/10.1016/j.chroma.2004.06.040,https://pubmed.ncbi.nlm.nih.gov/15378882,,0,
https://openalex.org/w2087161050,https://doi.org/10.1067/mpr.2001.119843,https://pubmed.ncbi.nlm.nih.gov/11725281,,0,
https://openalex.org/w2078110101,https://doi.org/10.1016/j.jhazmat.2011.10.066,https://pubmed.ncbi.nlm.nih.gov/22100222,,0,
https://openalex.org/w2408686247,,https://pubmed.ncbi.nlm.nih.gov/6220238,,0,
https://openalex.org/w2019518936,https://doi.org/10.1016/j.chemosphere.2007.09.031,https://pubmed.ncbi.nlm.nih.gov/18028983,,0,
https://openalex.org/w2136162278,https://doi.org/10.1371/journal.pone.0045767,https://pubmed.ncbi.nlm.nih.gov/23056216,042-235-833-704-951,0,
https://openalex.org/w2151954818,https://doi.org/10.1093/toxsci/kfi198,https://pubmed.ncbi.nlm.nih.gov/15901920,048-606-451-336-071,0,
https://openalex.org/w1968500149,https://doi.org/10.1159/000261573,https://pubmed.ncbi.nlm.nih.gov/8242680,078-627-744-443-250,0,
https://openalex.org/w2169070123,https://doi.org/10.1002/bdrb.21062,https://pubmed.ncbi.nlm.nih.gov/23696197,008-347-526-350-78X,0,
https://openalex.org/w2094321464,https://doi.org/10.1016/0022-3913(92)90374-j,https://pubmed.ncbi.nlm.nih.gov/1403937,,0,
https://openalex.org/w2098971483,https://doi.org/10.1271/bbb.66.1479,https://pubmed.ncbi.nlm.nih.gov/12224631,015-233-157-616-631,0,
https://openalex.org/w177910283,https://doi.org/10.1043/0003-3219(1997)067<0183:obtatt>2.3.co;2,https://pubmed.ncbi.nlm.nih.gov/9188962,,0,
https://openalex.org/w2092671830,https://doi.org/10.1289/ehp.0901257,https://pubmed.ncbi.nlm.nih.gov/20413367,008-524-577-316-359,1,
https://openalex.org/w1988196214,https://doi.org/10.1016/j.reprotox.2009.06.012,https://pubmed.ncbi.nlm.nih.gov/19577632,,0,
https://openalex.org/w2137368138,https://doi.org/10.1016/j.jdent.2009.09.011,https://pubmed.ncbi.nlm.nih.gov/19822183,,0,
https://openalex.org/w2115614531,https://doi.org/10.1002/jbm.10364,https://pubmed.ncbi.nlm.nih.gov/12209931,009-779-339-931-250,0,
https://openalex.org/w2027176103,https://doi.org/10.1038/sj.bjp.0706348,https://pubmed.ncbi.nlm.nih.gov/16100529,054-495-357-504-209,0,
https://openalex.org/w2166088212,https://doi.org/10.1093/toxsci/56.2.251,https://pubmed.ncbi.nlm.nih.gov/10910979,016-776-204-488-79X,0,
https://openalex.org/w2008029633,https://doi.org/10.1016/j.yrtph.2009.05.019,https://pubmed.ncbi.nlm.nih.gov/19500631,025-625-357-103-676,0,
https://openalex.org/w2016531649,https://doi.org/10.1016/j.chemosphere.2006.06.067,https://pubmed.ncbi.nlm.nih.gov/16884762,,0,
https://openalex.org/w2078514615,https://doi.org/10.1371/journal.pone.0032754,https://pubmed.ncbi.nlm.nih.gov/22403704,048-214-189-944-027,0,
https://openalex.org/w2474033494,,https://pubmed.ncbi.nlm.nih.gov/11764835,,0,
https://openalex.org/w1998875035,https://doi.org/10.4012/dmj.20.24,https://pubmed.ncbi.nlm.nih.gov/11441486,026-480-127-599-989,0,
https://openalex.org/w2011794554,https://doi.org/10.1016/0022-3913(90)90120-2,https://pubmed.ncbi.nlm.nih.gov/2090808,,0,
https://openalex.org/w2044560658,https://doi.org/10.1016/j.chemosphere.2012.11.059,https://pubmed.ncbi.nlm.nih.gov/23276460,,0,
https://openalex.org/w2010433304,https://doi.org/10.1016/s0889-5406(05)80322-1,https://pubmed.ncbi.nlm.nih.gov/1532684,015-621-671-669-618,0,
https://openalex.org/w2109879710,https://doi.org/10.1093/humrep/17.11.2839,https://pubmed.ncbi.nlm.nih.gov/12407035,147-055-519-257-056,0,
https://openalex.org/w2286925552,,https://pubmed.ncbi.nlm.nih.gov/11507795,,0,
https://openalex.org/w2033935175,https://doi.org/10.1016/s0022-3913(05)80347-6,https://pubmed.ncbi.nlm.nih.gov/8809251,,0,
https://openalex.org/w2129469543,https://doi.org/10.1093/jb/mvp049,https://pubmed.ncbi.nlm.nih.gov/19304792,107-646-790-230-380,0,
https://openalex.org/w2049834865,https://doi.org/10.3390/ijms11104114,https://pubmed.ncbi.nlm.nih.gov/21152324,003-185-636-307-167,0,
https://openalex.org/w2034803353,https://doi.org/10.1016/j.jcis.2011.07.028,https://pubmed.ncbi.nlm.nih.gov/21889154,,0,
https://openalex.org/w2284585723,,https://pubmed.ncbi.nlm.nih.gov/22313922,,0,
https://openalex.org/w2041015819,https://doi.org/10.1016/j.envres.2005.09.001,https://pubmed.ncbi.nlm.nih.gov/16256977,,0,
https://openalex.org/w2100728894,https://doi.org/10.3109/00016359709115410,https://pubmed.ncbi.nlm.nih.gov/9226426,083-914-806-860-352,0,
https://openalex.org/w2438733269,,https://pubmed.ncbi.nlm.nih.gov/2937628,,0,
https://openalex.org/w2009540888,https://doi.org/10.1289/ehp.117-a406b,https://pubmed.ncbi.nlm.nih.gov/19750090,010-351-094-060-941,0,
https://openalex.org/w2017673408,https://doi.org/10.1016/j.chemosphere.2012.09.075,https://pubmed.ncbi.nlm.nih.gov/23089389,,0,
https://openalex.org/w1989007590,https://doi.org/10.1016/j.saa.2010.08.057,https://pubmed.ncbi.nlm.nih.gov/20864387,,0,
https://openalex.org/w2142932318,https://doi.org/10.1007/s002440010158,https://pubmed.ncbi.nlm.nih.gov/11243316,,0,
https://openalex.org/w2148803336,https://doi.org/10.1289/ehp.10605,https://pubmed.ncbi.nlm.nih.gov/18288314,011-828-142-426-509,0,
https://openalex.org/w2003114423,https://doi.org/10.1371/journal.pone.0033814,https://pubmed.ncbi.nlm.nih.gov/22470480,039-717-528-428-35X,0,
https://openalex.org/w1989747728,https://doi.org/10.1289/ehp.108-1638061,https://pubmed.ncbi.nlm.nih.gov/10811566,012-623-830-077-899,0,
https://openalex.org/w2060753485,https://doi.org/10.1159/000054672,https://pubmed.ncbi.nlm.nih.gov/11474214,002-033-203-211-080,0,
https://openalex.org/w2161393867,https://doi.org/10.1093/humupd/dmq061,https://pubmed.ncbi.nlm.nih.gov/21266373,016-992-393-118-267,0,
https://openalex.org/w2013269032,https://doi.org/10.1038/sj.bdj.4811083,https://pubmed.ncbi.nlm.nih.gov/15044992,,0,
https://openalex.org/w2405592704,,https://pubmed.ncbi.nlm.nih.gov/15304953,,0,
https://openalex.org/w2435726815,,https://pubmed.ncbi.nlm.nih.gov/6196713,,0,
https://openalex.org/w2410821725,,https://pubmed.ncbi.nlm.nih.gov/15765959,,0,
https://openalex.org/w2022800379,https://doi.org/10.1177/00220345820610050701,https://pubmed.ncbi.nlm.nih.gov/6211473,044-790-319-608-647,0,
https://openalex.org/w2005091252,https://doi.org/10.1080/00016350600856208,https://pubmed.ncbi.nlm.nih.gov/17123915,045-903-727-553-520,0,
https://openalex.org/w1974949909,https://doi.org/10.1016/j.jdent.2013.01.011,https://pubmed.ncbi.nlm.nih.gov/23438419,,0,
https://openalex.org/w1965602585,https://doi.org/10.2133/dmpk.17.221,https://pubmed.ncbi.nlm.nih.gov/15618673,054-885-788-264-087,0,
https://openalex.org/w1963870681,https://doi.org/10.1016/j.chroma.2012.08.070,https://pubmed.ncbi.nlm.nih.gov/23022238,,0,
https://openalex.org/w2041002646,https://doi.org/10.1371/journal.pgen.0030005,https://pubmed.ncbi.nlm.nih.gov/17222059,058-559-205-236-343,0,
https://openalex.org/w1996264407,https://doi.org/10.1016/j.fct.2011.03.032,https://pubmed.ncbi.nlm.nih.gov/21440025,,0,
https://openalex.org/w1978632117,https://doi.org/10.1016/s0197-0186(00)00072-3,https://pubmed.ncbi.nlm.nih.gov/11137887,,0,
https://openalex.org/w1984569506,https://doi.org/10.1016/j.tox.2005.10.001,https://pubmed.ncbi.nlm.nih.gov/16288945,,0,
https://openalex.org/w2127195980,https://doi.org/10.1177/154405910808700115,https://pubmed.ncbi.nlm.nih.gov/18096900,058-218-152-504-539,0,
https://openalex.org/w2080677955,https://doi.org/10.1016/j.watres.2010.06.022,https://pubmed.ncbi.nlm.nih.gov/20599244,,0,
https://openalex.org/w2054055441,https://doi.org/10.1016/j.mce.2010.04.010,https://pubmed.ncbi.nlm.nih.gov/20399831,,0,
https://openalex.org/w2047209381,https://doi.org/10.1016/j.dental.2007.11.004,https://pubmed.ncbi.nlm.nih.gov/18155290,,0,
https://openalex.org/w116482975,,https://pubmed.ncbi.nlm.nih.gov/20236909,,0,
https://openalex.org/w1965529902,https://doi.org/10.1016/s0022-3913(97)70058-1,https://pubmed.ncbi.nlm.nih.gov/9399185,,0,
https://openalex.org/w2412095060,,https://pubmed.ncbi.nlm.nih.gov/19281110,,0,
https://openalex.org/w145034409,https://doi.org/10.1007/978-1-4614-6199-9_21,https://pubmed.ncbi.nlm.nih.gov/23550019,024-815-364-951-949,0,
https://openalex.org/w2135153643,https://doi.org/10.1177/1091581812463254,https://pubmed.ncbi.nlm.nih.gov/23160314,063-954-003-124-07X,0,
https://openalex.org/w2017642957,https://doi.org/10.1016/s1567-5394(02)00133-0,https://pubmed.ncbi.nlm.nih.gov/12401577,,0,
https://openalex.org/w2026279618,https://doi.org/10.2319/072707-350.1,https://pubmed.ncbi.nlm.nih.gov/18298203,034-737-715-215-452,0,
https://openalex.org/w2026218883,https://doi.org/10.1067/mpr.2002.124205,https://pubmed.ncbi.nlm.nih.gov/12131885,,0,
https://openalex.org/w1965945868,https://doi.org/10.1177/00220345920710010101,https://pubmed.ncbi.nlm.nih.gov/1531485,001-942-560-695-601,0,
https://openalex.org/w2072995786,https://doi.org/10.1016/j.jchromb.2005.02.005,https://pubmed.ncbi.nlm.nih.gov/15797533,,0,
https://openalex.org/w1992470947,https://doi.org/10.1046/j.1365-2842.2002.00821.x,https://pubmed.ncbi.nlm.nih.gov/11896842,048-436-175-140-240,0,
https://openalex.org/w2109095833,https://doi.org/10.1096/fj.09-140533,https://pubmed.ncbi.nlm.nih.gov/20181937,066-115-804-857-128,0,
https://openalex.org/w2030050308,https://doi.org/10.1016/j.dental.2011.02.010,https://pubmed.ncbi.nlm.nih.gov/21453961,,0,
https://openalex.org/w2029989802,https://doi.org/10.1016/j.dental.2011.10.004,https://pubmed.ncbi.nlm.nih.gov/22035983,013-584-983-428-714,0,
https://openalex.org/w2078970606,https://doi.org/10.1016/s0022-3913(84)80098-0,https://pubmed.ncbi.nlm.nih.gov/6230440,,0,
https://openalex.org/w2138146338,https://doi.org/10.1093/ejo/22.3.327,https://pubmed.ncbi.nlm.nih.gov/10920565,054-989-359-239-699,0,
https://openalex.org/w2076329366,https://doi.org/10.1016/j.chroma.2012.02.006,https://pubmed.ncbi.nlm.nih.gov/22364666,,0,
https://openalex.org/w2015796050,https://doi.org/10.1177/0022034510376040,https://pubmed.ncbi.nlm.nih.gov/20739697,035-997-564-815-895,0,
https://openalex.org/w2018033354,https://doi.org/10.1007/s002040050518,https://pubmed.ncbi.nlm.nih.gov/9708877,,0,
https://openalex.org/w2247222384,,https://pubmed.ncbi.nlm.nih.gov/11317409,,0,
https://openalex.org/w2161984013,https://doi.org/10.1177/0022034512458691,https://pubmed.ncbi.nlm.nih.gov/22972857,020-062-168-166-303,0,
https://openalex.org/w1563347308,https://doi.org/10.1111/j.1742-4658.2007.06152.x,https://pubmed.ncbi.nlm.nih.gov/18005256,090-752-194-063-428,0,
https://openalex.org/w2062089181,https://doi.org/10.1016/0300-5712(91)90081-9,https://pubmed.ncbi.nlm.nih.gov/1839631,,0,
https://openalex.org/w2171697182,https://doi.org/10.1016/j.dental.2006.03.020,https://pubmed.ncbi.nlm.nih.gov/16797689,,0,
https://openalex.org/w2405787789,https://doi.org/10.1093/jaoac/94.1.273,https://pubmed.ncbi.nlm.nih.gov/21391504,105-871-501-062-981,0,
https://openalex.org/w69750887,,https://pubmed.ncbi.nlm.nih.gov/23595239,,0,
https://openalex.org/w2323819663,https://doi.org/10.1021/ac301110d,https://pubmed.ncbi.nlm.nih.gov/23113670,038-247-542-195-724,0,
https://openalex.org/w2138484830,https://doi.org/10.1210/en.2003-1174,https://pubmed.ncbi.nlm.nih.gov/14605012,050-664-324-126-298,1,
https://openalex.org/w2075478764,https://doi.org/10.1016/s0304-3940(02)01110-2,https://pubmed.ncbi.nlm.nih.gov/12453631,,0,
https://openalex.org/w2074440424,https://doi.org/10.1074/jbc.m510357200,https://pubmed.ncbi.nlm.nih.gov/16527820,013-153-507-146-965,0,
https://openalex.org/w2411670914,,https://pubmed.ncbi.nlm.nih.gov/162482,,0,
https://openalex.org/w2401373687,,https://pubmed.ncbi.nlm.nih.gov/19146131,,0,
https://openalex.org/w2146636622,https://doi.org/10.1016/j.dental.2005.10.009,https://pubmed.ncbi.nlm.nih.gov/16376422,,0,
https://openalex.org/w2004077396,https://doi.org/10.1593/neo.04217,https://pubmed.ncbi.nlm.nih.gov/15548368,102-612-987-496-433,0,
https://openalex.org/w2169271086,https://doi.org/10.1016/s0109-5641(00)00055-5,https://pubmed.ncbi.nlm.nih.gov/11124412,,0,
https://openalex.org/w1980368019,https://doi.org/10.1016/s0045-6535(99)00362-8,https://pubmed.ncbi.nlm.nih.gov/10739055,,0,
https://openalex.org/w2032158256,https://doi.org/10.1590/s0103-64402008000200012,https://pubmed.ncbi.nlm.nih.gov/18568231,015-918-915-990-588,0,
https://openalex.org/w2024890715,https://doi.org/10.1016/j.dental.2009.08.004,https://pubmed.ncbi.nlm.nih.gov/19781757,021-566-744-802-829,0,
https://openalex.org/w2039740221,https://doi.org/10.1016/j.bmcl.2013.05.067,https://pubmed.ncbi.nlm.nih.gov/23768907,,0,
https://openalex.org/w2089541854,https://doi.org/10.1046/j.1365-2842.1998.00253.x,https://pubmed.ncbi.nlm.nih.gov/9687119,005-089-569-535-452,0,
https://openalex.org/w2011802745,https://doi.org/10.1016/0141-5425(83)90075-4,https://pubmed.ncbi.nlm.nih.gov/6219253,,0,
https://openalex.org/w1965169912,https://doi.org/10.1016/j.taap.2007.12.008,https://pubmed.ncbi.nlm.nih.gov/18207480,,0,
https://openalex.org/w2086526418,https://doi.org/10.1016/j.tripleo.2011.02.023,https://pubmed.ncbi.nlm.nih.gov/21546285,048-923-133-262-045,0,
https://openalex.org/w2346293453,,https://pubmed.ncbi.nlm.nih.gov/9835800,,0,
https://openalex.org/w2051826099,https://doi.org/10.1007/s00244-003-0243-x,https://pubmed.ncbi.nlm.nih.gov/15883673,,0,
https://openalex.org/w2419376578,https://doi.org/10.5005/jcdp-5-4-32,https://pubmed.ncbi.nlm.nih.gov/15558088,111-597-848-543-424,0,
https://openalex.org/w2109561093,https://doi.org/10.1289/ehp.01109399,https://pubmed.ncbi.nlm.nih.gov/11335189,013-069-490-890-867,0,
https://openalex.org/w2330576712,https://doi.org/10.1021/jf301401k,https://pubmed.ncbi.nlm.nih.gov/22646661,073-759-149-747-543,0,
https://openalex.org/w2418313699,,https://pubmed.ncbi.nlm.nih.gov/2144116,,0,
https://openalex.org/w1990272354,https://doi.org/10.1111/j.1440-0960.2005.00149.x,https://pubmed.ncbi.nlm.nih.gov/15842401,149-718-798-116-906,0,
https://openalex.org/w2417938346,,https://pubmed.ncbi.nlm.nih.gov/11570682,,0,
https://openalex.org/w2058570703,https://doi.org/10.1111/j.1600-0528.2006.00248.x,https://pubmed.ncbi.nlm.nih.gov/16423029,033-651-064-529-314,0,
https://openalex.org/w1900357623,https://doi.org/10.1016/s0022-3565(24)29516-1,https://pubmed.ncbi.nlm.nih.gov/11259533,,0,
https://openalex.org/w2416446063,,https://pubmed.ncbi.nlm.nih.gov/6210607,,0,
https://openalex.org/w102453427,,https://pubmed.ncbi.nlm.nih.gov/17625622,,0,
https://openalex.org/w2991165190,https://doi.org/10.1007/bf02166732,https://pubmed.ncbi.nlm.nih.gov/1757022,,0,
https://openalex.org/w2037728383,https://doi.org/10.1289/ehp.7534,https://pubmed.ncbi.nlm.nih.gov/15811827,072-899-303-734-58X,0,
https://openalex.org/w2141634370,https://doi.org/10.1093/toxsci/50.1.36,https://pubmed.ncbi.nlm.nih.gov/10445751,101-712-418-573-672,0,
https://openalex.org/w2090601295,https://doi.org/10.1016/j.tox.2006.06.009,https://pubmed.ncbi.nlm.nih.gov/16860916,,0,
https://openalex.org/w2057714923,https://doi.org/10.1016/j.talanta.2005.12.003,https://pubmed.ncbi.nlm.nih.gov/18970671,,0,
https://openalex.org/w2028712444,https://doi.org/10.1016/j.jchromb.2010.03.012,https://pubmed.ncbi.nlm.nih.gov/20356807,,0,
https://openalex.org/w2463354442,,https://pubmed.ncbi.nlm.nih.gov/22164683,,0,
https://openalex.org/w2089575577,https://doi.org/10.1016/j.dental.2011.04.008,https://pubmed.ncbi.nlm.nih.gov/21592549,,0,
https://openalex.org/w2018910489,https://doi.org/10.1210/jc.2011-1989,https://pubmed.ncbi.nlm.nih.gov/22090277,039-917-427-843-622,0,
https://openalex.org/w2056246934,https://doi.org/10.14219/jada.archive.2006.0052,https://pubmed.ncbi.nlm.nih.gov/17012719,040-555-600-290-225,0,
https://openalex.org/w1983797303,https://doi.org/10.1093/ejo/cjm094,https://pubmed.ncbi.nlm.nih.gov/18276930,011-938-263-335-176,0,
https://openalex.org/w2097608894,https://doi.org/10.4012/dmj.2009-113,https://pubmed.ncbi.nlm.nih.gov/20379034,021-295-844-108-031,0,
https://openalex.org/w1993552711,https://doi.org/10.1016/j.aca.2013.03.025,https://pubmed.ncbi.nlm.nih.gov/23639396,,0,
https://openalex.org/w2005707368,https://doi.org/10.1046/j.1365-2842.1999.00359.x,https://pubmed.ncbi.nlm.nih.gov/10194732,016-647-355-424-821,0,
https://openalex.org/w2085165292,https://doi.org/10.1016/s0024-3205(02)01767-8,https://pubmed.ncbi.nlm.nih.gov/12084386,,0,
https://openalex.org/w1985289151,https://doi.org/10.1016/j.bbrc.2006.04.137,https://pubmed.ncbi.nlm.nih.gov/16707107,,0,
https://openalex.org/w2034960683,https://doi.org/10.2341/10-218l,https://pubmed.ncbi.nlm.nih.gov/21851256,165-148-577-753-192,0,
https://openalex.org/w2165765615,https://doi.org/10.1016/j.jdent.2010.10.011,https://pubmed.ncbi.nlm.nih.gov/20969915,,0,
https://openalex.org/w2428469649,,https://pubmed.ncbi.nlm.nih.gov/8240769,,0,
https://openalex.org/w2146748959,https://doi.org/10.1016/j.chroma.2013.04.028,https://pubmed.ncbi.nlm.nih.gov/23683400,,0,
https://openalex.org/w2016232030,https://doi.org/10.1007/s00216-004-3031-1,https://pubmed.ncbi.nlm.nih.gov/15770474,,0,
https://openalex.org/w2036022604,https://doi.org/10.1590/s1517-74912003000200002,https://pubmed.ncbi.nlm.nih.gov/14569350,012-465-174-725-489,0,
https://openalex.org/w49780859,,https://pubmed.ncbi.nlm.nih.gov/19107268,,0,
https://openalex.org/w2131263245,https://doi.org/10.1897/02-365,https://pubmed.ncbi.nlm.nih.gov/14551996,110-237-492-596-895,0,
https://openalex.org/w2131711267,https://doi.org/10.1016/j.chemosphere.2005.02.066,https://pubmed.ncbi.nlm.nih.gov/15878605,,0,
https://openalex.org/w2186498494,,https://pubmed.ncbi.nlm.nih.gov/23771076,,0,
https://openalex.org/w1986142586,https://doi.org/10.4012/dmj.28.722,https://pubmed.ncbi.nlm.nih.gov/20019424,011-121-384-272-718,0,
https://openalex.org/w2163134561,https://doi.org/10.1016/j.prosdent.2004.04.027,https://pubmed.ncbi.nlm.nih.gov/15295325,,0,
https://openalex.org/w2034699455,https://doi.org/10.1002/bit.22198,https://pubmed.ncbi.nlm.nih.gov/19061241,027-400-581-611-945,0,
https://openalex.org/w2401420088,,https://pubmed.ncbi.nlm.nih.gov/10635264,,0,
https://openalex.org/w1919564391,https://doi.org/10.1046/j.1365-2826.2003.00872.x,https://pubmed.ncbi.nlm.nih.gov/12535155,078-599-745-198-896,0,
https://openalex.org/w1964731068,https://doi.org/10.1590/s1678-77572011000300019,https://pubmed.ncbi.nlm.nih.gov/21625748,019-461-401-516-967,0,
https://openalex.org/w1985942833,https://doi.org/10.1017/s2040174412000153,https://pubmed.ncbi.nlm.nih.gov/25102149,032-016-715-856-062,1,
https://openalex.org/w2044881060,https://doi.org/10.1016/s0045-6535(00)00081-3,https://pubmed.ncbi.nlm.nih.gov/11100927,110-251-089-887-263,0,
https://openalex.org/w2123475304,https://doi.org/10.1152/ajpendo.00131.2007,https://pubmed.ncbi.nlm.nih.gov/18303122,128-209-283-768-027,0,
https://openalex.org/w1982615952,https://doi.org/10.1016/s0378-4274(01)00504-5,https://pubmed.ncbi.nlm.nih.gov/12052662,,0,
https://openalex.org/w2093563837,https://doi.org/10.1016/j.brainresbull.2004.11.013,https://pubmed.ncbi.nlm.nih.gov/15811588,,0,
https://openalex.org/w2410997857,,https://pubmed.ncbi.nlm.nih.gov/7880466,,0,
https://openalex.org/w2066132465,https://doi.org/10.1111/j.1749-6632.2008.03628.x,https://pubmed.ncbi.nlm.nih.gov/19456348,011-668-005-984-432,0,
https://openalex.org/w2061179538,https://doi.org/10.1002/jbm.b.32892,https://pubmed.ncbi.nlm.nih.gov/23359518,074-401-370-060-951,0,
https://openalex.org/w2358155059,,https://pubmed.ncbi.nlm.nih.gov/23947039,,0,
https://openalex.org/w2157995378,https://doi.org/10.4103/0970-9290.111242,https://pubmed.ncbi.nlm.nih.gov/23649049,103-958-981-513-022,0,
https://openalex.org/w2018141549,https://doi.org/10.1016/j.cbpc.2007.11.006,https://pubmed.ncbi.nlm.nih.gov/18248853,,0,
https://openalex.org/w2030037484,https://doi.org/10.1016/j.tox.2010.02.008,https://pubmed.ncbi.nlm.nih.gov/20170705,,0,
https://openalex.org/w1964818895,https://doi.org/10.1016/s0009-2797(01)00293-9,https://pubmed.ncbi.nlm.nih.gov/11823001,,0,
https://openalex.org/w2151797156,https://doi.org/10.1002/jssc.200800751,https://pubmed.ncbi.nlm.nih.gov/19585528,022-799-377-912-332,0,
https://openalex.org/w1996591571,https://doi.org/10.3109/00016359509005993,https://pubmed.ncbi.nlm.nih.gov/8553808,053-023-715-731-750,0,
https://openalex.org/w2038973612,https://doi.org/10.1046/j.1365-2842.2002.00896.x,https://pubmed.ncbi.nlm.nih.gov/12153455,086-255-329-388-472,0,
https://openalex.org/w2163829426,https://doi.org/10.1016/j.dental.2009.08.001,https://pubmed.ncbi.nlm.nih.gov/19747719,,0,
https://openalex.org/w1965141524,https://doi.org/10.1016/j.rbmo.2010.12.007,https://pubmed.ncbi.nlm.nih.gov/21273127,110-412-144-983-19X,0,
https://openalex.org/w2066407978,https://doi.org/10.1016/j.ntt.2012.09.006,https://pubmed.ncbi.nlm.nih.gov/23041373,,0,
https://openalex.org/w1987554735,https://doi.org/10.1248/bpb.24.1064,https://pubmed.ncbi.nlm.nih.gov/11558570,003-800-101-814-658,0,
https://openalex.org/w2142556881,https://doi.org/10.1080/09593330.2010.537829,https://pubmed.ncbi.nlm.nih.gov/21970183,099-505-685-623-134,0,
https://openalex.org/w1976182007,https://doi.org/10.1080/10937400701724303,https://pubmed.ncbi.nlm.nih.gov/18188738,105-790-665-842-269,0,
https://openalex.org/w2400365396,,https://pubmed.ncbi.nlm.nih.gov/12670068,,0,
https://openalex.org/w2409399095,,https://pubmed.ncbi.nlm.nih.gov/7568708,,0,
https://openalex.org/w2407990393,,https://pubmed.ncbi.nlm.nih.gov/2532128,,0,
https://openalex.org/w2063441892,https://doi.org/10.4103/0970-9290.104954,https://pubmed.ncbi.nlm.nih.gov/23257482,013-280-037-573-760,0,
https://openalex.org/w2038473066,https://doi.org/10.1016/j.chemosphere.2012.03.034,https://pubmed.ncbi.nlm.nih.gov/22475149,,0,
https://openalex.org/w2161377156,https://doi.org/10.1043/0003-3219(2000)070<0034:smoccw>2.0.co;2,https://pubmed.ncbi.nlm.nih.gov/10730674,,0,
https://openalex.org/w2402427852,,https://pubmed.ncbi.nlm.nih.gov/16734311,,0,
https://openalex.org/w2026386321,https://doi.org/10.1016/s0300-483x(01)00380-8,https://pubmed.ncbi.nlm.nih.gov/11376865,,0,
https://openalex.org/w2155820554,,https://pubmed.ncbi.nlm.nih.gov/18551216,,0,
https://openalex.org/w2073417234,https://doi.org/10.1016/s0960-0760(98)00027-2,https://pubmed.ncbi.nlm.nih.gov/9699867,,0,
https://openalex.org/w2056154811,https://doi.org/10.1016/j.dental.2012.04.030,https://pubmed.ncbi.nlm.nih.gov/22578662,,0,
https://openalex.org/w2167540239,https://doi.org/10.1177/00220345010800070401,https://pubmed.ncbi.nlm.nih.gov/11597020,074-324-609-098-77X,0,
https://openalex.org/w2166307493,https://doi.org/10.1016/s0889-5406(94)70049-4,https://pubmed.ncbi.nlm.nih.gov/8074094,060-298-005-904-713,0,
https://openalex.org/w1987721666,https://doi.org/10.1289/ehp.105-1469991,https://pubmed.ncbi.nlm.nih.gov/9189690,,0,
https://openalex.org/w2082379976,https://doi.org/10.1016/0142-9612(86)90098-0,https://pubmed.ncbi.nlm.nih.gov/3719035,,0,
https://openalex.org/w2078393958,https://doi.org/10.1016/s0021-9673(02)01240-2,https://pubmed.ncbi.nlm.nih.gov/12458934,,0,
https://openalex.org/w1996253050,https://doi.org/10.1016/s0022-3913(03)00217-8,https://pubmed.ncbi.nlm.nih.gov/12869970,,0,
https://openalex.org/w2153808315,https://doi.org/10.1093/toxsci/kfl057,https://pubmed.ncbi.nlm.nih.gov/16835292,071-410-207-009-748,0,
https://openalex.org/w2007824371,https://doi.org/10.2341/09-061-l,https://pubmed.ncbi.nlm.nih.gov/20166413,020-413-398-648-852,0,
https://openalex.org/w343167427,,https://pubmed.ncbi.nlm.nih.gov/11901581,,0,
https://openalex.org/w2165787156,https://doi.org/10.1590/s1806-83242012005000017,https://pubmed.ncbi.nlm.nih.gov/22892880,050-212-478-695-840,0,
https://openalex.org/w2021758021,https://doi.org/10.1111/j.1532-849x.2008.00349.x,https://pubmed.ncbi.nlm.nih.gov/18761569,056-463-126-413-71X,0,
https://openalex.org/w2089836002,https://doi.org/10.1016/s0109-5641(00)00060-9,https://pubmed.ncbi.nlm.nih.gov/11163387,,0,
https://openalex.org/w166866,,https://pubmed.ncbi.nlm.nih.gov/18265707,,0,
https://openalex.org/w2078774713,https://doi.org/10.1016/0022-3913(89)90278-3,https://pubmed.ncbi.nlm.nih.gov/2526219,,0,
https://openalex.org/w2015989033,https://doi.org/10.1016/j.jdent.2012.10.003,https://pubmed.ncbi.nlm.nih.gov/23044389,,0,
https://openalex.org/w2077047013,https://doi.org/10.1016/j.chroma.2005.02.024,https://pubmed.ncbi.nlm.nih.gov/16130721,,0,
https://openalex.org/w2058391493,https://doi.org/10.1097/00008469-199802001-00005,https://pubmed.ncbi.nlm.nih.gov/10866031,031-559-356-705-178,0,
https://openalex.org/w2114530709,https://doi.org/10.1016/s0002-9416(84)90356-7,https://pubmed.ncbi.nlm.nih.gov/6239550,,0,
https://openalex.org/w2051470693,https://doi.org/10.1016/s0022-3913(98)70129-5,https://pubmed.ncbi.nlm.nih.gov/9760361,,0,
https://openalex.org/w2034706088,https://doi.org/10.1006/taap.1996.8069,https://pubmed.ncbi.nlm.nih.gov/9073609,,0,
https://openalex.org/w2182445233,,https://pubmed.ncbi.nlm.nih.gov/10649935,,0,
https://openalex.org/w2359085570,https://doi.org/10.2741/a332,https://pubmed.ncbi.nlm.nih.gov/9696883,005-957-572-796-933,0,
https://openalex.org/w27181148,,https://pubmed.ncbi.nlm.nih.gov/1287716,,0,
https://openalex.org/w2020449268,https://doi.org/10.1016/j.ajodo.2004.03.043,https://pubmed.ncbi.nlm.nih.gov/16473720,013-064-207-253-318,0,
https://openalex.org/w2009235679,https://doi.org/10.1111/j.1365-2842.1984.tb00602.x,https://pubmed.ncbi.nlm.nih.gov/6239020,037-375-085-132-831,0,
https://openalex.org/w2410782292,,https://pubmed.ncbi.nlm.nih.gov/7803009,,0,
https://openalex.org/w2034900953,https://doi.org/10.1016/j.chroma.2004.03.040,https://pubmed.ncbi.nlm.nih.gov/15233544,,0,
https://openalex.org/w189026176,,https://pubmed.ncbi.nlm.nih.gov/14765642,,0,
https://openalex.org/w1979111518,https://doi.org/10.5740/jaoacint.10-402,https://pubmed.ncbi.nlm.nih.gov/23767374,024-289-699-063-081,0,
https://openalex.org/w2339115547,,https://pubmed.ncbi.nlm.nih.gov/11507807,,0,
https://openalex.org/w180700753,https://doi.org/10.14219/jada.archive.2007.0233,https://pubmed.ncbi.nlm.nih.gov/17473040,037-267-168-229-198,0,
https://openalex.org/w2061330126,https://doi.org/10.1155/2013/437857,https://pubmed.ncbi.nlm.nih.gov/23997953,081-367-790-448-968,0,
https://openalex.org/w2323908303,https://doi.org/10.1021/jf104622x,https://pubmed.ncbi.nlm.nih.gov/21381775,104-973-753-618-078,0,
https://openalex.org/w2060195114,https://doi.org/10.1007/s00244-004-0032-1,https://pubmed.ncbi.nlm.nih.gov/15886896,,0,
https://openalex.org/w2417636172,,https://pubmed.ncbi.nlm.nih.gov/2959981,,0,
https://openalex.org/w2109818577,https://doi.org/10.1111/j.1651-2227.2012.02693.x,https://pubmed.ncbi.nlm.nih.gov/22458970,041-528-324-097-252,0,
https://openalex.org/w113149701,,https://pubmed.ncbi.nlm.nih.gov/9203776,,0,
https://openalex.org/w2013237517,https://doi.org/10.1080/10934520701792696,https://pubmed.ncbi.nlm.nih.gov/18205054,105-902-810-441-327,0,
https://openalex.org/w2029275130,https://doi.org/10.1016/j.ygcen.2005.06.003,https://pubmed.ncbi.nlm.nih.gov/16102758,,0,
https://openalex.org/w2132412720,https://doi.org/10.1111/j.1752-7325.2004.tb02752.x,https://pubmed.ncbi.nlm.nih.gov/15562940,099-310-821-996-307,0,
https://openalex.org/w2156460837,https://doi.org/10.1016/s0109-5641(02)00107-0,https://pubmed.ncbi.nlm.nih.gov/12901980,,0,
https://openalex.org/w2465387490,,https://pubmed.ncbi.nlm.nih.gov/9497648,,0,
https://openalex.org/w1543950566,https://doi.org/10.1038/44517,https://pubmed.ncbi.nlm.nih.gov/10548101,,0,
https://openalex.org/w2473332056,,https://pubmed.ncbi.nlm.nih.gov/1388027,,0,
https://openalex.org/w1981845701,https://doi.org/10.1016/j.jhazmat.2010.04.094,https://pubmed.ncbi.nlm.nih.gov/20494514,,0,
https://openalex.org/w19397600,,https://pubmed.ncbi.nlm.nih.gov/16052765,,0,
https://openalex.org/w2052674265,https://doi.org/10.1016/s0045-6535(02)00789-0,https://pubmed.ncbi.nlm.nih.gov/12586156,,0,
https://openalex.org/w2082763804,https://doi.org/10.1016/s0378-4274(03)00016-x,https://pubmed.ncbi.nlm.nih.gov/12765243,,0,
https://openalex.org/w2083304588,https://doi.org/10.1016/j.chemosphere.2012.12.076,https://pubmed.ncbi.nlm.nih.gov/23411085,,0,
https://openalex.org/w2005205901,https://doi.org/10.1021/tx100428e,https://pubmed.ncbi.nlm.nih.gov/21384849,097-553-390-954-466,0,
https://openalex.org/w2334876286,https://doi.org/10.1097/01.naj.0000352484.16736.4e,https://pubmed.ncbi.nlm.nih.gov/19478617,,0,
https://openalex.org/w2395673225,,https://pubmed.ncbi.nlm.nih.gov/10687443,,0,
https://openalex.org/w2103695778,https://doi.org/10.1093/humrep/dep385,https://pubmed.ncbi.nlm.nih.gov/19906655,004-948-165-316-647,0,
https://openalex.org/w2005123996,https://doi.org/10.1006/taap.2000.8912,https://pubmed.ncbi.nlm.nih.gov/10799344,,0,
https://openalex.org/w4234946710,https://doi.org/10.1080/02652039709374515,https://pubmed.ncbi.nlm.nih.gov/9102353,051-740-774-716-840,0,
https://openalex.org/w2418741627,,https://pubmed.ncbi.nlm.nih.gov/22594271,,0,
https://openalex.org/w2335382631,https://doi.org/10.1021/es3021342,https://pubmed.ncbi.nlm.nih.gov/22920667,076-786-767-233-112,0,
https://openalex.org/w2004411045,https://doi.org/10.1016/j.aquatox.2012.05.010,https://pubmed.ncbi.nlm.nih.gov/22710023,,0,
https://openalex.org/w2027786806,https://doi.org/10.1111/j.1600-0722.2004.00141.x,https://pubmed.ncbi.nlm.nih.gov/15279657,034-979-189-211-268,0,
https://openalex.org/w2003672434,https://doi.org/10.1016/j.cbpc.2012.05.002,https://pubmed.ncbi.nlm.nih.gov/22609975,,0,
https://openalex.org/w1970355527,https://doi.org/10.1067/mpr.2002.128100,https://pubmed.ncbi.nlm.nih.gov/12447214,,0,
https://openalex.org/w2029778081,https://doi.org/10.1210/en.2006-1280,https://pubmed.ncbi.nlm.nih.gov/17379648,003-270-972-846-270,0,
https://openalex.org/w2161616012,https://doi.org/10.1016/j.dental.2005.11.027,https://pubmed.ncbi.nlm.nih.gov/16378636,,0,
https://openalex.org/w2404256007,,https://pubmed.ncbi.nlm.nih.gov/23719110,,0,
https://openalex.org/w2002892517,https://doi.org/10.1038/sj.bdj.4807685,https://pubmed.ncbi.nlm.nih.gov/1839503,,0,
https://openalex.org/w177051519,https://doi.org/10.3290/j.jad.a17531,https://pubmed.ncbi.nlm.nih.gov/20155225,,0,
https://openalex.org/w194816585,,https://pubmed.ncbi.nlm.nih.gov/15587102,,0,
https://openalex.org/w2403107520,,https://pubmed.ncbi.nlm.nih.gov/9300839,,0,
https://openalex.org/w2000017663,https://doi.org/10.1093/ejo/22.4.395,https://pubmed.ncbi.nlm.nih.gov/11029828,055-987-565-938-914,0,
https://openalex.org/w1993269979,https://doi.org/10.1016/j.aquatox.2004.11.003,https://pubmed.ncbi.nlm.nih.gov/15642640,,0,
https://openalex.org/w2094083474,https://doi.org/10.1021/cb700210u,https://pubmed.ncbi.nlm.nih.gov/18225860,129-242-280-986-273,0,
https://openalex.org/w1984276399,https://doi.org/10.1021/es0720661,https://pubmed.ncbi.nlm.nih.gov/18522126,029-973-900-561-705,0,
https://openalex.org/w2063319145,https://doi.org/10.1016/j.tiv.2009.05.004,https://pubmed.ncbi.nlm.nih.gov/19457453,,0,
https://openalex.org/w1996095930,https://doi.org/10.1016/j.marpolbul.2007.08.005,https://pubmed.ncbi.nlm.nih.gov/17884107,,0,
https://openalex.org/w2107285447,https://doi.org/10.1002/chem.201003339,https://pubmed.ncbi.nlm.nih.gov/21500292,014-699-711-702-19X,0,
https://openalex.org/w2103228543,https://doi.org/10.1289/ehp.001081147,https://pubmed.ncbi.nlm.nih.gov/11133394,040-383-728-177-004,0,
https://openalex.org/w2036346875,https://doi.org/10.1016/j.chroma.2012.05.064,https://pubmed.ncbi.nlm.nih.gov/22682950,,0,
https://openalex.org/w2056110285,https://doi.org/10.1007/s00784-004-0293-0,https://pubmed.ncbi.nlm.nih.gov/15635474,,0,
https://openalex.org/w2145602226,https://doi.org/10.1897/07-316.1,https://pubmed.ncbi.nlm.nih.gov/17983274,033-304-669-091-152,0,
https://openalex.org/w167531700,,https://pubmed.ncbi.nlm.nih.gov/12528954,,0,
https://openalex.org/w2396988715,https://doi.org/10.5005/jcdp-7-5-34,https://pubmed.ncbi.nlm.nih.gov/17091138,032-724-008-650-038,0,
https://openalex.org/w2038441804,https://doi.org/10.1016/j.talanta.2012.05.035,https://pubmed.ncbi.nlm.nih.gov/22967537,,0,
https://openalex.org/w182977772,,https://pubmed.ncbi.nlm.nih.gov/21903565,,0,
https://openalex.org/w141807189,,https://pubmed.ncbi.nlm.nih.gov/8240650,,0,
https://openalex.org/w2167885244,https://doi.org/10.2341/11-419-l,https://pubmed.ncbi.nlm.nih.gov/22663197,105-359-079-083-468,0,
https://openalex.org/w2080661565,https://doi.org/10.1111/j.1600-0722.1988.tb01599.x,https://pubmed.ncbi.nlm.nih.gov/2974623,013-886-210-585-981,0,
https://openalex.org/w2051310079,https://doi.org/10.1095/biolreprod61.6.1636,https://pubmed.ncbi.nlm.nih.gov/10570013,023-624-990-804-833,0,
https://openalex.org/w2402818544,,https://pubmed.ncbi.nlm.nih.gov/9573794,,0,
https://openalex.org/w2055368979,https://doi.org/10.1016/j.envres.2006.04.006,https://pubmed.ncbi.nlm.nih.gov/16750524,,0,
https://openalex.org/w2040404972,https://doi.org/10.1078/1438-4639-00115,https://pubmed.ncbi.nlm.nih.gov/11885360,,0,
https://openalex.org/w2019546221,https://doi.org/10.1016/j.ultsonch.2009.05.010,https://pubmed.ncbi.nlm.nih.gov/19535280,028-228-933-936-319,0,
https://openalex.org/w2035922797,https://doi.org/10.1111/j.1365-2842.2004.01400.x,https://pubmed.ncbi.nlm.nih.gov/15641979,050-325-759-870-263,0,
https://openalex.org/w2436167696,,https://pubmed.ncbi.nlm.nih.gov/2942966,,0,
https://openalex.org/w2067236971,https://doi.org/10.1111/j.1834-7819.2008.00024.x,https://pubmed.ncbi.nlm.nih.gov/18494970,059-067-073-866-268,0,
https://openalex.org/w13465072,,https://pubmed.ncbi.nlm.nih.gov/15000640,,0,
https://openalex.org/w1979930168,https://doi.org/10.1016/s0099-2399(85)80199-0,https://pubmed.ncbi.nlm.nih.gov/2936859,,0,
https://openalex.org/w2024874991,https://doi.org/10.1007/s11248-009-9277-9,https://pubmed.ncbi.nlm.nih.gov/19479339,,0,
https://openalex.org/w2082257204,https://doi.org/10.1002/etc.5620200414,https://pubmed.ncbi.nlm.nih.gov/11345455,147-681-108-911-939,0,
https://openalex.org/w2024003691,https://doi.org/10.1016/s0045-6535(00)00196-x,https://pubmed.ncbi.nlm.nih.gov/11272914,,0,
https://openalex.org/w2006199530,https://doi.org/10.1007/s00784-012-0752-y,https://pubmed.ncbi.nlm.nih.gov/22619093,,0,
https://openalex.org/w2069335227,https://doi.org/10.1590/s1678-77572009000600015,https://pubmed.ncbi.nlm.nih.gov/20027437,014-210-895-515-850,0,
https://openalex.org/w2020344512,https://doi.org/10.1007/s002040000144,https://pubmed.ncbi.nlm.nih.gov/11097379,,0,
https://openalex.org/w2395552455,,https://pubmed.ncbi.nlm.nih.gov/9823072,,0,
https://openalex.org/w2404360102,,https://pubmed.ncbi.nlm.nih.gov/23682506,,0,
https://openalex.org/w1982266067,https://doi.org/10.1289/ehp.7175,https://pubmed.ncbi.nlm.nih.gov/15531431,034-137-540-389-848,0,
https://openalex.org/w2004425316,https://doi.org/10.1002/elps.200900515,https://pubmed.ncbi.nlm.nih.gov/20155739,025-574-228-331-835,0,
https://openalex.org/w2061980512,https://doi.org/10.1016/j.scitotenv.2013.02.088,https://pubmed.ncbi.nlm.nih.gov/23542484,,0,
https://openalex.org/w2044318395,https://doi.org/10.1111/j.1708-8240.2008.00162.x,https://pubmed.ncbi.nlm.nih.gov/18380843,147-965-548-468-672,0,
https://openalex.org/w2338548210,https://doi.org/10.1177/153537020122600309,https://pubmed.ncbi.nlm.nih.gov/11361040,063-982-458-878-191,0,
https://openalex.org/w1970033270,https://doi.org/10.1016/j.ultsonch.2011.03.013,https://pubmed.ncbi.nlm.nih.gov/21463964,019-900-520-557-640,0,
https://openalex.org/w2036012960,https://doi.org/10.1016/j.jcis.2006.02.034,https://pubmed.ncbi.nlm.nih.gov/16631189,,0,
https://openalex.org/w2065570475,https://doi.org/10.1002/jbm.b.31683,https://pubmed.ncbi.nlm.nih.gov/20690175,131-562-860-973-633,0,
https://openalex.org/w2016952396,https://doi.org/10.1111/j.1471-4159.2006.03726.x,https://pubmed.ncbi.nlm.nih.gov/16524376,067-854-269-388-942,0,
https://openalex.org/w1989696238,https://doi.org/10.1016/j.scitotenv.2008.02.059,https://pubmed.ncbi.nlm.nih.gov/18407320,,0,
https://openalex.org/w2133092019,https://doi.org/10.14219/jada.archive.2000.0019,https://pubmed.ncbi.nlm.nih.gov/10649872,121-278-912-460-16X,0,
https://openalex.org/w2067753015,https://doi.org/10.1289/ehp.10753,https://pubmed.ncbi.nlm.nih.gov/18197297,098-336-604-551-263,0,
https://openalex.org/w1983955292,https://doi.org/10.1002/jbm.b.30919,https://pubmed.ncbi.nlm.nih.gov/17696152,011-245-398-847-580,0,
https://openalex.org/w1538858364,https://doi.org/10.1126/science.290.5492.695,https://pubmed.ncbi.nlm.nih.gov/11184192,007-159-339-221-46X,0,
https://openalex.org/w2030375327,https://doi.org/10.14219/jada.archive.1996.0427,https://pubmed.ncbi.nlm.nih.gov/8854604,,0,
https://openalex.org/w245501696,https://doi.org/10.1007/s00056-011-0069-5,https://pubmed.ncbi.nlm.nih.gov/22383064,,0,
https://openalex.org/w2753560330,https://doi.org/10.1089/clm.1996.14.111,https://pubmed.ncbi.nlm.nih.gov/9484085,071-089-223-500-459,0,
https://openalex.org/w2422211646,,https://pubmed.ncbi.nlm.nih.gov/14998210,,0,
https://openalex.org/w1896067725,https://doi.org/10.1071/rd09300,https://pubmed.ncbi.nlm.nih.gov/21426858,040-598-639-096-876,0,
https://openalex.org/w2082655961,https://doi.org/10.1016/s0006-8993(02)02446-0,https://pubmed.ncbi.nlm.nih.gov/12020856,,0,
https://openalex.org/w2993840305,,https://pubmed.ncbi.nlm.nih.gov/9520779,,0,
https://openalex.org/w1992313190,https://doi.org/10.1016/j.reprotox.2010.07.008,https://pubmed.ncbi.nlm.nih.gov/20692330,,0,
https://openalex.org/w1991584333,https://doi.org/10.1387/ijdb.092883gs,https://pubmed.ncbi.nlm.nih.gov/20209442,012-720-714-845-963,0,
https://openalex.org/w2136010094,,https://pubmed.ncbi.nlm.nih.gov/12954140,,0,
https://openalex.org/w2069273368,https://doi.org/10.1016/j.reprotox.2011.06.118,https://pubmed.ncbi.nlm.nih.gov/21722727,,0,
https://openalex.org/w2002340598,https://doi.org/10.1016/j.fct.2010.09.009,https://pubmed.ncbi.nlm.nih.gov/20837082,,0,
https://openalex.org/w1978037940,https://doi.org/10.1016/j.jhazmat.2013.02.041,https://pubmed.ncbi.nlm.nih.gov/23507363,,0,
https://openalex.org/w2179295896,,https://pubmed.ncbi.nlm.nih.gov/11317371,,0,
https://openalex.org/w2337545831,https://doi.org/10.2166/wst.2004.0321,https://pubmed.ncbi.nlm.nih.gov/15497841,050-098-596-314-002,0,
https://openalex.org/w2100082883,https://doi.org/10.1016/s0022-3913(99)70159-9,https://pubmed.ncbi.nlm.nih.gov/10424987,,0,
https://openalex.org/w2114095751,https://doi.org/10.1080/00016359850136012,https://pubmed.ncbi.nlm.nih.gov/9669456,059-639-447-022-483,0,
https://openalex.org/w1972901187,https://doi.org/10.1007/s007840050065,https://pubmed.ncbi.nlm.nih.gov/10388389,,0,
https://openalex.org/w2061997288,https://doi.org/10.1016/j.tripleo.2004.06.066,https://pubmed.ncbi.nlm.nih.gov/15599360,030-456-184-152-723,0,
https://openalex.org/w2348974921,,https://pubmed.ncbi.nlm.nih.gov/12880557,,0,
https://openalex.org/w2057148580,https://doi.org/10.1065/espr2005.07.273,https://pubmed.ncbi.nlm.nih.gov/16305141,,0,
https://openalex.org/w2429356989,,https://pubmed.ncbi.nlm.nih.gov/4763912,,0,
https://openalex.org/w2404003290,,https://pubmed.ncbi.nlm.nih.gov/8075938,,0,
https://openalex.org/w2003538074,https://doi.org/10.1016/s0378-4347(00)00351-0,https://pubmed.ncbi.nlm.nih.gov/11129074,,0,
https://openalex.org/w1993253517,https://doi.org/10.1016/j.envpol.2009.12.038,https://pubmed.ncbi.nlm.nih.gov/20085854,,0,
https://openalex.org/w1991212467,https://doi.org/10.1103/physrevlett.97.057801,https://pubmed.ncbi.nlm.nih.gov/17026142,090-410-706-360-072,0,
https://openalex.org/w2134880599,https://doi.org/10.1289/ehp.1003328,https://pubmed.ncbi.nlm.nih.gov/21561829,008-511-297-461-727,0,
https://openalex.org/w2100556057,,https://pubmed.ncbi.nlm.nih.gov/23211298,,0,
https://openalex.org/w2131359149,https://doi.org/10.1016/j.dental.2010.11.008,https://pubmed.ncbi.nlm.nih.gov/21112619,,0,
https://openalex.org/w201444951,,https://pubmed.ncbi.nlm.nih.gov/23668147,,0,
https://openalex.org/w1995203384,https://doi.org/10.1002/jssc.201000727,https://pubmed.ncbi.nlm.nih.gov/21298782,025-037-877-737-487,0,
https://openalex.org/w1995183642,https://doi.org/10.1080/10408398.2010.536919,https://pubmed.ncbi.nlm.nih.gov/23320909,005-824-603-145-924,0,
https://openalex.org/w2098097053,https://doi.org/10.1016/j.dental.2009.08.007,https://pubmed.ncbi.nlm.nih.gov/19767088,,0,
https://openalex.org/w2162902736,https://doi.org/10.3346/jkms.2012.27.9.1098,https://pubmed.ncbi.nlm.nih.gov/22969259,041-374-170-320-992,0,
https://openalex.org/w2015535652,https://doi.org/10.1038/jes.2012.52,https://pubmed.ncbi.nlm.nih.gov/22669498,118-770-746-316-467,0,
https://openalex.org/w2099386524,https://doi.org/10.1542/peds.2011-3374,https://pubmed.ncbi.nlm.nih.gov/22802599,039-524-174-114-650,0,
https://openalex.org/w2041281392,https://doi.org/10.1016/j.jhazmat.2005.11.066,https://pubmed.ncbi.nlm.nih.gov/16406295,,0,
https://openalex.org/w2408081906,,https://pubmed.ncbi.nlm.nih.gov/9545905,,0,
https://openalex.org/w2029469914,https://doi.org/10.1016/j.talanta.2007.03.053,https://pubmed.ncbi.nlm.nih.gov/19073033,,0,
https://openalex.org/w1996169517,https://doi.org/10.1002/jms.1781,https://pubmed.ncbi.nlm.nih.gov/20641000,046-834-294-196-352,0,
https://openalex.org/w1995131124,https://doi.org/10.1038/490462a,https://pubmed.ncbi.nlm.nih.gov/23099381,097-136-589-020-751,0,
https://openalex.org/w2008418810,https://doi.org/10.1016/0109-5641(92)90098-w,https://pubmed.ncbi.nlm.nih.gov/1291396,,0,
https://openalex.org/w1970828073,https://doi.org/10.14219/jada.archive.1993.0251,https://pubmed.ncbi.nlm.nih.gov/8277056,116-573-881-528-619,0,
https://openalex.org/w2001839429,https://doi.org/10.1016/j.dental.2011.12.003,https://pubmed.ncbi.nlm.nih.gov/22230107,,0,
https://openalex.org/w2045418245,https://doi.org/10.1159/000318223,https://pubmed.ncbi.nlm.nih.gov/20714153,085-535-313-487-572,0,
https://openalex.org/w2126958506,https://doi.org/10.1016/j.envint.2012.09.002,https://pubmed.ncbi.nlm.nih.gov/23026348,060-019-862-168-63X,0,
https://openalex.org/w2163670032,https://doi.org/10.1186/1745-6673-6-3,https://pubmed.ncbi.nlm.nih.gov/21251308,064-631-086-302-264,0,
https://openalex.org/w2148526743,https://doi.org/10.1016/s0109-5641(99)00052-4,https://pubmed.ncbi.nlm.nih.gov/10863428,,0,
https://openalex.org/w2401526049,,https://pubmed.ncbi.nlm.nih.gov/7490306,,0,
https://openalex.org/w2047798829,https://doi.org/10.1016/j.envres.2008.07.016,https://pubmed.ncbi.nlm.nih.gov/18949832,,0,
https://openalex.org/w2467776301,,https://pubmed.ncbi.nlm.nih.gov/12760698,,0,
https://openalex.org/w1983401566,https://doi.org/10.1016/j.aca.2009.11.051,https://pubmed.ncbi.nlm.nih.gov/20103117,,0,
https://openalex.org/w1977940099,https://doi.org/10.1021/es0481169,https://pubmed.ncbi.nlm.nih.gov/16173588,003-979-412-433-943,0,
https://openalex.org/w2085968626,https://doi.org/10.1016/j.chroma.2011.07.056,https://pubmed.ncbi.nlm.nih.gov/21824622,,0,
https://openalex.org/w1991245917,https://doi.org/10.1016/j.chemosphere.2005.02.029,https://pubmed.ncbi.nlm.nih.gov/16202808,,0,
https://openalex.org/w2461402526,,https://pubmed.ncbi.nlm.nih.gov/8957870,,0,
https://openalex.org/w2309052070,https://doi.org/10.4012/dmj.12.1,https://pubmed.ncbi.nlm.nih.gov/8306600,039-753-093-020-408,0,
https://openalex.org/w2077172735,https://doi.org/10.1016/j.ajodo.2010.09.035,https://pubmed.ncbi.nlm.nih.gov/22464533,036-641-697-340-730,0,
https://openalex.org/w2091822268,https://doi.org/10.1007/s00210-010-0527-4,https://pubmed.ncbi.nlm.nih.gov/20499049,,0,
https://openalex.org/w2023146732,https://doi.org/10.1016/j.chemosphere.2012.08.019,https://pubmed.ncbi.nlm.nih.gov/22985591,,0,
https://openalex.org/w1991717514,https://doi.org/10.1210/en.2004-0556,https://pubmed.ncbi.nlm.nih.gov/15486222,164-940-265-573-494,0,
https://openalex.org/w2001712775,https://doi.org/10.1210/en.2005-1235,https://pubmed.ncbi.nlm.nih.gov/16543366,010-869-089-308-38X,0,
https://openalex.org/w1971848185,https://doi.org/10.1002/ijc.1303,https://pubmed.ncbi.nlm.nih.gov/11391616,111-247-445-474-399,0,
https://openalex.org/w2084834936,https://doi.org/10.1016/j.watres.2010.12.004,https://pubmed.ncbi.nlm.nih.gov/21185583,,0,
https://openalex.org/w1992239317,https://doi.org/10.1016/s0109-5641(00)00103-2,https://pubmed.ncbi.nlm.nih.gov/11740959,,0,
https://openalex.org/w1970358298,https://doi.org/10.1016/j.reprotox.2007.07.010,https://pubmed.ncbi.nlm.nih.gov/17825522,,0,
https://openalex.org/w2031820097,https://doi.org/10.1213/00000539-198506000-00012,https://pubmed.ncbi.nlm.nih.gov/4003780,,0,
https://openalex.org/w2414047789,,https://pubmed.ncbi.nlm.nih.gov/22414519,,0,
https://openalex.org/w2087861897,https://doi.org/10.1016/j.marpolbul.2004.04.009,https://pubmed.ncbi.nlm.nih.gov/15172824,,0,
https://openalex.org/w2413844949,,https://pubmed.ncbi.nlm.nih.gov/22913044,,0,
https://openalex.org/w2399966670,https://doi.org/10.5604/17322693.1051001,https://pubmed.ncbi.nlm.nih.gov/23752602,017-380-794-954-564,0,
https://openalex.org/w2063852494,https://doi.org/10.1021/es035413p,https://pubmed.ncbi.nlm.nih.gov/15543754,064-147-891-495-084,0,
https://openalex.org/w2095396181,https://doi.org/10.1262/jrd.17026,https://pubmed.ncbi.nlm.nih.gov/16284450,017-651-097-242-248,0,
https://openalex.org/w1967969950,https://doi.org/10.1111/iej.12008,https://pubmed.ncbi.nlm.nih.gov/23094601,010-712-808-123-651,0,
https://openalex.org/w2146698428,https://doi.org/10.1016/j.dental.2011.03.007,https://pubmed.ncbi.nlm.nih.gov/21514956,,0,
https://openalex.org/w2100586665,https://doi.org/10.1016/s0142-9612(03)00119-4,https://pubmed.ncbi.nlm.nih.gov/12742726,,0,
https://openalex.org/w2069914966,https://doi.org/10.1289/ehp.1002701,https://pubmed.ncbi.nlm.nih.gov/21406337,030-296-553-521-855,0,
https://openalex.org/w2095586401,https://doi.org/10.1016/j.aquatox.2006.02.015,https://pubmed.ncbi.nlm.nih.gov/16600396,,0,
https://openalex.org/w2072139226,https://doi.org/10.1111/adj.12038,https://pubmed.ncbi.nlm.nih.gov/23713633,112-083-605-941-143,0,
https://openalex.org/w2117003367,https://doi.org/10.1016/0300-5712(95)00098-4,https://pubmed.ncbi.nlm.nih.gov/8990682,,0,
https://openalex.org/w1972414465,https://doi.org/10.1016/j.reprotox.2010.04.009,https://pubmed.ncbi.nlm.nih.gov/20438831,,0,
https://openalex.org/w2010589168,https://doi.org/10.1016/j.bios.2012.08.023,https://pubmed.ncbi.nlm.nih.gov/22959010,,0,
https://openalex.org/w2409391061,,https://pubmed.ncbi.nlm.nih.gov/6242116,,0,
https://openalex.org/w2032978642,https://doi.org/10.1002/etc.669,https://pubmed.ncbi.nlm.nih.gov/21882230,044-750-788-767-847,0,
https://openalex.org/w2103604515,https://doi.org/10.1111/j.1708-8240.2011.00442.x,https://pubmed.ncbi.nlm.nih.gov/22691080,063-285-750-508-16X,0,
https://openalex.org/w2415018095,,https://pubmed.ncbi.nlm.nih.gov/11203971,,0,
https://openalex.org/w2030643304,https://doi.org/10.1007/s00216-004-2744-5,https://pubmed.ncbi.nlm.nih.gov/15316708,,0,
https://openalex.org/w2088646591,https://doi.org/10.1016/j.mce.2007.10.010,https://pubmed.ncbi.nlm.nih.gov/18191889,,0,
https://openalex.org/w2007271540,https://doi.org/10.1111/j.1745-7254.2007.00512.x,https://pubmed.ncbi.nlm.nih.gov/17302992,103-046-045-764-61X,0,
https://openalex.org/w2086971054,https://doi.org/10.1289/ehp.011091197,https://pubmed.ncbi.nlm.nih.gov/11748026,038-439-347-952-917,0,
https://openalex.org/w2440264161,,https://pubmed.ncbi.nlm.nih.gov/15119712,,0,
https://openalex.org/w2083790130,https://doi.org/10.1111/j.1600-0528.1995.tb00194.x,https://pubmed.ncbi.nlm.nih.gov/7774174,022-176-491-349-634,0,
https://openalex.org/w1973410558,https://doi.org/10.4067/s0716-97602012000100001,https://pubmed.ncbi.nlm.nih.gov/22688978,014-396-529-623-323,0,
https://openalex.org/w2016639841,https://doi.org/10.1002/jnr.21020,https://pubmed.ncbi.nlm.nih.gov/16902998,106-288-675-869-919,0,
https://openalex.org/w2056456647,https://doi.org/10.1289/ehp.0901575,https://pubmed.ncbi.nlm.nih.gov/20382578,013-260-205-435-132,0,
https://openalex.org/w1995148595,https://doi.org/10.1210/endo.143.6.8847,https://pubmed.ncbi.nlm.nih.gov/12021184,075-435-666-383-831,0,
https://openalex.org/w2014453018,https://doi.org/10.1111/j.1532-849x.2006.00151.x,https://pubmed.ncbi.nlm.nih.gov/17244303,012-083-071-563-460,0,
https://openalex.org/w2020746727,https://doi.org/10.1371/journal.pone.0054198,https://pubmed.ncbi.nlm.nih.gov/23372685,035-097-003-371-266,0,
https://openalex.org/w2053284137,https://doi.org/10.1006/taap.1999.8817,https://pubmed.ncbi.nlm.nih.gov/10631124,094-886-047-827-351,0,
https://openalex.org/w2159067756,https://doi.org/10.1016/j.dental.2005.02.004,https://pubmed.ncbi.nlm.nih.gov/16040118,,0,
https://openalex.org/w1992889916,https://doi.org/10.1289/ehp.1104175,https://pubmed.ncbi.nlm.nih.gov/22334053,007-866-306-814-755,0,
https://openalex.org/w2067874284,https://doi.org/10.1002/mrc.1991,https://pubmed.ncbi.nlm.nih.gov/17431861,061-692-671-520-078,0,
https://openalex.org/w1988422690,https://doi.org/10.1016/j.talanta.2010.08.048,https://pubmed.ncbi.nlm.nih.gov/21035651,,0,
https://openalex.org/w2103068021,https://doi.org/10.1016/j.joen.2011.05.004,https://pubmed.ncbi.nlm.nih.gov/21846556,,0,
https://openalex.org/w2010862738,https://doi.org/10.1016/j.neuro.2013.03.001,https://pubmed.ncbi.nlm.nih.gov/23500335,031-659-452-467-18X,0,
https://openalex.org/w2033425665,https://doi.org/10.1016/j.aquatox.2003.10.007,https://pubmed.ncbi.nlm.nih.gov/15129770,,0,
https://openalex.org/w2129414455,https://doi.org/10.1093/toxsci/kfp025,https://pubmed.ncbi.nlm.nih.gov/19218331,131-974-509-432-013,0,
https://openalex.org/w2112827049,https://doi.org/10.1016/s0147-6513(02)00039-8,https://pubmed.ncbi.nlm.nih.gov/12651186,043-092-111-704-678,0,
https://openalex.org/w2411582710,,https://pubmed.ncbi.nlm.nih.gov/2068249,,0,
https://openalex.org/w1986132969,https://doi.org/10.1021/ma202098s,https://pubmed.ncbi.nlm.nih.gov/22287811,080-154-105-634-979,0,
https://openalex.org/w2042296758,https://doi.org/10.2341/10-292-l,https://pubmed.ncbi.nlm.nih.gov/21843027,077-308-237-361-010,0,
https://openalex.org/w2042990518,https://doi.org/10.1016/s0300-483x(01)00505-4,https://pubmed.ncbi.nlm.nih.gov/11750080,,0,
https://openalex.org/w2037512576,https://doi.org/10.1080/00984100290071180,https://pubmed.ncbi.nlm.nih.gov/12133238,118-659-773-878-363,0,
https://openalex.org/w92452717,,https://pubmed.ncbi.nlm.nih.gov/18942604,,0,
https://openalex.org/w2024829332,https://doi.org/10.1007/s00204-003-0517-0,https://pubmed.ncbi.nlm.nih.gov/14520509,,1,
https://openalex.org/w2470331704,,https://pubmed.ncbi.nlm.nih.gov/11203784,,0,
https://openalex.org/w2030927592,https://doi.org/10.1021/es203169y,https://pubmed.ncbi.nlm.nih.gov/21955157,,0,
https://openalex.org/w2143770053,https://doi.org/10.1681/asn.2005090983,https://pubmed.ncbi.nlm.nih.gov/16687628,050-276-460-473-10X,0,
https://openalex.org/w2154180503,https://doi.org/10.1080/15287390903212329,https://pubmed.ncbi.nlm.nih.gov/20077198,047-900-882-869-938,0,
https://openalex.org/w2133303906,https://doi.org/10.1016/0109-5641(95)80060-3,https://pubmed.ncbi.nlm.nih.gov/8621049,,0,
https://openalex.org/w2170080338,https://doi.org/10.1111/j.1752-7325.1995.tb02358.x,https://pubmed.ncbi.nlm.nih.gov/7562727,001-272-361-420-947,0,
https://openalex.org/w2045499624,https://doi.org/10.1016/j.ntt.2006.10.011,https://pubmed.ncbi.nlm.nih.gov/17157476,,0,
https://openalex.org/w2002367417,https://doi.org/10.1016/j.chemosphere.2006.07.028,https://pubmed.ncbi.nlm.nih.gov/16930674,029-554-900-003-870,0,
https://openalex.org/w2071044486,https://doi.org/10.1067/mod.2002.121558,https://pubmed.ncbi.nlm.nih.gov/12045769,116-300-156-408-813,0,
https://openalex.org/w2018365592,https://doi.org/10.1038/jp.2009.90,https://pubmed.ncbi.nlm.nih.gov/19587689,015-458-575-908-888,0,
https://openalex.org/w2012653595,https://doi.org/10.1016/j.envpol.2008.11.029,https://pubmed.ncbi.nlm.nih.gov/19117654,,0,
https://openalex.org/w1995417561,https://doi.org/10.1289/ehp.1104307,https://pubmed.ncbi.nlm.nih.gov/22484414,058-255-722-036-021,0,
https://openalex.org/w2419453668,,https://pubmed.ncbi.nlm.nih.gov/6444961,,0,
https://openalex.org/w2060862485,https://doi.org/10.1016/j.envres.2012.12.003,https://pubmed.ncbi.nlm.nih.gov/23312110,062-623-435-108-572,0,
https://openalex.org/w2025855451,https://doi.org/10.1016/j.toxlet.2011.03.010,https://pubmed.ncbi.nlm.nih.gov/21402134,,0,
https://openalex.org/w2070625471,https://doi.org/10.1016/j.biomaterials.2003.12.020,https://pubmed.ncbi.nlm.nih.gov/15109853,,0,
https://openalex.org/w2120950894,https://doi.org/10.1111/j.1600-0536.2008.01420.x,https://pubmed.ncbi.nlm.nih.gov/18976377,058-241-320-104-864,0,
https://openalex.org/w2111237034,https://doi.org/10.1016/s0022-3913(12)60194-2,https://pubmed.ncbi.nlm.nih.gov/23217469,,0,
https://openalex.org/w2063709446,https://doi.org/10.1021/es051698p,https://pubmed.ncbi.nlm.nih.gov/16646489,019-802-656-210-858,0,
https://openalex.org/w2103842629,https://doi.org/10.1046/j.1365-2591.2002.00531.x,https://pubmed.ncbi.nlm.nih.gov/12190913,004-907-550-544-389,0,
https://openalex.org/w1973009865,https://doi.org/10.1016/0300-5712(93)90114-6,https://pubmed.ncbi.nlm.nih.gov/8227694,,0,
https://openalex.org/w2056625507,https://doi.org/10.1111/j.1349-7006.2003.tb01443.x,https://pubmed.ncbi.nlm.nih.gov/12824901,077-948-763-971-228,0,
https://openalex.org/w2363821108,,https://pubmed.ncbi.nlm.nih.gov/17304846,,0,
https://openalex.org/w2128841974,https://doi.org/10.1289/ehp.9804,https://pubmed.ncbi.nlm.nih.gov/17589598,005-879-494-931-237,0,
https://openalex.org/w2001129199,https://doi.org/10.1159/000325854,https://pubmed.ncbi.nlm.nih.gov/21576960,032-132-374-295-815,0,
https://openalex.org/w2014204542,https://doi.org/10.1039/c0em00204f,https://pubmed.ncbi.nlm.nih.gov/21046056,048-884-467-105-171,0,
https://openalex.org/w2093723103,https://doi.org/10.1177/154405910808700301,https://pubmed.ncbi.nlm.nih.gov/18296605,075-207-468-515-86X,0,
https://openalex.org/w1981197182,https://doi.org/10.1016/0022-3913(88)90305-8,https://pubmed.ncbi.nlm.nih.gov/2971799,,0,
https://openalex.org/w2033211591,https://doi.org/10.1021/jp101661t,https://pubmed.ncbi.nlm.nih.gov/20925346,021-222-982-340-675,0,
https://openalex.org/w1992241432,https://doi.org/10.1016/j.brainresbull.2004.11.015,https://pubmed.ncbi.nlm.nih.gov/15811586,,0,
https://openalex.org/w2020844131,https://doi.org/10.1289/ehp.1205063,https://pubmed.ncbi.nlm.nih.gov/22763116,052-777-674-710-236,0,
https://openalex.org/w2016847050,https://doi.org/10.1016/s0300-5712(98)00005-0,https://pubmed.ncbi.nlm.nih.gov/9699445,,0,
https://openalex.org/w1570945154,,https://pubmed.ncbi.nlm.nih.gov/19146134,,0,
https://openalex.org/w2093544756,https://doi.org/10.1016/j.dental.2011.05.001,https://pubmed.ncbi.nlm.nih.gov/21664675,,0,
https://openalex.org/w1966241525,https://doi.org/10.1007/s007840000092,https://pubmed.ncbi.nlm.nih.gov/11355095,,0,
https://openalex.org/w2075722831,https://doi.org/10.1155/2013/828532,https://pubmed.ncbi.nlm.nih.gov/23762054,062-308-472-713-368,0,
https://openalex.org/w2162299832,https://doi.org/10.1016/s0022-3913(98)70137-4,https://pubmed.ncbi.nlm.nih.gov/9760369,,0,
https://openalex.org/w2078919927,https://doi.org/10.1016/j.envint.2012.07.003,https://pubmed.ncbi.nlm.nih.gov/22885664,035-896-939-102-582,0,
https://openalex.org/w2063864578,https://doi.org/10.1021/es303808b,https://pubmed.ncbi.nlm.nih.gov/23506159,136-550-910-566-862,0,
https://openalex.org/w1985718549,https://doi.org/10.4012/dmj.18.425,https://pubmed.ncbi.nlm.nih.gov/10786163,005-402-195-248-114,0,
https://openalex.org/w1572969326,,https://pubmed.ncbi.nlm.nih.gov/16158805,,0,
https://openalex.org/w2062154085,https://doi.org/10.1016/s0300-5712(00)00013-0,https://pubmed.ncbi.nlm.nih.gov/10856800,,0,
https://openalex.org/w2108214698,https://doi.org/10.1093/toxsci/kfq025,https://pubmed.ncbi.nlm.nih.gov/20164145,023-383-119-196-051,0,
https://openalex.org/w2007396267,https://doi.org/10.1046/j.0960-7439.2001.00320.x,https://pubmed.ncbi.nlm.nih.gov/11853247,043-093-940-414-445,0,
https://openalex.org/w1975962025,https://doi.org/10.1177/002203450208100116,https://pubmed.ncbi.nlm.nih.gov/11820372,001-545-763-074-97X,0,
https://openalex.org/w2028017879,https://doi.org/10.1006/gcen.2002.7792,https://pubmed.ncbi.nlm.nih.gov/12030774,,0,
https://openalex.org/w2410698620,,https://pubmed.ncbi.nlm.nih.gov/9515439,,0,
https://openalex.org/w2076769382,https://doi.org/10.1016/j.fct.2012.03.043,https://pubmed.ncbi.nlm.nih.gov/22446810,,0,
https://openalex.org/w1977868702,https://doi.org/10.1002/j.1875-595x.1997.tb00781.x,https://pubmed.ncbi.nlm.nih.gov/9448802,092-115-086-362-325,0,
https://openalex.org/w2031032215,https://doi.org/10.1021/es071425p,https://pubmed.ncbi.nlm.nih.gov/18200886,056-313-784-161-16X,0,
https://openalex.org/w2419173711,,https://pubmed.ncbi.nlm.nih.gov/15119587,,0,
https://openalex.org/w2050732540,https://doi.org/10.1111/j.1600-0536.1984.tb00931.x,https://pubmed.ncbi.nlm.nih.gov/6237880,029-864-612-098-629,0,
https://openalex.org/w2097772490,https://doi.org/10.1016/j.dental.2008.08.006,https://pubmed.ncbi.nlm.nih.gov/18817967,,0,
https://openalex.org/w2401849549,https://doi.org/10.2175/106143006x115435,https://pubmed.ncbi.nlm.nih.gov/17571841,009-959-940-395-987,0,
https://openalex.org/w99197773,,https://pubmed.ncbi.nlm.nih.gov/11203783,,0,
https://openalex.org/w2018025461,https://doi.org/10.1016/s0300-5712(01)00055-0,https://pubmed.ncbi.nlm.nih.gov/11741732,009-092-403-363-243,0,
https://openalex.org/w2078061222,https://doi.org/10.2166/wst.2010.533,https://pubmed.ncbi.nlm.nih.gov/21099035,011-319-295-157-367,0,
https://openalex.org/w2146992552,https://doi.org/10.1016/s0109-5641(99)00095-0,https://pubmed.ncbi.nlm.nih.gov/11203538,,0,
https://openalex.org/w2077786274,https://doi.org/10.2341/11-212-l,https://pubmed.ncbi.nlm.nih.gov/22335299,141-545-401-982-205,0,
https://openalex.org/w2034567822,https://doi.org/10.1002/tox.20473,https://pubmed.ncbi.nlm.nih.gov/19161236,022-559-550-078-220,0,
https://openalex.org/w2165175833,https://doi.org/10.1124/dmd.111.042366,https://pubmed.ncbi.nlm.nih.gov/22146138,083-163-588-194-894,0,
https://openalex.org/w2132428459,https://doi.org/10.1016/j.jdent.2005.05.004,https://pubmed.ncbi.nlm.nih.gov/16126319,,0,
https://openalex.org/w2416050091,https://doi.org/10.1002/j.0022-0337.1984.48.2.tb01750.x,https://pubmed.ncbi.nlm.nih.gov/6230380,,0,
https://openalex.org/w2042868401,https://doi.org/10.1039/b710334b,https://pubmed.ncbi.nlm.nih.gov/18497925,039-807-308-622-424,0,
https://openalex.org/w1921826376,https://doi.org/10.1002/rcm.6495,https://pubmed.ncbi.nlm.nih.gov/23418146,033-154-391-528-207,0,
https://openalex.org/w2156047708,https://doi.org/10.1177/154405910708601103,https://pubmed.ncbi.nlm.nih.gov/17959892,011-482-260-835-359,0,
https://openalex.org/w1994836833,https://doi.org/10.1080/15287390903212501,https://pubmed.ncbi.nlm.nih.gov/20077206,047-142-888-504-227,0,
https://openalex.org/w2095214829,https://doi.org/10.1016/s0002-9416(81)90462-0,https://pubmed.ncbi.nlm.nih.gov/6453531,,0,
https://openalex.org/w224578437,https://doi.org/10.1043/0003-3219(2001)071<0141:oivbsc>2.0.co;2,https://pubmed.ncbi.nlm.nih.gov/11302591,,0,
https://openalex.org/w92474006,,https://pubmed.ncbi.nlm.nih.gov/12089754,,0,
https://openalex.org/w1991215324,https://doi.org/10.1016/s0166-445x(03)00102-4,https://pubmed.ncbi.nlm.nih.gov/12878414,,0,
https://openalex.org/w2102774160,https://doi.org/10.1111/j.1365-2842.1980.tb00444.x,https://pubmed.ncbi.nlm.nih.gov/6447201,018-610-359-831-938,0,
https://openalex.org/w172006844,,https://pubmed.ncbi.nlm.nih.gov/21893696,,0,
https://openalex.org/w2144834019,https://doi.org/10.1002/elps.201100577,https://pubmed.ncbi.nlm.nih.gov/22887158,127-970-999-556-39X,0,
https://openalex.org/w2017426066,https://doi.org/10.1046/j.1365-2842.2003.01154.x,https://pubmed.ncbi.nlm.nih.gov/12950976,009-570-526-485-017,0,
https://openalex.org/w2002349007,https://doi.org/10.1016/s0378-4274(02)00252-7,https://pubmed.ncbi.nlm.nih.gov/12243868,,0,
https://openalex.org/w2103687685,https://doi.org/10.1016/0022-3913(88)90278-8,https://pubmed.ncbi.nlm.nih.gov/2971801,,0,
https://openalex.org/w2074150825,https://doi.org/10.1016/0889-5406(90)70090-y,https://pubmed.ncbi.nlm.nih.gov/2137285,023-801-676-659-61X,0,
https://openalex.org/w1980999862,https://doi.org/10.1111/j.1600-0536.1988.tb02927.x,https://pubmed.ncbi.nlm.nih.gov/2975579,077-183-393-053-419,0,
https://openalex.org/w1970427526,https://doi.org/10.14219/jada.archive.2003.0356,https://pubmed.ncbi.nlm.nih.gov/14528993,036-883-113-560-839,0,
https://openalex.org/w2058427191,https://doi.org/10.1021/ja010720l,https://pubmed.ncbi.nlm.nih.gov/11707119,106-061-370-736-254,0,
https://openalex.org/w2074702732,https://doi.org/10.1111/j.1523-1755.2005.00151.x,https://pubmed.ncbi.nlm.nih.gov/15698426,082-837-540-538-178,0,
https://openalex.org/w1975062839,https://doi.org/10.1095/biolreprod.104.036301,https://pubmed.ncbi.nlm.nih.gov/15689538,067-631-670-129-48X,0,
https://openalex.org/w1980055484,https://doi.org/10.1016/j.ijheh.2011.04.005,https://pubmed.ncbi.nlm.nih.gov/21570349,,0,
https://openalex.org/w2014782509,https://doi.org/10.1016/j.tox.2010.04.005,https://pubmed.ncbi.nlm.nih.gov/20399245,,0,
https://openalex.org/w2076866472,https://doi.org/10.1016/s0140-6736(08)60902-2,https://pubmed.ncbi.nlm.nih.gov/18578037,,0,
https://openalex.org/w2160229888,https://doi.org/10.1111/j.1600-9657.1999.tb00766.x,https://pubmed.ncbi.nlm.nih.gov/10530153,075-476-696-751-78X,0,
https://openalex.org/w1979217145,https://doi.org/10.1163/156856298x00226,https://pubmed.ncbi.nlm.nih.gov/9747983,104-071-271-708-801,0,
https://openalex.org/w2309387541,https://doi.org/10.1002/j.0022-0337.1984.48.2.tb01749.x,https://pubmed.ncbi.nlm.nih.gov/6230379,,0,
https://openalex.org/w2012307275,https://doi.org/10.1016/j.chemosphere.2009.10.058,https://pubmed.ncbi.nlm.nih.gov/20035965,055-482-533-730-71X,0,
https://openalex.org/w1510038113,https://doi.org/10.1080/15287394.2013.834856,https://pubmed.ncbi.nlm.nih.gov/24188190,066-574-105-892-410,0,
https://openalex.org/w1995184063,https://doi.org/10.1016/s0887-2333(02)00055-3,https://pubmed.ncbi.nlm.nih.gov/12206822,,0,
https://openalex.org/w2113592311,https://doi.org/10.1111/j.1600-0528.1996.tb00811.x,https://pubmed.ncbi.nlm.nih.gov/8833514,184-388-320-347-916,0,
https://openalex.org/w2117783830,https://doi.org/10.1016/j.dental.2008.07.004,https://pubmed.ncbi.nlm.nih.gov/18774601,,0,
https://openalex.org/w2022102760,https://doi.org/10.1016/j.chemosphere.2010.04.076,https://pubmed.ncbi.nlm.nih.gov/20510433,,0,
https://openalex.org/w1972918361,https://doi.org/10.1016/j.chroma.2004.09.083,https://pubmed.ncbi.nlm.nih.gov/15584235,,0,
https://openalex.org/w1990866111,https://doi.org/10.1034/j.1600-0536.2001.450515.x,https://pubmed.ncbi.nlm.nih.gov/11722497,,0,
https://openalex.org/w1965746120,https://doi.org/10.1111/j.1600-0722.1986.tb01775.x,https://pubmed.ncbi.nlm.nih.gov/3462899,015-734-778-095-950,0,
https://openalex.org/w2094426750,https://doi.org/10.1016/s0300-5712(96)00086-3,https://pubmed.ncbi.nlm.nih.gov/9540311,,0,
https://openalex.org/w1988715629,https://doi.org/10.1016/j.prosdent.2005.05.001,https://pubmed.ncbi.nlm.nih.gov/16046968,,0,
https://openalex.org/w38826383,,https://pubmed.ncbi.nlm.nih.gov/11317373,,0,
https://openalex.org/w2043659774,https://doi.org/10.1016/j.biortech.2012.06.056,https://pubmed.ncbi.nlm.nih.gov/22797083,,0,
https://openalex.org/w2043724979,https://doi.org/10.1016/s0002-8177(91)25015-1,https://pubmed.ncbi.nlm.nih.gov/1646246,096-599-968-300-993,0,
https://openalex.org/w1989469025,https://doi.org/10.1098/rspb.2000.1288,https://pubmed.ncbi.nlm.nih.gov/11413652,095-222-469-426-018,0,
https://openalex.org/w2005344567,https://doi.org/10.1016/s0300-5712(03)00003-4,https://pubmed.ncbi.nlm.nih.gov/12654552,,0,
https://openalex.org/w1543386626,https://doi.org/10.2166/wst.2003.0180,https://pubmed.ncbi.nlm.nih.gov/14518864,014-018-803-689-66X,0,
https://openalex.org/w1984636698,https://doi.org/10.1016/s0022-3913(97)70158-6,https://pubmed.ncbi.nlm.nih.gov/9104710,,0,
https://openalex.org/w2395938039,,https://pubmed.ncbi.nlm.nih.gov/19031787,,0,
https://openalex.org/w1964528528,https://doi.org/10.1016/j.dental.2005.04.027,https://pubmed.ncbi.nlm.nih.gov/16055180,,0,
https://openalex.org/w2034428088,https://doi.org/10.1507/endocrj.51.165,https://pubmed.ncbi.nlm.nih.gov/15118266,031-820-727-167-273,0,
https://openalex.org/w2025834603,https://doi.org/10.1016/j.chroma.2005.08.007,https://pubmed.ncbi.nlm.nih.gov/16298182,,0,
https://openalex.org/w2064709438,https://doi.org/10.1021/jf9006888,https://pubmed.ncbi.nlm.nih.gov/19459630,026-736-201-018-043,0,
https://openalex.org/w2008366199,https://doi.org/10.1080/0265203031000109495,https://pubmed.ncbi.nlm.nih.gov/12881134,125-991-025-699-528,0,
https://openalex.org/w2140375419,https://doi.org/10.1016/j.watres.2011.11.061,https://pubmed.ncbi.nlm.nih.gov/22172559,,0,
https://openalex.org/w2113049252,https://doi.org/10.3233/bme-1996-6103,https://pubmed.ncbi.nlm.nih.gov/8727501,055-784-206-526-256,0,
https://openalex.org/w2146275712,https://doi.org/10.1016/s0109-5641(99)00085-8,https://pubmed.ncbi.nlm.nih.gov/11203523,,0,
https://openalex.org/w2089482438,https://doi.org/10.1016/j.watres.2010.05.032,https://pubmed.ncbi.nlm.nih.gov/20554303,,0,
https://openalex.org/w2039587639,https://doi.org/10.1006/bbrc.1999.1935,https://pubmed.ncbi.nlm.nih.gov/10623578,,0,
https://openalex.org/w2107497260,https://doi.org/10.1371/journal.pone.0034672,https://pubmed.ncbi.nlm.nih.gov/22496838,067-362-492-524-125,0,
https://openalex.org/w1997569605,https://doi.org/10.1002/jat.1570,https://pubmed.ncbi.nlm.nih.gov/20669259,049-297-654-513-859,0,
https://openalex.org/w1485013202,https://doi.org/10.14219/jada.archive.2007.0110,https://pubmed.ncbi.nlm.nih.gov/18056105,045-400-596-088-74X,0,
https://openalex.org/w2338021840,https://doi.org/10.1002/j.0022-0337.1987.51.4.tb02094.x,https://pubmed.ncbi.nlm.nih.gov/2951404,049-121-060-117-649,0,
https://openalex.org/w61080952,,https://pubmed.ncbi.nlm.nih.gov/15779313,,0,
https://openalex.org/w2065053192,https://doi.org/10.1016/j.chemosphere.2012.11.069,https://pubmed.ncbi.nlm.nih.gov/23273738,,0,
https://openalex.org/w2008763706,https://doi.org/10.1016/j.jpba.2013.02.023,https://pubmed.ncbi.nlm.nih.gov/23507687,,0,
https://openalex.org/w2469843760,,https://pubmed.ncbi.nlm.nih.gov/1839833,,0,
https://openalex.org/w2329723521,https://doi.org/10.5740/jaoacint.11-219,https://pubmed.ncbi.nlm.nih.gov/22970591,019-744-112-451-052,0,
https://openalex.org/w2059991633,https://doi.org/10.1016/j.taap.2011.12.018,https://pubmed.ncbi.nlm.nih.gov/22227104,,0,
https://openalex.org/w2024603866,https://doi.org/10.1016/s0109-5641(01)00031-8,https://pubmed.ncbi.nlm.nih.gov/11755591,,0,
https://openalex.org/w2009269633,https://doi.org/10.1016/j.reprotox.2009.01.010,https://pubmed.ncbi.nlm.nih.gov/19429392,,0,
https://openalex.org/w2091059233,https://doi.org/10.1016/j.biomaterials.2003.12.056,https://pubmed.ncbi.nlm.nih.gov/15142727,,0,
https://openalex.org/w1979876846,https://doi.org/10.1016/j.chemosphere.2013.02.019,https://pubmed.ncbi.nlm.nih.gov/23499222,,0,
https://openalex.org/w2415727991,,https://pubmed.ncbi.nlm.nih.gov/10477974,,0,
https://openalex.org/w1976870899,https://doi.org/10.1038/sj.bdj.4807651,https://pubmed.ncbi.nlm.nih.gov/1832918,,0,
https://openalex.org/w1994181492,https://doi.org/10.2131/jts.38.539,https://pubmed.ncbi.nlm.nih.gov/23824010,038-022-147-707-104,0,
https://openalex.org/w2087985200,https://doi.org/10.1021/bm9011419,https://pubmed.ncbi.nlm.nih.gov/20158281,115-351-380-281-54X,0,
https://openalex.org/w2002640283,https://doi.org/10.1111/j.1749-6632.2008.03655.x,https://pubmed.ncbi.nlm.nih.gov/19456369,019-890-172-101-498,0,
https://openalex.org/w2063155792,https://doi.org/10.2341/09-242-l,https://pubmed.ncbi.nlm.nih.gov/20672732,012-235-593-242-912,0,
https://openalex.org/w2038272138,https://doi.org/10.1897/07-226.1,https://pubmed.ncbi.nlm.nih.gov/18419181,066-584-649-095-099,0,
https://openalex.org/w1974088463,https://doi.org/10.1371/journal.pgen.0030006,https://pubmed.ncbi.nlm.nih.gov/17222060,072-309-396-063-291,0,
https://openalex.org/w2116144731,https://doi.org/10.1016/j.taap.2011.06.022,https://pubmed.ncbi.nlm.nih.gov/21763338,,0,
https://openalex.org/w2057335249,https://doi.org/10.1016/j.toxlet.2009.06.853,https://pubmed.ncbi.nlm.nih.gov/19539015,,0,
https://openalex.org/w2993119085,,https://pubmed.ncbi.nlm.nih.gov/2948892,,0,
https://openalex.org/w1997474221,https://doi.org/10.1007/s10911-013-9293-5,https://pubmed.ncbi.nlm.nih.gov/23702822,015-326-424-979-588,0,
https://openalex.org/w2169178938,https://doi.org/10.1016/j.dental.2010.02.007,https://pubmed.ncbi.nlm.nih.gov/20299089,029-984-678-989-690,0,
https://openalex.org/w2037433420,https://doi.org/10.1007/s00244-010-9588-0,https://pubmed.ncbi.nlm.nih.gov/20725718,,0,
https://openalex.org/w2042658626,https://doi.org/10.1111/j.1600-0528.1997.tb00935.x,https://pubmed.ncbi.nlm.nih.gov/9192156,030-816-609-223-82X,0,
https://openalex.org/w2147343406,https://doi.org/10.1111/j.1747-4477.2009.00195.x,https://pubmed.ncbi.nlm.nih.gov/21418410,033-573-618-370-552,0,
https://openalex.org/w2126218967,https://doi.org/10.1016/j.prosdent.2004.01.017,https://pubmed.ncbi.nlm.nih.gov/15116034,,0,
https://openalex.org/w2152450917,https://doi.org/10.3390/molecules18055360,https://pubmed.ncbi.nlm.nih.gov/23666004,026-688-513-599-218,0,
https://openalex.org/w2011232090,https://doi.org/10.1039/b509618a,https://pubmed.ncbi.nlm.nih.gov/16172666,068-181-191-126-346,0,
https://openalex.org/w2415681980,,https://pubmed.ncbi.nlm.nih.gov/9545877,,0,
https://openalex.org/w2016361968,https://doi.org/10.1016/j.chemosphere.2009.03.043,https://pubmed.ncbi.nlm.nih.gov/19395062,,0,
https://openalex.org/w2405768438,,https://pubmed.ncbi.nlm.nih.gov/15293422,,0,
https://openalex.org/w1978513219,https://doi.org/10.1210/endo.138.5.5213,https://pubmed.ncbi.nlm.nih.gov/9112367,,0,
https://openalex.org/w2057894012,https://doi.org/10.1111/j.1834-7819.1993.tb05470.x,https://pubmed.ncbi.nlm.nih.gov/8494504,078-520-476-635-263,0,
https://openalex.org/w2030706205,https://doi.org/10.1016/j.jdent.2006.09.005,https://pubmed.ncbi.nlm.nih.gov/17118506,,0,
https://openalex.org/w2097521620,https://doi.org/10.1016/j.cellbi.2006.11.024,https://pubmed.ncbi.nlm.nih.gov/17210262,026-161-331-053-790,0,
https://openalex.org/w2101010341,https://doi.org/10.1016/j.dental.2010.02.008,https://pubmed.ncbi.nlm.nih.gov/20304478,018-467-770-059-344,0,
https://openalex.org/w2320208938,https://doi.org/10.1166/jnn.2010.1500,https://pubmed.ncbi.nlm.nih.gov/20352813,012-367-433-049-990,0,
https://openalex.org/w2411063596,,https://pubmed.ncbi.nlm.nih.gov/2532624,,0,
https://openalex.org/w2066024107,https://doi.org/10.1007/s10565-007-9013-2,https://pubmed.ncbi.nlm.nih.gov/17497083,,0,
https://openalex.org/w2069241008,https://doi.org/10.1016/j.domaniend.2003.09.005,https://pubmed.ncbi.nlm.nih.gov/14732453,,0,
https://openalex.org/w22682330,,https://pubmed.ncbi.nlm.nih.gov/15779316,,0,
https://openalex.org/w1996363282,https://doi.org/10.1016/0300-5712(88)90132-7,https://pubmed.ncbi.nlm.nih.gov/3065377,,0,
https://openalex.org/w2040926821,https://doi.org/10.1016/s0889-5406(95)70039-0,https://pubmed.ncbi.nlm.nih.gov/7572853,099-996-018-963-636,0,
https://openalex.org/w2086909330,https://doi.org/10.1039/b412641f,https://pubmed.ncbi.nlm.nih.gov/15614350,010-322-942-458-555,0,
https://openalex.org/w2033780156,https://doi.org/10.1016/j.ajodo.2006.07.039,https://pubmed.ncbi.nlm.nih.gov/18675201,035-936-051-483-945,0,
https://openalex.org/w1991196525,https://doi.org/10.1016/s0109-5641(96)80036-4,https://pubmed.ncbi.nlm.nih.gov/9170996,,0,
https://openalex.org/w2114254036,https://doi.org/10.1080/009841097160573,https://pubmed.ncbi.nlm.nih.gov/9015129,049-870-413-851-59X,0,
https://openalex.org/w2136206510,https://doi.org/10.1002/(sici)1097-0290(19990205)62:3<259::aid-bit2>3.0.co;2-i,https://pubmed.ncbi.nlm.nih.gov/10099537,033-719-563-409-112,0,
https://openalex.org/w2112149326,,https://pubmed.ncbi.nlm.nih.gov/10927895,,0,
https://openalex.org/w1994985027,https://doi.org/10.4012/dmj.2010-188,https://pubmed.ncbi.nlm.nih.gov/21597212,099-289-729-809-050,0,
https://openalex.org/w2418375429,,https://pubmed.ncbi.nlm.nih.gov/15470876,,0,
https://openalex.org/w2117173986,https://doi.org/10.1111/j.1708-8240.1999.tb00384.x,https://pubmed.ncbi.nlm.nih.gov/10530273,051-478-197-392-16X,0,
https://openalex.org/w2404536387,,https://pubmed.ncbi.nlm.nih.gov/9520778,,0,
https://openalex.org/w1977900943,https://doi.org/10.1016/s0021-9673(02)00232-7,https://pubmed.ncbi.nlm.nih.gov/12187979,,0,
https://openalex.org/w8442014,,https://pubmed.ncbi.nlm.nih.gov/7993547,,0,
https://openalex.org/w2025397596,https://doi.org/10.1371/journal.pone.0043890,https://pubmed.ncbi.nlm.nih.gov/22957036,066-825-459-169-354,0,
https://openalex.org/w2143923361,https://doi.org/10.1186/1476-069x-11-10,https://pubmed.ncbi.nlm.nih.gov/22394520,028-120-174-465-901,0,
https://openalex.org/w2069176354,https://doi.org/10.1111/j.1708-8240.2005.tb00464.x,https://pubmed.ncbi.nlm.nih.gov/16417825,043-213-293-699-563,0,
https://openalex.org/w2024919171,https://doi.org/10.14219/jada.archive.1989.0097,https://pubmed.ncbi.nlm.nih.gov/2921432,025-379-909-459-881,0,
https://openalex.org/w1947955413,https://doi.org/10.1043/0003-3219(1992)062<0275:teoepo>2.0.co;2,https://pubmed.ncbi.nlm.nih.gov/1333734,,0,
https://openalex.org/w2092757268,https://doi.org/10.1111/j.1600-0722.1987.tb01970.x,https://pubmed.ncbi.nlm.nih.gov/2962270,073-006-502-768-227,0,
https://openalex.org/w2136325033,https://doi.org/10.1016/s0109-5641(99)00058-5,https://pubmed.ncbi.nlm.nih.gov/10863434,,0,
https://openalex.org/w2148428145,https://doi.org/10.1016/j.yhbeh.2010.07.008,https://pubmed.ncbi.nlm.nih.gov/20691692,065-157-775-980-897,0,
https://openalex.org/w2035896072,https://doi.org/10.1016/s0731-7085(01)00698-7,https://pubmed.ncbi.nlm.nih.gov/12008120,,0,
https://openalex.org/w2131880210,https://doi.org/10.1016/j.biortech.2011.03.038,https://pubmed.ncbi.nlm.nih.gov/21463938,,0,
https://openalex.org/w2402078856,,https://pubmed.ncbi.nlm.nih.gov/22779283,,0,
https://openalex.org/w2079193522,https://doi.org/10.1016/j.dental.2009.07.010,https://pubmed.ncbi.nlm.nih.gov/19709724,009-694-048-138-604,0,
https://openalex.org/w124248629,,https://pubmed.ncbi.nlm.nih.gov/15587095,,0,
https://openalex.org/w1972834491,https://doi.org/10.3358/shokueishi.42.71,https://pubmed.ncbi.nlm.nih.gov/11486386,019-843-048-786-31X,0,
https://openalex.org/w2042989919,https://doi.org/10.1016/j.dental.2010.09.011,https://pubmed.ncbi.nlm.nih.gov/21067803,,0,
https://openalex.org/w1968849047,https://doi.org/10.1097/00004770-200112000-00004,https://pubmed.ncbi.nlm.nih.gov/11771577,017-065-524-954-337,0,
https://openalex.org/w2145678626,https://doi.org/10.1210/en.2005-0241,https://pubmed.ncbi.nlm.nih.gov/15833922,,0,
https://openalex.org/w2075148889,https://doi.org/10.1016/j.reprotox.2004.03.005,https://pubmed.ncbi.nlm.nih.gov/15219628,,0,
https://openalex.org/w2044641854,https://doi.org/10.1073/pnas.1207854109,https://pubmed.ncbi.nlm.nih.gov/23012422,016-990-784-907-109,0,
https://openalex.org/w2399253832,,https://pubmed.ncbi.nlm.nih.gov/9484141,,0,
https://openalex.org/w1965691830,https://doi.org/10.1016/j.aquatox.2004.12.011,https://pubmed.ncbi.nlm.nih.gov/15820104,,0,
https://openalex.org/w2117832555,https://doi.org/10.1002/etc.1976,https://pubmed.ncbi.nlm.nih.gov/22865792,009-329-066-099-471,0,
https://openalex.org/w2406512249,,https://pubmed.ncbi.nlm.nih.gov/6236438,,0,
https://openalex.org/w2402685560,,https://pubmed.ncbi.nlm.nih.gov/6242427,,0,
https://openalex.org/w2020397079,https://doi.org/10.1016/j.yrtph.2010.05.002,https://pubmed.ncbi.nlm.nih.gov/20470846,095-478-096-408-464,0,
https://openalex.org/w1978076833,https://doi.org/10.1016/j.lfs.2005.08.016,https://pubmed.ncbi.nlm.nih.gov/16297413,,0,
https://openalex.org/w1991456147,https://doi.org/10.1016/s0960-0760(96)00130-6,https://pubmed.ncbi.nlm.nih.gov/9182870,,0,
https://openalex.org/w2081947469,https://doi.org/10.1016/j.bbrc.2006.05.123,https://pubmed.ncbi.nlm.nih.gov/16759644,,0,
https://openalex.org/w172007867,,https://pubmed.ncbi.nlm.nih.gov/18389732,,0,
https://openalex.org/w2163446420,https://doi.org/10.1111/j.1532-849x.2009.00551.x,https://pubmed.ncbi.nlm.nih.gov/20040031,029-281-624-791-506,0,
https://openalex.org/w2463991436,,https://pubmed.ncbi.nlm.nih.gov/10649922,,0,
https://openalex.org/w2410314677,,https://pubmed.ncbi.nlm.nih.gov/10697577,,0,
https://openalex.org/w2060271110,https://doi.org/10.1016/j.watres.2012.10.005,https://pubmed.ncbi.nlm.nih.gov/23123085,,0,
https://openalex.org/w1982664855,https://doi.org/10.1016/j.neulet.2006.10.010,https://pubmed.ncbi.nlm.nih.gov/17052851,,0,
https://openalex.org/w1979940581,https://doi.org/10.1021/es200977t,https://pubmed.ncbi.nlm.nih.gov/21744851,080-764-081-891-548,0,
https://openalex.org/w1997810727,https://doi.org/10.1067/mod.2001.113789,https://pubmed.ncbi.nlm.nih.gov/11395707,052-424-099-032-307,0,
https://openalex.org/w2423108408,,https://pubmed.ncbi.nlm.nih.gov/6240789,,0,
https://openalex.org/w2158796733,https://doi.org/10.1016/j.dental.2010.03.022,https://pubmed.ncbi.nlm.nih.gov/20579722,,0,
https://openalex.org/w2076675925,https://doi.org/10.1046/j.1365-2842.2002.00814.x,https://pubmed.ncbi.nlm.nih.gov/11856400,143-020-037-365-964,0,
https://openalex.org/w1986138749,https://doi.org/10.1289/ehp.5870,https://pubmed.ncbi.nlm.nih.gov/12948897,035-570-665-867-974,0,
https://openalex.org/w2130729694,https://doi.org/10.1016/j.chemosphere.2007.06.045,https://pubmed.ncbi.nlm.nih.gov/17675209,,0,
https://openalex.org/w2185165686,,https://pubmed.ncbi.nlm.nih.gov/9655049,,0,
https://openalex.org/w2154313936,https://doi.org/10.1002/jbmr.1782,https://pubmed.ncbi.nlm.nih.gov/23044841,065-397-283-784-630,0,
https://openalex.org/w1965691855,https://doi.org/10.1016/j.jdent.2009.01.001,https://pubmed.ncbi.nlm.nih.gov/19203819,,0,
https://openalex.org/w2050349931,https://doi.org/10.1016/j.fct.2013.02.011,https://pubmed.ncbi.nlm.nih.gov/23429042,005-678-690-646-328,0,
https://openalex.org/w2171338004,https://doi.org/10.1016/j.mce.2012.01.001,https://pubmed.ncbi.nlm.nih.gov/22249005,139-112-293-366-53X,0,
https://openalex.org/w2407098383,https://doi.org/10.5167/uzh-75590,https://pubmed.ncbi.nlm.nih.gov/22313994,,0,
https://openalex.org/w2006855952,https://doi.org/10.1007/s10695-008-9227-0,https://pubmed.ncbi.nlm.nih.gov/20467862,,0,
https://openalex.org/w2413983606,,https://pubmed.ncbi.nlm.nih.gov/6229392,,0,
https://openalex.org/w2348653661,,https://pubmed.ncbi.nlm.nih.gov/18399122,,0,
https://openalex.org/w2015493123,https://doi.org/10.2341/05-103,https://pubmed.ncbi.nlm.nih.gov/16924980,040-423-761-334-538,0,
https://openalex.org/w2016913123,https://doi.org/10.4103/0970-4388.41618,https://pubmed.ncbi.nlm.nih.gov/18603730,104-109-046-536-864,0,
https://openalex.org/w2124637393,https://doi.org/10.1111/j.1834-7819.1998.tb00142.x,https://pubmed.ncbi.nlm.nih.gov/9583216,015-199-856-459-464,0,
https://openalex.org/w2414912234,,https://pubmed.ncbi.nlm.nih.gov/15779221,,0,
https://openalex.org/w2080806981,https://doi.org/10.1016/0109-5641(93)90101-u,https://pubmed.ncbi.nlm.nih.gov/8299866,,0,
https://openalex.org/w2087048218,https://doi.org/10.1016/j.steroids.2005.03.002,https://pubmed.ncbi.nlm.nih.gov/15862819,,0,
https://openalex.org/w2152107258,https://doi.org/10.2334/josnusd.52.33,https://pubmed.ncbi.nlm.nih.gov/20339230,075-731-869-346-252,0,
https://openalex.org/w2466465704,,https://pubmed.ncbi.nlm.nih.gov/14431738,,0,
https://openalex.org/w2115080453,,https://pubmed.ncbi.nlm.nih.gov/17821941,,0,
https://openalex.org/w4296159743,https://doi.org/10.1002/em.2850140306,https://pubmed.ncbi.nlm.nih.gov/2792092,135-546-351-465-273,0,
https://openalex.org/w2070023518,https://doi.org/10.14219/jada.archive.1999.0132,https://pubmed.ncbi.nlm.nih.gov/10599178,018-562-070-364-976,0,
https://openalex.org/w2416351025,,https://pubmed.ncbi.nlm.nih.gov/18389737,,0,
https://openalex.org/w1992837738,https://doi.org/10.1016/j.chroma.2006.01.051,https://pubmed.ncbi.nlm.nih.gov/16472539,,0,
https://openalex.org/w166817864,https://doi.org/10.3290/j.jad.a13926,https://pubmed.ncbi.nlm.nih.gov/19058684,,0,
https://openalex.org/w2062971452,https://doi.org/10.1016/j.jdent.2004.08.001,https://pubmed.ncbi.nlm.nih.gov/15652168,,0,
https://openalex.org/w2037815393,https://doi.org/10.1289/ehp.95103844,https://pubmed.ncbi.nlm.nih.gov/7498097,031-039-922-819-219,0,
https://openalex.org/w2398616540,,https://pubmed.ncbi.nlm.nih.gov/11699175,,0,
https://openalex.org/w2071564182,https://doi.org/10.1016/j.watres.2011.01.026,https://pubmed.ncbi.nlm.nih.gov/21420711,,0,
https://openalex.org/w105460086,,https://pubmed.ncbi.nlm.nih.gov/21714248,,0,
https://openalex.org/w2149750147,https://doi.org/10.1016/j.dental.2006.01.028,https://pubmed.ncbi.nlm.nih.gov/16546249,,0,
https://openalex.org/w2409738581,,https://pubmed.ncbi.nlm.nih.gov/22962873,,0,
https://openalex.org/w2096897186,,https://pubmed.ncbi.nlm.nih.gov/2956579,,0,
https://openalex.org/w1991891667,https://doi.org/10.1111/j.1432-0436.2007.00177.x,https://pubmed.ncbi.nlm.nih.gov/17459086,,0,
https://openalex.org/w2123308746,https://doi.org/10.1111/j.1708-8240.1998.tb00507.x,https://pubmed.ncbi.nlm.nih.gov/10321199,052-583-885-699-895,0,
https://openalex.org/w122261895,,https://pubmed.ncbi.nlm.nih.gov/15646227,,0,
https://openalex.org/w2046869648,https://doi.org/10.1016/j.jdent.2013.05.005,https://pubmed.ncbi.nlm.nih.gov/23684780,,0,
https://openalex.org/w2004791998,https://doi.org/10.1021/es062751s,https://pubmed.ncbi.nlm.nih.gov/18186328,034-418-836-711-243,0,
https://openalex.org/w2070161962,https://doi.org/10.1016/0300-5712(95)00040-2,https://pubmed.ncbi.nlm.nih.gov/8636490,,0,
https://openalex.org/w2102230742,https://doi.org/10.3109/00016357.2011.575078,https://pubmed.ncbi.nlm.nih.gov/21521007,119-251-043-867-336,0,
https://openalex.org/w2396922531,,https://pubmed.ncbi.nlm.nih.gov/11949791,,0,
https://openalex.org/w1994903754,https://doi.org/10.1038/aja.2010.14,https://pubmed.ncbi.nlm.nih.gov/20436506,056-191-905-897-518,0,
https://openalex.org/w2011140502,https://doi.org/10.2174/1874210601307010062,https://pubmed.ncbi.nlm.nih.gov/23986791,125-565-181-073-357,0,
https://openalex.org/w2467690333,,https://pubmed.ncbi.nlm.nih.gov/11338489,,0,
https://openalex.org/w2003997116,https://doi.org/10.1016/j.jsbmb.2011.06.003,https://pubmed.ncbi.nlm.nih.gov/21729753,,0,
https://openalex.org/w2021763088,https://doi.org/10.1016/j.ygcen.2006.03.011,https://pubmed.ncbi.nlm.nih.gov/16677648,,0,
https://openalex.org/w2057012896,https://doi.org/10.1016/0889-5406(91)70061-z,https://pubmed.ncbi.nlm.nih.gov/1831591,011-205-551-402-291,0,
https://openalex.org/w1881330488,https://doi.org/10.1590/1679-775720130026,https://pubmed.ncbi.nlm.nih.gov/23857651,176-612-837-037-471,0,
https://openalex.org/w2020744344,https://doi.org/10.1016/j.cbpc.2010.10.003,https://pubmed.ncbi.nlm.nih.gov/20965275,,0,
https://openalex.org/w2037048484,https://doi.org/10.1366/000370210790619654,https://pubmed.ncbi.nlm.nih.gov/20149279,028-871-108-152-648,0,
https://openalex.org/w2024322805,https://doi.org/10.2341/08-117,https://pubmed.ncbi.nlm.nih.gov/19678442,018-783-528-306-372,0,
https://openalex.org/w2075443461,https://doi.org/10.1038/nrendo.2011.122,https://pubmed.ncbi.nlm.nih.gov/21844907,050-273-849-063-869,0,
https://openalex.org/w2347483440,,https://pubmed.ncbi.nlm.nih.gov/15330435,,0,
https://openalex.org/w2143135283,https://doi.org/10.3290/j.jad.a18441,https://pubmed.ncbi.nlm.nih.gov/20589257,,0,
https://openalex.org/w2407349059,,https://pubmed.ncbi.nlm.nih.gov/15853103,,0,
https://openalex.org/w86289003,,https://pubmed.ncbi.nlm.nih.gov/17243594,,0,
https://openalex.org/w2102850166,,https://pubmed.ncbi.nlm.nih.gov/15137459,,0,
https://openalex.org/w35220257,https://doi.org/10.1023/a:1022923713892,https://pubmed.ncbi.nlm.nih.gov/15348454,029-466-568-445-246,0,
https://openalex.org/w42806681,,https://pubmed.ncbi.nlm.nih.gov/9545911,,0,
https://openalex.org/w1964558542,https://doi.org/10.1021/am300854g,https://pubmed.ncbi.nlm.nih.gov/22709337,116-027-508-720-217,0,
https://openalex.org/w2094765853,https://doi.org/10.1016/j.prostaglandins.2005.02.006,https://pubmed.ncbi.nlm.nih.gov/16303604,,0,
https://openalex.org/w2166387363,https://doi.org/10.2341/10-047-l,https://pubmed.ncbi.nlm.nih.gov/20945744,034-149-607-139-324,0,
https://openalex.org/w2019470269,https://doi.org/10.1080/00016350310005556,https://pubmed.ncbi.nlm.nih.gov/14763777,136-804-839-492-318,0,
https://openalex.org/w2223603780,,https://pubmed.ncbi.nlm.nih.gov/15765956,,0,
https://openalex.org/w2123859159,https://doi.org/10.1111/j.1600-0536.1987.tb02625.x,https://pubmed.ncbi.nlm.nih.gov/3816212,,0,
https://openalex.org/w1965247721,https://doi.org/10.1111/j.1600-0536.2007.01249.x,https://pubmed.ncbi.nlm.nih.gov/17988287,028-408-108-917-562,0,
https://openalex.org/w2073838287,https://doi.org/10.1038/jes.2010.16,https://pubmed.ncbi.nlm.nih.gov/20336050,025-827-784-777-574,0,
https://openalex.org/w2071751065,https://doi.org/10.3109/00498250903383334,https://pubmed.ncbi.nlm.nih.gov/19916736,048-855-599-700-404,0,
https://openalex.org/w2402638045,,https://pubmed.ncbi.nlm.nih.gov/12877430,,0,
https://openalex.org/w1906464182,https://doi.org/10.1111/j.1875-595x.2011.00089.x,https://pubmed.ncbi.nlm.nih.gov/22420473,057-828-376-242-744,0,
https://openalex.org/w2094660448,https://doi.org/10.1292/jvms.11-0135,https://pubmed.ncbi.nlm.nih.gov/21532259,005-403-414-043-982,0,
https://openalex.org/w2097023559,https://doi.org/10.1016/s0109-5641(00)00015-4,https://pubmed.ncbi.nlm.nih.gov/10831780,,0,
https://openalex.org/w2068403183,https://doi.org/10.1103/physreve.81.041805,https://pubmed.ncbi.nlm.nih.gov/20481742,108-275-803-139-241,0,
https://openalex.org/w2072305239,https://doi.org/10.2341/07-54,https://pubmed.ncbi.nlm.nih.gov/18435188,002-761-117-343-672,0,
https://openalex.org/w2401326357,,https://pubmed.ncbi.nlm.nih.gov/8614898,,0,
https://openalex.org/w2074817071,https://doi.org/10.1016/s0021-9673(03)01126-9,https://pubmed.ncbi.nlm.nih.gov/14558616,,0,
https://openalex.org/w2085666096,https://doi.org/10.1590/s1806-83242005000100005,https://pubmed.ncbi.nlm.nih.gov/16229352,022-399-259-429-507,0,
https://openalex.org/w2345104199,,https://pubmed.ncbi.nlm.nih.gov/12729083,,0,
https://openalex.org/w2021440090,https://doi.org/10.1016/j.aca.2012.01.020,https://pubmed.ncbi.nlm.nih.gov/22365123,,0,
https://openalex.org/w2007176657,https://doi.org/10.1016/j.endoen.2012.05.001,https://pubmed.ncbi.nlm.nih.gov/22300604,107-902-329-352-101,0,
https://openalex.org/w2409960593,,https://pubmed.ncbi.nlm.nih.gov/23597227,,0,
https://openalex.org/w298469504,,https://pubmed.ncbi.nlm.nih.gov/17515113,,0,
https://openalex.org/w1989698648,https://doi.org/10.1590/s0103-64402010000500010,https://pubmed.ncbi.nlm.nih.gov/21180800,079-950-880-010-237,0,
https://openalex.org/w2017862733,https://doi.org/10.1016/j.joen.2011.01.007,https://pubmed.ncbi.nlm.nih.gov/21496670,,0,
https://openalex.org/w2069455052,https://doi.org/10.1016/j.bcp.2007.12.012,https://pubmed.ncbi.nlm.nih.gov/18280460,006-924-071-577-244,0,
https://openalex.org/w2084004037,https://doi.org/10.1016/j.envpol.2009.04.034,https://pubmed.ncbi.nlm.nih.gov/19497651,,0,
https://openalex.org/w2070355125,https://doi.org/10.1080/02652039809374688,https://pubmed.ncbi.nlm.nih.gov/9829047,101-478-129-005-166,0,
https://openalex.org/w1999912674,https://doi.org/10.1016/j.dental.2010.09.007,https://pubmed.ncbi.nlm.nih.gov/20970176,,0,
https://openalex.org/w2050388832,https://doi.org/10.1097/01.don.0000137647.06614.ad,https://pubmed.ncbi.nlm.nih.gov/15735468,068-208-728-297-477,0,
https://openalex.org/w2061788458,https://doi.org/10.1016/0109-5641(95)80049-2,https://pubmed.ncbi.nlm.nih.gov/8621035,,0,
https://openalex.org/w2066136758,https://doi.org/10.1016/j.dental.2003.08.008,https://pubmed.ncbi.nlm.nih.gov/15236941,,0,
https://openalex.org/w1997103961,https://doi.org/10.1007/s00244-005-0236-z,https://pubmed.ncbi.nlm.nih.gov/16998634,,0,
https://openalex.org/w2035781249,https://doi.org/10.1679/aohc.69.101,https://pubmed.ncbi.nlm.nih.gov/16819149,068-703-877-543-756,0,
https://openalex.org/w2095725242,https://doi.org/10.1002/etc.1919,https://pubmed.ncbi.nlm.nih.gov/22714401,038-720-339-485-567,0,
https://openalex.org/w2167098478,https://doi.org/10.1093/toxsci/68.1.184,https://pubmed.ncbi.nlm.nih.gov/12075121,040-396-141-929-484,0,
https://openalex.org/w2045878512,https://doi.org/10.1016/j.chroma.2012.11.014,https://pubmed.ncbi.nlm.nih.gov/23218190,,0,
https://openalex.org/w2419638584,,https://pubmed.ncbi.nlm.nih.gov/15301209,,0,
https://openalex.org/w2170357056,,https://pubmed.ncbi.nlm.nih.gov/15889664,,0,
https://openalex.org/w1983849615,https://doi.org/10.1016/j.jdent.2007.09.003,https://pubmed.ncbi.nlm.nih.gov/17935852,,0,
https://openalex.org/w2081222908,https://doi.org/10.1016/s0043-1354(01)00406-7,https://pubmed.ncbi.nlm.nih.gov/12092592,,0,
https://openalex.org/w2418195631,,https://pubmed.ncbi.nlm.nih.gov/15779311,,0,
https://openalex.org/w2155068607,https://doi.org/10.1186/1471-2407-7-109,https://pubmed.ncbi.nlm.nih.gov/17594473,091-151-560-974-727,0,
https://openalex.org/w1970324993,https://doi.org/10.1016/0300-5712(93)90026-m,https://pubmed.ncbi.nlm.nih.gov/8315090,,0,
https://openalex.org/w2400376213,,https://pubmed.ncbi.nlm.nih.gov/15461258,,0,
https://openalex.org/w2411486171,,https://pubmed.ncbi.nlm.nih.gov/2888387,,0,
https://openalex.org/w2103559395,https://doi.org/10.1016/0889-5406(89)90250-3,https://pubmed.ncbi.nlm.nih.gov/2527000,026-239-411-065-983,0,
https://openalex.org/w2042394816,https://doi.org/10.1016/j.jdent.2004.10.011,https://pubmed.ncbi.nlm.nih.gov/15833390,,0,
https://openalex.org/w1993539670,https://doi.org/10.1080/02652030600654382,https://pubmed.ncbi.nlm.nih.gov/17071526,013-105-459-375-299,0,
https://openalex.org/w2110622251,https://doi.org/10.1897/1551-5028(2003)022<0746:sadeta>2.0.co;2,https://pubmed.ncbi.nlm.nih.gov/12685708,000-150-192-680-788,0,
https://openalex.org/w2082755209,https://doi.org/10.1038/jes.2008.20,https://pubmed.ncbi.nlm.nih.gov/18414515,009-664-181-583-275,0,
https://openalex.org/w2020596935,https://doi.org/10.1021/ja0387406,https://pubmed.ncbi.nlm.nih.gov/14995212,032-856-695-666-393,0,
https://openalex.org/w1493811490,https://doi.org/10.1111/j.1532-849x.2010.00576.x,https://pubmed.ncbi.nlm.nih.gov/20202103,011-193-375-333-163,0,
https://openalex.org/w2323932779,https://doi.org/10.1179/bjo.18.1.29,https://pubmed.ncbi.nlm.nih.gov/1827348,046-960-740-302-440,0,
https://openalex.org/w2022258462,https://doi.org/10.1016/j.reprotox.2010.06.006,https://pubmed.ncbi.nlm.nih.gov/20599497,,0,
https://openalex.org/w2047921310,https://doi.org/10.1016/0889-5406(89)90223-0,https://pubmed.ncbi.nlm.nih.gov/2526578,062-592-181-037-567,0,
https://openalex.org/w2084913075,https://doi.org/10.1002/(sici)1097-0215(20000415)86:2<151::aid-ijc1>3.0.co;2-0,https://pubmed.ncbi.nlm.nih.gov/10738239,015-781-419-453-471,0,
https://openalex.org/w2095939165,https://doi.org/10.1093/carcin/bgr196,https://pubmed.ncbi.nlm.nih.gov/21890461,062-330-531-485-758,0,
https://openalex.org/w2011934829,https://doi.org/10.1016/0109-5641(95)80034-4,https://pubmed.ncbi.nlm.nih.gov/8595835,,0,
https://openalex.org/w2068428436,https://doi.org/10.1067/mpr.2002.129063,https://pubmed.ncbi.nlm.nih.gov/12474001,,0,
https://openalex.org/w2160768163,https://doi.org/10.1016/s0022-3913(11)60022-x,https://pubmed.ncbi.nlm.nih.gov/21356407,,0,
https://openalex.org/w2116580423,https://doi.org/10.1016/j.dental.2006.06.005,https://pubmed.ncbi.nlm.nih.gov/16859741,,0,
https://openalex.org/w2132885929,,https://pubmed.ncbi.nlm.nih.gov/10730285,,0,
https://openalex.org/w2032058494,https://doi.org/10.4103/0970-4388.26019,https://pubmed.ncbi.nlm.nih.gov/16823230,013-557-405-362-166,0,
https://openalex.org/w2107802751,https://doi.org/10.1016/j.ygcen.2010.03.030,https://pubmed.ncbi.nlm.nih.gov/20350546,,0,
https://openalex.org/w2062847019,https://doi.org/10.1210/en.2005-0340,https://pubmed.ncbi.nlm.nih.gov/15919749,081-976-994-419-548,0,
https://openalex.org/w2145518290,https://doi.org/10.1039/c2em10910g,https://pubmed.ncbi.nlm.nih.gov/22673540,048-599-370-143-881,0,
https://openalex.org/w1985163843,https://doi.org/10.1159/000261608,https://pubmed.ncbi.nlm.nih.gov/8500131,037-132-300-044-249,0,
https://openalex.org/w2082586479,https://doi.org/10.1016/j.aca.2011.09.002,https://pubmed.ncbi.nlm.nih.gov/22023862,,0,
https://openalex.org/w2092058456,https://doi.org/10.1897/03-222,https://pubmed.ncbi.nlm.nih.gov/15352475,007-098-700-040-488,0,
https://openalex.org/w2138176972,https://doi.org/10.1016/s0022-3913(13)60309-1,https://pubmed.ncbi.nlm.nih.gov/23684283,075-265-734-552-555,0,
https://openalex.org/w2045835119,https://doi.org/10.14219/jada.archive.1981.0241,https://pubmed.ncbi.nlm.nih.gov/6455463,007-485-285-471-642,0,
https://openalex.org/w2089523163,https://doi.org/10.1289/ehp.1103809,https://pubmed.ncbi.nlm.nih.gov/21831745,067-240-303-634-187,0,
https://openalex.org/w2021824485,https://doi.org/10.1016/j.chemosphere.2008.09.037,https://pubmed.ncbi.nlm.nih.gov/18954890,,0,
https://openalex.org/w2053525526,https://doi.org/10.4012/dmj.24.596,https://pubmed.ncbi.nlm.nih.gov/16445023,003-567-770-106-052,0,
https://openalex.org/w2034725639,https://doi.org/10.1016/j.watres.2012.02.023,https://pubmed.ncbi.nlm.nih.gov/22402269,022-265-368-325-623,0,
https://openalex.org/w2013469381,https://doi.org/10.1016/j.dental.2009.05.005,https://pubmed.ncbi.nlm.nih.gov/19560195,132-506-140-712-355,0,
https://openalex.org/w2019869810,https://doi.org/10.1590/s1678-77572010000100007,https://pubmed.ncbi.nlm.nih.gov/20379679,019-749-766-748-018,0,
https://openalex.org/w2129730526,https://doi.org/10.1590/s0103-64402002000300006,https://pubmed.ncbi.nlm.nih.gov/12428591,083-101-287-684-490,0,
https://openalex.org/w2294928157,,https://pubmed.ncbi.nlm.nih.gov/12216562,,0,
https://openalex.org/w1972163313,https://doi.org/10.1080/026520300750038126,https://pubmed.ncbi.nlm.nih.gov/11271708,041-709-419-975-268,0,
https://openalex.org/w2124598675,https://doi.org/10.1007/s12576-013-0265-8,https://pubmed.ncbi.nlm.nih.gov/23653311,035-237-989-170-197,0,
https://openalex.org/w2036357108,https://doi.org/10.1016/s0109-5641(96)80032-7,https://pubmed.ncbi.nlm.nih.gov/9002844,,0,
https://openalex.org/w2463030084,https://doi.org/10.2478/aoj-1993-0019,https://pubmed.ncbi.nlm.nih.gov/16429852,153-559-313-030-901,0,
https://openalex.org/w1989324155,https://doi.org/10.1016/j.chemosphere.2004.11.080,https://pubmed.ncbi.nlm.nih.gov/15694473,,0,
https://openalex.org/w2170924522,https://doi.org/10.1067/mod.2003.49,https://pubmed.ncbi.nlm.nih.gov/12532055,032-827-252-315-954,0,
https://openalex.org/w2093450768,https://doi.org/10.1039/b207534b,https://pubmed.ncbi.nlm.nih.gov/12510305,027-808-622-105-969,0,
https://openalex.org/w2138911863,https://doi.org/10.1590/s2176-94512013000100015,https://pubmed.ncbi.nlm.nih.gov/23876951,023-110-588-687-167,0,
https://openalex.org/w2042854844,https://doi.org/10.1016/s0889-5406(05)81492-1,https://pubmed.ncbi.nlm.nih.gov/2145756,010-771-590-093-217,0,
https://openalex.org/w81422716,,https://pubmed.ncbi.nlm.nih.gov/10337299,,0,
https://openalex.org/w1986992835,https://doi.org/10.1007/s007840050034,https://pubmed.ncbi.nlm.nih.gov/9555218,,0,
https://openalex.org/w2354080972,,https://pubmed.ncbi.nlm.nih.gov/18839522,,0,
https://openalex.org/w1981282454,https://doi.org/10.1111/j.1600-0536.2009.01652.x,https://pubmed.ncbi.nlm.nih.gov/20136881,,0,
https://openalex.org/w2422906106,https://doi.org/10.1021/pr200840b,https://pubmed.ncbi.nlm.nih.gov/22141365,049-754-779-290-805,0,
https://openalex.org/w1972120768,https://doi.org/10.1111/j.1600-0722.1991.tb01893.x,https://pubmed.ncbi.nlm.nih.gov/1831287,039-210-939-239-542,0,
https://openalex.org/w2160052886,https://doi.org/10.1016/s0109-5641(03)00098-8,https://pubmed.ncbi.nlm.nih.gov/15209228,,0,
https://openalex.org/w2085864457,https://doi.org/10.1007/s11356-012-1049-z,https://pubmed.ncbi.nlm.nih.gov/22752814,,0,
https://openalex.org/w2097563545,https://doi.org/10.1128/aem.58.6.1823-1831.1992,https://pubmed.ncbi.nlm.nih.gov/1622258,115-698-927-433-096,0,
https://openalex.org/w2119330824,https://doi.org/10.1016/j.jdent.2011.10.018,https://pubmed.ncbi.nlm.nih.gov/22094322,,0,
https://openalex.org/w34992401,,https://pubmed.ncbi.nlm.nih.gov/18402096,,0,
https://openalex.org/w2091858592,https://doi.org/10.1016/j.chroma.2005.09.003,https://pubmed.ncbi.nlm.nih.gov/16443459,,0,
https://openalex.org/w2085690086,https://doi.org/10.1007/s000180300048,https://pubmed.ncbi.nlm.nih.gov/12737316,018-540-786-194-020,0,
https://openalex.org/w1982477373,https://doi.org/10.1289/ehp.95103608,https://pubmed.ncbi.nlm.nih.gov/7556016,000-544-618-369-025,0,
https://openalex.org/w2023072087,https://doi.org/10.1177/00220345850640031201,https://pubmed.ncbi.nlm.nih.gov/3156165,073-184-987-266-656,0,
https://openalex.org/w2014754032,https://doi.org/10.1016/s0303-7207(01)00416-6,https://pubmed.ncbi.nlm.nih.gov/11403892,,0,
https://openalex.org/w2406325934,,https://pubmed.ncbi.nlm.nih.gov/8089348,,0,
https://openalex.org/w2168349771,https://doi.org/10.1152/ajpcell.00403.2007,https://pubmed.ncbi.nlm.nih.gov/18417718,003-046-493-128-54X,0,
https://openalex.org/w2473822392,,https://pubmed.ncbi.nlm.nih.gov/8601157,,0,
https://openalex.org/w2020921912,https://doi.org/10.1111/j.1600-0722.2004.00164.x,https://pubmed.ncbi.nlm.nih.gov/15560837,106-245-968-739-472,0,
https://openalex.org/w2146589455,https://doi.org/10.1177/00220345880670020901,https://pubmed.ncbi.nlm.nih.gov/11039061,120-400-912-449-876,0,
https://openalex.org/w2128551812,https://doi.org/10.1016/s0109-5641(03)00019-8,https://pubmed.ncbi.nlm.nih.gov/14511730,065-511-071-575-710,0,
https://openalex.org/w2412194895,,https://pubmed.ncbi.nlm.nih.gov/1838404,,0,
https://openalex.org/w2165141723,https://doi.org/10.1002/jssc.201200992,https://pubmed.ncbi.nlm.nih.gov/23418121,003-727-919-668-070,0,
https://openalex.org/w1971633666,https://doi.org/10.1007/s00056-002-0040-6,https://pubmed.ncbi.nlm.nih.gov/11974451,,0,
https://openalex.org/w2068513657,https://doi.org/10.1016/j.mce.2003.08.011,https://pubmed.ncbi.nlm.nih.gov/14654251,,0,
https://openalex.org/w2046190294,https://doi.org/10.1016/j.aca.2008.09.060,https://pubmed.ncbi.nlm.nih.gov/19068322,,0,
https://openalex.org/w2066561618,https://doi.org/10.2341/11-088-l,https://pubmed.ncbi.nlm.nih.gov/22433010,030-779-620-182-221,0,
https://openalex.org/w2065987800,https://doi.org/10.1016/j.jdent.2012.03.007,https://pubmed.ncbi.nlm.nih.gov/22465876,,0,
https://openalex.org/w2038609647,https://doi.org/10.1016/s0300-5712(96)00045-0,https://pubmed.ncbi.nlm.nih.gov/9175360,,0,
https://openalex.org/w2161701195,https://doi.org/10.1016/j.dental.2005.05.006,https://pubmed.ncbi.nlm.nih.gov/16154631,,0,
https://openalex.org/w1996084338,https://doi.org/10.1289/ehp.0800182,https://pubmed.ncbi.nlm.nih.gov/19479013,038-248-335-557-539,0,
https://openalex.org/w2110586503,https://doi.org/10.1128/aem.71.12.8024-8030.2005,https://pubmed.ncbi.nlm.nih.gov/16332782,011-324-311-628-55X,0,
https://openalex.org/w2088456146,https://doi.org/10.1080/09593330802099304,https://pubmed.ncbi.nlm.nih.gov/18610788,080-266-716-622-295,0,
https://openalex.org/w2124235183,https://doi.org/10.1016/j.ajodo.2005.12.006,https://pubmed.ncbi.nlm.nih.gov/16627182,039-403-931-681-548,0,
https://openalex.org/w2410437761,,https://pubmed.ncbi.nlm.nih.gov/6460795,,0,
https://openalex.org/w2060357158,https://doi.org/10.1289/ehp.1104004,https://pubmed.ncbi.nlm.nih.gov/22214814,036-699-689-378-650,0,
https://openalex.org/w2326843574,https://doi.org/10.1021/ac302004g,https://pubmed.ncbi.nlm.nih.gov/23017094,126-746-616-236-557,0,
https://openalex.org/w1970576851,https://doi.org/10.4012/dmj.25.533,https://pubmed.ncbi.nlm.nih.gov/17076324,020-864-691-009-948,0,
https://openalex.org/w2076793289,https://doi.org/10.1016/j.dental.2008.05.002,https://pubmed.ncbi.nlm.nih.gov/18757084,,0,
https://openalex.org/w1924353468,https://doi.org/10.1111/j.1365-2591.2011.01969.x,https://pubmed.ncbi.nlm.nih.gov/22007679,104-824-472-756-248,0,
https://openalex.org/w2091148382,https://doi.org/10.1007/s00244-002-2124-0,https://pubmed.ncbi.nlm.nih.gov/12712285,,0,
https://openalex.org/w2076385621,https://doi.org/10.1007/s00425-005-0147-2,https://pubmed.ncbi.nlm.nih.gov/16292569,,0,
https://openalex.org/w2115474735,https://doi.org/10.17796/jcpd.28.4.u5752qg726281351,https://pubmed.ncbi.nlm.nih.gov/15366623,008-990-738-847-598,0,
https://openalex.org/w170313490,https://doi.org/10.1177/120347541201600105,https://pubmed.ncbi.nlm.nih.gov/22417991,039-466-308-296-531,0,
https://openalex.org/w2062522870,https://doi.org/10.1002/iub.130,https://pubmed.ncbi.nlm.nih.gov/18767177,023-384-352-358-189,0,
https://openalex.org/w2111180922,https://doi.org/10.1093/ejo/19.6.629,https://pubmed.ncbi.nlm.nih.gov/9458596,117-208-229-106-563,0,
https://openalex.org/w2123967591,https://doi.org/10.1177/00220345820610031001,https://pubmed.ncbi.nlm.nih.gov/6460797,043-317-150-125-788,0,
https://openalex.org/w2032532747,https://doi.org/10.1055/s-0032-1330153,https://pubmed.ncbi.nlm.nih.gov/23441338,055-370-459-480-073,0,
https://openalex.org/w2098114642,https://doi.org/10.1186/1743-7075-9-62,https://pubmed.ncbi.nlm.nih.gov/22726273,027-015-549-083-555,0,
https://openalex.org/w2044783702,https://doi.org/10.1111/j.1463-1326.2008.00916.x,https://pubmed.ncbi.nlm.nih.gov/18643838,,0,
https://openalex.org/w2053030151,https://doi.org/10.1016/j.watres.2009.12.050,https://pubmed.ncbi.nlm.nih.gov/20106498,,0,
https://openalex.org/w1994994730,https://doi.org/10.1016/j.eurpolymj.2010.11.007,https://pubmed.ncbi.nlm.nih.gov/21499538,001-745-098-903-34X,0,
https://openalex.org/w2044247613,https://doi.org/10.14219/jada.archive.1999.0169,https://pubmed.ncbi.nlm.nih.gov/10036843,029-989-626-067-881,0,
https://openalex.org/w2033947876,https://doi.org/10.1016/s0045-6535(02)00142-x,https://pubmed.ncbi.nlm.nih.gov/12243330,,0,
https://openalex.org/w1974222955,https://doi.org/10.2166/wst.2008.711,https://pubmed.ncbi.nlm.nih.gov/18776635,020-850-237-352-714,0,
https://openalex.org/w2082561792,https://doi.org/10.4161/epi.6.7.16067,https://pubmed.ncbi.nlm.nih.gov/21636974,025-102-729-669-687,0,
https://openalex.org/w2109514158,https://doi.org/10.1016/j.dental.2010.10.009,https://pubmed.ncbi.nlm.nih.gov/21075443,,0,
https://openalex.org/w1021746850,https://doi.org/10.3290/j.jad.a21854,https://pubmed.ncbi.nlm.nih.gov/21734971,,0,
https://openalex.org/w2132835492,https://doi.org/10.2341/05-16,https://pubmed.ncbi.nlm.nih.gov/16827026,137-586-972-902-551,0,
https://openalex.org/w2066601864,https://doi.org/10.1088/1748-6041/5/5/054106,https://pubmed.ncbi.nlm.nih.gov/20876968,034-300-666-157-361,0,
https://openalex.org/w1966737615,https://doi.org/10.1080/02652030110088293,https://pubmed.ncbi.nlm.nih.gov/12028648,025-713-332-903-175,0,
https://openalex.org/w2035027058,https://doi.org/10.1016/j.watres.2012.03.008,https://pubmed.ncbi.nlm.nih.gov/22464146,,0,
https://openalex.org/w2073585197,https://doi.org/10.1177/00220345810600061401,https://pubmed.ncbi.nlm.nih.gov/6453145,,0,
https://openalex.org/w2060968800,https://doi.org/10.1111/j.1600-0722.2004.00179.x,https://pubmed.ncbi.nlm.nih.gov/15560838,045-391-101-587-415,0,
https://openalex.org/w2061191358,https://doi.org/10.14219/jada.archive.1988.0345,https://pubmed.ncbi.nlm.nih.gov/2963849,030-162-546-056-488,0,
https://openalex.org/w2019226516,https://doi.org/10.1001/jama.2012.91939,https://pubmed.ncbi.nlm.nih.gov/23299595,,0,
https://openalex.org/w1857251985,https://doi.org/10.1046/j.1471-4159.2003.02270.x,https://pubmed.ncbi.nlm.nih.gov/15009642,045-459-028-130-571,0,
https://openalex.org/w2068809017,https://doi.org/10.1016/s0045-6535(97)10133-3,https://pubmed.ncbi.nlm.nih.gov/9566294,,0,
https://openalex.org/w2092415139,https://doi.org/10.1002/(sici)1097-0231(19991115)13:21<2204::aid-rcm776>3.0.co;2-9,https://pubmed.ncbi.nlm.nih.gov/10523782,083-878-083-056-380,0,
https://openalex.org/w1983215781,https://doi.org/10.1007/s10646-010-0533-9,https://pubmed.ncbi.nlm.nih.gov/20711811,,0,
https://openalex.org/w2095716456,https://doi.org/10.1002/etc.70,https://pubmed.ncbi.nlm.nih.gov/20821492,080-355-613-890-136,0,
https://openalex.org/w2016301083,https://doi.org/10.1016/j.ygcen.2004.05.004,https://pubmed.ncbi.nlm.nih.gov/15242752,,0,
https://openalex.org/w2007448037,https://doi.org/10.1016/s0109-5641(05)80012-0,https://pubmed.ncbi.nlm.nih.gov/2150825,,0,
https://openalex.org/w1982377908,https://doi.org/10.1016/s0166-445x(99)00051-x,https://pubmed.ncbi.nlm.nih.gov/10686316,,0,
https://openalex.org/w2147327250,https://doi.org/10.1081/pfc-120003100,https://pubmed.ncbi.nlm.nih.gov/12009193,142-244-257-315-682,0,
https://openalex.org/w2116658601,https://doi.org/10.1080/15287390903212444,https://pubmed.ncbi.nlm.nih.gov/20077204,006-455-905-940-320,0,
https://openalex.org/w1976128067,https://doi.org/10.1177/00220345990780081301,https://pubmed.ncbi.nlm.nih.gov/10439035,055-982-460-617-740,0,
https://openalex.org/w1783353327,https://doi.org/10.1177/00220345940730101101,https://pubmed.ncbi.nlm.nih.gov/7929980,109-612-603-436-146,0,
https://openalex.org/w2008799105,https://doi.org/10.1016/j.neulet.2003.11.027,https://pubmed.ncbi.nlm.nih.gov/14746872,,0,
https://openalex.org/w2083438910,https://doi.org/10.1248/bpb.29.206,https://pubmed.ncbi.nlm.nih.gov/16462019,059-021-961-356-035,0,
https://openalex.org/w2412319106,,https://pubmed.ncbi.nlm.nih.gov/6240430,,0,
https://openalex.org/w2025260655,https://doi.org/10.1021/es0300158,https://pubmed.ncbi.nlm.nih.gov/12966991,111-799-392-182-602,0,
https://openalex.org/w2119561740,https://doi.org/10.1016/s0889-5406(95)70026-9,https://pubmed.ncbi.nlm.nih.gov/7661149,004-795-559-936-481,0,
https://openalex.org/w2008609621,https://doi.org/10.1007/s00128-006-1092-x,https://pubmed.ncbi.nlm.nih.gov/17123008,,0,
https://openalex.org/w2428188087,,https://pubmed.ncbi.nlm.nih.gov/8940582,,0,
https://openalex.org/w2414923586,,https://pubmed.ncbi.nlm.nih.gov/6459970,,0,
https://openalex.org/w1990378052,https://doi.org/10.1007/s00216-013-6723-6,https://pubmed.ncbi.nlm.nih.gov/23354574,,0,
https://openalex.org/w2030448330,https://doi.org/10.1046/j.1365-2842.1999.00366.x,https://pubmed.ncbi.nlm.nih.gov/10194736,076-362-151-022-609,0,
https://openalex.org/w189750395,,https://pubmed.ncbi.nlm.nih.gov/15279486,,0,
https://openalex.org/w1974550492,https://doi.org/10.1111/j.1834-7819.2007.tb00474.x,https://pubmed.ncbi.nlm.nih.gov/17687956,008-119-175-951-705,0,
https://openalex.org/w2136186217,https://doi.org/10.1043/0003-3219(2001)071<0307:bbswto>2.0.co;2,https://pubmed.ncbi.nlm.nih.gov/11510640,,0,
https://openalex.org/w2041035228,https://doi.org/10.1016/0022-3913(91)90042-u,https://pubmed.ncbi.nlm.nih.gov/1827842,,0,
https://openalex.org/w2047881456,https://doi.org/10.1002/cbdv.200790170,https://pubmed.ncbi.nlm.nih.gov/17886831,065-924-641-291-097,0,
https://openalex.org/w2050446874,https://doi.org/10.1080/10590501.2013.782180,https://pubmed.ncbi.nlm.nih.gov/23672405,018-764-672-025-512,0,
https://openalex.org/w2079644751,https://doi.org/10.1271/bbb.67.218,https://pubmed.ncbi.nlm.nih.gov/12619702,003-345-536-925-486,0,
https://openalex.org/w2062753439,https://doi.org/10.1016/j.aquatox.2011.10.013,https://pubmed.ncbi.nlm.nih.gov/22100034,,0,
https://openalex.org/w1997109305,https://doi.org/10.1177/00220345910700050401,https://pubmed.ncbi.nlm.nih.gov/1850765,106-633-411-595-816,0,
https://openalex.org/w2142982207,https://doi.org/10.14219/jada.archive.2004.0050,https://pubmed.ncbi.nlm.nih.gov/15551981,154-250-332-282-742,0,
https://openalex.org/w155066050,https://doi.org/10.3290/j.jad.a29530,https://pubmed.ncbi.nlm.nih.gov/23560255,,0,
https://openalex.org/w2109833994,https://doi.org/10.1111/j.1365-2605.2007.00832.x,https://pubmed.ncbi.nlm.nih.gov/17971160,091-412-631-616-998,0,
https://openalex.org/w2109616910,https://doi.org/10.1080/10934529.2012.672301,https://pubmed.ncbi.nlm.nih.gov/22571523,046-070-816-200-359,0,
https://openalex.org/w2077940496,https://doi.org/10.2341/11-347-l,https://pubmed.ncbi.nlm.nih.gov/22616926,016-024-935-155-823,0,
https://openalex.org/w1589770412,https://doi.org/10.1007/s11783-007-0060-y,https://pubmed.ncbi.nlm.nih.gov/16686192,,0,
https://openalex.org/w283951798,,https://pubmed.ncbi.nlm.nih.gov/16052763,,0,
https://openalex.org/w2143248519,https://doi.org/10.1210/en.2010-0445,https://pubmed.ncbi.nlm.nih.gov/20489050,037-279-823-699-187,0,
https://openalex.org/w2041680723,https://doi.org/10.1016/s0006-291x(02)00262-0,https://pubmed.ncbi.nlm.nih.gov/12054637,,0,
https://openalex.org/w78465968,,https://pubmed.ncbi.nlm.nih.gov/21141134,,0,
https://openalex.org/w1993499713,https://doi.org/10.1016/j.chembiol.2006.06.016,https://pubmed.ncbi.nlm.nih.gov/16931338,076-284-086-178-701,0,
https://openalex.org/w2147667989,https://doi.org/10.2337/diabetes.55.04.06.db05-0985,https://pubmed.ncbi.nlm.nih.gov/16567512,005-839-892-124-75X,0,
https://openalex.org/w2094262803,https://doi.org/10.1262/jrd.16008,https://pubmed.ncbi.nlm.nih.gov/15738621,079-535-793-350-630,0,
https://openalex.org/w144204930,,https://pubmed.ncbi.nlm.nih.gov/22734254,,0,
https://openalex.org/w2108511658,https://doi.org/10.2116/analsci.28.457,https://pubmed.ncbi.nlm.nih.gov/22687924,,0,
https://openalex.org/w2085470067,https://doi.org/10.1016/j.reprotox.2004.08.003,https://pubmed.ncbi.nlm.nih.gov/15501383,,0,
https://openalex.org/w2044189860,https://doi.org/10.1016/j.dental.2007.05.017,https://pubmed.ncbi.nlm.nih.gov/17719627,,0,
https://openalex.org/w2171247756,https://doi.org/10.1016/j.rbmo.2013.02.005,https://pubmed.ncbi.nlm.nih.gov/23510680,033-587-015-257-558,0,
https://openalex.org/w2030120768,https://doi.org/10.1007/s00216-003-2251-0,https://pubmed.ncbi.nlm.nih.gov/14579009,,0,
https://openalex.org/w1997860108,https://doi.org/10.1385/abab:120:3:175,https://pubmed.ncbi.nlm.nih.gov/15767692,,0,
https://openalex.org/w2042159348,https://doi.org/10.1289/ehp.119-a306b,https://pubmed.ncbi.nlm.nih.gov/21719384,159-612-658-630-716,0,
https://openalex.org/w1982749051,https://doi.org/10.1016/s1389-1723(04)70243-1,https://pubmed.ncbi.nlm.nih.gov/16233667,,0,
https://openalex.org/w2166939888,https://doi.org/10.1177/0885328208098594,https://pubmed.ncbi.nlm.nih.gov/19033325,104-208-054-225-445,0,
https://openalex.org/w2012658136,https://doi.org/10.1046/j.1365-2842.2001.00639.x,https://pubmed.ncbi.nlm.nih.gov/11298269,017-085-133-395-142,0,
https://openalex.org/w1514988168,,https://pubmed.ncbi.nlm.nih.gov/10980474,,0,
https://openalex.org/w2012542663,https://doi.org/10.1016/j.ajodo.2009.03.006,https://pubmed.ncbi.nlm.nih.gov/19577155,122-573-812-503-167,0,
https://openalex.org/w2401005584,,https://pubmed.ncbi.nlm.nih.gov/11404887,,0,
https://openalex.org/w2425042741,https://doi.org/10.2166/wst.2003.0490,https://pubmed.ncbi.nlm.nih.gov/12830940,091-898-539-749-491,0,
https://openalex.org/w2078565327,https://doi.org/10.1177/154405910708600307,https://pubmed.ncbi.nlm.nih.gov/17314254,011-864-126-921-671,0,
https://openalex.org/w2052173572,https://doi.org/10.1016/0142-9612(93)90010-y,https://pubmed.ncbi.nlm.nih.gov/8218741,,0,
https://openalex.org/w2129114360,https://doi.org/10.1210/en.2006-0598,https://pubmed.ncbi.nlm.nih.gov/16847092,,0,
https://openalex.org/w2414518473,,https://pubmed.ncbi.nlm.nih.gov/11357576,,0,
https://openalex.org/w2010780069,https://doi.org/10.1111/j.1708-8240.1999.tb00373.x,https://pubmed.ncbi.nlm.nih.gov/10337287,006-424-581-355-94X,0,
https://openalex.org/w2095075856,https://doi.org/10.3109/10799899009064667,https://pubmed.ncbi.nlm.nih.gov/2079700,038-999-588-903-644,0,
https://openalex.org/w2106022002,https://doi.org/10.1590/s1678-77572011000100006,https://pubmed.ncbi.nlm.nih.gov/21437465,012-622-652-518-326,0,
https://openalex.org/w94058878,,https://pubmed.ncbi.nlm.nih.gov/18197322,,0,
https://openalex.org/w1978858287,https://doi.org/10.1263/jbb.105.157,https://pubmed.ncbi.nlm.nih.gov/18343344,,0,
https://openalex.org/w2027637679,https://doi.org/10.1016/j.fct.2010.07.019,https://pubmed.ncbi.nlm.nih.gov/20643179,,0,
https://openalex.org/w2418033136,,https://pubmed.ncbi.nlm.nih.gov/9697235,,0,
https://openalex.org/w1991694614,https://doi.org/10.1016/j.mce.2012.03.021,https://pubmed.ncbi.nlm.nih.gov/22526026,,0,
https://openalex.org/w1990117176,https://doi.org/10.1371/journal.pone.0051086,https://pubmed.ncbi.nlm.nih.gov/23227235,014-816-715-615-94X,0,
https://openalex.org/w1995899727,https://doi.org/10.1016/s0045-6535(03)00704-5,https://pubmed.ncbi.nlm.nih.gov/14559264,,0,
https://openalex.org/w2001848633,https://doi.org/10.1002/brb3.130,https://pubmed.ncbi.nlm.nih.gov/23785654,126-688-742-069-961,0,
https://openalex.org/w2015704620,https://doi.org/10.4103/0970-9290.40467,https://pubmed.ncbi.nlm.nih.gov/18445930,005-430-661-313-12X,0,
https://openalex.org/w2003307772,https://doi.org/10.1016/j.chroma.2009.05.002,https://pubmed.ncbi.nlm.nih.gov/19477451,045-913-982-290-579,0,
https://openalex.org/w2354404352,,https://pubmed.ncbi.nlm.nih.gov/16909604,,0,
https://openalex.org/w2077597735,https://doi.org/10.14219/jada.archive.2011.0302,https://pubmed.ncbi.nlm.nih.gov/21804062,007-179-304-684-809,0,
https://openalex.org/w1967123749,https://doi.org/10.1016/0022-3913(94)90464-2,https://pubmed.ncbi.nlm.nih.gov/8164167,,0,
https://openalex.org/w1972930221,https://doi.org/10.1016/0022-3913(89)90367-3,https://pubmed.ncbi.nlm.nih.gov/2523968,,0,
https://openalex.org/w2005985444,https://doi.org/10.1006/taap.1999.8663,https://pubmed.ncbi.nlm.nih.gov/10329509,,0,
https://openalex.org/w1499211032,https://doi.org/10.1289/ehp.1205092,https://pubmed.ncbi.nlm.nih.gov/23052180,117-046-179-415-552,0,
https://openalex.org/w2066630741,https://doi.org/10.1021/am1006639,https://pubmed.ncbi.nlm.nih.gov/20949927,017-428-061-546-096,0,
https://openalex.org/w2094197840,https://doi.org/10.1007/s002160000668,https://pubmed.ncbi.nlm.nih.gov/11225353,,0,
https://openalex.org/w4231205031,https://doi.org/10.1080/00028896709342526,https://pubmed.ncbi.nlm.nih.gov/6032412,,0,
https://openalex.org/w2094393413,https://doi.org/10.1016/0109-5641(93)90086-6,https://pubmed.ncbi.nlm.nih.gov/8595839,,0,
https://openalex.org/w1593504264,https://doi.org/10.1111/j.1365-2591.2011.02001.x,https://pubmed.ncbi.nlm.nih.gov/22242562,071-732-667-737-385,0,
https://openalex.org/w1987860571,https://doi.org/10.1007/s10532-004-5023-4,https://pubmed.ncbi.nlm.nih.gov/15865158,,0,
https://openalex.org/w2040245169,https://doi.org/10.1292/jvms.65.881,https://pubmed.ncbi.nlm.nih.gov/12951420,082-357-030-029-389,0,
https://openalex.org/w2414797959,https://doi.org/10.5005/jcdp-7-5-42,https://pubmed.ncbi.nlm.nih.gov/17091139,069-397-497-706-430,0,
https://openalex.org/w2135576385,https://doi.org/10.1067/mod.2002.120160,https://pubmed.ncbi.nlm.nih.gov/11941345,022-423-596-219-815,0,
https://openalex.org/w2043331889,https://doi.org/10.1016/j.jdent.2012.10.017,https://pubmed.ncbi.nlm.nih.gov/23137995,,0,
https://openalex.org/w2417033760,,https://pubmed.ncbi.nlm.nih.gov/2461024,,0,
https://openalex.org/w2073210696,https://doi.org/10.4012/dmj.2012-059,https://pubmed.ncbi.nlm.nih.gov/23037853,005-687-220-184-821,0,
https://openalex.org/w1995094311,https://doi.org/10.1016/j.dental.2006.01.013,https://pubmed.ncbi.nlm.nih.gov/16499961,,0,
https://openalex.org/w2101101997,https://doi.org/10.1002/elps.201200480,https://pubmed.ncbi.nlm.nih.gov/23172695,072-176-485-303-473,0,
https://openalex.org/w2061109055,https://doi.org/10.1016/s0109-5641(02)00030-1,https://pubmed.ncbi.nlm.nih.gov/12628431,038-981-924-102-155,0,
https://openalex.org/w1999551602,https://doi.org/10.1016/j.dental.2008.03.015,https://pubmed.ncbi.nlm.nih.gov/18433858,,0,
https://openalex.org/w2029989717,https://doi.org/10.1016/j.toxlet.2011.04.032,https://pubmed.ncbi.nlm.nih.gov/21571050,,0,
https://openalex.org/w2058902091,https://doi.org/10.1002/jcb.21960,https://pubmed.ncbi.nlm.nih.gov/18980245,132-637-954-078-242,0,
https://openalex.org/w2473880087,,https://pubmed.ncbi.nlm.nih.gov/19234432,,0,
https://openalex.org/w2030408361,https://doi.org/10.1007/s10103-010-0857-y,https://pubmed.ncbi.nlm.nih.gov/21104286,,0,
https://openalex.org/w2005186982,https://doi.org/10.1007/s10661-012-2938-9,https://pubmed.ncbi.nlm.nih.gov/23064854,,0,
https://openalex.org/w2017824486,https://doi.org/10.1177/00220345820610101401,https://pubmed.ncbi.nlm.nih.gov/6214571,087-212-151-303-588,0,
https://openalex.org/w1990091977,https://doi.org/10.1016/s0109-5641(88)80052-6,https://pubmed.ncbi.nlm.nih.gov/2978752,,0,
https://openalex.org/w2071759676,https://doi.org/10.1016/j.envpol.2006.09.015,https://pubmed.ncbi.nlm.nih.gov/17118260,,0,
https://openalex.org/w1985335276,https://doi.org/10.1210/en.2010-1042,https://pubmed.ncbi.nlm.nih.gov/21303948,019-893-568-241-79X,0,
https://openalex.org/w2026598913,https://doi.org/10.1016/j.aca.2008.05.036,https://pubmed.ncbi.nlm.nih.gov/18558118,,0,
https://openalex.org/w2474726318,,https://pubmed.ncbi.nlm.nih.gov/14579879,,0,
https://openalex.org/w2104151989,https://doi.org/10.1371/journal.pone.0026868,https://pubmed.ncbi.nlm.nih.gov/22046388,059-298-093-002-342,0,
https://openalex.org/w2044647771,https://doi.org/10.1016/j.jchromb.2005.11.050,https://pubmed.ncbi.nlm.nih.gov/16377264,139-746-850-419-45X,0,
https://openalex.org/w2028247310,https://doi.org/10.1067/mod.2002.122165,https://pubmed.ncbi.nlm.nih.gov/12045770,016-710-120-398-277,0,
https://openalex.org/w17882883,,https://pubmed.ncbi.nlm.nih.gov/15218708,,0,
https://openalex.org/w1972180469,https://doi.org/10.1016/s0021-9673(03)01039-2,https://pubmed.ncbi.nlm.nih.gov/14558619,,0,
https://openalex.org/w2063218936,https://doi.org/10.1016/j.envres.2010.10.001,https://pubmed.ncbi.nlm.nih.gov/20970783,,0,
https://openalex.org/w2041651570,https://doi.org/10.1021/ac034280n,https://pubmed.ncbi.nlm.nih.gov/14632118,110-178-117-850-292,0,
https://openalex.org/w1975792785,https://doi.org/10.1016/j.watres.2007.07.023,https://pubmed.ncbi.nlm.nih.gov/17681362,,0,
https://openalex.org/w2067872298,https://doi.org/10.1177/0022034508329703,https://pubmed.ncbi.nlm.nih.gov/19278987,022-759-881-694-710,0,
https://openalex.org/w2062157698,https://doi.org/10.1016/j.prosdent.2005.02.001,https://pubmed.ncbi.nlm.nih.gov/15867755,,0,
https://openalex.org/w32104591,,https://pubmed.ncbi.nlm.nih.gov/9002813,,0,
https://openalex.org/w2015485305,https://doi.org/10.1016/j.talanta.2012.09.033,https://pubmed.ncbi.nlm.nih.gov/23158360,,0,
https://openalex.org/w2005174826,https://doi.org/10.1021/es071804i,https://pubmed.ncbi.nlm.nih.gov/18497153,119-954-935-869-135,0,
https://openalex.org/w2086518525,https://doi.org/10.1016/s0045-6535(02)00581-7,https://pubmed.ncbi.nlm.nih.gov/12685742,,0,
https://openalex.org/w2063358837,https://doi.org/10.1016/j.ecoenv.2012.01.013,https://pubmed.ncbi.nlm.nih.gov/22305120,026-403-871-483-264,0,
https://openalex.org/w1987400630,https://doi.org/10.1016/j.scitotenv.2012.08.039,https://pubmed.ncbi.nlm.nih.gov/22975307,,0,
https://openalex.org/w2034182712,https://doi.org/10.1016/j.cbpc.2011.09.005,https://pubmed.ncbi.nlm.nih.gov/21946248,,0,
https://openalex.org/w1997769542,https://doi.org/10.1289/ehp.121-a135,https://pubmed.ncbi.nlm.nih.gov/23548758,071-302-566-072-994,0,
https://openalex.org/w2021379837,https://doi.org/10.1016/j.scitotenv.2009.05.006,https://pubmed.ncbi.nlm.nih.gov/19482336,,0,
https://openalex.org/w2099478190,https://doi.org/10.3967/0895-3988.2011.01.005,https://pubmed.ncbi.nlm.nih.gov/21440838,,0,
https://openalex.org/w2072384141,https://doi.org/10.1016/j.tox.2011.09.006,https://pubmed.ncbi.nlm.nih.gov/21971502,,1,
https://openalex.org/w2088597166,https://doi.org/10.1016/0300-5712(95)90661-z,https://pubmed.ncbi.nlm.nih.gov/7876418,,0,
https://openalex.org/w2035987349,https://doi.org/10.1177/00220345900690010501,https://pubmed.ncbi.nlm.nih.gov/2137466,013-853-767-382-486,0,
https://openalex.org/w2006523668,https://doi.org/10.1080/02652030600889541,https://pubmed.ncbi.nlm.nih.gov/17071528,033-519-500-400-755,0,
https://openalex.org/w1998650753,https://doi.org/10.1016/j.fertnstert.2007.12.023,https://pubmed.ncbi.nlm.nih.gov/18308059,109-132-515-220-983,0,
https://openalex.org/w1941698224,https://doi.org/10.1046/j.0305-182x.2003.01206.x,https://pubmed.ncbi.nlm.nih.gov/15125599,014-180-899-899-076,0,
https://openalex.org/w1976755375,https://doi.org/10.1016/j.jenvman.2012.03.021,https://pubmed.ncbi.nlm.nih.gov/22481365,,0,
https://openalex.org/w1964362589,https://doi.org/10.1016/j.actbio.2005.10.004,https://pubmed.ncbi.nlm.nih.gov/16701862,025-880-772-331-391,0,
https://openalex.org/w1980050085,https://doi.org/10.1016/j.envpol.2007.05.033,https://pubmed.ncbi.nlm.nih.gov/17854960,,0,
https://openalex.org/w2081779029,https://doi.org/10.1016/s0022-3913(09)60161-x,https://pubmed.ncbi.nlm.nih.gov/19782826,,0,
https://openalex.org/w2112109714,https://doi.org/10.1016/j.jdent.2006.09.002,https://pubmed.ncbi.nlm.nih.gov/17045723,,0,
https://openalex.org/w2334623394,https://doi.org/10.1021/es304050f,https://pubmed.ncbi.nlm.nih.gov/23145811,003-270-065-465-175,0,
https://openalex.org/w2078172571,https://doi.org/10.1016/j.talanta.2012.09.050,https://pubmed.ncbi.nlm.nih.gov/23158342,,0,
https://openalex.org/w2028661541,https://doi.org/10.1289/ehp.1205826,https://pubmed.ncbi.nlm.nih.gov/23458715,067-233-456-471-256,0,
https://openalex.org/w2028310425,https://doi.org/10.2341/05-10,https://pubmed.ncbi.nlm.nih.gov/16827022,103-203-753-858-920,0,
https://openalex.org/w2113485646,https://doi.org/10.1016/j.dental.2009.01.099,https://pubmed.ncbi.nlm.nih.gov/19249090,,0,
https://openalex.org/w2058553989,https://doi.org/10.1111/j.1600-0722.1990.tb00957.x,https://pubmed.ncbi.nlm.nih.gov/2111576,081-830-523-072-910,0,
https://openalex.org/w1999319705,https://doi.org/10.1016/j.jsbmb.2005.08.018,https://pubmed.ncbi.nlm.nih.gov/16413991,,0,
https://openalex.org/w266005542,https://doi.org/10.1177/039139888400700311,https://pubmed.ncbi.nlm.nih.gov/6329963,006-091-958-418-195,0,
https://openalex.org/w2036068820,https://doi.org/10.1016/j.jsbmb.2007.06.006,https://pubmed.ncbi.nlm.nih.gov/17964775,,0,
https://openalex.org/w2119610507,https://doi.org/10.1177/154405910208100709,https://pubmed.ncbi.nlm.nih.gov/12161460,015-753-113-945-360,0,
https://openalex.org/w1974563524,https://doi.org/10.4012/dmj.2010-181,https://pubmed.ncbi.nlm.nih.gov/21597213,041-522-973-747-190,0,
https://openalex.org/w2076588421,https://doi.org/10.1289/ehp.0901819,https://pubmed.ncbi.nlm.nih.gov/20427257,083-010-461-097-563,0,
https://openalex.org/w1921525784,https://doi.org/10.4012/dmj.2011-077,https://pubmed.ncbi.nlm.nih.gov/21946496,052-823-043-100-639,0,
https://openalex.org/w2016698311,https://doi.org/10.1371/journal.pone.0060616,https://pubmed.ncbi.nlm.nih.gov/23593263,006-913-838-591-647,0,
https://openalex.org/w1975330395,https://doi.org/10.3892/ol.2013.1236,https://pubmed.ncbi.nlm.nih.gov/23761822,108-754-163-810-92X,0,
https://openalex.org/w2395883097,,https://pubmed.ncbi.nlm.nih.gov/16708724,,0,
https://openalex.org/w2082168442,https://doi.org/10.1007/s11356-009-0172-y,https://pubmed.ncbi.nlm.nih.gov/19495820,,0,
https://openalex.org/w2009139339,https://doi.org/10.1111/j.1749-6632.2002.tb05899.x,https://pubmed.ncbi.nlm.nih.gov/12446316,039-660-937-161-583,0,
https://openalex.org/w2026802171,https://doi.org/10.1016/j.jdent.2006.11.005,https://pubmed.ncbi.nlm.nih.gov/17196319,,0,
https://openalex.org/w2117870346,https://doi.org/10.2174/156652412798376161,https://pubmed.ncbi.nlm.nih.gov/22082482,066-096-807-509-662,0,
https://openalex.org/w2065790745,https://doi.org/10.1007/s007840050072,https://pubmed.ncbi.nlm.nih.gov/10522187,,0,
https://openalex.org/w2048131145,https://doi.org/10.1097/med.0b013e3283305af7,https://pubmed.ncbi.nlm.nih.gov/19625957,058-381-196-148-10X,0,
https://openalex.org/w2162878065,,,,0,
https://openalex.org/w2042778800,https://doi.org/10.1007/s12010-012-9601-3,https://pubmed.ncbi.nlm.nih.gov/22371062,,0,
https://openalex.org/w2054463682,https://doi.org/10.1002/iub.1049,https://pubmed.ncbi.nlm.nih.gov/22692793,027-902-762-561-078,0,
https://openalex.org/w2036312995,https://doi.org/10.1046/j.1365-2842.1998.00258.x,https://pubmed.ncbi.nlm.nih.gov/9687116,004-116-137-370-943,0,
https://openalex.org/w1968506563,https://doi.org/10.1016/j.toxlet.2008.11.001,https://pubmed.ncbi.nlm.nih.gov/19049859,,0,
https://openalex.org/w2007888807,https://doi.org/10.1016/j.reprotox.2007.07.005,https://pubmed.ncbi.nlm.nih.gov/17768031,,0,
https://openalex.org/w2162285332,https://doi.org/10.1093/carcin/bgi339,https://pubmed.ncbi.nlm.nih.gov/16474171,040-225-884-020-873,0,
https://openalex.org/w2011862429,https://doi.org/10.1016/j.envint.2009.07.011,https://pubmed.ncbi.nlm.nih.gov/19665798,046-762-763-673-853,0,
https://openalex.org/w2465637348,,https://pubmed.ncbi.nlm.nih.gov/11203803,,0,
https://openalex.org/w2077512198,https://doi.org/10.1103/physrevlett.93.248101,https://pubmed.ncbi.nlm.nih.gov/15697863,020-880-044-368-434,0,
https://openalex.org/w1966524745,https://doi.org/10.4012/dmj.27.660,https://pubmed.ncbi.nlm.nih.gov/18972781,016-792-597-038-377,0,
https://openalex.org/w2128371396,https://doi.org/10.1093/ejo/cjq056,https://pubmed.ncbi.nlm.nih.gov/20805142,110-131-212-619-971,0,
https://openalex.org/w2471528865,,https://pubmed.ncbi.nlm.nih.gov/22044464,,0,
https://openalex.org/w2028725166,https://doi.org/10.3358/shokueishi.47.99,https://pubmed.ncbi.nlm.nih.gov/16862986,032-066-502-038-686,0,
https://openalex.org/w2001920946,https://doi.org/10.1016/j.fct.2011.07.062,https://pubmed.ncbi.nlm.nih.gov/21840368,,0,
https://openalex.org/w85865366,https://doi.org/10.5005/jcdp-9-5-17,https://pubmed.ncbi.nlm.nih.gov/18633465,040-185-857-825-728,0,
https://openalex.org/w2013545645,https://doi.org/10.1007/s00216-008-2332-1,https://pubmed.ncbi.nlm.nih.gov/18726089,083-878-272-308-17X,0,
https://openalex.org/w2026349485,https://doi.org/10.1080/152873901753170740,https://pubmed.ncbi.nlm.nih.gov/11700006,043-775-498-285-676,0,
https://openalex.org/w2124412923,https://doi.org/10.1093/ejo/cjm056,https://pubmed.ncbi.nlm.nih.gov/17962317,081-787-438-622-294,0,
https://openalex.org/w2169880612,https://doi.org/10.1046/j.1365-2842.2002.00855.x,https://pubmed.ncbi.nlm.nih.gov/12071920,023-573-665-830-352,0,
https://openalex.org/w1576213259,https://doi.org/10.1111/j.1532-849x.2011.00827.x,https://pubmed.ncbi.nlm.nih.gov/22339985,066-476-499-734-378,0,
https://openalex.org/w2058172035,https://doi.org/10.1016/j.dental.2005.04.019,https://pubmed.ncbi.nlm.nih.gov/16143383,,0,
https://openalex.org/w2015007826,https://doi.org/10.1016/s0045-6535(01)00032-7,https://pubmed.ncbi.nlm.nih.gov/11572589,,0,
https://openalex.org/w2091820669,https://doi.org/10.1016/j.chroma.2003.09.050,https://pubmed.ncbi.nlm.nih.gov/14753765,,0,
https://openalex.org/w2073818850,https://doi.org/10.1016/j.ajodo.2004.02.015,https://pubmed.ncbi.nlm.nih.gov/15821685,059-542-579-176-336,0,
https://openalex.org/w1672411170,,https://pubmed.ncbi.nlm.nih.gov/15119711,,0,
https://openalex.org/w2419650716,,https://pubmed.ncbi.nlm.nih.gov/8054304,,0,
https://openalex.org/w2071704205,https://doi.org/10.1016/j.cbpc.2008.01.007,https://pubmed.ncbi.nlm.nih.gov/18280221,,0,
https://openalex.org/w2086516077,https://doi.org/10.1016/j.chemosphere.2010.03.042,https://pubmed.ncbi.nlm.nih.gov/20444488,,0,
https://openalex.org/w2103937849,https://doi.org/10.1016/j.dental.2005.06.007,https://pubmed.ncbi.nlm.nih.gov/16229885,,0,
https://openalex.org/w1269343176,https://doi.org/10.1007/bf01358715,https://pubmed.ncbi.nlm.nih.gov/10028788,,0,
https://openalex.org/w1516036470,https://doi.org/10.3967/0895-3988.2012.03.006,https://pubmed.ncbi.nlm.nih.gov/22840579,,0,
https://openalex.org/w1998139812,https://doi.org/10.2166/wst.2010.964,https://pubmed.ncbi.nlm.nih.gov/20220243,023-814-831-313-882,0,
https://openalex.org/w2036977204,https://doi.org/10.1016/j.bmc.2013.04.012,https://pubmed.ncbi.nlm.nih.gov/23643898,058-034-747-565-545,0,
https://openalex.org/w1979676197,https://doi.org/10.1067/mpr.2003.33,https://pubmed.ncbi.nlm.nih.gov/12644801,,0,
https://openalex.org/w2067952741,https://doi.org/10.1016/j.jcis.2011.10.009,https://pubmed.ncbi.nlm.nih.gov/22137852,,0,
https://openalex.org/w1966287514,https://doi.org/10.1016/s0960-0760(00)00092-3,https://pubmed.ncbi.nlm.nih.gov/11086226,,0,
https://openalex.org/w10759046,,https://pubmed.ncbi.nlm.nih.gov/20943031,,0,
https://openalex.org/w2430007025,,https://pubmed.ncbi.nlm.nih.gov/15293416,,0,
https://openalex.org/w2089519890,https://doi.org/10.1007/s10266-001-8179-y,https://pubmed.ncbi.nlm.nih.gov/14530916,,0,
https://openalex.org/w2024828508,https://doi.org/10.2319/101509-577.1,https://pubmed.ncbi.nlm.nih.gov/20578860,033-141-657-534-055,0,
https://openalex.org/w2060782374,https://doi.org/10.1038/sj.bdj.4801124,https://pubmed.ncbi.nlm.nih.gov/11523887,103-599-265-575-810,0,
https://openalex.org/w2074504803,https://doi.org/10.1016/s0166-445x(01)00148-5,https://pubmed.ncbi.nlm.nih.gov/11551626,,0,
https://openalex.org/w2060226229,https://doi.org/10.3892/ijmm.2012.1122,https://pubmed.ncbi.nlm.nih.gov/22961055,026-737-299-785-607,0,
https://openalex.org/w2010893902,https://doi.org/10.1016/s0045-6535(01)00093-5,https://pubmed.ncbi.nlm.nih.gov/11827295,,0,
https://openalex.org/w2100247356,https://doi.org/10.1093/toxsci/kfg150,https://pubmed.ncbi.nlm.nih.gov/12805653,053-500-824-752-824,0,
https://openalex.org/w2008287122,https://doi.org/10.1080/02652030500307172,https://pubmed.ncbi.nlm.nih.gov/16236636,071-303-916-371-308,0,
https://openalex.org/w2050350242,https://doi.org/10.1016/j.nbt.2012.05.023,https://pubmed.ncbi.nlm.nih.gov/22677085,016-148-207-330-405,0,
https://openalex.org/w2034619691,https://doi.org/10.1016/s0099-2399(97)80317-2,https://pubmed.ncbi.nlm.nih.gov/9587327,,0,
https://openalex.org/w2009085307,https://doi.org/10.1016/j.jmbbm.2011.08.007,https://pubmed.ncbi.nlm.nih.gov/22100103,,0,
https://openalex.org/w2015358517,https://doi.org/10.1897/05-074r.1,https://pubmed.ncbi.nlm.nih.gov/16268167,051-600-395-070-387,0,
https://openalex.org/w2415244619,,https://pubmed.ncbi.nlm.nih.gov/7865420,,0,
https://openalex.org/w1996595139,https://doi.org/10.1016/j.maturitas.2010.03.001,https://pubmed.ncbi.nlm.nih.gov/20347536,,0,
https://openalex.org/w2470285619,,https://pubmed.ncbi.nlm.nih.gov/6454594,,0,
https://openalex.org/w2157029495,https://doi.org/10.1002/jnr.21739,https://pubmed.ncbi.nlm.nih.gov/18521933,103-623-438-124-223,0,
https://openalex.org/w2342188451,https://doi.org/10.1043/0003-3219(2005)75[836:bsodma]2.0.co;2,https://pubmed.ncbi.nlm.nih.gov/16279832,,0,
https://openalex.org/w2015173006,https://doi.org/10.1080/09593330.2011.579181,https://pubmed.ncbi.nlm.nih.gov/22519095,054-504-444-557-618,0,
https://openalex.org/w2001728974,https://doi.org/10.1016/j.etap.2013.01.002,https://pubmed.ncbi.nlm.nih.gov/23376177,,0,
https://openalex.org/w2396632083,,https://pubmed.ncbi.nlm.nih.gov/8700773,,0,
https://openalex.org/w2122470118,https://doi.org/10.1590/s0103-64402012000500007,https://pubmed.ncbi.nlm.nih.gov/23306226,057-863-163-405-400,0,
https://openalex.org/w2152172872,https://doi.org/10.1177/154405910508400116,https://pubmed.ncbi.nlm.nih.gov/15615883,020-529-816-810-061,0,
https://openalex.org/w2412932605,,https://pubmed.ncbi.nlm.nih.gov/18578177,,0,
https://openalex.org/w2086402871,https://doi.org/10.1590/s1678-77572010000500003,https://pubmed.ncbi.nlm.nih.gov/21085798,105-390-885-967-220,0,
https://openalex.org/w2044383163,https://doi.org/10.1007/s00204-006-0097-x,https://pubmed.ncbi.nlm.nih.gov/16604338,,0,
https://openalex.org/w2003223784,https://doi.org/10.1002/bio.804,https://pubmed.ncbi.nlm.nih.gov/15685659,065-054-917-338-321,0,
https://openalex.org/w2031526382,https://doi.org/10.1016/j.dental.2009.09.010,https://pubmed.ncbi.nlm.nih.gov/19878983,,0,
https://openalex.org/w2063217287,https://doi.org/10.1016/s0039-9140(03)00216-9,https://pubmed.ncbi.nlm.nih.gov/18969141,153-116-982-838-446,0,
https://openalex.org/w2054413876,https://doi.org/10.1016/j.watres.2012.09.055,https://pubmed.ncbi.nlm.nih.gov/23127621,,0,
https://openalex.org/w2034710119,https://doi.org/10.1016/j.reprotox.2012.03.001,https://pubmed.ncbi.nlm.nih.gov/22429997,029-328-517-895-41X,0,
https://openalex.org/w2428229984,,https://pubmed.ncbi.nlm.nih.gov/8152983,,0,
https://openalex.org/w2411087357,,https://pubmed.ncbi.nlm.nih.gov/19402485,,0,
https://openalex.org/w2024699562,https://doi.org/10.1016/j.jconhyd.2009.10.001,https://pubmed.ncbi.nlm.nih.gov/19892430,,0,
https://openalex.org/w2048633493,https://doi.org/10.1007/s00204-010-0558-0,https://pubmed.ncbi.nlm.nih.gov/20490463,104-066-572-299-443,0,
https://openalex.org/w2043001094,https://doi.org/10.1006/gcen.1998.7146,https://pubmed.ncbi.nlm.nih.gov/9748407,,0,
https://openalex.org/w2030823049,https://doi.org/10.1007/s002040000204,https://pubmed.ncbi.nlm.nih.gov/11357520,,0,
https://openalex.org/w2035673928,https://doi.org/10.1067/mpr.2002.126793,https://pubmed.ncbi.nlm.nih.gov/12239480,,0,
https://openalex.org/w2085546958,https://doi.org/10.1016/0109-5641(95)80019-0,https://pubmed.ncbi.nlm.nih.gov/8600014,,0,
https://openalex.org/w2092576397,https://doi.org/10.1002/jbm.a.30981,https://pubmed.ncbi.nlm.nih.gov/17120213,007-473-351-651-214,0,
https://openalex.org/w1996524095,https://doi.org/10.1016/j.dental.2009.03.015,https://pubmed.ncbi.nlm.nih.gov/19592083,006-417-737-683-507,0,
https://openalex.org/w2082893719,https://doi.org/10.2341/07-120,https://pubmed.ncbi.nlm.nih.gov/18505216,049-825-250-144-280,0,
https://openalex.org/w1967026731,https://doi.org/10.14219/jada.archive.1990.0240,https://pubmed.ncbi.nlm.nih.gov/2144862,116-534-086-941-488,0,
https://openalex.org/w2129329087,https://doi.org/10.1177/00220345950740041201,https://pubmed.ncbi.nlm.nih.gov/7782542,007-599-555-871-917,0,
https://openalex.org/w2012751999,https://doi.org/10.1002/mabi.200700106,https://pubmed.ncbi.nlm.nih.gov/17849431,089-267-033-328-363,0,
https://openalex.org/w2165412216,https://doi.org/10.14219/jada.archive.2009.0220,https://pubmed.ncbi.nlm.nih.gov/19411519,001-420-007-430-490,0,
https://openalex.org/w2143455542,https://doi.org/10.1590/s0103-64402004000200009,https://pubmed.ncbi.nlm.nih.gov/15776196,031-006-936-526-715,0,
https://openalex.org/w2025153297,https://doi.org/10.1111/j.1600-0536.2008.01475.x,https://pubmed.ncbi.nlm.nih.gov/19207377,112-979-737-518-760,0,
https://openalex.org/w2128795063,https://doi.org/10.1016/s0109-5641(01)00016-1,https://pubmed.ncbi.nlm.nih.gov/11567693,,0,
https://openalex.org/w2014497402,https://doi.org/10.1016/j.ecoenv.2012.11.010,https://pubmed.ncbi.nlm.nih.gov/23219663,027-010-177-331-542,0,
https://openalex.org/w2053072927,https://doi.org/10.1016/j.chroma.2009.06.043,https://pubmed.ncbi.nlm.nih.gov/19577241,,0,
https://openalex.org/w2033619888,https://doi.org/10.1016/j.aquatox.2010.11.006,https://pubmed.ncbi.nlm.nih.gov/21216345,037-271-610-440-984,0,
https://openalex.org/w2132457576,https://doi.org/10.1093/toxsci/kfn084,https://pubmed.ncbi.nlm.nih.gov/18445619,017-345-653-682-653,0,
https://openalex.org/w2095513235,https://doi.org/10.1016/j.mce.2009.02.024,https://pubmed.ncbi.nlm.nih.gov/19433252,016-707-023-983-506,0,
https://openalex.org/w1964658588,https://doi.org/10.1016/j.jhazmat.2007.09.098,https://pubmed.ncbi.nlm.nih.gov/17996365,,0,
https://openalex.org/w2035926786,https://doi.org/10.1016/0022-3913(91)90054-z,https://pubmed.ncbi.nlm.nih.gov/2033552,,0,
https://openalex.org/w1992521630,https://doi.org/10.1016/j.toxlet.2010.06.017,https://pubmed.ncbi.nlm.nih.gov/20599483,,0,
https://openalex.org/w2090954133,https://doi.org/10.1016/j.brainresbull.2004.11.020,https://pubmed.ncbi.nlm.nih.gov/15811583,,0,
https://openalex.org/w1979825799,https://doi.org/10.1034/j.1600-9975.2002.02037.x,https://pubmed.ncbi.nlm.nih.gov/12887574,080-719-020-164-555,0,
https://openalex.org/w2151699908,https://doi.org/10.1111/j.1600-0722.1984.tb00905.x,https://pubmed.ncbi.nlm.nih.gov/6236545,060-992-094-904-60X,0,
https://openalex.org/w2046541140,https://doi.org/10.1016/j.biortech.2009.10.086,https://pubmed.ncbi.nlm.nih.gov/19939674,,0,
https://openalex.org/w2126983098,https://doi.org/10.1016/j.dental.2007.06.027,https://pubmed.ncbi.nlm.nih.gov/17709133,,0,
https://openalex.org/w2087457043,https://doi.org/10.1016/j.aquatox.2012.05.004,https://pubmed.ncbi.nlm.nih.gov/22717255,,0,
https://openalex.org/w1986570244,https://doi.org/10.1016/j.jdent.2009.02.006,https://pubmed.ncbi.nlm.nih.gov/19339100,,0,
https://openalex.org/w2210620756,https://doi.org/10.1111/ipd.1991.1.2.77,https://pubmed.ncbi.nlm.nih.gov/1838281,014-409-145-670-630,0,
https://openalex.org/w2033085169,https://doi.org/10.1016/s0889-5406(96)70038-0,https://pubmed.ncbi.nlm.nih.gov/8876487,043-669-883-504-741,0,
https://openalex.org/w1971241253,https://doi.org/10.1016/j.envpol.2010.02.007,https://pubmed.ncbi.nlm.nih.gov/20199830,,0,
https://openalex.org/w2073622952,https://doi.org/10.1016/0022-3913(89)90368-5,https://pubmed.ncbi.nlm.nih.gov/2523969,,0,
https://openalex.org/w1966871799,https://doi.org/10.1016/s0045-6535(02)00157-1,https://pubmed.ncbi.nlm.nih.gov/12243336,,0,
https://openalex.org/w2100245381,https://doi.org/10.1042/bj20020804,https://pubmed.ncbi.nlm.nih.gov/12230427,005-277-449-267-105,0,
https://openalex.org/w2034082249,https://doi.org/10.1179/ortho.27.3.249,https://pubmed.ncbi.nlm.nih.gov/11099557,096-941-982-629-921,0,
https://openalex.org/w2409769890,,https://pubmed.ncbi.nlm.nih.gov/9929802,,0,
https://openalex.org/w1976732470,https://doi.org/10.1051/orthodfr/2009008,https://pubmed.ncbi.nlm.nih.gov/19552884,,0,
https://openalex.org/w2133417399,https://doi.org/10.2209/tdcpublication.50.13,https://pubmed.ncbi.nlm.nih.gov/19622875,039-434-498-456-455,0,
https://openalex.org/w2015680223,https://doi.org/10.1016/j.aquatox.2005.08.004,https://pubmed.ncbi.nlm.nih.gov/16159676,,0,
https://openalex.org/w2421121296,,https://pubmed.ncbi.nlm.nih.gov/15293418,,0,
https://openalex.org/w1990341988,https://doi.org/10.1016/j.tox.2012.12.001,https://pubmed.ncbi.nlm.nih.gov/23238275,,0,
https://openalex.org/w2052402149,https://doi.org/10.1021/ac051399i,https://pubmed.ncbi.nlm.nih.gov/16478101,028-554-632-046-199,0,
https://openalex.org/w2175202296,https://doi.org/10.1043/0003-3219(2005)75[849:sbsomo]2.0.co;2,https://pubmed.ncbi.nlm.nih.gov/16285044,,0,
https://openalex.org/w2061043446,https://doi.org/10.1016/j.brainresrev.2007.06.008,https://pubmed.ncbi.nlm.nih.gov/17822772,,0,
https://openalex.org/w2419219493,,https://pubmed.ncbi.nlm.nih.gov/15521395,,0,
https://openalex.org/w2045854705,https://doi.org/10.2166/wh.2013.021,https://pubmed.ncbi.nlm.nih.gov/23708576,019-553-621-735-297,0,
https://openalex.org/w2037207340,https://doi.org/10.1177/00220345840630081901,https://pubmed.ncbi.nlm.nih.gov/6235253,009-115-069-730-261,0,
https://openalex.org/w1999876160,https://doi.org/10.1002/tox.20345,https://pubmed.ncbi.nlm.nih.gov/18214896,045-890-798-911-399,0,
https://openalex.org/w2079603446,https://doi.org/10.1002/em.20230,https://pubmed.ncbi.nlm.nih.gov/16795089,103-597-139-929-332,0,
https://openalex.org/w2086329826,https://doi.org/10.2341/11-095-l,https://pubmed.ncbi.nlm.nih.gov/21913863,003-868-026-928-268,0,
https://openalex.org/w2074578678,https://doi.org/10.1897/03-699.1,https://pubmed.ncbi.nlm.nih.gov/15648753,036-132-031-657-023,0,
https://openalex.org/w2159760216,https://doi.org/10.1186/1476-069x-2-3,https://pubmed.ncbi.nlm.nih.gov/12685935,011-055-767-788-25X,0,
https://openalex.org/w2091325214,https://doi.org/10.1289/ehp.118-a430a,https://pubmed.ncbi.nlm.nih.gov/20884401,088-210-999-681-970,0,
https://openalex.org/w2031465892,https://doi.org/10.1021/es063019w,https://pubmed.ncbi.nlm.nih.gov/16856711,,0,
https://openalex.org/w2087616844,https://doi.org/10.1002/(sici)1097-4636(19990605)45:3<192::aid-jbm5>3.0.co;2-a,https://pubmed.ncbi.nlm.nih.gov/10397975,045-134-606-472-034,0,
https://openalex.org/w1592831038,,https://pubmed.ncbi.nlm.nih.gov/16805355,,0,
https://openalex.org/w2056155905,https://doi.org/10.1080/19440049.2011.555845,https://pubmed.ncbi.nlm.nih.gov/21400322,124-435-783-546-703,0,
https://openalex.org/w2095013535,https://doi.org/10.1016/j.chemosphere.2007.11.021,https://pubmed.ncbi.nlm.nih.gov/18158170,,0,
https://openalex.org/w2105628448,https://doi.org/10.1016/j.ijheh.2012.05.009,https://pubmed.ncbi.nlm.nih.gov/22795704,,0,
https://openalex.org/w2091198997,https://doi.org/10.1016/0889-5406(92)70007-w,https://pubmed.ncbi.nlm.nih.gov/1531397,100-159-670-352-858,0,
https://openalex.org/w2415907557,,https://pubmed.ncbi.nlm.nih.gov/14620268,,0,
https://openalex.org/w1997640765,https://doi.org/10.1111/j.1365-2842.2006.01536.x,https://pubmed.ncbi.nlm.nih.gov/16457670,090-016-771-280-196,0,
https://openalex.org/w2439457003,,https://pubmed.ncbi.nlm.nih.gov/11822364,,0,
https://openalex.org/w2993604409,,https://pubmed.ncbi.nlm.nih.gov/2528575,,0,
https://openalex.org/w2142503905,https://doi.org/10.1016/j.dental.2008.02.014,https://pubmed.ncbi.nlm.nih.gov/18405961,,0,
https://openalex.org/w2000810526,https://doi.org/10.1016/j.chemosphere.2012.02.023,https://pubmed.ncbi.nlm.nih.gov/22386458,,0,
https://openalex.org/w1965879957,https://doi.org/10.1016/0109-5641(93)90115-7,https://pubmed.ncbi.nlm.nih.gov/8056171,,0,
https://openalex.org/w1988190499,https://doi.org/10.1016/j.chroma.2006.10.037,https://pubmed.ncbi.nlm.nih.gov/17070818,,0,
https://openalex.org/w2139428990,https://doi.org/10.1177/0022034511423398,https://pubmed.ncbi.nlm.nih.gov/21960682,128-014-163-002-895,0,
https://openalex.org/w2398523588,,https://pubmed.ncbi.nlm.nih.gov/21442975,,0,
https://openalex.org/w2397516378,,https://pubmed.ncbi.nlm.nih.gov/15270310,,0,
https://openalex.org/w2061365680,https://doi.org/10.1038/jes.2010.9,https://pubmed.ncbi.nlm.nih.gov/20237498,047-123-199-765-76X,0,
https://openalex.org/w1982476351,https://doi.org/10.1021/bm4002014,https://pubmed.ncbi.nlm.nih.gov/23631553,047-305-160-529-564,0,
https://openalex.org/w2127441033,https://doi.org/10.1590/s1678-77572010000200003,https://pubmed.ncbi.nlm.nih.gov/20485920,017-825-291-471-463,0,
https://openalex.org/w2116149050,https://doi.org/10.1590/s1678-77572009000100014,https://pubmed.ncbi.nlm.nih.gov/19148410,095-529-553-019-219,0,
https://openalex.org/w2033724051,https://doi.org/10.1289/ehp.117-a104,https://pubmed.ncbi.nlm.nih.gov/19337491,118-968-087-951-320,0,
https://openalex.org/w2064834428,https://doi.org/10.1016/j.prosdent.2004.03.005,https://pubmed.ncbi.nlm.nih.gov/15153852,,0,
https://openalex.org/w2091630654,https://doi.org/10.1016/s0300-5712(00)00034-8,https://pubmed.ncbi.nlm.nih.gov/11137635,,0,
https://openalex.org/w2154283940,https://doi.org/10.1016/s0109-5641(00)00077-4,https://pubmed.ncbi.nlm.nih.gov/11257297,060-073-040-138-551,0,
https://openalex.org/w2038314557,https://doi.org/10.1016/j.fct.2004.02.011,https://pubmed.ncbi.nlm.nih.gov/15110108,,0,
https://openalex.org/w1975257515,https://doi.org/10.3892/ijo.2012.1719,https://pubmed.ncbi.nlm.nih.gov/23229410,038-576-780-371-604,0,
https://openalex.org/w2162805834,https://doi.org/10.1177/00220345830620020701,https://pubmed.ncbi.nlm.nih.gov/6218191,074-601-715-955-90X,0,
https://openalex.org/w1976350438,https://doi.org/10.1073/pnas.0808990105,https://pubmed.ncbi.nlm.nih.gov/19033183,008-104-481-309-903,0,
https://openalex.org/w2048084270,https://doi.org/10.1016/s0022-3913(97)70224-5,https://pubmed.ncbi.nlm.nih.gov/9051597,,0,
https://openalex.org/w2057818965,https://doi.org/10.1007/bf02977615,https://pubmed.ncbi.nlm.nih.gov/17424940,,0,
https://openalex.org/w57664626,,https://pubmed.ncbi.nlm.nih.gov/16708718,,0,
https://openalex.org/w2055670599,https://doi.org/10.1016/s0006-2952(97)00084-1,https://pubmed.ncbi.nlm.nih.gov/9260869,,0,
https://openalex.org/w1985368881,https://doi.org/10.1016/j.dental.2009.07.007,https://pubmed.ncbi.nlm.nih.gov/19709723,,0,
https://openalex.org/w2091637720,https://doi.org/10.1067/mod.2002.126728,https://pubmed.ncbi.nlm.nih.gov/12226604,022-109-620-368-859,0,
https://openalex.org/w2029752120,https://doi.org/10.1016/j.talanta.2011.07.066,https://pubmed.ncbi.nlm.nih.gov/21872080,,0,
https://openalex.org/w4299397404,,https://pubmed.ncbi.nlm.nih.gov/19244594,,0,
https://openalex.org/w2153716114,https://doi.org/10.1093/toxsci/68.2.339,https://pubmed.ncbi.nlm.nih.gov/12151630,069-919-518-963-686,1,
https://openalex.org/w103649296,https://doi.org/10.1093/jaoac/92.6.1780,https://pubmed.ncbi.nlm.nih.gov/20166597,053-724-262-360-644,0,
https://openalex.org/w2014480978,https://doi.org/10.1016/j.dental.2009.03.006,https://pubmed.ncbi.nlm.nih.gov/19371945,092-458-253-267-830,0,
https://openalex.org/w2245861894,,https://pubmed.ncbi.nlm.nih.gov/10171118,,0,
https://openalex.org/w2101107563,https://doi.org/10.1007/s00702-008-0044-5,https://pubmed.ncbi.nlm.nih.gov/18368283,,0,
https://openalex.org/w2127567198,https://doi.org/10.1590/s1413-81232012000200015,https://pubmed.ncbi.nlm.nih.gov/22267036,037-397-952-395-961,0,
https://openalex.org/w1966120210,https://doi.org/10.1002/(sici)1097-4636(1999)48:3<265::aid-jbm10>3.0.co;2-0,https://pubmed.ncbi.nlm.nih.gov/10398030,093-557-841-784-092,0,
https://openalex.org/w192860591,,https://pubmed.ncbi.nlm.nih.gov/17080877,,0,
https://openalex.org/w2113326622,https://doi.org/10.1016/s0269-7491(02)00189-6,https://pubmed.ncbi.nlm.nih.gov/12442778,,0,
https://openalex.org/w2468683564,,https://pubmed.ncbi.nlm.nih.gov/6242839,,0,
https://openalex.org/w1989078863,https://doi.org/10.1016/j.dental.2005.01.018,https://pubmed.ncbi.nlm.nih.gov/15876451,,0,
https://openalex.org/w2141261534,https://doi.org/10.1016/j.mce.2005.07.006,https://pubmed.ncbi.nlm.nih.gov/16150534,,0,
https://openalex.org/w2418766347,,https://pubmed.ncbi.nlm.nih.gov/1430170,,0,
https://openalex.org/w4240193150,https://doi.org/10.1016/s0021-9673(02)01404-8,https://pubmed.ncbi.nlm.nih.gov/12498274,,0,
https://openalex.org/w2123713417,https://doi.org/10.1186/1476-069x-12-33,https://pubmed.ncbi.nlm.nih.gov/23590724,090-971-076-049-246,0,
https://openalex.org/w2079881987,https://doi.org/10.1016/s0303-7207(99)00261-0,https://pubmed.ncbi.nlm.nih.gov/10854714,,0,
https://openalex.org/w1973000777,https://doi.org/10.1016/j.jhazmat.2007.10.011,https://pubmed.ncbi.nlm.nih.gov/18023975,,0,
https://openalex.org/w2000699007,https://doi.org/10.1080/02652030210146837,https://pubmed.ncbi.nlm.nih.gov/12227943,032-072-554-658-132,0,
https://openalex.org/w1984242724,https://doi.org/10.1001/jama.294.3.291,https://pubmed.ncbi.nlm.nih.gov/16030264,018-987-055-694-583,0,
https://openalex.org/w2030130753,https://doi.org/10.1177/154405910508401209,https://pubmed.ncbi.nlm.nih.gov/16304443,098-872-767-058-667,0,
https://openalex.org/w2009699891,https://doi.org/10.1016/j.scitotenv.2004.08.021,https://pubmed.ncbi.nlm.nih.gov/15833242,,0,
https://openalex.org/w2025048143,https://doi.org/10.1016/j.dental.2009.08.010,https://pubmed.ncbi.nlm.nih.gov/19762072,,0,
https://openalex.org/w2073506408,https://doi.org/10.1039/b206161a,https://pubmed.ncbi.nlm.nih.gov/12509063,010-187-876-438-185,0,
https://openalex.org/w2411993490,,https://pubmed.ncbi.nlm.nih.gov/15746884,,0,
https://openalex.org/w112805440,https://doi.org/10.3290/j.jad.a28389,https://pubmed.ncbi.nlm.nih.gov/23082312,,0,
https://openalex.org/w2093597537,https://doi.org/10.1111/j.1600-0722.2009.00636.x,https://pubmed.ncbi.nlm.nih.gov/19627357,060-474-724-907-857,0,
https://openalex.org/w2034997147,https://doi.org/10.1016/s0099-2399(96)80082-3,https://pubmed.ncbi.nlm.nih.gov/9198430,,0,
https://openalex.org/w2081253591,https://doi.org/10.1016/s0022-3913(05)80027-7,https://pubmed.ncbi.nlm.nih.gov/1830101,,0,
https://openalex.org/w2082614021,https://doi.org/10.1016/j.chemosphere.2011.04.045,https://pubmed.ncbi.nlm.nih.gov/21550628,,0,
https://openalex.org/w2332460075,https://doi.org/10.1021/jp3021722,https://pubmed.ncbi.nlm.nih.gov/22540520,002-794-720-306-412,0,
https://openalex.org/w2410732380,,https://pubmed.ncbi.nlm.nih.gov/19517794,,0,
https://openalex.org/w2106884742,https://doi.org/10.1021/tx030011g,https://pubmed.ncbi.nlm.nih.gov/14565775,027-664-748-023-774,0,
https://openalex.org/w1977169176,https://doi.org/10.1007/s00128-012-0887-1,https://pubmed.ncbi.nlm.nih.gov/23160748,041-948-507-703-543,0,
https://openalex.org/w2086041778,https://doi.org/10.1016/j.biomaterials.2004.09.065,https://pubmed.ncbi.nlm.nih.gov/15621261,,0,
https://openalex.org/w2021688267,https://doi.org/10.1016/s0889-5406(97)70255-5,https://pubmed.ncbi.nlm.nih.gov/9294355,019-169-308-818-065,0,
https://openalex.org/w2040575203,https://doi.org/10.1016/j.neuro.2006.10.001,https://pubmed.ncbi.nlm.nih.gov/17109964,,0,
https://openalex.org/w2285557373,,https://pubmed.ncbi.nlm.nih.gov/12854792,,0,
https://openalex.org/w1973395416,https://doi.org/10.1016/s0045-6535(02)00837-8,https://pubmed.ncbi.nlm.nih.gov/12757786,,0,
https://openalex.org/w2040845096,https://doi.org/10.1103/physreve.78.021801,https://pubmed.ncbi.nlm.nih.gov/18850857,043-208-301-238-77X,0,
https://openalex.org/w2008943173,https://doi.org/10.5650/jos.59.673,https://pubmed.ncbi.nlm.nih.gov/21099146,022-095-234-201-474,0,
https://openalex.org/w1969429213,https://doi.org/10.1371/journal.pone.0063902,https://pubmed.ncbi.nlm.nih.gov/23704952,030-053-071-606-905,0,
https://openalex.org/w2091326376,https://doi.org/10.1021/la061954r,https://pubmed.ncbi.nlm.nih.gov/17279660,031-345-444-756-350,0,
https://openalex.org/w2410599234,,https://pubmed.ncbi.nlm.nih.gov/18686765,,0,
https://openalex.org/w1990274768,https://doi.org/10.1038/nm0907-1002a,https://pubmed.ncbi.nlm.nih.gov/17828206,,0,
https://openalex.org/w1543402833,https://doi.org/10.1023/a:1011974012602,https://pubmed.ncbi.nlm.nih.gov/11693576,,0,
https://openalex.org/w1982788134,https://doi.org/10.1016/j.ajodo.2010.02.037,https://pubmed.ncbi.nlm.nih.gov/21803262,007-930-368-619-529,0,
https://openalex.org/w2032528488,https://doi.org/10.1016/j.ijheh.2012.07.007,https://pubmed.ncbi.nlm.nih.gov/22921714,,0,
https://openalex.org/w2032900174,https://doi.org/10.4012/dmj.20.206,https://pubmed.ncbi.nlm.nih.gov/11806155,117-765-397-652-020,0,
https://openalex.org/w2046742574,https://doi.org/10.1016/j.chroma.2005.03.075,https://pubmed.ncbi.nlm.nih.gov/16038299,,0,
https://openalex.org/w2045519616,https://doi.org/10.2166/wst.2007.824,https://pubmed.ncbi.nlm.nih.gov/18057636,085-049-211-721-678,0,
https://openalex.org/w2123585202,https://doi.org/10.1111/j.1600-9657.2004.00270.x,https://pubmed.ncbi.nlm.nih.gov/15660761,045-150-330-932-449,0,
https://openalex.org/w1990793612,https://doi.org/10.1016/j.dental.2008.05.003,https://pubmed.ncbi.nlm.nih.gov/18584862,040-403-698-093-357,0,
https://openalex.org/w2373398476,,https://pubmed.ncbi.nlm.nih.gov/15569509,,0,
https://openalex.org/w2083035295,https://doi.org/10.1016/j.dental.2004.01.003,https://pubmed.ncbi.nlm.nih.gov/15681009,,0,
https://openalex.org/w2059155346,https://doi.org/10.1007/s10856-007-0145-y,https://pubmed.ncbi.nlm.nih.gov/17268866,051-239-272-739-904,0,
https://openalex.org/w2001267195,https://doi.org/10.1016/s0300-5712(96)00007-3,https://pubmed.ncbi.nlm.nih.gov/9175357,,0,
https://openalex.org/w2111407099,https://doi.org/10.1007/bf02898033,https://pubmed.ncbi.nlm.nih.gov/21432072,011-582-660-710-764,0,
https://openalex.org/w1984834533,https://doi.org/10.1034/j.1600-0722.2002.11221.x,https://pubmed.ncbi.nlm.nih.gov/12013562,034-781-802-982-594,0,
https://openalex.org/w1977415847,https://doi.org/10.1016/j.jdent.2009.06.007,https://pubmed.ncbi.nlm.nih.gov/19608324,,0,
https://openalex.org/w2094220930,https://doi.org/10.1016/0022-3913(91)90222-i,https://pubmed.ncbi.nlm.nih.gov/1829111,,0,
https://openalex.org/w2061015693,https://doi.org/10.1017/s0007114507280584,https://pubmed.ncbi.nlm.nih.gov/17217567,050-271-564-746-288,0,
https://openalex.org/w2024390789,https://doi.org/10.1007/s00204-002-0339-5,https://pubmed.ncbi.nlm.nih.gov/12107647,,0,
https://openalex.org/w2085840039,https://doi.org/10.1243/0954411981533881,https://pubmed.ncbi.nlm.nih.gov/9612002,012-829-759-151-315,0,
https://openalex.org/w2000470864,https://doi.org/10.1016/s0021-9673(02)01803-4,https://pubmed.ncbi.nlm.nih.gov/12580476,,0,
https://openalex.org/w2058969009,https://doi.org/10.1007/s00244-007-9079-0,https://pubmed.ncbi.nlm.nih.gov/19471991,,0,
https://openalex.org/w2005297286,https://doi.org/10.1002/jbt.20294,https://pubmed.ncbi.nlm.nih.gov/19827035,001-874-994-356-015,0,
https://openalex.org/w1972998742,https://doi.org/10.1016/s0300-5712(97)00022-5,https://pubmed.ncbi.nlm.nih.gov/9175353,,0,
https://openalex.org/w2009698664,https://doi.org/10.1159/000072166,https://pubmed.ncbi.nlm.nih.gov/12925825,075-052-325-438-189,0,
https://openalex.org/w2025081213,https://doi.org/10.1016/0022-3913(88)90306-x,https://pubmed.ncbi.nlm.nih.gov/2845069,,0,
https://openalex.org/w2020727721,https://doi.org/10.1046/j.0909-8836.2001.101177.x,https://pubmed.ncbi.nlm.nih.gov/11883422,002-279-084-233-059,0,
https://openalex.org/w2418498582,,https://pubmed.ncbi.nlm.nih.gov/7822061,,0,
https://openalex.org/w2059761664,https://doi.org/10.1159/000262012,https://pubmed.ncbi.nlm.nih.gov/7850842,080-374-647-708-527,0,
https://openalex.org/w2047748551,https://doi.org/10.1016/j.scitotenv.2012.12.064,https://pubmed.ncbi.nlm.nih.gov/23376516,,0,
https://openalex.org/w2424084838,,https://pubmed.ncbi.nlm.nih.gov/6212112,,0,
https://openalex.org/w2465485925,,https://pubmed.ncbi.nlm.nih.gov/1387227,,0,
https://openalex.org/w2095069695,https://doi.org/10.1016/j.talanta.2011.12.020,https://pubmed.ncbi.nlm.nih.gov/22284486,,0,
https://openalex.org/w154691058,,https://pubmed.ncbi.nlm.nih.gov/16107135,,0,
https://openalex.org/w2114413201,https://doi.org/10.1098/rstb.2008.0242,https://pubmed.ncbi.nlm.nih.gov/19528055,130-659-912-688-709,0,
https://openalex.org/w2041719197,https://doi.org/10.1002/bdrb.20147,https://pubmed.ncbi.nlm.nih.gov/18613034,067-233-309-857-167,0,
https://openalex.org/w2404234216,,https://pubmed.ncbi.nlm.nih.gov/15088482,,0,
https://openalex.org/w2103269901,https://doi.org/10.1016/j.dental.2010.07.011,https://pubmed.ncbi.nlm.nih.gov/20692029,,0,
https://openalex.org/w2068134435,https://doi.org/10.1016/j.chroma.2008.06.037,https://pubmed.ncbi.nlm.nih.gov/18635192,,0,
https://openalex.org/w2422082403,,https://pubmed.ncbi.nlm.nih.gov/17408079,,0,
https://openalex.org/w1979489514,https://doi.org/10.1677/joe.0.158r011,https://pubmed.ncbi.nlm.nih.gov/9846177,016-361-077-720-677,0,
https://openalex.org/w2150637605,https://doi.org/10.1093/ejo/cjr043,https://pubmed.ncbi.nlm.nih.gov/21447780,035-884-753-010-390,0,
https://openalex.org/w1949184077,,https://pubmed.ncbi.nlm.nih.gov/11203605,,0,
https://openalex.org/w1980507742,https://doi.org/10.1263/jbb.92.67,https://pubmed.ncbi.nlm.nih.gov/16233060,,0,
https://openalex.org/w2042050224,https://doi.org/10.1385/endo:19:2:197,https://pubmed.ncbi.nlm.nih.gov/12588051,,0,
https://openalex.org/w2080002291,https://doi.org/10.3358/shokueishi.44.39,https://pubmed.ncbi.nlm.nih.gov/12749195,000-876-939-405-446,0,
https://openalex.org/w1532578584,https://doi.org/10.1002/jssc.201200730,https://pubmed.ncbi.nlm.nih.gov/23341327,090-080-627-850-402,0,
https://openalex.org/w2137719046,https://doi.org/10.1007/s00204-006-0102-4,https://pubmed.ncbi.nlm.nih.gov/16639590,,0,
https://openalex.org/w2169844177,https://doi.org/10.1177/00220345840630120901,https://pubmed.ncbi.nlm.nih.gov/6239885,005-435-057-317-397,0,
https://openalex.org/w1989324205,https://doi.org/10.1111/j.1600-0722.1982.tb00767.x,https://pubmed.ncbi.nlm.nih.gov/6218604,051-144-260-717-191,0,
https://openalex.org/w2020282717,https://doi.org/10.3961/jpmph.2010.43.2.131,https://pubmed.ncbi.nlm.nih.gov/20383046,118-137-991-876-43X,0,
https://openalex.org/w1970449503,https://doi.org/10.4161/spmg.1.4.18328,https://pubmed.ncbi.nlm.nih.gov/22332111,019-339-950-593-296,0,
https://openalex.org/w1989352744,https://doi.org/10.1016/j.ajodo.2005.12.029,https://pubmed.ncbi.nlm.nih.gov/17276868,011-872-380-838-654,0,
https://openalex.org/w1819325667,,https://pubmed.ncbi.nlm.nih.gov/16158970,,0,
https://openalex.org/w2415578918,,https://pubmed.ncbi.nlm.nih.gov/12413221,,0,
https://openalex.org/w1973137179,https://doi.org/10.1210/en.2008-0720,https://pubmed.ncbi.nlm.nih.gov/18635651,048-520-414-786-738,0,
https://openalex.org/w2121884890,https://doi.org/10.1034/j.1600-0544.2002.02193.x,https://pubmed.ncbi.nlm.nih.gov/12194666,068-310-871-742-466,0,
https://openalex.org/w2405712627,,https://pubmed.ncbi.nlm.nih.gov/11203773,,0,
https://openalex.org/w226282791,https://doi.org/10.1023/a:1018584917296,https://pubmed.ncbi.nlm.nih.gov/15348738,016-866-432-340-964,0,
https://openalex.org/w2039269175,https://doi.org/10.1289/ehp.10587,https://pubmed.ncbi.nlm.nih.gov/18197296,090-874-144-545-619,0,
https://openalex.org/w1999715751,https://doi.org/10.1111/j.1600-0528.1991.tb00182.x,https://pubmed.ncbi.nlm.nih.gov/1837258,054-119-592-863-771,0,
https://openalex.org/w2105731471,https://doi.org/10.1124/mol.107.035584,https://pubmed.ncbi.nlm.nih.gov/17535976,,0,
https://openalex.org/w2126092157,https://doi.org/10.1093/humrep/16.5.1037,https://pubmed.ncbi.nlm.nih.gov/11331657,002-578-791-658-187,0,
https://openalex.org/w2050214684,https://doi.org/10.1007/s00128-005-0896-4,https://pubmed.ncbi.nlm.nih.gov/16404668,,0,
https://openalex.org/w2153029062,https://doi.org/10.2341/08-80,https://pubmed.ncbi.nlm.nih.gov/19544816,089-715-487-825-90X,0,
https://openalex.org/w38941808,https://doi.org/10.1016/j.aquatox.2024.107008,https://pubmed.ncbi.nlm.nih.gov/16708725,,0,
https://openalex.org/w2323052609,https://doi.org/10.1248/yakushi.13-00100,https://pubmed.ncbi.nlm.nih.gov/23811764,081-326-552-833-990,0,
https://openalex.org/w2187494948,,https://pubmed.ncbi.nlm.nih.gov/15587098,,0,
https://openalex.org/w2073066425,https://doi.org/10.1007/s11356-012-1458-z,https://pubmed.ncbi.nlm.nih.gov/23314706,,0,
https://openalex.org/w1980289173,https://doi.org/10.1016/j.aquatox.2006.10.010,https://pubmed.ncbi.nlm.nih.gov/17126923,,0,
https://openalex.org/w2056506557,https://doi.org/10.1016/j.toxlet.2012.10.002,https://pubmed.ncbi.nlm.nih.gov/23069880,,0,
https://openalex.org/w2330028025,https://doi.org/10.1021/jp1040629,https://pubmed.ncbi.nlm.nih.gov/20839861,092-836-059-238-177,0,
https://openalex.org/w2061765430,https://doi.org/10.1289/ehp.0901259,https://pubmed.ncbi.nlm.nih.gov/20123615,096-124-007-203-941,0,
https://openalex.org/w2429828876,,https://pubmed.ncbi.nlm.nih.gov/15060913,,0,
https://openalex.org/w2097081095,https://doi.org/10.1093/ejo/23.4.417,https://pubmed.ncbi.nlm.nih.gov/11544792,021-392-654-125-409,0,
https://openalex.org/w2056376087,https://doi.org/10.17796/jcpd.32.2.l512r1p807w54582,https://pubmed.ncbi.nlm.nih.gov/18389678,046-895-340-473-277,0,
https://openalex.org/w2043825101,https://doi.org/10.1111/j.1365-2842.2004.01414.x,https://pubmed.ncbi.nlm.nih.gov/15790386,133-233-852-862-12X,0,
https://openalex.org/w2070880005,https://doi.org/10.2341/06-58,https://pubmed.ncbi.nlm.nih.gov/17427818,011-960-625-540-355,0,
https://openalex.org/w2418670162,,https://pubmed.ncbi.nlm.nih.gov/20388360,,0,
https://openalex.org/w1982404766,https://doi.org/10.1289/ehp.1002366,https://pubmed.ncbi.nlm.nih.gov/21205581,055-428-259-204-057,0,
https://openalex.org/w2012086973,https://doi.org/10.1080/02652039809374647,https://pubmed.ncbi.nlm.nih.gov/9666891,100-947-706-601-500,0,
https://openalex.org/w1985279558,https://doi.org/10.1111/j.1600-0536.1994.tb01994.x,https://pubmed.ncbi.nlm.nih.gov/7842678,003-361-353-983-325,0,
https://openalex.org/w1997011452,https://doi.org/10.1067/mpr.2002.121583,https://pubmed.ncbi.nlm.nih.gov/11941353,,0,
https://openalex.org/w2021184926,https://doi.org/10.1366/000370210790571990,https://pubmed.ncbi.nlm.nih.gov/20132605,074-384-491-106-504,0,
https://openalex.org/w2148090700,https://doi.org/10.1111/j.1741-4520.2010.00279.x,https://pubmed.ncbi.nlm.nih.gov/20507349,063-503-788-968-703,0,
https://openalex.org/w2078276915,https://doi.org/10.1289/ehp.108-a546a,https://pubmed.ncbi.nlm.nih.gov/11133410,031-958-163-939-46X,0,
https://openalex.org/w2110136532,https://doi.org/10.1080/10915810601117968,https://pubmed.ncbi.nlm.nih.gov/17365142,056-520-111-382-621,0,
https://openalex.org/w1996797438,https://doi.org/10.1016/j.mehy.2011.04.036,https://pubmed.ncbi.nlm.nih.gov/21620573,,0,
https://openalex.org/w2093539151,https://doi.org/10.1136/bmj.a2404,https://pubmed.ncbi.nlm.nih.gov/18988642,002-528-754-890-707,0,
https://openalex.org/w1977010892,https://doi.org/10.3109/10715762.2010.510523,https://pubmed.ncbi.nlm.nih.gov/20815788,009-066-807-281-421,0,
https://openalex.org/w2977924711,https://doi.org/10.4012/dmj.21.238,https://pubmed.ncbi.nlm.nih.gov/12474951,070-400-640-538-733,0,
https://openalex.org/w2066224328,https://doi.org/10.1021/jf040027s,https://pubmed.ncbi.nlm.nih.gov/15186085,007-172-339-300-818,0,
https://openalex.org/w2064322748,https://doi.org/10.1016/j.aquatox.2010.07.019,https://pubmed.ncbi.nlm.nih.gov/20728951,097-334-442-356-821,0,
https://openalex.org/w2223389223,,https://pubmed.ncbi.nlm.nih.gov/19407859,,0,
https://openalex.org/w2414809812,,https://pubmed.ncbi.nlm.nih.gov/11665418,,0,
https://openalex.org/w2108241608,https://doi.org/10.1677/joe.0.1580327,https://pubmed.ncbi.nlm.nih.gov/9846162,049-418-048-243-869,0,
https://openalex.org/w2174355920,https://doi.org/10.1089/109793301316882531,https://pubmed.ncbi.nlm.nih.gov/11689155,045-828-511-925-105,0,
https://openalex.org/w2067296561,https://doi.org/10.1016/j.ajodo.2006.04.042,https://pubmed.ncbi.nlm.nih.gov/18456145,067-589-229-800-23X,0,
https://openalex.org/w2402963127,,https://pubmed.ncbi.nlm.nih.gov/12071627,,0,
https://openalex.org/w24844950,,https://pubmed.ncbi.nlm.nih.gov/19903611,,0,
https://openalex.org/w2114729638,https://doi.org/10.1016/j.reprotox.2007.06.004,https://pubmed.ncbi.nlm.nih.gov/17683900,040-757-187-203-903,0,
https://openalex.org/w2056527458,https://doi.org/10.1016/j.chroma.2009.10.063,https://pubmed.ncbi.nlm.nih.gov/19932485,,0,
https://openalex.org/w2088892921,https://doi.org/10.1016/s0109-5641(97)80034-6,https://pubmed.ncbi.nlm.nih.gov/11696902,,0,
https://openalex.org/w2054193158,https://doi.org/10.1007/s002040000178,https://pubmed.ncbi.nlm.nih.gov/11218041,,0,
https://openalex.org/w1964841166,https://doi.org/10.1016/j.watres.2003.10.010,https://pubmed.ncbi.nlm.nih.gov/14723943,,0,
https://openalex.org/w2046963885,https://doi.org/10.3109/00016357.2011.600724,https://pubmed.ncbi.nlm.nih.gov/21780980,093-581-392-095-653,0,
https://openalex.org/w1969191244,https://doi.org/10.1016/j.envres.2011.05.014,https://pubmed.ncbi.nlm.nih.gov/21676388,033-961-376-734-230,0,
https://openalex.org/w2000106982,https://doi.org/10.1002/bdrb.20161,https://pubmed.ncbi.nlm.nih.gov/18570261,,0,
https://openalex.org/w2065768219,https://doi.org/10.1016/j.watres.2006.09.011,https://pubmed.ncbi.nlm.nih.gov/17074381,053-896-998-468-501,0,
https://openalex.org/w2071820060,https://doi.org/10.1016/s0926-2040(00)00049-7,https://pubmed.ncbi.nlm.nih.gov/10811424,,0,
https://openalex.org/w2088875411,https://doi.org/10.1016/j.jchromb.2008.06.011,https://pubmed.ncbi.nlm.nih.gov/18583202,,0,
https://openalex.org/w2009978786,https://doi.org/10.1897/06-482r.1,https://pubmed.ncbi.nlm.nih.gov/17447558,006-054-135-013-936,0,
https://openalex.org/w2428364203,,https://pubmed.ncbi.nlm.nih.gov/2938209,,0,
https://openalex.org/w1989597995,https://doi.org/10.1016/j.cbi.2008.03.019,https://pubmed.ncbi.nlm.nih.gov/18501883,,0,
https://openalex.org/w2065903300,https://doi.org/10.1093/ejo/17.2.143,https://pubmed.ncbi.nlm.nih.gov/7781723,104-798-614-454-944,0,
https://openalex.org/w2092049405,https://doi.org/10.1007/s10517-005-0484-y,https://pubmed.ncbi.nlm.nih.gov/16307053,,0,
https://openalex.org/w2080853038,https://doi.org/10.1016/j.ijheh.2011.08.015,https://pubmed.ncbi.nlm.nih.gov/21968335,,0,
https://openalex.org/w2409433607,,https://pubmed.ncbi.nlm.nih.gov/6459904,,0,
https://openalex.org/w2052759650,https://doi.org/10.1159/000261639,https://pubmed.ncbi.nlm.nih.gov/8033189,042-113-838-587-664,0,
https://openalex.org/w2008865026,https://doi.org/10.14219/jada.archive.1994.0214,https://pubmed.ncbi.nlm.nih.gov/7963098,058-482-302-041-967,0,
https://openalex.org/w2001374478,https://doi.org/10.1021/jf051525j,https://pubmed.ncbi.nlm.nih.gov/16277382,009-707-468-923-131,0,
https://openalex.org/w2035824032,https://doi.org/10.1387/ijdb.130146ja,https://pubmed.ncbi.nlm.nih.gov/23784837,063-357-938-911-655,0,
https://openalex.org/w2019224408,https://doi.org/10.3892/ijmm.18.1.197,https://pubmed.ncbi.nlm.nih.gov/16786173,042-934-431-395-693,0,
https://openalex.org/w1971591325,https://doi.org/10.1001/jama.2009.122,https://pubmed.ncbi.nlm.nih.gov/19224743,,0,
https://openalex.org/w2054287335,https://doi.org/10.17796/jcpd.31.3.4r3k450476553211,https://pubmed.ncbi.nlm.nih.gov/17550048,084-499-100-812-165,0,
https://openalex.org/w1527359462,,https://pubmed.ncbi.nlm.nih.gov/23562095,,0,
https://openalex.org/w2069249982,https://doi.org/10.5625/lar.2011.27.4.265,https://pubmed.ncbi.nlm.nih.gov/22232634,065-625-839-759-900,0,
https://openalex.org/w2056780832,https://doi.org/10.1002/elps.201100106,https://pubmed.ncbi.nlm.nih.gov/21766478,046-689-595-179-494,0,
https://openalex.org/w2082061738,https://doi.org/10.1111/j.1600-0536.1996.tb02367.x,https://pubmed.ncbi.nlm.nih.gov/8957647,,0,
https://openalex.org/w2039608852,https://doi.org/10.1016/j.ygcen.2008.02.011,https://pubmed.ncbi.nlm.nih.gov/18384790,,0,
https://openalex.org/w1965506523,https://doi.org/10.14219/jada.archive.2005.0314,https://pubmed.ncbi.nlm.nih.gov/16161365,013-753-393-899-844,0,
https://openalex.org/w2137609067,https://doi.org/10.1016/j.jdent.2007.11.011,https://pubmed.ncbi.nlm.nih.gov/18241968,,0,
https://openalex.org/w2334820994,https://doi.org/10.1179/bjo.20.4.307,https://pubmed.ncbi.nlm.nih.gov/8286300,115-472-474-481-869,0,
https://openalex.org/w1998851851,https://doi.org/10.1016/j.chemosphere.2006.04.048,https://pubmed.ncbi.nlm.nih.gov/16762394,,0,
https://openalex.org/w2006227840,https://doi.org/10.1590/1678-7757201302295,https://pubmed.ncbi.nlm.nih.gov/23559115,070-733-459-681-901,0,
https://openalex.org/w2090303475,https://doi.org/10.1006/bbrc.2001.5593,https://pubmed.ncbi.nlm.nih.gov/11554734,,0,
https://openalex.org/w2464213815,,https://pubmed.ncbi.nlm.nih.gov/6233907,,0,
https://openalex.org/w2404956032,,https://pubmed.ncbi.nlm.nih.gov/8058900,,0,
https://openalex.org/w2022926531,https://doi.org/10.1016/j.brainresbull.2004.11.014,https://pubmed.ncbi.nlm.nih.gov/15811590,,0,
https://openalex.org/w2286828492,,https://pubmed.ncbi.nlm.nih.gov/15470883,,0,
https://openalex.org/w2408890929,,https://pubmed.ncbi.nlm.nih.gov/11507797,,0,
https://openalex.org/w1989415304,https://doi.org/10.1366/11-06437,https://pubmed.ncbi.nlm.nih.gov/22800466,072-285-600-960-560,0,
https://openalex.org/w2073610320,https://doi.org/10.1016/j.chroma.2004.09.016,https://pubmed.ncbi.nlm.nih.gov/15909542,,0,
https://openalex.org/w2144612702,https://doi.org/10.1002/jbm.a.31232,https://pubmed.ncbi.nlm.nih.gov/17335029,005-280-582-000-140,0,
https://openalex.org/w2160041071,https://doi.org/10.1016/j.chemosphere.2009.10.063,https://pubmed.ncbi.nlm.nih.gov/20015537,,0,
https://openalex.org/w314943960,,https://pubmed.ncbi.nlm.nih.gov/10572618,,0,
https://openalex.org/w2403344482,,https://pubmed.ncbi.nlm.nih.gov/12762604,,0,
https://openalex.org/w2436197274,,https://pubmed.ncbi.nlm.nih.gov/12670070,,0,
https://openalex.org/w1967446178,https://doi.org/10.1016/j.fct.2012.12.046,https://pubmed.ncbi.nlm.nih.gov/23313338,,1,
https://openalex.org/w1982574252,https://doi.org/10.1111/j.1708-8240.1990.tb00633.x,https://pubmed.ncbi.nlm.nih.gov/2151725,005-822-398-376-23X,0,
https://openalex.org/w2074306616,https://doi.org/10.1016/j.jpba.2006.09.023,https://pubmed.ncbi.nlm.nih.gov/17141447,,0,
https://openalex.org/w2051416816,https://doi.org/10.1080/09593330903453228,https://pubmed.ncbi.nlm.nih.gov/20426266,121-698-048-916-064,0,
https://openalex.org/w2043780914,https://doi.org/10.1620/tjem.202.69,https://pubmed.ncbi.nlm.nih.gov/14998300,009-096-217-410-34X,0,
https://openalex.org/w2109979960,https://doi.org/10.1016/j.dental.2005.08.010,https://pubmed.ncbi.nlm.nih.gov/16386293,,0,
https://openalex.org/w2007210579,https://doi.org/10.1016/j.bbrc.2008.06.050,https://pubmed.ncbi.nlm.nih.gov/18582436,,0,
https://openalex.org/w2100554819,,https://pubmed.ncbi.nlm.nih.gov/23160672,,0,
https://openalex.org/w2080172224,https://doi.org/10.1067/mod.2001.113652,https://pubmed.ncbi.nlm.nih.gov/11395704,101-346-163-292-379,0,
https://openalex.org/w2024548935,https://doi.org/10.1007/s00784-009-0321-1,https://pubmed.ncbi.nlm.nih.gov/19655179,003-587-818-396-721,0,
https://openalex.org/w2007727470,https://doi.org/10.1016/j.envres.2009.04.014,https://pubmed.ncbi.nlm.nih.gov/19464675,,0,
https://openalex.org/w282628544,https://doi.org/10.1023/a:1008972518019,https://pubmed.ncbi.nlm.nih.gov/11214443,,0,
https://openalex.org/w1993352525,https://doi.org/10.1289/ehp.5856,https://pubmed.ncbi.nlm.nih.gov/12676589,012-309-760-772-718,0,
https://openalex.org/w2067388136,https://doi.org/10.1080/10937404.2011.578557,https://pubmed.ncbi.nlm.nih.gov/21790316,029-903-686-760-960,0,
https://openalex.org/w2057029289,https://doi.org/10.3358/shokueishi.45.339,https://pubmed.ncbi.nlm.nih.gov/15794093,069-950-737-103-876,0,
https://openalex.org/w2396189332,,https://pubmed.ncbi.nlm.nih.gov/12737245,,0,
https://openalex.org/w2059732667,https://doi.org/10.1016/j.fertnstert.2010.11.008,https://pubmed.ncbi.nlm.nih.gov/21122836,,0,
https://openalex.org/w1989539295,https://doi.org/10.1177/00220345840630051401,https://pubmed.ncbi.nlm.nih.gov/6200522,017-735-345-708-640,0,
https://openalex.org/w1998552715,https://doi.org/10.5271/sjweh.1718,https://pubmed.ncbi.nlm.nih.gov/1829851,049-980-461-217-304,0,
https://openalex.org/w2167180703,https://doi.org/10.1080/004982500237488,https://pubmed.ncbi.nlm.nih.gov/10875681,001-858-734-049-019,0,
https://openalex.org/w2075326920,https://doi.org/10.1016/j.marpolbul.2012.02.010,https://pubmed.ncbi.nlm.nih.gov/22459496,,0,
https://openalex.org/w2102769916,https://doi.org/10.1016/j.talanta.2012.08.045,https://pubmed.ncbi.nlm.nih.gov/23158283,,0,
https://openalex.org/w2155620047,https://doi.org/10.1177/00220345960750070901,https://pubmed.ncbi.nlm.nih.gov/8876601,098-722-351-292-27X,0,
https://openalex.org/w2014316289,https://doi.org/10.1016/j.yhbeh.2012.08.005,https://pubmed.ncbi.nlm.nih.gov/23240141,,1,
https://openalex.org/w2056087409,https://doi.org/10.1016/j.bios.2006.06.030,https://pubmed.ncbi.nlm.nih.gov/16884900,,0,
https://openalex.org/w2010757318,https://doi.org/10.1007/s00784-005-0010-7,https://pubmed.ncbi.nlm.nih.gov/16167153,,0,
https://openalex.org/w2151398132,https://doi.org/10.1016/s0109-5641(01)00030-6,https://pubmed.ncbi.nlm.nih.gov/11755590,,0,
https://openalex.org/w2380161684,,https://pubmed.ncbi.nlm.nih.gov/18051326,,0,
https://openalex.org/w2006011764,https://doi.org/10.4012/dmj.19.317,https://pubmed.ncbi.nlm.nih.gov/11218851,060-288-347-946-180,0,
https://openalex.org/w2147722922,https://doi.org/10.1210/en.2006-0805,https://pubmed.ncbi.nlm.nih.gov/16946013,109-495-843-825-669,0,
https://openalex.org/w1989342778,https://doi.org/10.1177/0022034508328254,https://pubmed.ncbi.nlm.nih.gov/19131323,046-303-536-050-282,0,
https://openalex.org/w2031497227,https://doi.org/10.1016/j.marpolbul.2008.05.005,https://pubmed.ncbi.nlm.nih.gov/18599090,,0,
https://openalex.org/w2091781599,https://doi.org/10.1093/jb/mvm158,https://pubmed.ncbi.nlm.nih.gov/17761695,026-975-361-451-469,0,
https://openalex.org/w2080879610,https://doi.org/10.1289/ehp.0800045,https://pubmed.ncbi.nlm.nih.gov/19590677,013-949-631-695-244,0,
https://openalex.org/w1982868802,https://doi.org/10.1002/bdrb.20336,https://pubmed.ncbi.nlm.nih.gov/21922642,002-522-242-447-237,0,
https://openalex.org/w1980559936,https://doi.org/10.1016/j.jdent.2008.09.005,https://pubmed.ncbi.nlm.nih.gov/18926613,,0,
https://openalex.org/w2058369588,https://doi.org/10.1002/jbm.b.31645,https://pubmed.ncbi.nlm.nih.gov/20524199,007-847-771-098-893,0,
https://openalex.org/w2237798351,,https://pubmed.ncbi.nlm.nih.gov/15853108,,0,
https://openalex.org/w2047127738,https://doi.org/10.1254/jjp.89.413,https://pubmed.ncbi.nlm.nih.gov/12233820,038-124-135-491-972,0,
https://openalex.org/w1970284660,https://doi.org/10.2341/08-72,https://pubmed.ncbi.nlm.nih.gov/19363978,076-141-827-427-19X,0,
https://openalex.org/w2312288330,https://doi.org/10.1248/cpb.41.1626,https://pubmed.ncbi.nlm.nih.gov/8221977,012-287-010-033-356,0,
https://openalex.org/w1983689226,https://doi.org/10.1016/j.jsbmb.2008.02.006,https://pubmed.ncbi.nlm.nih.gov/18359623,,0,
https://openalex.org/w2015681399,https://doi.org/10.1016/0002-9416(84)90145-3,https://pubmed.ncbi.nlm.nih.gov/6237589,,0,
https://openalex.org/w2321174370,https://doi.org/10.1021/tx300305k,https://pubmed.ncbi.nlm.nih.gov/22998141,013-282-727-955-247,0,
https://openalex.org/w1978446158,https://doi.org/10.1080/02652030701837399,https://pubmed.ncbi.nlm.nih.gov/18569010,052-741-471-480-501,0,
https://openalex.org/w1729405679,https://doi.org/10.1034/j.1600-0722.2000.108004346.x,https://pubmed.ncbi.nlm.nih.gov/10946771,071-636-583-774-752,0,
https://openalex.org/w2061057531,https://doi.org/10.1016/j.dental.2011.07.011,https://pubmed.ncbi.nlm.nih.gov/21816460,062-551-499-346-14X,0,
https://openalex.org/w2061719665,https://doi.org/10.1007/s00784-002-0151-x,https://pubmed.ncbi.nlm.nih.gov/12166718,,0,
https://openalex.org/w2104049917,https://doi.org/10.1177/154405910208100207,https://pubmed.ncbi.nlm.nih.gov/11827256,061-122-196-773-601,0,
https://openalex.org/w1993520319,https://doi.org/10.4103/0970-4388.16448,https://pubmed.ncbi.nlm.nih.gov/16012211,016-823-522-747-952,0,
https://openalex.org/w2010733164,https://doi.org/10.1016/j.tiv.2006.12.003,https://pubmed.ncbi.nlm.nih.gov/17258427,,0,
https://openalex.org/w2014110019,https://doi.org/10.1038/sj.bdj.4801401,https://pubmed.ncbi.nlm.nih.gov/12014696,073-432-195-620-231,0,
https://openalex.org/w2144047551,https://doi.org/10.1016/s0109-5641(98)00030-x,https://pubmed.ncbi.nlm.nih.gov/10196796,,0,
https://openalex.org/w2419530036,,https://pubmed.ncbi.nlm.nih.gov/2939529,,0,
https://openalex.org/w1982805170,https://doi.org/10.1016/j.dental.2008.09.011,https://pubmed.ncbi.nlm.nih.gov/19027937,055-866-220-079-236,0,
https://openalex.org/w12528130,https://doi.org/10.1002/art.10629,https://pubmed.ncbi.nlm.nih.gov/19343929,,0,
https://openalex.org/w2372333124,,https://pubmed.ncbi.nlm.nih.gov/17926411,,0,
https://openalex.org/w2110743638,https://doi.org/10.1016/j.dental.2006.11.028,https://pubmed.ncbi.nlm.nih.gov/17218002,,0,
https://openalex.org/w2063347987,https://doi.org/10.1016/0889-5406(92)70114-p,https://pubmed.ncbi.nlm.nih.gov/1534199,005-180-724-349-105,0,
https://openalex.org/w2063536020,https://doi.org/10.1016/j.jchromb.2005.11.024,https://pubmed.ncbi.nlm.nih.gov/16330262,,0,
https://openalex.org/w1967658497,https://doi.org/10.1016/j.aca.2006.07.016,https://pubmed.ncbi.nlm.nih.gov/17723693,,0,
https://openalex.org/w2770137486,,https://pubmed.ncbi.nlm.nih.gov/19142252,,0,
https://openalex.org/w2026993827,https://doi.org/10.1016/j.reprotox.2011.05.013,https://pubmed.ncbi.nlm.nih.gov/21664964,,0,
https://openalex.org/w1997718266,https://doi.org/10.1016/s0889-5406(97)70232-4,https://pubmed.ncbi.nlm.nih.gov/9423699,055-121-433-717-418,0,
https://openalex.org/w2111491000,https://doi.org/10.1016/s0889-5406(95)70017-x,https://pubmed.ncbi.nlm.nih.gov/7661140,050-075-103-604-764,0,
https://openalex.org/w2404754181,,https://pubmed.ncbi.nlm.nih.gov/11764830,,0,
https://openalex.org/w2418884212,,https://pubmed.ncbi.nlm.nih.gov/16568912,,0,
https://openalex.org/w1980935870,https://doi.org/10.1007/s10532-010-9440-2,https://pubmed.ncbi.nlm.nih.gov/21125313,,0,
https://openalex.org/w2051150230,https://doi.org/10.1210/er.2005-0018,https://pubmed.ncbi.nlm.nih.gov/16632680,021-246-590-859-87X,0,
https://openalex.org/w2461109056,,https://pubmed.ncbi.nlm.nih.gov/6444840,,0,
https://openalex.org/w2079071053,https://doi.org/10.1016/j.reprotox.2009.06.014,https://pubmed.ncbi.nlm.nih.gov/19577634,,0,
https://openalex.org/w2410037225,,https://pubmed.ncbi.nlm.nih.gov/19824557,,0,
https://openalex.org/w2433493920,,https://pubmed.ncbi.nlm.nih.gov/9452614,,0,
https://openalex.org/w2419008591,,https://pubmed.ncbi.nlm.nih.gov/6224631,,0,
https://openalex.org/w2400789462,,https://pubmed.ncbi.nlm.nih.gov/11203815,,0,
https://openalex.org/w2050738622,https://doi.org/10.1002/elps.201100469,https://pubmed.ncbi.nlm.nih.gov/22589114,115-425-524-910-456,0,
https://openalex.org/w2096282522,https://doi.org/10.1098/rstb.2008.0268,https://pubmed.ncbi.nlm.nih.gov/19528058,032-082-140-631-967,0,
https://openalex.org/w2033902587,https://doi.org/10.1111/j.1600-0722.1996.tb00057.x,https://pubmed.ncbi.nlm.nih.gov/8804901,007-639-606-781-377,0,
https://openalex.org/w2100723447,https://doi.org/10.1016/s0960-9822(03)00189-1,https://pubmed.ncbi.nlm.nih.gov/12676084,015-410-334-975-032,0,
https://openalex.org/w2024201289,https://doi.org/10.1289/ehp.11342,https://pubmed.ncbi.nlm.nih.gov/20019905,023-554-863-482-674,1,
https://openalex.org/w1976053967,https://doi.org/10.2220/biomedres.29.163,https://pubmed.ncbi.nlm.nih.gov/18614850,008-379-818-829-30X,0,
https://openalex.org/w2065162365,https://doi.org/10.1007/s00216-006-0448-8,https://pubmed.ncbi.nlm.nih.gov/16794817,,0,
https://openalex.org/w2169249817,https://doi.org/10.1002/cssc.201100402,https://pubmed.ncbi.nlm.nih.gov/22162446,084-055-339-738-668,0,
https://openalex.org/w2041459111,https://doi.org/10.1016/0022-3913(92)90581-t,https://pubmed.ncbi.nlm.nih.gov/1403859,,0,
https://openalex.org/w2114741845,https://doi.org/10.1210/jc.2012-3058,https://pubmed.ncbi.nlm.nih.gov/23264398,077-726-165-360-132,0,
https://openalex.org/w1995585492,https://doi.org/10.1111/j.0105-1873.2003.0241.x,https://pubmed.ncbi.nlm.nih.gov/15025698,035-089-579-553-169,0,
https://openalex.org/w2078340821,https://doi.org/10.1002/rcm.4801,https://pubmed.ncbi.nlm.nih.gov/21072804,022-655-449-260-466,0,
https://openalex.org/w2132373300,https://doi.org/10.1111/j.1439-0531.2012.02051.x,https://pubmed.ncbi.nlm.nih.gov/22827346,068-297-491-880-898,0,
https://openalex.org/w2049970571,https://doi.org/10.1210/endo.139.10.6216,https://pubmed.ncbi.nlm.nih.gov/9751507,022-871-296-062-878,0,
https://openalex.org/w2068458246,https://doi.org/10.1016/j.toxlet.2012.03.802,https://pubmed.ncbi.nlm.nih.gov/22504055,,0,
https://openalex.org/w1993737556,https://doi.org/10.1016/0022-3913(86)90464-6,https://pubmed.ncbi.nlm.nih.gov/2945005,,0,
https://openalex.org/w2132999390,https://doi.org/10.1111/j.1532-849x.1998.tb00214.x,https://pubmed.ncbi.nlm.nih.gov/10196846,013-871-106-931-846,0,
https://openalex.org/w2042548207,https://doi.org/10.1007/s10646-005-0044-2,https://pubmed.ncbi.nlm.nih.gov/16374667,,0,
https://openalex.org/w1992387181,https://doi.org/10.4012/dmj.16.60,https://pubmed.ncbi.nlm.nih.gov/9550002,046-072-706-979-807,0,
https://openalex.org/w2147395561,https://doi.org/10.1002/jssc.200301766,https://pubmed.ncbi.nlm.nih.gov/15638161,099-916-739-757-872,0,
https://openalex.org/w1964319871,https://doi.org/10.1016/j.talanta.2007.04.033,https://pubmed.ncbi.nlm.nih.gov/19073088,,0,
https://openalex.org/w2059751795,https://doi.org/10.1016/0300-5712(95)00100-x,https://pubmed.ncbi.nlm.nih.gov/8990684,,0,
https://openalex.org/w2004818280,https://doi.org/10.1016/j.tjog.2013.04.016,https://pubmed.ncbi.nlm.nih.gov/23915859,016-289-430-577-266,0,
https://openalex.org/w1988893538,https://doi.org/10.1007/s00216-011-5226-6,https://pubmed.ncbi.nlm.nih.gov/21744235,,0,
https://openalex.org/w185005631,,https://pubmed.ncbi.nlm.nih.gov/8595589,,0,
https://openalex.org/w2141713208,https://doi.org/10.1111/j.1365-2591.1987.tb00603.x,https://pubmed.ncbi.nlm.nih.gov/3147946,010-907-075-327-947,0,
https://openalex.org/w2394929913,,https://pubmed.ncbi.nlm.nih.gov/6242319,,0,
https://openalex.org/w1964694941,https://doi.org/10.11607/prd.1096,https://pubmed.ncbi.nlm.nih.gov/23593631,030-877-914-435-377,0,
https://openalex.org/w2064566811,https://doi.org/10.1021/ac202559w,https://pubmed.ncbi.nlm.nih.gov/22283623,013-279-946-983-38X,0,
https://openalex.org/w2184302803,,https://pubmed.ncbi.nlm.nih.gov/16872042,,0,
https://openalex.org/w1987437975,https://doi.org/10.1016/j.reprotox.2010.10.008,https://pubmed.ncbi.nlm.nih.gov/20965246,,0,
https://openalex.org/w2418704970,,https://pubmed.ncbi.nlm.nih.gov/16130875,,0,
https://openalex.org/w2003205864,https://doi.org/10.4012/dmj.2012-064,https://pubmed.ncbi.nlm.nih.gov/23037832,048-793-227-379-639,0,
https://openalex.org/w2413318469,,https://pubmed.ncbi.nlm.nih.gov/11323845,,0,
https://openalex.org/w2029244036,https://doi.org/10.1080/026520399284055,https://pubmed.ncbi.nlm.nih.gov/10560572,104-001-578-121-307,0,
https://openalex.org/w2028375261,https://doi.org/10.1016/j.jcis.2010.12.037,https://pubmed.ncbi.nlm.nih.gov/21256504,,0,
https://openalex.org/w2025761571,https://doi.org/10.1111/j.1708-8240.1994.tb00871.x,https://pubmed.ncbi.nlm.nih.gov/8593226,,0,
https://openalex.org/w1937542328,https://doi.org/10.1023/a:1010612727587,https://pubmed.ncbi.nlm.nih.gov/11516022,,0,
https://openalex.org/w2140981633,https://doi.org/10.1093/ortho/30.3.225,https://pubmed.ncbi.nlm.nih.gov/14530420,003-908-279-281-128,0,
https://openalex.org/w2141022206,https://doi.org/10.1016/j.jdent.2003.09.002,https://pubmed.ncbi.nlm.nih.gov/14749083,,0,
https://openalex.org/w2321397863,https://doi.org/10.1097/cnq.0b013e31823b2084,https://pubmed.ncbi.nlm.nih.gov/22157496,024-957-844-435-373,0,
https://openalex.org/w27778201,https://doi.org/10.2186/jjps.33.1233,https://pubmed.ncbi.nlm.nih.gov/2535163,074-503-928-045-53X,0,
https://openalex.org/w2019682109,https://doi.org/10.1016/s1532-0456(03)00088-7,https://pubmed.ncbi.nlm.nih.gov/12860056,,0,
https://openalex.org/w2027503567,https://doi.org/10.1007/s00244-001-0016-3,https://pubmed.ncbi.nlm.nih.gov/12045875,,0,
https://openalex.org/w2009161792,https://doi.org/10.1267/ahc.10042,https://pubmed.ncbi.nlm.nih.gov/21448315,085-943-706-883-43X,0,
https://openalex.org/w2120542733,https://doi.org/10.1002/etc.631,https://pubmed.ncbi.nlm.nih.gov/21786314,085-433-745-451-955,0,
https://openalex.org/w2011383608,https://doi.org/10.1046/j.1365-263x.1998.00082.x,https://pubmed.ncbi.nlm.nih.gov/17294628,024-146-035-876-153,0,
https://openalex.org/w2408141014,,https://pubmed.ncbi.nlm.nih.gov/7568746,,0,
https://openalex.org/w2008314858,https://doi.org/10.1016/s0378-4274(02)00388-0,https://pubmed.ncbi.nlm.nih.gov/12505275,,0,
https://openalex.org/w2065984147,https://doi.org/10.1021/es200537u,https://pubmed.ncbi.nlm.nih.gov/21612268,057-846-567-030-305,0,
https://openalex.org/w2299280062,,https://pubmed.ncbi.nlm.nih.gov/12413220,,0,
https://openalex.org/w2084892287,https://doi.org/10.1080/09593330802099643,https://pubmed.ncbi.nlm.nih.gov/18610790,012-083-970-052-023,0,
https://openalex.org/w2027471335,https://doi.org/10.1016/j.dental.2007.06.035,https://pubmed.ncbi.nlm.nih.gov/17804051,,0,
https://openalex.org/w1980132229,https://doi.org/10.1021/es011081h,https://pubmed.ncbi.nlm.nih.gov/11878385,089-812-031-729-033,0,
https://openalex.org/w2466678356,,https://pubmed.ncbi.nlm.nih.gov/2145509,,0,
https://openalex.org/w2038532619,https://doi.org/10.1111/j.1708-8240.2000.tb00213.x,https://pubmed.ncbi.nlm.nih.gov/11324082,067-534-902-895-69X,0,
https://openalex.org/w2035851075,https://doi.org/10.1002/(sici)1097-4636(20000305)49:3<319::aid-jbm4>3.0.co;2-r,https://pubmed.ncbi.nlm.nih.gov/10602064,078-198-409-056-533,0,
https://openalex.org/w2409869130,,https://pubmed.ncbi.nlm.nih.gov/15241907,,0,
https://openalex.org/w2041257631,https://doi.org/10.1016/j.chroma.2005.07.070,https://pubmed.ncbi.nlm.nih.gov/16257298,,0,
https://openalex.org/w2074964991,https://doi.org/10.1101/gr.135681.111,https://pubmed.ncbi.nlm.nih.gov/23019147,038-426-491-224-006,0,
https://openalex.org/w2418446670,,https://pubmed.ncbi.nlm.nih.gov/10530280,,0,
https://openalex.org/w2063480097,https://doi.org/10.14219/jada.archive.2005.0203,https://pubmed.ncbi.nlm.nih.gov/15884317,007-516-145-978-758,0,
https://openalex.org/w2014590870,https://doi.org/10.1016/j.jhazmat.2008.11.071,https://pubmed.ncbi.nlm.nih.gov/19135794,,0,
https://openalex.org/w2050843054,https://doi.org/10.1016/s0039-128x(99)00035-5,https://pubmed.ncbi.nlm.nih.gov/10503711,,0,
https://openalex.org/w153938120,https://doi.org/10.1016/j.chroma.2006.10.040,https://pubmed.ncbi.nlm.nih.gov/17084848,,0,
https://openalex.org/w2164424145,https://doi.org/10.1016/j.etap.2011.09.008,https://pubmed.ncbi.nlm.nih.gov/22047638,,0,
https://openalex.org/w2428202532,,https://pubmed.ncbi.nlm.nih.gov/12537343,,0,
https://openalex.org/w1980520925,https://doi.org/10.1111/j.1600-0722.2005.00214.x,https://pubmed.ncbi.nlm.nih.gov/15953250,169-014-328-451-937,0,
https://openalex.org/w2035410297,https://doi.org/10.1007/s10646-012-0980-6,https://pubmed.ncbi.nlm.nih.gov/22847829,,0,
https://openalex.org/w2001956694,https://doi.org/10.1016/j.envres.2005.05.004,https://pubmed.ncbi.nlm.nih.gov/16029874,,0,
https://openalex.org/w2161776033,https://doi.org/10.1016/j.dental.2006.03.010,https://pubmed.ncbi.nlm.nih.gov/16765431,,0,
https://openalex.org/w2140954164,https://doi.org/10.1016/s0109-5641(85)80058-0,https://pubmed.ncbi.nlm.nih.gov/3160625,,0,
https://openalex.org/w1999530751,https://doi.org/10.1111/j.1365-2842.2004.01372.x,https://pubmed.ncbi.nlm.nih.gov/15369471,056-856-432-831-861,0,
https://openalex.org/w2016241453,https://doi.org/10.1016/0022-3913(91)90286-6,https://pubmed.ncbi.nlm.nih.gov/1829763,,0,
https://openalex.org/w2023117798,https://doi.org/10.1007/s00784-012-0748-7,https://pubmed.ncbi.nlm.nih.gov/22576325,,0,
https://openalex.org/w2048481060,https://doi.org/10.1016/j.mrrev.2010.04.003,https://pubmed.ncbi.nlm.nih.gov/20399890,,0,
https://openalex.org/w1988460807,https://doi.org/10.1103/physreve.63.031207,https://pubmed.ncbi.nlm.nih.gov/11308642,030-936-829-937-476,0,
https://openalex.org/w2039413054,https://doi.org/10.1038/sj.jes.7500566,https://pubmed.ncbi.nlm.nih.gov/17410114,075-076-882-058-310,0,
https://openalex.org/w2091074407,https://doi.org/10.1016/s0022-3913(97)70140-9,https://pubmed.ncbi.nlm.nih.gov/9151267,,0,
https://openalex.org/w2090469415,https://doi.org/10.1289/ehp.0010897,https://pubmed.ncbi.nlm.nih.gov/10656848,042-331-918-488-653,0,
https://openalex.org/w2083764259,https://doi.org/10.1016/j.watres.2011.05.039,https://pubmed.ncbi.nlm.nih.gov/21714983,,0,
https://openalex.org/w2013390412,https://doi.org/10.1289/ehp.6862,https://pubmed.ncbi.nlm.nih.gov/15175171,195-740-647-257-292,0,
https://openalex.org/w1972047961,https://doi.org/10.1034/j.1600-0897.2002.01112.x,https://pubmed.ncbi.nlm.nih.gov/12148547,068-636-119-938-516,0,
https://openalex.org/w2061495413,https://doi.org/10.1111/j.1365-2672.2008.03843.x,https://pubmed.ncbi.nlm.nih.gov/18492046,000-242-251-185-84X,0,
https://openalex.org/w2413984802,,https://pubmed.ncbi.nlm.nih.gov/6220239,,0,
https://openalex.org/w1487509972,https://doi.org/10.1093/jaoac/83.6.1367,https://pubmed.ncbi.nlm.nih.gov/11128139,021-553-439-184-777,0,
https://openalex.org/w2075988842,https://doi.org/10.1016/j.bbrc.2004.05.024,https://pubmed.ncbi.nlm.nih.gov/15178442,,0,
https://openalex.org/w34439813,,https://pubmed.ncbi.nlm.nih.gov/8397991,,0,
https://openalex.org/w2413064613,,https://pubmed.ncbi.nlm.nih.gov/1387791,,0,
https://openalex.org/w2409717474,,https://pubmed.ncbi.nlm.nih.gov/11370274,,0,
https://openalex.org/w1968726898,https://doi.org/10.1053/jopr.2002.124545,https://pubmed.ncbi.nlm.nih.gov/12087545,001-248-109-208-549,0,
https://openalex.org/w2395055332,,https://pubmed.ncbi.nlm.nih.gov/6239088,,0,
https://openalex.org/w2063728480,https://doi.org/10.1016/s0147-6513(02)00010-6,https://pubmed.ncbi.nlm.nih.gov/12547630,035-506-581-858-564,0,
https://openalex.org/w2150246506,https://doi.org/10.1080/000163502753740151,https://pubmed.ncbi.nlm.nih.gov/12166907,042-328-582-633-951,0,
https://openalex.org/w2314734719,https://doi.org/10.1179/bjo.23.3.237,https://pubmed.ncbi.nlm.nih.gov/8894156,072-398-016-217-330,0,
https://openalex.org/w2408454691,,https://pubmed.ncbi.nlm.nih.gov/17233169,,0,
https://openalex.org/w2068127952,https://doi.org/10.1016/j.mrgentox.2011.12.023,https://pubmed.ncbi.nlm.nih.gov/22245107,,0,
https://openalex.org/w2026379534,https://doi.org/10.1016/s0022-3913(98)70205-7,https://pubmed.ncbi.nlm.nih.gov/9513096,,0,
https://openalex.org/w2088623213,https://doi.org/10.1016/j.mrgentox.2007.10.014,https://pubmed.ncbi.nlm.nih.gov/18096426,,0,
https://openalex.org/w2065775228,https://doi.org/10.1210/en.2012-1401,https://pubmed.ncbi.nlm.nih.gov/23150491,005-805-496-552-271,0,
https://openalex.org/w2066335042,https://doi.org/10.1111/j.1365-2591.1994.tb00269.x,https://pubmed.ncbi.nlm.nih.gov/7751059,000-444-460-184-822,0,
https://openalex.org/w1975372345,https://doi.org/10.1289/ehp.111-a382b,https://pubmed.ncbi.nlm.nih.gov/12782508,,0,
https://openalex.org/w2028491611,https://doi.org/10.1016/j.talanta.2006.10.006,https://pubmed.ncbi.nlm.nih.gov/19071591,,0,
https://openalex.org/w2099799696,https://doi.org/10.3109/00016358909007706,https://pubmed.ncbi.nlm.nih.gov/2528883,069-807-442-565-844,0,
https://openalex.org/w1986113329,https://doi.org/10.1016/j.jdent.2012.08.016,https://pubmed.ncbi.nlm.nih.gov/22955005,,0,
https://openalex.org/w2417812875,,https://pubmed.ncbi.nlm.nih.gov/15954305,,0,
https://openalex.org/w2031743404,https://doi.org/10.1265/jjh.59.403,https://pubmed.ncbi.nlm.nih.gov/15626028,051-306-670-130-771,0,
https://openalex.org/w2158303874,https://doi.org/10.1186/1479-5876-7-48,https://pubmed.ncbi.nlm.nih.gov/19538739,088-920-112-874-680,0,
https://openalex.org/w58952737,,https://pubmed.ncbi.nlm.nih.gov/16045194,,0,
https://openalex.org/w2032531013,https://doi.org/10.1289/ehp.0901495,https://pubmed.ncbi.nlm.nih.gov/20123633,005-589-635-772-052,0,
https://openalex.org/w2076435341,https://doi.org/10.1001/jama.2009.120,https://pubmed.ncbi.nlm.nih.gov/19224745,,0,
https://openalex.org/w2088655421,https://doi.org/10.1046/j.1365-2567.2003.01631.x,https://pubmed.ncbi.nlm.nih.gov/12709020,022-759-198-069-910,0,
https://openalex.org/w2061953849,https://doi.org/10.1016/s0022-3913(97)70166-5,https://pubmed.ncbi.nlm.nih.gov/9104718,,0,
https://openalex.org/w2080751571,https://doi.org/10.1016/s0099-2399(06)81172-6,https://pubmed.ncbi.nlm.nih.gov/10530262,,0,
https://openalex.org/w2166625789,https://doi.org/10.1177/00220345920710091601,https://pubmed.ncbi.nlm.nih.gov/1381734,115-518-659-964-139,0,
https://openalex.org/w2134394204,https://doi.org/10.1016/j.scitotenv.2008.04.028,https://pubmed.ncbi.nlm.nih.gov/18556047,,0,
https://openalex.org/w1513185601,,https://pubmed.ncbi.nlm.nih.gov/11317399,,0,
https://openalex.org/w101937517,,https://pubmed.ncbi.nlm.nih.gov/7546467,,0,
https://openalex.org/w2154176865,https://doi.org/10.1093/ejo/cjq159,https://pubmed.ncbi.nlm.nih.gov/21292732,070-889-983-577-327,0,
https://openalex.org/w2027219080,https://doi.org/10.1016/j.aquatox.2005.05.010,https://pubmed.ncbi.nlm.nih.gov/16046008,,0,
https://openalex.org/w1986302110,https://doi.org/10.1021/la902568v,https://pubmed.ncbi.nlm.nih.gov/19757820,033-200-484-918-217,0,
https://openalex.org/w2120412715,https://doi.org/10.3390/molecules171214846,https://pubmed.ncbi.nlm.nih.gov/23519257,123-436-267-815-143,0,
https://openalex.org/w2123947437,https://doi.org/10.1016/j.dental.2007.10.003,https://pubmed.ncbi.nlm.nih.gov/18045679,046-609-091-572-257,0,
https://openalex.org/w2411420384,https://doi.org/10.1042/bst024293s,https://pubmed.ncbi.nlm.nih.gov/8736951,,0,
https://openalex.org/w2018951896,https://doi.org/10.14219/jada.archive.1992.0078,https://pubmed.ncbi.nlm.nih.gov/1545045,,0,
https://openalex.org/w2071894224,https://doi.org/10.2341/07-133,https://pubmed.ncbi.nlm.nih.gov/18833860,017-945-791-424-010,0,
https://openalex.org/w2475039957,https://doi.org/10.5005/jcdp-6-3-62,https://pubmed.ncbi.nlm.nih.gov/16127473,025-054-346-252-522,0,
https://openalex.org/w2035938831,https://doi.org/10.1007/s007840050089,https://pubmed.ncbi.nlm.nih.gov/10803122,,0,
https://openalex.org/w2103133211,https://doi.org/10.1111/j.1600-0528.1995.tb00193.x,https://pubmed.ncbi.nlm.nih.gov/7774173,098-740-363-277-13X,0,
https://openalex.org/w2069497752,https://doi.org/10.1155/2012/359471,https://pubmed.ncbi.nlm.nih.gov/22649449,027-290-604-845-708,0,
https://openalex.org/w2322419022,https://doi.org/10.1021/bm3018438,https://pubmed.ncbi.nlm.nih.gov/23323677,021-365-372-055-840,0,
https://openalex.org/w2091057179,https://doi.org/10.1016/s0109-5641(05)80022-3,https://pubmed.ncbi.nlm.nih.gov/1814770,,0,
https://openalex.org/w2000870258,https://doi.org/10.1016/j.scitotenv.2012.10.078,https://pubmed.ncbi.nlm.nih.gov/23195039,,0,
https://openalex.org/w2031291736,https://doi.org/10.1016/j.jhazmat.2009.10.105,https://pubmed.ncbi.nlm.nih.gov/19945220,,0,
https://openalex.org/w2026794822,https://doi.org/10.1016/s0269-7491(01)00183-x,https://pubmed.ncbi.nlm.nih.gov/11916044,,0,
https://openalex.org/w2022305769,https://doi.org/10.1016/s0041-008x(66)80001-7,https://pubmed.ncbi.nlm.nih.gov/5956870,,0,
https://openalex.org/w59680031,,https://pubmed.ncbi.nlm.nih.gov/11203850,,0,
https://openalex.org/w2034020161,https://doi.org/10.1159/000096093,https://pubmed.ncbi.nlm.nih.gov/17033158,037-360-480-388-579,0,
https://openalex.org/w2004417984,https://doi.org/10.1016/s0022-3913(97)70138-0,https://pubmed.ncbi.nlm.nih.gov/9151265,,0,
https://openalex.org/w2083017349,https://doi.org/10.1021/jf034330p,https://pubmed.ncbi.nlm.nih.gov/12952414,025-222-116-200-858,0,
https://openalex.org/w2005087931,https://doi.org/10.1016/j.jchromb.2009.10.017,https://pubmed.ncbi.nlm.nih.gov/19884050,,0,
https://openalex.org/w2044762825,https://doi.org/10.1016/j.watres.2011.11.002,https://pubmed.ncbi.nlm.nih.gov/22118906,,0,
https://openalex.org/w2014574440,https://doi.org/10.1016/s0889-5406(03)00198-7,https://pubmed.ncbi.nlm.nih.gov/12806342,112-199-999-360-468,0,
https://openalex.org/w2377244318,,https://pubmed.ncbi.nlm.nih.gov/16013563,,0,
https://openalex.org/w2416331976,,https://pubmed.ncbi.nlm.nih.gov/6230566,,0,
https://openalex.org/w2032724914,https://doi.org/10.4066/amj.2011.529,https://pubmed.ncbi.nlm.nih.gov/23386883,069-710-842-402-613,0,
https://openalex.org/w2399258903,,https://pubmed.ncbi.nlm.nih.gov/11187748,,0,
https://openalex.org/w1990198853,https://doi.org/10.1007/s11356-010-0380-5,https://pubmed.ncbi.nlm.nih.gov/20686862,,0,
https://openalex.org/w2399650108,,https://pubmed.ncbi.nlm.nih.gov/6226127,,0,
https://openalex.org/w2416789841,,https://pubmed.ncbi.nlm.nih.gov/17380808,,0,
https://openalex.org/w2416659567,,https://pubmed.ncbi.nlm.nih.gov/16648781,,0,
https://openalex.org/w2086814854,https://doi.org/10.1016/j.chemosphere.2007.01.045,https://pubmed.ncbi.nlm.nih.gov/17350077,,0,
https://openalex.org/w1976621497,https://doi.org/10.1177/154405910808700116,https://pubmed.ncbi.nlm.nih.gov/18096901,081-682-173-941-925,0,
https://openalex.org/w2018316037,https://doi.org/10.2341/11-035-l,https://pubmed.ncbi.nlm.nih.gov/21942240,003-471-413-274-254,0,
https://openalex.org/w2137770437,https://doi.org/10.1016/j.talanta.2012.08.034,https://pubmed.ncbi.nlm.nih.gov/23141326,,0,
https://openalex.org/w2025093925,https://doi.org/10.1016/j.archoralbio.2010.11.013,https://pubmed.ncbi.nlm.nih.gov/21163467,,0,
https://openalex.org/w2090133455,https://doi.org/10.1289/ehp.5993,https://pubmed.ncbi.nlm.nih.gov/12842771,010-822-911-352-820,0,
https://openalex.org/w2082575746,https://doi.org/10.1016/j.dental.2003.12.004,https://pubmed.ncbi.nlm.nih.gov/15681008,,0,
https://openalex.org/w2004691558,https://doi.org/10.1155/2013/282381,https://pubmed.ncbi.nlm.nih.gov/23737772,049-033-213-147-225,0,
https://openalex.org/w1966198506,https://doi.org/10.1248/bpb.30.371,https://pubmed.ncbi.nlm.nih.gov/17268083,070-941-427-942-528,0,
https://openalex.org/w2128957769,https://doi.org/10.1111/j.1750-3841.2012.02789.x,https://pubmed.ncbi.nlm.nih.gov/22747968,012-613-901-281-119,0,
https://openalex.org/w2169428497,https://doi.org/10.1039/b800825f,https://pubmed.ncbi.nlm.nih.gov/18506237,007-079-132-365-562,0,
https://openalex.org/w2111041954,https://doi.org/10.1002/jbt.21459,https://pubmed.ncbi.nlm.nih.gov/23208979,069-092-982-404-164,0,
https://openalex.org/w2034344822,https://doi.org/10.1111/j.1708-8240.1992.tb00716.x,https://pubmed.ncbi.nlm.nih.gov/1298322,073-178-325-965-764,0,
https://openalex.org/w2093717919,https://doi.org/10.1016/j.chemosphere.2006.03.015,https://pubmed.ncbi.nlm.nih.gov/16631231,,0,
https://openalex.org/w1998438903,https://doi.org/10.1007/bf03262718,https://pubmed.ncbi.nlm.nih.gov/20403303,,0,
https://openalex.org/w2036208929,https://doi.org/10.1016/j.ijbiomac.2010.04.021,https://pubmed.ncbi.nlm.nih.gov/20438752,,0,
https://openalex.org/w2019522388,https://doi.org/10.1007/s10856-005-6441-5,https://pubmed.ncbi.nlm.nih.gov/15754139,040-676-540-344-666,0,
https://openalex.org/w1987388185,https://doi.org/10.1016/j.cbi.2011.08.001,https://pubmed.ncbi.nlm.nih.gov/21871873,009-124-594-756-923,0,
https://openalex.org/w2092701936,https://doi.org/10.1016/j.chemosphere.2012.09.085,https://pubmed.ncbi.nlm.nih.gov/23123119,,0,
https://openalex.org/w2019366272,https://doi.org/10.1016/j.chemosphere.2007.01.079,https://pubmed.ncbi.nlm.nih.gov/17382992,,0,
https://openalex.org/w2017063507,https://doi.org/10.1016/j.marpolbul.2011.12.018,https://pubmed.ncbi.nlm.nih.gov/22296624,,0,
https://openalex.org/w2067306961,https://doi.org/10.1111/j.1365-2842.1995.tb00086.x,https://pubmed.ncbi.nlm.nih.gov/7769526,052-894-181-191-67X,0,
https://openalex.org/w2019723274,https://doi.org/10.1016/j.pedn.2009.05.006,https://pubmed.ncbi.nlm.nih.gov/20816563,,0,
https://openalex.org/w2286476848,,https://pubmed.ncbi.nlm.nih.gov/12071630,,0,
https://openalex.org/w1996355933,https://doi.org/10.1067/mpr.2001.114511,https://pubmed.ncbi.nlm.nih.gov/11319539,,0,
https://openalex.org/w2417043779,,https://pubmed.ncbi.nlm.nih.gov/10806949,,0,
https://openalex.org/w2026968836,https://doi.org/10.1271/bbb.68.1201,https://pubmed.ncbi.nlm.nih.gov/15215581,053-754-698-353-557,0,
https://openalex.org/w1971914348,https://doi.org/10.1016/j.cbpc.2005.08.003,https://pubmed.ncbi.nlm.nih.gov/16198636,,0,
https://openalex.org/w2070455244,https://doi.org/10.2341/10-55-l,https://pubmed.ncbi.nlm.nih.gov/21777099,021-412-386-348-539,0,
https://openalex.org/w1982578554,https://doi.org/10.1111/j.1532-849x.1993.tb00391.x,https://pubmed.ncbi.nlm.nih.gov/8242163,025-323-719-996-851,0,
https://openalex.org/w4241908081,https://doi.org/10.1007/s00103-012-1525-0,https://pubmed.ncbi.nlm.nih.gov/22936490,,0,
https://openalex.org/w1976348535,https://doi.org/10.1016/j.tripleo.2010.04.046,https://pubmed.ncbi.nlm.nih.gov/20692186,012-153-079-526-761,0,
https://openalex.org/w2121647557,https://doi.org/10.1177/00220345860650110701,https://pubmed.ncbi.nlm.nih.gov/2959692,107-927-459-778-654,0,
https://openalex.org/w2002045939,https://doi.org/10.1016/j.aquatox.2004.08.001,https://pubmed.ncbi.nlm.nih.gov/15522430,,0,
https://openalex.org/w1984573399,https://doi.org/10.1016/j.neuroscience.2010.02.051,https://pubmed.ncbi.nlm.nih.gov/20219646,,0,
https://openalex.org/w2324068954,https://doi.org/10.2166/wst.2013.442,https://pubmed.ncbi.nlm.nih.gov/24225091,062-665-933-588-332,0,
https://openalex.org/w2469235118,,https://pubmed.ncbi.nlm.nih.gov/16130869,,0,
https://openalex.org/w1969873655,https://doi.org/10.1016/s0022-3913(13)60308-x,https://pubmed.ncbi.nlm.nih.gov/23684282,,0,
https://openalex.org/w2436877157,,https://pubmed.ncbi.nlm.nih.gov/12874521,,0,
https://openalex.org/w2101974015,https://doi.org/10.1016/s0109-5641(99)00021-4,https://pubmed.ncbi.nlm.nih.gov/10551103,,0,
https://openalex.org/w1902943365,,https://pubmed.ncbi.nlm.nih.gov/20579427,,0,
https://openalex.org/w2113973060,https://doi.org/10.1016/s0889-5406(99)70315-x,https://pubmed.ncbi.nlm.nih.gov/9878957,057-798-201-694-162,0,
https://openalex.org/w2072615124,https://doi.org/10.1016/s0266-4356(96)90096-0,https://pubmed.ncbi.nlm.nih.gov/8909731,097-087-382-004-094,0,
https://openalex.org/w2464035669,https://doi.org/10.1007/s10856-007-3363-4,https://pubmed.ncbi.nlm.nih.gov/18197364,087-213-635-322-851,0,
https://openalex.org/w2065718126,https://doi.org/10.1016/s0109-5641(02)00058-1,https://pubmed.ncbi.nlm.nih.gov/12686294,,0,
https://openalex.org/w1581857624,https://doi.org/10.1111/j.1742-7843.2007.00165.x,https://pubmed.ncbi.nlm.nih.gov/18226065,069-034-857-223-705,0,
https://openalex.org/w2057913984,https://doi.org/10.1590/s1806-83242006000200001,https://pubmed.ncbi.nlm.nih.gov/16878198,065-084-620-826-188,0,
https://openalex.org/w2105094359,https://doi.org/10.1590/s0103-64402004000100003,https://pubmed.ncbi.nlm.nih.gov/15322639,068-567-895-170-566,0,
https://openalex.org/w2003423733,https://doi.org/10.1177/00220345840630081501,https://pubmed.ncbi.nlm.nih.gov/6235252,028-344-104-648-035,0,
https://openalex.org/w2001940142,https://doi.org/10.1007/s10103-009-0745-5,https://pubmed.ncbi.nlm.nih.gov/20099071,,0,
https://openalex.org/w2013991231,https://doi.org/10.1289/ehp.0901010,https://pubmed.ncbi.nlm.nih.gov/20049111,033-733-781-862-071,0,
https://openalex.org/w2007011974,https://doi.org/10.1038/sj.bdj.4807185,https://pubmed.ncbi.nlm.nih.gov/2139791,,0,
https://openalex.org/w2170442253,https://doi.org/10.1016/j.scitotenv.2011.06.039,https://pubmed.ncbi.nlm.nih.gov/21849205,026-536-387-663-30X,0,
https://openalex.org/w138246406,,https://pubmed.ncbi.nlm.nih.gov/11203991,,0,
https://openalex.org/w2054204220,https://doi.org/10.1016/j.taap.2010.06.008,https://pubmed.ncbi.nlm.nih.gov/20600215,,0,
https://openalex.org/w2101797242,https://doi.org/10.1111/j.1600-0722.1985.tb01979.x,https://pubmed.ncbi.nlm.nih.gov/3898343,010-896-270-059-190,0,
https://openalex.org/w2013151364,https://doi.org/10.1016/j.dental.2010.11.012,https://pubmed.ncbi.nlm.nih.gov/21176946,,0,
https://openalex.org/w2034746872,https://doi.org/10.1007/s12010-012-9825-2,https://pubmed.ncbi.nlm.nih.gov/22941308,,0,
https://openalex.org/w2056456037,https://doi.org/10.1016/j.watres.2011.03.009,https://pubmed.ncbi.nlm.nih.gov/21453950,,0,
https://openalex.org/w4298054043,,https://pubmed.ncbi.nlm.nih.gov/20358654,,0,
https://openalex.org/w2074927944,https://doi.org/10.1016/j.bios.2006.06.013,https://pubmed.ncbi.nlm.nih.gov/16935485,,0,
https://openalex.org/w2063262185,https://doi.org/10.1021/jf304971k,https://pubmed.ncbi.nlm.nih.gov/23215552,130-889-398-738-796,0,
https://openalex.org/w2146257792,https://doi.org/10.1210/endo.141.12.7823,https://pubmed.ncbi.nlm.nih.gov/11108262,040-854-301-013-412,0,
https://openalex.org/w2119962144,https://doi.org/10.1067/mpr.2003.89,https://pubmed.ncbi.nlm.nih.gov/12690351,,0,
https://openalex.org/w1981546766,https://doi.org/10.1006/bbrc.2000.3710,https://pubmed.ncbi.nlm.nih.gov/11061995,,0,
https://openalex.org/w2047963728,https://doi.org/10.1093/toxsci/64.2.282,https://pubmed.ncbi.nlm.nih.gov/11719712,,0,
https://openalex.org/w1798286519,https://doi.org/10.1043/0003-3219(1999)069<0457:cosbso>2.3.co;2,https://pubmed.ncbi.nlm.nih.gov/10515144,,0,
https://openalex.org/w2040308844,https://doi.org/10.1088/0957-4484/19/27/275701,https://pubmed.ncbi.nlm.nih.gov/21828713,056-469-944-196-179,0,
https://openalex.org/w2030446642,https://doi.org/10.1289/ehp.95103s721,https://pubmed.ncbi.nlm.nih.gov/8593868,041-230-971-199-915,0,
https://openalex.org/w2142900569,,https://pubmed.ncbi.nlm.nih.gov/19267965,,0,
https://openalex.org/w2166847347,https://doi.org/10.1016/s0889-5406(05)80328-2,https://pubmed.ncbi.nlm.nih.gov/1532686,083-823-146-712-114,0,
https://openalex.org/w1965302715,https://doi.org/10.1007/s00204-011-0785-z,https://pubmed.ncbi.nlm.nih.gov/22102106,014-329-859-340-537,0,
https://openalex.org/w2991796552,,https://pubmed.ncbi.nlm.nih.gov/12674362,,0,
https://openalex.org/w2046505732,https://doi.org/10.1016/s0109-5641(00)00098-1,https://pubmed.ncbi.nlm.nih.gov/11445207,,0,
https://openalex.org/w2084624454,https://doi.org/10.1016/j.tox.2012.12.013,https://pubmed.ncbi.nlm.nih.gov/23287389,,0,
https://openalex.org/w2054959660,https://doi.org/10.1097/shk.0b013e31822d8de1,https://pubmed.ncbi.nlm.nih.gov/21937955,095-026-521-112-967,0,
https://openalex.org/w2038846156,https://doi.org/10.1007/s00216-009-2725-9,https://pubmed.ncbi.nlm.nih.gov/19290512,,0,
https://openalex.org/w2025070219,https://doi.org/10.1016/j.jhazmat.2011.02.032,https://pubmed.ncbi.nlm.nih.gov/21402441,,0,
https://openalex.org/w51861452,,https://pubmed.ncbi.nlm.nih.gov/10388378,,0,
https://openalex.org/w1976209071,https://doi.org/10.1016/j.talanta.2008.09.006,https://pubmed.ncbi.nlm.nih.gov/19084642,,0,
https://openalex.org/w2151742640,https://doi.org/10.1039/b922199a,https://pubmed.ncbi.nlm.nih.gov/20372716,050-226-289-263-421,0,
https://openalex.org/w2128318426,https://doi.org/10.1021/ac0610558,https://pubmed.ncbi.nlm.nih.gov/17194126,057-374-134-118-261,0,
https://openalex.org/w2055764496,https://doi.org/10.2341/10-153-l,https://pubmed.ncbi.nlm.nih.gov/21777101,053-390-429-991-652,0,
https://openalex.org/w2168004176,https://doi.org/10.1080/15376510802290900,https://pubmed.ncbi.nlm.nih.gov/20020932,052-379-356-766-02X,0,
https://openalex.org/w2435231199,,https://pubmed.ncbi.nlm.nih.gov/9511597,,0,
https://openalex.org/w2134122638,https://doi.org/10.1093/humrep/des328,https://pubmed.ncbi.nlm.nih.gov/23014629,049-783-831-622-495,0,
https://openalex.org/w2049341645,https://doi.org/10.1016/s0045-6535(99)00529-9,https://pubmed.ncbi.nlm.nih.gov/10879814,,0,
https://openalex.org/w1982942271,https://doi.org/10.1016/s0890-6238(02)00003-5,https://pubmed.ncbi.nlm.nih.gov/11955943,,1,
https://openalex.org/w1966058262,https://doi.org/10.1093/ortho/24.2.133,https://pubmed.ncbi.nlm.nih.gov/9218111,054-011-449-371-42X,0,
https://openalex.org/w2018499698,https://doi.org/10.1016/j.joen.2012.05.002,https://pubmed.ncbi.nlm.nih.gov/22794222,,0,
https://openalex.org/w1979246641,https://doi.org/10.1007/s00216-004-2490-8,https://pubmed.ncbi.nlm.nih.gov/14762648,,0,
https://openalex.org/w2099842219,https://doi.org/10.1016/j.wasman.2004.02.004,https://pubmed.ncbi.nlm.nih.gov/15219920,,0,
https://openalex.org/w2057366387,https://doi.org/10.1016/j.dental.2006.05.003,https://pubmed.ncbi.nlm.nih.gov/16806452,,0,
https://openalex.org/w2081364021,https://doi.org/10.4103/0970-9290.99032,https://pubmed.ncbi.nlm.nih.gov/22842244,012-295-841-148-63X,0,
https://openalex.org/w2408390600,https://doi.org/10.5005/jcdp-7-5-18,https://pubmed.ncbi.nlm.nih.gov/17091136,016-446-636-175-621,0,
https://openalex.org/w2419220995,,https://pubmed.ncbi.nlm.nih.gov/19169447,,0,
https://openalex.org/w2080173150,https://doi.org/10.1111/j.1365-263x.2005.00609.x,https://pubmed.ncbi.nlm.nih.gov/15663445,043-531-435-899-426,0,
https://openalex.org/w2405361249,,https://pubmed.ncbi.nlm.nih.gov/1838417,,0,
https://openalex.org/w1856734159,https://doi.org/10.1043/0003-3219(1999)069<0441:srclwf>2.3.co;2,https://pubmed.ncbi.nlm.nih.gov/10515142,,0,
https://openalex.org/w2398906498,,https://pubmed.ncbi.nlm.nih.gov/9545893,,0,
https://openalex.org/w1989189572,https://doi.org/10.1016/j.chroma.2003.10.042,https://pubmed.ncbi.nlm.nih.gov/15058575,,0,
https://openalex.org/w2034079702,https://doi.org/10.1016/s0045-6535(00)00079-5,https://pubmed.ncbi.nlm.nih.gov/11100793,,0,
https://openalex.org/w1985515500,https://doi.org/10.1089/oli.2010.0267,https://pubmed.ncbi.nlm.nih.gov/21413891,040-080-042-029-148,0,
https://openalex.org/w2126629337,https://doi.org/10.2341/06-140,https://pubmed.ncbi.nlm.nih.gov/17910226,041-482-400-663-033,0,
https://openalex.org/w2127473449,https://doi.org/10.1016/j.dental.2004.07.023,https://pubmed.ncbi.nlm.nih.gov/15923032,,0,
https://openalex.org/w2054147055,https://doi.org/10.1016/j.talanta.2011.07.051,https://pubmed.ncbi.nlm.nih.gov/21872026,,0,
https://openalex.org/w1980928513,https://doi.org/10.1016/j.dental.2010.11.007,https://pubmed.ncbi.nlm.nih.gov/21115192,,0,
https://openalex.org/w2321603988,https://doi.org/10.1515/reveh-2012-0031,https://pubmed.ncbi.nlm.nih.gov/23509204,056-789-057-350-072,0,
https://openalex.org/w2094253472,https://doi.org/10.1016/0022-3913(86)90333-1,https://pubmed.ncbi.nlm.nih.gov/2937914,,0,
https://openalex.org/w315601227,,https://pubmed.ncbi.nlm.nih.gov/15587100,,0,
https://openalex.org/w2151011914,https://doi.org/10.5491/shaw.2013.4.1.1,https://pubmed.ncbi.nlm.nih.gov/23515885,046-920-920-758-270,0,
https://openalex.org/w2016289305,https://doi.org/10.1097/scs.0b013e318191cffb,https://pubmed.ncbi.nlm.nih.gov/19165054,,0,
https://openalex.org/w2076299435,https://doi.org/10.1016/j.aquatox.2010.09.018,https://pubmed.ncbi.nlm.nih.gov/20980066,,0,
https://openalex.org/w2142052848,https://doi.org/10.1177/154405910808700911,https://pubmed.ncbi.nlm.nih.gov/18719208,067-481-934-777-368,0,
https://openalex.org/w1982216022,https://doi.org/10.1039/b818491g,https://pubmed.ncbi.nlm.nih.gov/19639110,,0,
https://openalex.org/w1986007523,https://doi.org/10.1016/s0142-9612(02)00094-7,https://pubmed.ncbi.nlm.nih.gov/12164183,,0,
https://openalex.org/w2328901761,,https://pubmed.ncbi.nlm.nih.gov/23596702,,0,
https://openalex.org/w2028136439,https://doi.org/10.1016/j.chemosphere.2009.10.048,https://pubmed.ncbi.nlm.nih.gov/19931116,,0,
https://openalex.org/w2076353307,https://doi.org/10.1590/s1678-77572012000400014,https://pubmed.ncbi.nlm.nih.gov/23032211,028-684-984-722-408,0,
https://openalex.org/w2013972527,https://doi.org/10.1021/es1002764,https://pubmed.ncbi.nlm.nih.gov/20509646,022-032-655-515-916,0,
https://openalex.org/w2396176868,https://doi.org/10.5005/jcdp-4-1-1,https://pubmed.ncbi.nlm.nih.gov/12595929,031-144-953-487-290,0,
https://openalex.org/w2072587599,https://doi.org/10.1016/j.ijheh.2011.09.006,https://pubmed.ncbi.nlm.nih.gov/22218107,,0,
https://openalex.org/w2050381918,https://doi.org/10.1016/j.chemosphere.2010.03.002,https://pubmed.ncbi.nlm.nih.gov/20304459,,0,
https://openalex.org/w2022055614,https://doi.org/10.1590/s1678-77572009000500023,https://pubmed.ncbi.nlm.nih.gov/19936529,078-210-287-274-784,0,
https://openalex.org/w2317995948,https://doi.org/10.1002/asia.201201084,https://pubmed.ncbi.nlm.nih.gov/23401314,041-961-848-556-437,0,
https://openalex.org/w2026613020,https://doi.org/10.1016/j.talanta.2011.04.009,https://pubmed.ncbi.nlm.nih.gov/21645730,,0,
https://openalex.org/w2138270017,https://doi.org/10.1016/j.dental.2005.04.001,https://pubmed.ncbi.nlm.nih.gov/16046231,,0,
https://openalex.org/w2034788392,https://doi.org/10.1016/s1383-5718(00)00161-3,https://pubmed.ncbi.nlm.nih.gov/11342245,,0,
https://openalex.org/w2121467125,https://doi.org/10.1016/0300-5712(75)90002-0,https://pubmed.ncbi.nlm.nih.gov/1055122,,0,
https://openalex.org/w205169564,,https://pubmed.ncbi.nlm.nih.gov/7568759,,0,
https://openalex.org/w2117163306,https://doi.org/10.4012/dmj.19.75,https://pubmed.ncbi.nlm.nih.gov/11219092,093-607-977-209-962,0,
https://openalex.org/w2160677773,https://doi.org/10.1111/j.1439-0272.2004.00641.x,https://pubmed.ncbi.nlm.nih.gov/15541049,051-668-700-604-48X,0,
https://openalex.org/w2143238631,https://doi.org/10.1590/s0103-64402010000500012,https://pubmed.ncbi.nlm.nih.gov/21180802,029-996-240-630-200,0,
https://openalex.org/w2053186581,https://doi.org/10.1111/j.1365-2842.1989.tb01383.x,https://pubmed.ncbi.nlm.nih.gov/2532244,059-491-694-334-152,0,
https://openalex.org/w1995380876,https://doi.org/10.1016/j.dental.2007.05.018,https://pubmed.ncbi.nlm.nih.gov/17673283,,0,
https://openalex.org/w2079331135,https://doi.org/10.3109/01480540903286468,https://pubmed.ncbi.nlm.nih.gov/19848444,042-518-288-545-253,0,
https://openalex.org/w1987338052,https://doi.org/10.1016/j.tips.2011.01.001,https://pubmed.ncbi.nlm.nih.gov/21324536,123-344-019-326-65X,0,
https://openalex.org/w2016479065,https://doi.org/10.1016/j.chroma.2010.01.018,https://pubmed.ncbi.nlm.nih.gov/20102766,,0,
https://openalex.org/w1972426950,https://doi.org/10.1177/154405910608500315,https://pubmed.ncbi.nlm.nih.gov/16498079,020-224-849-960-43X,0,
https://openalex.org/w2079247218,https://doi.org/10.1016/s0300-5712(03)00007-1,https://pubmed.ncbi.nlm.nih.gov/12654551,,0,
https://openalex.org/w2084596615,https://doi.org/10.1016/j.aquatox.2010.10.002,https://pubmed.ncbi.nlm.nih.gov/21067826,,0,
https://openalex.org/w2417131100,,https://pubmed.ncbi.nlm.nih.gov/15575444,,0,
https://openalex.org/w2319880647,https://doi.org/10.1166/jnn.2006.229,https://pubmed.ncbi.nlm.nih.gov/17025072,041-118-581-222-542,0,
https://openalex.org/w2143296609,https://doi.org/10.1111/j.1365-2842.2004.01172.x,https://pubmed.ncbi.nlm.nih.gov/15025659,027-953-430-081-297,0,
https://openalex.org/w2050120441,https://doi.org/10.1016/j.jdent.2004.09.004,https://pubmed.ncbi.nlm.nih.gov/15781136,,0,
https://openalex.org/w2047529464,https://doi.org/10.1007/s00784-002-0170-7,https://pubmed.ncbi.nlm.nih.gov/12271348,,0,
https://openalex.org/w2127620319,https://doi.org/10.1093/ejo/18.6.655,https://pubmed.ncbi.nlm.nih.gov/9009430,008-722-482-333-874,0,
https://openalex.org/w2414607277,,https://pubmed.ncbi.nlm.nih.gov/19603585,,0,
https://openalex.org/w2130325101,https://doi.org/10.1186/1476-069x-11-20,https://pubmed.ncbi.nlm.nih.gov/22472083,108-231-291-946-538,0,
https://openalex.org/w2055346723,https://doi.org/10.1016/j.marpolbul.2004.11.006,https://pubmed.ncbi.nlm.nih.gov/16291199,,0,
https://openalex.org/w2025764709,https://doi.org/10.1111/j.1365-2842.2004.01405.x,https://pubmed.ncbi.nlm.nih.gov/15641977,081-847-109-227-762,0,
https://openalex.org/w185560192,,https://pubmed.ncbi.nlm.nih.gov/11570680,,0,
https://openalex.org/w2405328949,,https://pubmed.ncbi.nlm.nih.gov/15293420,,0,
https://openalex.org/w2029816243,https://doi.org/10.1177/0022034510384624,https://pubmed.ncbi.nlm.nih.gov/20940363,058-679-228-862-87X,0,
https://openalex.org/w1993633251,https://doi.org/10.1016/s0141-1136(00)00080-5,https://pubmed.ncbi.nlm.nih.gov/11460682,,0,
https://openalex.org/w2014428099,https://doi.org/10.1002/jbm.a.30656,https://pubmed.ncbi.nlm.nih.gov/16392135,014-176-056-112-560,0,
https://openalex.org/w2067768023,https://doi.org/10.1016/j.dental.2010.03.011,https://pubmed.ncbi.nlm.nih.gov/20362326,,0,
https://openalex.org/w2059994723,https://doi.org/10.1016/j.dental.2011.01.007,https://pubmed.ncbi.nlm.nih.gov/21371746,,0,
https://openalex.org/w1980383923,https://doi.org/10.1016/j.neulet.2004.04.023,https://pubmed.ncbi.nlm.nih.gov/15196690,,0,
https://openalex.org/w2411546363,,https://pubmed.ncbi.nlm.nih.gov/11187746,,0,
https://openalex.org/w2277298384,,https://pubmed.ncbi.nlm.nih.gov/12540114,,0,
https://openalex.org/w72964736,,https://pubmed.ncbi.nlm.nih.gov/17432401,,0,
https://openalex.org/w1972025902,https://doi.org/10.1016/j.neuropharm.2011.01.031,https://pubmed.ncbi.nlm.nih.gov/21277317,,0,
https://openalex.org/w2011310919,https://doi.org/10.1016/j.watres.2004.07.021,https://pubmed.ncbi.nlm.nih.gov/15491658,,0,
https://openalex.org/w2066015194,https://doi.org/10.1016/s0739-7240(02)00157-1,https://pubmed.ncbi.nlm.nih.gov/12142238,,0,
https://openalex.org/w2121972643,https://doi.org/10.1046/j.1365-2842.2003.01153.x,https://pubmed.ncbi.nlm.nih.gov/12880399,058-996-465-973-425,0,
https://openalex.org/w2110706325,https://doi.org/10.1016/j.dental.2010.03.015,https://pubmed.ncbi.nlm.nih.gov/20378161,,0,
https://openalex.org/w2028990219,https://doi.org/10.1111/j.1600-0536.1994.tb00700.x,https://pubmed.ncbi.nlm.nih.gov/8187518,,0,
https://openalex.org/w2080310406,https://doi.org/10.4012/dmj.2009-026,https://pubmed.ncbi.nlm.nih.gov/20379021,010-206-044-247-758,0,
https://openalex.org/w2057941620,https://doi.org/10.1016/j.jaci.2012.12.1573,https://pubmed.ncbi.nlm.nih.gov/23452902,015-440-218-149-259,0,
https://openalex.org/w2082443981,https://doi.org/10.1016/j.chemosphere.2006.07.078,https://pubmed.ncbi.nlm.nih.gov/16979213,,0,
https://openalex.org/w1968436966,https://doi.org/10.1016/j.joen.2010.11.037,https://pubmed.ncbi.nlm.nih.gov/21329829,025-776-076-538-68X,0,
https://openalex.org/w2150255971,https://doi.org/10.1186/1476-069x-11-8,https://pubmed.ncbi.nlm.nih.gov/22353195,032-430-466-330-812,0,
https://openalex.org/w2093574778,https://doi.org/10.1289/ehp.1205296,https://pubmed.ncbi.nlm.nih.gov/23459363,014-517-672-852-493,0,
https://openalex.org/w2093324536,https://doi.org/10.1016/j.reprotox.2007.03.006,https://pubmed.ncbi.nlm.nih.gov/17493787,,0,
https://openalex.org/w2054137257,https://doi.org/10.1073/pnas.1007047107,https://pubmed.ncbi.nlm.nih.gov/20921394,020-747-031-090-100,0,
https://openalex.org/w1978167461,https://doi.org/10.1016/s0048-9697(99)00218-1,https://pubmed.ncbi.nlm.nih.gov/10492901,,0,
https://openalex.org/w2349399988,https://doi.org/10.3724/sp.j.1123.2012.02028,https://pubmed.ncbi.nlm.nih.gov/23189660,034-508-240-567-200,0,
https://openalex.org/w2414973343,,https://pubmed.ncbi.nlm.nih.gov/2145474,,0,
https://openalex.org/w2429458278,,https://pubmed.ncbi.nlm.nih.gov/16045193,,0,
https://openalex.org/w2418034330,,https://pubmed.ncbi.nlm.nih.gov/12731275,,0,
https://openalex.org/w2095587552,https://doi.org/10.1289/ehp.1104526,https://pubmed.ncbi.nlm.nih.gov/22552965,040-944-875-173-57X,0,
https://openalex.org/w1970474244,https://doi.org/10.1074/jbc.275.3.1873,https://pubmed.ncbi.nlm.nih.gov/10636887,021-469-151-913-350,0,
https://openalex.org/w2077024018,https://doi.org/10.1016/j.envpol.2013.03.023,https://pubmed.ncbi.nlm.nih.gov/23562958,,0,
https://openalex.org/w2102141830,https://doi.org/10.1080/000155599750010706,https://pubmed.ncbi.nlm.nih.gov/10429988,007-803-318-846-406,0,
https://openalex.org/w2015222748,https://doi.org/10.1016/j.dental.2006.06.052,https://pubmed.ncbi.nlm.nih.gov/17126393,,0,
https://openalex.org/w1582405432,https://doi.org/10.5005/jcdp-9-2-105,https://pubmed.ncbi.nlm.nih.gov/18264532,037-082-647-143-518,0,
https://openalex.org/w2036551189,https://doi.org/10.1016/j.jsbmb.2010.10.007,https://pubmed.ncbi.nlm.nih.gov/21050888,047-307-544-962-649,0,
https://openalex.org/w2020795058,https://doi.org/10.1016/s0300-5712(00)00066-x,https://pubmed.ncbi.nlm.nih.gov/11239587,,0,
https://openalex.org/w1991528077,https://doi.org/10.4103/0970-9290.94694,https://pubmed.ncbi.nlm.nih.gov/22484897,016-855-292-814-641,0,
https://openalex.org/w2003036642,https://doi.org/10.1016/j.dental.2011.08.008,https://pubmed.ncbi.nlm.nih.gov/21920594,,0,
https://openalex.org/w1984362477,https://doi.org/10.1016/s0021-9673(00)00124-2,https://pubmed.ncbi.nlm.nih.gov/10870698,,0,
https://openalex.org/w2014799936,https://doi.org/10.1002/(sici)1097-4636(19990615)45:4<277::aid-jbm1>3.0.co;2-0,https://pubmed.ncbi.nlm.nih.gov/10321699,090-488-882-077-583,0,
https://openalex.org/w2082338682,https://doi.org/10.2341/05-116,https://pubmed.ncbi.nlm.nih.gov/17024938,031-386-236-377-576,0,
https://openalex.org/w2133612520,https://doi.org/10.1590/s1678-77572010000100008,https://pubmed.ncbi.nlm.nih.gov/20379680,037-803-144-579-579,0,
https://openalex.org/w2254287646,,https://pubmed.ncbi.nlm.nih.gov/11699186,,0,
https://openalex.org/w2331231027,https://doi.org/10.1166/jnn.2011.4193,https://pubmed.ncbi.nlm.nih.gov/21770116,031-842-328-819-008,0,
https://openalex.org/w2079632599,https://doi.org/10.1111/j.1365-2605.2009.01047.x,https://pubmed.ncbi.nlm.nih.gov/20487045,094-952-323-987-080,0,
https://openalex.org/w2274115588,,https://pubmed.ncbi.nlm.nih.gov/12120777,,0,
https://openalex.org/w132608258,,https://pubmed.ncbi.nlm.nih.gov/15195724,,0,
https://openalex.org/w2072090008,https://doi.org/10.1016/s0099-2399(07)80176-2,https://pubmed.ncbi.nlm.nih.gov/2150677,,0,
https://openalex.org/w2094835680,https://doi.org/10.1016/0142-9612(94)90269-0,https://pubmed.ncbi.nlm.nih.gov/7703314,,0,
https://openalex.org/w2037147405,https://doi.org/10.4103/0970-9290.114954,https://pubmed.ncbi.nlm.nih.gov/23852234,034-645-703-757-635,0,
https://openalex.org/w2381238465,https://doi.org/10.3785/j.issn.1008-9292.2009.03.003,https://pubmed.ncbi.nlm.nih.gov/19504630,,0,
https://openalex.org/w2018697985,https://doi.org/10.1016/j.ajodo.2008.06.031,https://pubmed.ncbi.nlm.nih.gov/20451789,102-414-139-317-642,0,
https://openalex.org/w1985839684,https://doi.org/10.1016/j.taap.2010.09.007,https://pubmed.ncbi.nlm.nih.gov/20858508,,0,
https://openalex.org/w2159818112,https://doi.org/10.2209/tdcpublication.45.67,https://pubmed.ncbi.nlm.nih.gov/15536857,070-674-482-052-743,0,
https://openalex.org/w2091935892,https://doi.org/10.1016/j.dental.2011.08.399,https://pubmed.ncbi.nlm.nih.gov/21925722,,0,
https://openalex.org/w1980633082,https://doi.org/10.1007/s11356-012-1042-6,https://pubmed.ncbi.nlm.nih.gov/22733556,,0,
https://openalex.org/w2098503198,https://doi.org/10.1590/s0103-64402007000200007,https://pubmed.ncbi.nlm.nih.gov/17982551,033-814-797-729-309,0,
https://openalex.org/w1989390103,https://doi.org/10.1016/j.talanta.2009.06.059,https://pubmed.ncbi.nlm.nih.gov/19782219,038-386-394-452-45X,0,
https://openalex.org/w2069768633,https://doi.org/10.1016/s1001-0742(10)60391-9,https://pubmed.ncbi.nlm.nih.gov/21516989,054-993-548-655-968,0,
https://openalex.org/w2098064603,https://doi.org/10.1016/j.etap.2010.06.003,https://pubmed.ncbi.nlm.nih.gov/21787652,,0,
https://openalex.org/w2114580476,https://doi.org/10.1016/j.dental.2007.06.011,https://pubmed.ncbi.nlm.nih.gov/17688931,,0,
https://openalex.org/w2170305974,https://doi.org/10.1111/j.1600-9657.1995.tb00482.x,https://pubmed.ncbi.nlm.nih.gov/7588340,009-581-552-432-406,0,
https://openalex.org/w2079810524,https://doi.org/10.1093/ejo/16.1.19,https://pubmed.ncbi.nlm.nih.gov/8181546,006-884-756-036-527,0,
https://openalex.org/w2163535586,https://doi.org/10.1111/j.1365-2842.1992.tb01593.x,https://pubmed.ncbi.nlm.nih.gov/1533872,041-050-957-424-524,0,
https://openalex.org/w1978324314,https://doi.org/10.1016/s0889-5406(95)70115-x,https://pubmed.ncbi.nlm.nih.gov/7733057,035-694-541-474-567,0,
https://openalex.org/w2076266189,https://doi.org/10.1067/mod.2002.126897,https://pubmed.ncbi.nlm.nih.gov/12490876,066-658-805-678-405,0,
https://openalex.org/w2080424545,https://doi.org/10.1016/s0378-4347(00)00387-x,https://pubmed.ncbi.nlm.nih.gov/11129078,,0,
https://openalex.org/w2004160084,https://doi.org/10.1016/j.bbrc.2006.04.177,https://pubmed.ncbi.nlm.nih.gov/16713995,,0,
https://openalex.org/w2068146621,https://doi.org/10.1016/s0890-6238(01)00160-5,https://pubmed.ncbi.nlm.nih.gov/11780958,,0,
https://openalex.org/w2108900261,https://doi.org/10.1001/jama.300.11.1303,https://pubmed.ncbi.nlm.nih.gov/18799442,031-185-231-173-768,0,
https://openalex.org/w2081861708,https://doi.org/10.1159/000209341,https://pubmed.ncbi.nlm.nih.gov/19321986,034-786-224-791-384,0,
https://openalex.org/w2417452885,,https://pubmed.ncbi.nlm.nih.gov/10477979,,0,
https://openalex.org/w2003701486,https://doi.org/10.1007/s00216-006-0669-x,https://pubmed.ncbi.nlm.nih.gov/16896612,,0,
https://openalex.org/w2040104868,https://doi.org/10.1289/ehp.1104426,https://pubmed.ncbi.nlm.nih.gov/22214767,006-849-454-767-136,0,
https://openalex.org/w2411428508,,https://pubmed.ncbi.nlm.nih.gov/16277075,,0,
https://openalex.org/w1999473805,https://doi.org/10.1289/ehp.10829,https://pubmed.ncbi.nlm.nih.gov/18414636,006-607-866-919-501,0,
https://openalex.org/w2411780890,,https://pubmed.ncbi.nlm.nih.gov/12174621,,0,
https://openalex.org/w2143082896,https://doi.org/10.1039/c0lc00259c,https://pubmed.ncbi.nlm.nih.gov/20967396,118-196-391-164-99X,0,
https://openalex.org/w2410701343,,https://pubmed.ncbi.nlm.nih.gov/3161773,,0,
https://openalex.org/w2397970220,,https://pubmed.ncbi.nlm.nih.gov/16158794,,0,
https://openalex.org/w2028592952,https://doi.org/10.1021/es061440e,https://pubmed.ncbi.nlm.nih.gov/17265962,012-981-665-794-551,0,
https://openalex.org/w2410902335,,https://pubmed.ncbi.nlm.nih.gov/15195734,,0,
https://openalex.org/w2003933845,https://doi.org/10.1016/s0142-9612(02)00079-0,https://pubmed.ncbi.nlm.nih.gov/12099295,,0,
https://openalex.org/w1981222389,https://doi.org/10.1016/s0273-2300(03)00009-6,https://pubmed.ncbi.nlm.nih.gov/12758220,,0,
https://openalex.org/w2032356987,https://doi.org/10.2166/wst.2008.665,https://pubmed.ncbi.nlm.nih.gov/18701800,037-512-471-049-321,0,
https://openalex.org/w2018587393,https://doi.org/10.1016/j.taap.2010.07.014,https://pubmed.ncbi.nlm.nih.gov/20678512,039-662-364-060-791,0,
https://openalex.org/w2059392150,https://doi.org/10.1289/ehp.1103850,https://pubmed.ncbi.nlm.nih.gov/21988766,041-070-671-946-798,0,
https://openalex.org/w2126927706,https://doi.org/10.1186/1476-069x-12-26,https://pubmed.ncbi.nlm.nih.gov/23530988,124-228-966-336-555,0,
https://openalex.org/w2066708856,https://doi.org/10.1016/j.taap.2009.01.006,https://pubmed.ncbi.nlm.nih.gov/19371625,,0,
https://openalex.org/w1977552845,https://doi.org/10.1016/j.dental.2008.05.004,https://pubmed.ncbi.nlm.nih.gov/18571228,098-736-513-891-417,0,
https://openalex.org/w2097445161,https://doi.org/10.1016/j.ajodo.2008.05.003,https://pubmed.ncbi.nlm.nih.gov/18617089,013-975-832-045-511,0,
https://openalex.org/w1995036607,https://doi.org/10.1007/s00204-001-0319-1,https://pubmed.ncbi.nlm.nih.gov/11914775,,0,
https://openalex.org/w2414001679,,https://pubmed.ncbi.nlm.nih.gov/6189631,,0,
https://openalex.org/w2032193304,https://doi.org/10.1007/s12975-010-0034-4,https://pubmed.ncbi.nlm.nih.gov/21494575,053-497-690-200-770,0,
https://openalex.org/w2992544131,,https://pubmed.ncbi.nlm.nih.gov/23649577,,0,
https://openalex.org/w2054046249,https://doi.org/10.2341/10-215-l,https://pubmed.ncbi.nlm.nih.gov/21702678,010-621-183-125-265,0,
https://openalex.org/w2095318393,https://doi.org/10.1016/j.dental.2009.06.009,https://pubmed.ncbi.nlm.nih.gov/19683808,,0,
https://openalex.org/w2007980175,https://doi.org/10.1016/j.lfs.2010.08.007,https://pubmed.ncbi.nlm.nih.gov/20807545,,0,
https://openalex.org/w2036842555,https://doi.org/10.2341/07-126,https://pubmed.ncbi.nlm.nih.gov/18505228,086-820-701-999-675,0,
https://openalex.org/w2149001240,https://doi.org/10.1016/j.dental.2010.11.014,https://pubmed.ncbi.nlm.nih.gov/21194743,,0,
https://openalex.org/w138252763,,https://pubmed.ncbi.nlm.nih.gov/18686766,,0,
https://openalex.org/w2056884716,https://doi.org/10.1016/j.funbio.2012.05.005,https://pubmed.ncbi.nlm.nih.gov/22862916,,0,
https://openalex.org/w2130259943,https://doi.org/10.1016/j.ajodo.2005.11.011,https://pubmed.ncbi.nlm.nih.gov/16527626,104-678-278-228-457,0,
https://openalex.org/w2136259692,https://doi.org/10.1530/eje.0.1450513,https://pubmed.ncbi.nlm.nih.gov/11581012,117-785-741-418-419,0,
https://openalex.org/w2404428987,,https://pubmed.ncbi.nlm.nih.gov/15986945,,0,
https://openalex.org/w2022932571,https://doi.org/10.1016/s0024-3205(99)00502-0,https://pubmed.ncbi.nlm.nih.gov/10597890,,0,
https://openalex.org/w1972630096,https://doi.org/10.1016/0109-5641(95)80027-1,https://pubmed.ncbi.nlm.nih.gov/8595828,,0,
https://openalex.org/w2103910201,https://doi.org/10.1126/science.300.5616.31a,https://pubmed.ncbi.nlm.nih.gov/12677030,027-191-255-558-044,0,
https://openalex.org/w2075637680,https://doi.org/10.1016/j.dental.2008.02.007,https://pubmed.ncbi.nlm.nih.gov/18374973,,0,
https://openalex.org/w2019788457,https://doi.org/10.3290/j.jad.a17530,https://pubmed.ncbi.nlm.nih.gov/20157673,,0,
https://openalex.org/w2017960722,https://doi.org/10.1080/02652030701867867,https://pubmed.ncbi.nlm.nih.gov/18569009,022-973-494-103-789,0,
https://openalex.org/w2022080280,https://doi.org/10.1016/0022-3913(93)90074-x,https://pubmed.ncbi.nlm.nih.gov/8254540,,0,
https://openalex.org/w1982233072,https://doi.org/10.1016/j.jdent.2006.01.005,https://pubmed.ncbi.nlm.nih.gov/16513239,,0,
https://openalex.org/w2078412299,https://doi.org/10.1080/09593330.2012.676074,https://pubmed.ncbi.nlm.nih.gov/23437671,016-267-007-585-528,0,
https://openalex.org/w2002724036,https://doi.org/10.1016/j.ajodo.2008.09.034,https://pubmed.ncbi.nlm.nih.gov/20691363,026-869-911-831-054,0,
https://openalex.org/w2053841879,https://doi.org/10.1016/s0021-9673(99)01011-0,https://pubmed.ncbi.nlm.nih.gov/10630867,,0,
https://openalex.org/w2341827749,,https://pubmed.ncbi.nlm.nih.gov/17450120,,0,
https://openalex.org/w2119228469,https://doi.org/10.1002/jbm.b.30795,https://pubmed.ncbi.nlm.nih.gov/17410570,070-243-308-709-979,0,
https://openalex.org/w2096429934,https://doi.org/10.1136/jech.2010.130690,https://pubmed.ncbi.nlm.nih.gov/22045849,024-715-911-070-844,0,
https://openalex.org/w2162276894,https://doi.org/10.1080/10408440600758317,https://pubmed.ncbi.nlm.nih.gov/16954066,028-648-502-134-104,0,
https://openalex.org/w2128095779,https://doi.org/10.1034/j.1600-0501.2003.00975.x,https://pubmed.ncbi.nlm.nih.gov/12969371,060-488-309-802-182,0,
https://openalex.org/w197635112,,https://pubmed.ncbi.nlm.nih.gov/17694201,,0,
https://openalex.org/w2053037523,https://doi.org/10.1016/j.jep.2010.11.007,https://pubmed.ncbi.nlm.nih.gov/21070843,,0,
https://openalex.org/w2158982396,https://doi.org/10.1590/s1806-83242011000100003,https://pubmed.ncbi.nlm.nih.gov/21359446,062-327-425-311-378,0,
https://openalex.org/w2147267265,https://doi.org/10.1016/j.dental.2010.03.004,https://pubmed.ncbi.nlm.nih.gov/20621775,,0,
https://openalex.org/w2166116986,https://doi.org/10.1016/j.aquatox.2004.09.009,https://pubmed.ncbi.nlm.nih.gov/15642635,,0,
https://openalex.org/w1963817763,https://doi.org/10.1177/10454411960070020501,https://pubmed.ncbi.nlm.nih.gov/8875031,039-770-548-387-631,0,
https://openalex.org/w2033209252,https://doi.org/10.1177/00220345840630070101,https://pubmed.ncbi.nlm.nih.gov/6234341,029-850-442-402-327,0,
https://openalex.org/w2058151879,https://doi.org/10.1177/00220345920710030201,https://pubmed.ncbi.nlm.nih.gov/1533403,063-483-641-540-600,0,
https://openalex.org/w2992927715,,https://pubmed.ncbi.nlm.nih.gov/8511259,,0,
https://openalex.org/w2233195922,https://doi.org/10.3290/j.jad.a17653,https://pubmed.ncbi.nlm.nih.gov/20157659,,0,
https://openalex.org/w1993586164,https://doi.org/10.1016/j.cca.2004.10.003,https://pubmed.ncbi.nlm.nih.gov/15556074,,0,
https://openalex.org/w1975117409,https://doi.org/10.4012/dmj.28.558,https://pubmed.ncbi.nlm.nih.gov/19822986,034-447-551-770-648,0,
https://openalex.org/w2023832391,https://doi.org/10.1016/j.chemosphere.2005.11.046,https://pubmed.ncbi.nlm.nih.gov/16405951,,0,
https://openalex.org/w2146886483,https://doi.org/10.1111/j.1365-2842.1995.tb00209.x,https://pubmed.ncbi.nlm.nih.gov/7897558,114-283-859-853-839,0,
https://openalex.org/w2019238630,https://doi.org/10.1016/0889-5406(91)70074-7,https://pubmed.ncbi.nlm.nih.gov/1833971,018-935-220-518-74X,0,
https://openalex.org/w2327815497,https://doi.org/10.4012/dmj.2012-300,https://pubmed.ncbi.nlm.nih.gov/23719016,036-894-232-494-356,0,
https://openalex.org/w2052608822,https://doi.org/10.1016/j.jdent.2011.12.010,https://pubmed.ncbi.nlm.nih.gov/22207164,,0,
https://openalex.org/w2071184104,https://doi.org/10.1177/028418519503600322,https://pubmed.ncbi.nlm.nih.gov/7742131,028-297-277-655-437,0,
https://openalex.org/w2063350651,https://doi.org/10.1016/s0109-5641(00)00006-3,https://pubmed.ncbi.nlm.nih.gov/10831778,,0,
https://openalex.org/w2118398457,https://doi.org/10.1016/j.jhazmat.2012.06.062,https://pubmed.ncbi.nlm.nih.gov/22818177,,0,
https://openalex.org/w2369186304,,https://pubmed.ncbi.nlm.nih.gov/18763523,,0,
https://openalex.org/w2016874028,https://doi.org/10.1016/j.jdent.2012.09.003,https://pubmed.ncbi.nlm.nih.gov/23017823,,0,
https://openalex.org/w2123608133,https://doi.org/10.1177/0021998308094797,https://pubmed.ncbi.nlm.nih.gov/19774100,016-548-801-411-710,0,
https://openalex.org/w2148531812,https://doi.org/10.1002/(sici)1097-0274(199807)34:1<6::aid-ajim2>3.0.co;2-x,https://pubmed.ncbi.nlm.nih.gov/9617382,008-304-528-161-130,0,
https://openalex.org/w1982167561,https://doi.org/10.1016/j.scitotenv.2008.09.048,https://pubmed.ncbi.nlm.nih.gov/19004474,,0,
https://openalex.org/w2410862370,,https://pubmed.ncbi.nlm.nih.gov/2932766,,0,
https://openalex.org/w71794561,,https://pubmed.ncbi.nlm.nih.gov/9063210,,0,
https://openalex.org/w2078826385,https://doi.org/10.1007/s11356-012-1075-x,https://pubmed.ncbi.nlm.nih.gov/22821279,,0,
https://openalex.org/w2416475868,,https://pubmed.ncbi.nlm.nih.gov/2955766,,0,
https://openalex.org/w2077094822,https://doi.org/10.1046/j.1365-2842.1999.00385.x,https://pubmed.ncbi.nlm.nih.gov/10373092,042-690-065-054-881,0,
https://openalex.org/w1966990866,https://doi.org/10.1016/j.steroids.2012.11.006,https://pubmed.ncbi.nlm.nih.gov/23219696,015-530-539-979-295,0,
https://openalex.org/w2145296967,https://doi.org/10.1111/j.1532-849x.2012.00934.x,https://pubmed.ncbi.nlm.nih.gov/23289613,000-966-244-577-718,0,
https://openalex.org/w1978963404,https://doi.org/10.1111/j.1834-7819.1994.tb03091.x,https://pubmed.ncbi.nlm.nih.gov/8067938,034-129-231-623-08X,0,
https://openalex.org/w2034108896,https://doi.org/10.1016/j.chemosphere.2006.05.136,https://pubmed.ncbi.nlm.nih.gov/17254629,,0,
https://openalex.org/w159089602,,https://pubmed.ncbi.nlm.nih.gov/23057314,,0,
https://openalex.org/w2021792452,https://doi.org/10.1016/s0278-6915(03)00031-0,https://pubmed.ncbi.nlm.nih.gov/12804662,,0,
https://openalex.org/w2110164276,https://doi.org/10.1016/j.jdent.2011.05.003,https://pubmed.ncbi.nlm.nih.gov/21620926,,0,
https://openalex.org/w2028836118,https://doi.org/10.1111/j.1708-8240.2004.tb00016.x,https://pubmed.ncbi.nlm.nih.gov/15500060,054-927-630-749-175,0,
https://openalex.org/w4255249283,https://doi.org/10.1038/446950a,https://pubmed.ncbi.nlm.nih.gov/17460623,,0,
https://openalex.org/w2152793540,https://doi.org/10.1111/j.1532-849x.2011.00695.x,https://pubmed.ncbi.nlm.nih.gov/21463380,014-809-553-844-735,0,
https://openalex.org/w243708289,,https://pubmed.ncbi.nlm.nih.gov/16130871,,0,
https://openalex.org/w69519286,,https://pubmed.ncbi.nlm.nih.gov/8486859,,0,
https://openalex.org/w1993942531,https://doi.org/10.1016/j.mrfmmm.2004.10.005,https://pubmed.ncbi.nlm.nih.gov/15680404,,0,
https://openalex.org/w2052689920,https://doi.org/10.1016/j.reprotox.2010.03.008,https://pubmed.ncbi.nlm.nih.gov/20363314,,0,
https://openalex.org/w2065707820,https://doi.org/10.1289/ehp.11537,https://pubmed.ncbi.nlm.nih.gov/19079714,048-569-971-948-098,0,
https://openalex.org/w2412585278,,https://pubmed.ncbi.nlm.nih.gov/4143800,,0,
https://openalex.org/w2027855181,https://doi.org/10.1002/bmc.88,https://pubmed.ncbi.nlm.nih.gov/11559925,064-724-743-298-668,0,
https://openalex.org/w2032509637,https://doi.org/10.1016/j.ejmech.2008.04.008,https://pubmed.ncbi.nlm.nih.gov/18656285,,0,
https://openalex.org/w2048590716,https://doi.org/10.1021/es801811y,https://pubmed.ncbi.nlm.nih.gov/18800494,066-245-150-809-412,0,
https://openalex.org/w2154005076,https://doi.org/10.1016/s0109-5641(01)00034-3,https://pubmed.ncbi.nlm.nih.gov/11755594,,0,
https://openalex.org/w2088356807,https://doi.org/10.1016/j.jhazmat.2007.04.056,https://pubmed.ncbi.nlm.nih.gov/17532122,,0,
https://openalex.org/w2078532276,https://doi.org/10.1038/sj.bjp.0705275,https://pubmed.ncbi.nlm.nih.gov/12788809,004-921-891-497-665,0,
https://openalex.org/w2321560226,https://doi.org/10.1002/jssc.201100152,https://pubmed.ncbi.nlm.nih.gov/21710527,036-287-129-782-355,0,
https://openalex.org/w1751948390,https://doi.org/10.1177/00220345940730100901,https://pubmed.ncbi.nlm.nih.gov/7929978,094-099-887-802-197,0,
https://openalex.org/w1821962932,https://doi.org/10.5005/jcdp-7-2-9,https://pubmed.ncbi.nlm.nih.gov/16685290,097-219-218-427-097,0,
https://openalex.org/w1990238100,https://doi.org/10.1111/j.1600-9657.1992.tb00448.x,https://pubmed.ncbi.nlm.nih.gov/1289070,018-985-757-763-409,0,
https://openalex.org/w2017247808,https://doi.org/10.1016/j.bbrc.2012.08.065,https://pubmed.ncbi.nlm.nih.gov/22935422,,0,
https://openalex.org/w1996865057,https://doi.org/10.1111/j.1600-0722.1997.tb02140.x,https://pubmed.ncbi.nlm.nih.gov/9395104,026-241-609-866-420,0,
https://openalex.org/w2073774078,https://doi.org/10.1016/j.jconrel.2012.08.017,https://pubmed.ncbi.nlm.nih.gov/22940127,,0,
https://openalex.org/w4235010629,https://doi.org/10.7326/0003-4819-155-6-201109200-00001,https://pubmed.ncbi.nlm.nih.gov/21930838,,0,
https://openalex.org/w2356731082,,https://pubmed.ncbi.nlm.nih.gov/18290480,,0,
https://openalex.org/w1963923566,https://doi.org/10.7326/0003-4819-155-6-201109200-00009,https://pubmed.ncbi.nlm.nih.gov/21930858,001-966-547-922-140,0,
https://openalex.org/w2356085054,,https://pubmed.ncbi.nlm.nih.gov/21695901,,0,
https://openalex.org/w174870740,,https://pubmed.ncbi.nlm.nih.gov/12066647,,0,
https://openalex.org/w2051025537,https://doi.org/10.1016/j.biortech.2005.06.017,https://pubmed.ncbi.nlm.nih.gov/16122923,,0,
https://openalex.org/w2053739707,https://doi.org/10.1016/j.chemosphere.2010.12.093,https://pubmed.ncbi.nlm.nih.gov/21269659,,0,
https://openalex.org/w2033370529,https://doi.org/10.1016/0022-3913(86)90035-1,https://pubmed.ncbi.nlm.nih.gov/2940363,,0,
https://openalex.org/w2034355583,https://doi.org/10.1021/jp802015n,https://pubmed.ncbi.nlm.nih.gov/18973377,005-940-131-411-558,0,
https://openalex.org/w2080213117,https://doi.org/10.1016/0022-3913(85)90655-9,https://pubmed.ncbi.nlm.nih.gov/3158734,,0,
https://openalex.org/w2163917846,https://doi.org/10.1002/etc.5620201211,https://pubmed.ncbi.nlm.nih.gov/11764155,080-357-762-438-169,0,
https://openalex.org/w1995676967,https://doi.org/10.1016/j.mce.2011.09.005,https://pubmed.ncbi.nlm.nih.gov/21939731,,0,
https://openalex.org/w2425457225,,https://pubmed.ncbi.nlm.nih.gov/2978623,,0,
https://openalex.org/w1982898948,https://doi.org/10.1063/1.3330412,https://pubmed.ncbi.nlm.nih.gov/20232984,006-617-310-657-648,0,
https://openalex.org/w2112401267,https://doi.org/10.1897/03-286,https://pubmed.ncbi.nlm.nih.gov/15095880,014-543-906-565-868,0,
https://openalex.org/w2076888550,https://doi.org/10.1159/000261515,https://pubmed.ncbi.nlm.nih.gov/8448774,025-468-944-325-314,0,
https://openalex.org/w2048926421,https://doi.org/10.1016/0300-5712(84)90009-5,https://pubmed.ncbi.nlm.nih.gov/6231319,,0,
https://openalex.org/w2019391082,https://doi.org/10.1016/s0300-5712(02)00084-2,https://pubmed.ncbi.nlm.nih.gov/12615022,041-346-314-971-72X,0,
https://openalex.org/w2410665893,,https://pubmed.ncbi.nlm.nih.gov/12092988,,0,
https://openalex.org/w1982616755,https://doi.org/10.1016/j.jdent.2012.04.006,https://pubmed.ncbi.nlm.nih.gov/22521705,,0,
https://openalex.org/w2011450821,https://doi.org/10.1080/02652030701713921,https://pubmed.ncbi.nlm.nih.gov/18484305,079-633-143-855-476,0,
https://openalex.org/w2084199062,https://doi.org/10.1007/s10646-012-0925-0,https://pubmed.ncbi.nlm.nih.gov/22592663,,0,
https://openalex.org/w2095065198,https://doi.org/10.1016/j.jdent.2012.05.010,https://pubmed.ncbi.nlm.nih.gov/22664565,035-101-354-048-275,0,
https://openalex.org/w2399227957,,https://pubmed.ncbi.nlm.nih.gov/18686763,,0,
https://openalex.org/w2186592989,,https://pubmed.ncbi.nlm.nih.gov/15544214,,0,
https://openalex.org/w15928199,,https://pubmed.ncbi.nlm.nih.gov/14653283,,0,
https://openalex.org/w2322946217,https://doi.org/10.1166/jnn.2008.ic70,https://pubmed.ncbi.nlm.nih.gov/19049076,027-866-749-941-257,0,
https://openalex.org/w2325029003,https://doi.org/10.4012/dmj.3.85,https://pubmed.ncbi.nlm.nih.gov/6236031,033-614-822-827-060,0,
https://openalex.org/w1974673227,https://doi.org/10.1067/mpr.2002.127416,https://pubmed.ncbi.nlm.nih.gov/12239477,,0,
https://openalex.org/w1967720702,https://doi.org/10.1016/j.mrgentox.2007.10.019,https://pubmed.ncbi.nlm.nih.gov/18083626,,0,
https://openalex.org/w2329580230,https://doi.org/10.2166/wst.2012.482,https://pubmed.ncbi.nlm.nih.gov/23109571,016-890-649-539-317,0,
https://openalex.org/w112510059,,https://pubmed.ncbi.nlm.nih.gov/12956492,,0,
https://openalex.org/w1561460285,https://doi.org/10.1002/jssc.201100883,https://pubmed.ncbi.nlm.nih.gov/22331819,009-207-102-274-500,0,
https://openalex.org/w2408257259,,https://pubmed.ncbi.nlm.nih.gov/17672252,,0,
https://openalex.org/w2135751405,https://doi.org/10.2478/s13382-013-0099-x,https://pubmed.ncbi.nlm.nih.gov/23715930,026-252-098-943-781,0,
https://openalex.org/w2003219735,https://doi.org/10.1097/ede.0b013e318280e02f,https://pubmed.ncbi.nlm.nih.gov/23337242,078-742-229-002-403,0,
https://openalex.org/w2081534003,https://doi.org/10.1016/j.chemosphere.2010.05.028,https://pubmed.ncbi.nlm.nih.gov/20579690,,0,
https://openalex.org/w1998761930,https://doi.org/10.2341/08-065-l,https://pubmed.ncbi.nlm.nih.gov/20166408,010-861-484-422-346,0,
https://openalex.org/w2416604071,,https://pubmed.ncbi.nlm.nih.gov/15536847,,0,
https://openalex.org/w2024248511,https://doi.org/10.1111/j.1365-2605.2007.00834.x,https://pubmed.ncbi.nlm.nih.gov/17971158,036-247-664-334-902,0,
https://openalex.org/w2440499122,,https://pubmed.ncbi.nlm.nih.gov/8054189,,0,
https://openalex.org/w1949727319,https://doi.org/10.1002/j.0022-0337.2011.75.11.tb05209.x,https://pubmed.ncbi.nlm.nih.gov/22058401,003-975-699-743-958,0,
https://openalex.org/w2061024225,https://doi.org/10.1177/0022034510377790,https://pubmed.ncbi.nlm.nih.gov/20858783,052-613-458-265-608,0,
https://openalex.org/w2376733788,,https://pubmed.ncbi.nlm.nih.gov/18839586,,0,
https://openalex.org/w2041068184,https://doi.org/10.1034/j.1600-9657.2002.180203.x,https://pubmed.ncbi.nlm.nih.gov/12184213,054-722-693-712-91X,0,
https://openalex.org/w2411274881,,https://pubmed.ncbi.nlm.nih.gov/11210856,,0,
https://openalex.org/w2419511532,,https://pubmed.ncbi.nlm.nih.gov/2534806,,0,
https://openalex.org/w299347735,,https://pubmed.ncbi.nlm.nih.gov/18647508,,0,
https://openalex.org/w2074691189,https://doi.org/10.1002/ijc.25972,https://pubmed.ncbi.nlm.nih.gov/21312194,075-749-805-808-37X,0,
https://openalex.org/w2171447466,https://doi.org/10.1016/s0109-5641(02)00087-8,https://pubmed.ncbi.nlm.nih.gov/12742439,,0,
https://openalex.org/w2066505019,https://doi.org/10.1021/la048595p,https://pubmed.ncbi.nlm.nih.gov/15697276,021-919-766-527-646,0,
https://openalex.org/w2413834931,,https://pubmed.ncbi.nlm.nih.gov/6453554,,0,
https://openalex.org/w2089236810,https://doi.org/10.1080/02652030500077502,https://pubmed.ncbi.nlm.nih.gov/16019796,058-822-052-820-842,0,
https://openalex.org/w2299005835,,https://pubmed.ncbi.nlm.nih.gov/14649617,,0,
https://openalex.org/w2122957379,https://doi.org/10.1002/jat.1334,https://pubmed.ncbi.nlm.nih.gov/18246544,012-111-265-349-759,0,
https://openalex.org/w2141825764,https://doi.org/10.1093/chromsci/40.4.191,https://pubmed.ncbi.nlm.nih.gov/12004937,037-662-579-357-59X,0,
https://openalex.org/w2077373861,https://doi.org/10.1038/sj.bdj.4807747,https://pubmed.ncbi.nlm.nih.gov/1531422,,0,
https://openalex.org/w2001085078,https://doi.org/10.1016/j.reprotox.2007.05.010,https://pubmed.ncbi.nlm.nih.gov/17628395,,0,
https://openalex.org/w2021809025,,https://pubmed.ncbi.nlm.nih.gov/12839938,,0,
https://openalex.org/w2099831121,https://doi.org/10.1016/j.dental.2006.06.049,https://pubmed.ncbi.nlm.nih.gov/17118438,,0,
https://openalex.org/w2028129251,https://doi.org/10.1016/s0039-128x(02)00014-4,https://pubmed.ncbi.nlm.nih.gov/11996937,,0,
https://openalex.org/w1964748907,https://doi.org/10.1089/pho.2005.23.219,https://pubmed.ncbi.nlm.nih.gov/15910191,091-035-185-310-305,0,
https://openalex.org/w2081994270,https://doi.org/10.1016/j.jdent.2005.11.001,https://pubmed.ncbi.nlm.nih.gov/16356620,,0,
https://openalex.org/w27971312,https://doi.org/10.1016/s0109-5641(00)00104-4,https://pubmed.ncbi.nlm.nih.gov/11445211,,0,
https://openalex.org/w2404022843,,https://pubmed.ncbi.nlm.nih.gov/15901014,,0,
https://openalex.org/w2128928162,https://doi.org/10.1093/toxsci/kfq186,https://pubmed.ncbi.nlm.nih.gov/20566471,000-099-542-673-262,0,
https://openalex.org/w2022666846,https://doi.org/10.17796/jcpd.27.1.776566w222426064,https://pubmed.ncbi.nlm.nih.gov/12413170,089-602-460-774-996,0,
https://openalex.org/w2187313989,,https://pubmed.ncbi.nlm.nih.gov/23285681,,0,
https://openalex.org/w2152782599,https://doi.org/10.1897/04-259r.1,https://pubmed.ncbi.nlm.nih.gov/16152959,008-723-451-608-34X,0,
https://openalex.org/w1978196134,https://doi.org/10.1016/j.jcis.2010.05.031,https://pubmed.ncbi.nlm.nih.gov/20621807,,0,
https://openalex.org/w2144160434,https://doi.org/10.1124/jpet.112.199034,https://pubmed.ncbi.nlm.nih.gov/23055538,067-062-918-040-415,0,
https://openalex.org/w2079712576,https://doi.org/10.2341/08-1,https://pubmed.ncbi.nlm.nih.gov/19051859,002-817-837-300-638,0,
https://openalex.org/w2119905540,https://doi.org/10.1007/s00216-013-6799-z,https://pubmed.ncbi.nlm.nih.gov/23436167,,0,
https://openalex.org/w2122771201,https://doi.org/10.1007/s00709-010-0140-x,https://pubmed.ncbi.nlm.nih.gov/20393758,,0,
https://openalex.org/w2077581686,https://doi.org/10.1016/j.jdent.2008.12.007,https://pubmed.ncbi.nlm.nih.gov/19203818,,0,
https://openalex.org/w2149980962,https://doi.org/10.2319/022310-113.1,https://pubmed.ncbi.nlm.nih.gov/20578870,063-813-772-724-644,0,
https://openalex.org/w3189085940,https://doi.org/10.1007/s12016-009-8176-4,https://pubmed.ncbi.nlm.nih.gov/19911313,,0,
https://openalex.org/w2058541935,https://doi.org/10.1038/sj.bdj.4804657,https://pubmed.ncbi.nlm.nih.gov/6458321,,0,
https://openalex.org/w2071555629,https://doi.org/10.1289/ehp.5603,https://pubmed.ncbi.nlm.nih.gov/12611660,027-668-360-329-839,0,
https://openalex.org/w2124746260,https://doi.org/10.1111/j.1365-2842.1985.tb00639.x,https://pubmed.ncbi.nlm.nih.gov/3159863,015-381-721-898-348,0,
https://openalex.org/w2087230833,https://doi.org/10.1016/j.chroma.2009.12.035,https://pubmed.ncbi.nlm.nih.gov/20047750,,0,
https://openalex.org/w2046432247,https://doi.org/10.1021/es900495z,https://pubmed.ncbi.nlm.nih.gov/19534098,,0,
https://openalex.org/w1533662676,https://doi.org/10.1111/j.1741-4520.2012.00381.x,https://pubmed.ncbi.nlm.nih.gov/23185968,057-239-704-434-177,0,
https://openalex.org/w2148991217,https://doi.org/10.1098/rstb.2008.0304,https://pubmed.ncbi.nlm.nih.gov/19528050,074-395-715-889-469,0,
https://openalex.org/w2024872938,https://doi.org/10.1016/s1570-0232(02)00547-0,https://pubmed.ncbi.nlm.nih.gov/12401363,,0,
https://openalex.org/w2001025393,https://doi.org/10.1016/j.jcis.2012.07.004,https://pubmed.ncbi.nlm.nih.gov/22858399,,0,
https://openalex.org/w2038242799,https://doi.org/10.1177/154405910508400810,https://pubmed.ncbi.nlm.nih.gov/16040732,046-368-279-645-839,0,
https://openalex.org/w2079309101,https://doi.org/10.1080/02652039809374653,https://pubmed.ncbi.nlm.nih.gov/9666897,053-463-802-128-975,0,
https://openalex.org/w2032908295,https://doi.org/10.1016/s0045-6535(02)00786-5,https://pubmed.ncbi.nlm.nih.gov/12586146,,0,
https://openalex.org/w1997537963,https://doi.org/10.1021/bm800984p,https://pubmed.ncbi.nlm.nih.gov/18956838,099-001-046-703-550,0,
https://openalex.org/w2014028483,https://doi.org/10.1016/j.chroma.2005.07.013,https://pubmed.ncbi.nlm.nih.gov/16196138,,0,
https://openalex.org/w2470783056,,https://pubmed.ncbi.nlm.nih.gov/1470558,,0,
https://openalex.org/w2135810907,https://doi.org/10.1097/med.0b013e32835f3d4b,https://pubmed.ncbi.nlm.nih.gov/23422246,027-709-633-052-686,0,
https://openalex.org/w2069449105,https://doi.org/10.1265/jjh.65.467,https://pubmed.ncbi.nlm.nih.gov/20508389,012-155-935-802-060,0,
https://openalex.org/w1985310578,https://doi.org/10.1016/s0142-9612(96)00171-8,https://pubmed.ncbi.nlm.nih.gov/9111949,,0,
https://openalex.org/w2048637593,https://doi.org/10.1073/pnas.0703739104,https://pubmed.ncbi.nlm.nih.gov/17670942,055-891-667-041-765,0,
https://openalex.org/w1968857093,https://doi.org/10.1002/rcm.2657,https://pubmed.ncbi.nlm.nih.gov/16969764,074-047-926-065-67X,0,
https://openalex.org/w2134371008,https://doi.org/10.1177/00220345930720111201,https://pubmed.ncbi.nlm.nih.gov/8227705,087-352-069-465-259,0,
https://openalex.org/w2019720924,https://doi.org/10.1016/j.ajodo.2005.02.017,https://pubmed.ncbi.nlm.nih.gov/16979497,066-478-351-854-612,0,
https://openalex.org/w2010394347,https://doi.org/10.1016/j.tiv.2008.06.013,https://pubmed.ncbi.nlm.nih.gov/18640261,,0,
https://openalex.org/w1988231967,https://doi.org/10.1016/j.prosdent.2003.12.013,https://pubmed.ncbi.nlm.nih.gov/15060497,,0,
https://openalex.org/w2044295177,https://doi.org/10.1080/13556210410001674059,https://pubmed.ncbi.nlm.nih.gov/15203435,093-774-911-639-650,0,
https://openalex.org/w1978313768,https://doi.org/10.1111/j.1834-7819.1992.tb00738.x,https://pubmed.ncbi.nlm.nih.gov/1385695,006-603-730-025-391,0,
https://openalex.org/w131883444,,https://pubmed.ncbi.nlm.nih.gov/7330632,,0,
https://openalex.org/w2401492426,,https://pubmed.ncbi.nlm.nih.gov/2936594,,0,
https://openalex.org/w2101140725,https://doi.org/10.1590/s1678-77572011000300007,https://pubmed.ncbi.nlm.nih.gov/21625736,046-443-937-030-682,0,
https://openalex.org/w2086647285,https://doi.org/10.1016/j.ecoenv.2006.07.003,https://pubmed.ncbi.nlm.nih.gov/17055578,082-485-767-248-46X,0,
https://openalex.org/w2010270913,https://doi.org/10.1177/00220345810600050901,https://pubmed.ncbi.nlm.nih.gov/6452469,093-869-689-716-476,0,
https://openalex.org/w2154908300,https://doi.org/10.1093/aje/kwt049,https://pubmed.ncbi.nlm.nih.gov/23568595,013-846-545-979-417,0,
https://openalex.org/w2134440397,https://doi.org/10.1124/dmd.107.014787,https://pubmed.ncbi.nlm.nih.gov/17646283,027-056-958-578-955,0,
https://openalex.org/w2141183734,https://doi.org/10.1177/0748233712457438,https://pubmed.ncbi.nlm.nih.gov/23024108,020-831-960-644-747,0,
https://openalex.org/w2010356060,https://doi.org/10.1016/s0109-5641(97)80018-8,https://pubmed.ncbi.nlm.nih.gov/9467311,,0,
https://openalex.org/w2002715377,https://doi.org/10.1007/s002040100277,https://pubmed.ncbi.nlm.nih.gov/11808920,,0,
https://openalex.org/w1718856086,https://doi.org/10.1111/j.1532-849x.2011.00744.x,https://pubmed.ncbi.nlm.nih.gov/21843228,003-333-484-836-669,0,
https://openalex.org/w2043319761,https://doi.org/10.1016/s0890-6238(03)00034-0,https://pubmed.ncbi.nlm.nih.gov/12849858,,0,
https://openalex.org/w1965827193,https://doi.org/10.1021/ac970121q,https://pubmed.ncbi.nlm.nih.gov/9271060,021-602-666-405-961,0,
https://openalex.org/w1998135404,https://doi.org/10.1289/ehp.1002148,https://pubmed.ncbi.nlm.nih.gov/20675265,040-885-491-033-626,0,
https://openalex.org/w2001516335,https://doi.org/10.1016/j.dental.2005.04.007,https://pubmed.ncbi.nlm.nih.gov/16364423,,0,
https://openalex.org/w2114180043,https://doi.org/10.1021/es200976k,https://pubmed.ncbi.nlm.nih.gov/21732633,027-397-649-931-992,0,
https://openalex.org/w1976916929,https://doi.org/10.1073/pnas.0907697107,https://pubmed.ncbi.nlm.nih.gov/20018722,067-884-567-084-151,0,
https://openalex.org/w1976184639,https://doi.org/10.1007/s00204-011-0766-2,https://pubmed.ncbi.nlm.nih.gov/22045264,,0,
https://openalex.org/w1988504612,https://doi.org/10.1002/jbm.820170412,https://pubmed.ncbi.nlm.nih.gov/6224797,013-255-466-584-316,0,
https://openalex.org/w2013031384,https://doi.org/10.1016/j.chroma.2007.01.046,https://pubmed.ncbi.nlm.nih.gov/17275010,,0,
https://openalex.org/w2024892925,https://doi.org/10.1111/j.1365-2842.2004.01318.x,https://pubmed.ncbi.nlm.nih.gov/15369475,049-635-901-695-979,0,
https://openalex.org/w2416237148,,https://pubmed.ncbi.nlm.nih.gov/11187738,,0,
https://openalex.org/w2045354982,https://doi.org/10.1007/s10646-013-1054-0,https://pubmed.ncbi.nlm.nih.gov/23479059,,0,
https://openalex.org/w187623598,https://doi.org/10.4315/0362-028x-66.8.1439,https://pubmed.ncbi.nlm.nih.gov/12929832,042-899-391-788-001,0,
https://openalex.org/w2029560884,https://doi.org/10.1021/ac070533r,https://pubmed.ncbi.nlm.nih.gov/17530820,056-035-897-655-732,0,
https://openalex.org/w2329193100,https://doi.org/10.1021/nn1035697,https://pubmed.ncbi.nlm.nih.gov/21323322,054-499-805-793-461,0,
https://openalex.org/w2014261543,https://doi.org/10.1016/0278-2391(95)90226-0,https://pubmed.ncbi.nlm.nih.gov/7861279,038-842-228-535-125,0,
https://openalex.org/w2124181703,,https://pubmed.ncbi.nlm.nih.gov/23032231,,0,
https://openalex.org/w2085001403,https://doi.org/10.1289/ehp.12492,https://pubmed.ncbi.nlm.nih.gov/19337497,093-757-528-381-963,0,
https://openalex.org/w1980530547,https://doi.org/10.1016/j.dental.2009.07.005,https://pubmed.ncbi.nlm.nih.gov/19679342,,0,
https://openalex.org/w1976388841,https://doi.org/10.1046/j.1365-2842.2001.00760.x,https://pubmed.ncbi.nlm.nih.gov/11722717,132-413-284-199-172,0,
https://openalex.org/w2075242041,https://doi.org/10.1007/s00784-002-0182-3,https://pubmed.ncbi.nlm.nih.gov/12483240,,0,
https://openalex.org/w191872379,,https://pubmed.ncbi.nlm.nih.gov/11803994,,0,
https://openalex.org/w2112361940,https://doi.org/10.1034/j.1600-0722.2002.21225.x,https://pubmed.ncbi.nlm.nih.gov/12206596,004-987-978-353-519,0,
https://openalex.org/w2034179400,https://doi.org/10.1289/ehp.6359,https://pubmed.ncbi.nlm.nih.gov/14644661,033-046-637-365-05X,0,
https://openalex.org/w2008512786,https://doi.org/10.1016/j.jhazmat.2010.06.131,https://pubmed.ncbi.nlm.nih.gov/20673609,,0,
https://openalex.org/w2090759332,https://doi.org/10.1046/j.1439-0272.2000.00391.x,https://pubmed.ncbi.nlm.nih.gov/11021515,018-819-406-481-211,0,
https://openalex.org/w2042784583,https://doi.org/10.1177/0022034510372885,https://pubmed.ncbi.nlm.nih.gov/20505047,129-401-302-121-154,0,
https://openalex.org/w2135752342,https://doi.org/10.1210/en.2006-0561,https://pubmed.ncbi.nlm.nih.gov/17023525,006-220-380-213-377,0,
https://openalex.org/w2027946427,https://doi.org/10.1016/j.chemosphere.2012.01.026,https://pubmed.ncbi.nlm.nih.gov/22330311,,0,
https://openalex.org/w2035662046,https://doi.org/10.1071/rd12159,https://pubmed.ncbi.nlm.nih.gov/22951085,082-707-747-205-527,0,
https://openalex.org/w2437003854,,https://pubmed.ncbi.nlm.nih.gov/22558686,,0,
https://openalex.org/w2031835920,https://doi.org/10.1080/02652030310001657388,https://pubmed.ncbi.nlm.nih.gov/15204563,065-866-654-203-989,0,
https://openalex.org/w2132948225,https://doi.org/10.1016/0002-9416(82)90212-3,https://pubmed.ncbi.nlm.nih.gov/6217753,,0,
https://openalex.org/w2028857488,https://doi.org/10.1006/taap.1999.8840,https://pubmed.ncbi.nlm.nih.gov/10652244,,0,
https://openalex.org/w2402749924,,https://pubmed.ncbi.nlm.nih.gov/7575969,,0,
https://openalex.org/w2335393187,https://doi.org/10.1021/es304927j,https://pubmed.ncbi.nlm.nih.gov/23470081,060-321-012-344-315,0,
https://openalex.org/w2011560862,https://doi.org/10.1124/pr.110.002790,https://pubmed.ncbi.nlm.nih.gov/22039149,042-320-296-563-298,0,
https://openalex.org/w2019365944,https://doi.org/10.1016/s0022-3913(96)90544-2,https://pubmed.ncbi.nlm.nih.gov/8897296,,0,
https://openalex.org/w2060184568,https://doi.org/10.1016/j.chemosphere.2004.05.029,https://pubmed.ncbi.nlm.nih.gov/15312722,,0,
https://openalex.org/w2052954191,https://doi.org/10.1016/j.polymer.2007.01.044,https://pubmed.ncbi.nlm.nih.gov/18327290,060-960-013-981-608,0,
https://openalex.org/w2162291081,https://doi.org/10.2341/05-20,https://pubmed.ncbi.nlm.nih.gov/16827028,083-613-362-692-941,0,
https://openalex.org/w2089328079,https://doi.org/10.1111/j.1834-7819.1992.tb03042.x,https://pubmed.ncbi.nlm.nih.gov/1534986,031-263-364-314-641,0,
https://openalex.org/w2136195181,https://doi.org/10.1039/c0em00602e,https://pubmed.ncbi.nlm.nih.gov/21424011,056-168-387-603-675,0,
https://openalex.org/w2056779397,https://doi.org/10.2341/09-360-l,https://pubmed.ncbi.nlm.nih.gov/21180000,022-544-913-908-86X,0,
https://openalex.org/w2097194279,https://doi.org/10.2341/07-152,https://pubmed.ncbi.nlm.nih.gov/18833866,000-181-818-056-920,0,
https://openalex.org/w1971331693,https://doi.org/10.1111/j.1600-9657.2008.00702.x,https://pubmed.ncbi.nlm.nih.gov/19021643,071-661-631-899-627,0,
https://openalex.org/w2333231365,https://doi.org/10.2166/wst.2013.340,https://pubmed.ncbi.nlm.nih.gov/24037150,147-734-802-749-827,0,
https://openalex.org/w1973520021,https://doi.org/10.1016/j.aca.2011.01.037,https://pubmed.ncbi.nlm.nih.gov/21397076,,0,
https://openalex.org/w1970420331,https://doi.org/10.1016/0022-3913(83)90241-x,https://pubmed.ncbi.nlm.nih.gov/6218297,,0,
https://openalex.org/w2144968628,https://doi.org/10.1002/(sici)1097-4636(19971215)37:4<554::aid-jbm15>3.0.co;2-8,https://pubmed.ncbi.nlm.nih.gov/9407305,050-723-978-171-212,0,
https://openalex.org/w2044914400,https://doi.org/10.1016/j.biortech.2011.12.127,https://pubmed.ncbi.nlm.nih.gov/22243929,,0,
https://openalex.org/w1992562565,https://doi.org/10.1016/j.watres.2005.08.005,https://pubmed.ncbi.nlm.nih.gov/16219334,,0,
https://openalex.org/w2096068693,https://doi.org/10.1034/j.1600-0544.2002.02199.x,https://pubmed.ncbi.nlm.nih.gov/12194665,071-226-200-131-249,0,
https://openalex.org/w2066716681,https://doi.org/10.1016/0030-4220(91)90168-c,https://pubmed.ncbi.nlm.nih.gov/1833711,038-473-169-347-51X,0,
https://openalex.org/w2058856687,https://doi.org/10.1289/ehp.9640,https://pubmed.ncbi.nlm.nih.gov/17450229,042-731-189-314-241,0,
https://openalex.org/w2102561843,https://doi.org/10.1016/s0889-5406(94)70016-8,https://pubmed.ncbi.nlm.nih.gov/8017345,083-213-366-767-434,0,
https://openalex.org/w2112283459,https://doi.org/10.1897/07-231.1,https://pubmed.ncbi.nlm.nih.gov/18333676,029-737-748-707-794,0,
https://openalex.org/w2002408185,https://doi.org/10.1136/bmj.39318.434537.db,https://pubmed.ncbi.nlm.nih.gov/17762024,045-341-304-058-876,0,
https://openalex.org/w2315018362,https://doi.org/10.2186/jjps.34.592,https://pubmed.ncbi.nlm.nih.gov/2135320,087-091-648-850-116,0,
