openalex_id,doi,pmid,lens_id,label_included,label_abstract_included
https://openalex.org/w3056753755,https://doi.org/10.1111/jdv.16891,https://pubmed.ncbi.nlm.nih.gov/32810314,,0,0
https://openalex.org/w3025621896,,https://pubmed.ncbi.nlm.nih.gov/30512308,,0,0
https://openalex.org/w2078030416,https://doi.org/10.1097/bcr.0b013e31820aaf56,https://pubmed.ncbi.nlm.nih.gov/21228711,,0,0
https://openalex.org/w2052986789,https://doi.org/10.1016/s0894-1130(96)80033-0,https://pubmed.ncbi.nlm.nih.gov/8994002,,0,0
https://openalex.org/w4237232634,https://doi.org/10.1007/s13181-019-00699-x,https://pubmed.ncbi.nlm.nih.gov/30825071,,0,0
https://openalex.org/w2053005805,https://doi.org/10.1023/a:1024465902416,https://pubmed.ncbi.nlm.nih.gov/12895019,,1,1
https://openalex.org/w4310770612,https://doi.org/10.51253/pafmj.v72i5.9465,,179-786-809-504-473,0,0
https://openalex.org/w2059401683,https://doi.org/10.1097/01.bcr.0000202618.51001.69,https://pubmed.ncbi.nlm.nih.gov/16566561,,0,1
https://openalex.org/w153273267,https://doi.org/10.1016/b978-0-12-384925-0.00049-3,,,0,0
https://openalex.org/w4360779493,https://doi.org/10.1007/978-3-031-18009-5_23,,,0,0
https://openalex.org/w2076561167,https://doi.org/10.1196/annals.1364.004,,,0,0
https://openalex.org/w4301405932,,,,0,0
https://openalex.org/w2094945621,https://doi.org/10.1371/journal.pone.0087061,https://pubmed.ncbi.nlm.nih.gov/24466326,,0,0
https://openalex.org/w2060292366,https://doi.org/10.1097/00004630-199811000-00005,https://pubmed.ncbi.nlm.nih.gov/9848037,,0,0
https://openalex.org/w2944493460,https://doi.org/10.1158/1538-7445.sabcs18-p1-10-06,,,0,0
https://openalex.org/w4282938995,https://doi.org/10.1152/physrev.00047.2021,https://pubmed.ncbi.nlm.nih.gov/35679471,,0,0
https://openalex.org/w3011845605,,,,0,0
https://openalex.org/w2132715793,https://doi.org/10.2190/wpv9-0y55-55tx-fmx1,https://pubmed.ncbi.nlm.nih.gov/6642873,,0,0
https://openalex.org/w1986679367,https://doi.org/10.1097/bcr.0000000000000196,https://pubmed.ncbi.nlm.nih.gov/25423439,,0,0
https://openalex.org/w2741716069,https://doi.org/10.1016/j.burns.2017.04.018,https://pubmed.ncbi.nlm.nih.gov/28778763,,0,0
https://openalex.org/w2554570086,https://doi.org/10.1016/j.jflm.2016.11.007,https://pubmed.ncbi.nlm.nih.gov/28002785,,0,0
https://openalex.org/w2009801467,https://doi.org/10.1097/shk.0b013e31818bc193,https://pubmed.ncbi.nlm.nih.gov/18948849,,0,0
https://openalex.org/w2923783136,https://doi.org/10.13075/ijomeh.1896.01326,https://pubmed.ncbi.nlm.nih.gov/30919829,,0,0
https://openalex.org/w2938976921,https://doi.org/10.1016/j.jid.2019.03.361,,,0,0
https://openalex.org/w2012258668,https://doi.org/10.1080/02668731003707527,,,0,0
https://openalex.org/w3010608563,https://doi.org/10.1016/j.japh.2020.02.027,https://pubmed.ncbi.nlm.nih.gov/32217085,,0,0
https://openalex.org/w2074583546,https://doi.org/10.2147/ndt.s23041,https://pubmed.ncbi.nlm.nih.gov/21857783,,1,1
https://openalex.org/w2973491316,https://doi.org/10.14198/cuid.2019.54.32,,,0,0
https://openalex.org/w2157157282,https://doi.org/10.1590/s0102-311x2009001100016,https://pubmed.ncbi.nlm.nih.gov/19936484,,0,0
https://openalex.org/w2081256240,https://doi.org/10.1016/j.burns.2010.12.008,https://pubmed.ncbi.nlm.nih.gov/21306828,,0,0
https://openalex.org/w2810657124,https://doi.org/10.2340/00015555-2935,https://pubmed.ncbi.nlm.nih.gov/29963682,,1,1
https://openalex.org/w3136429947,https://doi.org/10.1016/j.jagp.2021.01.022,,,0,0
https://openalex.org/w2058958662,https://doi.org/10.1089/tmj.2011.0118,https://pubmed.ncbi.nlm.nih.gov/21861701,,0,0
https://openalex.org/w4391352687,https://doi.org/10.1016/j.mtcomm.2024.108249,,,0,0
https://openalex.org/w3091723877,https://doi.org/10.1016/j.jamcollsurg.2020.07.631,,,0,0
https://openalex.org/w2557879850,https://doi.org/10.3389/fnhum.2016.00612,https://pubmed.ncbi.nlm.nih.gov/27965560,,0,0
https://openalex.org/w2323055902,https://doi.org/10.1097/bcr.0b013e31823746ed,https://pubmed.ncbi.nlm.nih.gov/22210062,,0,0
https://openalex.org/w2030773399,https://doi.org/10.1053/apnu.2000.8660,https://pubmed.ncbi.nlm.nih.gov/10969640,,0,0
https://openalex.org/w2405840198,https://doi.org/10.1016/0891-5245(88)90144-7,https://pubmed.ncbi.nlm.nih.gov/3350681,,0,0
https://openalex.org/w4288568651,https://doi.org/10.5281/zenodo.2574433,,,0,0
https://openalex.org/w2124137477,https://doi.org/10.1111/j.1468-3083.2004.00931.x,https://pubmed.ncbi.nlm.nih.gov/15324393,,0,0
https://openalex.org/w3165336829,https://doi.org/10.2307/j.ctv1ns7nqg.16,,,0,0
https://openalex.org/w3105667630,https://doi.org/10.1037/tra0000979,https://pubmed.ncbi.nlm.nih.gov/33166167,,0,0
https://openalex.org/w3125162607,https://doi.org/10.1089/jmf.2020.0165,https://pubmed.ncbi.nlm.nih.gov/33512270,,0,0
https://openalex.org/w4241688553,https://doi.org/10.1097/01.bcr.0000445189.61189.9d,,,0,0
https://openalex.org/w2480274959,https://doi.org/10.1016/s0924-9338(15)31187-1,,,0,0
https://openalex.org/w2144207477,https://doi.org/10.1093/jpepsy/jsu014,https://pubmed.ncbi.nlm.nih.gov/24727749,,0,0
https://openalex.org/w2612337648,https://doi.org/10.1097/shk.0000000000000898,https://pubmed.ncbi.nlm.nih.gov/28498299,,0,0
https://openalex.org/w2591382623,https://doi.org/10.1176/appi.ajp.2017.16090996,https://pubmed.ncbi.nlm.nih.gov/28231716,,0,0
https://openalex.org/w3041454587,https://doi.org/10.17116/plast.hirurgia202002133,,,0,0
https://openalex.org/w2735971436,,,,0,0
https://openalex.org/w2041670105,https://doi.org/10.1097/01.chi.0000184934.71917.3a,https://pubmed.ncbi.nlm.nih.gov/16327585,,0,1
https://openalex.org/w152801147,https://doi.org/10.1016/0163-8343(95)00121-2,https://pubmed.ncbi.nlm.nih.gov/8833582,,1,1
https://openalex.org/w2320549785,https://doi.org/10.1097/ta.0000000000000405,https://pubmed.ncbi.nlm.nih.gov/25250608,,0,0
https://openalex.org/w2120107155,https://doi.org/10.1016/j.explore.2006.10.009,https://pubmed.ncbi.nlm.nih.gov/17234571,,0,0
https://openalex.org/w2093014015,https://doi.org/10.1093/jmt/44.3.217,https://pubmed.ncbi.nlm.nih.gov/17645386,,0,0
https://openalex.org/w2794007954,https://doi.org/10.5958/0973-9130.2018.00036.1,,,0,0
https://openalex.org/w2027179263,https://doi.org/10.1097/bcr.0b013e31820ab019,https://pubmed.ncbi.nlm.nih.gov/21252688,,0,0
https://openalex.org/w2107763984,https://doi.org/10.1046/j.1365-4362.1998.00429.x,https://pubmed.ncbi.nlm.nih.gov/9556117,,0,0
https://openalex.org/w1516606277,https://doi.org/10.1007/s00106-006-1462-z,https://pubmed.ncbi.nlm.nih.gov/17041777,,0,0
https://openalex.org/w312060045,https://doi.org/10.1007/978-3-642-54816-1_24,,,0,0
https://openalex.org/w2077001811,https://doi.org/10.1097/01.bcr.0000075847.26303.37,https://pubmed.ncbi.nlm.nih.gov/14501428,,0,0
https://openalex.org/w1642552983,https://doi.org/10.1590/s0080-62342007000100003,https://pubmed.ncbi.nlm.nih.gov/17542122,,0,0
https://openalex.org/w2625546116,https://doi.org/10.1136/bmjopen-2017-017545,https://pubmed.ncbi.nlm.nih.gov/28624761,,0,0
https://openalex.org/w4319987787,https://doi.org/10.37506/mlu.v23i1.3355,,178-447-087-712-584,0,0
https://openalex.org/w4292780020,https://doi.org/10.1111/nmo.12881,https://pubmed.ncbi.nlm.nih.gov/27558305,,0,0
https://openalex.org/w4293858997,https://doi.org/10.1017/s1461145712000508,,,0,0
https://openalex.org/w2083590946,https://doi.org/10.1016/j.burns.2009.06.013,,,0,0
https://openalex.org/w2009841693,https://doi.org/10.1097/00001665-200605000-00012,https://pubmed.ncbi.nlm.nih.gov/16770181,,0,0
https://openalex.org/w2106891956,,https://pubmed.ncbi.nlm.nih.gov/18217477,,0,0
https://openalex.org/w1574504994,,,,0,0
https://openalex.org/w2886121228,https://doi.org/10.1016/j.burns.2018.05.002,https://pubmed.ncbi.nlm.nih.gov/30077488,,0,0
https://openalex.org/w1988502278,https://doi.org/10.1097/mnm.0000000000000156,https://pubmed.ncbi.nlm.nih.gov/25004166,,0,0
https://openalex.org/w1997138761,https://doi.org/10.1016/j.mjafi.2012.04.025,https://pubmed.ncbi.nlm.nih.gov/24532946,,0,0
https://openalex.org/w4382010456,https://doi.org/10.1093/jbcr/irad045.128,,183-936-184-354-561,0,0
https://openalex.org/w2480034432,https://doi.org/10.9758/cpn.2016.14.3.295,https://pubmed.ncbi.nlm.nih.gov/27489384,,1,1
https://openalex.org/w2167519633,https://doi.org/10.1002/smrj.24,https://pubmed.ncbi.nlm.nih.gov/27784591,,0,0
https://openalex.org/w2219573802,,,,0,0
https://openalex.org/w3080804429,https://doi.org/10.1016/j.burns.2020.03.017,,,0,0
https://openalex.org/w2023370032,https://doi.org/10.1001/archsurg.1995.01430120084013,https://pubmed.ncbi.nlm.nih.gov/7492282,,0,0
https://openalex.org/w1973645458,https://doi.org/10.1016/j.burns.2010.06.007,https://pubmed.ncbi.nlm.nih.gov/21081260,,1,1
https://openalex.org/w3180093447,https://doi.org/10.37506/ijfmt.v15i3.15370,,,0,0
https://openalex.org/w1928641356,https://doi.org/10.1096/fasebj.28.1_supplement.337.1,,,0,0
https://openalex.org/w2150489867,https://doi.org/10.7205/milmed-d-13-00481,https://pubmed.ncbi.nlm.nih.gov/25102548,,0,0
https://openalex.org/w2169882192,https://doi.org/10.3329/bmrcb.v35i1.2317,,002-583-656-183-218,0,0
https://openalex.org/w1968189701,https://doi.org/10.1136/bmj.329.7465.573-c,,017-636-243-311-411,0,0
https://openalex.org/w3120532478,https://doi.org/10.3390/ijms22020737,https://pubmed.ncbi.nlm.nih.gov/33450984,,0,0
https://openalex.org/w4391228916,https://doi.org/10.1111/jdv.19722,,,0,0
https://openalex.org/w2919553312,https://doi.org/10.1016/j.jacr.2018.12.049,,,0,0
https://openalex.org/w2053023924,https://doi.org/10.1371/journal.pone.0047339,https://pubmed.ncbi.nlm.nih.gov/23077593,,1,1
https://openalex.org/w2018123925,https://doi.org/10.1016/s0004-9514(08)70011-4,https://pubmed.ncbi.nlm.nih.gov/19025512,,0,0
https://openalex.org/w4220728300,https://doi.org/10.1093/jbcr/irac012.308,,,0,0
https://openalex.org/w4388033720,https://doi.org/10.3760/cma.j.cn501225-20221116-00490,,,0,0
https://openalex.org/w3172027973,https://doi.org/10.1097/mco.0000000000000778,https://pubmed.ncbi.nlm.nih.gov/34138767,,0,0
https://openalex.org/w2944159093,https://doi.org/10.1016/j.jaad.2018.05.835,,,0,0
https://openalex.org/w2154573983,https://doi.org/10.1016/j.burns.2005.03.001,https://pubmed.ncbi.nlm.nih.gov/16129223,,0,0
https://openalex.org/w4288360588,https://doi.org/10.1002/ejhf.1488,https://pubmed.ncbi.nlm.nih.gov/32745277,,0,0
https://openalex.org/w2899551183,https://doi.org/10.2147/ndt.s179038,https://pubmed.ncbi.nlm.nih.gov/30510422,,0,0
https://openalex.org/w1997145995,https://doi.org/10.1016/j.ejim.2013.05.015,https://pubmed.ncbi.nlm.nih.gov/23790570,,0,0
https://openalex.org/w1908976174,https://doi.org/10.3233/wor-2008-00786,https://pubmed.ncbi.nlm.nih.gov/19029673,,0,0
https://openalex.org/w2409736026,,,,0,0
https://openalex.org/w2256057597,,,,0,0
https://openalex.org/w3010579304,https://doi.org/10.1093/jbcr/irab014,https://pubmed.ncbi.nlm.nih.gov/33482003,,0,0
https://openalex.org/w2989316985,https://doi.org/10.1093/jpepsy/jsz087,https://pubmed.ncbi.nlm.nih.gov/31697370,,0,0
https://openalex.org/w1965012562,https://doi.org/10.1521/psyc.2014.77.4.386,https://pubmed.ncbi.nlm.nih.gov/25386778,,0,0
https://openalex.org/w1493956790,,https://pubmed.ncbi.nlm.nih.gov/12858715,,0,0
https://openalex.org/w2798180830,https://doi.org/10.1093/jbcr/iry006.350,,,0,0
https://openalex.org/w2469489284,,,,0,0
https://openalex.org/w4296050248,https://doi.org/10.1016/j.burns.2022.09.008,,,0,0
https://openalex.org/w4249467855,https://doi.org/10.1097/spv.0000000000000767,,,0,0
https://openalex.org/w2041992798,https://doi.org/10.1016/j.pcl.2013.06.012,https://pubmed.ncbi.nlm.nih.gov/24093902,,0,0
https://openalex.org/w4304987246,https://doi.org/10.1080/08995605.2022.2131189,,,0,0
https://openalex.org/w2275288673,https://doi.org/10.1016/j.burns.2015.10.006,https://pubmed.ncbi.nlm.nih.gov/26796239,,0,0
https://openalex.org/w4235576186,https://doi.org/10.1001/jama.288.13.1581,https://pubmed.ncbi.nlm.nih.gov/12238534,,0,0
https://openalex.org/w3033752049,https://doi.org/10.1016/j.burns.2020.02.008,https://pubmed.ncbi.nlm.nih.gov/32499049,,0,1
https://openalex.org/w4392285498,https://doi.org/10.1093/jbcr/irae033,,179-194-663-934-411,0,0
https://openalex.org/w1486710158,https://doi.org/10.1542/peds.89.5.898,https://pubmed.ncbi.nlm.nih.gov/1579401,,0,0
https://openalex.org/w1999399281,https://doi.org/10.1097/mot.0000000000000058,https://pubmed.ncbi.nlm.nih.gov/24565957,,0,0
https://openalex.org/w2508703757,https://doi.org/10.7196/samj.2016.v106i9.10564,https://pubmed.ncbi.nlm.nih.gov/27601121,,0,0
https://openalex.org/w2009997532,https://doi.org/10.1016/0305-4179(90)90167-u,,,0,0
https://openalex.org/w2319844400,https://doi.org/10.1097/bcr.0000000000000107,https://pubmed.ncbi.nlm.nih.gov/25522153,,0,0
https://openalex.org/w2980321845,https://doi.org/10.1186/s40779-019-0221-x,https://pubmed.ncbi.nlm.nih.gov/31627737,,0,0
https://openalex.org/w2948702556,https://doi.org/10.1097/01.naj.0000541433.66712.61,https://pubmed.ncbi.nlm.nih.gov/29905575,,0,0
https://openalex.org/w2576290960,https://doi.org/10.1080/15563650.2016.1271125,https://pubmed.ncbi.nlm.nih.gov/28074704,,0,0
https://openalex.org/w2014574850,https://doi.org/10.1097/bcr.0b013e3181921f51,https://pubmed.ncbi.nlm.nih.gov/19060728,,0,0
https://openalex.org/w4390535469,https://doi.org/10.1186/s13031-023-00563-4,,107-197-078-027-038,0,0
https://openalex.org/w1971782056,https://doi.org/10.1097/ajp.0b013e3181f7f9bb,https://pubmed.ncbi.nlm.nih.gov/21268301,,1,1
https://openalex.org/w2001452647,https://doi.org/10.1097/bcr.0b013e3181db522c,https://pubmed.ncbi.nlm.nih.gov/20453734,,0,0
https://openalex.org/w3037508298,https://doi.org/10.3760/cma.j.cn501120-20190308-00095,https://pubmed.ncbi.nlm.nih.gov/32594717,,0,0
https://openalex.org/w2994403683,,,,0,0
https://openalex.org/w2984013632,https://doi.org/10.1097/sla.0000000000003658,https://pubmed.ncbi.nlm.nih.gov/31714315,,0,0
https://openalex.org/w2989261082,https://doi.org/10.1016/j.expneurol.2019.113084,https://pubmed.ncbi.nlm.nih.gov/31697945,,0,0
https://openalex.org/w2317704371,https://doi.org/10.1097/00003246-200212001-00481,,,0,0
https://openalex.org/w2055707512,https://doi.org/10.1097/00000658-197111000-00009,,,0,0
https://openalex.org/w2061082276,https://doi.org/10.1136/adc.65.4.423,https://pubmed.ncbi.nlm.nih.gov/2346335,,0,0
https://openalex.org/w4211038110,https://doi.org/10.1016/j.jaad.2006.04.014,https://pubmed.ncbi.nlm.nih.gov/17052492,,0,0
https://openalex.org/w3082203834,https://doi.org/10.1007/s11596-020-2235-8,https://pubmed.ncbi.nlm.nih.gov/32862385,,0,0
https://openalex.org/w3217125191,https://doi.org/10.3389/frvir.2021.742290,,048-417-165-890-503,0,0
https://openalex.org/w3029265816,https://doi.org/10.1097/tp.0000000000003333,https://pubmed.ncbi.nlm.nih.gov/32467480,,0,0
https://openalex.org/w4288378080,https://doi.org/10.1111/jgs.15898,,,0,0
https://openalex.org/w4225315645,https://doi.org/10.1002/ams2.739,,108-444-153-876-657,0,0
https://openalex.org/w2118924277,https://doi.org/10.1093/jpepsy/jss128,https://pubmed.ncbi.nlm.nih.gov/23248343,,0,0
https://openalex.org/w4365518069,https://doi.org/10.1016/j.jtos.2023.04.006,,176-789-953-618-269,0,0
https://openalex.org/w2133391796,https://doi.org/10.1093/jpepsy/jss083,,,0,1
https://openalex.org/w3009585467,https://doi.org/10.1097/oi9.0000000000000056,https://pubmed.ncbi.nlm.nih.gov/33937681,,0,1
https://openalex.org/w2063044128,https://doi.org/10.1007/s10517-006-0187-z,https://pubmed.ncbi.nlm.nih.gov/17152359,,0,0
https://openalex.org/w2801756958,https://doi.org/10.1016/j.ctcp.2018.05.002,https://pubmed.ncbi.nlm.nih.gov/30057058,,0,0
https://openalex.org/w2156303705,https://doi.org/10.1016/s0305-4179(97)90094-2,https://pubmed.ncbi.nlm.nih.gov/9177895,,0,0
https://openalex.org/w2065345737,https://doi.org/10.1016/j.burns.2007.03.012,https://pubmed.ncbi.nlm.nih.gov/17698294,,0,0
https://openalex.org/w2025827191,https://doi.org/10.1097/01.pcc.0000235244.27000.cf,,,0,0
https://openalex.org/w2551128704,https://doi.org/10.1016/j.psychres.2016.11.032,https://pubmed.ncbi.nlm.nih.gov/27930966,,0,0
https://openalex.org/w2781076709,https://doi.org/10.1016/j.burns.2017.09.012,https://pubmed.ncbi.nlm.nih.gov/29287731,,1,1
https://openalex.org/w2778796907,https://doi.org/10.1016/j.burns.2017.11.019,https://pubmed.ncbi.nlm.nih.gov/29287729,,0,0
https://openalex.org/w2034570842,https://doi.org/10.1097/00004630-199401000-00012,https://pubmed.ncbi.nlm.nih.gov/8150845,,0,0
https://openalex.org/w2098021120,,,,0,0
https://openalex.org/w2279124933,https://doi.org/10.1097/bcr.0000000000000319,https://pubmed.ncbi.nlm.nih.gov/26629656,,0,0
https://openalex.org/w4237489801,https://doi.org/10.1007/978-3-319-34034-0_35,,,0,0
https://openalex.org/w4390061224,https://doi.org/10.1093/jbcr/irad198,,064-393-087-277-151,0,0
https://openalex.org/w2496985637,https://doi.org/10.1097/bcr.0000000000000412,,,0,0
https://openalex.org/w2899926085,https://doi.org/10.1016/j.burns.2018.10.008,https://pubmed.ncbi.nlm.nih.gov/30429073,,0,0
https://openalex.org/w4372330173,https://doi.org/10.1016/j.burns.2023.05.002,,,0,0
https://openalex.org/w3183045428,https://doi.org/10.5664/jcsm.9530,https://pubmed.ncbi.nlm.nih.gov/34270410,,0,0
https://openalex.org/w4385788731,https://doi.org/10.1016/j.xops.2023.100384,,119-274-772-748-320,0,0
https://openalex.org/w2312585719,https://doi.org/10.1007/bf03042598,https://pubmed.ncbi.nlm.nih.gov/9747104,,0,0
https://openalex.org/w1983374683,https://doi.org/10.1016/j.medin.2014.08.002,https://pubmed.ncbi.nlm.nih.gov/25305241,,0,0
https://openalex.org/w2013683065,https://doi.org/10.1097/bcr.0b013e3181d0f523,https://pubmed.ncbi.nlm.nih.gov/20182373,,1,1
https://openalex.org/w2119005356,https://doi.org/10.1016/j.burns.2007.10.008,https://pubmed.ncbi.nlm.nih.gov/18375068,,0,0
https://openalex.org/w4214621429,https://doi.org/10.1016/j.burns.2020.03.010,,,0,0
https://openalex.org/w2106215346,https://doi.org/10.1093/jpepsy/jsp090,https://pubmed.ncbi.nlm.nih.gov/19846581,,0,1
https://openalex.org/w1965176128,https://doi.org/10.1097/00004630-199905000-00017,https://pubmed.ncbi.nlm.nih.gov/10342481,,0,0
https://openalex.org/w1975465586,https://doi.org/10.1037/h0091842,,,0,0
https://openalex.org/w2901655262,https://doi.org/10.3389/fpsyt.2018.00597,https://pubmed.ncbi.nlm.nih.gov/30498461,,0,1
https://openalex.org/w2347017782,https://doi.org/10.3760/cma.j.issn.1009-2587.2013.02.025,https://pubmed.ncbi.nlm.nih.gov/23985213,,0,0
https://openalex.org/w2044751876,https://doi.org/10.1037//0090-5550.45.2.179,,,0,0
https://openalex.org/w4321764157,https://doi.org/10.1016/j.burns.2023.02.006,,053-342-347-419-162,0,0
https://openalex.org/w2059509878,https://doi.org/10.1097/01.ccm.0000128571.39037.09,https://pubmed.ncbi.nlm.nih.gov/15187517,,0,0
https://openalex.org/w4378220436,https://doi.org/10.3390/ebj4020020,,096-551-090-953-087,0,0
https://openalex.org/w3082696727,https://doi.org/10.1007/s00484-020-01988-9,https://pubmed.ncbi.nlm.nih.gov/32875343,,0,0
https://openalex.org/w1964851264,https://doi.org/10.1016/s0193-953x(03)00055-8,https://pubmed.ncbi.nlm.nih.gov/11912936,,0,0
https://openalex.org/w2099482189,https://doi.org/10.2165/0003495-200868170-00003,https://pubmed.ncbi.nlm.nih.gov/19016572,,0,0
https://openalex.org/w2395704789,https://doi.org/10.2340/00015555-2323,https://pubmed.ncbi.nlm.nih.gov/26694745,,0,0
https://openalex.org/w3202449090,https://doi.org/10.1016/j.burns.2021.09.024,https://pubmed.ncbi.nlm.nih.gov/34696951,,1,1
https://openalex.org/w2281031530,https://doi.org/10.1016/j.burns.2016.01.026,https://pubmed.ncbi.nlm.nih.gov/27233675,,1,1
https://openalex.org/w3137526553,https://doi.org/10.1155/2021/5531176,https://pubmed.ncbi.nlm.nih.gov/33833857,,0,0
https://openalex.org/w3182827345,https://doi.org/10.1111/bjd.20515,,,0,0
https://openalex.org/w4385064463,https://doi.org/10.1136/bmjresp-2022-001589,,027-437-665-448-187,0,0
https://openalex.org/w2966885488,https://doi.org/10.1097/shk.0000000000001158,,,0,0
https://openalex.org/w2899223240,https://doi.org/10.14730/aaps.2018.24.3.111,,,0,0
https://openalex.org/w2253338619,https://doi.org/10.1097/bcr.0000000000000309,https://pubmed.ncbi.nlm.nih.gov/26361326,,0,0
https://openalex.org/w2061718901,https://doi.org/10.4037/15597768-1993-2019,https://pubmed.ncbi.nlm.nih.gov/8489888,,0,0
https://openalex.org/w2797769177,https://doi.org/10.1093/jbcr/iry006.176,,,0,0
https://openalex.org/w2804614654,https://doi.org/10.1371/journal.pone.0197037,https://pubmed.ncbi.nlm.nih.gov/29758059,,0,0
https://openalex.org/w2148293783,https://doi.org/10.1016/j.jamcollsurg.2006.06.024,https://pubmed.ncbi.nlm.nih.gov/17084341,,0,0
https://openalex.org/w2063087095,https://doi.org/10.1203/00006450-197412000-00003,,057-734-443-094-546,0,0
https://openalex.org/w2402482559,,,,0,0
https://openalex.org/w2807315002,https://doi.org/10.1016/j.burns.2018.05.007,https://pubmed.ncbi.nlm.nih.gov/29886116,,0,0
https://openalex.org/w4299437227,https://doi.org/10.1017/s1461145710000635,,,0,0
https://openalex.org/w3029944663,https://doi.org/10.1177/2324709620925566,https://pubmed.ncbi.nlm.nih.gov/32462924,,0,0
https://openalex.org/w2061517163,https://doi.org/10.1016/j.burns.2006.12.003,https://pubmed.ncbi.nlm.nih.gov/17618055,,0,0
https://openalex.org/w4281771185,https://doi.org/10.1007/s10935-022-00682-3,https://pubmed.ncbi.nlm.nih.gov/35624398,,0,0
https://openalex.org/w2114298751,https://doi.org/10.1080/15569520701402594,https://pubmed.ncbi.nlm.nih.gov/17687686,,0,0
https://openalex.org/w2317967708,https://doi.org/10.1177/1359105314546776,https://pubmed.ncbi.nlm.nih.gov/25161173,,0,0
https://openalex.org/w2047199112,https://doi.org/10.1016/s0750-7658(95)80107-3,https://pubmed.ncbi.nlm.nih.gov/7486340,,0,0
https://openalex.org/w1987026597,https://doi.org/10.1097/scs.0b013e318175f4df,https://pubmed.ncbi.nlm.nih.gov/18650730,,0,0
https://openalex.org/w2107338717,https://doi.org/10.1080/20786190.2018.1527133,,,0,0
https://openalex.org/w2770770375,https://doi.org/10.1089/cap.2017.0073,https://pubmed.ncbi.nlm.nih.gov/29161523,,0,1
https://openalex.org/w2982073351,https://doi.org/10.1093/jbcr/iraa170,https://pubmed.ncbi.nlm.nih.gov/33027526,,0,0
https://openalex.org/w4288079674,https://doi.org/10.1002/art.41538,https://pubmed.ncbi.nlm.nih.gov/33166082,,0,0
https://openalex.org/w3048471528,https://doi.org/10.24869/psyd.2020.294,,,0,0
https://openalex.org/w3118323016,https://doi.org/10.1007/s40272-020-00434-y,https://pubmed.ncbi.nlm.nih.gov/33447938,,0,0
https://openalex.org/w2612500044,https://doi.org/10.1016/j.jaad.2016.11.013,https://pubmed.ncbi.nlm.nih.gov/28411771,,0,0
https://openalex.org/w2883423123,https://doi.org/10.1016/j.amjsurg.2018.07.035,https://pubmed.ncbi.nlm.nih.gov/30103902,,0,0
https://openalex.org/w150005441,https://doi.org/10.1055/s-0033-1345188,https://pubmed.ncbi.nlm.nih.gov/23970404,,0,0
https://openalex.org/w1710411260,https://doi.org/10.1017/s1092852900019465,https://pubmed.ncbi.nlm.nih.gov/15685123,,0,0
https://openalex.org/w1989976230,https://doi.org/10.1097/bcr.0b013e3181d0f5dd,https://pubmed.ncbi.nlm.nih.gov/20182364,,0,0
https://openalex.org/w4312184574,https://doi.org/10.7759/cureus.32816,,152-096-709-481-632,0,0
https://openalex.org/w2018226630,https://doi.org/10.1016/j.burns.2012.07.014,https://pubmed.ncbi.nlm.nih.gov/22906318,,0,0
https://openalex.org/w2080867290,https://doi.org/10.4088/jcp.v69n0606,https://pubmed.ncbi.nlm.nih.gov/18422396,,0,0
https://openalex.org/w2109400698,https://doi.org/10.1111/j.1749-6632.2010.05699.x,,,0,0
https://openalex.org/w2008129081,https://doi.org/10.1016/s0002-9610(05)80661-0,,,0,0
https://openalex.org/w3163701312,https://doi.org/10.1155/2021/5512755,https://pubmed.ncbi.nlm.nih.gov/34055118,,1,1
https://openalex.org/w2139356640,https://doi.org/10.1111/j.1365-2648.2012.06017.x,https://pubmed.ncbi.nlm.nih.gov/22509932,,0,0
https://openalex.org/w2121058213,https://doi.org/10.1542/peds.111.6.e683,https://pubmed.ncbi.nlm.nih.gov/12777586,,0,0
https://openalex.org/w1989233213,https://doi.org/10.1016/0305-4179(95)00099-2,https://pubmed.ncbi.nlm.nih.gov/8634136,,1,1
https://openalex.org/w2164586418,https://doi.org/10.1017/s1092852900019453,https://pubmed.ncbi.nlm.nih.gov/15685122,,0,0
https://openalex.org/w4382862799,https://doi.org/10.1093/jbcr/irad045.058,,074-219-728-025-827,0,0
https://openalex.org/w2899883596,https://doi.org/10.32598/rj.19.3.206,,,0,0
https://openalex.org/w2796894883,https://doi.org/10.1093/jbcr/iry006.065,,,0,0
https://openalex.org/w2465683144,https://doi.org/10.1097/bcr.0000000000000386,https://pubmed.ncbi.nlm.nih.gov/27359192,,0,1
https://openalex.org/w2041373569,https://doi.org/10.3402/ejpt.v6.25216,https://pubmed.ncbi.nlm.nih.gov/25765534,,0,0
https://openalex.org/w2579586536,https://doi.org/10.1007/978-3-319-40208-6_30,,,0,0
https://openalex.org/w2470589300,https://doi.org/10.1007/s00132-016-3293-2,https://pubmed.ncbi.nlm.nih.gov/27393555,,0,0
https://openalex.org/w4317479212,https://doi.org/10.1016/j.annder.2022.11.006,,096-344-495-035-573,0,0
https://openalex.org/w3022695643,,,,0,0
https://openalex.org/w2900524401,https://doi.org/10.1186/s41038-018-0134-z,https://pubmed.ncbi.nlm.nih.gov/30460320,,0,0
https://openalex.org/w1490825254,https://doi.org/10.1097/00007611-199104000-00035,,,0,0
https://openalex.org/w2012983173,https://doi.org/10.1016/j.amp.2010.02.007,,,0,0
https://openalex.org/w2978811932,https://doi.org/10.1016/j.hcl.2019.07.010,https://pubmed.ncbi.nlm.nih.gov/31585607,,0,0
https://openalex.org/w2398168010,,,,0,0
https://openalex.org/w2416234081,,,,0,0
https://openalex.org/w2071132995,https://doi.org/10.1016/0005-7967(96)00019-8,https://pubmed.ncbi.nlm.nih.gov/8870290,,0,1
https://openalex.org/w2896472291,https://doi.org/10.1016/j.ijrobp.2018.07.2011,,,0,0
https://openalex.org/w1982712453,https://doi.org/10.1097/00004630-200207000-00005,https://pubmed.ncbi.nlm.nih.gov/12142577,,0,1
https://openalex.org/w2243932966,https://doi.org/10.1097/00004630-199201000-00017,https://pubmed.ncbi.nlm.nih.gov/1572863,,0,0
https://openalex.org/w1998800415,https://doi.org/10.1016/j.burns.2011.01.013,https://pubmed.ncbi.nlm.nih.gov/21334831,,0,0
https://openalex.org/w2897877729,https://doi.org/10.2196/10839,https://pubmed.ncbi.nlm.nih.gov/30333096,,0,0
https://openalex.org/w2061822059,https://doi.org/10.1016/j.ssci.2010.01.019,,,0,0
https://openalex.org/w2038796179,https://doi.org/10.1097/00004630-200105000-00005,https://pubmed.ncbi.nlm.nih.gov/11403242,,0,0
https://openalex.org/w1995599715,https://doi.org/10.1002/mpo.2950120111,https://pubmed.ncbi.nlm.nih.gov/6700541,,0,0
https://openalex.org/w2409420259,https://doi.org/10.1037/hea0000391,https://pubmed.ncbi.nlm.nih.gov/27280369,,0,1
https://openalex.org/w2808131405,https://doi.org/10.1080/24750573.2018.1467600,,,0,0
https://openalex.org/w2128736152,https://doi.org/10.1542/peds.2013-0713,https://pubmed.ncbi.nlm.nih.gov/24062371,,0,0
https://openalex.org/w2278500337,,https://pubmed.ncbi.nlm.nih.gov/7266533,,0,0
https://openalex.org/w1977878879,https://doi.org/10.1007/s11916-010-0101-2,https://pubmed.ncbi.nlm.nih.gov/20425195,,0,0
https://openalex.org/w2271780559,https://doi.org/10.1016/j.apnu.2016.01.007,https://pubmed.ncbi.nlm.nih.gov/27256954,,0,0
https://openalex.org/w2108101374,https://doi.org/10.1002/jts.20328,https://pubmed.ncbi.nlm.nih.gov/18404625,,0,0
https://openalex.org/w2040931014,https://doi.org/10.1192/bjp.184.3.272,,050-598-992-391-967,0,0
https://openalex.org/w4254196333,https://doi.org/10.1002/9781118936719,,,0,0
https://openalex.org/w2065978317,https://doi.org/10.1590/s0104-11692011000200003,https://pubmed.ncbi.nlm.nih.gov/21584368,,0,0
https://openalex.org/w2094045646,https://doi.org/10.1097/mop.0b013e3283446010,https://pubmed.ncbi.nlm.nih.gov/21293272,,0,0
https://openalex.org/w4312567868,https://doi.org/10.47750/pnr.2022.13.s03.185,,036-417-982-426-844,0,0
https://openalex.org/w4320717280,https://doi.org/10.1016/j.joms.2023.01.009,,021-134-573-281-096,0,0
https://openalex.org/w2133785731,https://doi.org/10.1093/jpepsy/13.1.87,https://pubmed.ncbi.nlm.nih.gov/3385579,,0,1
https://openalex.org/w4387326130,https://doi.org/10.1001/jamapsychiatry.2023.3413,,150-328-717-416-563,0,0
https://openalex.org/w2514168586,https://doi.org/10.1136/bmjopen-2016-011993,https://pubmed.ncbi.nlm.nih.gov/27609849,,0,0
https://openalex.org/w4295011788,https://doi.org/10.1002/ggn2.202200017,,125-906-300-396-523,0,0
https://openalex.org/w2016515357,https://doi.org/10.1097/01.psy.0000024237.11538.08,https://pubmed.ncbi.nlm.nih.gov/12271114,,1,1
https://openalex.org/w2042881941,https://doi.org/10.1097/ta.0b013e31822a30b8,https://pubmed.ncbi.nlm.nih.gov/21841510,,1,1
https://openalex.org/w177576624,,https://pubmed.ncbi.nlm.nih.gov/23409638,,0,0
https://openalex.org/w2969572703,https://doi.org/10.3389/fpsyt.2019.00683,https://pubmed.ncbi.nlm.nih.gov/31620033,,0,0
https://openalex.org/w2998394538,https://doi.org/10.1016/j.burns.2019.12.007,https://pubmed.ncbi.nlm.nih.gov/31901408,,0,0
https://openalex.org/w2896282566,https://doi.org/10.1016/j.arr.2018.10.001,https://pubmed.ncbi.nlm.nih.gov/30316759,,0,0
https://openalex.org/w2796319707,https://doi.org/10.1080/08995605.2018.1425063,https://pubmed.ncbi.nlm.nih.gov/30220788,,0,0
https://openalex.org/w2010850115,https://doi.org/10.1097/ajp.0b013e31828c4bf1,https://pubmed.ncbi.nlm.nih.gov/24398391,,0,0
https://openalex.org/w2201970572,https://doi.org/10.1176/ajp.150.7.1125a,,,0,0
https://openalex.org/w2794605847,https://doi.org/10.1093/jbcr/irx012,https://pubmed.ncbi.nlm.nih.gov/29596686,,1,1
https://openalex.org/w2085370472,https://doi.org/10.1097/01.bcr.0000150216.87940.ac,https://pubmed.ncbi.nlm.nih.gov/15640730,,0,0
https://openalex.org/w2080306134,https://doi.org/10.1080/1353333021000038845,,,0,0
https://openalex.org/w2342971999,https://doi.org/10.1136/bjophthalmol-2015-308214,https://pubmed.ncbi.nlm.nih.gov/27130915,,0,0
https://openalex.org/w3111564774,https://doi.org/10.1016/j.epsc.2020.101751,,,0,0
https://openalex.org/w4361299039,https://doi.org/10.1056/nejmcpc2211365,,123-663-844-903-718,0,0
https://openalex.org/w2424386363,,https://pubmed.ncbi.nlm.nih.gov/656576,,0,0
https://openalex.org/w2974783485,https://doi.org/10.1097/shk.0000000000001374,,,0,0
https://openalex.org/w4388733428,https://doi.org/10.3390/ijerph20227067,,199-964-590-611-948,0,0
https://openalex.org/w3008795349,https://doi.org/10.11604/pamj.2020.35.47.19115,https://pubmed.ncbi.nlm.nih.gov/32537052,,0,0
https://openalex.org/w1968686169,https://doi.org/10.1007/bf01127376,https://pubmed.ncbi.nlm.nih.gov/11645821,,0,0
https://openalex.org/w2891643468,https://doi.org/10.1080/20008198.2018.1512263,https://pubmed.ncbi.nlm.nih.gov/30220984,,1,1
https://openalex.org/w2752116240,https://doi.org/10.3389/fpsyg.2017.01611,https://pubmed.ncbi.nlm.nih.gov/28993747,,0,0
https://openalex.org/w4226061155,https://doi.org/10.1089/ten.tea.2022.29025.abstracts,,,0,0
https://openalex.org/w2065820492,https://doi.org/10.1097/01.pcc.0000165562.04157.da,https://pubmed.ncbi.nlm.nih.gov/16276335,,0,0
https://openalex.org/w2980265905,https://doi.org/10.1136/oemed-2019-105986,https://pubmed.ncbi.nlm.nih.gov/31611303,,0,0
https://openalex.org/w4386592232,https://doi.org/10.5603/fm.95727,,099-065-815-952-07X,0,0
https://openalex.org/w2974970166,https://doi.org/10.1016/j.nmd.2019.06.174,,,0,0
https://openalex.org/w1496031232,https://doi.org/10.1046/j.1440-1754.1998.00303.x,https://pubmed.ncbi.nlm.nih.gov/9928646,,0,0
https://openalex.org/w1984319566,https://doi.org/10.1176/ajp.131.1.41,https://pubmed.ncbi.nlm.nih.gov/4127932,,0,0
https://openalex.org/w1972698004,https://doi.org/10.1097/grf.0b013e31816d223c,https://pubmed.ncbi.nlm.nih.gov/18463455,,0,0
https://openalex.org/w1966919154,https://doi.org/10.1016/s0045-9380(75)80020-x,,,0,0
https://openalex.org/w4243812719,https://doi.org/10.1017/9781316817155.013,,,0,0
https://openalex.org/w4386726124,https://doi.org/10.1007/s13312-023-2983-7,,,0,0
https://openalex.org/w3164081724,https://doi.org/10.2307/j.ctv1ns7nqg.6,,,0,0
https://openalex.org/w2329353248,https://doi.org/10.1016/j.jpain.2016.01.155,,,0,0
https://openalex.org/w3024886291,https://doi.org/10.3760/cma.j.issn.1009-2587.2018.09.016,https://pubmed.ncbi.nlm.nih.gov/30293370,,0,0
https://openalex.org/w4303943704,https://doi.org/10.5271/sjweh.4057,,106-719-993-279-49X,0,0
https://openalex.org/w1996107526,https://doi.org/10.1016/j.pmr.2011.01.005,https://pubmed.ncbi.nlm.nih.gov/21624724,,0,0
https://openalex.org/w2005551692,https://doi.org/10.1016/j.apmr.2008.09.560,https://pubmed.ncbi.nlm.nih.gov/19254621,,0,0
https://openalex.org/w2088134813,https://doi.org/10.1097/pcc.0b013e3182196a8f,https://pubmed.ncbi.nlm.nih.gov/21499173,,0,0
https://openalex.org/w3206336896,https://doi.org/10.1111/jocd.14429,,,0,0
https://openalex.org/w2019912829,https://doi.org/10.1080/15569540802689279,,,0,0
https://openalex.org/w3164008445,https://doi.org/10.1111/pde.14623,https://pubmed.ncbi.nlm.nih.gov/34060140,,0,0
https://openalex.org/w2887585876,https://doi.org/10.1016/j.burns.2018.04.007,https://pubmed.ncbi.nlm.nih.gov/30072198,,0,0
https://openalex.org/w2259954424,https://doi.org/10.1097/bcr.0000000000000226,https://pubmed.ncbi.nlm.nih.gov/25970798,,0,0
https://openalex.org/w2180689087,https://doi.org/10.4314/jpa.v15i2.30658,,,0,0
https://openalex.org/w2160194698,https://doi.org/10.1016/j.jhsa.2010.03.024,https://pubmed.ncbi.nlm.nih.gov/20513577,,0,0
https://openalex.org/w2973268094,https://doi.org/10.1093/jbcr/irz023,https://pubmed.ncbi.nlm.nih.gov/30844056,,0,0
https://openalex.org/w2797339833,https://doi.org/10.1093/jbcr/iry006.371,,,0,0
https://openalex.org/w2394566477,https://doi.org/10.1080/21548331.1988.11703582,https://pubmed.ncbi.nlm.nih.gov/3141448,,0,0
https://openalex.org/w2794254965,https://doi.org/10.1016/j.revhom.2018.01.019,,,0,0
https://openalex.org/w4385898396,https://doi.org/10.1080/10253890.2023.2247090,,073-627-512-949-584,0,0
https://openalex.org/w3150815505,https://doi.org/10.1093/jbcr/irab179,,152-916-542-200-210,0,0
https://openalex.org/w2922011822,https://doi.org/10.1093/jbcr/irz013.128,,,0,0
https://openalex.org/w2984727875,,https://pubmed.ncbi.nlm.nih.gov/31560673,,0,0
https://openalex.org/w2017974183,https://doi.org/10.1080/00140139.2014.907447,https://pubmed.ncbi.nlm.nih.gov/24734933,,0,0
https://openalex.org/w2107963436,https://doi.org/10.1093/jpepsy/jsl014,https://pubmed.ncbi.nlm.nih.gov/16882947,,0,0
https://openalex.org/w2118532038,https://doi.org/10.12788/j.sder.0010,https://pubmed.ncbi.nlm.nih.gov/24049969,,0,0
https://openalex.org/w1979527903,https://doi.org/10.1159/000120118,https://pubmed.ncbi.nlm.nih.gov/6884125,,0,0
https://openalex.org/w2142436778,https://doi.org/10.1097/01.phm.0000202104.22458.aa,,,0,0
https://openalex.org/w2146219525,https://doi.org/10.1016/j.invent.2015.09.003,,,0,0
https://openalex.org/w2893922695,https://doi.org/10.1016/j.burns.2018.08.027,https://pubmed.ncbi.nlm.nih.gov/30274811,,0,0
https://openalex.org/w2093425096,https://doi.org/10.1097/00004630-200201000-00013,https://pubmed.ncbi.nlm.nih.gov/11803316,,0,0
https://openalex.org/w1986705989,https://doi.org/10.1024/0300-9831/a000058,https://pubmed.ncbi.nlm.nih.gov/22139565,,0,0
https://openalex.org/w2058355492,https://doi.org/10.1097/01.sap.0000155282.48465.94,https://pubmed.ncbi.nlm.nih.gov/15838211,,0,0
https://openalex.org/w3120992978,https://doi.org/10.1007/s00431-020-03905-z,https://pubmed.ncbi.nlm.nih.gov/33403450,,0,0
https://openalex.org/w4297142083,https://doi.org/10.1016/j.injury.2022.09.045,,,0,0
https://openalex.org/w1977054399,https://doi.org/10.1097/00004630-199301000-00016,https://pubmed.ncbi.nlm.nih.gov/8454671,,0,0
https://openalex.org/w2802430257,https://doi.org/10.1016/j.jpeds.2018.03.039,https://pubmed.ncbi.nlm.nih.gov/29747938,,0,0
https://openalex.org/w1982087685,https://doi.org/10.1111/j.1755-3768.2010.02058.x,https://pubmed.ncbi.nlm.nih.gov/21159149,,0,0
https://openalex.org/w2970254374,https://doi.org/10.1097/jnr.0000000000000342,https://pubmed.ncbi.nlm.nih.gov/31464795,,0,0
https://openalex.org/w2023322170,https://doi.org/10.1097/00005373-200005000-00007,https://pubmed.ncbi.nlm.nih.gov/10823527,,0,0
https://openalex.org/w1994618946,https://doi.org/10.1080/09638280500030753,https://pubmed.ncbi.nlm.nih.gov/16096238,,0,0
https://openalex.org/w2269032436,,,,0,0
https://openalex.org/w2008620638,https://doi.org/10.1111/j.1600-0447.2006.00952.x,https://pubmed.ncbi.nlm.nih.gov/17650277,,0,0
https://openalex.org/w3134429699,https://doi.org/10.24953/turkjped.2021.01.015,https://pubmed.ncbi.nlm.nih.gov/33686835,,0,0
https://openalex.org/w3147014718,https://doi.org/10.3390/ijerph18083921,https://pubmed.ncbi.nlm.nih.gov/33917945,,0,0
https://openalex.org/w2605730823,https://doi.org/10.1097/01.asw.0000515079.07160.e3,https://pubmed.ncbi.nlm.nih.gov/28426569,,0,0
https://openalex.org/w4256315505,https://doi.org/10.1016/s0140-6736(72)92670-0,https://pubmed.ncbi.nlm.nih.gov/4117826,,0,0
https://openalex.org/w2103782947,https://doi.org/10.1542/peds.2006-0406,https://pubmed.ncbi.nlm.nih.gov/16950991,,0,0
https://openalex.org/w2947405177,https://doi.org/10.1186/s40249-019-0540-x,https://pubmed.ncbi.nlm.nih.gov/31036087,,0,0
https://openalex.org/w2158768815,https://doi.org/10.1093/jpepsy/jsj016,https://pubmed.ncbi.nlm.nih.gov/15788717,,0,1
https://openalex.org/w2396517636,,,,0,0
https://openalex.org/w2094342956,https://doi.org/10.1097/bcr.0b013e3182644fba,https://pubmed.ncbi.nlm.nih.gov/22878497,,0,0
https://openalex.org/w2948918468,,,,0,0
https://openalex.org/w2006781745,https://doi.org/10.2165/00128072-200103050-00003,https://pubmed.ncbi.nlm.nih.gov/11393327,,0,0
https://openalex.org/w2792508517,https://doi.org/10.1007/s00737-018-0824-3,https://pubmed.ncbi.nlm.nih.gov/29525830,,0,0
https://openalex.org/w4290672578,https://doi.org/10.1093/jbcr/irac113,,196-585-024-485-474,0,0
https://openalex.org/w2899139303,,,,0,0
https://openalex.org/w2023315065,https://doi.org/10.1016/0305-4179(91)90075-r,https://pubmed.ncbi.nlm.nih.gov/1793497,,1,1
https://openalex.org/w2243426307,https://doi.org/10.4321/s0376-78922015000100014,,,0,0
https://openalex.org/w4242851339,https://doi.org/10.1007/978-3-642-54859-8_9,,,0,0
https://openalex.org/w1992761880,https://doi.org/10.1016/j.pedn.2014.06.010,https://pubmed.ncbi.nlm.nih.gov/25046370,,0,0
https://openalex.org/w2124290806,https://doi.org/10.1097/00006534-197309000-00056,,,0,0
https://openalex.org/w2047362531,https://doi.org/10.1176/ajp.150.8.1276-b,,,0,0
https://openalex.org/w2412899235,,,,0,0
https://openalex.org/w2804212020,https://doi.org/10.1371/journal.pone.0197507,https://pubmed.ncbi.nlm.nih.gov/29795616,,0,0
https://openalex.org/w2087672230,https://doi.org/10.3109/09638288.2014.892640,https://pubmed.ncbi.nlm.nih.gov/24576308,,0,1
https://openalex.org/w2122555507,https://doi.org/10.6061/clinics/2012(07)20,,,0,0
https://openalex.org/w2161637988,https://doi.org/10.1016/s1888-9891(10)70004-5,https://pubmed.ncbi.nlm.nih.gov/23017488,,1,1
https://openalex.org/w2002891564,https://doi.org/10.1097/bcr.0b013e31828c7397,https://pubmed.ncbi.nlm.nih.gov/23884046,,0,0
https://openalex.org/w4252441137,https://doi.org/10.1176/appi.ajp.162.7.a48,,,0,0
https://openalex.org/w2056382793,https://doi.org/10.1046/j.1440-172x.2001.00319.x,https://pubmed.ncbi.nlm.nih.gov/11811433,,0,0
https://openalex.org/w2159088349,https://doi.org/10.1177/0885066606290672,https://pubmed.ncbi.nlm.nih.gov/16946447,,0,0
https://openalex.org/w4388007154,https://doi.org/10.1016/s0140-6736(23)02399-1,,,0,0
https://openalex.org/w2904876756,https://doi.org/10.1016/j.phrs.2018.12.007,https://pubmed.ncbi.nlm.nih.gov/30553824,,0,0
https://openalex.org/w4254450490,https://doi.org/10.1111/jsm.12304,https://pubmed.ncbi.nlm.nih.gov/24047208,,0,0
https://openalex.org/w1975733267,https://doi.org/10.1016/j.suc.2014.05.007,https://pubmed.ncbi.nlm.nih.gov/25085093,,0,0
https://openalex.org/w2887699203,https://doi.org/10.1111/ijn.12685,https://pubmed.ncbi.nlm.nih.gov/30101487,,0,0
https://openalex.org/w1974847687,https://doi.org/10.1037/0278-6133.21.2.115,https://pubmed.ncbi.nlm.nih.gov/11950101,,0,0
https://openalex.org/w2002786291,https://doi.org/10.1016/j.pmrj.2013.08.140,,,0,0
https://openalex.org/w2802496050,https://doi.org/10.1016/j.burns.2018.04.011,https://pubmed.ncbi.nlm.nih.gov/29752016,,0,0
https://openalex.org/w2067650959,https://doi.org/10.1016/j.burns.2010.01.004,https://pubmed.ncbi.nlm.nih.gov/20382480,,0,0
https://openalex.org/w3093167196,https://doi.org/10.47391/jpma.1260,https://pubmed.ncbi.nlm.nih.gov/33475579,,0,1
https://openalex.org/w1844959634,https://doi.org/10.5694/j.1326-5377.2003.tb05593.x,https://pubmed.ncbi.nlm.nih.gov/14503900,,0,0
https://openalex.org/w2372776449,https://doi.org/10.11817/j.issn.1672-7347.2015.06.005,https://pubmed.ncbi.nlm.nih.gov/26164507,,0,0
https://openalex.org/w2617894234,https://doi.org/10.1016/j.cps.2017.02.017,https://pubmed.ncbi.nlm.nih.gov/28576249,,0,0
https://openalex.org/w2412775403,,,,0,0
https://openalex.org/w2416343612,,https://pubmed.ncbi.nlm.nih.gov/10394177,,0,0
https://openalex.org/w3021150480,https://doi.org/10.1016/j.biopsych.2020.02.823,,,0,0
https://openalex.org/w3082240835,,,,0,1
https://openalex.org/w2317806002,https://doi.org/10.1097/bcr.0000000000000315,https://pubmed.ncbi.nlm.nih.gov/27003738,,0,0
https://openalex.org/w4324030847,https://doi.org/10.1016/j.genhosppsych.2023.03.004,,,1,1
https://openalex.org/w321372627,https://doi.org/10.1023/a:1027377904641,https://pubmed.ncbi.nlm.nih.gov/9429905,,0,0
https://openalex.org/w2299415253,https://doi.org/10.1016/j.burns.2016.02.026,https://pubmed.ncbi.nlm.nih.gov/27005585,,0,0
https://openalex.org/w1989968154,https://doi.org/10.1097/ta.0b013e31820cf03e,https://pubmed.ncbi.nlm.nih.gov/21610397,,0,0
https://openalex.org/w2074103625,https://doi.org/10.3109/10903127.2010.545482,https://pubmed.ncbi.nlm.nih.gov/21294631,,0,0
https://openalex.org/w3214300561,https://doi.org/10.1093/jbcr/irab215,https://pubmed.ncbi.nlm.nih.gov/34751379,,0,0
https://openalex.org/w2163883309,https://doi.org/10.1093/sleep/24.1.45,https://pubmed.ncbi.nlm.nih.gov/11204053,,0,0
https://openalex.org/w1977330744,https://doi.org/10.1016/s1072-7515(99)00254-9,,040-847-497-401-779,0,0
https://openalex.org/w2162204821,https://doi.org/10.1093/jpepsy/jsr021,https://pubmed.ncbi.nlm.nih.gov/21515642,,0,1
https://openalex.org/w4386804360,https://doi.org/10.5455/msm.2023.35.228-233,,030-282-926-690-209,0,0
https://openalex.org/w2131588360,https://doi.org/10.1348/000711200160327,https://pubmed.ncbi.nlm.nih.gov/10759053,,0,0
https://openalex.org/w2912307454,https://doi.org/10.1016/j.burns.2018.08.016,https://pubmed.ncbi.nlm.nih.gov/30718028,,0,0
https://openalex.org/w2507822879,https://doi.org/10.1177/1742395316668566,https://pubmed.ncbi.nlm.nih.gov/27614907,,0,0
https://openalex.org/w2057853027,https://doi.org/10.1097/bcr.0b013e3181921f42,https://pubmed.ncbi.nlm.nih.gov/19060733,,0,0
https://openalex.org/w1965678690,https://doi.org/10.1371/journal.pone.0115013,https://pubmed.ncbi.nlm.nih.gov/25536085,,0,1
https://openalex.org/w1925352049,https://doi.org/10.1542/peds.50.4.617,https://pubmed.ncbi.nlm.nih.gov/5073012,,0,0
https://openalex.org/w2063543403,https://doi.org/10.1097/01.bcr.0000192264.90796.23,https://pubmed.ncbi.nlm.nih.gov/16566542,,0,0
https://openalex.org/w2116388580,https://doi.org/10.1016/j.jaad.2005.04.079,https://pubmed.ncbi.nlm.nih.gov/16112363,,0,0
https://openalex.org/w2922259704,https://doi.org/10.1093/jbcr/irz100,https://pubmed.ncbi.nlm.nih.gov/31231755,,0,0
https://openalex.org/w1939562288,https://doi.org/10.1027/1015-5759/a000266,,,0,0
https://openalex.org/w2922509022,https://doi.org/10.1093/jbcr/irz013.067,,,0,0
https://openalex.org/w1885481641,https://doi.org/10.22037/aaem.v2i3.42,https://pubmed.ncbi.nlm.nih.gov/26495361,,0,0
https://openalex.org/w2080182059,https://doi.org/10.1097/00004630-199805000-00009,https://pubmed.ncbi.nlm.nih.gov/9622468,,0,0
https://openalex.org/w4235719250,https://doi.org/10.1093/pm/pnx006,,,0,0
https://openalex.org/w2034738682,https://doi.org/10.1097/01.bcr.0000107203.48726.67,https://pubmed.ncbi.nlm.nih.gov/14726746,,0,0
https://openalex.org/w2062049709,https://doi.org/10.1016/s0305-4179(96)00037-x,https://pubmed.ncbi.nlm.nih.gov/8982541,,0,0
https://openalex.org/w3212508200,https://doi.org/10.1111/iwj.13717,https://pubmed.ncbi.nlm.nih.gov/34749441,,0,0
https://openalex.org/w2912298141,https://doi.org/10.14260/jemds/2018/1077,,,0,0
https://openalex.org/w2061517374,https://doi.org/10.1016/j.ijcme.2015.01.008,,,0,0
https://openalex.org/w2980517736,https://doi.org/10.1016/j.jalz.2019.06.2992,,,0,0
https://openalex.org/w2165061407,https://doi.org/10.1016/j.burns.2009.06.032,,,0,0
https://openalex.org/w2061738947,https://doi.org/10.1016/j.ijcard.2006.07.029,https://pubmed.ncbi.nlm.nih.gov/17052784,,0,0
https://openalex.org/w2007116377,https://doi.org/10.1007/s00238-010-0453-1,,,0,0
https://openalex.org/w2966326118,,,,0,0
https://openalex.org/w1970507981,https://doi.org/10.1097/bcr.0b013e3182374452,https://pubmed.ncbi.nlm.nih.gov/22138807,,0,0
https://openalex.org/w1995770954,https://doi.org/10.1023/b:nere.0000010457.00855.8c,https://pubmed.ncbi.nlm.nih.gov/14992288,,0,0
https://openalex.org/w2149296993,https://doi.org/10.1016/j.paed.2014.06.003,,,0,0
https://openalex.org/w1978520274,https://doi.org/10.1016/s0305-4179(02)00100-6,https://pubmed.ncbi.nlm.nih.gov/12417158,,0,1
https://openalex.org/w3082614277,,,,0,0
https://openalex.org/w3112789805,https://doi.org/10.1192/bjo.2020.152,https://pubmed.ncbi.nlm.nih.gov/33323152,,0,0
https://openalex.org/w1978051441,https://doi.org/10.3181/00379727-84-20736,https://pubmed.ncbi.nlm.nih.gov/13134240,,0,0
https://openalex.org/w2131115956,https://doi.org/10.1080/00207450590956459,https://pubmed.ncbi.nlm.nih.gov/16162447,,0,0
https://openalex.org/w2033677409,https://doi.org/10.1258/jrsm.95.10.491,,,0,0
https://openalex.org/w2048621823,https://doi.org/10.1111/j.1365-2648.2009.05138.x,https://pubmed.ncbi.nlm.nih.gov/19832748,,0,0
https://openalex.org/w1985132009,https://doi.org/10.1097/01.bcr.0000235463.20759.a0,https://pubmed.ncbi.nlm.nih.gov/16998391,,0,0
https://openalex.org/w3139961846,https://doi.org/10.1093/jbcr/irab104,https://pubmed.ncbi.nlm.nih.gov/34228121,,0,0
https://openalex.org/w3137240493,,,,0,0
https://openalex.org/w3118849959,https://doi.org/10.1007/s11136-020-02740-x,https://pubmed.ncbi.nlm.nih.gov/33447963,,0,0
https://openalex.org/w2207762423,https://doi.org/10.1016/j.urology.2015.06.056,https://pubmed.ncbi.nlm.nih.gov/26375849,,0,0
https://openalex.org/w2796497737,https://doi.org/10.1093/jbcr/iry006.347,,,0,0
https://openalex.org/w2162030755,https://doi.org/10.1007/s12262-012-0674-6,https://pubmed.ncbi.nlm.nih.gov/25278651,,0,0
https://openalex.org/w2959156004,https://doi.org/10.1093/jbcr/irz130,https://pubmed.ncbi.nlm.nih.gov/31304969,,0,0
https://openalex.org/w2041353131,https://doi.org/10.1615/critrevimmunol.v18.i6.40,https://pubmed.ncbi.nlm.nih.gov/9862093,,0,0
https://openalex.org/w4379522950,https://doi.org/10.3928/19382359-20230411-03,,047-994-267-432-806,0,0
https://openalex.org/w2112560401,https://doi.org/10.1001/archsurg.1994.01420360108015,https://pubmed.ncbi.nlm.nih.gov/7986163,,0,0
https://openalex.org/w2072896468,https://doi.org/10.1111/j.1365-2648.2008.04807.x,https://pubmed.ncbi.nlm.nih.gov/18990107,,0,0
https://openalex.org/w3011142669,https://doi.org/10.1016/j.burns.2019.12.003,https://pubmed.ncbi.nlm.nih.gov/32197793,,0,0
https://openalex.org/w4382297426,https://doi.org/10.1177/16094069231175445,,158-688-860-049-444,0,0
https://openalex.org/w3008363739,https://doi.org/10.1001/jamanetworkopen.2020.0001,https://pubmed.ncbi.nlm.nih.gov/32101302,,0,0
https://openalex.org/w1995524374,https://doi.org/10.1097/00004630-198503000-00005,https://pubmed.ncbi.nlm.nih.gov/3855188,,0,0
https://openalex.org/w4296940551,https://doi.org/10.1016/j.jpedsurg.2022.09.007,,,0,0
https://openalex.org/w2079176852,https://doi.org/10.1016/j.burns.2009.08.013,https://pubmed.ncbi.nlm.nih.gov/19875239,,0,0
https://openalex.org/w2788909851,https://doi.org/10.1080/01612840.2017.1416506,https://pubmed.ncbi.nlm.nih.gov/29436882,,0,1
https://openalex.org/w4213061031,https://doi.org/10.35667/metasenf.2022.25.1003081884,,,0,0
https://openalex.org/w2588490923,https://doi.org/10.5152/turkjplastsurg.2017.2112,,,0,0
https://openalex.org/w2026545378,https://doi.org/10.1097/00004630-198807000-00012,https://pubmed.ncbi.nlm.nih.gov/3220851,,0,0
https://openalex.org/w2077603511,https://doi.org/10.4103/0973-7847.120520,https://pubmed.ncbi.nlm.nih.gov/24347926,,0,0
https://openalex.org/w2328716539,https://doi.org/10.1308/rcsann.2016.0106,https://pubmed.ncbi.nlm.nih.gov/27055405,,0,0
https://openalex.org/w2028524993,https://doi.org/10.1097/00004630-199605000-00017,https://pubmed.ncbi.nlm.nih.gov/8736377,,0,0
https://openalex.org/w2059701680,https://doi.org/10.1016/0272-7358(91)90114-a,,,0,0
https://openalex.org/w2043853071,https://doi.org/10.1097/bcr.0b013e3181cb8e82,https://pubmed.ncbi.nlm.nih.gov/20061831,,0,0
https://openalex.org/w2198874709,https://doi.org/10.1016/j.burns.2015.06.006,https://pubmed.ncbi.nlm.nih.gov/26182828,,0,1
https://openalex.org/w4283260149,https://doi.org/10.1093/jbcr/irac088,https://pubmed.ncbi.nlm.nih.gov/35866527,,0,1
https://openalex.org/w2014661587,https://doi.org/10.1136/bmj.b1037,,055-668-288-694-502,0,0
https://openalex.org/w2388381837,https://doi.org/10.7205/milmed-d-15-00194,https://pubmed.ncbi.nlm.nih.gov/27168565,,0,0
https://openalex.org/w3096540528,https://doi.org/10.1016/j.burns.2020.10.019,https://pubmed.ncbi.nlm.nih.gov/33303262,,1,1
https://openalex.org/w2947291055,https://doi.org/10.1186/s12868-019-0500-1,https://pubmed.ncbi.nlm.nih.gov/31014242,,0,0
https://openalex.org/w438420591,https://doi.org/10.1177/0194599815585498,https://pubmed.ncbi.nlm.nih.gov/26019134,,0,0
https://openalex.org/w1998345275,https://doi.org/10.1023/a:1024727306168,https://pubmed.ncbi.nlm.nih.gov/10467561,,1,1
https://openalex.org/w4224236761,https://doi.org/10.1136/postgradmedj-2022-141801,,,0,0
https://openalex.org/w2438850706,https://doi.org/10.3760/cma.j.issn.1009-2587.2010.02.015,https://pubmed.ncbi.nlm.nih.gov/20723412,,0,0
https://openalex.org/w1485164504,https://doi.org/10.1007/978-3-030-62613-6,,,0,0
https://openalex.org/w2921944156,https://doi.org/10.1093/jbcr/irz013.329,,,0,0
https://openalex.org/w2979679216,https://doi.org/10.5114/ada.2019.87456,,,0,0
https://openalex.org/w1999488332,https://doi.org/10.1176/appi.psy.48.3.195,https://pubmed.ncbi.nlm.nih.gov/17478587,,0,0
https://openalex.org/w2280237388,,,,0,0
https://openalex.org/w2007981955,https://doi.org/10.1016/s0145-2134(99)00096-4,https://pubmed.ncbi.nlm.nih.gov/10626608,,0,0
https://openalex.org/w2168890427,https://doi.org/10.1016/j.burns.2014.07.006,https://pubmed.ncbi.nlm.nih.gov/25300755,,0,0
https://openalex.org/w2117749068,https://doi.org/10.1016/j.burns.2008.01.012,https://pubmed.ncbi.nlm.nih.gov/18511200,,1,1
https://openalex.org/w2415048060,,https://pubmed.ncbi.nlm.nih.gov/20222651,,0,0
https://openalex.org/w4241069472,https://doi.org/10.1007/0-387-28310-2_34,,,0,0
https://openalex.org/w2030264095,https://doi.org/10.1080/15374416.2011.563474,https://pubmed.ncbi.nlm.nih.gov/21534049,,0,1
https://openalex.org/w2005322103,https://doi.org/10.1097/00004630-199409000-00006,https://pubmed.ncbi.nlm.nih.gov/7995813,,0,0
https://openalex.org/w2189728004,https://doi.org/10.1111/j.1524-475x.2009.00519.x,,,0,0
https://openalex.org/w4389992659,https://doi.org/10.18502/fem.v7i4.14474,,070-656-319-432-931,0,0
https://openalex.org/w2038055035,https://doi.org/10.4321/s0213-61632011000300004,,,0,1
https://openalex.org/w3022282917,https://doi.org/10.1097/mop.0000000000000902,https://pubmed.ncbi.nlm.nih.gov/32371842,,0,0
https://openalex.org/w3196486139,https://doi.org/10.1016/j.ajoms.2021.08.007,,,0,0
https://openalex.org/w2123658048,https://doi.org/10.1002/9780470682357.ch13,,,0,0
https://openalex.org/w3081494208,https://doi.org/10.1093/jbcr/iraa152,,043-974-852-511-552,0,0
https://openalex.org/w3166284368,https://doi.org/10.1016/j.burns.2021.05.019,https://pubmed.ncbi.nlm.nih.gov/34756423,,0,0
https://openalex.org/w2954347470,https://doi.org/10.1021/acsami.9b04956,https://pubmed.ncbi.nlm.nih.gov/31245992,,0,0
https://openalex.org/w216561038,,https://pubmed.ncbi.nlm.nih.gov/7761868,,0,0
https://openalex.org/w2039869618,https://doi.org/10.1055/s-2000-11552,https://pubmed.ncbi.nlm.nih.gov/11037640,,0,0
https://openalex.org/w1972445476,https://doi.org/10.1080/0097840x.1982.9936850,https://pubmed.ncbi.nlm.nih.gov/7130695,,0,0
https://openalex.org/w2039755492,https://doi.org/10.1097/00004630-199805000-00007,https://pubmed.ncbi.nlm.nih.gov/9622466,,0,0
https://openalex.org/w2087455121,https://doi.org/10.1097/bcr.0b013e3181cb8cc8,https://pubmed.ncbi.nlm.nih.gov/20061832,,0,1
https://openalex.org/w2912046671,https://doi.org/10.1002/smi.2859,https://pubmed.ncbi.nlm.nih.gov/30768837,,0,0
https://openalex.org/w1796747,,,,0,0
https://openalex.org/w2989642308,,https://pubmed.ncbi.nlm.nih.gov/30869214,,0,0
https://openalex.org/w4206480019,https://doi.org/10.3390/ijerph19010593,https://pubmed.ncbi.nlm.nih.gov/35010865,,0,0
https://openalex.org/w2399684716,https://doi.org/,https://pubmed.ncbi.nlm.nih.gov/27225158,,0,0
https://openalex.org/w2997824225,https://doi.org/10.1136/bmjopen-2019-032785,https://pubmed.ncbi.nlm.nih.gov/31892660,,0,0
https://openalex.org/w2091970188,https://doi.org/10.1176/ps.34.6.499,,011-442-274-059-382,0,0
https://openalex.org/w4288079671,https://doi.org/10.1007/s11136-020-02626-y,https://pubmed.ncbi.nlm.nih.gov/33068237,,0,0
https://openalex.org/w2429638859,,https://pubmed.ncbi.nlm.nih.gov/8667582,,0,0
https://openalex.org/w2010426933,https://doi.org/10.1016/s0304-3959(97)00045-6,https://pubmed.ncbi.nlm.nih.gov/9272809,,1,1
https://openalex.org/w2797154792,https://doi.org/10.1016/j.polgeo.2018.03.005,,,0,0
https://openalex.org/w4392995837,https://doi.org/10.5040/9798216008347.ch-004,,,0,0
https://openalex.org/w3213475516,https://doi.org/10.1016/j.amjsurg.2021.11.010,,,0,0
https://openalex.org/w2415301639,,,,0,0
https://openalex.org/w3043808152,https://doi.org/10.1016/j.burnso.2020.07.002,,,0,0
https://openalex.org/w2504138074,https://doi.org/10.3785/j.issn.1008-9292.2016.01.09,https://pubmed.ncbi.nlm.nih.gov/27045242,,0,0
https://openalex.org/w4390049848,https://doi.org/10.1093/jbcr/irad195,,039-368-767-093-54X,0,1
https://openalex.org/w2790347931,https://doi.org/10.1016/j.burns.2017.11.002,https://pubmed.ncbi.nlm.nih.gov/29395400,,0,0
https://openalex.org/w1993390152,https://doi.org/10.1016/j.ccell.2013.02.016,,,0,0
https://openalex.org/w3143621287,https://doi.org/10.1016/j.ajem.2021.03.086,,,0,0
https://openalex.org/w2134377700,https://doi.org/10.1037/a0033983,https://pubmed.ncbi.nlm.nih.gov/23957899,,0,1
https://openalex.org/w1966225812,https://doi.org/10.1097/00004630-199920060-00011,https://pubmed.ncbi.nlm.nih.gov/10613687,,0,0
https://openalex.org/w2988143987,https://doi.org/10.1108/add-04-2019-0003,,,0,0
https://openalex.org/w653676394,https://doi.org/10.1097/bcr.0000000000000261,https://pubmed.ncbi.nlm.nih.gov/26056758,,0,1
https://openalex.org/w2416258451,,https://pubmed.ncbi.nlm.nih.gov/26098018,,0,0
https://openalex.org/w2886407393,https://doi.org/10.1016/j.clindermatol.2018.08.005,https://pubmed.ncbi.nlm.nih.gov/30446200,,0,0
https://openalex.org/w2227628536,https://doi.org/10.1016/j.burns.2015.08.004,https://pubmed.ncbi.nlm.nih.gov/26775217,,0,1
https://openalex.org/w3011906156,https://doi.org/10.17533/udea.iee.v38n1e09,https://pubmed.ncbi.nlm.nih.gov/32124577,,0,0
https://openalex.org/w4200555016,https://doi.org/10.1093/jbcr/irab247,https://pubmed.ncbi.nlm.nih.gov/34965302,,0,0
https://openalex.org/w2732766911,https://doi.org/10.1590/1414-431x20175984,https://pubmed.ncbi.nlm.nih.gov/28678920,,0,0
https://openalex.org/w2017864691,https://doi.org/10.1097/bcr.0b013e3181cb8ee6,https://pubmed.ncbi.nlm.nih.gov/20061839,,0,0
https://openalex.org/w4246419900,https://doi.org/10.1111/j.1365-2516.2011.02551.x,,,0,0
https://openalex.org/w2052837178,https://doi.org/10.1016/0002-9610(76)90460-8,https://pubmed.ncbi.nlm.nih.gov/1087124,,0,0
https://openalex.org/w4229002125,https://doi.org/10.1097/pra.0000000000000624,https://pubmed.ncbi.nlm.nih.gov/35511099,,0,0
https://openalex.org/w4318562222,https://doi.org/10.1016/j.burns.2023.01.010,,,0,0
https://openalex.org/w3195498926,https://doi.org/10.1097/psy.0000000000000835,,,0,0
https://openalex.org/w1965222479,https://doi.org/10.1016/0895-4356(92)90002-5,https://pubmed.ncbi.nlm.nih.gov/1573426,,0,0
https://openalex.org/w4315785923,https://doi.org/10.15537/smj.2023.44.1.20220701,,105-244-361-147-058,0,0
https://openalex.org/w1993942403,https://doi.org/10.1089/cap.2010.0133,https://pubmed.ncbi.nlm.nih.gov/22040192,,0,0
https://openalex.org/w4246578837,https://doi.org/10.1111/appy.12459,,,0,0
https://openalex.org/w1983509804,https://doi.org/10.1016/s0305-4179(03)00146-3,https://pubmed.ncbi.nlm.nih.gov/12927981,,0,0
https://openalex.org/w3164024889,https://doi.org/10.1017/s204579602100024x,https://pubmed.ncbi.nlm.nih.gov/34085624,,0,0
https://openalex.org/w4289111256,https://doi.org/10.3390/cosmetics9040078,,,0,0
https://openalex.org/w2054468588,https://doi.org/10.1080/00207148708416045,https://pubmed.ncbi.nlm.nih.gov/3596846,,0,0
https://openalex.org/w2016832850,https://doi.org/10.1097/00004630-200103000-00012,https://pubmed.ncbi.nlm.nih.gov/11302604,,0,0
https://openalex.org/w2090810034,https://doi.org/10.1016/s0885-3924(87)80043-x,https://pubmed.ncbi.nlm.nih.gov/3644856,,1,1
https://openalex.org/w2074403273,https://doi.org/10.1097/bcr.0b013e3182223c89,https://pubmed.ncbi.nlm.nih.gov/21747335,,0,0
https://openalex.org/w2011419883,https://doi.org/10.4103/0970-0358.70731,https://pubmed.ncbi.nlm.nih.gov/21321649,,0,0
https://openalex.org/w4286307135,https://doi.org/10.1016/j.jaclp.2022.03.231,,,0,0
https://openalex.org/w2171493952,https://doi.org/10.1026/1616-3443/a000153,,,0,0
https://openalex.org/w4291015067,https://doi.org/10.1177/0004867414529061,https://pubmed.ncbi.nlm.nih.gov/24760384,,0,0
https://openalex.org/w2118709889,https://doi.org/10.1002/jts.20471,https://pubmed.ncbi.nlm.nih.gov/19902464,,0,0
https://openalex.org/w3196108091,https://doi.org/10.1016/j.jaad.2021.06.278,,,0,0
https://openalex.org/w3175472113,https://doi.org/10.1093/med/9780197577479.003.0029,,,0,0
https://openalex.org/w2062287935,https://doi.org/10.1016/j.burns.2009.06.035,,,0,0
https://openalex.org/w4292177521,https://doi.org/10.1097/ta.0000000000003747,,111-993-905-075-239,0,0
https://openalex.org/w2416176514,,https://pubmed.ncbi.nlm.nih.gov/14524017,,0,0
https://openalex.org/w3125683712,https://doi.org/10.1093/jbcr/irab012,https://pubmed.ncbi.nlm.nih.gov/33484258,,0,0
https://openalex.org/w2997224781,https://doi.org/10.1016/j.burns.2019.10.031,,,0,0
https://openalex.org/w2069598547,https://doi.org/10.1097/00004583-200110000-00007,https://pubmed.ncbi.nlm.nih.gov/11589526,,0,0
https://openalex.org/w2783731266,https://doi.org/10.1590/1983-1447.2018.2016-0073,https://pubmed.ncbi.nlm.nih.gov/29846476,,0,0
https://openalex.org/w2520477368,https://doi.org/10.1017/s1049023x16000832,https://pubmed.ncbi.nlm.nih.gov/27641075,,0,0
https://openalex.org/w4381436267,https://doi.org/10.1007/s11606-023-08192-6,,,0,0
https://openalex.org/w2134341001,https://doi.org/10.1016/j.janxdis.2008.07.004,https://pubmed.ncbi.nlm.nih.gov/18755571,,0,0
https://openalex.org/w2807885462,https://doi.org/10.1093/med/9780190457136.003.0030,,,0,0
https://openalex.org/w2109014709,https://doi.org/10.1016/0145-2134(95)00053-b,https://pubmed.ncbi.nlm.nih.gov/7583750,,0,0
https://openalex.org/w2467876754,,https://pubmed.ncbi.nlm.nih.gov/8857030,,0,0
https://openalex.org/w2796972927,https://doi.org/10.1093/jbcr/iry006.359,,,0,0
https://openalex.org/w2147542561,https://doi.org/10.3122/jabfm.2010.02.090110,https://pubmed.ncbi.nlm.nih.gov/20207935,,0,0
https://openalex.org/w1682473517,https://doi.org/10.1016/s0079-6123(07)67016-2,,,0,0
https://openalex.org/w2327572643,https://doi.org/10.1097/bcr.0000000000000095,https://pubmed.ncbi.nlm.nih.gov/25522152,,0,0
https://openalex.org/w2122778477,https://doi.org/10.5249/jivr.v7i1.549,https://pubmed.ncbi.nlm.nih.gov/25618437,,0,0
https://openalex.org/w3014924856,https://doi.org/10.5222/bmj.2020.03511,,,0,0
https://openalex.org/w1996517422,https://doi.org/10.1097/00004583-200001000-00004,,,0,0
https://openalex.org/w2991201722,https://doi.org/10.1016/j.burns.2019.06.003,https://pubmed.ncbi.nlm.nih.gov/31784238,,0,0
https://openalex.org/w3209185509,https://doi.org/10.7759/cureus.19063,https://pubmed.ncbi.nlm.nih.gov/34853768,,0,0
https://openalex.org/w2020769356,https://doi.org/10.1097/ta.0b013e31819ce2d6,https://pubmed.ncbi.nlm.nih.gov/19359963,,0,0
https://openalex.org/w2242890024,,,,0,0
https://openalex.org/w3035322663,https://doi.org/10.12688/f1000research.22554.1,https://pubmed.ncbi.nlm.nih.gov/32595942,,0,0
https://openalex.org/w4365515017,https://doi.org/10.1007/s40719-023-00256-6,,,0,0
https://openalex.org/w2326084678,https://doi.org/10.5152/ced.2012.10,,,0,0
https://openalex.org/w4245496659,https://doi.org/10.1111/ajco.13497,https://pubmed.ncbi.nlm.nih.gov/33161624,,0,0
https://openalex.org/w4211119905,https://doi.org/10.3389/fpsyg.2021.794364,https://pubmed.ncbi.nlm.nih.gov/35140660,,1,1
https://openalex.org/w4383615399,https://doi.org/10.1097/ta.0000000000004027,,002-808-202-339-198,0,0
https://openalex.org/w1988520993,https://doi.org/10.1023/a:1024788812393,https://pubmed.ncbi.nlm.nih.gov/10378173,,1,1
https://openalex.org/w4244193421,https://doi.org/10.4414/cvm.2019.02039,,,0,0
https://openalex.org/w4390014455,https://doi.org/10.2147/tacg.s435016,,135-089-728-731-842,0,0
https://openalex.org/w2429677725,,,,0,0
https://openalex.org/w2964743759,https://doi.org/10.1016/j.burns.2019.07.017,https://pubmed.ncbi.nlm.nih.gov/31378622,,0,1
https://openalex.org/w2741692141,https://doi.org/10.1016/j.jamcollsurg.2017.06.004,https://pubmed.ncbi.nlm.nih.gov/28774550,,0,0
https://openalex.org/w4391514794,https://doi.org/10.1111/wrr.13154,,011-365-618-625-645,0,0
https://openalex.org/w2056586885,https://doi.org/10.1016/s0140-6736(11)61861-8,,,0,0
https://openalex.org/w2327875942,https://doi.org/10.1097/bcr.0000000000000153,https://pubmed.ncbi.nlm.nih.gov/25198101,,0,0
https://openalex.org/w2442994461,https://doi.org/10.1016/s0030-5898(20)31994-5,https://pubmed.ncbi.nlm.nih.gov/7724194,,0,0
https://openalex.org/w3069529747,https://doi.org/10.1177/2192568217708189,,,0,0
https://openalex.org/w2024936896,https://doi.org/10.1080/00313029700169724,https://pubmed.ncbi.nlm.nih.gov/9213328,,0,0
https://openalex.org/w2089952817,https://doi.org/10.1007/s11606-006-0030-2,https://pubmed.ncbi.nlm.nih.gov/17351853,,0,0
https://openalex.org/w2980552079,https://doi.org/10.1016/j.chest.2019.08.1206,,,0,0
https://openalex.org/w2607731818,https://doi.org/10.1016/j.biopsych.2017.02.590,,,0,0
https://openalex.org/w4384663674,https://doi.org/10.1542/hpeds.2022-006930,,037-437-914-133-139,0,0
https://openalex.org/w2337672594,https://doi.org/10.1017/s1049023x00000911,https://pubmed.ncbi.nlm.nih.gov/15074498,,0,0
https://openalex.org/w2045033434,https://doi.org/10.1016/0005-7967(93)90126-f,https://pubmed.ncbi.nlm.nih.gov/8333821,,0,0
https://openalex.org/w1989513991,https://doi.org/10.1007/s00423-011-0765-z,https://pubmed.ncbi.nlm.nih.gov/21369845,,0,0
https://openalex.org/w3127410181,https://doi.org/10.1177/1049731520988891,,,0,0
https://openalex.org/w1569899931,https://doi.org/10.1016/j.ejpain.2010.09.001,https://pubmed.ncbi.nlm.nih.gov/20934358,,0,0
https://openalex.org/w4205385729,https://doi.org/10.1097/ta.0000000000003524,https://pubmed.ncbi.nlm.nih.gov/34991124,,0,0
https://openalex.org/w4360603757,https://doi.org/10.1016/j.burns.2023.03.015,,,0,0
https://openalex.org/w2326255586,https://doi.org/10.1037/cpp0000019,,,0,1
https://openalex.org/w3207525737,https://doi.org/10.3400/avd.ra.21-00026,https://pubmed.ncbi.nlm.nih.gov/35082935,,0,0
https://openalex.org/w3038068775,https://doi.org/10.1080/09515070.2020.1785393,,,0,0
https://openalex.org/w2315864581,https://doi.org/10.1097/bcr.0b013e318257d94a,https://pubmed.ncbi.nlm.nih.gov/22929526,,0,0
https://openalex.org/w2913669109,https://doi.org/10.1016/j.afjem.2018.12.004,https://pubmed.ncbi.nlm.nih.gov/30976501,,0,0
https://openalex.org/w3180555301,https://doi.org/10.3390/pharmaceutics13070999,https://pubmed.ncbi.nlm.nih.gov/34371691,,0,0
https://openalex.org/w157024296,https://doi.org/10.2165/00128071-200304040-00004,https://pubmed.ncbi.nlm.nih.gov/12680803,,0,1
https://openalex.org/w4249194757,https://doi.org/10.1097/bcr.0b013e31828d5efd,https://pubmed.ncbi.nlm.nih.gov/23580953,,0,0
https://openalex.org/w2033632984,https://doi.org/10.1016/j.genhosppsych.2008.04.005,,,0,0
https://openalex.org/w2054640319,https://doi.org/10.1097/01.pcc.0000235262.55544.2f,,,0,0
https://openalex.org/w2408753438,,https://pubmed.ncbi.nlm.nih.gov/8958874,,0,0
https://openalex.org/w2783658081,https://doi.org/10.1080/00273171.2017.1412293,https://pubmed.ncbi.nlm.nih.gov/29324055,,0,0
https://openalex.org/w4390918987,https://doi.org/10.1186/s12912-024-01700-x,,057-497-234-277-147,0,0
https://openalex.org/w2481748801,https://doi.org/10.1007/978-0-387-76894-6,,,0,0
https://openalex.org/w2073357245,https://doi.org/10.1016/s1056-4993(03)00004-x,https://pubmed.ncbi.nlm.nih.gov/12910820,,0,0
https://openalex.org/w2139394238,https://doi.org/10.1146/annurev.pu.07.050186.002211,,069-358-109-024-680,0,0
https://openalex.org/w2297361331,https://doi.org/10.1016/s0193-953x(18)30115-1,https://pubmed.ncbi.nlm.nih.gov/7937360,,0,0
https://openalex.org/w1932888667,https://doi.org/10.1016/j.janxdis.2015.09.004,https://pubmed.ncbi.nlm.nih.gov/26398304,,0,0
https://openalex.org/w1972344899,https://doi.org/10.1258/jrsm.2012.120100,https://pubmed.ncbi.nlm.nih.gov/23257969,,0,0
https://openalex.org/w2724665242,,,,0,0
https://openalex.org/w2297498379,,https://pubmed.ncbi.nlm.nih.gov/1292392,,0,0
https://openalex.org/w2086882634,https://doi.org/10.1097/00006842-197211000-00004,https://pubmed.ncbi.nlm.nih.gov/4644660,,0,0
https://openalex.org/w2561745743,https://doi.org/10.1016/j.burns.2016.10.003,https://pubmed.ncbi.nlm.nih.gov/28043734,,0,0
https://openalex.org/w2415563597,,,,0,0
https://openalex.org/w2016260060,https://doi.org/10.1016/j.burns.2005.12.006,https://pubmed.ncbi.nlm.nih.gov/16765521,,0,0
https://openalex.org/w4254038464,https://doi.org/10.1007/s13181-017-0599-3,https://pubmed.ncbi.nlm.nih.gov/28233266,,0,0
https://openalex.org/w3009516232,https://doi.org/10.1016/j.burns.2020.02.004,https://pubmed.ncbi.nlm.nih.gov/32156476,,0,0
https://openalex.org/w3174565586,https://doi.org/10.1016/j.aucc.2021.04.009,https://pubmed.ncbi.nlm.nih.gov/34176734,,0,0
https://openalex.org/w4283766007,https://doi.org/10.4088/jcp.21ct14543,https://pubmed.ncbi.nlm.nih.gov/35802931,,0,0
https://openalex.org/w3131188246,https://doi.org/10.1186/s12888-021-03086-5,https://pubmed.ncbi.nlm.nih.gov/33588798,,0,0
https://openalex.org/w4321996951,https://doi.org/10.1007/s11136-023-03371-8,,143-180-037-882-294,0,0
https://openalex.org/w2068522208,https://doi.org/10.1016/j.burns.2011.09.006,https://pubmed.ncbi.nlm.nih.gov/22079543,,0,0
https://openalex.org/w2302099710,https://doi.org/10.1016/j.burns.2016.02.018,https://pubmed.ncbi.nlm.nih.gov/27005586,,1,1
https://openalex.org/w4249894880,https://doi.org/10.7748/ns.30.44.17.s21,https://pubmed.ncbi.nlm.nih.gov/27353913,,0,0
https://openalex.org/w2036020450,https://doi.org/10.1016/j.burns.2014.04.017,https://pubmed.ncbi.nlm.nih.gov/24857829,,0,1
https://openalex.org/w1600480105,https://doi.org/10.1016/j.burns.2013.12.001,https://pubmed.ncbi.nlm.nih.gov/24433940,,0,0
https://openalex.org/w2341894478,,,,0,0
https://openalex.org/w2083653788,https://doi.org/10.1089/wound.2013.0465,https://pubmed.ncbi.nlm.nih.gov/24761364,,0,0
https://openalex.org/w2063194179,https://doi.org/10.1097/00005373-197505000-00008,https://pubmed.ncbi.nlm.nih.gov/1127768,,0,0
https://openalex.org/w2027024790,https://doi.org/10.1097/00004630-199201000-00021,https://pubmed.ncbi.nlm.nih.gov/1572866,,0,0
https://openalex.org/w3186801543,https://doi.org/10.1016/j.amjsurg.2021.07.035,https://pubmed.ncbi.nlm.nih.gov/34330520,,0,1
https://openalex.org/w2035445462,https://doi.org/10.1176/appi.ajp.161.12.2194,https://pubmed.ncbi.nlm.nih.gov/15569889,,0,0
https://openalex.org/w2047197744,https://doi.org/10.1080/17518420701318692,,,0,0
https://openalex.org/w3194053091,https://doi.org/10.1097/md.0000000000026404,https://pubmed.ncbi.nlm.nih.gov/34397792,,0,0
https://openalex.org/w2888042604,https://doi.org/10.1186/s12940-018-0408-8,https://pubmed.ncbi.nlm.nih.gov/30144816,,0,0
https://openalex.org/w2164492029,https://doi.org/10.2190/8kjb-9539-9vvw-bacf,,,0,0
https://openalex.org/w2994684044,https://doi.org/10.1016/j.pedn.2019.11.015,https://pubmed.ncbi.nlm.nih.gov/31835065,,0,0
https://openalex.org/w2779471150,https://doi.org/10.1016/j.jad.2017.12.037,https://pubmed.ncbi.nlm.nih.gov/29306693,,0,0
https://openalex.org/w2973759677,https://doi.org/10.1016/j.burns.2018.12.015,https://pubmed.ncbi.nlm.nih.gov/31685387,,0,0
https://openalex.org/w4390864851,https://doi.org/10.37360/blacpma.24.23.3.25,,050-703-963-427-82X,0,0
https://openalex.org/w2115400442,https://doi.org/10.1176/appi.ajp.162.7.1299,https://pubmed.ncbi.nlm.nih.gov/15994712,,0,1
https://openalex.org/w2811330666,https://doi.org/10.1097/j.pain.0000000000001276,https://pubmed.ncbi.nlm.nih.gov/29939959,,0,0
https://openalex.org/w2749786390,https://doi.org/10.1016/j.burns.2017.04.025,https://pubmed.ncbi.nlm.nih.gov/28818334,,0,0
https://openalex.org/w4253242569,https://doi.org/10.1080/13691058.2017.1256628,,,0,0
https://openalex.org/w4225116208,https://doi.org/10.1016/j.bjps.2022.04.063,https://pubmed.ncbi.nlm.nih.gov/35729044,,0,0
https://openalex.org/w2086321610,https://doi.org/10.1016/j.janxdis.2010.03.021,https://pubmed.ncbi.nlm.nih.gov/20434306,,1,1
https://openalex.org/w2466431528,https://doi.org/10.1097/bcr.0000000000000384,https://pubmed.ncbi.nlm.nih.gov/27388886,,0,0
https://openalex.org/w2075484443,https://doi.org/10.1682/jrrd.2013.05.0140,https://pubmed.ncbi.nlm.nih.gov/25479335,,0,0
https://openalex.org/w2017037071,https://doi.org/10.1016/j.burns.2013.08.008,https://pubmed.ncbi.nlm.nih.gov/24028742,,0,0
https://openalex.org/w2524417427,https://doi.org/10.1055/s-0042-111006,https://pubmed.ncbi.nlm.nih.gov/27685256,,0,0
https://openalex.org/w2094162230,https://doi.org/10.1097/01.bcr.0000126295.84815.df,https://pubmed.ncbi.nlm.nih.gov/15273462,,0,0
https://openalex.org/w2009721635,https://doi.org/10.1016/0305-4179(95)92136-z,,,0,0
https://openalex.org/w2033190934,https://doi.org/10.3402/ejpt.v6.27516,https://pubmed.ncbi.nlm.nih.gov/25735415,,0,0
https://openalex.org/w2087579708,https://doi.org/10.1016/s0885-3924(96)00201-1,,,0,0
https://openalex.org/w3210427300,https://doi.org/10.5114/ceji.2021.109171,https://pubmed.ncbi.nlm.nih.gov/34764800,,0,0
https://openalex.org/w4220707533,https://doi.org/10.1093/jbcr/irac012.082,,,0,0
https://openalex.org/w2056131457,https://doi.org/10.1016/s0140-6736(09)60385-8,,,0,0
https://openalex.org/w195132915,https://doi.org/10.1007/bf00801973,,,0,0
https://openalex.org/w2090124080,https://doi.org/10.1037/0090-5550.50.4.408,,,0,0
https://openalex.org/w3183887195,https://doi.org/10.22371/07.2010.02,,,0,0
https://openalex.org/w3122858734,https://doi.org/10.4103/jfmpc.jfmpc_1604_20,https://pubmed.ncbi.nlm.nih.gov/34017766,,1,1
https://openalex.org/w3020982876,https://doi.org/10.3390/ijerph17093299,https://pubmed.ncbi.nlm.nih.gov/32397395,,0,0
https://openalex.org/w2057318777,https://doi.org/10.1016/j.jss.2014.05.006,https://pubmed.ncbi.nlm.nih.gov/24923631,,0,0
https://openalex.org/w2530136100,https://doi.org/10.1016/j.burns.2016.09.021,https://pubmed.ncbi.nlm.nih.gov/27743734,,0,0
https://openalex.org/w1989786769,https://doi.org/10.1159/000012317,https://pubmed.ncbi.nlm.nih.gov/10026459,,1,1
https://openalex.org/w2886826458,https://doi.org/10.1016/j.burns.2018.07.008,https://pubmed.ncbi.nlm.nih.gov/30107943,,0,0
https://openalex.org/w2252786036,https://doi.org/10.1038/npp.2015.325,https://pubmed.ncbi.nlm.nih.gov/26632286,,0,0
https://openalex.org/w4200110179,https://doi.org/10.1016/j.burns.2021.11.024,https://pubmed.ncbi.nlm.nih.gov/34930643,,0,1
https://openalex.org/w4308389255,https://doi.org/10.1016/j.amsu.2022.104811,,088-253-802-741-942,0,0
https://openalex.org/w1003379718,https://doi.org/10.1097/bcr.0000000000000289,https://pubmed.ncbi.nlm.nih.gov/26204384,,0,0
https://openalex.org/w2615157049,https://doi.org/10.1093/pch/pxx042,https://pubmed.ncbi.nlm.nih.gov/29479199,,0,0
https://openalex.org/w1963692966,https://doi.org/10.1016/s1047-9651(03)00073-1,https://pubmed.ncbi.nlm.nih.gov/11878085,,0,0
https://openalex.org/w2789950856,https://doi.org/10.1038/d41586-018-00894-w,,065-341-101-732-483,0,0
https://openalex.org/w196999687,https://doi.org/10.1007/978-3-7091-0315-9_1,,,0,0
https://openalex.org/w4390073806,https://doi.org/10.5958/0974-083x.2023.00006.7,,,0,0
https://openalex.org/w2075336300,https://doi.org/10.4088/jcp.09m05405blu,https://pubmed.ncbi.nlm.nih.gov/21034691,,1,1
https://openalex.org/w2331077003,https://doi.org/10.2174/187152512799201181,https://pubmed.ncbi.nlm.nih.gov/22264008,,0,0
https://openalex.org/w3212707037,https://doi.org/10.12998/wjcc.v9.i32.9741,https://pubmed.ncbi.nlm.nih.gov/34877313,,0,0
https://openalex.org/w2791631874,https://doi.org/10.1097/sla.0000000000002722,https://pubmed.ncbi.nlm.nih.gov/31082920,,0,0
https://openalex.org/w3158939622,https://doi.org/10.5664/jcsm.9276,https://pubmed.ncbi.nlm.nih.gov/33928909,,0,0
https://openalex.org/w2965072442,https://doi.org/10.1186/s41038-019-0158-z,https://pubmed.ncbi.nlm.nih.gov/31388512,,0,0
https://openalex.org/w2779711122,https://doi.org/10.1111/jan.13515,,,0,0
https://openalex.org/w170467439,,,,0,0
https://openalex.org/w2788673281,,,,0,0
https://openalex.org/w2016562313,https://doi.org/10.1016/s0305-4179(11)70003-1,,,0,0
https://openalex.org/w2053508856,https://doi.org/10.1016/j.burns.2013.08.031,https://pubmed.ncbi.nlm.nih.gov/24041516,,0,1
https://openalex.org/w2902147590,https://doi.org/10.1016/j.scitotenv.2018.11.480,https://pubmed.ncbi.nlm.nih.gov/30550901,,0,0
https://openalex.org/w1993171046,https://doi.org/10.1111/j.1439-0507.2012.02185.x,https://pubmed.ncbi.nlm.nih.gov/22519657,,0,0
https://openalex.org/w2893327449,https://doi.org/10.1016/j.pdpdt.2018.09.011,https://pubmed.ncbi.nlm.nih.gov/30261326,,0,0
https://openalex.org/w2802627940,https://doi.org/10.1093/jbcr/iry006.184,,,0,0
https://openalex.org/w2087788300,https://doi.org/10.1007/s11920-010-0166-y,https://pubmed.ncbi.nlm.nih.gov/20981585,,0,0
https://openalex.org/w2098332523,https://doi.org/10.1016/j.burns.2010.12.018,https://pubmed.ncbi.nlm.nih.gov/21334824,,1,1
https://openalex.org/w2077375688,https://doi.org/10.1176/ajp.155.7.934,https://pubmed.ncbi.nlm.nih.gov/9659860,,0,0
https://openalex.org/w164067078,https://doi.org/10.1016/j.suc.2014.05.012,https://pubmed.ncbi.nlm.nih.gov/25085097,,0,0
https://openalex.org/w4304148432,https://doi.org/10.1016/j.chest.2022.08.2122,,,0,0
https://openalex.org/w2073801020,https://doi.org/10.1097/00004630-199809000-00014,https://pubmed.ncbi.nlm.nih.gov/9789180,,0,0
https://openalex.org/w2409322268,,https://pubmed.ncbi.nlm.nih.gov/15729201,,0,0
https://openalex.org/w2408290880,,https://pubmed.ncbi.nlm.nih.gov/2517229,,0,0
https://openalex.org/w3009171759,https://doi.org/10.1093/jbcr/irab042,https://pubmed.ncbi.nlm.nih.gov/33677491,,0,0
https://openalex.org/w1990033487,https://doi.org/10.1097/paf.0b013e3181847d93,https://pubmed.ncbi.nlm.nih.gov/19259015,,0,0
https://openalex.org/w2066459536,https://doi.org/10.1097/bcr.0b013e3181db5240,https://pubmed.ncbi.nlm.nih.gov/20305570,,0,0
https://openalex.org/w59165688,https://doi.org/10.1520/jfs2003094,https://pubmed.ncbi.nlm.nih.gov/14640281,,0,0
https://openalex.org/w1973881612,https://doi.org/10.1016/j.cbi.2013.06.013,https://pubmed.ncbi.nlm.nih.gov/23816402,,0,0
https://openalex.org/w3153891607,https://doi.org/10.1016/j.burns.2021.04.012,https://pubmed.ncbi.nlm.nih.gov/34696949,,0,0
https://openalex.org/w4254424678,https://doi.org/10.1037//1040-3590.10.1.64,,,1,1
https://openalex.org/w2326255318,https://doi.org/10.1097/bcr.0000000000000223,https://pubmed.ncbi.nlm.nih.gov/25501772,,1,1
https://openalex.org/w2284003058,https://doi.org/10.1097/bcr.0000000000000258,https://pubmed.ncbi.nlm.nih.gov/26056759,,1,1
https://openalex.org/w1508336431,https://doi.org/10.1007/s00101-009-1515-2,https://pubmed.ncbi.nlm.nih.gov/19214457,,0,0
https://openalex.org/w4311677205,https://doi.org/10.1093/jbcr/irac184,,055-495-861-896-287,0,0
https://openalex.org/w4293569849,https://doi.org/10.1016/j.burns.2022.08.008,https://pubmed.ncbi.nlm.nih.gov/36085106,,0,0
https://openalex.org/w2117872624,https://doi.org/10.1016/j.suc.2014.05.010,https://pubmed.ncbi.nlm.nih.gov/25085096,,0,0
https://openalex.org/w2417366283,,https://pubmed.ncbi.nlm.nih.gov/6134406,,0,0
https://openalex.org/w2888723416,https://doi.org/10.1037/ccp0000331,https://pubmed.ncbi.nlm.nih.gov/30138012,,0,0
https://openalex.org/w2321632705,https://doi.org/10.5505/tjtes.2012.98511,https://pubmed.ncbi.nlm.nih.gov/23188606,,0,1
https://openalex.org/w239264779,,https://pubmed.ncbi.nlm.nih.gov/24799852,,0,0
https://openalex.org/w4376871460,https://doi.org/10.1136/bmjopen-2022-068530,,015-559-255-995-604,0,0
https://openalex.org/w4251458246,https://doi.org/10.1023/a:1006804603660,,,0,0
https://openalex.org/w2030702342,https://doi.org/10.1016/j.burns.2006.09.004,https://pubmed.ncbi.nlm.nih.gov/17482369,,1,1
https://openalex.org/w2995986873,https://doi.org/10.1007/s10597-019-00529-y,https://pubmed.ncbi.nlm.nih.gov/31853693,,0,0
https://openalex.org/w2012193564,https://doi.org/10.1097/bcr.0b013e3181b48102,https://pubmed.ncbi.nlm.nih.gov/19692914,,0,1
https://openalex.org/w2076368752,https://doi.org/10.1007/s10865-015-9638-1,https://pubmed.ncbi.nlm.nih.gov/25851608,,1,1
https://openalex.org/w2087607356,https://doi.org/10.1097/00005373-199705000-00018,https://pubmed.ncbi.nlm.nih.gov/9191669,,0,0
https://openalex.org/w4310790232,https://doi.org/10.1016/j.jtherbio.2022.103405,,,0,0
https://openalex.org/w2911273904,https://doi.org/10.1007/s00238-019-1501-0,,,0,0
https://openalex.org/w3025379101,https://doi.org/10.1016/j.burns.2020.04.023,https://pubmed.ncbi.nlm.nih.gov/32534893,,0,0
https://openalex.org/w4386019656,https://doi.org/10.1177/03000605231162798,,014-898-259-320-831,0,0
https://openalex.org/w1989221477,https://doi.org/10.1097/00003246-198908000-00004,https://pubmed.ncbi.nlm.nih.gov/2502363,,0,0
https://openalex.org/w3118267589,https://doi.org/10.1136/bmjopen-2020-044145,https://pubmed.ncbi.nlm.nih.gov/33408216,,0,0
https://openalex.org/w4225472770,https://doi.org/10.1186/s12889-021-12296-1,https://pubmed.ncbi.nlm.nih.gov/34906121,,0,0
https://openalex.org/w2277038116,,,,0,0
https://openalex.org/w2025113535,https://doi.org/10.1023/b:neph.0000024607.44742.19,,,0,0
https://openalex.org/w2333702106,https://doi.org/10.1097/shk.0000000000000194,https://pubmed.ncbi.nlm.nih.gov/24827391,,0,0
https://openalex.org/w194992646,,https://pubmed.ncbi.nlm.nih.gov/24566565,,0,0
https://openalex.org/w3029407058,https://doi.org/10.1016/j.jad.2020.05.025,https://pubmed.ncbi.nlm.nih.gov/32469812,,1,1
https://openalex.org/w2078960309,https://doi.org/10.4103/0970-0358.53017,https://pubmed.ncbi.nlm.nih.gov/19881027,,0,0
https://openalex.org/w2507810591,https://doi.org/10.1080/09638288.2016.1209579,https://pubmed.ncbi.nlm.nih.gov/27685196,,0,0
https://openalex.org/w2047877353,https://doi.org/10.1515/ijamh.2004.16.3.201,https://pubmed.ncbi.nlm.nih.gov/15551837,,0,0
https://openalex.org/w2525942685,https://doi.org/10.1001/jamaophthalmol.2016.3642,https://pubmed.ncbi.nlm.nih.gov/27685701,,0,0
https://openalex.org/w2080811262,https://doi.org/10.1016/j.genhosppsych.2011.12.001,https://pubmed.ncbi.nlm.nih.gov/22266132,,0,0
https://openalex.org/w2485959248,https://doi.org/10.1017/cbo9780511543579.130,,,0,0
https://openalex.org/w59639468,https://doi.org/10.1093/pch/9.3.153,,089-727-762-664-652,0,0
https://openalex.org/w4220966393,https://doi.org/10.1093/jbcr/irac012.124,,,0,0
https://openalex.org/w3024358913,https://doi.org/10.1136/oemed-2020-106406,https://pubmed.ncbi.nlm.nih.gov/32404530,,0,0
https://openalex.org/w2023322773,https://doi.org/10.1539/joh.11-0211-oa,https://pubmed.ncbi.nlm.nih.gov/22672883,,0,0
https://openalex.org/w2322931507,https://doi.org/10.1109/iclp.2014.6973151,,,0,0
https://openalex.org/w2024500790,https://doi.org/10.1097/ta.0b013e318265c86b,https://pubmed.ncbi.nlm.nih.gov/22929550,,0,0
https://openalex.org/w3136288739,https://doi.org/10.1155/2021/5555316,https://pubmed.ncbi.nlm.nih.gov/33791363,,0,0
https://openalex.org/w2162425923,https://doi.org/10.12968/bjon.2012.21.21.1271,https://pubmed.ncbi.nlm.nih.gov/23469510,,0,0
https://openalex.org/w4294862440,https://doi.org/10.1016/j.burns.2022.08.024,https://pubmed.ncbi.nlm.nih.gov/36195483,,0,1
https://openalex.org/w4220816167,https://doi.org/10.1093/jbcr/irac012.123,,,0,0
https://openalex.org/w2890830067,https://doi.org/10.1093/jbcr/iry044,https://pubmed.ncbi.nlm.nih.gov/30189001,,0,0
https://openalex.org/w4292650398,https://doi.org/10.1038/npp.2015.327,https://pubmed.ncbi.nlm.nih.gov/26632288,,0,0
https://openalex.org/w4281833693,https://doi.org/10.1007/s00134-022-06712-2,,,0,0
https://openalex.org/w3092927419,https://doi.org/10.1016/j.jht.2020.10.007,https://pubmed.ncbi.nlm.nih.gov/33250399,,0,0
https://openalex.org/w4383342004,https://doi.org/10.1097/gox.0000000000005099,,182-273-357-972-288,0,0
https://openalex.org/w2013235307,https://doi.org/10.1097/00005053-197205000-00004,https://pubmed.ncbi.nlm.nih.gov/4260337,,0,0
https://openalex.org/w1530070635,https://doi.org/10.13140/2.1.1606.7205,https://pubmed.ncbi.nlm.nih.gov/20942368,,0,0
https://openalex.org/w2884675497,https://doi.org/10.1002/jts.22314,https://pubmed.ncbi.nlm.nih.gov/30052288,,0,1
https://openalex.org/w2553635749,https://doi.org/10.7196/sajcc.2016.v32i2.304,,,0,0
https://openalex.org/w2565825619,https://doi.org/10.1111/pde.13056,https://pubmed.ncbi.nlm.nih.gov/28025844,,0,0
https://openalex.org/w2001313503,https://doi.org/10.1136/bmj.329.7462.391,https://pubmed.ncbi.nlm.nih.gov/15310609,,0,0
https://openalex.org/w2791415704,https://doi.org/10.5505/ejm.2018.87049,,,0,0
https://openalex.org/w2137718203,https://doi.org/10.1177/070674379704200607,https://pubmed.ncbi.nlm.nih.gov/9288423,,0,0
https://openalex.org/w2130065446,https://doi.org/10.12659/msm.890935,https://pubmed.ncbi.nlm.nih.gov/25141822,,0,0
https://openalex.org/w1991165624,https://doi.org/10.1097/00004630-199701000-00007,https://pubmed.ncbi.nlm.nih.gov/9063786,,0,0
https://openalex.org/w118405704,https://doi.org/10.2165/11588460-000000000-00000,https://pubmed.ncbi.nlm.nih.gov/21417504,,0,0
https://openalex.org/w2169394566,https://doi.org/10.1002/aps.1310,,,0,0
https://openalex.org/w2244278234,https://doi.org/10.55460/pe5n-2frh,https://pubmed.ncbi.nlm.nih.gov/22707024,,0,0
https://openalex.org/w2409486860,https://doi.org/10.1024/0040-5930.58.6.372,https://pubmed.ncbi.nlm.nih.gov/11441698,,0,0
https://openalex.org/w2292820278,https://doi.org/10.1016/j.burns.2016.01.010,https://pubmed.ncbi.nlm.nih.gov/26948956,,0,0
https://openalex.org/w2416056390,,,,0,0
https://openalex.org/w1765199651,https://doi.org/10.1016/j.burns.2015.09.007,https://pubmed.ncbi.nlm.nih.gov/26432505,,0,0
https://openalex.org/w2057231336,https://doi.org/10.1001/jama.1979.03300060019019,https://pubmed.ncbi.nlm.nih.gov/448982,,0,0
https://openalex.org/w2122301544,https://doi.org/10.1002/jts.20188,https://pubmed.ncbi.nlm.nih.gov/17195976,,0,0
https://openalex.org/w2495002807,https://doi.org/10.1037/10220-019,,,0,0
https://openalex.org/w4309400340,https://doi.org/10.1016/j.burns.2022.11.003,,,0,0
https://openalex.org/w4391161310,https://doi.org/10.1377/hlthaff.2023.01041,,175-386-913-268-521,0,0
https://openalex.org/w2914002013,https://doi.org/10.1016/j.brs.2018.12.178,,,0,0
https://openalex.org/w2406913164,https://doi.org/10.1111/jan.13003,https://pubmed.ncbi.nlm.nih.gov/27189899,,0,0
https://openalex.org/w2017219860,https://doi.org/10.1038/scientificamerican0804-58,https://pubmed.ncbi.nlm.nih.gov/15298120,,0,0
https://openalex.org/w2591614642,https://doi.org/10.2527/jas2016.1250,https://pubmed.ncbi.nlm.nih.gov/28380532,,0,0
https://openalex.org/w1856166427,https://doi.org/10.1177/014107687907200512,,,0,0
https://openalex.org/w55548515,,https://pubmed.ncbi.nlm.nih.gov/25929125,,0,0
https://openalex.org/w2108900607,https://doi.org/10.1016/j.burns.2014.10.018,https://pubmed.ncbi.nlm.nih.gov/25443440,,0,0
https://openalex.org/w2151119099,https://doi.org/10.1007/s00787-014-0518-y,https://pubmed.ncbi.nlm.nih.gov/24488185,,0,1
https://openalex.org/w2002652680,https://doi.org/10.1097/00004630-200301000-00016,https://pubmed.ncbi.nlm.nih.gov/12543997,,0,1
https://openalex.org/w2766628819,https://doi.org/10.1016/j.jaac.2017.07.462,,,0,0
https://openalex.org/w4200520691,https://doi.org/10.53350/pjmhs2115113389,,,0,0
https://openalex.org/w2372280787,https://doi.org/10.1016/j.burns.2016.03.022,,,0,0
https://openalex.org/w2801452910,https://doi.org/10.1093/jbcr/iry006.194,,,0,0
https://openalex.org/w2922390988,https://doi.org/10.1093/jbcr/irz013.031,,,0,0
https://openalex.org/w2396254184,,,,0,0
https://openalex.org/w2792540734,https://doi.org/10.1177/2059513118765294,https://pubmed.ncbi.nlm.nih.gov/29873338,,0,1
https://openalex.org/w2038191910,https://doi.org/10.1097/aog.0b013e31820b07d5,https://pubmed.ncbi.nlm.nih.gov/21422856,,0,0
https://openalex.org/w2893817609,https://doi.org/10.1093/jbcr/iry048,https://pubmed.ncbi.nlm.nih.gov/30247668,,0,0
https://openalex.org/w2083633487,https://doi.org/10.1016/s0001-6918(96)00036-4,https://pubmed.ncbi.nlm.nih.gov/9112805,,0,0
https://openalex.org/w2287926472,https://doi.org/10.1177/003329419407500301,https://pubmed.ncbi.nlm.nih.gov/7892408,,1,1
https://openalex.org/w2041369959,https://doi.org/10.1097/00004630-200201000-00003,https://pubmed.ncbi.nlm.nih.gov/11803306,,0,0
https://openalex.org/w2951634232,https://doi.org/10.1093/jbcr/irz110,https://pubmed.ncbi.nlm.nih.gov/31222201,,0,0
https://openalex.org/w2604294459,https://doi.org/10.17159/2224-7912/2017/v57n1a10,,,0,0
https://openalex.org/w3177620289,https://doi.org/10.1007/s40121-021-00484-w,https://pubmed.ncbi.nlm.nih.gov/34245450,,0,0
https://openalex.org/w3000784488,https://doi.org/10.1542/peds.2019-1139,https://pubmed.ncbi.nlm.nih.gov/31969473,,0,0
https://openalex.org/w2127285315,https://doi.org/10.1016/j.burns.2014.10.028,https://pubmed.ncbi.nlm.nih.gov/25433758,,0,0
https://openalex.org/w13669308,,https://pubmed.ncbi.nlm.nih.gov/11894678,,0,0
https://openalex.org/w2025468184,https://doi.org/10.1097/00005053-199907000-00009,,,0,0
https://openalex.org/w1986639036,https://doi.org/10.1080/00207140701849536,https://pubmed.ncbi.nlm.nih.gov/18307128,,0,0
https://openalex.org/w3149527260,https://doi.org/10.1093/jbcr/irab032.259,,,0,0
https://openalex.org/w1964600853,https://doi.org/10.1002/bjs.1800650802,https://pubmed.ncbi.nlm.nih.gov/678765,,0,0
https://openalex.org/w2145141370,https://doi.org/10.1097/bcr.0b013e31815f59c4,https://pubmed.ncbi.nlm.nih.gov/18182894,,1,1
https://openalex.org/w203307751,,https://pubmed.ncbi.nlm.nih.gov/7657477,,0,0
https://openalex.org/w2754372442,https://doi.org/10.1080/03004430.2017.1369974,,,0,0
https://openalex.org/w2650736003,https://doi.org/10.1016/j.beth.2017.03.006,https://pubmed.ncbi.nlm.nih.gov/29405920,,0,0
https://openalex.org/w2298424907,,https://pubmed.ncbi.nlm.nih.gov/8091995,,0,0
https://openalex.org/w1860476086,https://doi.org/10.1002/da.22077,https://pubmed.ncbi.nlm.nih.gov/23408506,,0,0
https://openalex.org/w1983205287,https://doi.org/10.1097/00005053-200201000-00015,,,0,0
https://openalex.org/w3142523071,https://doi.org/10.1093/jbcr/irab032.095,,,0,0
https://openalex.org/w2921403193,https://doi.org/10.1093/jbcr/irz013.323,,,0,0
https://openalex.org/w2163036293,https://doi.org/10.1080/09540260701349506,https://pubmed.ncbi.nlm.nih.gov/17566906,,0,0
https://openalex.org/w1982813032,https://doi.org/10.4103/0378-6323.90943,https://pubmed.ncbi.nlm.nih.gov/22199057,,0,0
https://openalex.org/w2044608412,https://doi.org/10.1136/jramc-155-04-17,https://pubmed.ncbi.nlm.nih.gov/20397612,,0,0
https://openalex.org/w4312192574,https://doi.org/10.1080/20008066.2022.2151097,,023-987-669-715-394,1,1
https://openalex.org/w4387584791,https://doi.org/10.4314/ahs.v23i2.41,,146-858-274-686-305,0,0
https://openalex.org/w1995110972,https://doi.org/10.1016/0163-8343(83)90037-3,https://pubmed.ncbi.nlm.nih.gov/6840546,,0,0
https://openalex.org/w2977544953,https://doi.org/10.1111/crj.13067,https://pubmed.ncbi.nlm.nih.gov/31347281,,0,0
https://openalex.org/w2142277208,https://doi.org/10.1192/apt.bp.111.010041,,,0,0
https://openalex.org/w4214811564,https://doi.org/10.1016/j.bjps.2022.02.052,https://pubmed.ncbi.nlm.nih.gov/35361563,,0,0
https://openalex.org/w2998550211,https://doi.org/10.3760/cma.j.issn.1009-2587.2019.11.008,https://pubmed.ncbi.nlm.nih.gov/31775470,,0,0
https://openalex.org/w2810863043,https://doi.org/10.1007/s40653-018-0222-z,https://pubmed.ncbi.nlm.nih.gov/32318223,,0,0
https://openalex.org/w1490722989,https://doi.org/10.1089/cap.2013.0066,https://pubmed.ncbi.nlm.nih.gov/24494782,,0,1
https://openalex.org/w2006834423,https://doi.org/10.1016/j.burns.2009.06.033,,,0,0
https://openalex.org/w2143975201,https://doi.org/10.1016/j.fsc.2011.06.011,,,0,0
https://openalex.org/w2099277982,https://doi.org/10.1016/j.burns.2014.04.007,https://pubmed.ncbi.nlm.nih.gov/25037992,,0,1
https://openalex.org/w1639819032,https://doi.org/10.1186/cc1459,,091-752-508-072-113,0,0
https://openalex.org/w2084322805,https://doi.org/10.1016/s0001-7310(03)79182-0,,,0,0
https://openalex.org/w2087048968,https://doi.org/10.1159/000056222,https://pubmed.ncbi.nlm.nih.gov/11150936,,1,1
https://openalex.org/w2038885901,https://doi.org/10.1016/j.tripleo.2003.09.004,https://pubmed.ncbi.nlm.nih.gov/14716250,,0,0
https://openalex.org/w4390831010,https://doi.org/10.1016/j.burns.2023.12.016,,,1,1
https://openalex.org/w2275577892,,https://pubmed.ncbi.nlm.nih.gov/24073477,,0,0
https://openalex.org/w2126144142,https://doi.org/10.1046/j.1525-1594.2002.06944.x,https://pubmed.ncbi.nlm.nih.gov/11940025,,0,0
https://openalex.org/w4376645839,https://doi.org/10.3389/fpsyg.2023.1145184,,072-984-278-824-992,0,0
https://openalex.org/w1964629756,https://doi.org/10.1097/ta.0b013e318047e005,https://pubmed.ncbi.nlm.nih.gov/18469660,,1,1
https://openalex.org/w1496131687,https://doi.org/10.1111/j.1440-1843.2011.01923.x,https://pubmed.ncbi.nlm.nih.gov/21244570,,0,0
https://openalex.org/w2078160516,https://doi.org/10.1177/107319119900600202,,,0,0
https://openalex.org/w2794653969,https://doi.org/10.1093/jbcr/irx058,https://pubmed.ncbi.nlm.nih.gov/29618093,,0,0
https://openalex.org/w2140179787,https://doi.org/10.1111/j.1834-7819.2004.tb00072.x,https://pubmed.ncbi.nlm.nih.gov/15762340,,0,0
https://openalex.org/w1967701556,https://doi.org/10.1016/j.bpa.2011.02.007,https://pubmed.ncbi.nlm.nih.gov/21550550,,0,0
https://openalex.org/w4382700925,https://doi.org/10.1016/j.apmr.2023.06.011,,172-880-491-076-662,1,1
https://openalex.org/w2001314380,https://doi.org/10.1371/journal.pone.0082939,https://pubmed.ncbi.nlm.nih.gov/24358241,,0,0
https://openalex.org/w2443822251,,,,0,0
https://openalex.org/w1974655667,https://doi.org/10.1177/1460408612467606,,,0,0
https://openalex.org/w2035708689,https://doi.org/10.1097/nhh.0b013e31824c2892,https://pubmed.ncbi.nlm.nih.gov/22456458,,0,0
https://openalex.org/w2548424304,https://doi.org/10.1016/j.saa.2016.10.046,https://pubmed.ncbi.nlm.nih.gov/27835852,,0,0
https://openalex.org/w3012291313,https://doi.org/10.1016/j.ajp.2020.102004,https://pubmed.ncbi.nlm.nih.gov/32222645,,0,0
https://openalex.org/w2135982424,https://doi.org/10.1007/s10865-013-9545-2,https://pubmed.ncbi.nlm.nih.gov/24126570,,0,0
https://openalex.org/w1989207849,https://doi.org/10.1016/s0305-4179(02)00052-9,https://pubmed.ncbi.nlm.nih.gov/12163286,,0,0
https://openalex.org/w2802290829,https://doi.org/10.1093/jbcr/iry006.187,,,0,0
https://openalex.org/w3077621076,https://doi.org/10.1186/s40814-020-00636-8,https://pubmed.ncbi.nlm.nih.gov/32832097,,0,0
https://openalex.org/w2806132747,https://doi.org/10.1016/j.psyneuen.2018.05.037,https://pubmed.ncbi.nlm.nih.gov/29864589,,1,1
https://openalex.org/w2921170159,https://doi.org/10.1093/jbcr/irz013.127,,,0,0
https://openalex.org/w4234672143,https://doi.org/10.1093/jbcr/iry006.348,,,0,0
https://openalex.org/w1982402027,https://doi.org/10.1378/chest.1113856,,,0,0
https://openalex.org/w2467822073,https://doi.org/10.1097/bcr.0000000000000373,https://pubmed.ncbi.nlm.nih.gov/27359191,,0,0
https://openalex.org/w4298079830,https://doi.org/10.1002/pbc.26233,https://pubmed.ncbi.nlm.nih.gov/27673274,,0,0
https://openalex.org/w2023757374,https://doi.org/10.1016/j.burns.2008.07.002,https://pubmed.ncbi.nlm.nih.gov/18950944,,0,0
https://openalex.org/w1970863324,https://doi.org/10.1016/j.burns.2005.08.022,https://pubmed.ncbi.nlm.nih.gov/16448771,,0,0
https://openalex.org/w2056533865,https://doi.org/10.1016/j.jemermed.2007.10.031,,,0,0
https://openalex.org/w4237895400,https://doi.org/10.1007/978-1-4899-1076-9_13,,,0,0
https://openalex.org/w2092352124,https://doi.org/10.1097/bcr.0b013e31823359ee,https://pubmed.ncbi.nlm.nih.gov/22210057,,0,1
https://openalex.org/w2885851292,https://doi.org/10.1016/j.ijsu.2018.05.432,,,0,0
https://openalex.org/w4388410364,https://doi.org/10.1001/jama.2023.21427,,072-770-645-874-673,0,0
https://openalex.org/w2119447373,https://doi.org/10.3109/00048678609158894,,,0,0
https://openalex.org/w2073980980,https://doi.org/10.1001/archsurg.1994.01420350029002,https://pubmed.ncbi.nlm.nih.gov/7979944,,0,0
https://openalex.org/w210726695,,https://pubmed.ncbi.nlm.nih.gov/17390914,,0,0
https://openalex.org/w4224216564,https://doi.org/10.1093/jbcr/irac055,https://pubmed.ncbi.nlm.nih.gov/35452502,,0,1
https://openalex.org/w2266587755,,https://pubmed.ncbi.nlm.nih.gov/11688339,,0,0
https://openalex.org/w2970420818,https://doi.org/10.1093/jbcr/irz146,https://pubmed.ncbi.nlm.nih.gov/31504597,,0,0
https://openalex.org/w2560047049,https://doi.org/10.1037/hea0000448,https://pubmed.ncbi.nlm.nih.gov/27929329,,0,1
https://openalex.org/w2434919862,,,,0,0
https://openalex.org/w2064814037,https://doi.org/10.1111/j.1460-9592.2009.03114.x,https://pubmed.ncbi.nlm.nih.gov/19691689,,0,0
https://openalex.org/w3205314832,,,,0,0
https://openalex.org/w3139996099,https://doi.org/10.1093/jbcr/irab032.265,,,0,0
https://openalex.org/w2002523062,https://doi.org/10.1097/ajp.0000000000000086,https://pubmed.ncbi.nlm.nih.gov/25084070,,0,0
https://openalex.org/w2043547811,https://doi.org/10.1016/s0883-9417(95)80024-7,https://pubmed.ncbi.nlm.nih.gov/7668886,,0,0
https://openalex.org/w2943947745,https://doi.org/10.1093/chemse/bjz035,,,0,0
https://openalex.org/w2502247554,https://doi.org/10.1016/b978-0-323-47661-4.00065-4,,,0,0
https://openalex.org/w1979583524,https://doi.org/10.1097/00004630-200021060-00004,https://pubmed.ncbi.nlm.nih.gov/11194801,,0,0
https://openalex.org/w2505027797,https://doi.org/10.3280/pds2016-002005,,,0,0
https://openalex.org/w4200580033,https://doi.org/10.1093/jbcr/irab225,https://pubmed.ncbi.nlm.nih.gov/34922361,,0,0
https://openalex.org/w2075212236,https://doi.org/10.1097/bcr.0b013e3181a28c36,https://pubmed.ncbi.nlm.nih.gov/19349893,,0,1
https://openalex.org/w4221062610,https://doi.org/10.3389/fpsyt.2022.813103,https://pubmed.ncbi.nlm.nih.gov/35356723,,0,0
https://openalex.org/w4293065984,https://doi.org/10.1016/j.injury.2022.08.024,https://pubmed.ncbi.nlm.nih.gov/36038387,,0,0
https://openalex.org/w1977295108,https://doi.org/10.1097/mlr.0b013e3181893c64,https://pubmed.ncbi.nlm.nih.gov/19194334,,0,0
https://openalex.org/w2105413471,https://doi.org/10.1097/paf.0000000000000053,https://pubmed.ncbi.nlm.nih.gov/24141355,,0,0
https://openalex.org/w2055539585,https://doi.org/10.1016/j.jaad.2010.11.061,https://pubmed.ncbi.nlm.nih.gov/21839315,,0,0
https://openalex.org/w1509564823,,,,0,0
https://openalex.org/w2048241872,https://doi.org/10.1002/lary.20731,https://pubmed.ncbi.nlm.nih.gov/19998347,,0,0
https://openalex.org/w4367842077,https://doi.org/10.12659/ajcr.939022,,039-329-419-008-247,0,0
https://openalex.org/w2538686762,https://doi.org/10.1016/j.burns.2016.09.025,https://pubmed.ncbi.nlm.nih.gov/27756589,,0,1
https://openalex.org/w4321459113,https://doi.org/10.1080/15299732.2023.2181475,,168-915-330-539-868,0,0
https://openalex.org/w2898366855,,,,0,0
https://openalex.org/w3181735112,https://doi.org/10.1016/j.burns.2021.06.008,https://pubmed.ncbi.nlm.nih.gov/34670712,,0,0
https://openalex.org/w3139253149,https://doi.org/10.1080/20008198.2021.1909282,https://pubmed.ncbi.nlm.nih.gov/34025925,,0,1
https://openalex.org/w3029310104,https://doi.org/10.1016/j.jht.2020.04.001,https://pubmed.ncbi.nlm.nih.gov/32482376,,0,0
https://openalex.org/w3022354913,https://doi.org/10.1016/s2213-2600(20)30189-2,,,0,0
https://openalex.org/w2199658814,https://doi.org/10.4088/jcp.15f10416,,,0,0
https://openalex.org/w2105391344,https://doi.org/10.1016/s0305-4179(99)00050-9,https://pubmed.ncbi.nlm.nih.gov/10563683,,0,1
https://openalex.org/w2204602773,,https://pubmed.ncbi.nlm.nih.gov/19920328,,0,0
https://openalex.org/w2000932977,https://doi.org/10.1016/0305-4179(94)90015-9,https://pubmed.ncbi.nlm.nih.gov/7880420,,0,1
https://openalex.org/w2002056269,https://doi.org/10.1080/13638490701217362,https://pubmed.ncbi.nlm.nih.gov/17687982,,0,0
https://openalex.org/w4225383356,https://doi.org/10.1089/acu.2021.0088,,020-445-989-273-673,0,0
https://openalex.org/w4289527518,https://doi.org/10.1016/j.avsg.2022.07.002,,,0,0
https://openalex.org/w2134033451,https://doi.org/10.1016/j.jad.2015.03.026,https://pubmed.ncbi.nlm.nih.gov/25845746,,0,0
https://openalex.org/w2599620944,https://doi.org/10.1097/bcr.0000000000000525,https://pubmed.ncbi.nlm.nih.gov/28328656,,1,1
https://openalex.org/w2792172828,https://doi.org/10.1097/ajp.0000000000000599,https://pubmed.ncbi.nlm.nih.gov/29485536,,0,0
https://openalex.org/w4281766461,https://doi.org/10.1016/j.burns.2022.05.021,,,0,0
https://openalex.org/w4280613754,https://doi.org/10.1177/21650799221090712,https://pubmed.ncbi.nlm.nih.gov/35574928,,0,0
https://openalex.org/w2409520994,,,,0,0
https://openalex.org/w1548641432,,https://pubmed.ncbi.nlm.nih.gov/240877,,0,0
https://openalex.org/w2167521387,https://doi.org/10.1371/journal.pone.0005523,https://pubmed.ncbi.nlm.nih.gov/19436750,,0,0
https://openalex.org/w2147193884,https://doi.org/10.1016/s0305-4179(02)00064-5,https://pubmed.ncbi.nlm.nih.gov/12220912,,0,0
https://openalex.org/w2047642229,https://doi.org/10.1080/01612840590915685,https://pubmed.ncbi.nlm.nih.gov/16020048,,0,0
https://openalex.org/w2101620552,https://doi.org/10.1521/suli.2007.37.5.576,https://pubmed.ncbi.nlm.nih.gov/17967124,,0,0
https://openalex.org/w2051707943,https://doi.org/10.1007/s00421-013-2591-1,https://pubmed.ncbi.nlm.nih.gov/23430237,,0,0
https://openalex.org/w3161860041,https://doi.org/10.1093/jbcr/irab077,https://pubmed.ncbi.nlm.nih.gov/33970253,,0,1
https://openalex.org/w2744553029,https://doi.org/10.1016/j.burns.2017.06.004,https://pubmed.ncbi.nlm.nih.gov/28784344,,0,0
https://openalex.org/w2771041313,https://doi.org/10.1186/s12905-017-0468-x,https://pubmed.ncbi.nlm.nih.gov/29145858,,0,0
https://openalex.org/w4401255869,https://doi.org/10.5040/9798216027379.0024,,,0,0
https://openalex.org/w2418972220,,,,0,0
https://openalex.org/w2809667705,https://doi.org/10.1093/milmed/usy147,https://pubmed.ncbi.nlm.nih.gov/29931192,,0,0
https://openalex.org/w2285913215,,https://pubmed.ncbi.nlm.nih.gov/8231700,,0,0
https://openalex.org/w2258675681,https://doi.org/10.26719/2014.20.10.643,https://pubmed.ncbi.nlm.nih.gov/25356696,,0,0
https://openalex.org/w4206945549,https://doi.org/10.1016/j.genhosppsych.2022.01.007,https://pubmed.ncbi.nlm.nih.gov/35085876,,1,1
https://openalex.org/w2090013910,https://doi.org/10.1097/scs.0b013e3181abb25f,https://pubmed.ncbi.nlm.nih.gov/19634213,,0,0
https://openalex.org/w1995810168,https://doi.org/10.1016/s0305-4179(97)00083-1,https://pubmed.ncbi.nlm.nih.gov/9568322,,1,1
https://openalex.org/w2055031591,https://doi.org/10.1097/01.bcr.0000238092.57817.7a,https://pubmed.ncbi.nlm.nih.gov/16998407,,0,1
https://openalex.org/w4385336350,https://doi.org/10.1016/j.pmr.2023.06.020,,,0,0
https://openalex.org/w4376603325,https://doi.org/10.1093/jbcr/irad045.001,,007-667-746-405-355,0,0
https://openalex.org/w1989065458,https://doi.org/10.14713/pcsp.v6i4.1054,,,0,0
https://openalex.org/w2035004661,https://doi.org/10.1016/j.burns.2008.01.016,https://pubmed.ncbi.nlm.nih.gov/18511201,,0,0
https://openalex.org/w2045100173,https://doi.org/10.1097/bcr.0b013e31817112b0,https://pubmed.ncbi.nlm.nih.gov/18388565,,0,0
https://openalex.org/w1965173656,https://doi.org/10.1097/ta.0b013e3181a8b326,https://pubmed.ncbi.nlm.nih.gov/20065775,,0,0
https://openalex.org/w4380291904,https://doi.org/10.12968/jowc.2023.32.sup6a.cx,,095-226-743-416-356,0,0
https://openalex.org/w1641264182,https://doi.org/10.1016/j.apnu.2015.08.010,https://pubmed.ncbi.nlm.nih.gov/26992869,,0,0
https://openalex.org/w4294124718,https://doi.org/10.1097/ta.0000000000003781,,175-991-004-338-700,0,0
https://openalex.org/w2063644444,https://doi.org/10.1002/da.20439,https://pubmed.ncbi.nlm.nih.gov/19170120,,0,0
https://openalex.org/w2727404755,https://doi.org/10.1093/oxfordhb/9780195399325.013.0021,,,0,0
https://openalex.org/w2970481013,https://doi.org/10.1164/ajrccm-conference.2019.199.1_meetingabstracts.a1817,,,0,0
https://openalex.org/w2270679296,,https://pubmed.ncbi.nlm.nih.gov/15984181,,0,0
https://openalex.org/w3147685924,https://doi.org/10.1093/jbcr/irab032.013,,,0,0
https://openalex.org/w4212975886,https://doi.org/10.1097/bcr.0b013e3182109aea,,,0,0
https://openalex.org/w2039809839,https://doi.org/10.1097/00004583-199907000-00018,https://pubmed.ncbi.nlm.nih.gov/10405506,,0,0
https://openalex.org/w2088957590,https://doi.org/10.1016/j.burns.2013.12.026,,,0,0
https://openalex.org/w2052126256,https://doi.org/10.1097/00004630-199411000-00009,https://pubmed.ncbi.nlm.nih.gov/7852455,,0,0
https://openalex.org/w2011703125,https://doi.org/10.1097/psy.0b013e31806bf393,https://pubmed.ncbi.nlm.nih.gov/17585064,,0,0
https://openalex.org/w2122690514,https://doi.org/10.1007/s00404-008-0825-y,https://pubmed.ncbi.nlm.nih.gov/18979113,,0,0
https://openalex.org/w4297249997,https://doi.org/10.1016/j.toxlet.2022.09.006,https://pubmed.ncbi.nlm.nih.gov/36122649,,0,0
https://openalex.org/w4285740487,https://doi.org/10.1155/2022/5004282,https://pubmed.ncbi.nlm.nih.gov/35722456,,0,0
https://openalex.org/w4382814409,https://doi.org/10.3390/brainsci13071010,,011-530-049-287-303,0,0
https://openalex.org/w2150246789,https://doi.org/10.1093/hsw/8.2.97,https://pubmed.ncbi.nlm.nih.gov/6884879,,0,0
https://openalex.org/w2298232277,https://doi.org/10.1177/104012371302500302,https://pubmed.ncbi.nlm.nih.gov/23638449,,0,0
https://openalex.org/w2024458988,https://doi.org/10.1016/j.apmr.2007.10.017,https://pubmed.ncbi.nlm.nih.gov/18164350,,0,0
https://openalex.org/w4248126347,https://doi.org/10.1186/s12919-020-00185-1,,,0,0
https://openalex.org/w3010985485,https://doi.org/10.1186/s40779-020-00237-9,https://pubmed.ncbi.nlm.nih.gov/32102691,,0,0
https://openalex.org/w1883377757,https://doi.org/10.1186/s41038-015-0012-x,https://pubmed.ncbi.nlm.nih.gov/27574658,,0,0
https://openalex.org/w2143264596,https://doi.org/10.1016/j.jad.2010.10.017,https://pubmed.ncbi.nlm.nih.gov/21051088,,0,0
https://openalex.org/w2020006638,https://doi.org/10.1097/00004630-198503000-00015,https://pubmed.ncbi.nlm.nih.gov/3916424,,0,0
https://openalex.org/w2911446903,https://doi.org/10.1177/2165079918813380,https://pubmed.ncbi.nlm.nih.gov/30724664,,0,0
https://openalex.org/w4321483491,https://doi.org/10.1016/j.burns.2023.02.005,,120-009-433-097-859,0,0
https://openalex.org/w2766530964,https://doi.org/10.1016/j.apmr.2017.10.008,https://pubmed.ncbi.nlm.nih.gov/29097180,,0,0
https://openalex.org/w2140447700,https://doi.org/10.1520/jfs2004078,https://pubmed.ncbi.nlm.nih.gov/15461111,,0,0
https://openalex.org/w2073057339,https://doi.org/10.1097/bcr.0b013e318093e470,,,0,0
https://openalex.org/w4224288235,https://doi.org/10.3390/ebj3020026,,154-818-227-515-048,0,0
https://openalex.org/w2774786540,https://doi.org/10.1016/j.apmr.2017.11.007,https://pubmed.ncbi.nlm.nih.gov/29258837,,0,0
https://openalex.org/w2069881231,https://doi.org/10.1097/01.bcr.0000226019.76946.5d,https://pubmed.ncbi.nlm.nih.gov/16819359,,0,0
https://openalex.org/w2951950297,https://doi.org/10.1016/j.burns.2019.03.018,https://pubmed.ncbi.nlm.nih.gov/31230799,,0,0
https://openalex.org/w3012354877,https://doi.org/10.1016/j.burns.2020.01.011,https://pubmed.ncbi.nlm.nih.gov/32192867,,0,0
https://openalex.org/w2030404867,https://doi.org/10.1016/j.forsciint.2003.07.008,https://pubmed.ncbi.nlm.nih.gov/14609648,,0,0
https://openalex.org/w3126956033,https://doi.org/10.1111/nmo.14092,https://pubmed.ncbi.nlm.nih.gov/33550640,,0,0
https://openalex.org/w1978076818,https://doi.org/10.1097/00004630-199805000-00010,https://pubmed.ncbi.nlm.nih.gov/9622469,,0,0
https://openalex.org/w1999822825,https://doi.org/10.1016/j.burns.2013.01.009,https://pubmed.ncbi.nlm.nih.gov/23465789,,0,1
https://openalex.org/w2054031190,https://doi.org/10.1016/s0272-7358(03)00036-9,https://pubmed.ncbi.nlm.nih.gov/12788111,,0,0
https://openalex.org/w1978247196,https://doi.org/10.1097/bcr.0000000000000030,https://pubmed.ncbi.nlm.nih.gov/25144806,,0,1
https://openalex.org/w3135684421,https://doi.org/10.1136/bmjstel-2020-000799,https://pubmed.ncbi.nlm.nih.gov/35515748,,0,0
https://openalex.org/w2011814641,https://doi.org/10.1016/j.cppeds.2015.02.001,https://pubmed.ncbi.nlm.nih.gov/25771266,,0,0
https://openalex.org/w2794087832,https://doi.org/10.1016/j.apmr.2018.01.029,https://pubmed.ncbi.nlm.nih.gov/29501455,,1,1
https://openalex.org/w1977422416,https://doi.org/10.1097/00004630-199909000-00017,https://pubmed.ncbi.nlm.nih.gov/10501332,,0,1
https://openalex.org/w4229709928,https://doi.org/10.1056/nejm197310042891441,,,0,0
https://openalex.org/w1976025977,https://doi.org/10.1016/j.ijnurstu.2012.06.011,https://pubmed.ncbi.nlm.nih.gov/22795907,,0,0
https://openalex.org/w2003329172,https://doi.org/10.1097/bcr.0000000000000152,https://pubmed.ncbi.nlm.nih.gov/25162945,,1,1
https://openalex.org/w2810895689,https://doi.org/10.1093/ehjcr/yty068,https://pubmed.ncbi.nlm.nih.gov/31020151,,0,0
https://openalex.org/w2947850059,https://doi.org/10.1016/j.burns.2019.03.011,https://pubmed.ncbi.nlm.nih.gov/31160134,,0,1
https://openalex.org/w2005092263,https://doi.org/10.1097/scs.0b013e318175b4c9,https://pubmed.ncbi.nlm.nih.gov/18650704,,0,0
https://openalex.org/w2048153434,https://doi.org/10.1080/00207149708416139,https://pubmed.ncbi.nlm.nih.gov/9308266,,0,0
https://openalex.org/w2801432531,https://doi.org/10.1007/s11999.0000000000000221,,,0,0
https://openalex.org/w3152020932,https://doi.org/10.1093/jbcr/irab032.009,,,0,0
https://openalex.org/w2057896786,https://doi.org/10.1136/jech.48.6.560,https://pubmed.ncbi.nlm.nih.gov/7830010,,0,0
https://openalex.org/w2083704449,https://doi.org/10.1016/s0165-1781(00)00179-7,https://pubmed.ncbi.nlm.nih.gov/10974364,,0,0
https://openalex.org/w2072831035,https://doi.org/10.1016/j.cpr.2012.12.006,https://pubmed.ncbi.nlm.nih.gov/23410718,,0,0
https://openalex.org/w2473218073,https://doi.org/10.5958/0974-1283.2016.00072.4,,,0,0
https://openalex.org/w2797161732,https://doi.org/10.1093/jbcr/iry006.313,,,0,0
https://openalex.org/w2019377947,https://doi.org/10.1016/j.jpedsurg.2012.08.018,https://pubmed.ncbi.nlm.nih.gov/23480923,,0,0
https://openalex.org/w3139829185,,,,0,0
https://openalex.org/w2557146576,https://doi.org/10.1136/annrheumdis-2016-eular.3428,,,0,0
https://openalex.org/w2810864124,https://doi.org/10.3390/nu10080974,https://pubmed.ncbi.nlm.nih.gov/30060468,,0,0
https://openalex.org/w2167872672,https://doi.org/10.1016/j.burns.2007.01.012,,,0,0
https://openalex.org/w4296681142,https://doi.org/10.1111/jocd.15401,,187-994-169-552-448,0,0
https://openalex.org/w2794235825,https://doi.org/10.1016/j.burns.2017.12.013,https://pubmed.ncbi.nlm.nih.gov/29395407,,0,0
https://openalex.org/w4242082753,https://doi.org/10.1016/j.apmr.2008.02.032,https://pubmed.ncbi.nlm.nih.gov/18929018,,0,0
https://openalex.org/w4320016813,https://doi.org/10.37897/rmj.2022.4.5,,189-938-424-839-646,0,0
https://openalex.org/w2792870501,https://doi.org/10.1016/j.burns.2017.12.011,https://pubmed.ncbi.nlm.nih.gov/29395409,,0,0
https://openalex.org/w2000875248,https://doi.org/10.1016/j.burns.2011.12.027,https://pubmed.ncbi.nlm.nih.gov/22360952,,0,0
https://openalex.org/w2106174667,https://doi.org/10.1016/j.burns.2011.01.017,https://pubmed.ncbi.nlm.nih.gov/21621330,,0,0
https://openalex.org/w3027721872,https://doi.org/10.1111/iwj.13405,https://pubmed.ncbi.nlm.nih.gov/32445271,,0,0
https://openalex.org/w2166346077,https://doi.org/10.1080/03655230600895531,https://pubmed.ncbi.nlm.nih.gov/17114144,,0,0
https://openalex.org/w2920031159,https://doi.org/10.5812/ijpbs.66124,,,0,0
https://openalex.org/w3177249281,https://doi.org/10.3390/ijerph18136991,https://pubmed.ncbi.nlm.nih.gov/34208824,,0,0
https://openalex.org/w4280589902,https://doi.org/10.1037/fsh0000703,https://pubmed.ncbi.nlm.nih.gov/35549488,,0,1
https://openalex.org/w2134178055,https://doi.org/10.1016/s0165-0327(00)00173-7,https://pubmed.ncbi.nlm.nih.gov/11246087,,0,0
https://openalex.org/w2195588800,https://doi.org/10.1016/j.burns.2015.09.017,https://pubmed.ncbi.nlm.nih.gov/26507519,,0,0
https://openalex.org/w2342781068,https://doi.org/10.1186/s13063-016-1346-9,https://pubmed.ncbi.nlm.nih.gov/27129580,,0,0
https://openalex.org/w2165146828,https://doi.org/10.3389/fneur.2014.00086,https://pubmed.ncbi.nlm.nih.gov/24917849,,0,1
https://openalex.org/w2041179941,https://doi.org/10.1016/s0924-977x(10)70810-5,,,0,0
https://openalex.org/w1544451008,https://doi.org/10.1016/j.burns.2013.11.024,https://pubmed.ncbi.nlm.nih.gov/24360745,,0,0
https://openalex.org/w2595335124,https://doi.org/10.1093/jpepsy/jsx059,https://pubmed.ncbi.nlm.nih.gov/28340168,,0,1
https://openalex.org/w1971430483,https://doi.org/10.1097/ta.0b013e3182ab111c,https://pubmed.ncbi.nlm.nih.gov/24553556,,0,1
https://openalex.org/w2047008302,https://doi.org/10.1016/s0305-4179(98)00030-8,https://pubmed.ncbi.nlm.nih.gov/9688191,,1,1
https://openalex.org/w2418137654,,https://pubmed.ncbi.nlm.nih.gov/660964,,0,0
https://openalex.org/w2088997981,https://doi.org/10.1080/00754179108256731,,,0,0
https://openalex.org/w2257536566,,,,0,0
https://openalex.org/w2086890995,https://doi.org/10.1097/ta.0b013e3182199072,https://pubmed.ncbi.nlm.nih.gov/22439227,,1,1
https://openalex.org/w1966208067,https://doi.org/10.1186/1752-4458-4-16,https://pubmed.ncbi.nlm.nih.gov/20565852,,0,0
https://openalex.org/w2986256785,https://doi.org/10.1016/j.burns.2019.10.017,https://pubmed.ncbi.nlm.nih.gov/31711801,,0,0
https://openalex.org/w3132151160,https://doi.org/10.1016/j.jpsychires.2021.02.026,https://pubmed.ncbi.nlm.nih.gov/33652327,,0,0
https://openalex.org/w2162454023,https://doi.org/10.1017/s0033291706009093,https://pubmed.ncbi.nlm.nih.gov/17254364,,0,0
https://openalex.org/w2116377479,https://doi.org/10.1016/j.jval.2015.04.011,https://pubmed.ncbi.nlm.nih.gov/26297091,,0,0
https://openalex.org/w2104778962,https://doi.org/10.2466/pr0.1998.83.1.331,https://pubmed.ncbi.nlm.nih.gov/9775690,,0,1
https://openalex.org/w2255954770,https://doi.org/10.1213/01.ane.0000403380.73932.6a,https://pubmed.ncbi.nlm.nih.gov/21772045,,0,0
https://openalex.org/w4294904083,https://doi.org/10.1016/j.burns.2022.09.001,,,0,0
https://openalex.org/w2933524408,https://doi.org/10.5505/ejm.2019.10337,,,0,1
https://openalex.org/w2444167008,https://doi.org/10.1055/s-0033-1343426,https://pubmed.ncbi.nlm.nih.gov/23839588,,0,0
https://openalex.org/w1978278391,https://doi.org/10.1016/j.genhosppsych.2010.01.009,https://pubmed.ncbi.nlm.nih.gov/20430237,,0,0
https://openalex.org/w2414590654,,,,0,0
https://openalex.org/w4361303217,https://doi.org/10.2463/mrms.mp.2022-0099,,103-282-778-506-436,0,0
https://openalex.org/w1972504908,https://doi.org/10.1016/j.forsciint.2014.08.037,https://pubmed.ncbi.nlm.nih.gov/25238969,,0,0
https://openalex.org/w4319294067,https://doi.org/10.1097/aco.0000000000001237,,157-147-322-253-933,0,0
https://openalex.org/w3043119477,https://doi.org/10.1016/j.jsr.2020.06.002,https://pubmed.ncbi.nlm.nih.gov/32951785,,0,0
https://openalex.org/w2801587481,https://doi.org/10.1016/j.pmn.2018.02.012,,,0,0
https://openalex.org/w2116360131,https://doi.org/10.1192/bjp.171.1.78,https://pubmed.ncbi.nlm.nih.gov/9328501,,0,0
https://openalex.org/w2807455300,https://doi.org/10.1097/bcr.0000000000000567,https://pubmed.ncbi.nlm.nih.gov/28481759,,0,0
https://openalex.org/w2336456912,https://doi.org/10.3402/ejpt.v7.30165,https://pubmed.ncbi.nlm.nih.gov/27098450,,0,1
https://openalex.org/w2934693490,https://doi.org/10.1093/jbcr/irz051,https://pubmed.ncbi.nlm.nih.gov/30942875,,1,1
https://openalex.org/w4376603355,https://doi.org/10.1093/jbcr/irad045.242,,037-625-447-316-101,0,0
https://openalex.org/w2009866752,https://doi.org/10.1097/00004630-198607000-00025,,,0,0
https://openalex.org/w3089363341,https://doi.org/10.1016/j.burns.2020.09.008,https://pubmed.ncbi.nlm.nih.gov/33268159,,0,1
https://openalex.org/w3016383410,https://doi.org/10.1007/s00787-020-01533-4,https://pubmed.ncbi.nlm.nih.gov/32318877,,0,0
https://openalex.org/w2796969473,https://doi.org/10.1093/jbcr/iry006.370,,,0,0
https://openalex.org/w4380577162,https://doi.org/10.1097/pxr.0000000000000248,,046-442-792-103-689,0,0
https://openalex.org/w1644946888,,https://pubmed.ncbi.nlm.nih.gov/3641906,,0,0
https://openalex.org/w2915722122,https://doi.org/10.1097/bcr.0000000000000163,https://pubmed.ncbi.nlm.nih.gov/25094008,,0,0
https://openalex.org/w2404665451,https://doi.org/10.1016/j.burns.2016.03.016,https://pubmed.ncbi.nlm.nih.gov/27237124,,0,1
https://openalex.org/w4294350677,https://doi.org/10.1002/art.39977,https://pubmed.ncbi.nlm.nih.gov/27870508,,0,0
https://openalex.org/w4391847611,https://doi.org/10.1371/journal.pone.0294237,,122-833-077-483-419,0,0
https://openalex.org/w2069672963,https://doi.org/10.1097/00004630-199005000-00002,https://pubmed.ncbi.nlm.nih.gov/2373725,,1,1
https://openalex.org/w4244398254,https://doi.org/10.1097/shk.0000000000000377,,,0,0
https://openalex.org/w4251012063,https://doi.org/10.1192/bjp.171.6.582b,,019-022-897-500-867,0,0
https://openalex.org/w2005239856,https://doi.org/10.1016/0305-4179(83)90055-4,https://pubmed.ncbi.nlm.nih.gov/6850385,,0,0
https://openalex.org/w2330204885,https://doi.org/10.2307/3469878,,062-247-219-381-439,0,0
https://openalex.org/w2347049748,https://doi.org/10.6224/jn.63.1.36,https://pubmed.ncbi.nlm.nih.gov/26813061,,0,0
https://openalex.org/w2332971659,https://doi.org/10.1097/ta.0b013e3182a6862b,https://pubmed.ncbi.nlm.nih.gov/24158196,,0,0
https://openalex.org/w2281304498,,https://pubmed.ncbi.nlm.nih.gov/6150638,,0,0
https://openalex.org/w2966736259,https://doi.org/10.3389/fphar.2019.00994,,,0,0
https://openalex.org/w2061797107,https://doi.org/10.2174/092986709787581770,https://pubmed.ncbi.nlm.nih.gov/19275613,,0,0
https://openalex.org/w4220847585,https://doi.org/10.1093/jbcr/irac012.083,,,0,0
https://openalex.org/w3093503783,https://doi.org/10.1038/s41598-020-75321-0,https://pubmed.ncbi.nlm.nih.gov/33097799,,0,0
https://openalex.org/w4239695663,https://doi.org/10.1093/jbcr/irz013,,,0,0
https://openalex.org/w2415629734,,,,0,0
https://openalex.org/w2257040392,https://doi.org/10.1055/s-0035-1559719,https://pubmed.ncbi.nlm.nih.gov/26625333,,0,0
https://openalex.org/w2070830733,https://doi.org/10.1142/s0218810402001242,https://pubmed.ncbi.nlm.nih.gov/12596286,,0,0
https://openalex.org/w2888777463,https://doi.org/10.1097/der.0000000000000406,https://pubmed.ncbi.nlm.nih.gov/30179978,,0,0
https://openalex.org/w4287592801,https://doi.org/10.3760/cma.j.cn501120-20200623-00321,https://pubmed.ncbi.nlm.nih.gov/33238680,,0,0
https://openalex.org/w2008253222,https://doi.org/10.1097/00004630-198905000-00010,https://pubmed.ncbi.nlm.nih.gov/2745501,,0,0
https://openalex.org/w3214422437,https://doi.org/10.1080/00185868.2021.2002220,,050-006-494-070-886,0,0
https://openalex.org/w2914137773,https://doi.org/10.1016/j.apmr.2018.11.027,https://pubmed.ncbi.nlm.nih.gov/30776324,,0,0
https://openalex.org/w2301435148,,,,0,0
https://openalex.org/w1988190742,https://doi.org/10.1016/s0305-4179(88)80012-3,https://pubmed.ncbi.nlm.nih.gov/2907978,,0,0
https://openalex.org/w2478981250,https://doi.org/10.1016/b978-0-12-374934-5.00049-0,,,0,0
https://openalex.org/w2062595633,https://doi.org/10.1097/01.chi.0000046887.27264.f3,https://pubmed.ncbi.nlm.nih.gov/12874500,,0,1
https://openalex.org/w2011185900,https://doi.org/10.1016/s0305-4179(98)00098-9,https://pubmed.ncbi.nlm.nih.gov/9915675,,1,1
https://openalex.org/w2798184409,https://doi.org/10.1093/jbcr/irz014,https://pubmed.ncbi.nlm.nih.gov/30873544,,0,0
https://openalex.org/w2541538909,https://doi.org/10.1371/currents.dis.7c70f66c1e6c5f41b43c797cb2a04793,https://pubmed.ncbi.nlm.nih.gov/28042514,,0,0
https://openalex.org/w2500860822,,https://pubmed.ncbi.nlm.nih.gov/27351053,,0,0
https://openalex.org/w3147705711,https://doi.org/10.1093/jbcr/irab032.229,,,0,0
https://openalex.org/w4292352711,https://doi.org/10.3109/02699052.2012.660091,https://pubmed.ncbi.nlm.nih.gov/22494176,,0,0
https://openalex.org/w1998494229,https://doi.org/10.7182/pit2014595,https://pubmed.ncbi.nlm.nih.gov/25193731,,0,0
https://openalex.org/w4242507043,https://doi.org/10.1111/myc.12975,,,0,0
https://openalex.org/w4379470998,https://doi.org/10.1186/s12887-023-04105-y,,036-255-051-724-393,0,0
https://openalex.org/w2171779304,https://doi.org/10.1002/jts.2490060205,,,0,0
https://openalex.org/w4230184452,https://doi.org/10.4324/9780203126707-16,,,0,0
https://openalex.org/w4304813445,https://doi.org/10.3389/fmed.2022.997183,https://pubmed.ncbi.nlm.nih.gov/36314001,,1,1
https://openalex.org/w2040056361,https://doi.org/10.1300/j229v06n02_10,https://pubmed.ncbi.nlm.nih.gov/16150673,,0,0
https://openalex.org/w2995980744,https://doi.org/10.5380/psi.v23i3.61182,,,0,0
https://openalex.org/w4304588510,https://doi.org/10.1155/2022/3374780,,190-843-539-626-978,0,0
https://openalex.org/w2253637440,https://doi.org/10.5435/00124635-200600001-00007,https://pubmed.ncbi.nlm.nih.gov/17003203,,0,0
https://openalex.org/w2008464706,https://doi.org/10.1111/j.1600-0447.1989.tb05259.x,https://pubmed.ncbi.nlm.nih.gov/2624139,,0,1
https://openalex.org/w2240591274,,https://pubmed.ncbi.nlm.nih.gov/9810202,,0,0
https://openalex.org/w2967899445,https://doi.org/10.1016/j.bjps.2019.07.015,https://pubmed.ncbi.nlm.nih.gov/31481319,,0,0
https://openalex.org/w2033267435,https://doi.org/10.1097/00003246-199008000-00027,,,0,0
https://openalex.org/w3096947406,https://doi.org/10.4088/pcc.20l02796,,006-948-336-916-907,0,0
https://openalex.org/w2133643561,https://doi.org/10.1016/j.burns.2015.02.005,https://pubmed.ncbi.nlm.nih.gov/26088146,,0,0
https://openalex.org/w4220671816,https://doi.org/10.1038/s41598-022-08742-8,https://pubmed.ncbi.nlm.nih.gov/35338171,,0,0
https://openalex.org/w2037882948,https://doi.org/10.1159/000066032,https://pubmed.ncbi.nlm.nih.gov/12232494,,0,0
https://openalex.org/w2804480806,https://doi.org/10.3390/ijerph15050992,https://pubmed.ncbi.nlm.nih.gov/29762485,,0,0
https://openalex.org/w2920866704,https://doi.org/10.1093/jbcr/irz013.326,,,0,0
https://openalex.org/w2003478143,https://doi.org/10.1111/j.1440-1800.1996.tb00051.x,,,0,0
https://openalex.org/w2977255849,https://doi.org/10.6705/j.jacme.201909_9(3).0001,,,0,0
https://openalex.org/w3154861619,https://doi.org/10.23750/abm.v92is2.11411,https://pubmed.ncbi.nlm.nih.gov/33855986,,0,0
https://openalex.org/w2746746181,https://doi.org/10.21659/rupkatha.v9n2.05,,,0,0
https://openalex.org/w4388931966,https://doi.org/10.1007/s10570-023-05602-0,,,0,0
https://openalex.org/w2801608540,https://doi.org/10.1093/jbcr/iry006.193,,,0,0
https://openalex.org/w1957522051,https://doi.org/10.1016/j.burns.2015.06.010,https://pubmed.ncbi.nlm.nih.gov/26188889,,1,1
https://openalex.org/w3082800191,https://doi.org/10.1096/fj.202001157r,https://pubmed.ncbi.nlm.nih.gov/32856341,,0,0
https://openalex.org/w2123380021,https://doi.org/10.1520/jfs15210j,https://pubmed.ncbi.nlm.nih.gov/12064636,,0,0
https://openalex.org/w1996341717,https://doi.org/10.1016/j.jpsychores.2013.03.023,,,0,0
https://openalex.org/w3084988045,https://doi.org/10.1145/3410404.3414236,,,0,0
https://openalex.org/w1523269124,,,,0,0
https://openalex.org/w2436437582,,https://pubmed.ncbi.nlm.nih.gov/3064849,,0,0
https://openalex.org/w2065341366,https://doi.org/10.1097/00005373-199911000-00009,https://pubmed.ncbi.nlm.nih.gov/10568714,,0,0
https://openalex.org/w1537415458,https://doi.org/10.1002/jts.22025,https://pubmed.ncbi.nlm.nih.gov/26271018,,0,0
https://openalex.org/w4306871297,https://doi.org/10.1111/pde.15163,https://pubmed.ncbi.nlm.nih.gov/36263904,,0,0
https://openalex.org/w3014433141,https://doi.org/10.1016/j.jelectrocard.2020.04.001,https://pubmed.ncbi.nlm.nih.gov/32304902,,0,0
https://openalex.org/w4360982552,https://doi.org/10.1007/978-981-19-2856-7_20,,090-001-364-344-840,0,0
https://openalex.org/w3004182078,https://doi.org/10.1093/jbcr/irz163,,,0,0
https://openalex.org/w1987805232,https://doi.org/10.1046/j.1365-2702.2001.00496.x,,,0,0
https://openalex.org/w1537669413,https://doi.org/10.1111/j.1600-0625.2010.01105.x,https://pubmed.ncbi.nlm.nih.gov/20629737,,0,0
https://openalex.org/w2397181540,,https://pubmed.ncbi.nlm.nih.gov/884653,,0,0
https://openalex.org/w2236288844,https://doi.org/10.1016/j.burns.2015.05.026,,,0,0
https://openalex.org/w3035976035,https://doi.org/10.1016/j.burns.2020.06.005,https://pubmed.ncbi.nlm.nih.gov/33293156,,0,0
https://openalex.org/w2466286775,,https://pubmed.ncbi.nlm.nih.gov/6096196,,0,0
https://openalex.org/w3135335062,https://doi.org/10.1097/nmd.0000000000001316,https://pubmed.ncbi.nlm.nih.gov/33660688,,0,0
https://openalex.org/w3036430093,https://doi.org/10.1088/1755-1315/504/1/012011,,,0,0
https://openalex.org/w2062926492,https://doi.org/10.1097/bcr.0b013e318184812e,https://pubmed.ncbi.nlm.nih.gov/18695617,,0,0
https://openalex.org/w2792833826,https://doi.org/10.1038/s41598-018-22072-8,https://pubmed.ncbi.nlm.nih.gov/29483557,,0,0
https://openalex.org/w3097515077,https://doi.org/10.1007/s40719-020-00203-9,,,0,0
https://openalex.org/w2315223247,https://doi.org/10.1097/00006842-200007000-00017,https://pubmed.ncbi.nlm.nih.gov/10949104,,1,1
https://openalex.org/w1968560433,https://doi.org/10.1007/s10286-013-0197-7,https://pubmed.ncbi.nlm.nih.gov/23761114,,0,0
https://openalex.org/w2070887422,https://doi.org/10.1016/s1624-5687(06)71139-8,,,0,0
https://openalex.org/w2413622526,,https://pubmed.ncbi.nlm.nih.gov/25326989,,0,0
https://openalex.org/w1913872424,https://doi.org/10.1097/bcr.0000000000000474,https://pubmed.ncbi.nlm.nih.gov/27893571,,0,0
https://openalex.org/w3186256316,https://doi.org/10.1016/j.crtox.2021.07.001,https://pubmed.ncbi.nlm.nih.gov/34345867,,0,0
https://openalex.org/w3113082075,https://doi.org/10.3389/fncel.2020.610342,https://pubmed.ncbi.nlm.nih.gov/33362474,,0,0
https://openalex.org/w2898413601,https://doi.org/10.1093/jpepsy/jsy079,https://pubmed.ncbi.nlm.nih.gov/30357372,,0,1
https://openalex.org/w2131788698,https://doi.org/10.1016/j.injury.2004.06.013,https://pubmed.ncbi.nlm.nih.gov/15755433,,0,0
https://openalex.org/w2912294681,https://doi.org/10.1016/j.jpainsymman.2018.12.100,,,0,0
https://openalex.org/w2152597569,https://doi.org/10.1176/ajp.150.8.1276-a,https://pubmed.ncbi.nlm.nih.gov/8328588,,0,0
https://openalex.org/w2970647657,https://doi.org/10.1159/000502467,https://pubmed.ncbi.nlm.nih.gov/31473742,,0,0
https://openalex.org/w2041152251,https://doi.org/10.1055/s-2004-830108,https://pubmed.ncbi.nlm.nih.gov/15806438,,0,0
https://openalex.org/w2075829833,https://doi.org/10.1097/01.bcr.0000238094.33426.0d,https://pubmed.ncbi.nlm.nih.gov/16998408,,1,1
https://openalex.org/w2093621082,https://doi.org/10.1177/0886260507313975,https://pubmed.ncbi.nlm.nih.gov/18292399,,0,0
https://openalex.org/w2103283212,https://doi.org/10.1016/s0305-4179(98)00049-7,https://pubmed.ncbi.nlm.nih.gov/9725679,,0,1
https://openalex.org/w2527398000,,,,0,0
https://openalex.org/w4243219963,https://doi.org/10.1097/htr.0b013e3182690d04,,,0,0
https://openalex.org/w2049253978,https://doi.org/10.1016/j.burns.2014.07.001,https://pubmed.ncbi.nlm.nih.gov/25234955,,1,1
https://openalex.org/w3125618832,https://doi.org/10.1093/jbcr/irab009,https://pubmed.ncbi.nlm.nih.gov/33484246,,0,0
https://openalex.org/w4230270368,https://doi.org/10.1007/978-1-4757-9389-5_3,,,0,0
https://openalex.org/w3191603029,https://doi.org/10.1093/jbcr/irab154,https://pubmed.ncbi.nlm.nih.gov/34358305,,0,0
https://openalex.org/w4224982582,https://doi.org/10.1016/j.jaclp.2022.04.004,,006-776-466-623-987,0,0
https://openalex.org/w2075816094,https://doi.org/10.1097/00005053-199912000-00008,,,0,0
https://openalex.org/w2092589211,https://doi.org/10.1080/13548500701352701,https://pubmed.ncbi.nlm.nih.gov/18350460,,0,0
https://openalex.org/w52174142,https://doi.org/10.1177/000313480507100307,https://pubmed.ncbi.nlm.nih.gov/15869134,,0,0
https://openalex.org/w1965200066,https://doi.org/10.1097/bcr.0b013e31820aadbf,https://pubmed.ncbi.nlm.nih.gov/21252691,,0,0
https://openalex.org/w4386156056,https://doi.org/10.1093/jbcr/irad129,,073-787-840-786-756,0,0
https://openalex.org/w2109672874,https://doi.org/10.1186/cc7794,https://pubmed.ncbi.nlm.nih.gov/19638180,,0,0
https://openalex.org/w2027532120,https://doi.org/10.1016/s0305-4179(00)00099-1,https://pubmed.ncbi.nlm.nih.gov/11226643,,0,0
https://openalex.org/w2419519867,https://doi.org/10.5604/12321966.1167734,https://pubmed.ncbi.nlm.nih.gov/26403134,,0,0
https://openalex.org/w2791755250,https://doi.org/10.1002/ejp.1203,https://pubmed.ncbi.nlm.nih.gov/29436110,,1,1
https://openalex.org/w4298655148,https://doi.org/10.1093/aje/kwt103,https://pubmed.ncbi.nlm.nih.gov/23720439,,0,0
https://openalex.org/w2599544462,https://doi.org/10.1097/bcr.0000000000000549,,,0,0
https://openalex.org/w4285287844,https://doi.org/10.2298/vsp220305043k,,062-821-574-238-614,0,0
https://openalex.org/w4303856987,https://doi.org/10.3390/medicina58101395,https://pubmed.ncbi.nlm.nih.gov/36295556,,0,0
https://openalex.org/w2279869903,,https://pubmed.ncbi.nlm.nih.gov/15131998,,0,0
https://openalex.org/w3159087541,https://doi.org/10.1093/asjof/ojab015,https://pubmed.ncbi.nlm.nih.gov/34159314,,0,0
https://openalex.org/w48600425,,https://pubmed.ncbi.nlm.nih.gov/23914643,,0,0
https://openalex.org/w4388806996,https://doi.org/10.1016/j.bjps.2023.11.009,,065-866-957-783-722,0,0
https://openalex.org/w2068113808,https://doi.org/10.1016/s0369-8114(01)00276-0,,,0,0
https://openalex.org/w2022677672,https://doi.org/10.1002/da.20727,https://pubmed.ncbi.nlm.nih.gov/20721908,,0,0
https://openalex.org/w2028652409,https://doi.org/10.1016/s0305-4179(11)70009-2,,,0,0
https://openalex.org/w3153352517,https://doi.org/10.3390/medicina57040386,https://pubmed.ncbi.nlm.nih.gov/33923571,,0,0
https://openalex.org/w3172133179,https://doi.org/10.1016/j.jpedsurg.2021.05.019,https://pubmed.ncbi.nlm.nih.gov/34167802,,0,0
https://openalex.org/w2130311519,https://doi.org/10.1093/jpepsy/jsm088,https://pubmed.ncbi.nlm.nih.gov/17890286,,0,1
https://openalex.org/w2761323764,https://doi.org/10.1016/j.burns.2017.09.004,https://pubmed.ncbi.nlm.nih.gov/29031889,,0,0
https://openalex.org/w4210255410,https://doi.org/10.3390/ebj3010008,,015-741-093-439-365,0,0
https://openalex.org/w2993266563,https://doi.org/10.1016/j.burns.2019.08.017,https://pubmed.ncbi.nlm.nih.gov/31806262,,1,1
https://openalex.org/w1614267999,https://doi.org/10.1177/229255030801600407,https://pubmed.ncbi.nlm.nih.gov/19949498,,0,0
https://openalex.org/w3012360963,https://doi.org/10.1186/s12889-020-8366-9,https://pubmed.ncbi.nlm.nih.gov/32131784,,0,0
https://openalex.org/w2019029139,https://doi.org/10.1016/0305-4179(92)90069-7,,,0,0
https://openalex.org/w3194233782,https://doi.org/10.18295/squmj.8.2021.118,https://pubmed.ncbi.nlm.nih.gov/35299810,,0,0
https://openalex.org/w2032695959,https://doi.org/10.1097/jom.0b013e318042d682,https://pubmed.ncbi.nlm.nih.gov/17495689,,0,0
https://openalex.org/w23216443,,https://pubmed.ncbi.nlm.nih.gov/15775831,,0,0
https://openalex.org/w2087760515,https://doi.org/10.1016/s0305-4179(98)00004-7,,,0,0
https://openalex.org/w2626309218,https://doi.org/10.1055/s-0037-1603464,https://pubmed.ncbi.nlm.nih.gov/29387299,,0,0
https://openalex.org/w3166465403,https://doi.org/10.1007/s00234-021-02732-9,https://pubmed.ncbi.nlm.nih.gov/34142212,,0,0
https://openalex.org/w4298003750,https://doi.org/10.3389/fcimb.2022.953474,https://pubmed.ncbi.nlm.nih.gov/36250050,,0,0
https://openalex.org/w221409824,https://doi.org/10.7748/ncyp.27.4.22.e575,https://pubmed.ncbi.nlm.nih.gov/25959487,,0,0
https://openalex.org/w4386164072,https://doi.org/10.7759/cureus.44083,,077-827-977-723-392,0,0
https://openalex.org/w2903303784,https://doi.org/10.1016/j.ctim.2018.11.027,https://pubmed.ncbi.nlm.nih.gov/30670251,,0,0
https://openalex.org/w3148142248,https://doi.org/10.1097/j.pain.0000000000002282,,028-411-085-663-834,0,0
https://openalex.org/w2097867016,https://doi.org/10.1001/archpedi.157.11.1054,https://pubmed.ncbi.nlm.nih.gov/14609892,,0,0
https://openalex.org/w2019190820,https://doi.org/10.1097/psy.0b013e3180600a2e,https://pubmed.ncbi.nlm.nih.gov/17510292,,0,1
https://openalex.org/w2106288998,https://doi.org/10.1136/jech.2009.090795,https://pubmed.ncbi.nlm.nih.gov/20231738,,0,0
https://openalex.org/w2040080998,https://doi.org/10.1097/bcr.0b013e31820aaf37,https://pubmed.ncbi.nlm.nih.gov/21245766,,0,0
https://openalex.org/w2921749229,https://doi.org/10.1093/jbcr/irz013.004,,,0,0
https://openalex.org/w3170451792,https://doi.org/10.1245/s10434-021-10236-2,https://pubmed.ncbi.nlm.nih.gov/34115250,,0,0
https://openalex.org/w1988205708,https://doi.org/10.1016/0005-7967(83)90086-4,https://pubmed.ncbi.nlm.nih.gov/6661152,,0,0
https://openalex.org/w2007180721,https://doi.org/10.1016/j.apmr.2007.09.020,https://pubmed.ncbi.nlm.nih.gov/18036978,,0,0
https://openalex.org/w2099377946,https://doi.org/10.1586/ern.09.140,https://pubmed.ncbi.nlm.nih.gov/20136382,,0,0
https://openalex.org/w2085559792,https://doi.org/10.1097/bcr.0b013e31823d0a11,https://pubmed.ncbi.nlm.nih.gov/22210069,,0,0
https://openalex.org/w2032644258,https://doi.org/10.1080/00207140208410089,https://pubmed.ncbi.nlm.nih.gov/11778706,,0,0
https://openalex.org/w1995613395,https://doi.org/10.1016/j.burns.2009.06.115,,,0,0
https://openalex.org/w1801952226,https://doi.org/10.2147/jmdh.s89375,https://pubmed.ncbi.nlm.nih.gov/26347401,,0,1
https://openalex.org/w2029775676,https://doi.org/10.2147/jpr.s38878,,,0,0
https://openalex.org/w2489197255,https://doi.org/10.1007/978-1-62703-095-3_17,,,0,0
https://openalex.org/w2024799703,https://doi.org/10.1097/00005373-199003000-00002,https://pubmed.ncbi.nlm.nih.gov/2156085,,0,0
https://openalex.org/w2083918844,https://doi.org/10.1016/j.genhosppsych.2006.03.001,https://pubmed.ncbi.nlm.nih.gov/16675368,,0,0
https://openalex.org/w4206458584,https://doi.org/10.1016/j.jaac.2020.07.164,,,0,0
https://openalex.org/w2991213387,https://doi.org/10.1590/2237-6089-2018-0089,https://pubmed.ncbi.nlm.nih.gov/31778427,,0,0
https://openalex.org/w65799396,,,,0,0
https://openalex.org/w3043356672,https://doi.org/10.1177/0885066620940188,https://pubmed.ncbi.nlm.nih.gov/32686565,,0,0
https://openalex.org/w2407955995,,,,0,0
https://openalex.org/w1981456658,https://doi.org/10.1038/sj.mp.4001727,,,0,0
https://openalex.org/w2063584360,https://doi.org/10.1037//0022-3514.45.5.1160,,,0,0
https://openalex.org/w2033788306,https://doi.org/10.1097/bot.0b013e3182a665f5,https://pubmed.ncbi.nlm.nih.gov/23912860,,0,0
https://openalex.org/w2041494107,https://doi.org/10.1016/s0377-1237(04)80062-5,https://pubmed.ncbi.nlm.nih.gov/27407648,,0,0
https://openalex.org/w1994008378,https://doi.org/10.1016/j.cupe.2004.10.008,,,0,0
https://openalex.org/w3019028111,https://doi.org/10.1016/j.burns.2020.04.018,,,0,0
https://openalex.org/w2110309210,https://doi.org/10.1016/j.suc.2012.06.002,https://pubmed.ncbi.nlm.nih.gov/22850157,,0,0
https://openalex.org/w4285302185,https://doi.org/10.5505/kpd.2022.91668,,,0,0
https://openalex.org/w3186701403,https://doi.org/10.1016/j.outlook.2021.06.001,https://pubmed.ncbi.nlm.nih.gov/34332763,,0,0
https://openalex.org/w4205256494,https://doi.org/10.1093/jbcr/irab245,,033-267-516-856-476,0,0
https://openalex.org/w2065787065,https://doi.org/10.1093/mtp/14.1.30,,,0,0
https://openalex.org/w2071837582,https://doi.org/10.1016/j.burns.2014.11.006,https://pubmed.ncbi.nlm.nih.gov/25683216,,1,1
https://openalex.org/w2938252506,https://doi.org/10.1037/tra0000458,https://pubmed.ncbi.nlm.nih.gov/30973251,,0,0
https://openalex.org/w2113342885,https://doi.org/10.1093/aje/kwu022,https://pubmed.ncbi.nlm.nih.gov/24561992,,0,0
https://openalex.org/w4283023706,https://doi.org/10.1002/da.23274,,155-080-714-458-51X,0,0
https://openalex.org/w2123837254,https://doi.org/10.1152/ajpgi.00166.2013,https://pubmed.ncbi.nlm.nih.gov/23868412,,0,0
https://openalex.org/w2887282482,https://doi.org/10.1109/memea.2018.8438780,,,0,0
https://openalex.org/w2433863342,,,,0,0
https://openalex.org/w1991253174,https://doi.org/10.1016/s0305-4179(01)00058-4,https://pubmed.ncbi.nlm.nih.gov/11718982,,1,1
https://openalex.org/w4220721615,https://doi.org/10.1093/jbcr/irac012.131,,,0,0
https://openalex.org/w2044607853,https://doi.org/10.1016/j.autrev.2008.07.021,https://pubmed.ncbi.nlm.nih.gov/18707028,,0,0
https://openalex.org/w2059821103,https://doi.org/10.1207/s15327752jpa7103_2,https://pubmed.ncbi.nlm.nih.gov/9933939,,0,0
https://openalex.org/w2002574328,https://doi.org/10.1016/0305-4179(87)90249-x,,,1,1
https://openalex.org/w4372232692,https://doi.org/10.1016/j.ajem.2023.05.003,,,0,0
https://openalex.org/w3091382404,https://doi.org/10.1016/j.burns.2020.09.009,https://pubmed.ncbi.nlm.nih.gov/33131947,,0,0
https://openalex.org/w2165633652,https://doi.org/10.1016/j.pcl.2010.02.001,https://pubmed.ncbi.nlm.nih.gov/20538151,,0,0
https://openalex.org/w2297332885,,https://pubmed.ncbi.nlm.nih.gov/465194,,0,0
https://openalex.org/w2381591070,https://doi.org/10.1016/j.eurpsy.2016.01.1905,,,0,0
https://openalex.org/w3128144429,https://doi.org/10.1037/tra0001006,https://pubmed.ncbi.nlm.nih.gov/33539160,,0,0
https://openalex.org/w2150566637,https://doi.org/10.1016/s0305-4179(00)00125-x,https://pubmed.ncbi.nlm.nih.gov/11348741,,0,0
https://openalex.org/w1772303191,,,,0,0
https://openalex.org/w4252287517,https://doi.org/10.1016/s0959-8049(14)70073-5,,,0,0
https://openalex.org/w2028303432,https://doi.org/10.1097/bcr.0b013e31825ae15d,https://pubmed.ncbi.nlm.nih.gov/23128125,,0,1
https://openalex.org/w2009241200,https://doi.org/10.1097/00004630-200021010-00018,https://pubmed.ncbi.nlm.nih.gov/10661544,,0,0
https://openalex.org/w4238866642,https://doi.org/10.1097/shk.0000000000000184,,,0,0
https://openalex.org/w2043301885,https://doi.org/10.1097/bcr.0b013e318295744e,https://pubmed.ncbi.nlm.nih.gov/23666385,,0,0
https://openalex.org/w2400329712,https://doi.org/10.1177/0310057x1204000207,https://pubmed.ncbi.nlm.nih.gov/22417019,,0,0
https://openalex.org/w2226569057,,,,0,0
https://openalex.org/w2261430342,,https://pubmed.ncbi.nlm.nih.gov/1284269,,0,0
https://openalex.org/w1985217328,https://doi.org/10.1016/s0924-9338(10)70173-5,,,0,0
https://openalex.org/w2241958560,https://doi.org/10.1111/j.1528-1167.2009.02320.x,https://pubmed.ncbi.nlm.nih.gov/19799624,,0,0
https://openalex.org/w1995636879,https://doi.org/10.1016/s0005-7967(01)00079-1,https://pubmed.ncbi.nlm.nih.gov/12296486,,0,0
https://openalex.org/w4289618439,https://doi.org/10.1002/art.40700,https://pubmed.ncbi.nlm.nih.gov/30321483,,0,0
https://openalex.org/w4211150921,https://doi.org/10.3390/ebj3010009,,007-767-317-632-291,0,0
https://openalex.org/w2485575805,https://doi.org/10.1037/11889-006,,,0,0
https://openalex.org/w3204088772,https://doi.org/10.1097/gox.0000000000003835,https://pubmed.ncbi.nlm.nih.gov/34584830,,0,0
https://openalex.org/w3138397992,https://doi.org/10.2196/28150,https://pubmed.ncbi.nlm.nih.gov/34398795,,0,0
https://openalex.org/w1491860321,,https://pubmed.ncbi.nlm.nih.gov/16761681,,0,0
https://openalex.org/w2036002647,https://doi.org/10.1016/s0305-4179(97)89874-9,https://pubmed.ncbi.nlm.nih.gov/9248635,,1,1
https://openalex.org/w2608111886,https://doi.org/10.1016/j.biopsych.2017.02.630,,,0,0
https://openalex.org/w2415887863,,https://pubmed.ncbi.nlm.nih.gov/22916401,,0,0
https://openalex.org/w2183349730,https://doi.org/10.5505/tjtes.2014.49033,https://pubmed.ncbi.nlm.nih.gov/24936838,,0,1
https://openalex.org/w2064388409,https://doi.org/10.1080/09515079408254146,,,0,0
https://openalex.org/w2002834146,https://doi.org/10.1007/s10567-012-0115-x,https://pubmed.ncbi.nlm.nih.gov/22527775,,0,0
https://openalex.org/w2076856568,https://doi.org/10.1097/bcr.0000000000000177,https://pubmed.ncbi.nlm.nih.gov/25407385,,0,0
https://openalex.org/w3128280386,,https://pubmed.ncbi.nlm.nih.gov/33708016,,0,0
https://openalex.org/w2018782752,https://doi.org/10.1016/j.hcl.2014.12.005,https://pubmed.ncbi.nlm.nih.gov/25934205,,0,0
https://openalex.org/w1618117888,https://doi.org/10.1023/a:1018726103302,https://pubmed.ncbi.nlm.nih.gov/10495968,,1,1
https://openalex.org/w3111204987,https://doi.org/10.37506/mlu.v20i4.1961,,,0,1
https://openalex.org/w2117805850,https://doi.org/10.1111/papr.12263,https://pubmed.ncbi.nlm.nih.gov/25469881,,0,0
https://openalex.org/w4385247417,https://doi.org/10.3390/ebj4030028,,058-581-018-013-663,0,0
https://openalex.org/w2514133780,https://doi.org/10.1016/j.burns.2016.07.027,https://pubmed.ncbi.nlm.nih.gov/27576930,,0,0
https://openalex.org/w2045433733,https://doi.org/10.1016/j.burns.2014.08.020,https://pubmed.ncbi.nlm.nih.gov/25277698,,0,0
https://openalex.org/w2012171962,https://doi.org/10.1016/s0033-3182(71)71486-8,,024-726-203-595-117,0,1
https://openalex.org/w2617756740,https://doi.org/10.1186/s41038-017-0080-1,https://pubmed.ncbi.nlm.nih.gov/28546987,,0,0
https://openalex.org/w4281767560,https://doi.org/10.1016/j.burns.2022.06.002,,,0,0
https://openalex.org/w2921619340,https://doi.org/10.3760/cma.j.issn.1009-2587.2017.11.001,https://pubmed.ncbi.nlm.nih.gov/29166706,,0,0
https://openalex.org/w2468568843,,https://pubmed.ncbi.nlm.nih.gov/4487694,,0,0
https://openalex.org/w1967603529,https://doi.org/10.1097/00004630-199303000-00008,https://pubmed.ncbi.nlm.nih.gov/8501105,,0,0
https://openalex.org/w3134450536,https://doi.org/10.1097/01.pcc.0000740352.75999.a2,,,0,0
https://openalex.org/w2116750465,https://doi.org/10.1097/00005373-199804000-00011,https://pubmed.ncbi.nlm.nih.gov/9555833,,0,0
https://openalex.org/w2072274948,https://doi.org/10.1097/00004630-199403000-00008,https://pubmed.ncbi.nlm.nih.gov/8195255,,1,1
https://openalex.org/w2044260956,https://doi.org/10.1097/bcr.0b013e3182853eaf,https://pubmed.ncbi.nlm.nih.gov/23370997,,0,0
https://openalex.org/w4241214455,https://doi.org/10.1097/00004630-199903000-00037,,,0,0
https://openalex.org/w2037866991,https://doi.org/10.1097/bcr.0b013e31822ac81e,https://pubmed.ncbi.nlm.nih.gov/21792069,,0,0
https://openalex.org/w4220735027,https://doi.org/10.1093/jbcr/irac012.253,,,0,0
https://openalex.org/w2899655263,https://doi.org/10.1016/j.jval.2018.07.809,,,0,0
https://openalex.org/w1681091578,,,,0,0
https://openalex.org/w2044107766,https://doi.org/10.1016/j.apmr.2011.11.015,https://pubmed.ncbi.nlm.nih.gov/22365477,,1,1
https://openalex.org/w2068084530,https://doi.org/10.1001/jama.1980.03300310021014,https://pubmed.ncbi.nlm.nih.gov/7351762,,0,0
https://openalex.org/w2169961654,https://doi.org/10.1016/s0305-4179(98)00010-2,https://pubmed.ncbi.nlm.nih.gov/9677029,,0,0
https://openalex.org/w2959878520,https://doi.org/10.3389/fnhum.2019.00262,https://pubmed.ncbi.nlm.nih.gov/31440148,,0,0
https://openalex.org/w2026186360,https://doi.org/10.1097/bcr.0b013e31827e5062,https://pubmed.ncbi.nlm.nih.gov/23412330,,0,0
https://openalex.org/w2264677725,https://doi.org/10.1097/01.paf.0000163822.22650.f1,https://pubmed.ncbi.nlm.nih.gov/15894844,,0,0
https://openalex.org/w3014434932,https://doi.org/10.1111/jocd.13390,https://pubmed.ncbi.nlm.nih.gov/32243056,,0,0
https://openalex.org/w2080427355,https://doi.org/10.1097/00004630-199401000-00017,https://pubmed.ncbi.nlm.nih.gov/8150849,,0,0
https://openalex.org/w2156916450,https://doi.org/10.3389/fphys.2013.00023,https://pubmed.ncbi.nlm.nih.gov/23422870,,0,0
https://openalex.org/w2255458908,https://doi.org/10.1055/s-0033-1343463,https://pubmed.ncbi.nlm.nih.gov/23709185,,0,0
https://openalex.org/w4302774452,https://doi.org/10.1155/2022/1915122,https://pubmed.ncbi.nlm.nih.gov/36249078,,0,0
https://openalex.org/w1973176036,https://doi.org/10.1097/00005373-199909000-00005,https://pubmed.ncbi.nlm.nih.gov/10498298,,0,0
https://openalex.org/w2917956591,https://doi.org/10.1016/j.burns.2013.11.001,https://pubmed.ncbi.nlm.nih.gov/24252249,,0,0
https://openalex.org/w2804964418,https://doi.org/10.7759/cureus.2669,https://pubmed.ncbi.nlm.nih.gov/30042920,,1,1
https://openalex.org/w4233020388,https://doi.org/10.3233/jnd-160001,https://pubmed.ncbi.nlm.nih.gov/27854235,,0,0
https://openalex.org/w4255859830,https://doi.org/10.1097/bcr.0000000000000251,,,0,0
https://openalex.org/w2087255931,https://doi.org/10.3109/02699052.2014.934285,https://pubmed.ncbi.nlm.nih.gov/25029224,,0,0
https://openalex.org/w2269352382,https://doi.org/10.4103/2008-7802.175993,,068-528-543-786-891,0,0
https://openalex.org/w3084202365,https://doi.org/10.1186/s12888-020-02844-1,https://pubmed.ncbi.nlm.nih.gov/32894097,,0,0
https://openalex.org/w611149677,https://doi.org/10.1111/j.1600-0447.1997.tb05957.x,https://pubmed.ncbi.nlm.nih.gov/9284976,,0,0
https://openalex.org/w2153496404,https://doi.org/10.1016/s1279-8479(00)80007-5,,,0,0
https://openalex.org/w2082482724,https://doi.org/10.1007/bf00844850,https://pubmed.ncbi.nlm.nih.gov/7026792,,0,0
https://openalex.org/w3036937178,https://doi.org/10.1016/j.burns.2020.06.002,https://pubmed.ncbi.nlm.nih.gov/33303261,,0,0
https://openalex.org/w2767155335,https://doi.org/10.1016/j.chest.2017.08.838,,,0,0
https://openalex.org/w87446316,https://doi.org/10.1055/s-2005-918911,,,0,0
https://openalex.org/w2116802152,https://doi.org/10.1001/archpediatrics.2010.10,https://pubmed.ncbi.nlm.nih.gov/20368492,,0,0
https://openalex.org/w2894017286,https://doi.org/10.1177/1359105318800826,https://pubmed.ncbi.nlm.nih.gov/30270662,,0,1
https://openalex.org/w2753662869,https://doi.org/10.1016/j.jcrc.2017.08.037,https://pubmed.ncbi.nlm.nih.gov/28946104,,0,0
https://openalex.org/w3128075504,https://doi.org/10.1007/978-3-030-62613-6_16,,,0,0
https://openalex.org/w2060960357,https://doi.org/10.1016/0305-4179(86)90109-9,,,0,0
https://openalex.org/w2166869876,https://doi.org/10.1136/emj.2009.082396,,056-953-401-493-69X,0,0
https://openalex.org/w2305529643,https://doi.org/10.1093/hsw/hlw008,,,0,0
https://openalex.org/w2044877946,https://doi.org/10.1176/ps.39.2.159,https://pubmed.ncbi.nlm.nih.gov/3345979,,0,1
https://openalex.org/w2075294025,https://doi.org/10.1111/j.1526-4637.2006.00188.x,,143-502-373-684-560,0,0
https://openalex.org/w2396060579,https://doi.org/10.1016/j.psyneuen.2016.05.017,https://pubmed.ncbi.nlm.nih.gov/27262345,,0,0
https://openalex.org/w2097572484,https://doi.org/10.1017/s0963180199802023,,033-007-365-816-969,0,0
https://openalex.org/w2347185089,,,,0,0
https://openalex.org/w1540425415,,https://pubmed.ncbi.nlm.nih.gov/8231687,,0,0
https://openalex.org/w2414527018,https://doi.org/10.1016/j.jaad.2017.04.819,,,0,0
https://openalex.org/w4382814570,https://doi.org/10.1093/jbcr/irad045.084,,161-657-995-652-730,0,0
https://openalex.org/w2139623331,https://doi.org/10.1016/j.injury.2012.08.060,https://pubmed.ncbi.nlm.nih.gov/23021367,,0,0
https://openalex.org/w2115416132,https://doi.org/10.1177/0748233709103029,https://pubmed.ncbi.nlm.nih.gov/19651800,,0,0
https://openalex.org/w2049613811,https://doi.org/10.1097/01.bcr.0000176772.76245.95,https://pubmed.ncbi.nlm.nih.gov/16151294,,0,0
https://openalex.org/w2102435983,https://doi.org/10.1016/j.burns.2008.11.003,https://pubmed.ncbi.nlm.nih.gov/19515496,,0,0
https://openalex.org/w2415970041,https://doi.org/10.1097/00007611-198602000-00016,https://pubmed.ncbi.nlm.nih.gov/3945852,,0,0
https://openalex.org/w3128197868,https://doi.org/10.1093/burnst/tkaa049,https://pubmed.ncbi.nlm.nih.gov/33654699,,0,0
https://openalex.org/w1981586645,https://doi.org/10.1016/j.psc.2014.11.001,https://pubmed.ncbi.nlm.nih.gov/25725572,,0,0
https://openalex.org/w2087996271,https://doi.org/10.1016/j.brat.2013.08.005,https://pubmed.ncbi.nlm.nih.gov/24077120,,0,0
https://openalex.org/w2240591609,https://doi.org/10.1093/jpepsy/jsv074,https://pubmed.ncbi.nlm.nih.gov/26319585,,0,0
https://openalex.org/w4376871467,https://doi.org/10.30476/beat.2023.97911.1416,,,0,0
https://openalex.org/w3093193540,https://doi.org/10.37506/mlu.v20i3.1609,,,0,0
https://openalex.org/w1966936118,https://doi.org/10.1007/s10865-013-9541-6,https://pubmed.ncbi.nlm.nih.gov/24068563,,0,1
https://openalex.org/w2044614573,https://doi.org/10.1080/15299732.2011.608780,https://pubmed.ncbi.nlm.nih.gov/22211443,,0,0
https://openalex.org/w2907657598,https://doi.org/10.1007/s10880-018-9596-1,https://pubmed.ncbi.nlm.nih.gov/30610521,,0,0
https://openalex.org/w4388002690,https://doi.org/10.1016/j.fsc.2023.07.007,,,0,0
https://openalex.org/w1999546324,https://doi.org/10.1097/00004630-199409000-00017,https://pubmed.ncbi.nlm.nih.gov/7995822,,0,0
https://openalex.org/w4243301368,https://doi.org/10.1038/npp.2014.280,,,0,0
https://openalex.org/w2797781133,https://doi.org/10.1016/j.burns.2018.01.003,https://pubmed.ncbi.nlm.nih.gov/29657096,,0,1
https://openalex.org/w2322505167,https://doi.org/10.2190/yq6n-wlvy-5dhv-puu9,,,0,0
https://openalex.org/w4389086820,https://doi.org/10.1186/s40635-023-00570-y,,173-684-171-176-304,0,0
https://openalex.org/w2008327482,https://doi.org/10.1111/j.1525-1446.1994.tb00774.x,https://pubmed.ncbi.nlm.nih.gov/8029186,,0,0
https://openalex.org/w4368346542,https://doi.org/10.1097/aog.0000000000005195,,109-127-785-672-721,0,0
https://openalex.org/w2971645405,https://doi.org/10.1111/iwj.13208,https://pubmed.ncbi.nlm.nih.gov/31475474,,0,0
https://openalex.org/w2807211298,https://doi.org/10.1186/s40635-017-0151-4,https://pubmed.ncbi.nlm.nih.gov/28933044,,0,0
https://openalex.org/w4205658817,https://doi.org/10.3390/v14020192,https://pubmed.ncbi.nlm.nih.gov/35215786,,0,0
https://openalex.org/w2120876228,https://doi.org/10.1089/acm.2011.0825,https://pubmed.ncbi.nlm.nih.gov/22967282,,0,0
https://openalex.org/w2724128974,,,,0,0
https://openalex.org/w3036067006,https://doi.org/10.3389/fpsyg.2020.01197,https://pubmed.ncbi.nlm.nih.gov/32625139,,0,0
https://openalex.org/w3036356878,https://doi.org/10.1016/j.burns.2020.06.015,https://pubmed.ncbi.nlm.nih.gov/34024687,,0,0
https://openalex.org/w2562052644,https://doi.org/10.1016/j.burns.2016.08.039,https://pubmed.ncbi.nlm.nih.gov/28040368,,0,0
https://openalex.org/w2026991689,https://doi.org/10.1097/01.bcr.0000176884.02091.d0,,,0,0
https://openalex.org/w2921912816,https://doi.org/10.3389/fnins.2019.00170,https://pubmed.ncbi.nlm.nih.gov/30906243,,0,0
https://openalex.org/w2581064855,https://doi.org/10.1016/j.burns.2016.11.019,,,0,0
https://openalex.org/w3166999752,https://doi.org/10.3389/fpsyg.2021.669231,,039-392-042-879-705,0,0
https://openalex.org/w1980279669,https://doi.org/10.1016/s0001-2092(07)69592-1,,,0,0
https://openalex.org/w4225326980,https://doi.org/10.1016/j.burns.2022.04.022,https://pubmed.ncbi.nlm.nih.gov/35654703,,0,0
https://openalex.org/w1966447618,https://doi.org/10.1111/j.1526-4637.2009.00589.x,https://pubmed.ncbi.nlm.nih.gov/19416437,,0,0
https://openalex.org/w2085247538,https://doi.org/10.1001/jamapediatrics.2013.2741,https://pubmed.ncbi.nlm.nih.gov/24100470,,0,0
https://openalex.org/w2797767503,https://doi.org/10.1093/jbcr/iry006.199,,,0,0
https://openalex.org/w2032524079,https://doi.org/10.1097/bcr.0b013e31818b9eb6,https://pubmed.ncbi.nlm.nih.gov/18849846,,0,0
https://openalex.org/w4382359046,https://doi.org/10.12965/jer.2346232.116,,105-662-321-355-583,0,0
https://openalex.org/w2269168768,https://doi.org/10.1080/10550887.2015.1127717,https://pubmed.ncbi.nlm.nih.gov/26670348,,0,1
https://openalex.org/w2465245650,,https://pubmed.ncbi.nlm.nih.gov/1782593,,0,0
https://openalex.org/w2002575958,https://doi.org/10.1016/j.burns.2014.12.011,https://pubmed.ncbi.nlm.nih.gov/25591949,,0,1
https://openalex.org/w2067032011,https://doi.org/10.1016/s0140-6736(03)14231-6,https://pubmed.ncbi.nlm.nih.gov/12957091,,0,0
https://openalex.org/w2553121086,https://doi.org/10.1097/bcr.0000000000000465,https://pubmed.ncbi.nlm.nih.gov/27893579,,0,0
https://openalex.org/w3151989354,,,,0,0
https://openalex.org/w3006019802,https://doi.org/10.3760/cma.j.issn.1009-2587.2019.05.009,https://pubmed.ncbi.nlm.nih.gov/31154736,,0,0
https://openalex.org/w4256298465,https://doi.org/10.1016/b978-0-323-47661-4.00064-2,,,0,0
https://openalex.org/w4306841770,https://doi.org/10.1007/s10508-022-02437-x,https://pubmed.ncbi.nlm.nih.gov/36261736,,0,0
https://openalex.org/w2290183333,,,,0,0
https://openalex.org/w2922192464,https://doi.org/10.1093/jbcr/irz013.122,,,0,0
https://openalex.org/w2323140769,https://doi.org/10.1007/s00112-005-1237-8,,,0,0
https://openalex.org/w4388797950,https://doi.org/10.1007/s12144-023-05430-2,,,0,1
https://openalex.org/w2061698382,https://doi.org/10.1136/bmj.3.5932.666,https://pubmed.ncbi.nlm.nih.gov/4425793,,0,0
https://openalex.org/w2103646625,https://doi.org/10.1016/j.burns.2009.08.008,https://pubmed.ncbi.nlm.nih.gov/19857929,,0,1
https://openalex.org/w4308981333,https://doi.org/10.1016/j.burns.2022.10.004,,019-895-165-222-753,0,0
https://openalex.org/w1589147747,,,,0,0
https://openalex.org/w2034236983,https://doi.org/10.1097/00004630-200021050-00016,https://pubmed.ncbi.nlm.nih.gov/11020055,,0,0
https://openalex.org/w4249437662,https://doi.org/10.1016/b978-0-12-811481-0.00015-9,,,0,0
https://openalex.org/w4220970370,https://doi.org/10.1093/jbcr/irac012.321,,,0,0
https://openalex.org/w4229884614,https://doi.org/10.1080/24750573.2017.1308707,,,0,0
https://openalex.org/w2098916978,https://doi.org/10.3109/01612848209141040,https://pubmed.ncbi.nlm.nih.gov/6922102,,0,0
https://openalex.org/w4317423257,https://doi.org/10.1002/pmrj.12943,,182-173-008-672-81X,0,0
https://openalex.org/w2048526317,https://doi.org/10.1016/j.vascn.2005.09.004,https://pubmed.ncbi.nlm.nih.gov/16256378,,0,0
https://openalex.org/w2982444362,https://doi.org/10.1016/j.burns.2019.10.010,https://pubmed.ncbi.nlm.nih.gov/31672469,,0,0
https://openalex.org/w2034685294,https://doi.org/10.1097/00006534-199903000-00014,https://pubmed.ncbi.nlm.nih.gov/10077077,,0,0
https://openalex.org/w2053878021,https://doi.org/10.1111/j.1440-1819.2005.01333.x,https://pubmed.ncbi.nlm.nih.gov/15679542,,0,0
https://openalex.org/w2990704392,https://doi.org/10.1016/j.jad.2019.11.140,https://pubmed.ncbi.nlm.nih.gov/31969279,,0,1
https://openalex.org/w2607309928,https://doi.org/10.1016/j.burns.2017.01.022,https://pubmed.ncbi.nlm.nih.gov/28412132,,0,1
https://openalex.org/w2091613874,https://doi.org/10.1016/0005-7916(92)90055-n,https://pubmed.ncbi.nlm.nih.gov/1363821,,0,0
https://openalex.org/w2991407318,,,,0,0
https://openalex.org/w2140327368,https://doi.org/10.1089/ten.teb.2010.0452,https://pubmed.ncbi.nlm.nih.gov/21091393,,0,0
https://openalex.org/w2005411294,https://doi.org/10.1016/j.burns.2006.08.016,https://pubmed.ncbi.nlm.nih.gov/17374454,,0,0
https://openalex.org/w4362672631,https://doi.org/10.3389/fimmu.2023.1161479,,127-582-240-730-677,0,0
https://openalex.org/w4292103616,https://doi.org/10.1136/tsaco-2022-000946,https://pubmed.ncbi.nlm.nih.gov/36072965,,0,0
https://openalex.org/w3000651695,https://doi.org/10.1111/jcpp.13193,https://pubmed.ncbi.nlm.nih.gov/31912485,,0,0
https://openalex.org/w2039887297,https://doi.org/10.3109/09540260903343794,https://pubmed.ncbi.nlm.nih.gov/19919204,,0,0
https://openalex.org/w2231541775,,https://pubmed.ncbi.nlm.nih.gov/17259333,,0,0
https://openalex.org/w2009726992,https://doi.org/10.1097/00004630-199107000-00009,https://pubmed.ncbi.nlm.nih.gov/1939304,,1,1
https://openalex.org/w2990468026,https://doi.org/10.1186/s13104-019-4761-7,https://pubmed.ncbi.nlm.nih.gov/31775897,,0,0
https://openalex.org/w2795291898,https://doi.org/10.1093/jbcr/irx007,https://pubmed.ncbi.nlm.nih.gov/29901796,,0,0
https://openalex.org/w4382358181,https://doi.org/10.1016/j.burns.2023.06.014,,150-465-284-400-320,0,0
https://openalex.org/w2176755990,https://doi.org/10.1007/s00787-015-0788-z,https://pubmed.ncbi.nlm.nih.gov/26608402,,0,1
https://openalex.org/w2981424169,https://doi.org/10.1111/jan.14248,https://pubmed.ncbi.nlm.nih.gov/31657485,,0,1
https://openalex.org/w142563731,https://doi.org/10.3109/02699052.2014.892379,https://pubmed.ncbi.nlm.nih.gov/24758283,,0,0
https://openalex.org/w2941079919,https://doi.org/10.1093/jbcr/irz026,https://pubmed.ncbi.nlm.nih.gov/31222273,,0,0
https://openalex.org/w1984048338,https://doi.org/10.1016/j.pain.2006.03.024,,,0,0
https://openalex.org/w2489874146,https://doi.org/10.1016/0305-4179(86)90034-3,https://pubmed.ncbi.nlm.nih.gov/3768751,,0,0
https://openalex.org/w2088386793,https://doi.org/10.1016/s0305-4179(02)00044-x,https://pubmed.ncbi.nlm.nih.gov/12163289,,0,0
https://openalex.org/w1971167420,https://doi.org/10.1046/j.1526-4637.2002.02011.x,,029-453-403-086-289,0,0
https://openalex.org/w2908623671,https://doi.org/10.1111/jdv.15439,https://pubmed.ncbi.nlm.nih.gov/30659672,,0,0
https://openalex.org/w2794415087,https://doi.org/10.1093/cid/ciy227,https://pubmed.ncbi.nlm.nih.gov/30986298,,0,0
https://openalex.org/w4292761046,https://doi.org/10.1111/dth.15767,https://pubmed.ncbi.nlm.nih.gov/36117146,,0,0
https://openalex.org/w3110902514,https://doi.org/10.1080/02615479.2020.1861243,,,0,0
https://openalex.org/w4389463804,https://doi.org/10.1071/wf22098,,038-502-474-646-647,0,0
https://openalex.org/w3167579590,https://doi.org/10.2147/ccid.s315846,https://pubmed.ncbi.nlm.nih.gov/34163201,,0,0
https://openalex.org/w1985428810,https://doi.org/10.1097/01.nmd.0000120890.16617.af,https://pubmed.ncbi.nlm.nih.gov/15060405,,1,1
https://openalex.org/w2292386886,,https://pubmed.ncbi.nlm.nih.gov/9037789,,0,0
https://openalex.org/w2617825644,,,,0,0
https://openalex.org/w2002633842,https://doi.org/10.1016/j.burns.2013.09.022,https://pubmed.ncbi.nlm.nih.gov/24290853,,1,1
https://openalex.org/w1965782452,https://doi.org/10.1016/s1054-139x(01)00385-8,,,0,0
https://openalex.org/w1992313910,https://doi.org/10.1097/bcr.0b013e318148c96f,https://pubmed.ncbi.nlm.nih.gov/17667488,,0,0
https://openalex.org/w4288437346,https://doi.org/10.1371/journal.pone.0272053,https://pubmed.ncbi.nlm.nih.gov/35901049,,0,0
https://openalex.org/w1648551648,,https://pubmed.ncbi.nlm.nih.gov/23901715,,1,1
https://openalex.org/w2001652085,https://doi.org/10.1097/00004630-199311000-00017,,,0,0
https://openalex.org/w4308336200,https://doi.org/10.3389/fnins.2022.1026152,,174-426-739-910-431,0,0
https://openalex.org/w1985342725,https://doi.org/10.3109/09638288.2014.933898,https://pubmed.ncbi.nlm.nih.gov/24963942,,0,0
https://openalex.org/w2895448913,https://doi.org/10.1002/ejp.1319,https://pubmed.ncbi.nlm.nih.gov/30288844,,0,0
https://openalex.org/w126752226,https://doi.org/10.1016/s0749-0704(18)30383-x,https://pubmed.ncbi.nlm.nih.gov/2188712,,0,0
https://openalex.org/w2017920619,https://doi.org/10.1007/s11916-008-0018-1,https://pubmed.ncbi.nlm.nih.gov/18474187,,0,0
https://openalex.org/w2797842601,https://doi.org/10.1093/jbcr/iry006.411,,,0,0
https://openalex.org/w1939140705,https://doi.org/10.4088/jcp.14m09365,https://pubmed.ncbi.nlm.nih.gov/26581092,,0,1
https://openalex.org/w2025692390,https://doi.org/10.1097/00005373-197503000-00009,,,0,0
https://openalex.org/w4312222195,https://doi.org/10.1016/j.burns.2022.12.010,,,0,0
https://openalex.org/w4360594769,https://doi.org/10.1007/978-981-19-7376-5_23,,166-716-142-746-048,0,0
https://openalex.org/w2797063954,https://doi.org/10.1186/s41038-018-0110-7,https://pubmed.ncbi.nlm.nih.gov/30009193,,0,1
https://openalex.org/w127981001,https://doi.org/10.1016/b978-012373947-6.00161-6,,,0,0
https://openalex.org/w3028759939,https://doi.org/10.1155/2020/3625753,https://pubmed.ncbi.nlm.nih.gov/32550844,,0,0
https://openalex.org/w2333965521,https://doi.org/10.4321/s0376-78922015000400010,,,0,0
https://openalex.org/w2060863468,https://doi.org/10.1016/j.jpainsymman.2012.10.267,,,0,0
https://openalex.org/w167593353,https://doi.org/10.1093/pch/18.8.e48a,,033-016-503-011-726,0,0
https://openalex.org/w2097499971,https://doi.org/10.1016/j.bjps.2008.11.099,https://pubmed.ncbi.nlm.nih.gov/19181578,,0,0
https://openalex.org/w1980983453,https://doi.org/10.1016/j.burns.2008.09.002,https://pubmed.ncbi.nlm.nih.gov/19111399,,0,0
https://openalex.org/w2134038749,https://doi.org/10.1016/j.burns.2010.02.007,https://pubmed.ncbi.nlm.nih.gov/20471755,,0,1
https://openalex.org/w2086222367,https://doi.org/10.1016/j.semcdb.2010.01.006,https://pubmed.ncbi.nlm.nih.gov/20083216,,0,0
https://openalex.org/w2131964052,https://doi.org/10.1136/emj.2004.019976,,079-370-646-089-521,0,0
https://openalex.org/w2376713444,,https://pubmed.ncbi.nlm.nih.gov/18476431,,0,0
https://openalex.org/w2006475871,https://doi.org/10.1056/nejm198610023151437,,037-170-520-437-439,0,0
https://openalex.org/w2946404278,https://doi.org/10.1136/bmjopen-2018-025990,https://pubmed.ncbi.nlm.nih.gov/31092649,,0,1
https://openalex.org/w2015131739,https://doi.org/10.2307/1934147,https://pubmed.ncbi.nlm.nih.gov/28973797,,0,0
https://openalex.org/w2565963881,https://doi.org/10.1007/978-3-319-46352-0_19,,,0,0
https://openalex.org/w2734387927,https://doi.org/10.2147/btt.s136188,https://pubmed.ncbi.nlm.nih.gov/28761330,,0,0
https://openalex.org/w2039582007,https://doi.org/10.1097/01.ta.0000078697.69530.0e,https://pubmed.ncbi.nlm.nih.gov/15345987,,0,1
https://openalex.org/w2029075002,https://doi.org/10.1196/annals.1385.018,,,0,0
https://openalex.org/w170176134,,,,0,0
https://openalex.org/w4303987451,https://doi.org/10.1016/j.chest.2022.08.076,,,0,0
https://openalex.org/w3208556823,https://doi.org/10.3390/ebj2040016,,048-587-013-348-696,0,0
https://openalex.org/w2065023321,https://doi.org/10.1016/s0305-4179(97)00788-2,https://pubmed.ncbi.nlm.nih.gov/9568321,,1,1
https://openalex.org/w3042144647,https://doi.org/10.1164/ajrccm-conference.2020.201.1_meetingabstracts.a4339,,,0,0
https://openalex.org/w2054308982,https://doi.org/10.1016/s0140-6736(11)61402-5,,,0,0
https://openalex.org/w2060640695,https://doi.org/10.1016/j.psym.2014.05.019,https://pubmed.ncbi.nlm.nih.gov/25553819,,0,0
https://openalex.org/w2033932030,https://doi.org/10.1016/s0305-4179(98)00053-9,https://pubmed.ncbi.nlm.nih.gov/9725678,,0,0
https://openalex.org/w1895102436,https://doi.org/10.1177/00220345940730021301,https://pubmed.ncbi.nlm.nih.gov/8120222,,0,0
https://openalex.org/w2887394238,https://doi.org/10.1177/1054773818793599,https://pubmed.ncbi.nlm.nih.gov/30094998,,0,0
https://openalex.org/w2073365041,https://doi.org/10.1016/j.burns.2008.04.009,https://pubmed.ncbi.nlm.nih.gov/18675519,,0,0
https://openalex.org/w4307907320,https://doi.org/10.1016/s2352-3026(22)00326-x,,,0,0
https://openalex.org/w2128685448,https://doi.org/10.1016/s0305-4179(11)70042-0,,,0,0
https://openalex.org/w2110192808,https://doi.org/10.2146/ajhp060393,https://pubmed.ncbi.nlm.nih.gov/17592004,,0,0
https://openalex.org/w2024788914,https://doi.org/10.1007/bf01989288,https://pubmed.ncbi.nlm.nih.gov/24226531,,0,0
https://openalex.org/w2078893980,https://doi.org/10.1016/0305-4179(91)90003-y,https://pubmed.ncbi.nlm.nih.gov/2031667,,0,0
https://openalex.org/w2152758275,https://doi.org/10.12968/jowc.2003.12.7.26515,https://pubmed.ncbi.nlm.nih.gov/12894695,,0,0
https://openalex.org/w2000653801,https://doi.org/10.1300/j229v06n02_05,,,0,1
https://openalex.org/w2921384778,https://doi.org/10.1093/jbcr/irz013.185,,,0,0
https://openalex.org/w3115885640,https://doi.org/10.1007/978-3-030-39193-5_11,,131-517-194-545-211,0,0
https://openalex.org/w2994060936,,https://pubmed.ncbi.nlm.nih.gov/18212400,,0,0
https://openalex.org/w2099713106,https://doi.org/10.1016/j.burns.2006.07.006,,,0,0
https://openalex.org/w2032763992,https://doi.org/10.1089/cap.2007.1711,,,0,0
https://openalex.org/w3129668511,https://doi.org/10.1055/s-0041-1725110,https://pubmed.ncbi.nlm.nih.gov/33618393,,0,0
https://openalex.org/w2409443714,https://doi.org/10.1016/j.burns.2016.02.022,https://pubmed.ncbi.nlm.nih.gov/27297941,,0,0
https://openalex.org/w2794875888,https://doi.org/10.1016/j.burnso.2018.03.002,,,0,0
https://openalex.org/w2030289767,https://doi.org/10.1097/00005373-198409001-00011,,,0,0
https://openalex.org/w2920970858,https://doi.org/10.1093/jbcr/irz013.063,,,0,0
https://openalex.org/w2278776114,,https://pubmed.ncbi.nlm.nih.gov/10641330,,0,0
https://openalex.org/w2556428951,https://doi.org/10.1097/bcr.0000000000000470,https://pubmed.ncbi.nlm.nih.gov/27893572,,0,0
https://openalex.org/w2304076391,https://doi.org/10.5958/0974-1283.2016.00003.7,,,0,0
https://openalex.org/w2316689516,https://doi.org/10.1590/0004-282x20160017,https://pubmed.ncbi.nlm.nih.gov/27050847,,0,0
https://openalex.org/w2778580000,https://doi.org/10.1016/j.burns.2017.11.016,https://pubmed.ncbi.nlm.nih.gov/29269169,,0,0
https://openalex.org/w4390079632,https://doi.org/10.15403/jgld-4867,,153-487-489-329-341,0,0
https://openalex.org/w3094348685,https://doi.org/10.1007/s11136-020-02678-0,https://pubmed.ncbi.nlm.nih.gov/33090372,,1,1
https://openalex.org/w2397263294,https://doi.org/10.1007/s10879-016-9335-6,,,0,0
https://openalex.org/w3199062411,,,,0,0
https://openalex.org/w1972605076,https://doi.org/10.1016/s0738-081x(01)00254-1,,,0,0
https://openalex.org/w4382790271,https://doi.org/10.5114/ada.2023.127196,,068-488-008-486-391,0,0
https://openalex.org/w3020296013,https://doi.org/10.1249/mss.0000000000002375,https://pubmed.ncbi.nlm.nih.gov/32936596,,0,0
https://openalex.org/w2086958439,https://doi.org/10.1016/j.jclinane.2013.01.019,https://pubmed.ncbi.nlm.nih.gov/23994700,,0,0
https://openalex.org/w2600239828,,,,0,0
https://openalex.org/w2410730669,,,,0,0
https://openalex.org/w3019156190,https://doi.org/10.34172/aim.2020.s7,https://pubmed.ncbi.nlm.nih.gov/32349506,,0,0
https://openalex.org/w2161264743,https://doi.org/10.1093/jpepsy/16.1.103,https://pubmed.ncbi.nlm.nih.gov/2010874,,0,0
https://openalex.org/w2915779735,https://doi.org/10.12944/crnfsj.7.1.17,,,0,0
https://openalex.org/w1979585077,https://doi.org/10.2486/indhealth.2013-0143,https://pubmed.ncbi.nlm.nih.gov/24429518,,0,0
https://openalex.org/w2901765545,https://doi.org/10.1016/j.pmr.2018.08.004,https://pubmed.ncbi.nlm.nih.gov/30470416,,0,0
https://openalex.org/w2604260379,https://doi.org/10.1177/1039856217700285,https://pubmed.ncbi.nlm.nih.gov/28372459,,0,0
https://openalex.org/w2226250620,,https://pubmed.ncbi.nlm.nih.gov/1575120,,0,0
https://openalex.org/w1999794074,https://doi.org/10.1016/j.amj.2011.04.005,https://pubmed.ncbi.nlm.nih.gov/22055174,,0,0
https://openalex.org/w2005671083,https://doi.org/10.1016/j.jpain.2007.02.426,https://pubmed.ncbi.nlm.nih.gov/17434800,,0,0
https://openalex.org/w2617389846,https://doi.org/10.12980/jad.6.2017jadweb-2016-0055,,,0,0
https://openalex.org/w4376130074,https://doi.org/10.1016/j.burns.2023.05.012,,,1,1
https://openalex.org/w2012945677,https://doi.org/10.1097/bcr.0b013e31828c73dd,https://pubmed.ncbi.nlm.nih.gov/24503966,,0,0
https://openalex.org/w4233083891,https://doi.org/10.1097/00006527-200504000-00005,https://pubmed.ncbi.nlm.nih.gov/15983496,,0,0
https://openalex.org/w2022970779,https://doi.org/10.1097/ta.0b013e318283cca0,https://pubmed.ncbi.nlm.nih.gov/23511154,,1,1
https://openalex.org/w2983684926,https://doi.org/10.1159/000503321,https://pubmed.ncbi.nlm.nih.gov/31694025,,0,0
https://openalex.org/w3034586815,https://doi.org/10.1016/j.janxdis.2020.102261,https://pubmed.ncbi.nlm.nih.gov/32580119,,0,0
https://openalex.org/w2942739139,https://doi.org/10.1093/jbcr/irz067,https://pubmed.ncbi.nlm.nih.gov/31032515,,0,1
https://openalex.org/w2038664829,https://doi.org/10.1007/bf02102967,https://pubmed.ncbi.nlm.nih.gov/7582607,,0,0
https://openalex.org/w4224315378,https://doi.org/10.53350/pjmhs22163172,,,0,0
https://openalex.org/w1977982028,https://doi.org/10.1097/ta.0b013e31819ce2f0,https://pubmed.ncbi.nlm.nih.gov/19359964,,0,0
https://openalex.org/w4237476215,https://doi.org/10.1007/s00192-019-04125-2,https://pubmed.ncbi.nlm.nih.gov/31555841,,0,0
https://openalex.org/w2148904770,https://doi.org/10.1016/j.jpsychires.2015.08.015,https://pubmed.ncbi.nlm.nih.gov/26424424,,0,0
https://openalex.org/w3157121768,https://doi.org/10.1016/j.mpmed.2021.03.002,,,0,0
https://openalex.org/w4230899035,https://doi.org/10.4324/9781315864709,,,0,0
https://openalex.org/w4367189104,https://doi.org/10.3390/cells12091258,,162-350-679-535-09X,0,0
https://openalex.org/w2416822985,https://doi.org/10.1016/s0094-1298(20)30120-6,https://pubmed.ncbi.nlm.nih.gov/4154156,,0,0
https://openalex.org/w2743958965,https://doi.org/10.1177/2192568217708577,,,0,0
https://openalex.org/w2059711622,https://doi.org/10.3109/13651501.2014.981545,https://pubmed.ncbi.nlm.nih.gov/25363198,,1,1
https://openalex.org/w2948149350,https://doi.org/10.1080/20008198.2019.1615346,https://pubmed.ncbi.nlm.nih.gov/31231476,,0,1
https://openalex.org/w2004906911,https://doi.org/10.1016/j.genhosppsych.2014.05.003,https://pubmed.ncbi.nlm.nih.gov/24953259,,1,1
https://openalex.org/w2583530066,https://doi.org/10.1016/j.burns.2016.12.007,,,0,0
https://openalex.org/w2080068496,https://doi.org/10.1038/clpt.1984.167,https://pubmed.ncbi.nlm.nih.gov/6744781,,0,0
https://openalex.org/w1992826531,https://doi.org/10.1016/j.burns.2013.02.008,https://pubmed.ncbi.nlm.nih.gov/23590969,,1,1
https://openalex.org/w3144152528,https://doi.org/10.1093/jbcr/irab032.102,,,0,0
https://openalex.org/w2037507607,https://doi.org/10.7205/milmed-d-11-00149,https://pubmed.ncbi.nlm.nih.gov/22338349,,0,0
https://openalex.org/w2346544020,https://doi.org/10.1016/j.conctc.2016.04.006,https://pubmed.ncbi.nlm.nih.gov/27822569,,0,0
https://openalex.org/w2049583937,https://doi.org/10.1097/00004630-199409000-00008,https://pubmed.ncbi.nlm.nih.gov/7995815,,0,1
https://openalex.org/w2414228277,,,,0,0
https://openalex.org/w1965495466,https://doi.org/10.1097/bcr.0b013e318217f83a,https://pubmed.ncbi.nlm.nih.gov/21552064,,0,0
https://openalex.org/w2073307607,https://doi.org/10.1016/s0305-4179(00)00059-0,https://pubmed.ncbi.nlm.nih.gov/11164661,,0,0
https://openalex.org/w2768230766,https://doi.org/10.1016/j.apmr.2017.10.022,https://pubmed.ncbi.nlm.nih.gov/29183751,,0,0
https://openalex.org/w2900246337,https://doi.org/10.1016/j.envres.2018.11.004,https://pubmed.ncbi.nlm.nih.gov/30458350,,0,0
https://openalex.org/w1973842640,https://doi.org/10.1017/s1049023x12000507,https://pubmed.ncbi.nlm.nih.gov/22587814,,0,0
https://openalex.org/w1992744532,https://doi.org/10.1016/j.injury.2008.06.037,https://pubmed.ncbi.nlm.nih.gov/19419714,,0,0
https://openalex.org/w2921898833,https://doi.org/10.1093/jbcr/irz013.284,,,0,0
https://openalex.org/w2241555927,,https://pubmed.ncbi.nlm.nih.gov/6371652,,0,0
https://openalex.org/w2407646619,,https://pubmed.ncbi.nlm.nih.gov/483170,,0,0
https://openalex.org/w3112139665,https://doi.org/10.2174/1573396316666201210125858,https://pubmed.ncbi.nlm.nih.gov/33302860,,0,0
https://openalex.org/w2466225796,https://doi.org/10.1017/s109285290001943x,https://pubmed.ncbi.nlm.nih.gov/15685120,,0,0
https://openalex.org/w1995096876,https://doi.org/10.1177/003435520104400404,,,0,0
https://openalex.org/w2948579979,,,,0,0
https://openalex.org/w2094783170,https://doi.org/10.1097/ta.0b013e318202edcf,https://pubmed.ncbi.nlm.nih.gov/21817991,,0,0
https://openalex.org/w2158117755,https://doi.org/10.1590/s1415-47142008000100004,,,0,0
https://openalex.org/w2415955398,,,,0,0
https://openalex.org/w4290311458,,,,0,0
https://openalex.org/w2009565311,https://doi.org/10.1186/s13690-015-0069-9,https://pubmed.ncbi.nlm.nih.gov/25897400,,0,1
https://openalex.org/w4283589382,https://doi.org/10.1371/journal.pone.0270424,https://pubmed.ncbi.nlm.nih.gov/35759493,,0,0
https://openalex.org/w4365135933,https://doi.org/10.1002/bies.202300023,,126-485-425-182-047,0,0
https://openalex.org/w60760529,,https://pubmed.ncbi.nlm.nih.gov/19888484,,0,0
https://openalex.org/w4381956921,https://doi.org/10.1093/jbcr/irad045.214,,108-848-709-945-189,0,0
https://openalex.org/w2187999304,,,,0,0
https://openalex.org/w2067018456,https://doi.org/10.5958/0973-9130.2014.00673.2,,,0,0
https://openalex.org/w2012893279,https://doi.org/10.1097/00004630-200021020-00005,https://pubmed.ncbi.nlm.nih.gov/10752742,,0,1
https://openalex.org/w2026507114,https://doi.org/10.1016/s0305-4179(99)00070-4,https://pubmed.ncbi.nlm.nih.gov/10563681,,0,0
https://openalex.org/w2566596571,https://doi.org/10.1016/j.dhjo.2016.12.013,https://pubmed.ncbi.nlm.nih.gov/28065738,,0,0
https://openalex.org/w2529837816,https://doi.org/10.1016/j.burns.2016.09.012,https://pubmed.ncbi.nlm.nih.gov/27707641,,1,1
https://openalex.org/w2053621393,https://doi.org/10.1097/00004703-199504000-00008,https://pubmed.ncbi.nlm.nih.gov/7790516,,0,0
https://openalex.org/w3133880857,https://doi.org/10.29252/wjps.10.1.66,https://pubmed.ncbi.nlm.nih.gov/33833956,,0,0
https://openalex.org/w2743716701,https://doi.org/10.1016/j.burns.2017.07.004,https://pubmed.ncbi.nlm.nih.gov/28801148,,0,0
https://openalex.org/w2605878458,https://doi.org/10.1007/s40653-017-0145-0,https://pubmed.ncbi.nlm.nih.gov/32318154,,0,0
https://openalex.org/w2106544934,https://doi.org/10.1016/j.aip.2009.09.007,,,0,0
https://openalex.org/w4242711669,https://doi.org/10.1002/wps.20538,,,0,0
https://openalex.org/w2405742931,https://doi.org/10.1016/s0029-6465(22)02083-7,https://pubmed.ncbi.nlm.nih.gov/248738,,0,0
https://openalex.org/w4253536845,https://doi.org/10.4324/9780203891339-16,,,0,0
https://openalex.org/w2142966510,https://doi.org/10.1016/j.burns.2012.10.022,https://pubmed.ncbi.nlm.nih.gov/23260999,,0,0
https://openalex.org/w2060902472,https://doi.org/10.1097/00004583-198907000-00020,https://pubmed.ncbi.nlm.nih.gov/2768154,,0,1
https://openalex.org/w2011932409,https://doi.org/10.1176/ajp.2006.163.6.1084,https://pubmed.ncbi.nlm.nih.gov/16741210,,0,1
https://openalex.org/w2614784983,https://doi.org/10.1080/00909882.2017.1320573,,,0,0
https://openalex.org/w2792470857,https://doi.org/10.1093/jbcr/iry004,https://pubmed.ncbi.nlm.nih.gov/29931173,,0,0
https://openalex.org/w4283030175,https://doi.org/10.1016/j.encep.2022.02.001,,121-866-358-003-164,0,0
https://openalex.org/w1987074035,https://doi.org/10.1016/j.burns.2013.04.024,https://pubmed.ncbi.nlm.nih.gov/23768714,,0,0
https://openalex.org/w4382182744,https://doi.org/10.1097/jom.0000000000002919,,011-823-522-170-071,0,0
https://openalex.org/w4385073852,https://doi.org/10.1186/s12903-023-03235-0,,155-457-308-505-015,0,0
https://openalex.org/w1972819855,https://doi.org/10.3928/0090-4481-19760301-06,,,0,0
https://openalex.org/w2043642244,https://doi.org/10.1097/00004630-199805000-00017,https://pubmed.ncbi.nlm.nih.gov/9622475,,0,0
https://openalex.org/w2408927744,,,,0,0
https://openalex.org/w2327680946,https://doi.org/10.1097/mcp.0000000000000143,https://pubmed.ncbi.nlm.nih.gov/25575366,,0,0
https://openalex.org/w2398379320,https://doi.org/10.1016/j.burns.2016.01.018,https://pubmed.ncbi.nlm.nih.gov/27215148,,0,0
https://openalex.org/w2411626343,,,,0,0
https://openalex.org/w2508174971,https://doi.org/10.1016/j.burns.2016.06.001,https://pubmed.ncbi.nlm.nih.gov/27576933,,0,1
https://openalex.org/w4390176081,https://doi.org/10.3390/children11010023,,065-649-001-261-427,0,0
https://openalex.org/w2013583875,https://doi.org/10.1097/ta.0b013e31819d9c21,https://pubmed.ncbi.nlm.nih.gov/19359965,,1,1
https://openalex.org/w2802366215,https://doi.org/10.1016/j.compbiomed.2018.04.019,https://pubmed.ncbi.nlm.nih.gov/29715597,,0,0
https://openalex.org/w4220698546,https://doi.org/10.1016/j.jpainsymman.2022.03.008,,051-526-577-323-012,0,0
https://openalex.org/w3025778949,https://doi.org/10.1177/000313481808400851,https://pubmed.ncbi.nlm.nih.gov/30185315,,1,1
https://openalex.org/w4200276356,https://doi.org/10.1017/thg.2021.44,https://pubmed.ncbi.nlm.nih.gov/34789357,,0,0
https://openalex.org/w1992896263,https://doi.org/10.1016/s0924-977x(11)70728-3,,,0,0
https://openalex.org/w4296425457,https://doi.org/10.1093/jbcr/irac092,https://pubmed.ncbi.nlm.nih.gov/35988021,,0,0
https://openalex.org/w2166171407,https://doi.org/10.1371/journal.pone.0041532,https://pubmed.ncbi.nlm.nih.gov/22911810,,0,1
https://openalex.org/w2172234904,https://doi.org/10.13109/prkk.2008.57.4.247,https://pubmed.ncbi.nlm.nih.gov/18575054,,0,0
https://openalex.org/w2792328360,https://doi.org/10.1007/s10072-018-3315-4,,,0,0
https://openalex.org/w2110503531,https://doi.org/10.1089/109493102321018169,https://pubmed.ncbi.nlm.nih.gov/12556115,,0,0
https://openalex.org/w3023415904,https://doi.org/10.1080/17441692.2020.1761424,https://pubmed.ncbi.nlm.nih.gov/32379009,,0,0
https://openalex.org/w2015778338,https://doi.org/10.1097/00004630-200103000-00021,https://pubmed.ncbi.nlm.nih.gov/11302609,,0,0
https://openalex.org/w2079556278,https://doi.org/10.1097/nmd.0b013e3181bea555,https://pubmed.ncbi.nlm.nih.gov/19996724,,1,1
https://openalex.org/w4376603036,https://doi.org/10.1093/jbcr/irad045.053,,183-443-067-133-895,0,0
https://openalex.org/w1991182707,https://doi.org/10.1001/archsurg.1986.01400030120019,https://pubmed.ncbi.nlm.nih.gov/3080979,,0,0
https://openalex.org/w4386143297,https://doi.org/10.1016/j.burns.2023.08.014,,185-251-306-912-770,0,1
https://openalex.org/w1986016087,https://doi.org/10.1590/s0103-21002007000300013,,,0,0
https://openalex.org/w2143473737,,https://pubmed.ncbi.nlm.nih.gov/21494441,,0,1
https://openalex.org/w3116687235,https://doi.org/10.1007/978-3-030-39193-5_8,,072-297-000-781-241,0,0
https://openalex.org/w2411308921,,,,0,0
https://openalex.org/w2903985624,https://doi.org/10.5958/0973-9130.2018.00203.7,,,0,0
https://openalex.org/w3177063303,https://doi.org/10.1016/j.ecochg.2021.100012,,,0,0
https://openalex.org/w2411018431,,https://pubmed.ncbi.nlm.nih.gov/12042158,,0,0
https://openalex.org/w2067646405,https://doi.org/10.1016/j.jpsychores.2007.02.005,https://pubmed.ncbi.nlm.nih.gov/17905046,,0,0
https://openalex.org/w134105273,,https://pubmed.ncbi.nlm.nih.gov/12640323,,0,0
https://openalex.org/w2765158879,https://doi.org/10.1016/j.apnu.2017.10.014,,,0,0
https://openalex.org/w3183690473,,,,0,0
https://openalex.org/w2026001033,https://doi.org/10.1111/j.1365-2133.2007.08278.x,https://pubmed.ncbi.nlm.nih.gov/17986307,,1,1
https://openalex.org/w4240778075,https://doi.org/10.1016/j.jaad.2017.04.357,,,0,0
https://openalex.org/w2006581216,https://doi.org/10.4088/jcp.v64n1012,https://pubmed.ncbi.nlm.nih.gov/14658971,,0,0
https://openalex.org/w2966809196,https://doi.org/10.1111/bjhp.12384,https://pubmed.ncbi.nlm.nih.gov/31389153,,0,0
https://openalex.org/w2913391003,https://doi.org/10.1002/da.22881,https://pubmed.ncbi.nlm.nih.gov/30681235,,0,0
https://openalex.org/w4283216928,https://doi.org/10.4081/ejtm.2022.10482,https://pubmed.ncbi.nlm.nih.gov/35727219,,0,0
https://openalex.org/w3199836235,https://doi.org/10.1016/s1590-8658(21)00575-2,,,0,0
https://openalex.org/w2796871750,https://doi.org/10.1093/jbcr/iry006.311,,,0,0
https://openalex.org/w2145798393,https://doi.org/10.1016/s0165-0327(02)00218-5,https://pubmed.ncbi.nlm.nih.gov/14672795,,0,0
https://openalex.org/w1987852843,https://doi.org/10.1016/j.burns.2011.09.003,https://pubmed.ncbi.nlm.nih.gov/22040931,,0,0
https://openalex.org/w2013769159,https://doi.org/10.1097/00004630-199301000-00018,https://pubmed.ncbi.nlm.nih.gov/8454673,,0,0
https://openalex.org/w1580575795,https://doi.org/10.1007/s10039-008-1431-8,,,0,0
https://openalex.org/w3016626784,https://doi.org/10.1093/jbcr/iraa049,https://pubmed.ncbi.nlm.nih.gov/32303748,,0,0
https://openalex.org/w1966181133,https://doi.org/10.1016/j.ijnss.2014.10.018,,,0,0
https://openalex.org/w2257124253,,,,0,0
https://openalex.org/w2016438533,https://doi.org/10.1097/00004630-200203000-00012,https://pubmed.ncbi.nlm.nih.gov/11882804,,0,0
https://openalex.org/w3020017182,https://doi.org/10.1016/j.tmaid.2020.101682,https://pubmed.ncbi.nlm.nih.gov/32325123,,0,0
https://openalex.org/w1971357420,https://doi.org/10.1016/s0924-9338(11)73451-4,,,0,0
https://openalex.org/w2253850283,,,,0,0
https://openalex.org/w2921776425,https://doi.org/10.1093/jbcr/irz013.322,,,0,0
https://openalex.org/w2087493364,https://doi.org/10.1016/s0005-7967(99)00069-8,https://pubmed.ncbi.nlm.nih.gov/10846804,,0,0
https://openalex.org/w4323361053,https://doi.org/10.3390/ebj4010010,,094-805-847-988-770,0,0
https://openalex.org/w2484407345,https://doi.org/10.1016/b978-0-323-47661-4.00017-4,,,0,0
https://openalex.org/w2014039505,https://doi.org/10.1016/j.burns.2012.07.024,https://pubmed.ncbi.nlm.nih.gov/23313018,,0,0
https://openalex.org/w2969360892,https://doi.org/10.1016/j.burns.2019.07.036,https://pubmed.ncbi.nlm.nih.gov/31439395,,0,0
https://openalex.org/w2194688242,https://doi.org/10.1016/j.genhosppsych.2015.10.004,https://pubmed.ncbi.nlm.nih.gov/26596191,,0,1
https://openalex.org/w3119112964,https://doi.org/10.1111/apa.15748,,,0,0
https://openalex.org/w2794349738,https://doi.org/10.7205/milmed.172.2.196,https://pubmed.ncbi.nlm.nih.gov/17357776,,0,0
https://openalex.org/w4220847377,https://doi.org/10.1093/jbcr/irac012.030,,,0,0
https://openalex.org/w3184848569,https://doi.org/10.1097/ta.0000000000003365,https://pubmed.ncbi.nlm.nih.gov/34284470,,0,1
https://openalex.org/w3047159978,https://doi.org/10.7759/cureus.9546,https://pubmed.ncbi.nlm.nih.gov/32905467,,0,0
https://openalex.org/w1988447201,https://doi.org/10.1097/00004032-198310000-00004,https://pubmed.ncbi.nlm.nih.gov/6629780,,0,0
https://openalex.org/w2484874592,https://doi.org/10.1016/j.injury.2016.07.032,https://pubmed.ncbi.nlm.nih.gov/27476885,,0,0
https://openalex.org/w2081765976,https://doi.org/10.1097/00004630-199511000-00012,https://pubmed.ncbi.nlm.nih.gov/8582942,,0,0
https://openalex.org/w104332716,https://doi.org/10.3233/nre-2010-0559,https://pubmed.ncbi.nlm.nih.gov/20448313,,0,0
https://openalex.org/w4214813571,https://doi.org/10.7860/jcdr/2022/43626.16017,,,0,0
https://openalex.org/w2154898048,https://doi.org/10.1097/00004583-200108000-00013,https://pubmed.ncbi.nlm.nih.gov/11501691,,0,0
https://openalex.org/w3141029526,https://doi.org/10.1093/jbcr/irab032.273,,,0,0
https://openalex.org/w3024418631,https://doi.org/10.3760/cma.j.issn.1009-2587.2019.08.008,https://pubmed.ncbi.nlm.nih.gov/31474040,,0,0
https://openalex.org/w2800353929,https://doi.org/10.35845/kmuj.2018.17508,,,1,1
https://openalex.org/w3193542852,https://doi.org/10.1016/j.chiabu.2021.105251,https://pubmed.ncbi.nlm.nih.gov/34392024,,0,0
https://openalex.org/w3025371178,,,,0,0
https://openalex.org/w2527783295,https://doi.org/10.1016/j.hcl.2016.07.007,https://pubmed.ncbi.nlm.nih.gov/27712749,,0,0
https://openalex.org/w2050742162,https://doi.org/10.1162/jocn.2007.19.10.1595,https://pubmed.ncbi.nlm.nih.gov/17854280,,0,0
https://openalex.org/w4200416231,https://doi.org/10.1016/j.euroneuro.2021.10.189,,,0,0
https://openalex.org/w3037548190,https://doi.org/10.3760/cma.j.cn501120-20200412-00221,https://pubmed.ncbi.nlm.nih.gov/32594698,,0,0
https://openalex.org/w2038475183,https://doi.org/10.1016/s0733-8627(05)70128-0,https://pubmed.ncbi.nlm.nih.gov/10767888,,0,0
https://openalex.org/w2060284381,https://doi.org/10.1097/bcr.0b013e31823dc710,https://pubmed.ncbi.nlm.nih.gov/22210072,,0,0
https://openalex.org/w3215091564,https://doi.org/10.1111/jnu.12703,https://pubmed.ncbi.nlm.nih.gov/34841644,,0,1
https://openalex.org/w2597509365,https://doi.org/10.1186/s12888-017-1269-3,https://pubmed.ncbi.nlm.nih.gov/28320355,,0,0
https://openalex.org/w2945852004,https://doi.org/10.1016/j.burns.2019.04.021,https://pubmed.ncbi.nlm.nih.gov/31126776,,0,0
https://openalex.org/w2987087963,https://doi.org/10.1093/jbcr/irz185,https://pubmed.ncbi.nlm.nih.gov/31710682,,0,0
https://openalex.org/w2400013426,,,,0,0
https://openalex.org/w1965026812,https://doi.org/10.1097/nmd.0b013e31823fafdf,https://pubmed.ncbi.nlm.nih.gov/22210371,,0,0
https://openalex.org/w2329971514,https://doi.org/10.1097/bcr.0b013e318200ccb6,https://pubmed.ncbi.nlm.nih.gov/20966759,,0,0
https://openalex.org/w2420817151,,,,0,0
https://openalex.org/w3052243840,https://doi.org/10.1186/s13031-020-00306-9,https://pubmed.ncbi.nlm.nih.gov/32843894,,0,0
https://openalex.org/w2974666002,https://doi.org/10.1177/0897190019876497,https://pubmed.ncbi.nlm.nih.gov/31537149,,0,0
https://openalex.org/w2077463233,https://doi.org/10.1080/09638239550037848,,,0,0
https://openalex.org/w2131587212,https://doi.org/10.1001/archpsyc.1967.01730270021005,https://pubmed.ncbi.nlm.nih.gov/4242753,,0,0
https://openalex.org/w2041734443,https://doi.org/10.1016/j.biopsych.2013.04.019,,,0,0
https://openalex.org/w2033404332,https://doi.org/10.1097/00003246-199301000-00009,https://pubmed.ncbi.nlm.nih.gov/8420726,,0,0
https://openalex.org/w1978388567,https://doi.org/10.1097/00004630-199403000-00010,https://pubmed.ncbi.nlm.nih.gov/8195257,,0,1
https://openalex.org/w2074612681,https://doi.org/10.1097/bcr.0b013e3182223c46,https://pubmed.ncbi.nlm.nih.gov/21747333,,0,1
https://openalex.org/w4280510236,https://doi.org/10.1093/jbcr/irac064,https://pubmed.ncbi.nlm.nih.gov/35592884,,0,0
https://openalex.org/w1996251654,https://doi.org/10.1177/000992288802700409,https://pubmed.ncbi.nlm.nih.gov/3349732,,0,0
https://openalex.org/w2083103509,https://doi.org/10.1097/bcr.0b013e31802c896f,https://pubmed.ncbi.nlm.nih.gov/17211196,,0,0
https://openalex.org/w2023511184,https://doi.org/10.1016/j.jamcollsurg.2014.07.755,,,0,0
https://openalex.org/w2916469722,https://doi.org/10.1016/j.burns.2009.09.001,https://pubmed.ncbi.nlm.nih.gov/19854579,,0,0
https://openalex.org/w2042200047,https://doi.org/10.1016/s0045-9380(76)80004-7,,,0,0
https://openalex.org/w2148479635,https://doi.org/10.1517/14656566.9.11.1895,https://pubmed.ncbi.nlm.nih.gov/18627328,,0,0
https://openalex.org/w2009217403,https://doi.org/10.1007/bf00839913,,,0,0
https://openalex.org/w2056099085,https://doi.org/10.1016/0163-8343(86)90058-7,https://pubmed.ncbi.nlm.nih.gov/3943710,,0,0
https://openalex.org/w2163226254,https://doi.org/10.1177/1049732311405686,https://pubmed.ncbi.nlm.nih.gov/21490293,,0,0
https://openalex.org/w2413065573,,https://pubmed.ncbi.nlm.nih.gov/6387750,,0,0
https://openalex.org/w2347189468,https://doi.org/10.1016/j.burns.2016.04.006,https://pubmed.ncbi.nlm.nih.gov/27156805,,0,0
https://openalex.org/w2023325252,https://doi.org/10.1111/j.1749-6632.1999.tb07968.x,https://pubmed.ncbi.nlm.nih.gov/10842645,,0,0
https://openalex.org/w2024119334,https://doi.org/10.1016/s0194-5998(98)70376-6,https://pubmed.ncbi.nlm.nih.gov/9450830,,0,0
https://openalex.org/w4210971296,https://doi.org/10.1111/ner.13133,https://pubmed.ncbi.nlm.nih.gov/32342616,,0,0
https://openalex.org/w2120523641,https://doi.org/10.1016/j.burns.2009.06.122,,,0,0
https://openalex.org/w2032870221,https://doi.org/10.1177/1460408611400813,,,0,0
https://openalex.org/w2397516243,https://doi.org/10.1289/ehp.1510348,https://pubmed.ncbi.nlm.nih.gov/26794669,,0,0
https://openalex.org/w2010807060,https://doi.org/10.1016/j.genhosppsych.2003.06.001,https://pubmed.ncbi.nlm.nih.gov/14757306,,0,1
https://openalex.org/w2027122604,https://doi.org/10.1016/j.genhosppsych.2006.08.010,https://pubmed.ncbi.nlm.nih.gov/17088165,,0,0
https://openalex.org/w1989500473,https://doi.org/10.1097/00005373-198904000-00009,https://pubmed.ncbi.nlm.nih.gov/2709454,,0,1
https://openalex.org/w2060700486,https://doi.org/10.1089/109493103321640310,https://pubmed.ncbi.nlm.nih.gov/12804024,,0,0
https://openalex.org/w4231127079,https://doi.org/10.1093/med:psych/9780199733668.003.0007,,,0,0
https://openalex.org/w2392742950,https://doi.org/10.1176/ajp.149.7.931,https://pubmed.ncbi.nlm.nih.gov/1609874,,1,1
https://openalex.org/w2030622327,https://doi.org/10.1176/ajp.128.1.58,https://pubmed.ncbi.nlm.nih.gov/4264780,,0,0
https://openalex.org/w2607110312,https://doi.org/10.1097/htr.0000000000000304,https://pubmed.ncbi.nlm.nih.gov/28422897,,0,0
https://openalex.org/w2796683916,https://doi.org/10.1093/jbcr/irz020,https://pubmed.ncbi.nlm.nih.gov/30806462,,0,0
https://openalex.org/w149510311,,https://pubmed.ncbi.nlm.nih.gov/17093380,,0,0
https://openalex.org/w2902316249,https://doi.org/10.1186/s12913-018-3724-3,https://pubmed.ncbi.nlm.nih.gov/30486854,,0,0
https://openalex.org/w2324394441,https://doi.org/10.1037/a0028002,,,1,1
https://openalex.org/w1975112340,https://doi.org/10.1097/ta.0b013e318160ba1d,https://pubmed.ncbi.nlm.nih.gov/18376165,,0,0
https://openalex.org/w3107298918,https://doi.org/10.1016/j.jflm.2020.102085,https://pubmed.ncbi.nlm.nih.gov/33242745,,0,0
https://openalex.org/w3215398648,https://doi.org/10.1080/10790268.2021.1982177,,003-865-893-338-449,0,0
https://openalex.org/w2028393208,https://doi.org/10.2340/16501977-0005,https://pubmed.ncbi.nlm.nih.gov/17225038,,0,0
https://openalex.org/w3097530732,https://doi.org/10.1016/j.scitotenv.2020.142938,https://pubmed.ncbi.nlm.nih.gov/33138998,,0,0
https://openalex.org/w3134453465,https://doi.org/10.3760/cma.j.cn501120-20200210-00048,https://pubmed.ncbi.nlm.nih.gov/33706428,,0,0
https://openalex.org/w1945323503,https://doi.org/10.1111/bjd.12162,https://pubmed.ncbi.nlm.nih.gov/23252956,,0,0
https://openalex.org/w2594826825,https://doi.org/10.1007/s00134-017-4726-z,,,0,0
https://openalex.org/w2802835778,https://doi.org/10.1097/htr.0000000000000401,,,0,0
https://openalex.org/w2032221513,https://doi.org/10.1016/j.burns.2014.03.011,https://pubmed.ncbi.nlm.nih.gov/24742782,,0,1
https://openalex.org/w1976806161,https://doi.org/10.1016/j.neurenf.2005.05.005,,,0,0
https://openalex.org/w2921774553,https://doi.org/10.1093/jbcr/irz013.189,,,0,0
https://openalex.org/w3021847444,https://doi.org/10.1177/2040622319894469,https://pubmed.ncbi.nlm.nih.gov/32523661,,0,0
https://openalex.org/w75127171,https://doi.org/10.1201/9781420039191.ch37,,,0,0
https://openalex.org/w4212864742,https://doi.org/10.3390/ebj3010011,,015-320-919-438-524,0,0
https://openalex.org/w4312064831,https://doi.org/10.1186/s12913-022-08772-y,,180-566-239-402-483,0,0
https://openalex.org/w1968423650,https://doi.org/10.1016/s0191-8869(00)00096-9,,,0,0
https://openalex.org/w2102146084,https://doi.org/10.1016/j.bjps.2005.08.004,https://pubmed.ncbi.nlm.nih.gov/16482790,,0,0
https://openalex.org/w3210778636,,,,0,0
https://openalex.org/w1969630500,https://doi.org/10.1016/j.cmrp.2015.03.004,,,0,0
https://openalex.org/w1543179196,https://doi.org/10.1590/s0104-11692000000300004,https://pubmed.ncbi.nlm.nih.gov/11111685,,0,0
https://openalex.org/w2133632695,https://doi.org/10.3109/09540260903343877,https://pubmed.ncbi.nlm.nih.gov/19919206,,0,0
https://openalex.org/w2984133170,https://doi.org/10.3889/oamjms.2019.399,https://pubmed.ncbi.nlm.nih.gov/31777630,,0,0
https://openalex.org/w2034936850,https://doi.org/10.1517/14656566.4.3.369,https://pubmed.ncbi.nlm.nih.gov/12614189,,0,0
https://openalex.org/w4254265942,https://doi.org/10.1093/trstmh/trz097,,,0,0
https://openalex.org/w2326464462,https://doi.org/10.1097/bcr.0b013e318217f97a,https://pubmed.ncbi.nlm.nih.gov/21562462,,0,1
https://openalex.org/w2169069134,https://doi.org/10.1046/j.1365-4362.2002.01473.x,https://pubmed.ncbi.nlm.nih.gov/12358834,,0,0
https://openalex.org/w4295202606,https://doi.org/10.31887/dcns.2011.13.2/nandreasen,,,0,0
https://openalex.org/w1999947241,https://doi.org/10.1016/j.burns.2012.10.025,https://pubmed.ncbi.nlm.nih.gov/23182650,,0,0
https://openalex.org/w2129125431,https://doi.org/10.1016/0885-3924(95)00083-b,https://pubmed.ncbi.nlm.nih.gov/7561227,,0,0
https://openalex.org/w2594767196,https://doi.org/10.1016/j.circir.2017.02.002,https://pubmed.ncbi.nlm.nih.gov/28279397,,0,0
https://openalex.org/w2885535754,https://doi.org/10.2486/indhealth.2018-0040,https://pubmed.ncbi.nlm.nih.gov/30089764,,0,0
https://openalex.org/w4280605355,https://doi.org/10.1016/j.burns.2022.05.001,https://pubmed.ncbi.nlm.nih.gov/35842271,,0,0
https://openalex.org/w2768485118,https://doi.org/10.1136/bmjspcare-2017-hospice.61,,,0,0
https://openalex.org/w2031737401,https://doi.org/10.1016/s0034-7450(14)60243-2,,,0,0
https://openalex.org/w877246586,https://doi.org/10.1016/j.burns.2015.05.018,https://pubmed.ncbi.nlm.nih.gov/26188886,,0,0
https://openalex.org/w2152158086,https://doi.org/10.17533/udea.iee.v32n1a06,https://pubmed.ncbi.nlm.nih.gov/25229903,,0,0
https://openalex.org/w4288269207,https://doi.org/10.1111/all.13961,,,0,0
https://openalex.org/w2996754180,https://doi.org/10.1111/bjd.18726,,,0,0
https://openalex.org/w4243299410,https://doi.org/10.37506/ijfmt.v14i4.11712,,,0,0
https://openalex.org/w2162961610,https://doi.org/10.1007/978-0-387-48670-3_9,,,0,0
https://openalex.org/w3101264197,https://doi.org/10.1177/2045125320964097,https://pubmed.ncbi.nlm.nih.gov/33224467,,0,0
https://openalex.org/w2396662713,,,,0,0
https://openalex.org/w2231643545,https://doi.org/10.1016/j.burns.2016.03.002,https://pubmed.ncbi.nlm.nih.gov/27033802,,0,0
https://openalex.org/w3081497917,https://doi.org/10.1111/iwj.13478,https://pubmed.ncbi.nlm.nih.gov/32820612,,0,0
https://openalex.org/w4377115583,https://doi.org/10.1016/j.janxdis.2023.102730,,139-259-501-262-96X,0,0
https://openalex.org/w2894467258,https://doi.org/10.1097/ta.0000000000002072,https://pubmed.ncbi.nlm.nih.gov/30256329,,0,0
https://openalex.org/w2104118548,https://doi.org/10.1093/jpepsy/jsn050,,065-741-244-422-24X,0,0
https://openalex.org/w2011748700,https://doi.org/10.1378/chest.10897,,,0,0
https://openalex.org/w1903341394,,,,0,0
https://openalex.org/w3022583729,https://doi.org/10.14273/unisa-2688,https://pubmed.ncbi.nlm.nih.gov/28775963,,0,0
https://openalex.org/w2076125639,https://doi.org/10.1016/s0033-3182(97)71445-2,https://pubmed.ncbi.nlm.nih.gov/9217408,,1,1
https://openalex.org/w3189378594,https://doi.org/10.3138/jmvfh-2020-0047,,,0,0
https://openalex.org/w4312222067,https://doi.org/10.1016/j.burns.2022.12.007,,,0,0
https://openalex.org/w2916896872,https://doi.org/10.1016/j.burns.2012.10.002,https://pubmed.ncbi.nlm.nih.gov/23067558,,0,0
https://openalex.org/w3202942515,https://doi.org/10.1007/s40719-021-00216-y,,,0,0
https://openalex.org/w4323295095,https://doi.org/10.26355/eurrev_202302_31365,,,0,0
https://openalex.org/w2054263398,https://doi.org/10.1097/00005373-197908000-00002,https://pubmed.ncbi.nlm.nih.gov/469967,,0,0
https://openalex.org/w2519553781,https://doi.org/10.1007/s40719-016-0060-0,,,0,0
https://openalex.org/w3113080115,https://doi.org/10.1016/j.burns.2020.11.012,https://pubmed.ncbi.nlm.nih.gov/33941399,,0,0
https://openalex.org/w3125372758,https://doi.org/10.1111/iwj.13548,https://pubmed.ncbi.nlm.nih.gov/33465280,,0,0
https://openalex.org/w4307954053,https://doi.org/10.1016/j.pmn.2022.09.006,https://pubmed.ncbi.nlm.nih.gov/36319550,,0,0
https://openalex.org/w2170250753,https://doi.org/10.33151/ajp.4.1.359,,,0,0
https://openalex.org/w2021535758,https://doi.org/10.1097/00004630-198605000-00031,,,0,0
https://openalex.org/w2056752779,https://doi.org/10.1016/j.burns.2005.08.027,https://pubmed.ncbi.nlm.nih.gov/16448773,,0,0
https://openalex.org/w2030449463,https://doi.org/10.1136/bmj.g119,,078-641-680-672-257,0,0
https://openalex.org/w4306409730,https://doi.org/10.1111/iwj.13983,,143-067-146-329-012,0,1
https://openalex.org/w1987995282,https://doi.org/10.1111/j.1445-2197.2008.04566.x,,,0,0
https://openalex.org/w2462678201,,https://pubmed.ncbi.nlm.nih.gov/1961591,,0,0
https://openalex.org/w4382862562,https://doi.org/10.1093/jbcr/irad045.073,,090-091-546-718-155,0,0
https://openalex.org/w2341196798,,https://pubmed.ncbi.nlm.nih.gov/1633667,,0,0
https://openalex.org/w2043202008,https://doi.org/10.1097/00004630-200021040-00015,,,0,0
https://openalex.org/w2401678414,,,,0,0
https://openalex.org/w3041915535,https://doi.org/10.2486/indhealth.2020-0079,https://pubmed.ncbi.nlm.nih.gov/32655085,,0,0
https://openalex.org/w2985920794,https://doi.org/10.1016/j.burns.2019.10.002,https://pubmed.ncbi.nlm.nih.gov/31694789,,0,0
https://openalex.org/w1999185199,https://doi.org/10.1097/00000433-200112000-00008,https://pubmed.ncbi.nlm.nih.gov/11764905,,0,0
https://openalex.org/w2102462460,https://doi.org/10.1016/j.burns.2015.02.020,https://pubmed.ncbi.nlm.nih.gov/26359733,,0,0
https://openalex.org/w4246543335,https://doi.org/10.1177/107319119900600311,,,0,0
https://openalex.org/w2014397717,https://doi.org/10.1016/j.burns.2010.04.004,https://pubmed.ncbi.nlm.nih.gov/20483541,,1,1
https://openalex.org/w4255692984,https://doi.org/10.4324/9780203995501-22,,,0,0
https://openalex.org/w2912452653,https://doi.org/10.1891/9780826198761.0011,,,0,0
https://openalex.org/w2794366182,https://doi.org/10.5958/0974-360x.2017.00739.9,,,0,0
https://openalex.org/w2006571790,https://doi.org/10.1097/01.nmd.0000224905.61388.39,https://pubmed.ncbi.nlm.nih.gov/16840854,,0,0
https://openalex.org/w3201396134,https://doi.org/10.1016/j.nurpra.2021.08.018,,,0,0
https://openalex.org/w2157532655,https://doi.org/10.3402/ejpt.v5.24402,https://pubmed.ncbi.nlm.nih.gov/24987498,,0,0
https://openalex.org/w2119692904,https://doi.org/10.1016/j.jpsychores.2009.04.002,https://pubmed.ncbi.nlm.nih.gov/19686881,,0,0
https://openalex.org/w3002364285,https://doi.org/10.1007/s00238-019-01604-z,,,0,0
https://openalex.org/w3024058123,,https://pubmed.ncbi.nlm.nih.gov/30228694,,0,0
https://openalex.org/w2118603307,https://doi.org/10.1016/j.burns.2006.10.399,https://pubmed.ncbi.nlm.nih.gov/17382189,,0,1
https://openalex.org/w2785741518,https://doi.org/10.3889/oamjms.2018.054,https://pubmed.ncbi.nlm.nih.gov/29484026,,0,0
https://openalex.org/w3025531024,,https://pubmed.ncbi.nlm.nih.gov/31000877,,0,0
https://openalex.org/w2102024388,https://doi.org/10.1016/j.burns.2009.06.121,,,0,0
https://openalex.org/w2796885759,https://doi.org/10.1093/jbcr/iry006.351,,,0,0
https://openalex.org/w2123701983,https://doi.org/10.1080/10398560701636955,https://pubmed.ncbi.nlm.nih.gov/18335365,,0,0
https://openalex.org/w2077615334,https://doi.org/10.1097/bcr.0b013e318093e4db,,025-524-797-372-260,0,0
https://openalex.org/w4214940428,https://doi.org/10.3389/fpsyg.2022.813746,https://pubmed.ncbi.nlm.nih.gov/35310225,,0,0
https://openalex.org/w4229014275,https://doi.org/10.1016/j.jpain.2022.03.124,,,0,0
https://openalex.org/w2798164990,https://doi.org/10.1093/jbcr/iry006.372,,,0,0
https://openalex.org/w2363064722,https://doi.org/10.1016/j.eurpsy.2016.01.2149,,111-122-294-384-775,0,0
https://openalex.org/w4281938508,https://doi.org/10.1080/15325024.2022.2079204,,,0,0
https://openalex.org/w1978991289,https://doi.org/10.1111/j.1365-2702.2008.02302.x,https://pubmed.ncbi.nlm.nih.gov/18578765,,0,0
https://openalex.org/w2084358530,https://doi.org/10.1097/01.bcr.0000105092.81609.7b,https://pubmed.ncbi.nlm.nih.gov/14726740,,0,0
https://openalex.org/w2097263490,https://doi.org/10.1016/j.jep.2013.09.047,https://pubmed.ncbi.nlm.nih.gov/24140586,,0,0
https://openalex.org/w4210569036,https://doi.org/10.3390/ijerph19031338,https://pubmed.ncbi.nlm.nih.gov/35162360,,0,0
https://openalex.org/w1974591836,https://doi.org/10.1177/146642409811800513,https://pubmed.ncbi.nlm.nih.gov/10076688,,0,0
https://openalex.org/w4294915443,https://doi.org/10.1016/j.smrv.2022.101662,https://pubmed.ncbi.nlm.nih.gov/36087455,,0,0
https://openalex.org/w4251426651,https://doi.org/10.1111/j.1526-4637.2008.00537.x,,,0,0
https://openalex.org/w4205457894,https://doi.org/10.1177/20595131211047694,https://pubmed.ncbi.nlm.nih.gov/35003761,,0,0
https://openalex.org/w284062879,https://doi.org/10.1093/oxfordhb/9780195399066.013.0006,,044-956-047-790-963,0,0
https://openalex.org/w3023521305,https://doi.org/10.1136/bmjstel-2018-aspihconf.16,,,0,0
https://openalex.org/w2411200191,https://doi.org/10.1093/sleep/25.7.765,https://pubmed.ncbi.nlm.nih.gov/12405613,,1,1
https://openalex.org/w2242353387,,,,0,0
https://openalex.org/w2428572903,https://doi.org/10.1038/sj.bdj.2009.1153,https://pubmed.ncbi.nlm.nih.gov/19639097,,0,0
https://openalex.org/w2607271375,https://doi.org/10.1016/j.physio.2011.04.003,,,0,0
https://openalex.org/w4382812194,https://doi.org/10.1093/jbcr/irad045.054,,112-085-865-405-717,0,0
https://openalex.org/w3034884765,https://doi.org/10.1016/j.burns.2020.05.032,https://pubmed.ncbi.nlm.nih.gov/33277094,,0,0
https://openalex.org/w1041896832,https://doi.org/10.1038/npp.2013.279,,,0,0
https://openalex.org/w4237969544,https://doi.org/10.1111/epi.16335,https://pubmed.ncbi.nlm.nih.gov/31675099,,0,0
https://openalex.org/w2756913406,https://doi.org/10.1093/jtm/tax052,https://pubmed.ncbi.nlm.nih.gov/28931145,,0,0
https://openalex.org/w2260276139,,,,0,0
https://openalex.org/w1980632658,https://doi.org/10.1097/00004630-198307000-00004,,,0,0
https://openalex.org/w2922329809,https://doi.org/10.1093/jbcr/irz013.324,,,0,0
https://openalex.org/w2176793728,https://doi.org/10.1007/978-3-319-11005-9_16,,,0,0
https://openalex.org/w2078494985,https://doi.org/10.1016/j.siny.2006.10.003,https://pubmed.ncbi.nlm.nih.gov/17142118,,0,0
https://openalex.org/w2400978818,https://doi.org/10.1186/s41038-016-0044-x,https://pubmed.ncbi.nlm.nih.gov/27574687,,0,0
https://openalex.org/w3086466422,https://doi.org/10.5958/0974-083x.2020.00058.8,,,0,0
https://openalex.org/w3148827205,https://doi.org/10.1016/j.joms.2021.03.008,https://pubmed.ncbi.nlm.nih.gov/33974919,,0,0
https://openalex.org/w2317817496,https://doi.org/10.1097/ta.0b013e318208fc74,https://pubmed.ncbi.nlm.nih.gov/21399545,,1,1
https://openalex.org/w3115010025,https://doi.org/10.1016/j.burns.2020.12.015,https://pubmed.ncbi.nlm.nih.gov/33413917,,1,1
https://openalex.org/w2337488099,https://doi.org/10.1177/0300985816643368,https://pubmed.ncbi.nlm.nih.gov/27106739,,0,0
https://openalex.org/w2334918990,https://doi.org/10.1016/j.toxlet.2011.05.041,,,0,0
https://openalex.org/w4230056396,https://doi.org/10.5860/choice.45-1493,,,0,0
https://openalex.org/w2797779642,https://doi.org/10.1093/jbcr/iry006.063,,,0,0
https://openalex.org/w2019507661,https://doi.org/10.1097/00008483-198505000-00004,,,0,0
https://openalex.org/w2052609192,https://doi.org/10.1016/j.burns.2008.10.010,,,0,0
https://openalex.org/w2968977934,https://doi.org/10.1016/j.jpain.2019.08.002,https://pubmed.ncbi.nlm.nih.gov/31400474,,0,1
https://openalex.org/w2065285650,https://doi.org/10.2307/3422925,,,0,0
https://openalex.org/w2765189222,https://doi.org/10.1016/j.burns.2017.10.002,https://pubmed.ncbi.nlm.nih.gov/29089207,,0,0
https://openalex.org/w2294561897,,https://pubmed.ncbi.nlm.nih.gov/9622471,,0,0
https://openalex.org/w2171256875,https://doi.org/10.1176/appi.neuropsych.13110334,https://pubmed.ncbi.nlm.nih.gov/25959038,,1,1
https://openalex.org/w3205041066,https://doi.org/10.3389/fpsyt.2021.714209,https://pubmed.ncbi.nlm.nih.gov/34733185,,0,0
https://openalex.org/w3161742455,https://doi.org/10.1177/15346501211014284,,,0,0
https://openalex.org/w2053871853,https://doi.org/10.1097/bcr.0b013e318031a27f,https://pubmed.ncbi.nlm.nih.gov/17351450,,0,0
https://openalex.org/w2418491795,,,,0,0
https://openalex.org/w2772504247,https://doi.org/10.1016/j.burns.2017.11.012,https://pubmed.ncbi.nlm.nih.gov/29454710,,0,0
https://openalex.org/w2418187826,https://doi.org/10.1176/ajp.141.7.843,https://pubmed.ncbi.nlm.nih.gov/6731632,,0,0
https://openalex.org/w2020455987,https://doi.org/10.1097/00005053-200008000-00006,https://pubmed.ncbi.nlm.nih.gov/10972570,,1,1
https://openalex.org/w3119775359,https://doi.org/10.1080/17482631.2020.1855749,https://pubmed.ncbi.nlm.nih.gov/33427115,,0,0
https://openalex.org/w4211260446,https://doi.org/10.1016/b978-0-323-47661-4.00066-6,,,0,0
https://openalex.org/w2408779900,https://doi.org/10.7748/ns.17.25.25.s40,,,0,0
https://openalex.org/w2915240200,https://doi.org/10.1097/01.naj.0000351510.77627.db,https://pubmed.ncbi.nlm.nih.gov/19411907,,0,0
https://openalex.org/w2126139760,https://doi.org/10.1016/j.burns.2011.10.001,https://pubmed.ncbi.nlm.nih.gov/22075032,,0,0
https://openalex.org/w3196168506,https://doi.org/10.1111/tog.12769,,,0,0
https://openalex.org/w2081356120,https://doi.org/10.1016/j.pedhc.2014.12.006,https://pubmed.ncbi.nlm.nih.gov/25631102,,0,0
https://openalex.org/w2145755938,,https://pubmed.ncbi.nlm.nih.gov/21991168,,0,0
https://openalex.org/w1554449896,https://doi.org/10.1007/s00113-009-1726-7,https://pubmed.ncbi.nlm.nih.gov/20703444,,0,0
https://openalex.org/w4220964372,https://doi.org/10.1093/jbcr/irac029,,033-764-931-099-887,0,0
https://openalex.org/w2106169507,https://doi.org/10.1002/jts.21932,https://pubmed.ncbi.nlm.nih.gov/25066891,,0,0
https://openalex.org/w1983450182,https://doi.org/10.1016/j.jpsychores.2011.05.009,,,0,1
https://openalex.org/w190450711,https://doi.org/10.1007/s10039-005-1029-3,,,0,0
https://openalex.org/w2105836597,https://doi.org/10.1016/s0031-3955(05)70232-7,https://pubmed.ncbi.nlm.nih.gov/10835997,,0,0
https://openalex.org/w3087656994,,https://pubmed.ncbi.nlm.nih.gov/32934869,,0,0
https://openalex.org/w2026267867,https://doi.org/10.1089/cpb.1998.1.95,,,0,0
https://openalex.org/w1998996879,https://doi.org/10.1016/j.clindermatol.2013.01.004,https://pubmed.ncbi.nlm.nih.gov/23806154,,0,0
https://openalex.org/w2733863871,https://doi.org/10.1111/bjhp.12257,https://pubmed.ncbi.nlm.nih.gov/28670818,,0,0
https://openalex.org/w1607055361,,,,0,0
https://openalex.org/w141306783,,https://pubmed.ncbi.nlm.nih.gov/16683858,,0,0
https://openalex.org/w2008025235,https://doi.org/10.1055/s-0033-1356650,https://pubmed.ncbi.nlm.nih.gov/24026780,,0,0
https://openalex.org/w1970652112,https://doi.org/10.1177/1524838003004003001,https://pubmed.ncbi.nlm.nih.gov/14697122,,0,0
https://openalex.org/w2065766649,https://doi.org/10.1016/j.bbi.2013.10.015,https://pubmed.ncbi.nlm.nih.gov/24157428,,0,0
https://openalex.org/w2042421185,https://doi.org/10.1097/bcr.0b013e318204b359,https://pubmed.ncbi.nlm.nih.gov/21131845,,1,1
https://openalex.org/w2068035763,https://doi.org/10.1016/j.burns.2005.11.005,https://pubmed.ncbi.nlm.nih.gov/16621317,,0,0
https://openalex.org/w2053646426,https://doi.org/10.1097/01.bcr.0000086070.91033.7f,https://pubmed.ncbi.nlm.nih.gov/14501409,,0,0
https://openalex.org/w3200690589,https://doi.org/10.1089/cap.2021.0067,,,0,0
https://openalex.org/w1945812401,https://doi.org/10.1111/j.1365-4632.2009.04188.x,https://pubmed.ncbi.nlm.nih.gov/20618475,,0,0
https://openalex.org/w1965015304,https://doi.org/10.1007/bf01738994,https://pubmed.ncbi.nlm.nih.gov/374443,,0,0
https://openalex.org/w4311633571,https://doi.org/10.1186/s12868-022-00759-z,,068-981-593-506-814,0,0
https://openalex.org/w2229836657,https://doi.org/10.1016/j.anplas.2014.02.005,https://pubmed.ncbi.nlm.nih.gov/24650869,,0,0
https://openalex.org/w2467339058,https://doi.org/10.1016/j.burns.2016.05.016,https://pubmed.ncbi.nlm.nih.gov/27341954,,1,1
https://openalex.org/w4321438407,https://doi.org/10.1016/j.cpcardiol.2023.101661,,,0,0
https://openalex.org/w2737579865,https://doi.org/10.1016/j.cps.2017.05.013,https://pubmed.ncbi.nlm.nih.gov/28888297,,0,0
https://openalex.org/w3135867346,https://doi.org/10.1016/j.burns.2021.02.020,https://pubmed.ncbi.nlm.nih.gov/33707088,,0,0
https://openalex.org/w2169196977,https://doi.org/10.1046/j.1440-1754.2003.00124.x,https://pubmed.ncbi.nlm.nih.gov/12654137,,0,0
https://openalex.org/w2066064213,https://doi.org/10.3109/09540260903343984,https://pubmed.ncbi.nlm.nih.gov/19919208,,0,0
https://openalex.org/w2406017040,https://doi.org/10.1176/ajp.149.9.1234,https://pubmed.ncbi.nlm.nih.gov/1503138,,1,1
https://openalex.org/w4381900697,https://doi.org/10.1093/jbcr/irad045.138,,125-863-217-655-646,0,0
https://openalex.org/w2117590683,https://doi.org/10.3109/09540260903344081,https://pubmed.ncbi.nlm.nih.gov/19919209,,0,0
https://openalex.org/w2808246251,https://doi.org/10.1159/000487859,https://pubmed.ncbi.nlm.nih.gov/29649810,,0,0
https://openalex.org/w2065273538,https://doi.org/10.1097/bcr.0b013e31822bef92,https://pubmed.ncbi.nlm.nih.gov/21811176,,0,0
https://openalex.org/w2108486357,https://doi.org/10.1089/cap.2006.0121,https://pubmed.ncbi.nlm.nih.gov/17489717,,0,0
https://openalex.org/w1984207376,https://doi.org/10.1097/01.bcr.0000144540.21272.2c,https://pubmed.ncbi.nlm.nih.gov/15534454,,0,0
https://openalex.org/w1929048319,https://doi.org/10.1111/j.1469-7610.2011.02431.x,https://pubmed.ncbi.nlm.nih.gov/21671940,,0,1
https://openalex.org/w2026282944,https://doi.org/10.1016/j.clinthera.2012.11.006,https://pubmed.ncbi.nlm.nih.gov/23200102,,0,0
https://openalex.org/w1977997484,https://doi.org/10.1097/ta.0b013e318160ba42,https://pubmed.ncbi.nlm.nih.gov/18376167,,0,0
https://openalex.org/w2293723692,https://doi.org/10.3109/09638288.2015.1129448,https://pubmed.ncbi.nlm.nih.gov/26963342,,0,0
https://openalex.org/w1507791031,https://doi.org/10.1097/pcc.0b013e3182112e80,,,0,0
https://openalex.org/w2965749769,https://doi.org/10.1016/j.burns.2019.07.024,https://pubmed.ncbi.nlm.nih.gov/31395461,,0,0
https://openalex.org/w2907863610,https://doi.org/10.1016/j.envpol.2018.12.085,https://pubmed.ncbi.nlm.nih.gov/31159135,,0,0
https://openalex.org/w4300164990,https://doi.org/10.1176/ajp.156.8.1290-a,,,0,0
https://openalex.org/w2808538237,https://doi.org/10.1186/s13054-018-2071-4,https://pubmed.ncbi.nlm.nih.gov/29898757,,0,0
https://openalex.org/w2792382101,https://doi.org/10.1016/j.burns.2018.02.005,https://pubmed.ncbi.nlm.nih.gov/29929898,,0,0
https://openalex.org/w2075204569,https://doi.org/10.1097/00004630-199311000-00015,https://pubmed.ncbi.nlm.nih.gov/8300704,,0,0
https://openalex.org/w17693776,,https://pubmed.ncbi.nlm.nih.gov/11227753,,0,0
https://openalex.org/w2036890653,https://doi.org/10.1097/00004630-198611000-00015,https://pubmed.ncbi.nlm.nih.gov/3429484,,0,0
https://openalex.org/w1962329060,https://doi.org/10.4037/ajcc2006.15.2.158,https://pubmed.ncbi.nlm.nih.gov/16501135,,0,0
https://openalex.org/w3028338348,https://doi.org/10.1007/978-3-030-39982-5_1,,013-398-683-372-270,0,0
https://openalex.org/w2124057891,https://doi.org/10.1093/heapro/dag416,https://pubmed.ncbi.nlm.nih.gov/14695367,,0,0
https://openalex.org/w2240339509,,,,0,0
https://openalex.org/w3182871672,https://doi.org/10.1093/jbcr/irab121,https://pubmed.ncbi.nlm.nih.gov/34232296,,0,0
https://openalex.org/w4377157904,https://doi.org/10.1093/ehjcr/ytad253,,012-559-678-181-419,0,0
https://openalex.org/w2120731577,https://doi.org/10.1590/s0104-11692011000300023,,,0,0
https://openalex.org/w3019811899,https://doi.org/10.1017/s1092852920000188,,,0,0
