openalex_id,doi,pmid,lens_id,label_included,label_abstract_included
https://openalex.org/w2006629258,https://doi.org/10.1016/j.jaut.2013.01.008,,,0,0
https://openalex.org/w2012124898,https://doi.org/10.1111/j.1365-2036.2004.01919.x,,,0,0
https://openalex.org/w2112787962,https://doi.org/10.1186/1742-2094-4-16,,,0,0
https://openalex.org/w2898966049,https://doi.org/10.1016/j.imlet.2018.10.013,,,0,0
https://openalex.org/w1498527171,https://doi.org/10.1002/art.37909,,,0,0
https://openalex.org/w2042683898,https://doi.org/10.2174/156652309787909544,,,0,0
https://openalex.org/w2101019557,https://doi.org/10.2174/1381612023393242,,,0,0
https://openalex.org/w2969794251,https://doi.org/10.1002/art.41083,,,0,0
https://openalex.org/w1570494766,https://doi.org/10.1002/j.1939-4640.1999.tb02539.x,,,0,0
https://openalex.org/w1981866304,https://doi.org/10.1002/art.23023,,,0,0
https://openalex.org/w2419241423,https://doi.org/10.1136/annrheumdis-2015-eular.5366,,,0,0
https://openalex.org/w1590951668,https://doi.org/10.4049/jimmunol.164.9.4659,,,0,0
https://openalex.org/w2592886907,https://doi.org/10.3389/fimmu.2017.00243,,,0,0
https://openalex.org/w2746799026,https://doi.org/10.1371/journal.pone.0183946,,,0,0
https://openalex.org/w1997801780,https://doi.org/10.1080/10446670410001670008,,,0,0
https://openalex.org/w192176355,,,,0,0
https://openalex.org/w134399249,,,,0,0
https://openalex.org/w2160034406,https://doi.org/10.2217/17460816.3.3.253,,,0,0
https://openalex.org/w1989445257,https://doi.org/10.1046/j.1365-2141.2002.03899.x,,,0,0
https://openalex.org/w4245528865,https://doi.org/10.1038/mt.2010.87,,,0,0
https://openalex.org/w1512783571,https://doi.org/10.1111/j.1601-0825.2009.01551.x,,,0,0
https://openalex.org/w2884369456,https://doi.org/10.3906/sag-1710-31,,,0,0
https://openalex.org/w7534746,,,,0,0
https://openalex.org/w2417282779,,,,0,0
https://openalex.org/w2766707943,https://doi.org/10.1186/s13075-017-1445-3,,,0,0
https://openalex.org/w1965532132,https://doi.org/10.1136/ard.2010.148999.5,,,0,0
https://openalex.org/w2157830848,https://doi.org/10.1136/annrheumdis-2011-201238.21,,,0,0
https://openalex.org/w2008610977,https://doi.org/10.1136/heartjnl-2011-300920b.33,,,0,0
https://openalex.org/w2065143044,https://doi.org/10.1080/003130200500368303,,,0,0
https://openalex.org/w2075581964,https://doi.org/10.1586/eri.10.92,,,0,0
https://openalex.org/w2153685318,https://doi.org/10.1172/jci110872,,,0,0
https://openalex.org/w2961101336,https://doi.org/10.3389/fimmu.2019.01696,,,0,0
https://openalex.org/w2055102222,https://doi.org/10.2169/internalmedicine.42.377,,001-328-577-470-222,0,0
https://openalex.org/w2059693068,https://doi.org/10.1093/rheumatology/41.7.826,,,0,0
https://openalex.org/w2029593916,https://doi.org/10.1016/j.idc.2009.01.005,,,0,0
https://openalex.org/w2511014903,https://doi.org/10.1016/j.chest.2016.02.682,,,0,0
https://openalex.org/w1600971045,https://doi.org/10.1002/1529-0131(199911)42:11<2491::aid-anr29>3.0.co;2-3,,,0,0
https://openalex.org/w4206322536,https://doi.org/10.3892/mmr.2012.861,,,0,0
https://openalex.org/w1540776438,https://doi.org/10.1111/j.1742-1241.2005.00651.x,,,0,0
https://openalex.org/w2008580692,https://doi.org/10.1016/j.ajhg.2014.06.007,,,0,0
https://openalex.org/w2786229868,https://doi.org/10.3390/ijms19010171,,,0,0
https://openalex.org/w1980812854,https://doi.org/10.1016/j.bihy.2008.10.014,,,0,0
https://openalex.org/w1977448022,https://doi.org/10.1097/cco.0b013e3281eb8ea7,,,0,0
https://openalex.org/w1974100193,https://doi.org/10.3899/jrheum.090100,,,0,0
https://openalex.org/w2555103743,https://doi.org/10.1111/1346-8138.13678,,,0,0
https://openalex.org/w1994822276,https://doi.org/10.1097/ipc.0b013e31818a15e5,,,0,0
https://openalex.org/w4239769755,https://doi.org/10.1097/der.0b013e31829ccfc5,,,0,0
https://openalex.org/w2152096363,https://doi.org/10.1093/rheumatology/ket261,,,0,0
https://openalex.org/w2021623849,https://doi.org/10.1007/s00415-009-5359-0,,,0,0
https://openalex.org/w2782470740,https://doi.org/10.1016/j.ophtha.2017.11.017,,,0,0
https://openalex.org/w2147152629,https://doi.org/10.1136/annrheumdis-2013-203883,,,0,0
https://openalex.org/w1988680880,https://doi.org/10.1016/j.cupe.2003.11.014,,,0,0
https://openalex.org/w2100224489,https://doi.org/10.3389/fimmu.2013.00018,,,0,0
https://openalex.org/w2607054623,https://doi.org/10.1007/s10741-017-9612-9,,,0,0
https://openalex.org/w2027351920,https://doi.org/10.1002/art.30401,,,0,0
https://openalex.org/w33830188,https://doi.org/10.1093/ajcp/107.5.592,,,0,0
https://openalex.org/w2209284337,https://doi.org/10.1111/imr.12383,,,0,0
https://openalex.org/w2110134415,https://doi.org/10.1016/s1470-2045(09)70161-5,,,0,0
https://openalex.org/w2032377337,https://doi.org/10.1097/bor.0b013e3283368099,,,0,0
https://openalex.org/w2192702383,https://doi.org/10.1016/j.clim.2015.10.009,,,0,0
https://openalex.org/w2099047134,https://doi.org/10.1016/j.jneuroim.2012.05.017,,,0,0
https://openalex.org/w2169758620,https://doi.org/10.1084/jem.20050500,,,0,0
https://openalex.org/w1917754692,https://doi.org/10.1200/jco.1995.13.9.2401,,,0,0
https://openalex.org/w2036218409,https://doi.org/10.1016/s0952-7915(00)00269-7,,,0,0
https://openalex.org/w2808631457,https://doi.org/10.1007/s00415-018-8916-6,,,0,0
https://openalex.org/w2073812078,https://doi.org/10.1016/j.jhep.2009.06.011,,,0,0
https://openalex.org/w2148558482,https://doi.org/10.1017/s0266462309990110,,,0,0
https://openalex.org/w2071743536,https://doi.org/10.1016/s1007-4376(09)60086-1,,,0,1
https://openalex.org/w2414286086,https://doi.org/10.1136/annrheumdis-2015-eular.4865,,,0,0
https://openalex.org/w1972298566,https://doi.org/10.1002/art.27581,,,0,0
https://openalex.org/w2111233953,https://doi.org/10.1136/ard.2007.077891,,,0,0
https://openalex.org/w2004169668,https://doi.org/10.1111/j.1365-2133.2007.08148.x,,,0,0
https://openalex.org/w2075568217,https://doi.org/10.1111/j.1365-2567.2007.02690.x,,,0,0
https://openalex.org/w2056494951,https://doi.org/10.1001/archneur.65.5.656,,,0,0
https://openalex.org/w2081877352,https://doi.org/10.1016/j.crohns.2012.06.024,,,0,0
https://openalex.org/w1993192620,https://doi.org/10.1182/blood-2007-03-082941,,,0,0
https://openalex.org/w2008835816,https://doi.org/10.1016/s0733-8635(05)70154-6,,,0,0
https://openalex.org/w1998814322,https://doi.org/10.1002/path.2141,,,0,0
https://openalex.org/w2122249084,https://doi.org/10.4049/jimmunol.0904181,,,0,0
https://openalex.org/w1666981915,https://doi.org/10.1111/1742-6723.12064,,,0,0
https://openalex.org/w2120318535,https://doi.org/10.1002/art.24387,,,0,0
https://openalex.org/w2487827606,https://doi.org/10.1007/s11864-016-0421-5,,,0,0
https://openalex.org/w2625779183,https://doi.org/10.4049/jimmunol.1601908,,,0,0
https://openalex.org/w2012749901,https://doi.org/10.3349/ymj.2007.48.4.573,,,0,0
https://openalex.org/w2339316338,https://doi.org/10.1097/md.0000000000003026,,,0,0
https://openalex.org/w2018945248,https://doi.org/10.1046/j.1468-3083.2002.00550.x,,,0,0
https://openalex.org/w2050754815,https://doi.org/10.1111/j.1365-2249.1992.tb03074.x,,,0,0
https://openalex.org/w2077249794,https://doi.org/10.1097/00007890-199804150-00023,,,0,0
https://openalex.org/w2019238721,https://doi.org/10.1056/nejm199412153312405,,,0,0
https://openalex.org/w2060748084,https://doi.org/10.1016/s0168-8278(14)60035-0,,,0,0
https://openalex.org/w2084091217,https://doi.org/10.1016/0090-1229(87)90091-2,,,0,0
https://openalex.org/w1984395637,https://doi.org/10.1111/j.1365-2036.2005.02556.x,,,0,0
https://openalex.org/w2897965012,https://doi.org/10.1016/s2215-0366(18)30255-4,,,0,0
https://openalex.org/w2473769482,,,,0,0
https://openalex.org/w2146580067,https://doi.org/10.1515/pteridines.1993.4.2.67,,,0,0
https://openalex.org/w2147843065,https://doi.org/10.1038/ng.748,,,0,0
https://openalex.org/w2066745725,https://doi.org/10.1016/j.jneuroim.2004.02.007,,,0,0
https://openalex.org/w2131002144,https://doi.org/10.1093/annonc/mdn050,,,0,0
https://openalex.org/w2228999989,,,,0,0
https://openalex.org/w4242342360,https://doi.org/10.1177/1352458517751792,,,0,0
https://openalex.org/w2321192045,https://doi.org/10.1136/annrheumdis-2012-eular.63,,,0,0
https://openalex.org/w2077959340,https://doi.org/10.1016/s0213-005x(06)73769-7,,,0,0
https://openalex.org/w4253533283,https://doi.org/10.1182/blood.v91.6.2054.2054_2054_2061,,,0,0
https://openalex.org/w2163120410,https://doi.org/10.1136/annrheumdis-2013-203513,,,0,0
https://openalex.org/w1968917689,https://doi.org/10.1111/j.1365-4632.2008.03859.x,,,0,0
https://openalex.org/w1997880566,https://doi.org/10.1016/s1474-4422(14)70068-7,,,0,0
https://openalex.org/w2123600465,https://doi.org/10.1093/rheumatology/kes166,,,0,0
https://openalex.org/w2950034795,https://doi.org/10.1186/s13075-019-1929-4,,,1,1
https://openalex.org/w2905816274,https://doi.org/10.1177/1352458512459019,,,0,0
https://openalex.org/w2890406869,https://doi.org/10.1016/j.mehy.2018.09.015,,,0,0
https://openalex.org/w2029798910,https://doi.org/10.1136/annrheumdis-2013-205124.124,,,0,0
https://openalex.org/w2047089913,https://doi.org/10.1007/s11938-006-0006-7,,,0,0
https://openalex.org/w2002517734,https://doi.org/10.1159/000026823,,,0,0
https://openalex.org/w2123605293,https://doi.org/10.1038/sj.bmt.1704163,,,0,0
https://openalex.org/w1998983282,https://doi.org/10.1590/0004-282x20130163,,043-863-967-006-394,0,0
https://openalex.org/w2111049806,https://doi.org/10.3109/08916934.2012.719948,,,0,0
https://openalex.org/w2080882856,https://doi.org/10.1155/2011/271694,,,0,0
https://openalex.org/w2045711089,https://doi.org/10.1111/j.1365-2249.2006.03253.x,,,1,1
https://openalex.org/w2016893804,https://doi.org/10.1248/bpb.b12-00128,,,0,0
https://openalex.org/w2152915342,https://doi.org/10.1136/ard.2010.129643k,,,0,0
https://openalex.org/w2141521236,https://doi.org/10.1002/art.39287,,,0,0
https://openalex.org/w2038368874,https://doi.org/10.1517/13543784.11.1.59,,,0,0
https://openalex.org/w2969489290,https://doi.org/10.1097/bor.0000000000000659,,,0,0
https://openalex.org/w2008517556,https://doi.org/10.1056/nejmoa043470,,,0,0
https://openalex.org/w2110672879,https://doi.org/10.2174/1381612043383638,,,0,0
https://openalex.org/w2068206091,https://doi.org/10.1136/ard.47.8.642,,,0,0
https://openalex.org/w2946554594,https://doi.org/10.1016/j.cyto.2019.05.018,,,0,0
https://openalex.org/w2143234948,https://doi.org/10.1191/1358863x04vm533xx,,,0,0
https://openalex.org/w2058552921,https://doi.org/10.1111/j.1756-185x.2009.01426.x,,,0,0
https://openalex.org/w2416172592,https://doi.org/10.1136/annrheumdis-2015-eular.5358,,,0,0
https://openalex.org/w2036287010,https://doi.org/10.3816/cgc.2005.n.029,,,0,0
https://openalex.org/w2103264165,https://doi.org/10.1016/j.bpg.2005.06.002,,,0,0
https://openalex.org/w2410925778,https://doi.org/10.1136/annrheumdis-2015-eular.5985,,,0,0
https://openalex.org/w1996885169,https://doi.org/10.1097/00131402-200306000-00004,,,0,0
https://openalex.org/w1970834742,https://doi.org/10.1371/journal.pone.0032001,,,0,0
https://openalex.org/w2044344160,https://doi.org/10.1016/0190-9622(95)91555-9,,,0,0
https://openalex.org/w2765095237,https://doi.org/10.1080/09273948.2017.1384026,,,0,0
https://openalex.org/w2947334160,https://doi.org/10.2217/mmt-2018-0010,,,0,0
https://openalex.org/w2121592594,https://doi.org/10.4049/jimmunol.182.2.1192,,,0,0
https://openalex.org/w4256716568,https://doi.org/10.2217/ijr.14.50,,,0,0
https://openalex.org/w2897572558,https://doi.org/10.4049/jimmunol.196.supp.124.19,,,0,0
https://openalex.org/w3633242,https://doi.org/10.1016/j.cyto.2014.07.016,,,0,0
https://openalex.org/w2159128615,https://doi.org/10.1007/s10165-009-0173-1,,,0,0
https://openalex.org/w2156725829,,,,0,0
https://openalex.org/w1978315096,https://doi.org/10.1016/s1089-3261(02)00052-1,,,0,0
https://openalex.org/w2003597161,https://doi.org/10.1111/sji.12041,,,0,0
https://openalex.org/w2698532714,https://doi.org/10.1016/j.jid.2017.05.035,,,0,0
https://openalex.org/w8157270,,,,0,0
https://openalex.org/w2128189549,https://doi.org/10.1002/14651858.cd003412.pub2,,,0,0
https://openalex.org/w2201952555,https://doi.org/10.1586/1744666x.2016.1130624,,018-528-418-305-493,0,0
https://openalex.org/w1974131896,https://doi.org/10.1007/bf01450896,,,0,0
https://openalex.org/w4240653576,https://doi.org/10.1111/all.12979,,,0,0
https://openalex.org/w2130927208,https://doi.org/10.1016/s0011-393x(03)00024-9,,,0,0
https://openalex.org/w2030520349,https://doi.org/10.1111/j.1440-1746.2009.06163.x,,,0,0
https://openalex.org/w2954108984,https://doi.org/10.3389/fimmu.2019.01440,,,0,0
https://openalex.org/w2089833447,https://doi.org/10.1016/j.trsl.2014.10.002,,,0,0
https://openalex.org/w2329505055,https://doi.org/10.2174/1573395510666140301005421,,,0,0
https://openalex.org/w1965672602,https://doi.org/10.1002/art.21031,,,1,1
https://openalex.org/w2560160843,https://doi.org/10.1136/lupus-2016-000183,,,1,1
https://openalex.org/w1978810916,https://doi.org/10.1002/art.1780350410,,,0,0
https://openalex.org/w1984950118,https://doi.org/10.1002/1529-0131(200111)44:11<2653::aid-art445>3.0.co;2-1,,,0,0
https://openalex.org/w2755602678,https://doi.org/10.1016/j.jisp.2016.11.001,,,0,1
https://openalex.org/w1481486093,https://doi.org/10.1172/jci82574,,,0,0
https://openalex.org/w2794610372,https://doi.org/10.1136/lupus-2018-abstract.70,,,0,0
https://openalex.org/w1999740475,https://doi.org/10.1111/j.1529-8019.2006.00083.x,,,0,0
https://openalex.org/w2011994212,https://doi.org/10.1034/j.1601-0825.2002.02846.x,,,0,0
https://openalex.org/w2013701172,https://doi.org/10.1111/j.1432-2277.2007.00481.x,,,0,0
https://openalex.org/w2052157916,https://doi.org/10.1007/s11938-004-0050-0,,,0,0
https://openalex.org/w1950598818,https://doi.org/10.4049/jimmunol.0804121,,,0,0
https://openalex.org/w1892821468,,,,0,0
https://openalex.org/w172720189,https://doi.org/10.4049/jimmunol.190.supp.51.16,,,0,0
https://openalex.org/w2125762381,https://doi.org/10.1016/j.ecl.2006.09.008,,,0,0
https://openalex.org/w2315042707,https://doi.org/10.1097/00003072-200209000-00017,,014-985-409-235-401,0,0
https://openalex.org/w2521859440,https://doi.org/10.2147/jbm.s102471,,,0,0
https://openalex.org/w2314704099,https://doi.org/10.1007/s11899-016-0309-2,,,0,0
https://openalex.org/w1984483283,https://doi.org/10.1097/00004850-200507000-00008,,,0,0
https://openalex.org/w1977296748,https://doi.org/10.1099/vir.0.82858-0,,,0,0
https://openalex.org/w2089454495,https://doi.org/10.1016/j.sder.2006.04.001,,,0,0
https://openalex.org/w2906066719,https://doi.org/10.1002/art.40810,,,0,1
https://openalex.org/w2072874247,https://doi.org/10.1016/j.jaut.2011.08.002,,,0,0
https://openalex.org/w2053886751,https://doi.org/10.1007/s13317-014-0058-y,,,0,0
https://openalex.org/w2416866254,https://doi.org/10.1136/annrheumdis-2015-eular.3462,,,0,0
https://openalex.org/w2268057074,,,,0,0
https://openalex.org/w1974018869,https://doi.org/10.1099/vir.0.19362-0,,,0,0
https://openalex.org/w2905716996,,,,0,0
https://openalex.org/w2606542339,https://doi.org/10.1016/j.jid.2017.02.056,,,0,0
https://openalex.org/w2171123304,https://doi.org/10.1016/j.berh.2004.02.009,,,0,0
https://openalex.org/w2808028513,https://doi.org/10.2174/1573395514666180417143739,,,0,0
https://openalex.org/w2112687126,https://doi.org/10.1080/10717540600814402,,,0,0
https://openalex.org/w1972318350,https://doi.org/10.1097/wco.0b013e32832b4ca1,,,0,0
https://openalex.org/w2324509378,https://doi.org/10.1136/annrheumdis-2013-eular.1487,,,0,0
https://openalex.org/w2010915567,https://doi.org/10.1016/j.crohns.2010.03.001,,,0,0
https://openalex.org/w2980076420,https://doi.org/10.1053/j.ajkd.2019.07.010,,,0,0
https://openalex.org/w1986366990,https://doi.org/10.1371/journal.pone.0085422,,,0,0
https://openalex.org/w1964708416,https://doi.org/10.1177/0961203306071703,,,0,0
https://openalex.org/w2064180006,https://doi.org/10.2165/00003495-200666170-00003,,,0,0
https://openalex.org/w1989412088,https://doi.org/10.1124/mi.5.4.6,,,0,0
https://openalex.org/w2077477264,https://doi.org/10.1002/art.20958,,,0,0
https://openalex.org/w2168342492,https://doi.org/10.2165/11317530-000000000-00000,,,0,0
https://openalex.org/w2916600301,https://doi.org/10.1136/rmdopen-2018-000811,,,0,1
https://openalex.org/w2887742796,https://doi.org/10.1002/art.40681,,,0,0
https://openalex.org/w2612973311,https://doi.org/10.1038/bmt.2014.43,,,0,0
https://openalex.org/w2048214444,https://doi.org/10.2169/internalmedicine.50.6241,,,0,0
https://openalex.org/w2803096974,https://doi.org/10.5114/ceji.2018.74874,,,0,1
https://openalex.org/w2411623812,https://doi.org/10.1136/annrheumdis-2015-eular.3635,,,0,0
https://openalex.org/w2007654725,https://doi.org/10.1093/rheumatology/30.3.186,,089-984-052-625-621,0,0
https://openalex.org/w1964196894,https://doi.org/10.1038/nrd2059,,,0,0
https://openalex.org/w2344257853,,,,0,0
https://openalex.org/w2907926679,https://doi.org/10.1093/rheumatology/key419,,010-713-796-427-432,0,0
https://openalex.org/w2026439613,https://doi.org/10.1016/j.jaad.2009.03.044,,,0,0
https://openalex.org/w2046388950,https://doi.org/10.1007/s11936-005-0015-1,,,0,0
https://openalex.org/w1694838020,https://doi.org/10.1097/bor.0b013e32832eba21,,,0,0
https://openalex.org/w1540682053,https://doi.org/10.4049/jimmunol.1301319,,,0,0
https://openalex.org/w2135258589,https://doi.org/10.1016/j.jaad.2004.05.013,,,0,0
https://openalex.org/w2338589457,https://doi.org/10.1186/s12891-016-1028-5,,,0,0
https://openalex.org/w2134396365,https://doi.org/10.1080/15376520600558424,,,0,0
https://openalex.org/w2807827426,https://doi.org/10.1038/s41598-018-27782-7,,,0,0
https://openalex.org/w1761010330,https://doi.org/10.1089/jir.2015.0066,,,0,0
https://openalex.org/w2100227035,https://doi.org/10.1053/jhep.2001.21747,,,0,0
https://openalex.org/w1963902694,https://doi.org/10.1097/bco.0b013e328010913b,,,0,0
https://openalex.org/w2497786389,https://doi.org/10.1007/s00213-016-4381-z,,,0,0
https://openalex.org/w2023931650,https://doi.org/10.1038/eye.2008.397,,,0,0
https://openalex.org/w2094644218,https://doi.org/10.1016/j.cyto.2012.06.215,,,0,0
https://openalex.org/w2275051504,https://doi.org/10.1002/hep.28236,,,0,0
https://openalex.org/w2013330879,https://doi.org/10.2174/1381612053382070,,,0,0
https://openalex.org/w2789737735,https://doi.org/10.1038/s41590-017-0042-6,,,0,0
https://openalex.org/w2592584994,https://doi.org/10.1172/jci85113,,,0,0
https://openalex.org/w2397878856,,,,0,0
https://openalex.org/w2412927063,,,,0,0
https://openalex.org/w2094670790,https://doi.org/10.1002/art.33395,,,0,0
https://openalex.org/w2094485153,https://doi.org/10.1038/ni.2684,,,0,0
https://openalex.org/w2143730020,https://doi.org/10.1586/1744666x.2014.891439,,,0,0
https://openalex.org/w2754787505,https://doi.org/10.1136/annrheumdis-2017-eular.1608,,,0,0
https://openalex.org/w2054355572,https://doi.org/10.1016/j.immuni.2013.06.013,,,0,0
https://openalex.org/w2127623487,https://doi.org/10.1016/j.clim.2005.10.013,,,0,0
https://openalex.org/w2603147066,https://doi.org/10.1186/s13073-017-0417-1,,,0,0
https://openalex.org/w2025124131,https://doi.org/10.1111/bjh.12220,,,0,0
https://openalex.org/w1535347431,https://doi.org/10.1186/ar3965,,,0,0
https://openalex.org/w2952023305,https://doi.org/10.1128/aac.01389-18,,,0,0
https://openalex.org/w2108851656,https://doi.org/10.1186/1743-422x-7-296,,,0,0
https://openalex.org/w1968419801,https://doi.org/10.1186/ar3384,,,0,0
https://openalex.org/w2033151797,https://doi.org/10.1016/j.bbrc.2012.11.131,,,0,0
https://openalex.org/w2096714672,https://doi.org/10.1136/annrheumdis-2013-203214.7,,,0,0
https://openalex.org/w2154696423,https://doi.org/10.1161/01.atv.17.11.2843,,,0,0
https://openalex.org/w2102362187,https://doi.org/10.1002/eji.201040956,,,0,0
https://openalex.org/w2017142348,https://doi.org/10.4161/mabs.3.1.13895,,,0,0
https://openalex.org/w2036605937,https://doi.org/10.1007/s40263-013-0080-z,,,0,0
https://openalex.org/w2007828734,https://doi.org/10.1186/1471-2210-10-15,,,0,0
https://openalex.org/w2130530489,,,,0,0
https://openalex.org/w2023962283,https://doi.org/10.1172/jci37223,,,0,0
https://openalex.org/w2403918793,,,,0,0
https://openalex.org/w2066099870,https://doi.org/10.1182/blood-2007-04-083196,,,0,0
https://openalex.org/w2028613649,https://doi.org/10.1007/s12016-011-8296-5,,,0,0
https://openalex.org/w2151587284,https://doi.org/10.1136/ard.2002.004929,,,0,0
https://openalex.org/w4240518943,https://doi.org/10.1177/1352458519843043,,,0,0
https://openalex.org/w2066097931,https://doi.org/10.1186/1546-0096-12-s1-p309,,,0,0
https://openalex.org/w2610566679,https://doi.org/10.1210/jc.2016-3836,,,0,0
https://openalex.org/w2136615407,https://doi.org/10.1093/rheumatology/keq151,,,0,0
https://openalex.org/w2029016041,https://doi.org/10.3109/14397595.2014.900843,,,1,1
https://openalex.org/w2170802476,https://doi.org/10.1189/jlb.6hi0313-169r,,,0,0
https://openalex.org/w2411630960,https://doi.org/10.1136/annrheumdis-2015-eular.5103,,,0,0
https://openalex.org/w2142062374,https://doi.org/10.1080/08916930310001605864,,,0,0
https://openalex.org/w2950892290,https://doi.org/10.1136/annrheumdis-2019-eular.8527,,,0,0
https://openalex.org/w2120229808,https://doi.org/10.1097/qad.0b013e328330b489,,,0,0
https://openalex.org/w2591777495,https://doi.org/10.1111/odi.12559,,,0,0
https://openalex.org/w2100860198,https://doi.org/10.1136/ard.2009.115378,,,0,0
https://openalex.org/w2049298715,https://doi.org/10.1089/jir.2011.0101,,,0,0
https://openalex.org/w2991360172,,,,0,0
https://openalex.org/w1966044570,https://doi.org/10.1016/s1521-6616(03)00059-7,,,0,0
https://openalex.org/w1950505949,https://doi.org/10.1089/humc.2015.009,,,0,0
https://openalex.org/w2098025419,https://doi.org/10.1016/s1473-3099(10)70196-1,,,0,0
https://openalex.org/w2424169461,,,,0,0
https://openalex.org/w2063946848,https://doi.org/10.1007/s00415-006-5012-0,,,0,0
https://openalex.org/w1963657210,https://doi.org/10.1111/j.0105-2896.2005.00324.x,,,0,0
https://openalex.org/w2125777026,https://doi.org/10.1093/rheumatology/kel244,,,0,0
https://openalex.org/w2886402935,https://doi.org/10.14715/cmb/2018.64.10.7,,,0,0
https://openalex.org/w2885005175,https://doi.org/10.3389/fimmu.2018.01702,,,0,0
https://openalex.org/w2075284457,https://doi.org/10.1212/wnl.0000000000000322,,096-904-824-257-496,0,0
https://openalex.org/w2519598236,https://doi.org/10.1371/journal.pone.0162758,,,0,1
https://openalex.org/w2791461648,https://doi.org/10.1136/lupus-2018-abstract.173,,,0,0
https://openalex.org/w1986586638,https://doi.org/10.1016/s0738-081x(01)00229-2,,,0,0
https://openalex.org/w2768212859,https://doi.org/10.1111/1756-185x.13229,,,0,0
https://openalex.org/w1976162641,https://doi.org/10.1016/j.cyto.2010.07.227,,,0,0
https://openalex.org/w1978830885,https://doi.org/10.1016/j.psyneuen.2010.09.012,,,0,0
https://openalex.org/w2038067940,https://doi.org/10.1007/s10875-009-9278-8,,,0,0
https://openalex.org/w1564416982,https://doi.org/10.1186/ar1190,,,0,0
https://openalex.org/w2062685804,https://doi.org/10.1016/j.vaccine.2011.01.076,,,0,0
https://openalex.org/w1535719069,,,,0,0
https://openalex.org/w2103309354,https://doi.org/10.1016/s0025-6196(11)63770-1,,,0,0
https://openalex.org/w2772071335,https://doi.org/10.1002/eji.201747338,,,0,0
https://openalex.org/w2598424499,https://doi.org/10.1007/978-3-319-53156-4_8,,,0,0
https://openalex.org/w65335898,,,,0,0
https://openalex.org/w1987338168,https://doi.org/10.1097/bor.0b013e3282efe261,,,0,0
https://openalex.org/w2130300200,https://doi.org/10.1126/scisignal.2003898,,,0,0
https://openalex.org/w2058824046,https://doi.org/10.1007/s11926-009-0041-1,,,0,0
https://openalex.org/w2603596238,https://doi.org/10.1111/ijd.13580,,,0,0
https://openalex.org/w1598974836,https://doi.org/10.1111/j.1365-2249.2009.03966.x,,,0,0
https://openalex.org/w1993744159,https://doi.org/10.1016/j.urology.2005.11.005,,,0,0
https://openalex.org/w2149879121,https://doi.org/10.3899/jrheum.081160,,,0,0
https://openalex.org/w146300602,,,,0,0
https://openalex.org/w2314979373,https://doi.org/10.1136/annrheumdis-2013-203215.1,,,0,0
https://openalex.org/w2960053108,https://doi.org/10.1016/j.micinf.2019.06.008,,,0,0
https://openalex.org/w1807414321,https://doi.org/10.1111/j.1365-2036.2007.03590.x,,,0,0
https://openalex.org/w2418535843,,,,0,0
https://openalex.org/w2164584401,https://doi.org/10.1016/j.jhep.2005.12.011,,,0,0
https://openalex.org/w2593679272,,,,0,0
https://openalex.org/w3169626318,https://doi.org/10.1016/j.rdc.2021.04.001,,,0,0
https://openalex.org/w2045286317,https://doi.org/10.1002/art.24360,,,0,0
https://openalex.org/w1641017142,,,,0,0
https://openalex.org/w1964271390,https://doi.org/10.1038/nri3133,,,0,0
https://openalex.org/w2005712402,https://doi.org/10.1517/14728214.9.2.363,,,0,0
https://openalex.org/w2059527652,https://doi.org/10.1586/era.10.26,,,0,0
https://openalex.org/w2755811310,https://doi.org/10.1136/annrheumdis-2017-eular.2687,,,0,0
https://openalex.org/w2103320679,https://doi.org/10.3109/08830185.2014.936587,,,0,0
https://openalex.org/w2075908890,https://doi.org/10.1016/j.cyto.2009.07.289,,,0,0
https://openalex.org/w2167872807,https://doi.org/10.1586/14737159.8.2.189,,,0,0
https://openalex.org/w2028970575,https://doi.org/10.2165/00128071-200607030-00002,,,0,0
https://openalex.org/w2062762252,https://doi.org/10.3389/fimmu.2013.00281,,,0,0
https://openalex.org/w2156762662,https://doi.org/10.1093/jjco/hyt067,,,0,0
https://openalex.org/w1664294856,https://doi.org/10.1186/ar598,,,0,0
https://openalex.org/w1974343661,https://doi.org/10.2147/ceor.s7283,,,0,0
https://openalex.org/w2595985337,https://doi.org/10.2147/dddt.s114552,,,0,0
https://openalex.org/w2318054521,https://doi.org/10.1136/annrheumdis-2012-eular.1703,,,0,0
https://openalex.org/w1824118878,,,,0,0
https://openalex.org/w4244939206,https://doi.org/10.1186/s42358-018-0019-7,,,0,0
https://openalex.org/w2160581916,https://doi.org/10.1517/14728222.10.6.817,,,0,0
https://openalex.org/w2027023505,https://doi.org/10.1046/j.1365-2141.1998.00722.x,,,0,0
https://openalex.org/w1996286023,https://doi.org/10.1007/bf02888102,,,0,0
https://openalex.org/w4313383574,https://doi.org/10.4049/jimmunol.200.supp.163.29,,,0,0
https://openalex.org/w2075789186,https://doi.org/10.1097/00002371-200411000-00006,,,0,0
https://openalex.org/w2969580366,https://doi.org/10.1016/j.clim.2019.108251,,,0,0
https://openalex.org/w2071713306,https://doi.org/10.1186/2050-6511-13-20,,,0,0
https://openalex.org/w2014967654,https://doi.org/10.1055/s-2008-1040523,,,0,0
https://openalex.org/w1986494833,https://doi.org/10.1002/mus.20649,,,0,0
https://openalex.org/w2408113286,https://doi.org/10.1093/brain/aww122,,,0,0
https://openalex.org/w2118251908,https://doi.org/10.1136/annrheumdis-2011-201115,,,0,0
https://openalex.org/w2025607346,https://doi.org/10.1007/s12009-001-0018-9,,,0,0
https://openalex.org/w2604704361,https://doi.org/10.1080/09273948.2017.1298822,,,0,0
https://openalex.org/w2279714625,https://doi.org/10.1007/0-306-48382-3_99,,,0,0
https://openalex.org/w2044354037,https://doi.org/10.1111/j.1440-1711.2005.01413.x,,,0,0
https://openalex.org/w4302385956,https://doi.org/10.1089/hum.2010.915,,,0,0
https://openalex.org/w34097155,https://doi.org/10.1007/978-3-642-30726-3_1,,,0,0
https://openalex.org/w2952957279,https://doi.org/10.1007/s12016-019-08745-w,,,0,0
https://openalex.org/w4211199036,https://doi.org/10.1016/j.semnephrol.2005.09.002,,,0,0
https://openalex.org/w1991787497,https://doi.org/10.1016/j.semcancer.2007.07.004,,,0,0
https://openalex.org/w2070588678,https://doi.org/10.7326/0003-4819-115-3-178,,,0,0
https://openalex.org/w2536704990,https://doi.org/10.1126/scitranslmed.aag0367,,,0,0
https://openalex.org/w2050449595,https://doi.org/10.1002/1529-0131(200110)44:10<2224::aid-art384>3.0.co;2-h,,,0,0
https://openalex.org/w192576519,https://doi.org/10.1007/0-306-48382-3_4,,015-890-012-425-914,0,0
https://openalex.org/w2131837478,https://doi.org/10.1016/j.jcv.2012.12.016,,,0,0
https://openalex.org/w2056792581,https://doi.org/10.1097/01.bor.0000174182.70159.22,,,0,0
https://openalex.org/w2967489678,,,,0,0
https://openalex.org/w1973720975,https://doi.org/10.1089/jir.2013.0016,,,0,0
https://openalex.org/w2042391178,https://doi.org/10.1016/j.bcp.2009.01.007,,,0,0
https://openalex.org/w2128555414,https://doi.org/10.1111/j.1756-185x.2010.01590.x,,,0,0
https://openalex.org/w2001215258,https://doi.org/10.1007/s10156-013-0572-2,,,0,0
https://openalex.org/w2162407658,https://doi.org/10.1200/jco.2007.10.8613,,,0,0
https://openalex.org/w2371749983,https://doi.org/10.1136/annrheumdis-2015-eular.2916,,,0,0
https://openalex.org/w2102928062,https://doi.org/10.1186/ar4517,,,0,0
https://openalex.org/w2096025761,https://doi.org/10.1136/ard.2009.119776,,,0,0
https://openalex.org/w186201676,,,,0,0
https://openalex.org/w1986963762,https://doi.org/10.2169/internalmedicine.41.701,,,0,0
https://openalex.org/w1994098895,https://doi.org/10.1007/s10792-013-9788-5,,,0,0
https://openalex.org/w1973492214,https://doi.org/10.3109/08916930903374741,,,0,0
https://openalex.org/w2020481315,https://doi.org/10.1080/00016350600573183,,,0,0
https://openalex.org/w2082800447,https://doi.org/10.1177/1073858409356594,,,0,0
https://openalex.org/w65059290,https://doi.org/10.1038/nrrheum.2011.41,,,0,0
https://openalex.org/w2088463681,https://doi.org/10.1053/j.ajkd.2011.05.002,,,0,0
https://openalex.org/w1996474831,https://doi.org/10.1111/j.1365-2036.2008.03778.x,,,0,0
https://openalex.org/w2005354746,https://doi.org/10.1200/jco.2013.54.8115,,,0,0
https://openalex.org/w2402295136,https://doi.org/10.1016/s0889-8553(21)00155-2,,,0,0
https://openalex.org/w2155872969,https://doi.org/10.1093/rheumatology/keg191,,,0,0
https://openalex.org/w2615479722,https://doi.org/10.1016/j.jaad.2013.08.033,,,0,0
https://openalex.org/w2523917120,https://doi.org/10.1007/s00109-016-1465-5,,,0,0
https://openalex.org/w1653604424,https://doi.org/10.1016/j.autrev.2015.08.007,,,0,0
https://openalex.org/w177651104,,,,0,0
https://openalex.org/w2969002020,https://doi.org/10.1097/bor.0000000000000655,,,0,0
https://openalex.org/w1968362540,https://doi.org/10.1111/j.1346-8138.2003.tb00394.x,,,0,0
https://openalex.org/w2030967233,https://doi.org/10.1053/j.ajkd.2012.08.040,,,0,0
https://openalex.org/w1975106734,https://doi.org/10.2174/092986707781368522,,,0,0
https://openalex.org/w2736861976,https://doi.org/10.3892/etm.2017.4819,,,0,0
https://openalex.org/w2135545420,,,,0,0
https://openalex.org/w2286452193,,,,0,0
https://openalex.org/w2510179345,https://doi.org/10.1038/srep32818,,,0,0
https://openalex.org/w2146452281,https://doi.org/10.1177/1352458507076968,,,0,0
https://openalex.org/w2116265338,https://doi.org/10.1586/17474124.3.1.39,,,0,0
https://openalex.org/w2007175406,https://doi.org/10.1002/art.33411,,,0,0
https://openalex.org/w2916620182,https://doi.org/10.1093/ajhp/52.19.2105,,,0,0
https://openalex.org/w2150088486,https://doi.org/10.1002/1529-0131(199805)41:5<838::aid-art10>3.0.co;2-s,,,0,0
https://openalex.org/w1972280313,https://doi.org/10.1358/dot.2012.48.3.1750274,,,0,0
https://openalex.org/w1973431560,https://doi.org/10.1002/art.20254,,,0,0
https://openalex.org/w2418378957,https://doi.org/10.1136/annrheumdis-2015-eular.1811,,,0,0
https://openalex.org/w2473511115,https://doi.org/10.4049/jimmunol.1600624,,,0,0
https://openalex.org/w2063996404,https://doi.org/10.1136/jcp.2008.055756,,,0,0
https://openalex.org/w2809591862,https://doi.org/10.5606/archrheumatol.2018.6476,,,0,0
https://openalex.org/w2152450532,https://doi.org/10.1681/asn.2005090900,,085-689-630-062-211,0,0
https://openalex.org/w2508091332,https://doi.org/10.1097/bor.0000000000000334,,,0,0
https://openalex.org/w131346810,https://doi.org/10.1007/bf00271871,,,0,0
https://openalex.org/w2081192594,https://doi.org/10.1016/s0889-857x(05)70096-x,,,0,0
https://openalex.org/w2166531792,https://doi.org/10.1080/13854046.2011.564208,,,0,0
https://openalex.org/w4254881874,https://doi.org/10.1016/s1521-6942(02)90237-8,,,0,0
https://openalex.org/w2326248850,https://doi.org/10.1097/01.idt.0000368372.20840.b5,,,0,0
https://openalex.org/w2154681842,https://doi.org/10.1128/jvi.01405-14,,,0,0
https://openalex.org/w2318231008,https://doi.org/10.1016/j.dld.2016.03.018,,,0,0
https://openalex.org/w2019188656,https://doi.org/10.1097/cmr.0b013e3283550aa5,,,0,0
https://openalex.org/w2045075118,https://doi.org/10.1016/j.mayocp.2013.01.018,,,0,0
https://openalex.org/w2891985883,https://doi.org/10.1007/s10875-018-0543-6,,,0,0
https://openalex.org/w2241051770,https://doi.org/10.1111/exd.12072,,,0,0
https://openalex.org/w2006410757,https://doi.org/10.1080/08916930600886851,,,0,0
https://openalex.org/w2087232473,https://doi.org/10.1179/1743132812y.0000000082,,,0,0
https://openalex.org/w2026448552,https://doi.org/10.1517/13543784.10.7.1279,,,0,0
https://openalex.org/w2736086614,https://doi.org/10.12968/hmed.2017.78.7.410,,,0,0
https://openalex.org/w2003395923,https://doi.org/10.1309/cnqdmhlh2wgkl32t,,,0,0
https://openalex.org/w2036903551,https://doi.org/10.1016/0002-9343(84)90713-7,,,0,0
https://openalex.org/w2323029383,https://doi.org/10.1136/annrheumdis-2012-eular.2968,,,0,0
https://openalex.org/w2075177037,https://doi.org/10.3181/00379727-178-42024,,,0,0
https://openalex.org/w2098041182,https://doi.org/10.1038/nrrheum.2013.136,,,0,0
https://openalex.org/w2316587016,https://doi.org/10.1136/annrheumdis-2013-eular.1847,,,0,0
https://openalex.org/w2605847471,https://doi.org/10.3851/imp3167,,,0,0
https://openalex.org/w2414547324,https://doi.org/10.1136/annrheumdis-2015-eular.5702,,,0,0
https://openalex.org/w53401288,https://doi.org/10.2174/092986706778521832,,,0,0
https://openalex.org/w2018740142,https://doi.org/10.1016/j.cyto.2009.07.093,,,0,0
https://openalex.org/w2154735205,https://doi.org/10.1080/030097401300162987,,012-347-493-679-312,0,0
https://openalex.org/w2108579753,https://doi.org/10.1186/ar2881,,,0,0
https://openalex.org/w1988606975,https://doi.org/10.1016/s0272-6386(12)70285-8,,,0,0
https://openalex.org/w2285515813,https://doi.org/10.1007/0-306-48382-3_103,,052-163-327-387-001,0,0
https://openalex.org/w2938600777,https://doi.org/10.1111/exd.13795,,,0,0
https://openalex.org/w2021846928,https://doi.org/10.1210/me.2011-0068,,,0,0
https://openalex.org/w2777803696,https://doi.org/10.1038/nrrheum.2017.198,,,0,0
https://openalex.org/w2329661855,https://doi.org/10.1136/bcr-2013-200261,,,0,0
https://openalex.org/w2080365806,https://doi.org/10.1097/bor.0b013e3282f05b63,,,0,0
https://openalex.org/w2026069892,https://doi.org/10.1136/annrheumdis-2011-201238.28,,,0,0
https://openalex.org/w2941111195,https://doi.org/10.1016/j.semarthrit.2019.04.007,,,0,0
https://openalex.org/w2401485966,,,,0,0
https://openalex.org/w2149168654,https://doi.org/10.1002/art.27312,,,0,0
https://openalex.org/w2116368036,https://doi.org/10.1007/s10067-002-8288-1,,,0,0
https://openalex.org/w2005669745,https://doi.org/10.1016/j.jaut.2013.12.016,,,0,0
https://openalex.org/w1988712577,https://doi.org/10.1074/jbc.m808404200,,,0,0
https://openalex.org/w2077862354,https://doi.org/10.1517/14740338.4.6.1017,,,0,0
https://openalex.org/w2073519993,https://doi.org/10.1136/bjo.2006.110494,,,0,0
https://openalex.org/w2462707364,https://doi.org/10.1111/ddg.12715,,,0,0
https://openalex.org/w2045683870,https://doi.org/10.1097/pap.0b013e3181bb6bc2,,,0,0
https://openalex.org/w2324842551,https://doi.org/10.1055/s-2008-1027205,,,0,0
https://openalex.org/w4244946671,https://doi.org/10.4081/itjm.2015.s2,,,0,0
https://openalex.org/w2581830478,https://doi.org/10.1093/rheumatology/kew431,,,0,1
https://openalex.org/w2897389722,https://doi.org/10.2337/db18-0295,,,0,0
https://openalex.org/w2560204043,https://doi.org/10.1007/s10875-016-0359-1,,,0,1
https://openalex.org/w2950966686,https://doi.org/10.1136/annrheumdis-2019-eular.6152,,,0,0
https://openalex.org/w2050346324,https://doi.org/10.2174/138161208786898680,,,0,0
https://openalex.org/w1657561747,https://doi.org/10.2147/ceor.s39624,,,0,0
https://openalex.org/w2063672847,https://doi.org/10.1007/s00280-009-0983-z,,,0,0
https://openalex.org/w2736199879,https://doi.org/10.1007/s11926-017-0678-0,,,0,0
https://openalex.org/w1986930147,https://doi.org/10.1053/berh.2001.0189,,,0,0
https://openalex.org/w1963430084,https://doi.org/10.1111/j.1600-065x.2011.01049.x,,,0,0
https://openalex.org/w200868442,,,,0,0
https://openalex.org/w2937567764,https://doi.org/10.1016/j.intimp.2019.03.010,,,0,0
https://openalex.org/w2735048843,https://doi.org/10.1155/2017/5089815,,,0,0
https://openalex.org/w2172279782,https://doi.org/10.1177/1758834012463260,,,0,0
https://openalex.org/w2620874775,https://doi.org/10.1007/s12016-017-8613-8,,,0,0
https://openalex.org/w2409790293,,,,0,0
https://openalex.org/w2037691975,https://doi.org/10.1007/s00403-006-0707-8,,,0,0
https://openalex.org/w2014008318,https://doi.org/10.1002/art.23191,,,1,1
https://openalex.org/w2118090760,https://doi.org/10.1001/archderm.134.8.1010,,,0,0
https://openalex.org/w4256605028,https://doi.org/10.1093/rheumatology/kep736,,,0,0
https://openalex.org/w2131691531,https://doi.org/10.1152/physrev.00003.2008,,,0,0
https://openalex.org/w844656739,https://doi.org/10.1038/nrrheum.2015.61,,,0,0
https://openalex.org/w2082908947,https://doi.org/10.1080/000155502320323171,,,0,0
https://openalex.org/w2008688804,https://doi.org/10.1002/art.22657,,068-563-260-065-924,0,0
https://openalex.org/w2051854981,https://doi.org/10.2174/138920211798120772,,,0,0
https://openalex.org/w4210973632,https://doi.org/10.1007/978-1-60327-860-7_19,,157-188-458-005-454,0,0
https://openalex.org/w2080935918,https://doi.org/10.1046/j.1365-2249.2002.01827.x,,,0,0
https://openalex.org/w4250062035,https://doi.org/10.1016/j.jaad.2008.11.278,,,0,0
https://openalex.org/w2033856426,https://doi.org/10.1074/jbc.r700004200,,,0,0
https://openalex.org/w2111288822,https://doi.org/10.1016/j.cct.2013.02.011,,,0,0
https://openalex.org/w195295663,,,,0,0
https://openalex.org/w1964661303,https://doi.org/10.1185/03007995.2010.493132,,,0,0
https://openalex.org/w2101541306,https://doi.org/10.1136/ard.2009.118158,,,0,0
https://openalex.org/w1982225842,https://doi.org/10.1186/1546-0096-11-s2-p329,,,0,0
https://openalex.org/w2062716630,https://doi.org/10.1016/s0753-3322(99)80095-x,,,0,0
https://openalex.org/w2927772503,https://doi.org/10.1093/rheumatology/kez060.001,,,0,0
https://openalex.org/w1986177047,https://doi.org/10.1007/s00277-014-2041-0,,,0,0
https://openalex.org/w2883356229,https://doi.org/10.3389/fendo.2018.00386,,,0,0
https://openalex.org/w2766564946,https://doi.org/10.1186/s12885-017-3673-y,,,0,0
https://openalex.org/w1973761847,https://doi.org/10.1523/jneurosci.5282-06.2007,,,0,0
https://openalex.org/w2016240873,https://doi.org/10.1111/ane.12026,,,0,0
https://openalex.org/w2589490617,https://doi.org/10.1016/j.therap.2017.01.008,,,0,0
https://openalex.org/w2282107791,https://doi.org/10.3109/01913123.2016.1141823,,,0,0
https://openalex.org/w1948242446,https://doi.org/10.1128/iai.36.1.202-208.1982,,,0,0
https://openalex.org/w2404812545,https://doi.org/10.1097/bor.0000000000000307,,,0,0
https://openalex.org/w2091499749,https://doi.org/10.1111/tan.12441,,,0,0
https://openalex.org/w2054653944,https://doi.org/10.1016/j.rdc.2008.08.001,,,0,0
https://openalex.org/w2023952988,https://doi.org/10.1016/s0140-6736(11)61613-9,,,0,0
https://openalex.org/w2049340304,https://doi.org/10.1097/00002281-199305010-00016,,,0,0
https://openalex.org/w2017200913,https://doi.org/10.1111/j.1398-9995.2006.01058.x,,,0,0
https://openalex.org/w2001300742,https://doi.org/10.1007/s11096-012-9633-3,,,0,0
https://openalex.org/w2142796764,https://doi.org/10.1136/annrheumdis-2011-200975,,,0,0
https://openalex.org/w2170423700,https://doi.org/10.4049/jimmunol.1402147,,,0,0
https://openalex.org/w2958364987,https://doi.org/10.3389/fimmu.2019.01601,,,0,0
https://openalex.org/w4254451982,https://doi.org/10.1111/j.1365-2249.2011.04352.x,,,0,0
https://openalex.org/w2027583230,https://doi.org/10.1007/s12253-013-9619-z,,,0,0
https://openalex.org/w2009641744,https://doi.org/10.4103/0378-6323.38414,,030-946-390-889-330,0,0
https://openalex.org/w2418691595,,,,0,0
https://openalex.org/w2726559579,https://doi.org/10.1111/all.13237,,,0,0
https://openalex.org/w1964952749,https://doi.org/10.1016/j.ctrv.2006.07.009,,,0,0
https://openalex.org/w945545172,https://doi.org/10.2165/00063030-199708010-00003,,,0,0
https://openalex.org/w2971833929,https://doi.org/10.1177/1352458514531864,,,0,0
https://openalex.org/w2074709255,https://doi.org/10.1099/jmm.0.016360-0,,,0,0
https://openalex.org/w2129809942,https://doi.org/10.1053/berh.2000.0092,,,0,0
https://openalex.org/w4244836634,https://doi.org/10.1038/gene.2010.38,,,0,0
https://openalex.org/w2518520516,https://doi.org/10.3389/fgene.2016.00147,,,0,0
https://openalex.org/w2947358173,https://doi.org/10.1007/s40120-019-0135-2,,,0,0
https://openalex.org/w1973107366,https://doi.org/10.1016/j.autrev.2010.09.016,,,0,0
https://openalex.org/w4243786982,https://doi.org/10.1111/ajd.12652,,,0,0
https://openalex.org/w2041476564,https://doi.org/10.2174/157339711794474620,,,0,0
https://openalex.org/w2791343292,https://doi.org/10.1136/lupus-2018-abstract.184,,,0,0
https://openalex.org/w1995169973,https://doi.org/10.1111/j.1365-2249.2004.02475.x,,011-994-036-891-638,0,0
https://openalex.org/w2158571524,https://doi.org/10.2217/bmm.12.8,,,0,0
https://openalex.org/w1979238901,https://doi.org/10.1002/art.11225,,,0,0
https://openalex.org/w2046499684,https://doi.org/10.1007/s11926-007-0045-7,,,0,0
https://openalex.org/w2954000132,https://doi.org/10.1093/rheumatology/kez242,,,1,1
https://openalex.org/w2078113251,https://doi.org/10.1097/bor.0b013e3283385559,,,0,0
https://openalex.org/w2050110140,https://doi.org/10.1111/j.1365-2249.2006.03306.x,,,0,0
https://openalex.org/w2906683789,https://doi.org/10.4049/jimmunol.196.supp.118.18,,,0,0
https://openalex.org/w2906337206,https://doi.org/10.1016/j.msard.2018.12.027,,,0,0
https://openalex.org/w2123641011,https://doi.org/10.1111/j.1468-1331.2011.03460.x,,,0,0
https://openalex.org/w1983299570,https://doi.org/10.1002/eji.200636719,,,0,0
https://openalex.org/w1987862439,https://doi.org/10.1007/s10238-010-0115-4,,,0,0
https://openalex.org/w2052020481,https://doi.org/10.1136/ard.43.1.1,,,0,0
https://openalex.org/w2336189857,https://doi.org/10.3109/09273948.2016.1151897,,,0,0
https://openalex.org/w2755476950,https://doi.org/10.1136/annrheumdis-2017-eular.3719,,,0,0
https://openalex.org/w2035630980,https://doi.org/10.2165/00115677-200614050-00005,,,0,0
https://openalex.org/w2573260112,https://doi.org/10.1515/cclm-2016-0615,,,0,0
https://openalex.org/w1985021316,https://doi.org/10.1097/dad.0b013e31822e67eb,,,0,0
https://openalex.org/w2098399172,https://doi.org/10.1016/j.lpm.2013.01.058,,,0,0
https://openalex.org/w2168197335,https://doi.org/10.1136/ard.2009.108043,,,0,0
https://openalex.org/w2890199122,https://doi.org/10.1111/cmi.12954,,,0,0
https://openalex.org/w2059998271,https://doi.org/10.3109/08916930903510864,,,0,0
https://openalex.org/w2029022751,https://doi.org/10.1097/00019052-200406000-00017,,,0,0
https://openalex.org/w2098569016,https://doi.org/10.1016/j.semarthrit.2007.06.002,,,0,0
https://openalex.org/w2034589667,https://doi.org/10.1016/j.cellimm.2008.09.001,,,0,0
https://openalex.org/w2965752729,https://doi.org/10.1038/s41584-019-0287-6,,,0,0
https://openalex.org/w2399271375,,,,0,0
https://openalex.org/w2065461284,https://doi.org/10.1002/eji.200939754,,,0,0
https://openalex.org/w2003387815,https://doi.org/10.1097/00002281-199611000-00009,,,0,0
https://openalex.org/w1491497192,https://doi.org/10.1002/art.38989,,,0,0
https://openalex.org/w2135402306,https://doi.org/10.1007/s11926-006-0063-x,,,0,0
https://openalex.org/w2320028432,https://doi.org/10.1097/bor.0000000000000103,,,0,0
https://openalex.org/w2992181117,,,,0,0
https://openalex.org/w2140497630,https://doi.org/10.2174/138161209788923813,,,0,0
https://openalex.org/w2402898776,https://doi.org/10.1038/srep19674,,,0,0
https://openalex.org/w2149518148,https://doi.org/10.1002/emmm.201000120,,,0,0
https://openalex.org/w2070980944,https://doi.org/10.1038/nrrheum.2011.157,,,0,0
https://openalex.org/w2558128696,https://doi.org/10.1016/j.jare.2016.11.002,,,0,0
https://openalex.org/w2029890313,https://doi.org/10.1016/j.coi.2010.09.010,,,0,0
https://openalex.org/w2150541297,https://doi.org/10.1111/j.1365-4632.2004.02128.x,,,0,0
https://openalex.org/w2024237119,https://doi.org/10.1016/j.berh.2004.11.002,,,0,0
https://openalex.org/w2094327239,https://doi.org/10.1016/s0973-3698(12)60028-4,,,0,0
https://openalex.org/w2796141229,https://doi.org/10.1007/s10067-018-4078-2,,,0,0
https://openalex.org/w2922203913,https://doi.org/10.1177/1352458518776584,,,0,0
https://openalex.org/w2806886851,https://doi.org/10.1186/s13000-018-0684-1,,,0,0
https://openalex.org/w2346196000,https://doi.org/10.1172/jci.insight.86131,,,0,0
https://openalex.org/w1980141536,https://doi.org/10.3324/haematol.2011.056283,,,0,0
https://openalex.org/w2086205843,https://doi.org/10.1007/s10875-013-9887-0,,,0,0
https://openalex.org/w2031250625,https://doi.org/10.1159/000085237,,066-669-997-002-197,0,0
https://openalex.org/w2034553689,https://doi.org/10.3109/02770903.2013.796972,,,0,0
https://openalex.org/w4232846302,https://doi.org/10.4161/mabs.1.5.9675,,131-613-094-046-984,0,0
https://openalex.org/w1967319790,https://doi.org/10.1186/ar3638,,,0,0
https://openalex.org/w2769064009,https://doi.org/10.1016/j.coviro.2017.11.006,,,0,0
https://openalex.org/w2620546735,https://doi.org/10.1177/0961203317707826,,,0,0
https://openalex.org/w2168888135,https://doi.org/10.1084/jem.20021553,,,1,1
https://openalex.org/w2339450331,,,,0,0
https://openalex.org/w2028914653,https://doi.org/10.1159/000018461,,,0,0
https://openalex.org/w2242835496,,,,0,0
https://openalex.org/w2806152658,https://doi.org/10.1016/j.autrev.2018.02.011,,,0,0
https://openalex.org/w2016376743,https://doi.org/10.3109/07357909809115776,,,0,0
https://openalex.org/w2083442620,https://doi.org/10.1016/0959-8049(94)00459-5,,,0,0
https://openalex.org/w2475933914,https://doi.org/10.1002/art.39655,,,0,0
https://openalex.org/w4313385991,https://doi.org/10.4049/jimmunol.194.supp.47.4,,,0,0
https://openalex.org/w2149514360,https://doi.org/10.1046/j.1365-2249.1998.00522.x,,,0,0
https://openalex.org/w2891792962,https://doi.org/10.3389/fimmu.2018.02178,,,0,0
https://openalex.org/w2410027568,,,,0,0
https://openalex.org/w4292525135,https://doi.org/10.3109/03009742.2014.946235,,,0,0
https://openalex.org/w2072561199,https://doi.org/10.1002/1529-0131(199910)42:10<2039::aid-anr3>3.0.co;2-6,,,0,0
https://openalex.org/w4313355940,https://doi.org/10.4049/jimmunol.198.supp.210.1,,,0,0
https://openalex.org/w1553585700,https://doi.org/10.1111/j.1749-6632.2012.06774.x,,,0,0
https://openalex.org/w2600555402,https://doi.org/10.1002/art.40109,,,0,0
https://openalex.org/w2012127574,https://doi.org/10.1016/j.jpeds.2010.04.034,,,0,0
https://openalex.org/w2046900942,https://doi.org/10.1182/blood-2002-09-2856,,,0,0
https://openalex.org/w2055087728,https://doi.org/10.1136/bmj.329.7463.415,,100-169-393-278-512,0,0
https://openalex.org/w2033512127,https://doi.org/10.1371/journal.pone.0086069,,,1,1
https://openalex.org/w2127669794,https://doi.org/10.1186/ar2493,,,0,0
https://openalex.org/w2098086677,https://doi.org/10.1136/annrheumdis-2012-202770,,,0,0
https://openalex.org/w2135838961,https://doi.org/10.1016/j.cca.2008.05.003,,,0,0
https://openalex.org/w2592265539,https://doi.org/10.1080/20013078.2017.1284449,,,0,0
https://openalex.org/w2435619256,https://doi.org/10.1016/s0190-9622(86)80176-1,,,0,0
https://openalex.org/w1995353970,https://doi.org/10.2174/1874312901206010232,,,0,0
https://openalex.org/w896026461,https://doi.org/10.1016/j.jaut.2015.07.001,,,0,0
https://openalex.org/w2133408276,https://doi.org/10.1056/nejmra022137,,103-592-171-056-516,0,0
https://openalex.org/w1963749198,https://doi.org/10.1016/j.antiviral.2013.06.009,,,0,0
https://openalex.org/w2800751803,https://doi.org/10.1093/brain/awy105,,,0,0
https://openalex.org/w1992317280,https://doi.org/10.1191/135248505ms1322oa,,,0,0
https://openalex.org/w3023596566,https://doi.org/10.1016/j.jneuroim.2015.12.008,,,0,0
https://openalex.org/w2163762637,https://doi.org/10.1186/ar3895,,,0,0
https://openalex.org/w2907245605,https://doi.org/10.1167/iovs.18-25548,,,0,0
https://openalex.org/w2108718949,https://doi.org/10.1136/bmj.2.5863.432,,056-962-994-217-678,0,0
https://openalex.org/w2090978265,https://doi.org/10.1002/art.23305,,,0,0
https://openalex.org/w2054724441,https://doi.org/10.1155/2012/645967,,,0,0
https://openalex.org/w2000130165,https://doi.org/10.1086/500023,,,0,0
https://openalex.org/w1990933733,https://doi.org/10.1111/1523-1747.ep12612819,,,0,0
https://openalex.org/w2143662019,https://doi.org/10.1016/j.clindermatol.2003.12.003,,,0,0
https://openalex.org/w2936914194,https://doi.org/10.1016/j.jid.2019.03.1111,,,0,0
https://openalex.org/w2331874602,https://doi.org/10.1212/01.con.0000443836.18131.c9,,,0,0
https://openalex.org/w2099978636,https://doi.org/10.1586/eci.10.8,,,0,0
https://openalex.org/w2932180008,https://doi.org/10.1093/rheumatology/kez063.004,,,0,0
https://openalex.org/w2055923601,https://doi.org/10.1053/berh.2001.0226,,,0,0
https://openalex.org/w2125847516,https://doi.org/10.1111/j.1365-2036.2007.03294.x,,,0,0
https://openalex.org/w2887626136,https://doi.org/10.1210/jc.2018-00541,,,0,0
https://openalex.org/w2002575371,https://doi.org/10.2169/internalmedicine.37.519,,,0,0
https://openalex.org/w1997458644,https://doi.org/10.1016/j.cyto.2015.01.031,,,0,0
https://openalex.org/w2791016681,https://doi.org/10.1097/cmr.0000000000000434,,,0,0
https://openalex.org/w2288252076,https://doi.org/10.2147/btt.s67844,,,0,0
https://openalex.org/w1965452646,https://doi.org/10.1016/s1474-4422(11)70144-2,,,0,0
https://openalex.org/w2099764148,https://doi.org/10.1016/j.ijpharm.2006.02.014,,,0,0
https://openalex.org/w3023923910,https://doi.org/10.1378/chest.118.2.503,,,0,0
https://openalex.org/w2033870734,https://doi.org/10.1038/bcj.2012.30,,,0,0
https://openalex.org/w2049091591,https://doi.org/10.1006/jaut.2000.0488,,,0,0
https://openalex.org/w2157732921,https://doi.org/10.1146/annurev-pharmtox-011112-140341,,,0,0
https://openalex.org/w2076342911,https://doi.org/10.1016/j.coph.2003.11.004,,,0,0
https://openalex.org/w4246612436,https://doi.org/10.1358/dof.2013.038.12.2094761,,,0,0
https://openalex.org/w1972802282,https://doi.org/10.2174/187152209789000687,,,0,0
https://openalex.org/w2053904016,https://doi.org/10.1532/ijh97.04054,,,0,0
https://openalex.org/w2087193868,https://doi.org/10.1136/ard.2005.037465,,,0,0
https://openalex.org/w2275970088,https://doi.org/10.1016/j.cyto.2013.06.253,,,0,0
https://openalex.org/w2140135448,https://doi.org/10.2217/17584272.4.1.67,,,0,0
https://openalex.org/w2520776640,https://doi.org/10.1136/lupus-2016-000179.91,,,0,0
https://openalex.org/w2710187462,https://doi.org/10.1007/s00011-015-0839-4,,,0,0
https://openalex.org/w2618905034,,,,0,0
https://openalex.org/w1979051130,https://doi.org/10.3109/03009749309095139,,,0,0
https://openalex.org/w1978953318,https://doi.org/10.1016/j.bmc.2005.12.060,,,0,0
https://openalex.org/w2160701199,https://doi.org/10.1186/ar4326,,,0,0
https://openalex.org/w2735681807,https://doi.org/10.1080/09273948.2017.1332228,,,0,0
https://openalex.org/w1986911697,https://doi.org/10.1016/j.cair.2004.01.001,,,0,0
https://openalex.org/w2060933296,https://doi.org/10.2174/187221309788489797,,,0,0
https://openalex.org/w2588847564,https://doi.org/10.1097/md.0000000000005914,,,0,0
https://openalex.org/w1999401096,https://doi.org/10.1016/j.jconrel.2011.11.028,,,0,0
https://openalex.org/w2396480784,,,,0,0
https://openalex.org/w2128201672,https://doi.org/10.1136/bjo.87.9.1175,,,0,0
https://openalex.org/w1822200821,https://doi.org/10.1093/rheumatology/kev090.060,,,0,0
https://openalex.org/w2062743604,https://doi.org/10.1016/s0198-8859(02)00759-0,,,0,0
https://openalex.org/w1152054706,,,,0,0
https://openalex.org/w2058595115,https://doi.org/10.1016/s0190-9622(08)81809-9,,,0,0
https://openalex.org/w1676288580,,,,0,0
https://openalex.org/w2976534241,https://doi.org/10.3390/cells8101136,,,0,0
https://openalex.org/w2145666235,https://doi.org/10.2174/092986707780831104,,,0,0
https://openalex.org/w107867238,https://doi.org/10.2165/11585040-000000000-00000,,,0,0
https://openalex.org/w1542045857,https://doi.org/10.1111/j.1365-2516.2012.02820.x,,,0,0
https://openalex.org/w4230812706,https://doi.org/10.1002/art.v69.s4,,,0,0
https://openalex.org/w2770100864,https://doi.org/10.1002/art.40321,,,0,0
https://openalex.org/w1998562039,https://doi.org/10.1159/000017917,,,0,0
https://openalex.org/w2045377632,https://doi.org/10.1172/jci117643,,,0,0
https://openalex.org/w2966093740,https://doi.org/10.1186/s13075-019-1964-1,,,0,0
https://openalex.org/w2098446062,https://doi.org/10.1017/s1462399408000562,,,0,0
https://openalex.org/w1499427179,https://doi.org/10.1155/2006/357259,,,0,0
https://openalex.org/w2167501252,https://doi.org/10.1586/1744666x.3.4.579,,,0,0
https://openalex.org/w2039973405,https://doi.org/10.2340/00015555-0877,,065-392-536-711-366,0,0
https://openalex.org/w2533807971,https://doi.org/10.1136/annrheumdis-2016-210529,,073-197-776-196-021,0,0
https://openalex.org/w1590113862,https://doi.org/10.1002/jca.21322,,,0,0
https://openalex.org/w189544548,,,,0,0
https://openalex.org/w1987503442,https://doi.org/10.1111/j.1346-8138.1999.tb03461.x,,,0,0
https://openalex.org/w4313359103,https://doi.org/10.4049/jimmunol.200.supp.40.4,,,0,0
https://openalex.org/w4299536181,https://doi.org/10.7861/clinmedicine.12-2-168,,083-654-112-847-534,0,0
https://openalex.org/w1965034476,https://doi.org/10.1016/j.ctrv.2006.06.001,,,0,0
https://openalex.org/w2158632502,https://doi.org/10.1248/jhs.55.338,,,0,0
https://openalex.org/w4251020623,https://doi.org/10.1310/hpj4512-947,,000-236-989-706-049,0,0
https://openalex.org/w2235223739,https://doi.org/10.1186/1546-0096-13-s1-p142,,,0,0
https://openalex.org/w1984861742,https://doi.org/10.1067/mlc.2002.120648,,,0,0
https://openalex.org/w1992023475,https://doi.org/10.1517/14728214.2013.861417,,,0,0
https://openalex.org/w2552444380,https://doi.org/10.1002/art.39985,,,0,0
https://openalex.org/w1986593962,https://doi.org/10.1016/j.jhep.2006.09.011,,,0,0
https://openalex.org/w2912834152,https://doi.org/10.1111/pcn.12826,,,0,0
https://openalex.org/w2106050109,https://doi.org/10.1155/2013/515312,,,0,0
https://openalex.org/w2119737080,https://doi.org/10.1093/ndt/gfg209,,,0,0
https://openalex.org/w208966948,https://doi.org/10.1016/s0197-2456(05)80027-3,,,0,0
https://openalex.org/w2397480406,https://doi.org/10.1055/s-2003-40284,,,0,0
https://openalex.org/w2096987035,https://doi.org/10.1080/15476910801897920,,,0,0
https://openalex.org/w1965727192,https://doi.org/10.2217/rme.09.74,,,0,0
https://openalex.org/w2108310142,https://doi.org/10.1093/rheumatology/ker190,,,0,0
https://openalex.org/w2185009696,https://doi.org/10.1186/2051-1426-3-s2-p240,,,0,0
https://openalex.org/w2591102245,https://doi.org/10.4084/mjhid.2017.019,,,0,0
https://openalex.org/w2916140353,https://doi.org/10.2310/6620.2009.09010b,,,0,0
https://openalex.org/w2006883435,https://doi.org/10.1186/s12865-015-0068-1,,,0,0
https://openalex.org/w4241567303,https://doi.org/10.1172/jci200523025,,,0,0
https://openalex.org/w2088063862,https://doi.org/10.1016/s0168-8278(10)60309-1,,,0,0
https://openalex.org/w2044936001,https://doi.org/10.1038/ncprheum0708,,,0,0
https://openalex.org/w2118079267,https://doi.org/10.1136/annrheumdis-2014-205571,,,0,0
https://openalex.org/w2331913905,https://doi.org/10.1007/s10067-016-3249-2,,,0,0
https://openalex.org/w1975215291,https://doi.org/10.1038/ni1282,,,0,0
https://openalex.org/w1679990198,https://doi.org/10.1016/j.cyto.2015.08.213,,,0,0
https://openalex.org/w2763606303,https://doi.org/10.1016/s0140-6736(17)32554-0,,,0,0
https://openalex.org/w2135983797,https://doi.org/10.1182/blood-2007-12-127951,,,0,0
https://openalex.org/w2131519644,https://doi.org/10.3390/pathogens4030662,,,0,0
https://openalex.org/w1979578974,https://doi.org/10.1016/j.pharmthera.2005.08.011,,,0,0
https://openalex.org/w2142122490,https://doi.org/10.1038/tpj.2013.48,,,0,0
https://openalex.org/w2055975586,https://doi.org/10.1371/journal.pgen.1003678,,,1,1
https://openalex.org/w1977476581,https://doi.org/10.1111/j.1600-0609.2005.00497.x,,,0,0
https://openalex.org/w2124850951,https://doi.org/10.1111/j.1440-1746.1997.tb00456.x,,,0,0
https://openalex.org/w2099726337,https://doi.org/10.1136/bjo.82.5.488,,,0,0
https://openalex.org/w2112497696,https://doi.org/10.1093/infdis/jiq042,,,0,0
https://openalex.org/w2556812244,https://doi.org/10.1016/j.cyto.2013.06.226,,,0,0
https://openalex.org/w2042057646,https://doi.org/10.3109/1061186x.2013.847098,,,0,0
https://openalex.org/w2089376037,https://doi.org/10.1016/j.cyto.2012.06.312,,,0,0
https://openalex.org/w2411553622,,,,0,0
https://openalex.org/w2331509310,https://doi.org/10.1016/j.cyto.2010.07.316,,,0,0
https://openalex.org/w2144930705,https://doi.org/10.1016/j.immuni.2012.11.009,,,0,0
https://openalex.org/w2018505696,https://doi.org/10.1097/maj.0b013e3181c6440e,,,0,0
https://openalex.org/w2087231599,https://doi.org/10.1053/j.gastro.2008.02.058,,,0,0
https://openalex.org/w2021614259,https://doi.org/10.1002/art.23835,,,0,0
https://openalex.org/w1993550597,https://doi.org/10.2174/092986707780059652,,,0,0
https://openalex.org/w2102299397,https://doi.org/10.1016/j.trsl.2013.07.003,,,0,0
https://openalex.org/w1538038037,,,,0,0
https://openalex.org/w2755906185,https://doi.org/10.1136/annrheumdis-2017-eular.4900,,,0,0
https://openalex.org/w1994475937,https://doi.org/10.1038/ncponc1007,,,0,0
https://openalex.org/w4389909801,,,,0,0
https://openalex.org/w1980572660,https://doi.org/10.1001/archderm.143.2.233,,,0,0
https://openalex.org/w2769209815,https://doi.org/10.1146/annurev-immunol-042617-053222,,,0,0
https://openalex.org/w2086961727,https://doi.org/10.1002/1529-0131(199907)42:7<1497::aid-anr25>3.0.co;2-#,,,0,0
https://openalex.org/w2112398552,https://doi.org/10.3389/fimmu.2015.00513,,,0,0
https://openalex.org/w2083761967,https://doi.org/10.1001/archderm.142.12.1606,,,0,0
https://openalex.org/w2108348761,https://doi.org/10.1177/1352458510364538,,,0,0
https://openalex.org/w1537516218,https://doi.org/10.1016/s0021-9258(18)41653-5,,,0,0
https://openalex.org/w1983871159,https://doi.org/10.1016/j.rdc.2014.09.011,,,0,0
https://openalex.org/w2118742454,https://doi.org/10.1016/j.bbamcr.2014.05.014,,,0,0
https://openalex.org/w2144351693,https://doi.org/10.1136/ard.49.9.676,,,0,0
https://openalex.org/w2107599384,https://doi.org/10.1093/rheumatology/41.6.708,,,0,0
https://openalex.org/w2073632198,https://doi.org/10.1590/1516-4446-2013-1210,,,0,0
https://openalex.org/w4252867530,https://doi.org/10.1038/labinvest.2016.16,,,0,0
https://openalex.org/w2911081234,https://doi.org/10.1136/annrheumdis-2018-eular.3541,,,0,0
https://openalex.org/w1985029367,https://doi.org/10.1016/j.coph.2013.05.016,,,0,0
https://openalex.org/w2073781275,https://doi.org/10.1111/j.1365-2249.2009.04057.x,,,1,1
https://openalex.org/w1980174384,https://doi.org/10.1038/nrrheum.2010.46,,,0,0
https://openalex.org/w2297563685,https://doi.org/10.1016/j.clim.2016.03.010,,,0,0
https://openalex.org/w2070051114,https://doi.org/10.1186/ar3150,,,0,0
https://openalex.org/w2404392050,,,,0,0
https://openalex.org/w2016292322,https://doi.org/10.1155/2012/347141,,,0,0
https://openalex.org/w1979717925,https://doi.org/10.1038/gene.2013.3,,,0,0
https://openalex.org/w2329527768,https://doi.org/10.1097/ico.0000000000000736,,,0,0
https://openalex.org/w2143371007,https://doi.org/10.1016/j.berh.2003.09.002,,,0,0
https://openalex.org/w2056287850,https://doi.org/10.2165/00063030-200115080-00004,,,0,0
https://openalex.org/w2083423629,https://doi.org/10.3389/fimmu.2014.00306,,,0,0
https://openalex.org/w2020324589,https://doi.org/10.1002/cncr.11462,,,0,0
https://openalex.org/w2584421506,https://doi.org/10.1016/j.autrev.2017.01.013,,,0,0
https://openalex.org/w2046404622,https://doi.org/10.1016/s1557-9190(11)70113-5,,054-063-095-195-522,0,0
https://openalex.org/w2185997956,https://doi.org/10.1002/art.39535,,,0,0
https://openalex.org/w2121646580,https://doi.org/10.1084/jem.179.1.305,,,0,0
https://openalex.org/w1744068626,https://doi.org/10.1111/cei.12197,,,0,0
https://openalex.org/w2043380602,https://doi.org/10.2217/ijr.12.46,,,0,0
https://openalex.org/w2061840565,https://doi.org/10.1177/0956462412472806,,,0,0
https://openalex.org/w2008564558,https://doi.org/10.1016/j.it.2008.09.003,,,0,0
https://openalex.org/w2137308839,https://doi.org/10.1111/j.1601-0825.2009.01582.x,,,0,0
https://openalex.org/w80554079,,,,0,0
https://openalex.org/w2107632175,https://doi.org/10.3816/clml.2010.n.026,,,0,0
https://openalex.org/w2086556660,https://doi.org/10.1016/j.molmed.2013.03.005,,,0,0
https://openalex.org/w4233062318,https://doi.org/10.1517/13543776.15.1.77,,,0,0
https://openalex.org/w2117832897,https://doi.org/10.1177/0961203310371161,,,0,0
https://openalex.org/w1986990382,https://doi.org/10.1177/0961203308089445,,,0,0
https://openalex.org/w2169853932,https://doi.org/10.1136/ard.43.3.457,,,0,0
https://openalex.org/w2337715693,https://doi.org/10.4274/tjo.59354,,,0,0
https://openalex.org/w2049884040,https://doi.org/10.1016/j.ddmod.2008.12.001,,,0,0
https://openalex.org/w1973457727,https://doi.org/10.1191/0961203305lu2172xx,,,0,0
https://openalex.org/w2088918839,https://doi.org/10.1136/annrheumdis-2013-205124.119,,,0,0
https://openalex.org/w4232252879,https://doi.org/10.1093/ndt/gft126,,,0,0
https://openalex.org/w1667540508,https://doi.org/10.1111/j.1442-2042.2006.01723.x,,,0,0
https://openalex.org/w1999498885,https://doi.org/10.1007/s00417-014-2856-3,,,0,0
https://openalex.org/w4239962707,https://doi.org/10.1177/1352458509106963,,,0,0
https://openalex.org/w1555706276,https://doi.org/10.1046/j.1365-3083.2001.01018.x,,,0,0
https://openalex.org/w4235741290,https://doi.org/10.1111/j.1442-9071.2011.02690.x,,,0,0
https://openalex.org/w2089268757,https://doi.org/10.1586/ehm.13.8,,,0,0
https://openalex.org/w2293586930,https://doi.org/10.1586/17512433.2016.1155446,,,0,0
https://openalex.org/w2025400985,https://doi.org/10.1016/j.beha.2013.09.003,,,0,0
https://openalex.org/w2019901224,https://doi.org/10.1517/17460441.3.3.299,,,0,0
https://openalex.org/w2125902352,https://doi.org/10.1210/jc.2008-0935,,,0,0
https://openalex.org/w2322586874,https://doi.org/10.1097/pcr.0b013e318202d167,,,0,0
https://openalex.org/w2150535059,https://doi.org/10.1186/ar3378,,,0,0
https://openalex.org/w2004611408,https://doi.org/10.1016/j.tips.2004.02.011,,,0,0
https://openalex.org/w335304420,,,,0,0
https://openalex.org/w1816189600,https://doi.org/10.1016/s0161-6420(02)01132-6,,,0,0
https://openalex.org/w1964047253,https://doi.org/10.1111/j.1365-3083.2006.01802.x,,,0,0
https://openalex.org/w2128848849,https://doi.org/10.1136/ard.53.5.349,,019-505-342-853-294,0,0
https://openalex.org/w2004757894,https://doi.org/10.1016/j.rmed.2011.07.022,,,0,0
https://openalex.org/w1501015836,https://doi.org/10.1002/acr.22019,,,0,0
https://openalex.org/w2012810315,https://doi.org/10.1080/08916930310001625961,,109-013-388-227-151,0,0
https://openalex.org/w2028692049,https://doi.org/10.1016/s0973-3698(11)60023-x,,,0,0
https://openalex.org/w2102559531,https://doi.org/10.1111/j.1742-1241.2007.01528.x,,,0,0
https://openalex.org/w1575567467,,,,0,0
https://openalex.org/w2082466955,https://doi.org/10.1007/s002770050237,,,0,0
https://openalex.org/w1828421918,https://doi.org/10.1111/j.1529-8019.2011.01394.x,,,0,0
https://openalex.org/w2073166085,https://doi.org/10.1038/ncprheum0624,,,0,0
https://openalex.org/w2321684040,https://doi.org/10.1016/j.cyto.2010.07.167,,,0,0
https://openalex.org/w1966895500,https://doi.org/10.1016/j.mehy.2008.12.002,,,0,0
https://openalex.org/w2914029228,https://doi.org/10.1172/jci127101,,,0,0
https://openalex.org/w2088637941,https://doi.org/10.1586/14737175.3.4.501,,,0,0
https://openalex.org/w1498208669,https://doi.org/10.1159/000212313,,,0,0
https://openalex.org/w4213414478,https://doi.org/10.1111/bjd.15428,,,0,0
https://openalex.org/w2225439658,https://doi.org/10.1016/j.jaci.2015.11.004,,,0,0
https://openalex.org/w1799261709,https://doi.org/10.1016/j.bbi.2015.08.005,,,0,0
https://openalex.org/w2029887607,https://doi.org/10.4161/cbt.10.11.13452,,,0,0
https://openalex.org/w2756425446,https://doi.org/10.1136/annrheumdis-2017-eular.5073,,,0,0
https://openalex.org/w2039719214,https://doi.org/10.2353/ajpath.2008.080440,,,0,0
https://openalex.org/w2103602992,https://doi.org/10.1086/344755,,,0,0
https://openalex.org/w2101039659,https://doi.org/10.3389/fimmu.2015.00291,,,0,0
https://openalex.org/w2169243715,https://doi.org/10.3748/wjg.v18.i2.188,,,0,0
https://openalex.org/w2037194171,https://doi.org/10.1016/j.paed.2009.09.011,,,0,0
https://openalex.org/w2964237006,https://doi.org/10.1007/s11926-019-0842-9,,,0,0
https://openalex.org/w4292524659,https://doi.org/10.1002/art.38914,,,0,0
https://openalex.org/w2037478720,https://doi.org/10.1055/s-2004-832924,,,0,0
https://openalex.org/w1970049933,https://doi.org/10.1016/j.clim.2013.03.006,,,0,0
https://openalex.org/w2152000030,https://doi.org/10.1016/j.gene.2015.09.058,,,0,0
https://openalex.org/w2120075057,https://doi.org/10.1093/hmg/ddh076,,,0,0
https://openalex.org/w2004624313,https://doi.org/10.2217/imt.10.29,,,0,0
https://openalex.org/w1502161309,,,,0,0
https://openalex.org/w2399999597,,,,0,0
https://openalex.org/w226997438,,,,0,0
https://openalex.org/w2593318606,https://doi.org/10.3389/fimmu.2017.00200,,,0,0
https://openalex.org/w2776652286,https://doi.org/10.1016/j.amjmed.2017.11.053,,,0,0
https://openalex.org/w2895970986,https://doi.org/10.3390/ijms19103259,,,0,0
https://openalex.org/w2021232713,https://doi.org/10.1097/00042737-200107000-00017,,,0,0
https://openalex.org/w1995001296,https://doi.org/10.1016/j.berh.2006.06.002,,,0,0
https://openalex.org/w2409131906,,,,0,0
https://openalex.org/w2299770744,https://doi.org/10.1517/13543784.2016.1162291,,,0,0
https://openalex.org/w1974895336,https://doi.org/10.1097/wnf.0b013e3181a2b5fd,,,0,0
https://openalex.org/w1985204794,https://doi.org/10.1038/ncomms4344,,,0,0
https://openalex.org/w2329255830,https://doi.org/10.1016/j.berh.2016.02.009,,,0,0
https://openalex.org/w2039801079,https://doi.org/10.3109/14397595.2015.1030102,,,0,0
https://openalex.org/w4231393035,https://doi.org/10.2165/00042310-200218040-00005,,,0,0
https://openalex.org/w2010252780,https://doi.org/10.1007/s12016-007-8052-z,,,0,0
https://openalex.org/w2098507779,https://doi.org/10.1007/s10637-012-9796-8,,,0,0
https://openalex.org/w2479502793,https://doi.org/10.1177/0961203316652489,,,0,0
https://openalex.org/w2515246389,https://doi.org/10.1016/j.clim.2016.08.018,,,1,1
https://openalex.org/w183089507,https://doi.org/10.2165/00128071-200809010-00001,,,0,0
https://openalex.org/w1992530366,https://doi.org/10.1007/s00535-007-2097-x,,,0,0
https://openalex.org/w2049484650,https://doi.org/10.1097/00004836-200304000-00018,,,0,0
https://openalex.org/w2164535490,https://doi.org/10.1053/gast.2003.50095,,,0,0
https://openalex.org/w2614527713,https://doi.org/10.1007/s00296-017-3740-3,,,0,0
https://openalex.org/w1972529894,https://doi.org/10.1016/j.rdc.2011.09.008,,,0,0
https://openalex.org/w2054447529,https://doi.org/10.1002/jca.2920090108,,,0,0
https://openalex.org/w1973142451,https://doi.org/10.2165/00003495-200666170-00002,,,0,0
https://openalex.org/w2122908986,https://doi.org/10.1136/heartjnl-2012-303177,,,0,0
https://openalex.org/w2112875208,https://doi.org/10.1016/j.leukres.2013.01.021,,,0,0
https://openalex.org/w2154825441,https://doi.org/10.1172/jci29879,,,0,0
https://openalex.org/w1572955760,https://doi.org/10.1111/j.1365-2249.2007.03395.x,,,0,0
https://openalex.org/w2161261280,https://doi.org/10.1016/j.semarthrit.2013.11.007,,,0,0
https://openalex.org/w2027497619,https://doi.org/10.1007/s13311-012-0163-4,,,0,0
https://openalex.org/w2077100057,https://doi.org/10.1002/art.23102,,,0,0
https://openalex.org/w2183257825,https://doi.org/10.1084/jem.169.3.987,,,0,0
https://openalex.org/w2127405170,https://doi.org/10.1111/j.1468-3083.2007.02393.x,,,0,0
https://openalex.org/w2432804423,https://doi.org/10.1002/art.39441,,,0,0
https://openalex.org/w2418296726,,,,0,0
https://openalex.org/w2164015231,https://doi.org/10.1093/rheumatology/ket413,,,0,0
https://openalex.org/w2474194199,,,,0,0
https://openalex.org/w2994092081,,,,0,0
https://openalex.org/w2078282171,https://doi.org/10.1016/s0014-2999(01)00755-5,,,0,0
https://openalex.org/w1965734752,https://doi.org/10.1016/j.rmcr.2013.09.004,,,0,0
https://openalex.org/w2942909941,https://doi.org/10.3389/fimmu.2019.00975,,,0,1
https://openalex.org/w2083588500,https://doi.org/10.1016/j.idc.2012.08.006,,,0,0
https://openalex.org/w2005198559,https://doi.org/10.1038/ncpgasthep0581,,,0,0
https://openalex.org/w2591891715,https://doi.org/10.1016/j.iac.2017.01.003,,,0,0
https://openalex.org/w2233606434,https://doi.org/10.2165/11206430-000000000-00000,,,0,0
https://openalex.org/w2292717444,https://doi.org/10.2174/1574886310666151014114925,,,0,0
https://openalex.org/w2139235644,https://doi.org/10.1016/j.jaut.2005.09.024,,,0,0
https://openalex.org/w1192691745,https://doi.org/10.1097/md.0000000000001296,,,0,0
https://openalex.org/w2082566286,https://doi.org/10.1046/j.1365-2567.2000.00015.x,,,0,0
https://openalex.org/w1963576576,https://doi.org/10.2165/11531550-000000000-00000,,,0,0
https://openalex.org/w1966401350,https://doi.org/10.1136/ard.2006.060822,,,0,0
https://openalex.org/w2011386997,https://doi.org/10.1186/1546-0096-11-s2-p17,,,0,0
https://openalex.org/w2087327593,https://doi.org/10.2174/157339506775471884,,,0,0
https://openalex.org/w2114173006,https://doi.org/10.1073/pnas.1113301108,,,0,0
https://openalex.org/w2142793548,https://doi.org/10.1093/brain/awn077,,,0,0
https://openalex.org/w1935088968,https://doi.org/10.1111/imj.12552,,,0,0
https://openalex.org/w2120421624,https://doi.org/10.1093/annonc/mdq715,,,0,0
https://openalex.org/w2161285098,https://doi.org/10.2174/138161210791164144,,,0,0
https://openalex.org/w187361116,,,,0,0
https://openalex.org/w1968304902,https://doi.org/10.1016/j.vaccine.2013.02.001,,,0,0
https://openalex.org/w1965509151,https://doi.org/10.1136/ard.44.3.143,,,0,0
https://openalex.org/w2081833623,https://doi.org/10.1002/1529-0131(200112)44:12<2862::aid-art474>3.0.co;2-w,,,0,0
https://openalex.org/w2742804339,https://doi.org/10.1016/j.mgene.2017.08.002,,,0,0
https://openalex.org/w2058912003,https://doi.org/10.1089/jir.2008.0007,,,0,0
https://openalex.org/w2121438383,https://doi.org/10.4049/jimmunol.175.1.342,,,0,0
https://openalex.org/w1921550751,https://doi.org/10.1155/2007/464652,,038-673-686-107-887,0,0
https://openalex.org/w2947507617,https://doi.org/10.1186/s13075-019-1878-y,,,0,1
https://openalex.org/w2045246854,https://doi.org/10.1111/j.1365-2133.1987.tb04111.x,,007-951-258-206-056,1,1
https://openalex.org/w2062637839,https://doi.org/10.1038/nrrheum.2014.6,,,0,0
https://openalex.org/w1998055126,https://doi.org/10.1016/j.cyto.2014.02.009,,,0,0
https://openalex.org/w2125293514,https://doi.org/10.4081/rt.2015.5834,,,0,0
https://openalex.org/w2158273955,https://doi.org/10.1136/annrheumdis-2012-202351,,,0,0
https://openalex.org/w1827062277,https://doi.org/10.1002/art.38628,,,1,1
https://openalex.org/w133939452,https://doi.org/10.2165/11585960-000000000-00000,,,0,0
https://openalex.org/w2135694095,https://doi.org/10.1136/annrheumdis-2013-203756,,,0,0
https://openalex.org/w2102584543,https://doi.org/10.1111/j.1365-3156.2005.01491.x,,,0,0
https://openalex.org/w2742950097,https://doi.org/10.1038/nrrheum.2017.125,,,0,0
https://openalex.org/w2332315055,https://doi.org/10.1016/j.cyto.2012.06.158,,,0,0
https://openalex.org/w2201582576,https://doi.org/10.1517/14728214.4.1.15,,,0,0
https://openalex.org/w2047616748,https://doi.org/10.1007/s11908-014-0413-1,,,0,0
https://openalex.org/w1976995552,https://doi.org/10.1097/bor.0b013e328358ac72,,,0,0
https://openalex.org/w2002815709,https://doi.org/10.1016/j.jconrel.2011.09.069,,,0,0
https://openalex.org/w2092937655,https://doi.org/10.1002/hep.20884,,,0,0
https://openalex.org/w2103866509,https://doi.org/10.1016/s1081-1206(10)63052-9,,,0,0
https://openalex.org/w2159042168,https://doi.org/10.1007/s10165-009-0198-5,,,0,0
https://openalex.org/w4211109829,https://doi.org/10.1136/ard.2007.081430,,125-304-403-553-511,0,0
https://openalex.org/w2142089475,https://doi.org/10.3109/09273948.2012.670360,,,0,0
https://openalex.org/w2079283629,https://doi.org/10.1093/rheumatology/30.5.391-a,,,0,0
https://openalex.org/w2138481462,https://doi.org/10.1093/rheumatology/ken172,,,0,0
https://openalex.org/w1996509713,https://doi.org/10.1016/s0094-0143(03)00027-2,,,0,0
https://openalex.org/w2090315181,https://doi.org/10.1586/era.09.139,,,0,0
https://openalex.org/w77863646,,,,0,0
https://openalex.org/w2526037441,https://doi.org/10.1177/0961203316668417,,,0,0
https://openalex.org/w2536452417,https://doi.org/10.1212/wnl.0000000000003331,,,0,0
https://openalex.org/w1976554229,https://doi.org/10.1177/1352458514525870,,,0,0
https://openalex.org/w2096040102,https://doi.org/10.1089/jir.2011.0077,,,0,0
https://openalex.org/w2011163458,https://doi.org/10.1038/gene.2009.15,,,0,0
https://openalex.org/w2004068381,https://doi.org/10.1038/icb.2011.109,,,0,0
https://openalex.org/w1966954445,https://doi.org/10.1007/s11926-011-0215-5,,,0,0
https://openalex.org/w221823760,https://doi.org/10.1016/j.cyto.2013.06.290,,,0,0
https://openalex.org/w2912026293,https://doi.org/10.31138/mjr.29.4.193,,,0,0
https://openalex.org/w2113048515,https://doi.org/10.1111/j.0105-2896.2009.00884.x,,,0,0
https://openalex.org/w1982142849,https://doi.org/10.1097/coc.0b013e3181cae782,,,0,0
https://openalex.org/w2160849060,https://doi.org/10.1111/j.1749-6632.2011.06220.x,,,0,0
https://openalex.org/w2132562995,https://doi.org/10.1158/0008-5472.can-05-3396,,,0,0
https://openalex.org/w2152388024,https://doi.org/10.1186/s12967-014-0330-y,,,0,0
https://openalex.org/w1536970334,https://doi.org/10.1111/j.1365-2133.2011.10301.x,,,0,0
https://openalex.org/w3025128948,https://doi.org/10.1056/nejmc1304515,,,0,0
https://openalex.org/w2317296628,https://doi.org/10.1358/dot.1999.35.4-5.552204,,,0,0
https://openalex.org/w1987973812,https://doi.org/10.1097/00004836-199504000-00026,,,0,0
https://openalex.org/w1991562613,https://doi.org/10.1016/j.molimm.2009.05.294,,,0,0
https://openalex.org/w1824794772,https://doi.org/10.1128/iai.42.1.368-373.1983,,,0,0
https://openalex.org/w2020837209,https://doi.org/10.1007/s12016-007-8013-6,,,0,0
https://openalex.org/w2009199140,https://doi.org/10.1097/01.bor.0000218942.12236.74,,,0,0
https://openalex.org/w2087583358,https://doi.org/10.1016/s0145-2126(00)00067-9,,,0,0
https://openalex.org/w2103701969,https://doi.org/10.1093/oxfordjournals.qjmed.a067755,,,0,0
https://openalex.org/w2045179806,https://doi.org/10.3109/08916930903510971,,,0,0
https://openalex.org/w1574994744,https://doi.org/10.4049/jimmunol.178.4.2204,,,0,0
https://openalex.org/w2756895562,https://doi.org/10.1097/rhu.0000000000000581,,,0,0
https://openalex.org/w2230552752,https://doi.org/10.1016/j.cyto.2013.06.295,,,0,0
https://openalex.org/w2891132832,https://doi.org/10.4049/jimmunol.1800791,,,0,0
https://openalex.org/w2011016047,https://doi.org/10.1093/ndt/17.1.174,,112-538-631-353-132,0,0
https://openalex.org/w2606998467,https://doi.org/10.1016/j.jid.2017.02.021,,,0,0
https://openalex.org/w2937292859,https://doi.org/10.2174/1381612825666190410153307,,,0,0
https://openalex.org/w1530030540,https://doi.org/10.2741/1475,,,0,0
https://openalex.org/w4292399048,https://doi.org/10.1097/hs9.0000000000000060,,,0,0
https://openalex.org/w2108147025,https://doi.org/10.1056/nejmoa051287,,,0,0
https://openalex.org/w2119220775,https://doi.org/10.1067/mjd.2002.119087,,,0,0
https://openalex.org/w2407540685,,,,0,0
https://openalex.org/w2023634716,https://doi.org/10.3816/cgc.2009.n.025,,,0,0
https://openalex.org/w2756379009,https://doi.org/10.1136/annrheumdis-2017-eular.3739,,,0,0
https://openalex.org/w2023412682,https://doi.org/10.1016/s0003-9969(01)00008-5,,,0,0
https://openalex.org/w1946563447,https://doi.org/10.1200/jco.1997.15.2.790,,,0,0
https://openalex.org/w2108446675,https://doi.org/10.1136/ard.2005.044362,,014-227-855-433-165,0,0
https://openalex.org/w1992518713,https://doi.org/10.1517/14712598.7.4.521,,,0,0
https://openalex.org/w93783673,https://doi.org/10.1182/blood.v89.12.4659,,,0,0
https://openalex.org/w2604193096,https://doi.org/10.1055/s-0042-118700,,,0,0
https://openalex.org/w2078237175,https://doi.org/10.3899/jrheum.091163,,,0,0
https://openalex.org/w1978352415,https://doi.org/10.1177/0961203307088256,,,0,0
https://openalex.org/w2409725731,https://doi.org/10.1038/srep27623,,,1,1
https://openalex.org/w2135456955,https://doi.org/10.1016/j.admecli.2004.09.003,,,0,0
https://openalex.org/w2743124089,https://doi.org/10.1038/s41598-017-09309-8,,,0,0
https://openalex.org/w1978896474,https://doi.org/10.1179/acb.2003.58.5.009,,,0,0
https://openalex.org/w2046455280,https://doi.org/10.1007/s12094-012-0991-z,,,0,0
https://openalex.org/w1842920077,,,,0,0
https://openalex.org/w1922142273,https://doi.org/10.1136/annrheumdis-2015-207324,,,1,1
https://openalex.org/w2144778679,https://doi.org/10.2174/138920109788488914,,,0,0
https://openalex.org/w2908906569,https://doi.org/10.1136/annrheumdis-2018-eular.3195,,,0,0
https://openalex.org/w2046412495,https://doi.org/10.1006/clim.2000.4957,,,0,0
https://openalex.org/w2115544630,https://doi.org/10.3109/08923978409019458,,,0,0
https://openalex.org/w2033312435,https://doi.org/10.2174/138920112802273263,,,0,0
https://openalex.org/w2082056735,https://doi.org/10.2165/00063030-200317030-00006,,,0,0
https://openalex.org/w2170008127,https://doi.org/10.1186/1479-5876-9-32,,,0,0
https://openalex.org/w157358940,https://doi.org/10.1016/j.cyto.2014.07.058,,,0,0
https://openalex.org/w2072080234,https://doi.org/10.1016/j.bbi.2015.02.009,,,0,0
https://openalex.org/w1496639644,https://doi.org/10.1186/ar305,,,0,0
https://openalex.org/w2071660030,https://doi.org/10.1016/s1040-0486(99)90007-8,,,0,0
https://openalex.org/w2103848167,https://doi.org/10.1001/archderm.136.7.837,,100-625-836-227-279,0,0
https://openalex.org/w2070090261,https://doi.org/10.1016/s0168-8278(10)60034-7,,,0,0
https://openalex.org/w2052340228,https://doi.org/10.1016/j.pneurobio.2009.12.006,,,0,0
https://openalex.org/w2162326131,https://doi.org/10.1186/1750-1172-8-185,,,0,0
https://openalex.org/w2954383351,https://doi.org/10.1038/s41423-019-0254-9,,,0,0
https://openalex.org/w2485995306,https://doi.org/10.1111/imj.13052,,,0,0
https://openalex.org/w1973794464,https://doi.org/10.1007/s12328-010-0165-x,,,0,0
https://openalex.org/w2136509475,https://doi.org/10.1093/annonc/mdf277,,,0,0
https://openalex.org/w2006352000,https://doi.org/10.1001/archderm.143.8.1053,,,0,0
https://openalex.org/w4322702510,https://doi.org/10.1002/1097-0142(19940315)73:6<1621::aid-cncr2820730613>3.0.co;2-e,,,0,0
https://openalex.org/w2972268183,https://doi.org/10.3390/diagnostics9030113,,,0,1
https://openalex.org/w2323940822,https://doi.org/10.1136/annrheumdis-2013-eular.1848,,,0,0
https://openalex.org/w2314060676,https://doi.org/10.1136/annrheumdis-2014-eular.2490,,,0,0
https://openalex.org/w2116472451,https://doi.org/10.1586/1744666x.4.4.469,,,0,0
https://openalex.org/w2003214809,https://doi.org/10.1371/journal.pone.0114017,,,0,0
https://openalex.org/w1978863618,https://doi.org/10.1016/s0190-9622(97)70223-8,,,0,0
https://openalex.org/w2334161508,https://doi.org/10.1212/01.con.0000389933.77036.14,,,0,0
https://openalex.org/w2218259209,https://doi.org/10.1002/prca.201500060,,,0,0
https://openalex.org/w2400965072,,,,0,0
https://openalex.org/w2116241483,https://doi.org/10.2217/imt.12.134,,,0,0
https://openalex.org/w2316538040,https://doi.org/10.1097/dad.0b013e3181a8527f,,,0,0
https://openalex.org/w2809821375,https://doi.org/10.1136/annrheumdis-2018-212988,,,1,1
https://openalex.org/w2416734864,https://doi.org/10.1097/00007611-199608000-00012,,,0,0
https://openalex.org/w2167229375,https://doi.org/10.1016/j.clim.2005.05.001,,,0,0
https://openalex.org/w4255252048,https://doi.org/10.1111/cen3.12004,,,0,0
https://openalex.org/w2055327047,https://doi.org/10.1016/s0140-6736(84)92327-4,,,0,0
https://openalex.org/w2144728634,https://doi.org/10.1186/ar2887,,,0,1
https://openalex.org/w2086796595,https://doi.org/10.1159/000189679,,,0,0
https://openalex.org/w2084325524,https://doi.org/10.1053/j.seminhematol.2010.06.002,,,0,0
https://openalex.org/w2957984814,https://doi.org/10.2147/cpaa.s206615,,,0,0
https://openalex.org/w2416747496,https://doi.org/10.1186/s12969-016-0094-4,,,0,0
https://openalex.org/w2095493955,https://doi.org/10.1212/wnl.63.12_suppl_6.s8,,,0,0
https://openalex.org/w350512981,https://doi.org/,,,0,0
https://openalex.org/w2528690550,https://doi.org/10.3389/fimmu.2016.00400,,,0,0
https://openalex.org/w1996526497,https://doi.org/10.2174/1570162x12666140526113544,,,0,0
https://openalex.org/w2025070267,https://doi.org/10.2217/fmb.09.6,,,0,0
https://openalex.org/w2071220155,https://doi.org/10.1074/jbc.m112.345405,,,0,0
https://openalex.org/w2076720738,https://doi.org/10.1038/leu.2012.181,,,0,0
https://openalex.org/w2416342210,https://doi.org/10.1136/annrheumdis-2015-eular.5819,,,0,0
https://openalex.org/w2037603741,https://doi.org/10.1001/archopht.116.11.1514,,,0,0
https://openalex.org/w2338822443,https://doi.org/10.1056/nejmcpc020107,,026-735-829-192-122,0,0
https://openalex.org/w2117491442,https://doi.org/10.15252/emmm.201404719,,,0,0
https://openalex.org/w2322182884,https://doi.org/10.1111/joim.12444,,,0,0
https://openalex.org/w4230581943,https://doi.org/10.1111/j.1526-4610.2011.01935.x,,,0,0
https://openalex.org/w1984572735,https://doi.org/10.1016/j.mpdhp.2013.01.016,,,0,0
https://openalex.org/w2037871095,https://doi.org/10.1016/0925-4439(93)90153-r,,,0,0
https://openalex.org/w2045044841,https://doi.org/10.1016/j.cyto.2010.07.078,,,0,0
https://openalex.org/w2944124521,https://doi.org/10.1155/2019/4813795,,,0,0
https://openalex.org/w2051360348,https://doi.org/10.1111/j.1365-2249.1993.tb05901.x,,,0,0
https://openalex.org/w2163043242,https://doi.org/10.1002/art.38288,,,0,1
https://openalex.org/w2097366004,https://doi.org/10.4049/jimmunol.173.4.2815,,,0,0
https://openalex.org/w2791558843,https://doi.org/10.1111/cen3.12434,,,0,0
https://openalex.org/w2097754043,https://doi.org/10.1136/ard.2010.129635g,,,0,0
https://openalex.org/w1964695094,https://doi.org/10.1002/art.37742,,,1,1
https://openalex.org/w2016300251,https://doi.org/10.1038/nm939,,,0,0
https://openalex.org/w2127137984,https://doi.org/10.1034/j.1399-3003.1999.14b03.x,,,0,0
https://openalex.org/w1975555493,https://doi.org/10.1016/s0161-6420(03)00663-8,,,0,0
https://openalex.org/w2132167048,https://doi.org/10.1016/j.ddstr.2004.11.010,,,0,0
https://openalex.org/w2337982976,https://doi.org/10.1177/0961203316644334,,,0,1
https://openalex.org/w2138972371,https://doi.org/10.3389/fimmu.2014.00001,,,0,0
https://openalex.org/w2415092114,,,,0,0
https://openalex.org/w2159313600,https://doi.org/10.1186/1546-0096-13-s1-o35,,,0,0
https://openalex.org/w2804469409,https://doi.org/10.20517/2347-8659.2018.07,,,0,0
https://openalex.org/w2008606789,https://doi.org/10.2174/138955706776073411,,,0,0
https://openalex.org/w2060761598,https://doi.org/10.1016/j.jaut.2009.05.001,,,0,0
https://openalex.org/w1985642842,https://doi.org/10.1038/ncprheum0866,,,0,0
https://openalex.org/w2091940416,https://doi.org/10.1097/01.rhu.0000164825.63063.43,,,0,0
https://openalex.org/w2328745300,https://doi.org/10.2174/157339709787315357,,,0,0
https://openalex.org/w2062555719,https://doi.org/10.1038/sj.gene.6364409,,,0,0
https://openalex.org/w2064581943,https://doi.org/10.1097/00002281-200311000-00003,,,0,0
https://openalex.org/w2064329519,https://doi.org/10.1016/j.mayocp.2012.10.017,,,0,0
https://openalex.org/w2803960655,https://doi.org/10.1016/j.gene.2018.05.041,,,0,0
https://openalex.org/w2021451273,https://doi.org/10.3892/ijo.2012.1523,,,0,0
https://openalex.org/w1967867677,https://doi.org/10.1016/j.mehy.2006.06.026,,,0,0
https://openalex.org/w2151014311,https://doi.org/10.1016/j.berh.2005.05.006,,,0,0
https://openalex.org/w2970092242,https://doi.org/10.1002/2211-5463.12675,,,0,0
https://openalex.org/w2937761583,https://doi.org/10.1093/rheumatology/kez107.047,,,0,0
https://openalex.org/w3093579187,https://doi.org/10.1136/annrheumdis-2019-eular.2542,,,0,0
https://openalex.org/w1966821749,https://doi.org/10.1053/sarh.2002.32549,,,0,0
https://openalex.org/w2803985984,https://doi.org/10.1007/s00296-018-4048-7,,,0,0
https://openalex.org/w1966138206,https://doi.org/10.1186/ar2584,,,1,1
https://openalex.org/w2039072852,https://doi.org/10.1016/j.ijom.2006.02.011,,,0,0
https://openalex.org/w1981735825,https://doi.org/10.1016/s0733-8619(05)70359-5,,,0,0
https://openalex.org/w2158066464,https://doi.org/10.1186/ar1505,,,0,0
https://openalex.org/w2949939959,https://doi.org/10.1136/annrheumdis-2019-eular.7041,,,0,0
https://openalex.org/w2002894326,https://doi.org/10.1016/s0973-3698(10)60040-4,,,0,0
https://openalex.org/w2150119269,https://doi.org/10.1016/0306-9877(95)90303-8,,,0,0
https://openalex.org/w2523653129,https://doi.org/10.1371/journal.pone.0162896,,,0,0
https://openalex.org/w2120706571,https://doi.org/10.1093/ndt/gfh469,,,0,0
https://openalex.org/w1975983909,https://doi.org/10.1002/eji.201040602,,,0,0
https://openalex.org/w1965071293,https://doi.org/10.1016/j.bbadis.2014.05.034,,,0,0
https://openalex.org/w4247105675,https://doi.org/10.1016/j.cll.2009.10.003,,,0,0
https://openalex.org/w1998678179,https://doi.org/10.1016/s0953-6205(02)00089-4,,,0,0
https://openalex.org/w2313852791,https://doi.org/10.1016/j.ijid.2016.02.538,,,0,0
https://openalex.org/w2737137112,https://doi.org/10.1210/jc.2017-00139,,,0,0
https://openalex.org/w2952200421,https://doi.org/10.1136/annrheumdis-2019-eular.6092,,,0,0
https://openalex.org/w2012135492,https://doi.org/10.4161/cc.11.3.19054,,,0,0
https://openalex.org/w2180862603,https://doi.org/10.1038/nrrheum.2015.60,,,0,0
https://openalex.org/w2473912147,https://doi.org/10.1002/art.39629,,,1,1
https://openalex.org/w2509336881,https://doi.org/10.1073/pnas.1607011113,,,0,0
https://openalex.org/w2047725399,https://doi.org/10.1016/j.clml.2013.03.020,,,0,0
https://openalex.org/w2049161175,https://doi.org/10.1159/000341811,,,0,0
https://openalex.org/w2031490285,https://doi.org/10.1002/jmv.2034,,,0,0
https://openalex.org/w2074477446,https://doi.org/10.1002/art.33454,,,0,0
https://openalex.org/w2700209927,https://doi.org/10.1155/2017/9198328,,,0,0
https://openalex.org/w2121119865,https://doi.org/10.1093/rheumatology/keq330,,,0,0
https://openalex.org/w2312265932,https://doi.org/10.1056/nejm199403173301104,,,0,0
https://openalex.org/w2042347911,https://doi.org/10.1111/1523-1747.ep12874776,,,0,0
https://openalex.org/w2791803441,https://doi.org/10.1016/j.freeradbiomed.2018.03.005,,,0,0
https://openalex.org/w2416115344,https://doi.org/10.1093/annonc/mdw225,,,0,0
https://openalex.org/w2069442323,https://doi.org/10.1007/s12016-007-8072-8,,,0,0
https://openalex.org/w2418903831,https://doi.org/10.1097/icu.0000000000000183,,,0,0
https://openalex.org/w2161642826,https://doi.org/10.1002/jgm.763,,,0,0
https://openalex.org/w2013639487,https://doi.org/10.1358/dof.2004.029.09.854176,,,0,0
https://openalex.org/w2167119716,https://doi.org/10.1073/pnas.0506577102,,,0,0
https://openalex.org/w2011296007,https://doi.org/10.1007/s10384-006-0425-y,,,0,0
https://openalex.org/w2395741147,,,,0,0
https://openalex.org/w1963605049,https://doi.org/10.1097/cnd.0b013e3181d4a527,,,0,0
https://openalex.org/w2902705894,,,,0,0
https://openalex.org/w2168503603,https://doi.org/10.1093/rheumatology/kes375,,,0,0
https://openalex.org/w2005375258,https://doi.org/10.1002/art.27182,,,0,0
https://openalex.org/w4239772254,https://doi.org/10.1067/mai.2003.80,,,0,0
https://openalex.org/w1971418941,https://doi.org/10.1212/wnl.0b013e31821f440a,,,0,1
https://openalex.org/w2008275098,https://doi.org/10.1177/0961203313479420,,,0,0
https://openalex.org/w1565471622,https://doi.org/10.1111/j.1478-3231.2007.01666.x,,,0,0
https://openalex.org/w2111519718,https://doi.org/10.1136/ard.2010.141051,,,1,1
https://openalex.org/w2048427287,https://doi.org/10.1007/s10067-006-0416-x,,,0,0
https://openalex.org/w2945760480,https://doi.org/10.1080/14397595.2019.1620999,,,0,0
https://openalex.org/w1985953409,https://doi.org/10.1159/000148191,,,0,0
https://openalex.org/w1547552531,https://doi.org/10.4049/jimmunol.174.5.2499,,,0,0
https://openalex.org/w4300573694,https://doi.org/10.1093/rheumatology/kep716,,,0,0
https://openalex.org/w2072735795,https://doi.org/10.1016/s1040-8428(00)00056-1,,,0,0
https://openalex.org/w2054706206,https://doi.org/10.2169/internalmedicine.50.4790,,,0,0
https://openalex.org/w1863535553,https://doi.org/10.1111/j.1749-6632.2009.05158.x,,,0,0
https://openalex.org/w2408020729,,,,0,0
https://openalex.org/w4313351433,https://doi.org/10.4049/jimmunol.190.supp.127.14,,,0,0
https://openalex.org/w2007106048,https://doi.org/10.1016/s0140-6736(01)05342-9,,,0,0
https://openalex.org/w1977081412,https://doi.org/10.1002/mus.10118,,,0,0
https://openalex.org/w2004198044,https://doi.org/10.1007/s00296-012-2498-x,,,0,0
https://openalex.org/w1992087022,https://doi.org/10.1007/bf02826219,,,0,0
https://openalex.org/w2257791500,https://doi.org/10.3899/jrheum.150040,,,1,1
https://openalex.org/w2055704714,https://doi.org/10.1007/s00432-003-0502-2,,,0,0
https://openalex.org/w2721556819,https://doi.org/10.1371/journal.pgen.1006820,,,0,0
https://openalex.org/w4235427380,https://doi.org/10.1358/dot.2006.42.11.1032061,,,0,0
https://openalex.org/w2113199618,https://doi.org/10.2217/imt.09.61,,,0,0
https://openalex.org/w2167116927,https://doi.org/10.1080/15476910590965832,,,0,0
https://openalex.org/w4243437980,https://doi.org/10.1136/lupus-2019-la.13,,,0,0
https://openalex.org/w2124285907,https://doi.org/10.1016/j.autrev.2008.07.020,,,0,0
https://openalex.org/w4252639669,https://doi.org/10.1172/jci58649,,,0,0
https://openalex.org/w2942793043,https://doi.org/10.1111/exd.13859,,,0,0
https://openalex.org/w46835818,,,,0,0
https://openalex.org/w3191903814,https://doi.org/10.1002/art.30608,,,0,0
https://openalex.org/w2737554580,https://doi.org/10.1080/21678707.2017.1356716,,,0,0
https://openalex.org/w2315329255,https://doi.org/10.3310/hta6330,,124-142-581-798-348,0,0
https://openalex.org/w2010622438,https://doi.org/10.1034/j.1600-0676.2000.020006427.x,,,0,0
https://openalex.org/w2313288976,https://doi.org/10.1136/annrheumdis-2012-eular.2624,,,0,0
https://openalex.org/w2045660213,https://doi.org/10.1016/j.dld.2014.01.041,,,0,0
https://openalex.org/w2013026858,https://doi.org/10.1038/nrrheum.2015.14,,,0,0
https://openalex.org/w2970751519,https://doi.org/10.3390/jcm8091351,,,0,0
https://openalex.org/w2089102060,https://doi.org/10.1007/bf00197186,,,0,0
https://openalex.org/w2030698569,https://doi.org/10.1177/1759720x12455960,,,0,0
https://openalex.org/w2894888448,https://doi.org/10.1136/annrheumdis-2018-eular.2245,,,0,0
https://openalex.org/w1992868094,https://doi.org/10.1016/s0968-0896(03)00178-0,,,0,0
https://openalex.org/w1976959683,https://doi.org/10.1136/ard.2003.012948,,,0,0
https://openalex.org/w1969221124,https://doi.org/10.1038/bjc.1998.732,,,0,0
https://openalex.org/w1964504364,https://doi.org/10.1016/j.jaad.2011.07.013,,,0,0
https://openalex.org/w2560414833,https://doi.org/10.1111/cei.12914,,,0,0
https://openalex.org/w2922261518,https://doi.org/10.14309/00000434-201010001-00760,,,0,0
https://openalex.org/w2054147639,https://doi.org/10.1016/j.jns.2009.07.016,,,0,0
https://openalex.org/w2749220276,https://doi.org/10.1136/annrheumdis-2017-eular.3309,,,0,0
https://openalex.org/w2345795545,https://doi.org/10.1016/j.molmed.2016.04.005,,,0,0
https://openalex.org/w2953185929,https://doi.org/10.1136/annrheumdis-2019-eular.2511,,,0,0
https://openalex.org/w2254825418,https://doi.org/10.3389/fimmu.2016.00035,,,0,0
https://openalex.org/w2131958861,https://doi.org/10.1055/s-0031-1279830,,,0,0
https://openalex.org/w4240240100,https://doi.org/10.1093/rheumatology/kex062,,,0,0
https://openalex.org/w2061502775,https://doi.org/10.3748/wjg.v20.i32.11443,,,0,0
https://openalex.org/w2032851601,https://doi.org/10.1016/s0749-0690(05)70106-3,,,0,0
https://openalex.org/w2092701811,https://doi.org/10.1093/infdis/148.5.907,,,0,0
https://openalex.org/w2138211617,https://doi.org/10.1038/nrrheum.2012.66,,,0,0
https://openalex.org/w2066396337,https://doi.org/10.1016/j.autrev.2008.07.025,,,0,0
https://openalex.org/w2058791730,https://doi.org/10.1046/j.1365-2249.1996.d01-877.x,,,0,0
https://openalex.org/w2318933414,https://doi.org/10.5414/cnp75374,,,0,0
https://openalex.org/w2407991111,,,,0,0
https://openalex.org/w1999752294,https://doi.org/10.1002/art.30356,,,0,0
https://openalex.org/w2898150929,https://doi.org/10.1007/s12026-018-9033-4,,,0,0
https://openalex.org/w2028441196,https://doi.org/10.1016/j.imlet.2004.12.011,,,0,0
https://openalex.org/w2904272906,https://doi.org/10.1111/exd.13486,,,0,0
https://openalex.org/w2125491461,https://doi.org/10.4049/jimmunol.1401322,,,0,0
https://openalex.org/w2157481650,https://doi.org/10.1046/j.1468-3083.2003.00583.x,,,0,0
https://openalex.org/w1966318213,https://doi.org/10.1016/s0163-4453(98)80022-4,,,0,0
https://openalex.org/w2889414963,https://doi.org/10.1186/s13075-018-1683-z,,,0,0
https://openalex.org/w2023605057,https://doi.org/10.1016/s0889-8561(05)70046-1,,,0,0
https://openalex.org/w2051575374,https://doi.org/10.1002/pds.842,,,0,0
https://openalex.org/w2028426093,https://doi.org/10.1371/journal.pone.0006098,,,0,0
https://openalex.org/w2008345204,https://doi.org/10.1007/bf00407749,,,0,0
https://openalex.org/w2254384777,https://doi.org/10.1056/nejm199307153290307,,,0,0
https://openalex.org/w2052762160,https://doi.org/10.1111/j.1365-2133.1986.tb02113.x,,,0,0
https://openalex.org/w2045624158,https://doi.org/10.1111/j.1365-2141.1985.tb02835.x,,,0,0
https://openalex.org/w1980222208,https://doi.org/10.3109/15563658809000343,,,0,0
https://openalex.org/w2949682641,https://doi.org/10.1136/annrheumdis-2019-eular.3148,,,0,0
https://openalex.org/w2168593612,https://doi.org/10.1634/theoncologist.8-5-451,,,0,0
https://openalex.org/w1995251646,https://doi.org/10.1016/j.bbagrm.2014.07.013,,,0,0
https://openalex.org/w1998133320,https://doi.org/10.1371/journal.pone.0009193,,,0,0
https://openalex.org/w2117115804,https://doi.org/10.1016/s0140-6736(13)60247-0,,,0,0
https://openalex.org/w2182540487,,,,0,0
https://openalex.org/w2807529610,https://doi.org/10.1097/bor.0000000000000528,,,0,0
https://openalex.org/w820955410,https://doi.org/10.1371/journal.pone.0130612,,,0,0
https://openalex.org/w2140573947,https://doi.org/10.3390/ijms160511013,,,0,0
https://openalex.org/w2332884997,https://doi.org/10.1136/annrheumdis-2013-eular.1154,,,0,0
https://openalex.org/w3000881747,https://doi.org/10.1186/s12969-017-0185-x,,,0,0
https://openalex.org/w2039817223,https://doi.org/10.2340/00015555-1580,,,0,0
https://openalex.org/w2102671046,https://doi.org/10.1517/14712591003724670,,,0,0
https://openalex.org/w2056941619,https://doi.org/10.2147/pgpm.s4461,,,0,0
https://openalex.org/w2162092432,https://doi.org/10.1517/13543784.10.1.31,,,0,0
https://openalex.org/w2015292253,https://doi.org/10.1007/bf00269199,,,1,1
https://openalex.org/w2323100219,https://doi.org/10.1097/00004836-200108000-00009,,,0,0
https://openalex.org/w2164775373,https://doi.org/10.1002/art.38264,,,1,1
https://openalex.org/w304852657,,,,0,0
https://openalex.org/w2312628600,https://doi.org/10.1136/annrheumdis-2012-eular.1656,,,0,0
https://openalex.org/w2083278536,https://doi.org/10.1155/2014/107421,,,0,0
https://openalex.org/w2021720773,https://doi.org/10.3389/fphar.2014.00265,,,0,0
https://openalex.org/w2917585031,https://doi.org/10.1038/s41423-019-0205-5,,,0,0
https://openalex.org/w2118013297,https://doi.org/10.1016/j.echo.2004.10.022,,,0,0
https://openalex.org/w2015389363,https://doi.org/10.1097/01.md.0000158825.87055.0b,,,0,0
https://openalex.org/w1589389725,https://doi.org/10.4049/jimmunol.178.4.2148,,,0,0
https://openalex.org/w2160122047,https://doi.org/10.1186/ar2475,,,0,0
https://openalex.org/w2340906209,https://doi.org/10.1016/j.immuni.2016.04.002,,,0,0
https://openalex.org/w1995031225,https://doi.org/10.2147/ott.s3993,,,0,0
https://openalex.org/w2015121619,https://doi.org/10.1016/j.clim.2006.05.011,,,1,1
https://openalex.org/w2555339240,https://doi.org/10.1016/j.det.2016.07.005,,,0,0
https://openalex.org/w2744395836,https://doi.org/10.1371/journal.pone.0182646,,,0,0
https://openalex.org/w2087943379,https://doi.org/10.1007/s004150050590,,,0,0
https://openalex.org/w2131647188,,,,0,0
https://openalex.org/w2075547808,https://doi.org/10.1177/0961203310371157,,,0,0
https://openalex.org/w2802411199,https://doi.org/10.1016/s0016-5085(18)33436-x,,,0,0
https://openalex.org/w4293087454,https://doi.org/10.1016/j.jneuroim.2012.10.001,,,0,0
https://openalex.org/w2808906184,https://doi.org/10.1302/2058-5241.3.170047,,,0,0
https://openalex.org/w1967034968,https://doi.org/10.1007/s00018-010-0605-2,,,0,0
https://openalex.org/w2058072615,https://doi.org/10.2165/00002018-199410020-00003,,,0,0
https://openalex.org/w2057846729,https://doi.org/10.1007/s00535-004-1452-4,,,0,0
https://openalex.org/w2405452323,https://doi.org/10.1201/9781003076889-21,,,0,0
https://openalex.org/w1964133627,https://doi.org/10.1038/nri3407,,,0,0
https://openalex.org/w2069488884,https://doi.org/10.1002/1529-0131(199809)41:9<1695::aid-art22>3.0.co;2-v,,,0,0
https://openalex.org/w2327534942,https://doi.org/10.2174/187152212803521002,,,0,0
https://openalex.org/w2062739102,https://doi.org/10.1016/s0049-0172(98)80015-2,,,0,0
https://openalex.org/w2112707282,https://doi.org/10.4049/jimmunol.136.10.3643,,,0,0
https://openalex.org/w2082706183,https://doi.org/10.1002/art.20008,,,0,0
https://openalex.org/w2087653001,https://doi.org/10.1016/j.anai.2012.05.014,,000-496-357-320-528,0,0
https://openalex.org/w53964390,,,,0,0
https://openalex.org/w4243134741,https://doi.org/10.1038/ajg.2015.277,,,0,0
https://openalex.org/w2067413732,https://doi.org/10.1016/0277-5379(83)90099-8,,,0,0
https://openalex.org/w2031539656,https://doi.org/10.1111/j.1601-0825.2008.01440.x,,,0,0
https://openalex.org/w2585480788,https://doi.org/10.1016/j.jaut.2016.12.005,,,1,1
https://openalex.org/w2091153004,https://doi.org/10.1016/j.immuni.2009.07.005,,,0,0
https://openalex.org/w2979325951,https://doi.org/10.1182/blood.v114.22.643.643,,,0,0
https://openalex.org/w2014480740,https://doi.org/10.1074/jbc.m509901200,,,0,0
https://openalex.org/w2169618482,https://doi.org/10.2217/imt.12.5,,,0,0
https://openalex.org/w4313355599,https://doi.org/10.4049/jimmunol.200.supp.45.4,,,0,0
https://openalex.org/w1521075623,https://doi.org/10.1002/art.27478,,,0,0
https://openalex.org/w2187210656,https://doi.org/10.14712/fb2007053040146,,,0,0
https://openalex.org/w2471395144,https://doi.org/10.1016/j.kint.2016.05.017,,,0,0
https://openalex.org/w1976026635,https://doi.org/10.1080/08916930310001625952,,,0,1
https://openalex.org/w2415163023,,,,0,0
https://openalex.org/w2004021259,https://doi.org/10.3748/wjg.v20.i42.15860,,,0,0
https://openalex.org/w2128298757,https://doi.org/10.1186/1465-9921-14-80,,,0,1
https://openalex.org/w4206263988,https://doi.org/10.1007/s10928-013-9308-2,,,0,0
https://openalex.org/w2104609912,https://doi.org/10.1093/rheumatology/keu417,,,0,0
https://openalex.org/w2104742490,https://doi.org/10.1126/scitranslmed.3004956,,,0,0
https://openalex.org/w2614049445,https://doi.org/10.1111/hepr.12914,,,0,0
https://openalex.org/w1978741605,https://doi.org/10.1053/j.gastro.2005.11.011,,,0,0
https://openalex.org/w2903644261,https://doi.org/10.1016/j.autrev.2018.09.007,,,0,0
https://openalex.org/w2093018524,https://doi.org/10.1007/s00417-008-0886-4,,,0,0
https://openalex.org/w2020289799,https://doi.org/10.1002/art.33347,,,0,0
https://openalex.org/w1966408457,https://doi.org/10.1172/jci79100,,,0,0
https://openalex.org/w2011995978,https://doi.org/10.1097/md.0b013e3182a5cf71,,,0,0
https://openalex.org/w2073495491,https://doi.org/10.2165/00003495-200767070-00004,,,0,0
https://openalex.org/w2010286010,https://doi.org/10.1186/1546-0096-12-44,,,0,0
https://openalex.org/w2075287834,https://doi.org/10.1016/0955-3886(96)00013-6,,,0,0
https://openalex.org/w160334176,,,,0,0
https://openalex.org/w2911690924,https://doi.org/10.1007/s11926-019-0802-4,,,0,0
https://openalex.org/w2409777419,https://doi.org/10.1002/art.39781,,,0,0
https://openalex.org/w2113152338,https://doi.org/10.1517/14728214.2013.842975,,,0,0
https://openalex.org/w2009663598,https://doi.org/10.1358/dot.2007.43.5.1062671,,,0,0
https://openalex.org/w2782189754,https://doi.org/10.1177/1759720x17746319,,,0,0
https://openalex.org/w2100711833,https://doi.org/10.1517/14656560802694481,,,0,0
https://openalex.org/w2329668129,https://doi.org/10.1016/j.cyto.2010.07.166,,,0,0
https://openalex.org/w1999610899,https://doi.org/10.1186/s12916-015-0269-8,,,0,0
https://openalex.org/w2766147634,https://doi.org/10.1161/circresaha.116.310349,,,0,0
https://openalex.org/w2415504890,,,,0,0
https://openalex.org/w2133948851,https://doi.org/10.1002/art.1780260906,,,0,0
https://openalex.org/w2592564537,https://doi.org/10.1002/art.40086,,,1,1
https://openalex.org/w2274643654,https://doi.org/10.15252/embj.201593339,,,0,0
https://openalex.org/w2070369965,https://doi.org/10.1097/00002281-199809000-00007,,,0,0
https://openalex.org/w4298409005,https://doi.org/10.1111/jgh.12363_2,,,0,0
https://openalex.org/w2315261734,https://doi.org/10.2174/157339512798991227,,,0,0
https://openalex.org/w2103501288,https://doi.org/10.1159/000007740,,,0,0
https://openalex.org/w2739463330,https://doi.org/10.1080/1744666x.2017.1360135,,,0,0
https://openalex.org/w2397641904,https://doi.org/10.1136/rmdopen-2015-000183,,,1,1
https://openalex.org/w4244180526,https://doi.org/10.1038/jid.2014.107,,,0,0
https://openalex.org/w2060953383,https://doi.org/10.1191/1352458502ms821oa,,,0,0
https://openalex.org/w2167287152,https://doi.org/10.2217/bmm.12.10,,,0,0
https://openalex.org/w2936335917,https://doi.org/10.3389/fimmu.2019.00798,,,0,0
https://openalex.org/w2002820253,https://doi.org/10.1002/jcp.1041610205,,,0,0
https://openalex.org/w1940897307,https://doi.org/10.1007/s00467-015-3202-7,,,0,0
https://openalex.org/w2950314010,https://doi.org/10.1136/annrheumdis-2019-eular.2994,,,0,0
https://openalex.org/w2769096731,https://doi.org/10.1002/cpt.936,,,0,1
https://openalex.org/w2759430245,https://doi.org/10.2174/1573395511666150707181943,,,0,0
https://openalex.org/w2206747472,https://doi.org/10.1111/bjd.14385,,,0,0
https://openalex.org/w2319160135,https://doi.org/10.1097/00002030-200304001-00005,,,0,0
https://openalex.org/w1872740335,https://doi.org/10.4049/jimmunol.0803001,,,0,0
https://openalex.org/w2156288954,https://doi.org/10.3109/10428194.2011.589550,,,0,0
https://openalex.org/w2028692877,https://doi.org/10.1093/rheumatology/29.1.50,,,1,1
https://openalex.org/w2157974821,https://doi.org/10.1093/ndt/gfs392,,,0,0
https://openalex.org/w1275683271,https://doi.org/10.1038/srep13575,,,0,0
https://openalex.org/w1845297264,https://doi.org/10.1111/j.1468-1331.2011.03597.x,,,0,0
https://openalex.org/w4256641552,https://doi.org/10.1136/annrheumdis-2012-eular.1766,,,0,0
https://openalex.org/w2167724179,https://doi.org/10.1309/ajcp66qimfarlzki,,,0,0
https://openalex.org/w1982441888,https://doi.org/10.1111/j.1440-1746.2004.03565.x,,,0,0
https://openalex.org/w2059145443,https://doi.org/10.1007/s00415-013-6888-0,,,0,0
https://openalex.org/w2078361288,https://doi.org/10.4061/2011/939520,,,0,0
https://openalex.org/w2004809077,https://doi.org/10.3899/jrheum.130527,,,0,0
https://openalex.org/w2921813993,https://doi.org/10.1016/j.ncl.2019.01.012,,,0,0
https://openalex.org/w2071747460,https://doi.org/10.1177/0091270007308616,,,0,0
https://openalex.org/w2874681677,https://doi.org/10.1002/art.40659,,,0,0
https://openalex.org/w2021504514,https://doi.org/10.1093/rheumatology/38.12.1299,,,0,0
https://openalex.org/w1995436822,https://doi.org/10.1016/j.clindermatol.2006.07.004,,,0,0
https://openalex.org/w2604391055,https://doi.org/10.1080/2162402x.2017.1314424,,,0,0
https://openalex.org/w2142514968,https://doi.org/10.1186/1471-230x-9-22,,,0,0
https://openalex.org/w2944501722,https://doi.org/10.1016/j.jaad.2018.05.744,,,0,0
https://openalex.org/w2114061884,https://doi.org/10.1038/nrneurol.2013.41,,,0,0
https://openalex.org/w2415484855,,,,0,0
https://openalex.org/w2511903346,https://doi.org/10.1007/s40496-016-0112-0,,,0,0
https://openalex.org/w2461975612,https://doi.org/10.1111/j.1423-0410.2000.tb00062.x,,,0,0
https://openalex.org/w1987928929,https://doi.org/10.1016/s0741-8329(01)00146-x,,,0,0
https://openalex.org/w2946922945,https://doi.org/10.1136/annrheumdis-2019-eular.3098,,,0,0
https://openalex.org/w2084285057,https://doi.org/10.1634/stemcells.2007-0002,,,0,0
https://openalex.org/w2088108957,https://doi.org/10.1007/s11864-004-0020-8,,,0,0
https://openalex.org/w2589793552,https://doi.org/10.1016/j.dld.2017.01.068,,,0,0
https://openalex.org/w1998368841,https://doi.org/10.1038/ncprheum0301,,,0,0
https://openalex.org/w4245346470,https://doi.org/10.1177/030089161309900524,,,0,0
https://openalex.org/w2110268382,https://doi.org/10.1016/s1590-8658(01)80073-6,,,0,0
https://openalex.org/w2597563735,https://doi.org/10.1042/cs20160415,,,0,0
https://openalex.org/w2553782198,https://doi.org/10.1136/annrheumdis-2016-eular.4236,,,0,0
https://openalex.org/w2317333850,https://doi.org/10.1007/s00415-008-6005-y,,,0,0
https://openalex.org/w4302566666,https://doi.org/10.1111/imm.12001,,,0,0
https://openalex.org/w2029255228,https://doi.org/10.1371/journal.pone.0051090,,,0,0
https://openalex.org/w2053085119,https://doi.org/10.1016/s0041-1345(98)00074-8,,,0,0
https://openalex.org/w2028312550,https://doi.org/10.1038/icb.2012.12,,,0,0
https://openalex.org/w2418894393,,,,0,0
https://openalex.org/w2047876790,https://doi.org/10.1007/s10549-004-2229-4,,,0,0
https://openalex.org/w2319668671,https://doi.org/10.1177/0961203316640910,,,0,0
https://openalex.org/w2323622714,https://doi.org/10.1136/annrheumdis-2012-eular.2488,,,0,0
https://openalex.org/w2090289792,https://doi.org/10.1016/j.autrev.2011.05.001,,,0,0
https://openalex.org/w1997177092,https://doi.org/10.1016/j.bpg.2009.10.012,,,0,0
https://openalex.org/w2621320624,https://doi.org/10.1136/lupus-2017-000215.42,,,0,0
https://openalex.org/w1906924972,https://doi.org/10.1002/eji.201445293,,,0,0
https://openalex.org/w2009425046,https://doi.org/10.1016/0090-1229(85)90186-2,,,0,0
https://openalex.org/w1969558849,https://doi.org/10.1016/j.mehy.2012.02.009,,,0,0
https://openalex.org/w1979307334,https://doi.org/10.1177/0961203312471576,,,0,0
https://openalex.org/w2768088991,https://doi.org/10.1515/jomb-2017-0048,,,1,1
https://openalex.org/w2100516310,https://doi.org/10.1002/art.23613,,,0,0
https://openalex.org/w1974225329,https://doi.org/10.2165/00002018-200629080-00004,,,0,0
https://openalex.org/w2096380177,https://doi.org/10.1155/2013/286857,,,0,0
https://openalex.org/w2016491216,https://doi.org/10.1016/j.diabres.2008.10.015,,,0,0
https://openalex.org/w2001154664,https://doi.org/10.1007/s12094-013-1033-1,,,0,0
https://openalex.org/w1983192925,https://doi.org/10.1016/j.jim.2013.01.012,,,0,0
https://openalex.org/w2130332831,https://doi.org/10.2174/156802609788085241,,,0,0
https://openalex.org/w1489678798,https://doi.org/10.1111/j.1365-2567.2010.03393.x,,,0,0
https://openalex.org/w2111532775,,,,0,0
https://openalex.org/w2107713887,https://doi.org/10.1136/gut.2005.076646,,046-405-172-417-908,0,0
https://openalex.org/w2988674394,,,,0,0
https://openalex.org/w2104738622,https://doi.org/10.3899/jrheum.110983,,,1,1
https://openalex.org/w2128702457,https://doi.org/10.1093/rheumatology/40.9.1064,,,0,0
https://openalex.org/w2060227777,https://doi.org/10.1038/nrrheum.2011.39,,,0,0
https://openalex.org/w4245254193,https://doi.org/10.1097/bor.0b013e32833cc9b7,,,0,0
https://openalex.org/w2016940932,https://doi.org/10.3389/fimmu.2013.00290,,,0,0
https://openalex.org/w1523680505,https://doi.org/10.1007/s00415-011-6089-7,,,0,0
https://openalex.org/w2075706560,https://doi.org/10.1182/blood-2007-04-038943,,,0,0
https://openalex.org/w2789265155,https://doi.org/10.1093/ecco-jcc/jjx180.231,,,0,0
https://openalex.org/w2079386574,https://doi.org/10.1016/j.gene.2011.07.004,,,0,0
https://openalex.org/w1964672254,https://doi.org/10.1002/bjs.6731,,,0,0
https://openalex.org/w2142659847,https://doi.org/10.1016/j.berh.2004.11.006,,,0,0
https://openalex.org/w2346116368,https://doi.org/10.1097/00042871-200701010-00283,,093-096-088-755-582,0,0
https://openalex.org/w2406645195,,,,0,0
https://openalex.org/w2993903932,,,,0,0
https://openalex.org/w2410050955,,,,0,0
https://openalex.org/w2044243821,https://doi.org/10.1186/1471-230x-9-5,,,0,0
https://openalex.org/w1967015016,https://doi.org/10.1097/00000441-200605000-00003,,,0,0
https://openalex.org/w2036536184,https://doi.org/10.1007/s00403-009-0990-2,,,0,0
https://openalex.org/w2125758015,https://doi.org/10.1186/1479-0556-10-6,,,0,0
https://openalex.org/w2123337369,https://doi.org/10.2169/internalmedicine.41.254,,,0,0
https://openalex.org/w2154217021,https://doi.org/10.1089/107999099313352,,,0,0
https://openalex.org/w2072990246,https://doi.org/10.1007/s002810100078,,,0,0
https://openalex.org/w2061118260,https://doi.org/10.1177/135245859700300303,,,0,0
https://openalex.org/w2140115841,https://doi.org/10.5966/sctm.2011-0019,,,0,0
https://openalex.org/w2020562062,https://doi.org/10.1586/1744666x.2014.918848,,,0,0
https://openalex.org/w2120763966,https://doi.org/10.1186/ar3105,,,0,0
https://openalex.org/w2029039132,https://doi.org/10.1111/j.1525-1594.1994.tb03340.x,,,0,0
https://openalex.org/w4211014412,https://doi.org/10.1136/pgmj.66.773.166,,107-062-171-849-45X,0,0
https://openalex.org/w4241211414,https://doi.org/10.2165/00042310-200319120-00008,,,0,0
https://openalex.org/w4256391755,https://doi.org/10.1007/978-3-642-01222-8_7,,,0,0
https://openalex.org/w2068438004,https://doi.org/10.1089/hum.2006.17.985,,,0,0
https://openalex.org/w4230123290,https://doi.org/10.1097/qad.0b013e3282ffb3db,,,0,0
https://openalex.org/w2095016785,https://doi.org/10.1038/nrrheum.2011.35,,,0,0
https://openalex.org/w1996916392,https://doi.org/10.1111/bjh.13201,,,0,0
https://openalex.org/w2165687899,https://doi.org/10.1371/journal.pone.0005776,,,0,0
https://openalex.org/w2891652725,https://doi.org/10.20524/aog.2018.0310,,,0,0
https://openalex.org/w2052266937,https://doi.org/10.1358/dot.2002.38.9.696536,,,0,0
https://openalex.org/w2888793536,https://doi.org/10.3389/fimmu.2018.01957,,,0,0
https://openalex.org/w2803376047,https://doi.org/10.1002/art.40559,,,0,0
https://openalex.org/w2550055621,https://doi.org/10.1007/s11055-016-0371-1,,,0,0
https://openalex.org/w2282953919,https://doi.org/10.1016/j.pmrj.2011.08.311,,,0,0
https://openalex.org/w2943076089,,,,0,0
https://openalex.org/w2527676453,https://doi.org/10.1136/annrheumdis-2013-203221.14,,,0,0
https://openalex.org/w2003744526,https://doi.org/10.1016/0022-1759(91)90272-h,,,0,0
https://openalex.org/w71436292,https://doi.org/10.1177/135965350701200208,,,0,0
https://openalex.org/w2130670290,https://doi.org/10.1189/jlb.1005586,,,0,0
https://openalex.org/w4238961609,https://doi.org/10.1111/exd.12561,,,0,0
https://openalex.org/w2071140414,https://doi.org/10.1136/ard.62.6.561,,,0,0
https://openalex.org/w1975148540,https://doi.org/10.1016/0192-0561(84)90083-3,,,0,0
https://openalex.org/w2892221994,https://doi.org/10.1212/wnl.0000000000006367,,,0,0
https://openalex.org/w2006557592,https://doi.org/10.2165/00063030-200014020-00003,,,0,0
https://openalex.org/w2981248420,https://doi.org/10.1111/all.13962,,,0,0
https://openalex.org/w2110984248,,,,1,1
https://openalex.org/w2554766388,https://doi.org/10.1136/annrheumdis-2016-eular.2790,,,0,0
https://openalex.org/w4300439011,https://doi.org/10.1111/imm.12002,,,0,0
https://openalex.org/w2559250014,https://doi.org/10.1002/art.39803,,,0,0
https://openalex.org/w2294251123,https://doi.org/10.1038/srep22341,,,0,0
https://openalex.org/w2034045161,https://doi.org/10.1016/j.ejca.2009.10.013,,,0,0
https://openalex.org/w2125827510,https://doi.org/10.2337/diabetes.54.5.1423,,,0,0
https://openalex.org/w2077297596,https://doi.org/10.1097/01.ico.0000151560.40236.70,,,0,0
https://openalex.org/w2028856449,https://doi.org/10.1097/00000441-200303000-00006,,,0,0
https://openalex.org/w2547139235,https://doi.org/10.1016/j.clim.2016.10.015,,,0,0
https://openalex.org/w2128605310,https://doi.org/10.1016/s0002-9343(01)01081-6,,,0,0
https://openalex.org/w2952534640,https://doi.org/10.1016/j.biologicals.2019.06.002,,,0,0
https://openalex.org/w75046977,,,,0,0
https://openalex.org/w977301819,https://doi.org/10.1007/s11926-015-0532-1,,,0,0
https://openalex.org/w1591498266,https://doi.org/10.1186/ar1997,,,0,0
https://openalex.org/w2093881459,https://doi.org/10.1002/art.20597,,,0,0
https://openalex.org/w2099981108,https://doi.org/10.1177/096120339400300605,,,0,0
https://openalex.org/w2588142362,https://doi.org/10.1097/bor.0b013e32834ddb27,,,0,0
https://openalex.org/w2021668050,https://doi.org/10.1111/j.1478-3231.2007.01535.x,,,0,0
https://openalex.org/w2285868925,https://doi.org/10.1586/1744666x.2016.1147954,,,0,0
https://openalex.org/w4244411844,https://doi.org/10.4103/0378-6323.148570,,,0,0
https://openalex.org/w2061912547,https://doi.org/10.1016/s0168-8278(99)80337-7,,,0,0
https://openalex.org/w2007648959,https://doi.org/10.1586/14737140.3.6.757,,,0,0
https://openalex.org/w2952618936,https://doi.org/10.1136/annrheumdis-2018-214323,,,0,0
https://openalex.org/w2161284816,https://doi.org/10.1093/intimm/dxt015,,,0,0
https://openalex.org/w2900497218,https://doi.org/10.4103/ijmr.ijmr_1471_18,,,0,0
https://openalex.org/w2938067733,https://doi.org/10.1016/bs.pmbts.2019.03.012,,,0,0
https://openalex.org/w2138873514,,,,0,0
https://openalex.org/w2073195322,https://doi.org/10.1007/s10067-006-0266-6,,,0,0
https://openalex.org/w4298340585,https://doi.org/10.1002/art.38216,,,0,0
https://openalex.org/w1958578278,https://doi.org/10.1128/br.41.3.636-666.1977,,007-058-539-023-676,0,0
https://openalex.org/w4313354831,https://doi.org/10.4049/jimmunol.190.supp.63.34,,,0,0
https://openalex.org/w2044822775,https://doi.org/10.1016/j.immuni.2006.08.008,,,0,0
https://openalex.org/w4292668261,https://doi.org/10.1016/j.jneuroim.2010.08.001,,,0,0
https://openalex.org/w2097603404,https://doi.org/10.1093/qjmed/hcq125,,,0,0
https://openalex.org/w1965130721,https://doi.org/10.1016/j.cyto.2009.07.397,,,0,0
https://openalex.org/w2077033821,https://doi.org/10.1016/s1386-6346(99)00057-1,,,0,0
https://openalex.org/w1994426279,https://doi.org/10.1067/j.cpsurg.2006.08.003,,,0,0
https://openalex.org/w4210556619,https://doi.org/10.1056/nejmc1402401,,,0,0
https://openalex.org/w2048028870,https://doi.org/10.1016/j.cyto.2014.02.002,,,0,0
https://openalex.org/w2402374481,,,,0,0
https://openalex.org/w2022081039,https://doi.org/10.1038/gene.2008.29,,,0,0
https://openalex.org/w4293301090,https://doi.org/10.1177/1352458517731404,,,0,0
https://openalex.org/w2164410207,https://doi.org/10.1111/cei.12456,,,0,0
https://openalex.org/w1978231932,https://doi.org/10.1080/08860220701641579,,,0,0
https://openalex.org/w2011955815,https://doi.org/10.1002/art.34553,,,0,0
https://openalex.org/w2085435601,https://doi.org/10.1097/bor.0000000000000087,,,0,0
https://openalex.org/w1510065192,https://doi.org/10.1002/art.39028,,,0,0
https://openalex.org/w1983427252,https://doi.org/10.1007/bf00918253,,,0,0
https://openalex.org/w2107028900,https://doi.org/10.6004/jnccn.2011.0075,,,0,0
https://openalex.org/w2020377662,https://doi.org/10.1016/j.path.2010.05.007,,,0,0
https://openalex.org/w2064159268,https://doi.org/10.1007/s11882-008-0047-1,,,0,0
https://openalex.org/w2105876383,https://doi.org/10.1371/journal.pone.0060819,,,0,0
https://openalex.org/w2088071723,https://doi.org/10.1002/art.27362,,,0,0
https://openalex.org/w2284338862,https://doi.org/10.1016/s0140-6736(16)00472-4,,,0,0
https://openalex.org/w1847459770,https://doi.org/10.1002/art.39037,,,0,0
https://openalex.org/w111519702,,,,0,0
https://openalex.org/w1489934265,https://doi.org/10.1002/14651858.cd010475.pub2,,,0,0
https://openalex.org/w2279031547,https://doi.org/10.2174/1389450116666150907103622,,,0,0
https://openalex.org/w2011124159,https://doi.org/10.1038/nri1459,,,0,0
https://openalex.org/w2012713541,https://doi.org/10.1089/jir.2009.0089,,,0,0
https://openalex.org/w2784849976,https://doi.org/10.1038/nrrheum.2017.220,,,0,0
https://openalex.org/w2047204129,https://doi.org/10.1078/0171-2985-00197,,,0,0
https://openalex.org/w2140904672,https://doi.org/10.1016/s1520-765x(02)90114-8,,,0,0
https://openalex.org/w2511140591,https://doi.org/10.1080/09273948.2016.1206204,,,0,0
https://openalex.org/w2035801504,https://doi.org/10.1016/j.clim.2014.06.008,,,0,0
https://openalex.org/w2522084611,https://doi.org/10.1016/j.jbspin.2016.07.004,,,0,0
https://openalex.org/w1991473719,https://doi.org/10.1038/nri2670,,,0,0
https://openalex.org/w24999251,,,,0,0
https://openalex.org/w1971138720,https://doi.org/10.1038/ncprheum0346,,,0,0
https://openalex.org/w1800290886,,,,0,0
https://openalex.org/w2123264723,https://doi.org/10.1158/1078-0432.ccr-10-2463,,,0,0
https://openalex.org/w4254429550,https://doi.org/10.4081/itjm.2018.s2,,,0,0
https://openalex.org/w2149827116,https://doi.org/10.1001/archderm.143.2.223,,,0,0
https://openalex.org/w2024574011,https://doi.org/10.1046/j.1365-2710.2003.00469.x,,,0,0
https://openalex.org/w2567871829,https://doi.org/10.1038/nrrheum.2016.211,,,0,0
https://openalex.org/w2015514881,https://doi.org/10.1016/0167-5699(93)90228-d,,,0,0
https://openalex.org/w1513844890,https://doi.org/10.1016/s0065-2776(08)00404-5,,,0,0
https://openalex.org/w1930623285,https://doi.org/10.1111/j.1600-0404.2010.01444.x,,,0,0
https://openalex.org/w2012666592,https://doi.org/10.1586/1744666x.3.6.913,,,0,0
https://openalex.org/w1519019390,https://doi.org/10.1155/2015/832127,,,0,0
https://openalex.org/w2128334836,https://doi.org/10.1016/j.hfc.2005.06.014,,,0,0
https://openalex.org/w2236626918,https://doi.org/10.1038/nrrheum.2015.106,,,0,0
https://openalex.org/w2093964794,https://doi.org/10.3310/hta10050,,,0,0
https://openalex.org/w2011821779,https://doi.org/10.1385/ir:32:1-3:201,,,0,0
https://openalex.org/w2186397959,https://doi.org/10.5114/ceji.2014.43728,,,1,1
https://openalex.org/w1511331632,https://doi.org/10.1002/eji.201242653,,,0,0
https://openalex.org/w2051344953,https://doi.org/10.1186/ar4495,,,0,0
https://openalex.org/w2043209618,https://doi.org/10.1007/s40264-014-0226-z,,,0,0
https://openalex.org/w4300793022,https://doi.org/10.1177/1352458515602642,,,0,0
https://openalex.org/w2804866854,https://doi.org/10.1016/j.semarthrit.2018.05.008,,,0,0
https://openalex.org/w1777081626,https://doi.org/10.1016/s0065-2776(08)60532-5,,,0,0
https://openalex.org/w2471246643,https://doi.org/10.1177/039139880302600602,,,0,0
https://openalex.org/w4317524010,https://doi.org/10.4076/1757-1626-2-6609,,,0,0
https://openalex.org/w2079705554,https://doi.org/10.1097/pap.0b013e31818a6477,,,0,0
https://openalex.org/w1993824166,https://doi.org/10.1016/j.intimp.2012.08.018,,,0,0
https://openalex.org/w2033348407,https://doi.org/10.1007/s11926-000-0034-6,,,0,0
https://openalex.org/w2001711326,https://doi.org/10.1016/j.bbagen.2005.12.014,,,0,0
https://openalex.org/w2043184804,https://doi.org/10.1182/blood-2005-02-0759,,,0,0
https://openalex.org/w1939342522,https://doi.org/10.2147/tcrm.s1109,,,0,0
https://openalex.org/w2800420391,https://doi.org/10.1016/j.jid.2018.03.1030,,,0,0
https://openalex.org/w2418565201,,,,0,0
https://openalex.org/w2062810783,https://doi.org/10.1385/ir:22:2-3:319,,,0,0
https://openalex.org/w2253913562,,,,0,0
https://openalex.org/w3011536,https://doi.org/10.2165/11538330-000000000-00000,,,0,0
https://openalex.org/w2770156761,https://doi.org/10.2174/1570180812666150414215616,,,0,0
https://openalex.org/w2154505950,https://doi.org/10.1136/annrheumdis-2011-201230.5,,,0,0
https://openalex.org/w2905428082,https://doi.org/10.1016/j.autrev.2018.08.010,,,0,0
https://openalex.org/w2962878727,https://doi.org/10.1111/bjd.18357,,,0,0
https://openalex.org/w2069722712,https://doi.org/10.1007/s10911-014-9326-8,,,0,0
https://openalex.org/w2104961923,https://doi.org/10.1001/archderm.138.1.99,,,0,0
https://openalex.org/w2217336648,,,,0,0
https://openalex.org/w2971640557,https://doi.org/10.3389/fimmu.2019.02217,,,0,0
https://openalex.org/w2019582599,https://doi.org/10.1056/nejmoa044396,,,0,0
https://openalex.org/w2142129025,https://doi.org/10.1093/rheumatology/kel191,,,0,0
https://openalex.org/w33640950,,,,0,0
https://openalex.org/w2111675032,,,,0,0
https://openalex.org/w1974042151,https://doi.org/10.3109/15569527.2013.875560,,,0,0
https://openalex.org/w2015842556,https://doi.org/10.1016/s0168-8278(10)60274-7,,,0,0
https://openalex.org/w2030176930,https://doi.org/10.1177/1043454205275623,,,0,0
https://openalex.org/w2111559593,https://doi.org/10.1002/art.22168,,,0,0
https://openalex.org/w2888781030,https://doi.org/10.1016/j.jaad.2018.08.019,,,0,0
https://openalex.org/w20512891,https://doi.org/10.1016/b978-0-323-09138-1.00132-7,,,0,0
https://openalex.org/w2032927902,https://doi.org/10.1038/nm.2626,,,0,0
https://openalex.org/w2411883915,,,,0,0
https://openalex.org/w2106505062,https://doi.org/10.1177/1352458507078393,,,0,0
https://openalex.org/w1966891899,https://doi.org/10.1016/j.vaccine.2012.04.099,,,0,0
https://openalex.org/w2145369418,https://doi.org/10.1592/phco.31.1.92,,,0,0
https://openalex.org/w4255980102,https://doi.org/10.1097/wco.0b013e32826fbca6,,,0,0
https://openalex.org/w2094361801,https://doi.org/10.1046/j.1464-410x.1997.00301.x,,,0,0
https://openalex.org/w2069288498,https://doi.org/10.1016/j.immuni.2012.02.008,,,0,0
https://openalex.org/w1996062394,https://doi.org/10.1586/17469899.2013.843453,,,0,0
https://openalex.org/w3190754356,https://doi.org/10.1007/s11926-007-0050-x,,,0,0
https://openalex.org/w2146259009,https://doi.org/10.1002/(sici)1096-9071(199911)59:3<277::aid-jmv3>3.0.co;2-e,,,0,0
https://openalex.org/w2029535934,https://doi.org/10.1007/s10238-004-0032-5,,,0,0
https://openalex.org/w2500783422,https://doi.org/10.1038/srep29909,,,1,1
https://openalex.org/w2330376953,https://doi.org/10.1016/s1548-5315(12)70039-6,,,0,0
https://openalex.org/w4237678079,https://doi.org/10.1016/s0190-9622(96)80121-6,,,0,0
https://openalex.org/w1613254295,https://doi.org/10.1111/j.1478-3231.2008.01816.x,,,0,0
https://openalex.org/w2055991608,https://doi.org/10.1080/08916930310001602137,,,0,0
https://openalex.org/w4230436859,https://doi.org/10.26226/morressier.5785edccd462b80296c999e5,,,0,0
https://openalex.org/w2790693853,https://doi.org/10.1136/lupus-2018-abstract.60,,,0,0
https://openalex.org/w2097744492,https://doi.org/10.1586/14737140.3.6.809,,,0,0
https://openalex.org/w2014566290,https://doi.org/10.1186/ar2555,,,0,0
https://openalex.org/w1999753732,https://doi.org/10.1016/s0953-6205(01)00151-0,,,0,0
https://openalex.org/w2437084154,,,,0,0
https://openalex.org/w2595968053,https://doi.org/10.1016/j.jaut.2017.03.003,,,0,0
https://openalex.org/w2157114641,,,,0,0
https://openalex.org/w2080540429,https://doi.org/10.1006/clin.1993.1039,,,0,0
https://openalex.org/w2559020403,https://doi.org/10.1371/journal.pone.0167324,,,0,0
https://openalex.org/w2109178826,https://doi.org/10.4049/jimmunol.1102404,,,0,0
https://openalex.org/w2161451154,https://doi.org/10.3109/08916930903541190,,,0,0
https://openalex.org/w2014594698,https://doi.org/10.7326/0003-4819-117-3-266_2,,,0,0
https://openalex.org/w1972800494,https://doi.org/10.1159/000315082,,,0,0
https://openalex.org/w2021271171,https://doi.org/10.1016/s1359-6101(02)00088-6,,,0,0
https://openalex.org/w2050912487,https://doi.org/10.1097/01.bor.0000174181.93030.59,,,0,0
https://openalex.org/w2047369528,https://doi.org/10.1007/s100670200085,,,0,0
https://openalex.org/w2135945982,https://doi.org/10.1007/s00296-008-0823-1,,,0,0
https://openalex.org/w2052646697,https://doi.org/10.1111/j.1365-2249.2008.03857.x,,,0,0
https://openalex.org/w1964362410,https://doi.org/10.1016/j.paed.2009.08.019,,,0,0
https://openalex.org/w2071110093,https://doi.org/10.1159/000078596,,,0,0
https://openalex.org/w2024781490,https://doi.org/10.1536/jhj.43.389,,,0,0
https://openalex.org/w2121299730,https://doi.org/10.1586/1744666x.2014.944162,,,0,0
https://openalex.org/w2115289678,https://doi.org/10.1016/j.mcn.2012.10.003,,,0,0
https://openalex.org/w2765740368,https://doi.org/10.1136/rmdopen-2017-000508,,,1,1
https://openalex.org/w2314263832,https://doi.org/10.1136/annrheumdis-2013-eular.2892,,,0,0
https://openalex.org/w2970409468,https://doi.org/10.1093/rheumatology/kez354,,,0,0
https://openalex.org/w1990637984,https://doi.org/10.2147/jir.s6558,,,0,0
https://openalex.org/w2786871900,https://doi.org/10.1002/art.40136,,,0,0
https://openalex.org/w2597556531,https://doi.org/10.1016/j.jbspin.2017.02.015,,,0,0
https://openalex.org/w2033005687,https://doi.org/10.1182/blood-2003-09-3046,,,0,0
https://openalex.org/w1867181240,https://doi.org/10.1016/j.jneuroim.2015.06.009,,,0,0
https://openalex.org/w2032973846,https://doi.org/10.1177/0961203314522337,,,0,1
https://openalex.org/w1989261894,https://doi.org/10.1111/j.1600-0404.1999.tb00397.x,,,0,0
https://openalex.org/w2063919836,https://doi.org/10.3899/jrheum.111467,,,0,0
https://openalex.org/w2021608402,https://doi.org/10.1016/j.jaut.2012.01.014,,,0,0
https://openalex.org/w1988388573,https://doi.org/10.1055/s-2000-7533,,,0,0
https://openalex.org/w1854251458,,,,0,0
https://openalex.org/w4230745442,https://doi.org/10.1089/073003102317359817,,,0,0
https://openalex.org/w2038670415,https://doi.org/10.1016/j.intimp.2013.07.017,,,0,0
https://openalex.org/w2063788294,https://doi.org/10.1177/135245850100700503,,,0,0
https://openalex.org/w2036526752,https://doi.org/10.1016/s0738-081x(99)00049-8,,,0,0
https://openalex.org/w2168526787,https://doi.org/10.1128/jvi.78.19.10320-10327.2004,,,0,0
https://openalex.org/w2403484416,,,,0,0
https://openalex.org/w2040760026,https://doi.org/10.1016/j.cyto.2009.07.414,,,0,0
https://openalex.org/w937776600,https://doi.org/10.1007/s11926-015-0526-z,,,0,0
https://openalex.org/w2118423035,https://doi.org/10.1177/2040620711413165,,,0,0
https://openalex.org/w2115586876,https://doi.org/10.1158/1940-6207.capr-08-0111,,,0,0
https://openalex.org/w2090499182,https://doi.org/10.1371/journal.pone.0015723,,,0,0
https://openalex.org/w2015549117,https://doi.org/10.1111/j.1365-2249.2004.02728.x,,,0,0
https://openalex.org/w2160724351,https://doi.org/10.1016/s1470-2045(13)70093-7,,,0,0
https://openalex.org/w2031454503,https://doi.org/10.3892/ijo_32_6_1145,,,0,0
https://openalex.org/w2885999695,https://doi.org/10.1038/s41467-018-05784-3,,,0,0
https://openalex.org/w2498323188,https://doi.org/10.1007/s40620-016-0336-z,,,1,1
https://openalex.org/w1678404557,https://doi.org/10.1111/j.1464-410x.2010.10011.x,,,0,0
https://openalex.org/w4323053449,https://doi.org/10.1016/j.semarthrit.2011.05.003,,,0,0
https://openalex.org/w1991496344,https://doi.org/10.1089/jir.1996.16.709,,,0,0
https://openalex.org/w1971650398,https://doi.org/10.1016/j.jns.2004.04.014,,,0,0
https://openalex.org/w2106922189,https://doi.org/10.1111/j.1440-1746.2007.04834.x,,,0,0
https://openalex.org/w2091127292,https://doi.org/10.1002/hep.21683,,,0,0
https://openalex.org/w4241178036,https://doi.org/10.1111/j.1756-185x.2010.01524.x,,,0,0
https://openalex.org/w2115103969,https://doi.org/10.3899/jrheum.131249,,,0,0
https://openalex.org/w1986736949,https://doi.org/10.1007/s004050050023,,,0,0
https://openalex.org/w2475112777,https://doi.org/10.1007/s00347-010-2261-1,,,0,0
https://openalex.org/w2154500600,https://doi.org/10.1186/s13075-015-0564-y,,,1,1
https://openalex.org/w2894042477,https://doi.org/10.1136/bmjopen-2018-025333,,,0,0
https://openalex.org/w190172273,https://doi.org/10.4414/smw.2009.12441,,,0,0
https://openalex.org/w2014511122,https://doi.org/10.1016/j.bcp.2006.04.018,,,0,0
https://openalex.org/w2046335694,https://doi.org/10.1016/j.cyto.2009.07.399,,,0,0
https://openalex.org/w2563896688,https://doi.org/10.1111/jdv.14103,,,0,0
https://openalex.org/w1986001121,https://doi.org/10.1007/s10637-012-9899-2,,,0,0
https://openalex.org/w1986516584,https://doi.org/10.1111/j.1600-065x.2008.00729.x,,,0,0
https://openalex.org/w2165163741,https://doi.org/10.1124/jpet.109.153494,,,0,0
https://openalex.org/w2967986640,https://doi.org/10.1177/0961203319868531,,,0,0
https://openalex.org/w2049395285,https://doi.org/10.4088/jcp.13r08800,,,0,0
https://openalex.org/w2140071729,https://doi.org/10.1093/rheumatology/keh115,,,0,0
https://openalex.org/w4206538408,https://doi.org/10.1111/ddg.12063,,,0,0
https://openalex.org/w2166106092,https://doi.org/10.1136/ard.2010.134254,,,1,1
https://openalex.org/w2136628494,https://doi.org/10.1186/1741-7015-7-74,,,0,0
https://openalex.org/w2080567652,https://doi.org/10.1097/01.aids.0000192081.33938.2f,,,0,0
https://openalex.org/w2076733264,https://doi.org/10.1055/s-2004-828678,,,0,0
https://openalex.org/w2262979506,,,,0,0
https://openalex.org/w2000659642,https://doi.org/10.1097/wco.0b013e3281568b80,,,0,0
https://openalex.org/w2007457778,https://doi.org/10.1097/mcg.0b013e31819f66e2,,,0,0
https://openalex.org/w2131297695,https://doi.org/10.4049/jimmunol.1302411,,,0,0
https://openalex.org/w2151774109,https://doi.org/10.1136/annrheumdis-2014-206776,,003-836-796-540-669,0,0
https://openalex.org/w2166100060,https://doi.org/10.1200/jco.2007.13.6374,,,0,0
https://openalex.org/w1971386645,https://doi.org/10.1007/s00381-005-1226-1,,,0,0
https://openalex.org/w2524638166,https://doi.org/10.1016/j.clim.2016.09.012,,,0,0
https://openalex.org/w2333028699,https://doi.org/10.1136/jim-2016-000120.138,,,0,0
https://openalex.org/w2339946529,https://doi.org/10.1002/hep.23306,,,0,0
https://openalex.org/w1970541829,https://doi.org/10.1038/nrneph.2009.137,,,0,0
https://openalex.org/w1802116893,https://doi.org/10.1136/annrheumdis-2015-eular.4529,,,0,0
https://openalex.org/w2408833976,,,,0,0
https://openalex.org/w2301510790,https://doi.org/10.1155/2016/4636859,,,0,0
https://openalex.org/w1552993662,https://doi.org/10.1007/978-3-540-71029-5_4,,,0,0
https://openalex.org/w2951997436,https://doi.org/10.1136/annrheumdis-2019-eular.3693,,,0,0
https://openalex.org/w2211384487,https://doi.org/10.1155/2015/945262,,,0,0
https://openalex.org/w2754647002,https://doi.org/10.1136/annrheumdis-2017-eular.6005,,,0,0
https://openalex.org/w1984738151,https://doi.org/10.1155/2012/740138,,,0,0
https://openalex.org/w1770946500,https://doi.org/10.1002/art.38671,,,0,1
https://openalex.org/w2031947213,https://doi.org/10.1016/j.rdc.2009.03.005,,,0,0
https://openalex.org/w2035768370,https://doi.org/10.1002/ajh.10331,,,0,0
https://openalex.org/w2112500312,https://doi.org/10.4414/smw.2011.13175,,,0,0
https://openalex.org/w2023256690,https://doi.org/10.1016/j.ophtha.2011.04.001,,,0,0
https://openalex.org/w2123628301,https://doi.org/10.1016/s1470-2045(10)70288-6,,,0,0
https://openalex.org/w2250687747,https://doi.org/10.1016/j.clim.2016.01.012,,,0,0
https://openalex.org/w1968693757,https://doi.org/10.1002/jca.20222,,,0,0
https://openalex.org/w2095281951,https://doi.org/10.1038/nrneurol.2011.63,,,0,0
https://openalex.org/w2909233262,https://doi.org/10.1016/j.chom.2018.12.012,,,0,0
https://openalex.org/w2329407895,https://doi.org/10.5414/cpp47159,,,0,0
https://openalex.org/w2766880402,https://doi.org/10.1080/19420862.2017.1392424,,,0,0
https://openalex.org/w2921004331,https://doi.org/10.1111/jth.14427,,,0,0
https://openalex.org/w1967817182,https://doi.org/10.1007/s10620-011-1914-5,,,0,0
https://openalex.org/w2133980349,https://doi.org/10.1016/j.patbio.2014.06.002,,,0,0
https://openalex.org/w2065722920,https://doi.org/10.1007/s00417-011-1717-6,,014-138-822-781-142,0,0
https://openalex.org/w1969618730,https://doi.org/10.1016/j.jaad.2010.08.037,,,0,0
https://openalex.org/w4300936722,https://doi.org/10.1111/imm.12406,,,0,0
https://openalex.org/w2142160690,https://doi.org/10.1136/ard.61.2.188,,121-614-164-431-91X,0,0
https://openalex.org/w2069052665,https://doi.org/10.1089/107999099313514,,,0,0
https://openalex.org/w2050344959,https://doi.org/10.1016/j.jns.2011.09.032,,,0,0
https://openalex.org/w2217018444,https://doi.org/10.1016/j.ejca.2015.10.008,,,0,0
https://openalex.org/w2197112253,https://doi.org/10.1016/j.cyto.2013.06.118,,,0,0
https://openalex.org/w2057418352,https://doi.org/10.1002/1529-0131(199908)42:8<1601::aid-anr6>3.0.co;2-b,,,0,0
https://openalex.org/w2094140210,https://doi.org/10.1517/17530059.2013.846323,,,0,0
https://openalex.org/w4239768987,https://doi.org/10.1111/1756-185x.12961,,,0,0
https://openalex.org/w2103906966,https://doi.org/10.1002/1529-0131(199804)41:4<740::aid-art25>3.0.co;2-m,,,0,0
https://openalex.org/w1852451231,,,,0,0
https://openalex.org/w2593622138,https://doi.org/10.3899/jrheum.160983,,,0,0
https://openalex.org/w2099017054,https://doi.org/10.1016/s0973-3698(10)60022-2,,,0,0
https://openalex.org/w2397040301,,,,0,0
https://openalex.org/w2800650671,https://doi.org/10.1155/2018/7492904,,,0,0
https://openalex.org/w2112785503,https://doi.org/10.1124/jpet.104.074484,,,0,0
https://openalex.org/w1637939036,https://doi.org/10.3109/14397595.2015.1069459,,,0,0
https://openalex.org/w2741627992,https://doi.org/10.1055/s-0037-1602380,,,0,0
https://openalex.org/w2921219428,https://doi.org/10.1016/j.ncl.2019.01.014,,,0,0
https://openalex.org/w2553313848,,,,0,0
https://openalex.org/w2039176685,https://doi.org/10.3810/pgm.1999.11.779,,,0,0
https://openalex.org/w2163469952,https://doi.org/10.1016/s0738-081x(99)00068-1,,,0,0
https://openalex.org/w4255970739,https://doi.org/10.1016/j.cyto.2012.06.187,,,0,0
https://openalex.org/w2081306620,https://doi.org/10.1038/nrd2399,,,0,0
https://openalex.org/w2161414398,https://doi.org/10.2174/092986708783330610,,,0,0
https://openalex.org/w2056234854,https://doi.org/10.1046/j.1526-0968.1999.00138.x,,,0,0
https://openalex.org/w2113754168,https://doi.org/10.1001/archneurol.2009.50,,,0,0
https://openalex.org/w2050305521,https://doi.org/10.1016/j.thromres.2004.06.016,,,0,0
https://openalex.org/w2120113791,https://doi.org/10.1001/archophthalmol.2007.61,,,0,0
https://openalex.org/w2022943584,https://doi.org/10.1097/cji.0b013e3181a950e5,,,0,0
https://openalex.org/w2134654367,https://doi.org/10.1177/1756287212441234,,,0,0
https://openalex.org/w2612170713,https://doi.org/10.2147/jir.s114067,,,0,0
https://openalex.org/w2898677536,https://doi.org/10.1016/j.jaut.2018.10.025,,,0,0
https://openalex.org/w2011453474,https://doi.org/10.1186/ar2510,,,1,1
https://openalex.org/w1787953040,https://doi.org/10.1586/1744666x.2015.1078237,,,0,0
https://openalex.org/w1974339623,https://doi.org/10.1097/icu.0b013e328010ab35,,,0,0
https://openalex.org/w2165546692,https://doi.org/10.1136/annrheumdis-2012-201958,,,0,0
https://openalex.org/w2172181475,https://doi.org/10.1093/rheumatology/keg413,,,0,0
https://openalex.org/w2098887576,https://doi.org/10.1093/ckj/sfu016,,,0,0
https://openalex.org/w2183636813,https://doi.org/10.1007/s00281-015-0550-0,,,0,0
https://openalex.org/w2073042224,https://doi.org/10.1080/10428190600925426,,085-702-893-758-644,0,0
https://openalex.org/w2046193748,https://doi.org/10.1007/s11901-010-0062-2,,,0,0
https://openalex.org/w2800039673,https://doi.org/10.1155/2018/1601079,,,0,0
https://openalex.org/w2403762688,,,,0,0
https://openalex.org/w2081826134,https://doi.org/10.3109/03009749309099274,,,0,0
https://openalex.org/w2614276190,https://doi.org/10.2217/mmt-2016-0028,,,0,0
https://openalex.org/w2061531463,https://doi.org/10.1097/00013542-200011020-00004,,,0,0
https://openalex.org/w2072853822,https://doi.org/10.1002/eji.200738008,,,1,1
https://openalex.org/w2114965058,https://doi.org/10.1016/j.dld.2014.10.005,,,0,0
https://openalex.org/w2042104914,https://doi.org/10.1136/ard.56.11.656,,,0,0
https://openalex.org/w55729810,,,,0,0
https://openalex.org/w2055294006,https://doi.org/10.1186/ar3349,,,0,0
https://openalex.org/w2804239857,https://doi.org/10.1016/j.celrep.2018.04.044,,,0,0
https://openalex.org/w1850824726,,,,0,0
https://openalex.org/w2078710292,https://doi.org/10.1053/gast.2000.18149,,,0,0
https://openalex.org/w4300758089,https://doi.org/10.1002/hep.26040,,,0,0
https://openalex.org/w2980806237,https://doi.org/10.1152/ajplung.00252.2019,,,0,0
https://openalex.org/w2318972125,https://doi.org/10.1097/icu.0b013e32833f00b3,,,0,0
https://openalex.org/w2131156779,https://doi.org/10.1111/j.1529-8019.2007.00141.x,,,0,0
https://openalex.org/w4248487387,https://doi.org/10.1177/2397198317753468,,,0,0
https://openalex.org/w1965349443,https://doi.org/10.2147/dddt.s32687,,,0,0
https://openalex.org/w1992639004,https://doi.org/10.1016/j.gcb.2009.03.021,,,0,0
https://openalex.org/w2128488331,https://doi.org/10.1002/art.37850,,,0,0
https://openalex.org/w2333937717,https://doi.org/10.1136/annrheumdis-2015-207259.20,,,0,0
https://openalex.org/w2326084566,https://doi.org/10.1016/j.cyto.2010.07.207,,,0,0
https://openalex.org/w2775213288,https://doi.org/10.1016/j.jid.2017.12.003,,,1,1
https://openalex.org/w2101904320,https://doi.org/10.1007/bf03259051,,,0,0
https://openalex.org/w1988233788,https://doi.org/10.3109/08916934.2014.921811,,,0,0
https://openalex.org/w1986803467,https://doi.org/10.1002/art.30087,,,0,0
https://openalex.org/w2169689311,https://doi.org/10.1136/ard.62.2.175,,,0,0
https://openalex.org/w2107833842,https://doi.org/10.1189/jlb.1110616,,,0,0
https://openalex.org/w2312571830,https://doi.org/10.1097/bor.0b013e32835b15f7,,,0,0
https://openalex.org/w2917267656,https://doi.org/10.1080/14397595.2019.1583833,,,0,0
https://openalex.org/w2040337342,https://doi.org/10.2174/0929867043364333,,,0,0
https://openalex.org/w1982738787,https://doi.org/10.4076/1752-1947-3-7289,,,0,0
https://openalex.org/w2053195598,https://doi.org/10.1155/2011/802581,,,0,0
https://openalex.org/w2903923806,https://doi.org/10.3389/fimmu.2018.02951,,,0,0
https://openalex.org/w2086296524,https://doi.org/10.1016/j.mcp.2010.04.006,,,0,0
https://openalex.org/w2542127329,,,,0,0
https://openalex.org/w1990587639,https://doi.org/10.1007/s10555-006-9013-3,,,0,0
https://openalex.org/w4253054422,https://doi.org/10.1016/j.det.2015.03.004,,,0,0
https://openalex.org/w2042247594,https://doi.org/10.1007/s00296-010-1636-6,,,1,1
https://openalex.org/w2008210195,https://doi.org/10.1186/ar796,,,0,0
https://openalex.org/w2916407853,https://doi.org/10.1002/eji.201847679,,,0,0
https://openalex.org/w2412079506,https://doi.org/10.3748/wjg.v13.i40.5317,,,0,0
https://openalex.org/w2004261397,https://doi.org/10.1038/ni.2473,,,0,0
https://openalex.org/w2301065849,,,,0,0
https://openalex.org/w2100151922,https://doi.org/10.1016/j.ctrv.2005.05.007,,,0,0
https://openalex.org/w977522125,https://doi.org/10.1111/j.1365-2567.2011.03533.x,,,0,0
https://openalex.org/w2395451239,,,,0,0
https://openalex.org/w2056058740,https://doi.org/10.1007/s12185-010-0764-9,,,0,0
https://openalex.org/w1979273031,https://doi.org/10.1182/blood-2006-06-030213,,,0,0
https://openalex.org/w2398639341,https://doi.org/10.1038/nrrheum.2016.83,,,0,0
https://openalex.org/w1967838452,https://doi.org/10.1080/08916930902827751,,,0,0
https://openalex.org/w1969528154,https://doi.org/10.1016/j.autrev.2011.12.003,,,0,0
https://openalex.org/w1986714682,https://doi.org/10.3109/09546639209088710,,,0,0
https://openalex.org/w2158211633,https://doi.org/10.1136/annrheumdis-2013-203447,,,1,1
https://openalex.org/w2121273196,https://doi.org/10.1084/jem.20142130,,,0,0
https://openalex.org/w2076383724,https://doi.org/10.1016/j.rdc.2007.11.005,,,0,0
https://openalex.org/w2328618296,https://doi.org/10.1136/annrheumdis-2015-207259.28,,,0,0
https://openalex.org/w4242786037,https://doi.org/10.1136/annrheumdis-2014-eular.5401,,,0,0
https://openalex.org/w4233248234,https://doi.org/10.1002/art.22816,,,0,0
https://openalex.org/w1986569042,https://doi.org/10.1111/cen3.12189,,,0,0
https://openalex.org/w1971108601,https://doi.org/10.1136/annrheumdis-2014-205635,,,0,0
https://openalex.org/w1984362740,https://doi.org/10.2298/aoo0401025p,,,0,0
https://openalex.org/w2787698206,https://doi.org/10.1038/nrd.2017.251,,,0,0
https://openalex.org/w2010444471,https://doi.org/10.2174/157488610792246037,,,0,0
https://openalex.org/w2130623145,https://doi.org/10.3109/08830181003602507,,,0,0
https://openalex.org/w2116116139,https://doi.org/10.4049/jimmunol.1000224,,,0,0
https://openalex.org/w4233449444,https://doi.org/10.1038/labinvest.2008.145,,,0,0
https://openalex.org/w2307172930,https://doi.org/10.1177/1756285615605429,,,0,0
https://openalex.org/w1982968921,https://doi.org/10.2174/138161208799316339,,,0,0
https://openalex.org/w2617266261,https://doi.org/10.1007/s10067-017-3695-5,,,0,0
https://openalex.org/w2003626573,https://doi.org/10.1016/j.clim.2004.01.008,,,0,0
https://openalex.org/w1535384969,https://doi.org/10.1002/art.37735,,,0,0
https://openalex.org/w2797148366,,,,0,0
https://openalex.org/w1979143307,https://doi.org/10.1080/00015550310007274,,,0,0
https://openalex.org/w1987132973,https://doi.org/10.1007/s12185-009-0290-9,,,0,0
https://openalex.org/w2892396689,https://doi.org/10.1053/j.semdp.2018.09.001,,,0,0
https://openalex.org/w2041591083,https://doi.org/10.1016/0306-9877(94)90031-0,,,0,0
https://openalex.org/w1989149801,https://doi.org/10.2174/187152409787601905,,,0,0
https://openalex.org/w2945740253,https://doi.org/10.1038/s41467-019-10106-2,,,0,0
https://openalex.org/w2091088738,https://doi.org/10.1056/nejme068002,,061-604-493-032-481,0,0
https://openalex.org/w2135017964,https://doi.org/10.1093/rheumatology/ker313,,,0,0
https://openalex.org/w2227382780,https://doi.org/10.1016/j.clim.2015.12.011,,,0,0
https://openalex.org/w2188899062,https://doi.org/10.1016/j.joms.2016.06.007,,,0,0
https://openalex.org/w2254258794,https://doi.org/10.1186/s13075-016-0925-1,,,0,0
https://openalex.org/w2116488483,https://doi.org/10.1093/rheumatology/keq115,,038-356-492-479-747,0,0
https://openalex.org/w1968532115,https://doi.org/10.1016/s0303-7207(01)00517-2,,,0,0
https://openalex.org/w2085096893,https://doi.org/10.1093/rheumatology/31.11.725,,,0,0
https://openalex.org/w1982667989,https://doi.org/10.1155/2012/871401,,,0,0
https://openalex.org/w2598602372,https://doi.org/10.1177/0897190017699762,,,0,0
https://openalex.org/w2757178207,https://doi.org/10.3389/fendo.2017.00254,,,0,0
https://openalex.org/w2159148784,https://doi.org/10.1155/2010/607084,,,0,0
https://openalex.org/w2475328822,,,,0,0
https://openalex.org/w202591815,,,,0,0
https://openalex.org/w2046677201,https://doi.org/10.1016/j.rdc.2008.08.010,,,0,0
https://openalex.org/w4241334896,https://doi.org/10.1016/j.rdc.2013.02.006,,,0,0
https://openalex.org/w115443719,https://doi.org/10.3748/wjg.v12.i6.945,,,0,0
https://openalex.org/w2754055835,https://doi.org/10.1016/j.jhep.2017.09.006,,,0,0
https://openalex.org/w2079688994,https://doi.org/10.1002/ibd.21913,,,0,0
https://openalex.org/w1719500882,https://doi.org/10.1128/jcm.21.5.689-693.1985,,,0,0
https://openalex.org/w2130599105,https://doi.org/10.1196/annals.1346.031,,,0,0
https://openalex.org/w2536779669,https://doi.org/10.1016/j.intimp.2016.10.012,,,0,0
https://openalex.org/w2051550446,https://doi.org/10.1002/hon.912,,,0,0
https://openalex.org/w2028712762,https://doi.org/10.1016/j.jns.2008.07.028,,,0,0
https://openalex.org/w2032783993,https://doi.org/10.1016/j.addr.2007.12.004,,,0,0
https://openalex.org/w2743225022,https://doi.org/10.1002/art.40225,,,0,0
https://openalex.org/w2144066124,https://doi.org/10.1155/2010/268436,,,0,0
https://openalex.org/w2073342144,https://doi.org/10.2165/00063030-200519040-00002,,,0,0
https://openalex.org/w1594879978,https://doi.org/10.1038/jid.2015.188,,,1,1
https://openalex.org/w2021109112,https://doi.org/10.1002/art.24555,,,1,1
https://openalex.org/w2148920525,https://doi.org/10.1136/ard.2004.029694,,,0,0
https://openalex.org/w2030005447,https://doi.org/10.1007/s11938-005-0029-5,,,0,0
https://openalex.org/w1993543998,https://doi.org/10.1016/j.lpm.2014.08.001,,,0,0
https://openalex.org/w2106471879,https://doi.org/10.1038/ni0407-345,,,0,0
https://openalex.org/w2105009819,https://doi.org/10.1093/ndt/gfh438,,,0,0
https://openalex.org/w2257779930,https://doi.org/10.1038/nrrheum.2015.167,,,0,0
https://openalex.org/w2148046361,https://doi.org/10.1016/j.semarthrit.2003.12.006,,,0,0
https://openalex.org/w1968966573,https://doi.org/10.2217/14796694.4.3.359,,,0,0
https://openalex.org/w2071773243,https://doi.org/10.1016/j.sder.2007.12.004,,,0,0
https://openalex.org/w2125384784,https://doi.org/10.3109/08830180903281185,,,0,0
https://openalex.org/w2148378331,https://doi.org/10.1172/jci70231,,,0,0
https://openalex.org/w2950818815,https://doi.org/10.1016/j.autrev.2019.06.008,,,0,0
https://openalex.org/w2136737474,https://doi.org/10.1111/j.0105-2896.2006.00367.x,,,0,0
https://openalex.org/w2142135774,https://doi.org/10.1016/j.biomed.2012.03.002,,,0,0
https://openalex.org/w1964694255,https://doi.org/10.1016/j.trsl.2014.01.002,,,0,0
https://openalex.org/w2099426283,https://doi.org/10.2217/imt.09.88,,,0,0
https://openalex.org/w2090042266,https://doi.org/10.1046/j.1442-200x.2000.01312.x,,,0,0
https://openalex.org/w2336397951,https://doi.org/10.1183/13993003.01469-2015,,,0,0
https://openalex.org/w2769637877,https://doi.org/10.1111/bjd.16126,,,0,0
https://openalex.org/w1513926936,https://doi.org/10.1016/s1521-6942(03)00004-4,,,0,0
https://openalex.org/w2131374835,https://doi.org/10.1136/ard.2007.074765,,,1,1
https://openalex.org/w2138176952,https://doi.org/10.1093/rheumatology/35.3.207,,,0,0
https://openalex.org/w2022977540,https://doi.org/10.1186/1741-7015-9-65,,,0,0
https://openalex.org/w2014207161,https://doi.org/10.1046/j.1365-2141.1996.d01-1802.x,,,0,0
https://openalex.org/w4256647365,https://doi.org/10.1136/annrheumdis-2016-eular.6327,,,0,0
https://openalex.org/w2072383496,https://doi.org/10.1136/pgmj.2008.068205,,,0,0
https://openalex.org/w2015432410,https://doi.org/10.1097/bor.0b013e328010c547,,,0,0
https://openalex.org/w2146731304,https://doi.org/10.1111/j.1365-4632.2009.04151.x,,,0,0
https://openalex.org/w2080558345,https://doi.org/10.1136/jcp.2008.058289,,,0,0
https://openalex.org/w2108849101,https://doi.org/10.1093/rheumatology/kem199,,,0,0
https://openalex.org/w1970336503,https://doi.org/10.1089/rej.2006.9098,,,0,0
https://openalex.org/w2942683618,https://doi.org/10.1016/j.clim.2019.04.009,,,0,0
https://openalex.org/w4300881212,https://doi.org/10.1177/09612033100190010101,,,0,0
https://openalex.org/w2085358525,https://doi.org/10.1001/jama.286.8.895,,,0,0
https://openalex.org/w2787214556,https://doi.org/10.1136/annrheumdis-2017-212379,,,0,0
https://openalex.org/w2158315514,https://doi.org/10.3109/03009748809102956,,,0,0
https://openalex.org/w2035129862,https://doi.org/10.1016/j.berh.2004.05.006,,,0,0
https://openalex.org/w2076111846,https://doi.org/10.1111/j.1365-2133.2004.06207.x,,,0,0
https://openalex.org/w2089008855,https://doi.org/10.1136/ard.2009.118315,,,0,0
https://openalex.org/w2077040835,https://doi.org/10.1097/00007890-200110270-00019,,,0,0
https://openalex.org/w1690439551,https://doi.org/10.1016/j.det.2015.03.015,,,0,0
https://openalex.org/w2413035682,,,,0,0
https://openalex.org/w1978748659,https://doi.org/10.1002/humu.21357,,,0,0
https://openalex.org/w4234500488,https://doi.org/10.1053/j.gastro.2010.06.066,,,0,0
https://openalex.org/w1981416033,https://doi.org/10.1136/ard.2010.149005.20,,,0,0
https://openalex.org/w2085703419,https://doi.org/10.1177/107602960601200201,,,0,0
https://openalex.org/w2336695065,https://doi.org/10.1111/1346-8138.13338,,,0,0
https://openalex.org/w2894589556,https://doi.org/10.4049/jimmunol.1800221,,,0,0
https://openalex.org/w2086973706,https://doi.org/10.1016/j.cgh.2006.05.014,,,0,0
https://openalex.org/w879727,,,,0,0
https://openalex.org/w2054679584,https://doi.org/10.3109/08916930903563491,,,0,0
https://openalex.org/w2401104642,,,,0,0
https://openalex.org/w157477824,https://doi.org/10.1016/s0190-9622(96)90006-7,,,0,0
https://openalex.org/w1691798915,https://doi.org/10.1186/1471-2407-6-44,,,0,0
https://openalex.org/w1985702891,https://doi.org/10.1046/j.1365-2249.1999.00772.x,,,0,0
https://openalex.org/w2311834163,https://doi.org/10.3899/jrheum.151019,,,0,0
https://openalex.org/w1969090142,https://doi.org/10.1002/art.30465,,,0,0
https://openalex.org/w2085405950,https://doi.org/10.1016/j.cyto.2012.06.246,,,0,0
https://openalex.org/w1993747076,https://doi.org/10.1097/00002281-200301000-00007,,,0,0
https://openalex.org/w2165438062,,,,0,0
https://openalex.org/w2102464818,https://doi.org/10.1186/ar2481,,,0,0
https://openalex.org/w2052755106,https://doi.org/10.1016/j.cellimm.2011.08.002,,,0,0
https://openalex.org/w2027442554,https://doi.org/10.3310/hta11110,,,0,0
https://openalex.org/w2086195938,https://doi.org/10.1159/000236531,,,0,0
https://openalex.org/w2048173979,https://doi.org/10.1034/j.1399-302x.2000.150202.x,,,0,0
https://openalex.org/w2078594287,https://doi.org/10.1111/j.1365-2893.2005.00621.x,,,0,0
https://openalex.org/w1989900696,https://doi.org/10.1111/j.1525-1470.2009.01055.x,,,0,0
https://openalex.org/w2091275331,https://doi.org/10.1056/nejme1111089,,025-640-084-570-628,0,0
https://openalex.org/w101591470,,,,0,0
https://openalex.org/w2418361788,,,,0,0
https://openalex.org/w2016455961,https://doi.org/10.1371/journal.pone.0001452,,,0,0
https://openalex.org/w2550891929,https://doi.org/10.1007/s40263-016-0392-x,,,0,0
https://openalex.org/w2189725941,,,,0,0
https://openalex.org/w2010004751,https://doi.org/10.1016/j.cyto.2011.08.007,,,0,0
https://openalex.org/w2027514005,https://doi.org/10.1586/edm.09.11,,,0,0
https://openalex.org/w2898054633,https://doi.org/10.1002/art.40142,,,0,1
https://openalex.org/w2117797789,https://doi.org/10.1155/2010/676284,,,0,0
https://openalex.org/w2115373240,https://doi.org/10.1053/j.ajkd.2008.01.036,,095-672-542-211-805,0,0
https://openalex.org/w1993218532,https://doi.org/10.1177/0961203310376955,,,0,0
https://openalex.org/w2000736774,https://doi.org/10.1155/2011/273907,,,0,0
https://openalex.org/w2135287914,https://doi.org/10.1007/978-3-642-01222-8_3,,,0,0
https://openalex.org/w2597227715,https://doi.org/10.5694/mja16.01282,,,0,0
https://openalex.org/w2087999363,https://doi.org/10.1002/art.30161,,023-305-131-729-435,0,0
https://openalex.org/w2321302971,https://doi.org/10.1136/annrheumdis-2011-201235.8,,,0,0
https://openalex.org/w2082046395,https://doi.org/10.1055/s-2004-830532,,,0,0
https://openalex.org/w1642543808,https://doi.org/10.1016/j.cyto.2015.08.049,,,0,0
https://openalex.org/w1976385563,https://doi.org/10.1142/9789814644730_0042,,,0,0
https://openalex.org/w2160495174,https://doi.org/10.2174/157339708783497892,,,0,0
https://openalex.org/w2314996242,https://doi.org/10.1016/j.cyto.2012.06.230,,,0,0
https://openalex.org/w2094975792,https://doi.org/10.1046/j.1365-2249.2003.02249.x,,,0,0
https://openalex.org/w1519425000,https://doi.org/10.1002/14651858.cd005441.pub3,,,0,0
https://openalex.org/w2091653492,https://doi.org/10.1200/jco.2003.11.143,,,0,0
https://openalex.org/w16549249,https://doi.org/10.1007/bf03258498,,,0,0
https://openalex.org/w2417671347,,,,0,0
https://openalex.org/w2003796966,https://doi.org/10.1097/cmr.0b013e328311aaa1,,,0,0
https://openalex.org/w2012391175,https://doi.org/10.1016/s0165-5728(01)00482-9,,,0,0
https://openalex.org/w2232372237,https://doi.org/10.1097/bor.0000000000000195,,,0,0
https://openalex.org/w2625205758,https://doi.org/10.1097/cji.0000000000000174,,,0,0
https://openalex.org/w2126626799,https://doi.org/10.3816/clm.2008.n.002,,,0,0
https://openalex.org/w2163655430,https://doi.org/10.1155/2014/653539,,,0,0
https://openalex.org/w1975716750,https://doi.org/10.1067/mai.2002.120854,,,0,0
https://openalex.org/w2159055886,https://doi.org/10.1001/archneurol.2012.465,,,0,0
https://openalex.org/w2107950528,,,,0,0
https://openalex.org/w2888220688,https://doi.org/10.1016/j.berh.2018.07.006,,,0,0
https://openalex.org/w1758959050,,,,0,0
https://openalex.org/w1963789037,https://doi.org/10.1016/j.jacc.2013.07.031,,,0,0
https://openalex.org/w1499686429,https://doi.org/10.4049/jimmunol.1401039,,,0,0
https://openalex.org/w2041806919,https://doi.org/10.1016/j.cyto.2012.03.003,,,0,0
https://openalex.org/w2003619101,https://doi.org/10.1016/j.trsl.2011.02.011,,,0,0
https://openalex.org/w2400927922,https://doi.org/10.1016/s0733-8635(18)30076-7,,,0,0
https://openalex.org/w2128008223,https://doi.org/10.1155/2010/706825,,,0,0
https://openalex.org/w2549713124,https://doi.org/10.1074/jbc.m116.763268,,,0,0
https://openalex.org/w2034657358,https://doi.org/10.1016/j.ejphar.2007.10.049,,,0,0
https://openalex.org/w4324263086,https://doi.org/10.1002/14651858.cd003280.pub5,,,0,0
https://openalex.org/w2090577468,https://doi.org/10.4155/fmc.12.10,,,0,0
https://openalex.org/w2313593937,https://doi.org/10.1136/annrheumdis-2012-eular.2016,,,0,0
https://openalex.org/w2005476391,https://doi.org/10.1086/507848,,,0,0
https://openalex.org/w2163973153,https://doi.org/10.1586/1744666x.3.6.901,,,0,0
https://openalex.org/w2035242178,https://doi.org/10.1002/art.30187,,,1,1
https://openalex.org/w2099486531,https://doi.org/10.1200/jco.2009.24.6264,,,0,0
https://openalex.org/w2394656409,,,,0,0
https://openalex.org/w2795891386,https://doi.org/10.1136/annrheumdis-2018-213225,,,0,0
https://openalex.org/w2167003442,https://doi.org/10.1136/annrheumdis-2014-205287,,,0,0
https://openalex.org/w2599514030,https://doi.org/10.1186/s13075-017-1238-8,,,0,0
https://openalex.org/w2098665730,https://doi.org/10.1136/ard.2010.148965.6,,,0,0
https://openalex.org/w1986806601,https://doi.org/10.1177/08830738050200111101,,,0,0
https://openalex.org/w2143358047,https://doi.org/10.1093/rheumatology/kep462,,,0,0
https://openalex.org/w2063586488,https://doi.org/10.5414/cnp64485,,,0,0
https://openalex.org/w234237964,https://doi.org/10.1016/j.imbio.2015.05.001,,,0,0
https://openalex.org/w1996340586,https://doi.org/10.1007/s00415-003-1090-4,,,0,0
https://openalex.org/w169025750,https://doi.org/10.4414/smw.2003.09947,,,0,0
https://openalex.org/w2789720951,https://doi.org/10.1080/14397595.2018.1436029,,,1,1
https://openalex.org/w2412521214,,,,0,0
https://openalex.org/w2029873080,https://doi.org/10.1016/j.autrev.2012.07.018,,,0,0
https://openalex.org/w1992619779,https://doi.org/10.1016/j.pharmthera.2009.09.005,,,0,0
https://openalex.org/w2007325141,https://doi.org/10.1007/s10072-006-0725-5,,,0,0
https://openalex.org/w2018826567,https://doi.org/10.1097/01.md.0000157577.69729.e6,,,0,0
https://openalex.org/w2019016907,https://doi.org/10.1007/s10555-010-9206-7,,,0,0
https://openalex.org/w2142461048,https://doi.org/10.1016/j.clim.2013.03.016,,,0,0
https://openalex.org/w2807263939,https://doi.org/10.1093/rheumatology/kep700,,,0,0
https://openalex.org/w26497377,,,,0,0
https://openalex.org/w2964133630,https://doi.org/10.1038/s41591-019-0523-2,,,0,0
https://openalex.org/w2024900877,https://doi.org/10.1084/jem.192.10.1441,,,0,0
https://openalex.org/w2157551016,https://doi.org/10.1046/j.1523-1755.1998.00028.x,,074-481-719-331-789,0,0
https://openalex.org/w4230879487,https://doi.org/10.1159/000347211,,,0,0
https://openalex.org/w2087551382,https://doi.org/10.1002/art.20153,,,0,0
https://openalex.org/w2087683123,https://doi.org/10.1586/14737140.4.6.1069,,,0,0
https://openalex.org/w1988376305,https://doi.org/10.1016/j.coi.2013.10.006,,,0,0
https://openalex.org/w1970408063,https://doi.org/10.1002/art.23451,,,1,1
https://openalex.org/w1599319517,https://doi.org/10.1111/j.1365-2036.2010.04371.x,,,0,0
https://openalex.org/w2075044143,https://doi.org/10.1097/01.iae.0000244265.75771.71,,,0,0
https://openalex.org/w2095208453,https://doi.org/10.1002/art.20441,,,0,0
https://openalex.org/w2129174388,https://doi.org/10.1093/rheumatology/kel382,,,0,0
https://openalex.org/w1982112188,https://doi.org/10.1016/j.pmrj.2013.08.608,,,0,0
https://openalex.org/w2020541532,https://doi.org/10.2174/092986712803833353,,,0,0
https://openalex.org/w2050925590,https://doi.org/10.1080/1042819031000067864,,,0,0
https://openalex.org/w2085889981,https://doi.org/10.1016/j.jaad.2003.05.009,,,0,0
https://openalex.org/w2009132808,https://doi.org/10.1097/01.bor.0000159927.19891.eb,,,0,0
https://openalex.org/w2102632389,https://doi.org/10.2217/ijr.13.58,,,0,0
https://openalex.org/w1995898145,https://doi.org/10.1007/s12185-014-1555-5,,,0,0
https://openalex.org/w1974552427,https://doi.org/10.2174/157015911796557984,,,0,0
https://openalex.org/w2560587756,https://doi.org/10.1016/j.trsl.2016.11.006,,,0,0
https://openalex.org/w2166393324,https://doi.org/10.1093/rheumatology/41.3.349,,,0,0
https://openalex.org/w2016326038,https://doi.org/10.1016/s0167-5273(10)70135-2,,,0,0
https://openalex.org/w71420332,https://doi.org/10.1016/j.rdc.2014.04.002,,,0,0
https://openalex.org/w2156821130,https://doi.org/10.2217/17460794.2.1.23,,,0,0
https://openalex.org/w980174965,https://doi.org/10.1007/s12016-015-8498-3,,,0,0
https://openalex.org/w2110813407,https://doi.org/10.1155/2011/308231,,040-841-114-054-777,0,0
https://openalex.org/w2436811419,,,,0,0
https://openalex.org/w2036169992,https://doi.org/10.3389/fimmu.2013.00088,,,0,0
https://openalex.org/w2289353175,https://doi.org/10.1002/art.39656,,,0,0
https://openalex.org/w2019472462,https://doi.org/10.1080/10428190400013647,,,0,0
https://openalex.org/w2332661584,https://doi.org/10.1016/s0377-1237(04)80108-4,,017-281-336-945-237,0,0
https://openalex.org/w1970054807,https://doi.org/10.1016/0305-7372(94)90020-5,,,0,0
https://openalex.org/w2127371447,https://doi.org/10.2337/db13-1777,,,0,0
https://openalex.org/w4300859311,https://doi.org/10.1111/j.1365-3083.2012.02735.x,,,0,0
https://openalex.org/w2401457840,https://doi.org/10.1056/nejm200212263472614,,,0,0
https://openalex.org/w2029015731,https://doi.org/10.1007/s11882-008-0054-2,,,0,0
https://openalex.org/w2106492363,https://doi.org/10.1007/s12016-011-8267-x,,,0,0
https://openalex.org/w2395736046,,,,0,0
https://openalex.org/w2152891840,https://doi.org/10.1002/art.37890,,,0,0
https://openalex.org/w2033775503,https://doi.org/10.1016/j.ajo.2011.05.032,,,0,0
https://openalex.org/w2058792382,https://doi.org/10.1074/jbc.m113.457218,,,0,0
https://openalex.org/w2020170512,https://doi.org/10.1111/j.1468-2982.2009.01875.x,,,0,0
https://openalex.org/w2046582122,https://doi.org/10.1007/s00415-009-0145-6,,,0,0
https://openalex.org/w2054225389,https://doi.org/10.1371/journal.pone.0112545,,,1,1
https://openalex.org/w2024448645,https://doi.org/10.1016/j.pnpbp.2007.03.004,,,0,0
https://openalex.org/w2108789073,https://doi.org/10.7326/0003-4819-143-9-200511010-00006,,,0,0
https://openalex.org/w2015154105,https://doi.org/10.1016/0168-8227(93)90054-9,,,0,0
https://openalex.org/w2029294566,https://doi.org/10.1097/bor.0b013e328333ba5d,,,0,0
https://openalex.org/w1973302050,https://doi.org/10.1177/1759720x13485503,,,0,0
https://openalex.org/w4240636955,https://doi.org/10.1016/j.jaad.2010.09.617,,,0,0
https://openalex.org/w1968314732,https://doi.org/10.1016/j.semarthrit.2012.03.014,,,0,0
https://openalex.org/w8174760,,,,0,0
https://openalex.org/w2155788927,,,,0,0
https://openalex.org/w2113653720,https://doi.org/10.1111/j.1478-3231.2007.01613.x,,,0,0
https://openalex.org/w2542088537,https://doi.org/10.1002/art.39795,,,0,0
https://openalex.org/w2969818907,https://doi.org/10.1186/s12969-019-0361-2,,,0,0
https://openalex.org/w1989378033,https://doi.org/10.1586/erv.13.4,,,0,0
https://openalex.org/w2016121277,https://doi.org/10.1016/j.autrev.2012.03.004,,,0,0
https://openalex.org/w2095354678,https://doi.org/10.1007/s10384-005-0307-8,,,0,0
https://openalex.org/w4300903589,https://doi.org/10.1007/s12072-010-9241-z,,,0,0
https://openalex.org/w4254108246,https://doi.org/10.1016/s1525-0016(16)39191-2,,,0,0
https://openalex.org/w1544138484,https://doi.org/10.3390/ijms160614158,,,0,0
https://openalex.org/w2027183438,https://doi.org/10.1089/scd.2009.0418,,,0,0
https://openalex.org/w2772951450,https://doi.org/10.1136/jnnp-2017-317101,,,0,0
https://openalex.org/w1967175920,https://doi.org/10.1055/s-2006-939518,,,0,0
https://openalex.org/w2066161280,https://doi.org/10.1002/ajh.10207,,,0,0
https://openalex.org/w1991058243,https://doi.org/10.1136/ard.53.5.334,,,0,0
https://openalex.org/w2333394817,https://doi.org/10.1007/bf03259318,,,0,0
https://openalex.org/w2105213577,https://doi.org/10.1186/ar3475,,,0,0
https://openalex.org/w1724405629,https://doi.org/10.2147/jir.s70325,,,0,0
https://openalex.org/w2618467262,https://doi.org/10.1186/s13075-017-1312-2,,,0,0
https://openalex.org/w2165019957,,,,0,0
https://openalex.org/w2052547881,https://doi.org/10.1007/s12253-014-9783-9,,,0,0
https://openalex.org/w4313354723,https://doi.org/10.4049/jimmunol.190.supp.182.13,,,0,0
https://openalex.org/w2418976146,https://doi.org/10.1136/annrheumdis-2015-eular.2142,,,0,0
https://openalex.org/w2044822161,https://doi.org/10.1136/ard.59.suppl_1.i109,,,0,0
https://openalex.org/w2612560775,https://doi.org/10.1089/jir.2016.0095,,,0,0
https://openalex.org/w2288411995,https://doi.org/10.1200/jco.1996.14.8.2234,,,0,0
https://openalex.org/w2019098429,https://doi.org/10.1111/j.0105-2896.2006.00364.x,,,0,0
https://openalex.org/w1877120840,https://doi.org/10.1111/j.1521-0391.2009.00005.x,,,0,0
https://openalex.org/w1999358069,https://doi.org/10.1111/j.1365-2230.2004.01652.x,,,0,0
https://openalex.org/w2020619427,https://doi.org/10.1016/j.semarthrit.2003.11.002,,,0,0
https://openalex.org/w2556766135,https://doi.org/10.1136/lupus-2016-000159,,121-563-541-401-867,1,1
https://openalex.org/w1984832962,https://doi.org/10.1002/art.11346,,,0,0
https://openalex.org/w2047387777,https://doi.org/10.4065/70.6.559,,,0,0
https://openalex.org/w2101744780,https://doi.org/10.1136/ard.2004.033464,,012-300-621-328-800,0,0
https://openalex.org/w2548583417,https://doi.org/10.1620/tjem.240.199,,,0,0
https://openalex.org/w58997502,https://doi.org/10.1038/gene.2009.66,,,0,0
https://openalex.org/w2136896422,https://doi.org/10.1186/1479-5876-6-22,,,0,0
https://openalex.org/w2978669138,https://doi.org/10.1016/s0889-8561(22)00420-9,,,0,0
https://openalex.org/w2004181624,https://doi.org/10.1002/art.23035,,,1,1
https://openalex.org/w2069055482,https://doi.org/10.1136/pmj.77.910.498,,,0,0
https://openalex.org/w2107032021,https://doi.org/10.1002/ana.21805,,,0,1
https://openalex.org/w1976978692,https://doi.org/10.1155/2012/682018,,,0,0
https://openalex.org/w2039655085,https://doi.org/10.1016/j.molmed.2009.10.004,,,0,0
https://openalex.org/w1989029085,https://doi.org/10.1016/j.autrev.2013.02.002,,,0,0
https://openalex.org/w2040683745,https://doi.org/10.1097/bor.0b013e328332c9d1,,,0,0
https://openalex.org/w1975418498,https://doi.org/10.1111/1346-8138.12714,,,0,0
https://openalex.org/w2076360363,https://doi.org/10.1053/j.ajkd.2012.11.049,,,0,0
https://openalex.org/w2556304202,https://doi.org/10.1136/annrheumdis-2016-eular.2210,,,0,0
https://openalex.org/w2122765600,https://doi.org/10.1177/0961203310365715,,,0,0
https://openalex.org/w2067543189,https://doi.org/10.1097/bor.0b013e3283546703,,,0,0
https://openalex.org/w1972000190,https://doi.org/10.3899/jrheum.090132,,,0,0
https://openalex.org/w2606564035,https://doi.org/10.1016/j.jaut.2017.03.010,,,0,0
https://openalex.org/w2021692481,https://doi.org/10.3109/08916934.2013.856005,,,0,0
https://openalex.org/w2592600370,https://doi.org/10.1182/blood.v126.23.5143.5143,,,0,0
https://openalex.org/w2531506426,https://doi.org/10.1007/82_2016_42,,,0,0
https://openalex.org/w2228130013,https://doi.org/10.6004/jnccn.2011.0047,,,0,0
https://openalex.org/w2537959667,https://doi.org/10.1002/art.39804,,,0,0
https://openalex.org/w2132847365,https://doi.org/10.1093/rheumatology/ket316,,,0,0
https://openalex.org/w2064628529,https://doi.org/10.2217/fvl.11.101,,,0,0
https://openalex.org/w2409175094,https://doi.org/10.1177/0961203316641771,,,0,0
https://openalex.org/w2160479585,https://doi.org/10.2174/138161212802502198,,,0,0
https://openalex.org/w2146253957,https://doi.org/10.1053/j.seminhematol.2008.04.005,,,0,0
https://openalex.org/w1991310679,https://doi.org/10.1046/j.1440-0960.2002.00597.x,,,0,0
https://openalex.org/w1966721955,https://doi.org/10.1007/s10067-010-1582-4,,,0,0
https://openalex.org/w2592862796,https://doi.org/10.1007/s00393-017-0274-8,,,1,1
https://openalex.org/w2465861967,https://doi.org/10.1097/bor.0000000000000317,,,0,0
https://openalex.org/w2948814328,https://doi.org/10.3389/fimmu.2019.01243,,,0,0
https://openalex.org/w1971286414,https://doi.org/10.1007/bf00300810,,,0,0
https://openalex.org/w2164400132,https://doi.org/10.1136/heartjnl-2011-300920b.36,,,0,0
https://openalex.org/w1029018778,https://doi.org/10.1182/blood.v122.21.4046.4046,,,0,0
https://openalex.org/w2959381866,https://doi.org/10.1177/0961203319862865,,,0,0
https://openalex.org/w2085154029,https://doi.org/10.1159/000099478,,,0,0
https://openalex.org/w2889700324,https://doi.org/10.1016/j.jaip.2018.07.001,,,0,0
https://openalex.org/w2562032433,https://doi.org/10.1183/13993003.congress-2015.pa2771,,,0,0
https://openalex.org/w2955822319,https://doi.org/10.1136/annrheumdis-2018-214379,,,0,0
https://openalex.org/w1517770332,https://doi.org/10.1002/hep.510260720,,,0,0
https://openalex.org/w90890188,https://doi.org/10.4414/smw.2002.10015,,,0,0
https://openalex.org/w2886996794,https://doi.org/10.1093/rheumatology/key242,,,0,0
https://openalex.org/w2596988019,https://doi.org/10.1136/annrheumdis-2016-210886,,016-638-549-228-197,0,0
https://openalex.org/w1542547647,https://doi.org/10.1002/art.38907,,,0,0
https://openalex.org/w1995582894,https://doi.org/10.2165/00063030-200418010-00002,,,0,0
https://openalex.org/w1994849901,https://doi.org/10.1097/00042307-199805000-00002,,,0,0
https://openalex.org/w2133357086,https://doi.org/10.1016/j.jbspin.2009.03.012,,,0,0
https://openalex.org/w2610616515,https://doi.org/10.1016/j.autrev.2017.05.009,,,0,0
https://openalex.org/w1994856963,https://doi.org/10.1111/eci.12111,,,0,0
https://openalex.org/w1788046619,https://doi.org/10.1111/j.1365-2249.2012.04653.x,,,0,0
https://openalex.org/w4244836419,https://doi.org/10.1002/14651858.cd006790,,,0,0
https://openalex.org/w2035345152,https://doi.org/10.1002/jgm.1407,,,0,0
https://openalex.org/w2138753535,https://doi.org/10.1177/1352458512441381,,,0,0
https://openalex.org/w2979838217,https://doi.org/10.1182/blood.v122.21.4157.4157,,,0,0
https://openalex.org/w2095218762,https://doi.org/10.3109/03009749409103028,,,0,0
https://openalex.org/w1494703672,https://doi.org/10.1016/s0065-2776(06)92001-x,,,0,0
https://openalex.org/w2008423777,https://doi.org/10.1002/art.27224,,,1,1
https://openalex.org/w1963657046,https://doi.org/10.1002/art.1780250511,,,0,0
https://openalex.org/w2151549340,https://doi.org/10.1586/eci.09.41,,,0,0
https://openalex.org/w2053513648,https://doi.org/10.2174/1568014043355230,,,0,0
https://openalex.org/w2619338859,https://doi.org/10.1016/j.jaci.2017.04.041,,,0,0
https://openalex.org/w2011853823,https://doi.org/10.1186/1546-0096-11-s1-a116,,,0,0
https://openalex.org/w1993015981,https://doi.org/10.1007/s00281-011-0260-1,,,0,0
https://openalex.org/w2121237369,https://doi.org/10.1634/theoncologist.2014-0177,,,0,0
https://openalex.org/w2042329182,https://doi.org/10.1002/art.1780380710,,,0,0
https://openalex.org/w4302550861,https://doi.org/10.1038/npp.2012.219,,,0,0
https://openalex.org/w2794551530,https://doi.org/10.1136/lupus-2018-abstract.78,,,0,0
https://openalex.org/w2030957046,https://doi.org/10.1093/rheumatology/37.2.222,,,0,0
https://openalex.org/w2094512402,https://doi.org/10.1358/dof.2007.032.11.1149301,,,0,0
https://openalex.org/w2468336160,,,,0,0
https://openalex.org/w2605040104,https://doi.org/10.1016/j.amjms.2017.04.002,,,0,0
https://openalex.org/w2541136581,https://doi.org/10.1182/blood.v120.21.1046.1046,,,0,0
https://openalex.org/w2107751463,https://doi.org/10.1136/annrheumdis-2012-eular.3140,,,0,0
https://openalex.org/w2330583103,https://doi.org/10.1097/bor.0b013e3283585748,,,0,0
https://openalex.org/w1509658266,https://doi.org/10.1001/jamadermatol.2015.0251,,,0,0
https://openalex.org/w1998709500,https://doi.org/10.1016/j.cyto.2009.07.466,,,0,0
https://openalex.org/w2140553672,https://doi.org/10.1136/jnnp.2004.049502,,,0,0
https://openalex.org/w2017831613,https://doi.org/10.1002/art.24688,,,0,0
https://openalex.org/w2125613887,https://doi.org/10.1136/ard.2007.070359,,,0,1
https://openalex.org/w2044610904,https://doi.org/10.1016/s1043-4666(03)00201-1,,,0,0
https://openalex.org/w2009778314,https://doi.org/10.1136/bjo.84.12.1432g,,,0,0
https://openalex.org/w1965960352,https://doi.org/10.2165/11530180-000000000-00000,,,0,0
https://openalex.org/w2076247527,https://doi.org/10.1007/s10753-014-0008-x,,,0,0
https://openalex.org/w1994628894,https://doi.org/10.1080/02841860510029941,,,0,0
https://openalex.org/w2909035055,https://doi.org/10.1136/annrheumdis-2018-eular.2547,,,0,0
https://openalex.org/w2012999486,https://doi.org/10.1034/j.1600-0420.2002.800623_3.x,,,0,0
https://openalex.org/w1977947414,https://doi.org/10.1155/2014/197675,,,0,0
https://openalex.org/w4250952351,https://doi.org/10.2165/00042310-200420020-00001,,,0,0
https://openalex.org/w2059224997,https://doi.org/10.1016/s0268-960x(97)90001-1,,,0,0
https://openalex.org/w2800618882,https://doi.org/10.1111/ene.13669,,,0,0
https://openalex.org/w2420655230,https://doi.org/,,,0,0
https://openalex.org/w2461811481,,,,0,1
https://openalex.org/w2027664122,https://doi.org/10.1016/j.semarthrit.2006.11.001,,,0,0
https://openalex.org/w2804955203,https://doi.org/10.1007/s40265-018-0920-8,,,0,0
https://openalex.org/w1602861271,https://doi.org/10.1016/s0074-7742(07)79013-x,,,0,0
https://openalex.org/w1940795041,https://doi.org/10.1002/glia.22608,,,0,0
https://openalex.org/w2081839533,https://doi.org/10.2174/1874312901206010315,,,0,0
https://openalex.org/w2167348005,https://doi.org/10.1177/0883073810369260,,,0,0
https://openalex.org/w2157655867,https://doi.org/10.1007/s10238-014-0273-x,,,0,0
https://openalex.org/w2049100226,https://doi.org/10.3324/haematol.2009.010934,,,0,0
https://openalex.org/w2108644937,https://doi.org/10.1002/eji.201040649,,,0,0
https://openalex.org/w2038685376,https://doi.org/10.1155/2012/298405,,,0,0
https://openalex.org/w2617972959,https://doi.org/10.3389/fimmu.2017.00625,,,0,0
https://openalex.org/w1978829418,https://doi.org/10.2174/092986710792231969,,,0,0
https://openalex.org/w1979776035,https://doi.org/10.4088/jcp.11r07425,,,0,0
https://openalex.org/w2468135474,https://doi.org/10.1159/000445260,,,0,0
https://openalex.org/w4252650165,https://doi.org/10.1097/01.inf.0000132280.36984.a9,,079-872-434-065-333,0,0
https://openalex.org/w2033001879,https://doi.org/10.7326/0003-4819-127-10-199711150-00005,,,0,0
https://openalex.org/w2045575730,https://doi.org/10.2174/187152307780598063,,,0,0
https://openalex.org/w1991504966,https://doi.org/10.1097/00001813-199602000-00005,,,0,0
https://openalex.org/w2087608505,https://doi.org/10.2174/138945010790980321,,,0,0
https://openalex.org/w1984208955,https://doi.org/10.2174/156652408785747906,,,0,0
https://openalex.org/w2066442712,https://doi.org/10.1002/1529-0131(200005)43:5<1190::aid-anr37>3.0.co;2-c,,,0,0
https://openalex.org/w4253853235,https://doi.org/10.1191/135245801681137951,,,0,0
https://openalex.org/w2057176304,https://doi.org/10.3109/10428199509054437,,005-287-124-494-683,0,0
https://openalex.org/w2784163635,https://doi.org/10.1136/lupus-2017-000246,,,1,1
https://openalex.org/w2493113184,https://doi.org/10.1016/j.cmi.2016.07.015,,,0,0
https://openalex.org/w2603291805,https://doi.org/10.1159/000471880,,,0,0
https://openalex.org/w2926217819,https://doi.org/10.1111/1756-185x.13550,,,0,0
https://openalex.org/w1799880948,,,,0,0
https://openalex.org/w2152024997,https://doi.org/10.1111/j.1365-2362.2009.02206.x,,,0,0
https://openalex.org/w2116753153,https://doi.org/10.1136/jnnp.72.5.676,,097-002-733-362-999,0,0
https://openalex.org/w2162791471,https://doi.org/10.1517/14712598.8.9.1435,,,0,0
https://openalex.org/w2412560275,https://doi.org/10.1016/s0307-742x(21)00608-1,,,0,0
https://openalex.org/w205517429,https://doi.org/10.1007/0-306-48382-3_109,,,0,0
https://openalex.org/w2002401594,https://doi.org/10.1615/critrevtherdrugcarriersyst.v18.i3.20,,,0,0
https://openalex.org/w2085167953,https://doi.org/10.1016/j.tripleo.2004.11.024,,,0,0
https://openalex.org/w2756441483,https://doi.org/10.1007/s00439-017-1837-0,,,0,0
https://openalex.org/w2682879875,https://doi.org/10.1136/lupus-2016-000202,,,1,1
https://openalex.org/w1967897859,https://doi.org/10.4062/biomolther.2011.19.2.141,,,0,0
https://openalex.org/w2279648693,https://doi.org/10.2174/1874609808666150727110744,,,0,0
https://openalex.org/w1985590116,https://doi.org/10.1182/blood-2011-12-396028,,,0,0
https://openalex.org/w2171366608,https://doi.org/10.1136/gut.2009.200972,,,0,0
https://openalex.org/w2763405149,https://doi.org/10.1016/j.jaci.2017.08.026,,,1,1
https://openalex.org/w2030853615,https://doi.org/10.1016/s0300-2977(97)00076-4,,,0,0
https://openalex.org/w2126345147,https://doi.org/10.1517/14712598.2011.605352,,,0,0
https://openalex.org/w2161417660,https://doi.org/10.1136/ard.2002.005546,,,0,0
https://openalex.org/w2884750634,https://doi.org/10.1038/s41584-018-0060-2,,,0,0
https://openalex.org/w2052343877,https://doi.org/10.1046/j.1440-1746.1999.01801.x,,,0,0
https://openalex.org/w2061952755,https://doi.org/10.1089/jir.2011.0045,,,0,0
https://openalex.org/w2023709564,https://doi.org/10.1038/nrrheum.2010.81,,,0,0
https://openalex.org/w2074415344,https://doi.org/10.1016/j.clinthera.2007.07.022,,,0,0
https://openalex.org/w2019185053,https://doi.org/10.1097/01.mpg.0000154660.62359.fe,,,0,0
https://openalex.org/w1937388594,https://doi.org/10.3349/ymj.2015.56.4.1158,,,0,0
https://openalex.org/w2897845438,https://doi.org/10.1136/annrheumdis-2018-eular.2816,,,0,0
https://openalex.org/w2085339199,https://doi.org/10.1002/1529-0131(199906)42:6<1168::aid-anr13>3.0.co;2-l,,,0,0
https://openalex.org/w1972402566,https://doi.org/10.1111/1523-1747.ep12317114,,,0,0
https://openalex.org/w2017644218,https://doi.org/10.1016/j.neulet.2012.06.041,,,0,0
https://openalex.org/w2064537810,https://doi.org/10.1097/bor.0b013e328333b9e2,,,0,0
https://openalex.org/w2005378285,https://doi.org/10.1007/s00296-014-2984-4,,,0,0
https://openalex.org/w4233551952,https://doi.org/10.5301/jsrd.5000202,,,0,0
https://openalex.org/w4246011914,https://doi.org/10.1111/apha.12484,,,0,0
https://openalex.org/w1982020254,https://doi.org/10.1016/j.cytogfr.2011.11.008,,,0,0
https://openalex.org/w1973139179,https://doi.org/10.1016/j.rdc.2011.01.002,,,0,0
https://openalex.org/w2794916760,https://doi.org/10.3233/kca-180027,,,0,0
https://openalex.org/w1995193989,https://doi.org/10.1586/14737140.1.3.421,,,0,0
https://openalex.org/w2891132577,https://doi.org/10.1186/s12969-017-0142-8,,,0,0
https://openalex.org/w2153342976,https://doi.org/10.3109/08916934.2012.719955,,,0,0
https://openalex.org/w2093577438,https://doi.org/10.3402/iee.v3i0.19839,,,0,0
https://openalex.org/w2508027315,,,,0,0
https://openalex.org/w2899776956,https://doi.org/10.1136/annrheumdis-2018-eular.3758,,,0,0
https://openalex.org/w2028394934,https://doi.org/10.1016/s1479-666x(04)80001-5,,,0,0
https://openalex.org/w4253654003,https://doi.org/10.1016/j.cfp.2005.01.003,,,0,0
https://openalex.org/w2399597028,https://doi.org/10.1177/0961203316651738,,,1,1
https://openalex.org/w1601865818,https://doi.org/10.1007/bf03261981,,,0,0
https://openalex.org/w2127082380,https://doi.org/10.1016/j.jaut.2009.02.011,,,0,0
https://openalex.org/w2959474424,https://doi.org/10.3389/fimmu.2019.01564,,,0,0
https://openalex.org/w2164139122,https://doi.org/10.1177/0961203315571465,,,0,0
https://openalex.org/w2009055864,https://doi.org/10.4103/0972-2327.58280,,,0,0
https://openalex.org/w2150383019,https://doi.org/10.1186/ar3073,,,0,0
https://openalex.org/w2021953213,https://doi.org/10.1007/s00005-013-0232-3,,,0,0
https://openalex.org/w39672222,,,,0,0
https://openalex.org/w2054926473,https://doi.org/10.2147/btt.s41477,,,0,0
https://openalex.org/w2008928254,https://doi.org/10.1007/s10067-010-1414-6,,,0,0
https://openalex.org/w2090342825,https://doi.org/10.1016/0030-4220(93)90071-b,,,0,0
https://openalex.org/w2883836178,https://doi.org/10.1016/j.msard.2018.07.036,,,0,0
https://openalex.org/w4313386675,https://doi.org/10.4049/jimmunol.190.supp.42.15,,,0,0
https://openalex.org/w1919069136,https://doi.org/10.1111/bjh.13801,,,0,0
https://openalex.org/w2072876066,https://doi.org/10.1097/med.0b013e32833cf518,,,0,0
https://openalex.org/w1533005819,https://doi.org/10.1111/1346-8138.12991,,,0,0
https://openalex.org/w2908503979,https://doi.org/10.1002/art.40828,,,1,1
https://openalex.org/w2012889937,https://doi.org/10.1016/j.transproceed.2012.02.049,,,0,0
https://openalex.org/w2120070988,https://doi.org/10.1093/rheumatology/kem132,,,0,0
https://openalex.org/w2345036859,https://doi.org/10.1111/1756-185x.12902,,,0,0
https://openalex.org/w1998698384,https://doi.org/10.1517/14712598.2012.694421,,,0,0
https://openalex.org/w2791400582,https://doi.org/10.3350/cmh.2017.0074,,,0,0
https://openalex.org/w1985627557,https://doi.org/10.1016/j.semarthrit.2011.01.008,,,0,0
https://openalex.org/w2969146437,https://doi.org/10.3389/fimmu.2019.02052,,,0,0
https://openalex.org/w2282593983,https://doi.org/10.1097/cad.0000000000000335,,,0,0
https://openalex.org/w2104160273,https://doi.org/10.1111/apt.12507,,,0,0
https://openalex.org/w4248906099,https://doi.org/10.1007/s10875-018-0485-z,,,0,0
https://openalex.org/w2762158916,https://doi.org/10.1093/ckj/sfx081,,,0,0
https://openalex.org/w2099423265,,,,0,0
https://openalex.org/w2109291025,https://doi.org/10.18553/jmcp.2015.21.2.158,,,0,0
https://openalex.org/w2647342611,https://doi.org/10.3892/mmr.2017.6819,,,0,0
https://openalex.org/w2169188602,https://doi.org/10.1002/clc.4960140603,,,0,0
https://openalex.org/w2799280494,https://doi.org/10.1002/14651858.cd011403.pub2,,,0,0
https://openalex.org/w2051235714,https://doi.org/10.1080/13550280802132832,,,0,0
https://openalex.org/w2510192800,https://doi.org/10.1016/j.nmd.2015.06.440,,,0,0
https://openalex.org/w1985746089,https://doi.org/10.1073/pnas.0408854102,,,0,0
https://openalex.org/w4253686956,https://doi.org/10.1016/j.ophtha.2007.06.019,,,0,0
https://openalex.org/w947028122,https://doi.org/10.1097/bor.0000000000000205,,,0,0
https://openalex.org/w2793669904,https://doi.org/10.1097/rhu.0b013e318190dd88,,,0,0
https://openalex.org/w2014952073,https://doi.org/10.4103/0378-6323.120720,,,0,0
https://openalex.org/w2949357624,https://doi.org/10.1136/annrheumdis-2019-eular.4287,,,0,0
https://openalex.org/w2044032698,https://doi.org/10.1111/j.1399-0039.2006.00681.x,,,0,0
https://openalex.org/w2163259162,https://doi.org/10.1136/ard.2004.025676,,,0,0
https://openalex.org/w2152372411,https://doi.org/10.2174/1566524014666141015161344,,,0,0
https://openalex.org/w2062075187,https://doi.org/10.1007/s10571-014-0095-0,,,0,0
https://openalex.org/w1538646805,https://doi.org/10.1002/art.34483,,,1,1
https://openalex.org/w2752741500,https://doi.org/10.1002/art.40304,,,0,0
https://openalex.org/w2562594314,https://doi.org/10.1016/j.sjopt.2016.12.004,,,0,0
https://openalex.org/w2126008791,https://doi.org/10.2217/imt.12.35,,,0,0
https://openalex.org/w1974725626,https://doi.org/10.1016/j.msard.2012.07.005,,,0,0
https://openalex.org/w2298179523,https://doi.org/10.1007/s00198-016-3567-x,,,0,0
https://openalex.org/w2063141660,https://doi.org/10.1007/s00262-004-0602-0,,,0,0
https://openalex.org/w2162267801,https://doi.org/10.1128/cdli.3.1.5-9.1996,,,0,0
https://openalex.org/w2302487900,https://doi.org/10.1186/1546-0096-13-s1-o31,,,0,0
https://openalex.org/w2137526979,https://doi.org/10.1016/j.humimm.2015.11.002,,,0,0
https://openalex.org/w2052368352,https://doi.org/10.1200/jco.2007.11.1047,,,0,0
https://openalex.org/w2004295997,https://doi.org/10.1016/s0140-6736(05)66223-x,,,0,0
https://openalex.org/w2921929723,https://doi.org/10.1042/cs062024p,,,0,0
https://openalex.org/w2750144808,https://doi.org/10.1186/s12865-017-0225-9,,,0,0
https://openalex.org/w145149749,,,,0,0
https://openalex.org/w1501746509,https://doi.org/10.1186/cc2937,,,0,0
https://openalex.org/w2152276195,https://doi.org/10.1177/1352458513519839,,,0,0
https://openalex.org/w2115951636,https://doi.org/10.1046/j.1468-3083.2001.00251.x,,,0,0
https://openalex.org/w1575112811,https://doi.org/10.1002/14651858.cd010729.pub2,,,0,0
https://openalex.org/w2402075246,,,,0,0
https://openalex.org/w2117237221,https://doi.org/10.1189/jlb.0709517,,,0,0
https://openalex.org/w270331697,https://doi.org/10.7417/ct.2014.1789,,,0,0
https://openalex.org/w1981144318,https://doi.org/10.1016/s0140-6736(79)91771-9,,,0,0
https://openalex.org/w2289098134,,,,0,0
https://openalex.org/w1992351167,https://doi.org/10.1097/bor.0000000000000088,,,0,0
https://openalex.org/w2113082232,https://doi.org/10.1081/cnv-120002498,,010-349-320-278-138,0,0
https://openalex.org/w2888906621,https://doi.org/10.1007/s10072-018-3550-8,,,0,0
https://openalex.org/w2312465650,https://doi.org/10.1136/annrheumdis-2013-eular.1464,,,0,0
https://openalex.org/w2083699608,https://doi.org/10.1016/s0272-6386(99)70179-4,,,0,0
https://openalex.org/w1986904304,https://doi.org/10.1111/j.1365-2893.2004.00513.x,,,0,0
https://openalex.org/w2072181524,https://doi.org/10.1136/ard.49.9.690,,,0,0
https://openalex.org/w2273178174,https://doi.org/10.1586/14737140.2016.1151356,,,0,0
https://openalex.org/w2038544279,https://doi.org/10.1592/phco.22.8.621.33218,,,0,0
https://openalex.org/w2034932599,https://doi.org/10.1007/s15010-008-8164-2,,,0,0
https://openalex.org/w1975684230,https://doi.org/10.1016/j.imlet.2010.06.008,,,0,0
https://openalex.org/w2130698746,https://doi.org/10.1016/s0733-8635(05)70303-x,,,0,0
https://openalex.org/w2947487250,https://doi.org/10.1136/annrheumdis-2019-eular.7982,,,0,0
https://openalex.org/w1991846128,https://doi.org/10.1177/1352458511433063,,,0,0
https://openalex.org/w2082899678,https://doi.org/10.1371/journal.pone.0086663,,,0,0
https://openalex.org/w2740240038,https://doi.org/10.1038/ajg.2017.199,,,0,0
https://openalex.org/w2065870425,https://doi.org/10.1016/s1359-6446(02)02590-4,,,0,0
https://openalex.org/w2142193501,https://doi.org/10.2147/opth.s3308,,,0,0
https://openalex.org/w2608197467,https://doi.org/10.1136/lupus-2017-000215.37,,,0,0
https://openalex.org/w2036971846,https://doi.org/10.1007/s00296-014-3012-4,,,0,0
https://openalex.org/w2074350934,https://doi.org/10.1517/17425247.2011.571672,,,0,0
https://openalex.org/w2141698639,https://doi.org/10.1177/1352458508092809,,,0,0
https://openalex.org/w1986881149,https://doi.org/10.1097/bor.0b013e3283563363,,,0,0
https://openalex.org/w1964766929,https://doi.org/10.1586/edm.11.64,,,0,0
https://openalex.org/w2005279303,https://doi.org/10.3109/09273948.2012.723111,,,0,0
https://openalex.org/w2327342810,https://doi.org/10.1089/jir.2011.0061,,,0,0
https://openalex.org/w2048147872,https://doi.org/10.1007/s40674-014-0008-x,,,0,0
https://openalex.org/w2081679209,https://doi.org/10.1016/s0171-2985(86)80103-6,,,0,0
https://openalex.org/w2129546867,https://doi.org/10.1111/1756-185x.12281,,,0,0
https://openalex.org/w2419487683,https://doi.org/10.1136/annrheumdis-2015-eular.5017,,,0,0
https://openalex.org/w2275527914,https://doi.org/10.1016/j.immuni.2016.01.019,,,0,0
https://openalex.org/w2023944905,https://doi.org/10.1016/j.msard.2012.10.001,,,0,0
https://openalex.org/w2952539375,https://doi.org/10.1136/annrheumdis-2019-eular.434,,,0,0
https://openalex.org/w2915246309,,,,0,0
https://openalex.org/w2175074567,,,,0,0
https://openalex.org/w2109020770,https://doi.org/10.1136/bmjopen-2013-002739,,,0,0
https://openalex.org/w2113801188,https://doi.org/10.1111/1756-185x.12039,,,0,0
https://openalex.org/w1517712033,https://doi.org/10.4049/jimmunol.181.3.1609,,,0,0
https://openalex.org/w2913341221,https://doi.org/10.5935/0004-2749.20190027,,,0,0
https://openalex.org/w1966579788,https://doi.org/10.1371/journal.pcbi.1004005,,,0,0
https://openalex.org/w2024148297,https://doi.org/10.1038/nrrheum.2013.4,,,0,0
https://openalex.org/w2000263503,https://doi.org/10.5414/cnp69067,,,0,0
https://openalex.org/w54600755,,,,0,0
https://openalex.org/w1489185803,https://doi.org/10.1016/s0021-9258(18)94098-6,,,0,0
https://openalex.org/w2115213866,https://doi.org/10.1124/mol.111.077354,,,0,0
https://openalex.org/w2905476907,https://doi.org/10.1016/j.cyto.2018.11.022,,,0,0
https://openalex.org/w2039773800,https://doi.org/10.1111/j.1365-2249.2009.04053.x,,,0,0
https://openalex.org/w2029476078,https://doi.org/10.1002/art.22915,,,0,0
https://openalex.org/w2313098542,https://doi.org/10.1136/jim-2016-000120.136,,,0,0
https://openalex.org/w2979688933,https://doi.org/10.1111/cei.13382,,,0,0
https://openalex.org/w2917055859,https://doi.org/10.1016/j.taap.2019.02.013,,,0,0
https://openalex.org/w1826073364,,,,0,0
https://openalex.org/w4232884704,https://doi.org/10.1097/00002281-200201000-00006,,,0,0
https://openalex.org/w1969356409,https://doi.org/10.1136/annrheumdis-2012-203041,,,0,0
https://openalex.org/w1977588665,https://doi.org/10.1002/art.24316,,,0,0
https://openalex.org/w2318434997,https://doi.org/10.1097/00127893-199801000-00005,,,0,0
https://openalex.org/w2569954169,https://doi.org/10.1016/j.msard.2017.01.006,,,0,0
https://openalex.org/w2017842693,https://doi.org/10.1016/j.gtc.2010.08.012,,,0,0
https://openalex.org/w4249236269,https://doi.org/10.1517/13543776.11.7.1161,,,0,0
https://openalex.org/w2897514786,https://doi.org/10.1136/annrheumdis-2018-eular.3759,,,0,0
https://openalex.org/w2021740276,https://doi.org/10.1371/journal.pgen.1002341,,,0,0
https://openalex.org/w2017375813,https://doi.org/10.1200/jco.2012.45.7739,,,0,0
https://openalex.org/w2166417489,https://doi.org/10.1002/bjs.4149,,,0,0
https://openalex.org/w2306021812,,,,0,0
https://openalex.org/w2050723451,https://doi.org/10.1016/j.humimm.2011.03.013,,,0,0
https://openalex.org/w2736306351,https://doi.org/10.1007/s12016-017-8625-4,,,0,0
https://openalex.org/w2021710624,https://doi.org/10.1038/nrrheum.2011.169,,,0,0
https://openalex.org/w2045513203,https://doi.org/10.3899/jrheum.100486,,,1,1
https://openalex.org/w1968485009,https://doi.org/10.1046/j.1365-2249.2003.02144.x,,019-424-111-131-433,0,0
https://openalex.org/w2802057044,https://doi.org/10.1016/j.clim.2018.05.001,,,0,0
https://openalex.org/w2612233305,https://doi.org/10.1016/s0168-8278(17)30375-6,,,0,0
https://openalex.org/w2968117307,https://doi.org/10.3389/fimmu.2019.02049,,,0,0
https://openalex.org/w2327922591,https://doi.org/10.1371/journal.pone.0151244,,,0,0
https://openalex.org/w1963901648,https://doi.org/10.1038/ni0703-650,,,0,0
https://openalex.org/w2135067598,https://doi.org/10.1016/j.molimm.2013.07.013,,,0,0
https://openalex.org/w2081155683,https://doi.org/10.1053/ajkd.2000.8304,,,0,0
https://openalex.org/w2318971911,https://doi.org/10.1056/nejm197907053010102,,,1,1
https://openalex.org/w87791214,https://doi.org/10.1182/blood.v90.10.3865,,,0,0
https://openalex.org/w2436280945,,,,0,0
https://openalex.org/w2328608213,https://doi.org/10.5114/reum.2015.57640,,,0,0
https://openalex.org/w1967886546,https://doi.org/10.1159/000052095,,,0,0
https://openalex.org/w4214837028,https://doi.org/10.1007/s11845-014-1108-1,,,0,0
https://openalex.org/w2070613566,https://doi.org/10.1517/13543776.18.10.1141,,,0,0
https://openalex.org/w1979864317,https://doi.org/10.1093/rheumatology/33.5.499,,,0,0
https://openalex.org/w2033782014,https://doi.org/10.1080/03009740701747137,,,0,0
https://openalex.org/w2015373616,https://doi.org/10.1016/0090-1229(92)90004-8,,,0,0
https://openalex.org/w2038819442,https://doi.org/10.1016/j.coi.2013.08.005,,,0,0
https://openalex.org/w2053248858,https://doi.org/10.1002/art.27529,,,0,1
https://openalex.org/w4246393649,https://doi.org/10.1097/00002281-199801000-00012,,,0,0
https://openalex.org/w2276959839,https://doi.org/10.4049/jimmunol.194.supp.59.14,,,0,0
https://openalex.org/w2769972938,https://doi.org/10.1016/j.jaci.2017.10.030,,,0,0
https://openalex.org/w2064729318,https://doi.org/10.1016/j.ajo.2004.03.022,,,0,0
https://openalex.org/w2042522537,https://doi.org/10.1016/0277-5379(86)90015-5,,002-146-552-870-376,0,0
https://openalex.org/w2411064039,,,,0,0
https://openalex.org/w2121179501,https://doi.org/10.1093/infdis/jir470,,,0,0
https://openalex.org/w2304643711,https://doi.org/10.1002/hep.28228,,,0,0
https://openalex.org/w2123205622,https://doi.org/10.1186/ar2501,,,0,0
https://openalex.org/w1969003459,https://doi.org/10.1111/j.1600-0404.1985.tb03235.x,,,0,0
https://openalex.org/w2515408976,https://doi.org/10.1016/j.ajpath.2016.06.020,,,0,0
https://openalex.org/w2056756250,https://doi.org/10.1016/j.ajo.2008.08.038,,,0,0
https://openalex.org/w2042751933,https://doi.org/10.1038/ni1576,,,0,0
https://openalex.org/w2950659033,https://doi.org/10.1136/annrheumdis-2019-eular.3677,,,0,0
https://openalex.org/w2954041080,https://doi.org/10.1136/annrheumdis-2019-215811,,083-599-652-335-071,0,0
https://openalex.org/w295466171,https://doi.org/10.1016/j.cyto.2014.07.207,,,0,0
https://openalex.org/w4240526685,https://doi.org/10.1111/1744-9987.12617,,,0,0
https://openalex.org/w1988004704,https://doi.org/10.1056/nejme078017,,131-864-104-623-025,0,0
https://openalex.org/w2052268676,https://doi.org/10.4065/78.8.1041,,,0,0
https://openalex.org/w2040101610,https://doi.org/10.1097/mol.0b013e328362dfd9,,,0,0
https://openalex.org/w2130586189,https://doi.org/10.1016/j.tripleo.2006.11.010,,,0,0
https://openalex.org/w2211502985,https://doi.org/10.1016/j.mehy.2015.09.026,,,0,0
https://openalex.org/w2955333608,https://doi.org/10.1111/jth.14492,,,0,0
https://openalex.org/w2049849833,https://doi.org/10.1067/mjd.2000.100535,,,0,0
https://openalex.org/w2088395642,https://doi.org/10.1007/s00432-010-0900-1,,,0,0
https://openalex.org/w4214608798,https://doi.org/10.1038/ajg.2013.265,,,0,0
https://openalex.org/w4407216541,https://doi.org/10.2460/javma.1982.181.10.1111,,,0,0
https://openalex.org/w2169830762,https://doi.org/10.1136/jmg.40.3.183,,,0,0
https://openalex.org/w5682145,,,,0,0
https://openalex.org/w2911381983,https://doi.org/10.1080/15548627.2019.1580512,,,0,0
https://openalex.org/w1975293241,https://doi.org/10.1111/j.1468-3083.2006.01774.x,,,0,0
https://openalex.org/w2050584750,https://doi.org/10.1002/jps.23590,,,0,0
https://openalex.org/w2584639752,https://doi.org/10.1016/j.exppara.2017.01.005,,,0,0
https://openalex.org/w2807908056,https://doi.org/10.3389/fphys.2018.00587,,,0,0
https://openalex.org/w2090092477,https://doi.org/10.1177/2040620712468289,,,0,0
https://openalex.org/w1466540379,https://doi.org/10.1007/s11882-015-0548-7,,,0,0
https://openalex.org/w2077197137,https://doi.org/10.1016/0163-7258(93)90021-5,,,0,0
https://openalex.org/w2341967524,https://doi.org/10.1136/annrheumdis-2015-eular.1597,,,0,0
https://openalex.org/w2735963560,https://doi.org/10.1007/s00011-011-0341-6,,,0,0
https://openalex.org/w2156411751,https://doi.org/10.1084/jem.186.9.1495,,,0,0
https://openalex.org/w2162197148,https://doi.org/10.1007/s00277-013-1934-7,,,0,0
https://openalex.org/w2395883752,https://doi.org/10.1016/s0889-857x(21)01043-7,,,0,0
https://openalex.org/w2091217609,https://doi.org/10.1111/j.1472-8206.2011.00929.x,,,0,0
https://openalex.org/w1707820049,https://doi.org/10.1046/j.1365-2133.1998.02473.x,,,0,0
https://openalex.org/w1531186172,https://doi.org/10.1111/j.1572-0241.2008.01982_10.x,,,0,0
https://openalex.org/w2747277681,https://doi.org/10.4049/jimmunol.196.supp.117.11,,,0,0
https://openalex.org/w2010086320,https://doi.org/10.1016/s0733-8635(02)00058-x,,,0,0
https://openalex.org/w2139602499,https://doi.org/10.1515/hsz-2013-0213,,,0,0
https://openalex.org/w2112918183,https://doi.org/10.1161/circresaha.114.302221,,,0,0
https://openalex.org/w2036104583,https://doi.org/10.4161/derm.3.4.14614,,,0,0
https://openalex.org/w4256484461,https://doi.org/10.1038/ajg.2013.267,,,0,0
https://openalex.org/w1998007093,https://doi.org/10.1046/j.1365-2567.2000.00042.x,,,0,0
https://openalex.org/w2790492305,https://doi.org/10.1016/j.bbmt.2017.12.520,,,0,0
https://openalex.org/w2136590838,https://doi.org/10.1136/ard.2008.093146,,,1,1
https://openalex.org/w1977973823,https://doi.org/10.1080/14653240310001505,,,0,0
https://openalex.org/w2417152991,,,,0,0
https://openalex.org/w2582534607,https://doi.org/10.1016/j.bjid.2016.12.003,,,0,0
https://openalex.org/w2034666899,https://doi.org/10.2174/187152807780077291,,,0,0
https://openalex.org/w2146973732,https://doi.org/10.1002/art.1780330414,,,1,1
https://openalex.org/w2019446330,https://doi.org/10.1016/s0167-5273(10)70182-0,,,0,0
https://openalex.org/w2063907751,https://doi.org/10.1016/j.jaci.2007.10.028,,,0,0
https://openalex.org/w2073016278,https://doi.org/10.1097/00055735-200212000-00014,,,0,0
https://openalex.org/w1989044813,https://doi.org/10.2217/14796694.2.4.515,,,0,0
https://openalex.org/w1986032308,https://doi.org/10.1016/j.jbspin.2006.09.003,,,0,0
https://openalex.org/w2406202305,,,,0,0
https://openalex.org/w2606492431,https://doi.org/10.1084/jem.20161451,,,1,1
https://openalex.org/w2951057964,https://doi.org/10.1186/s13075-018-1649-1,,,1,1
https://openalex.org/w2214710829,,,,0,0
https://openalex.org/w1959724402,https://doi.org/10.3389/fimmu.2015.00457,,,0,0
https://openalex.org/w2047288299,https://doi.org/10.1378/chest.1701154,,,0,0
https://openalex.org/w2166198773,https://doi.org/10.1016/j.gtc.2006.09.008,,,0,0
https://openalex.org/w1569659660,,,,0,0
https://openalex.org/w1845594800,https://doi.org/10.3899/jrheum.150322,,,0,0
https://openalex.org/w1976467866,https://doi.org/10.1136/annrheumdis-2011-201235.14,,,0,0
https://openalex.org/w2154545609,https://doi.org/10.1136/ard.2005.040477,,,0,1
https://openalex.org/w2897950975,https://doi.org/10.4314/tjpr.v17i8.17,,,0,0
https://openalex.org/w2905951514,https://doi.org/10.1136/annrheumdis-2018-214127,,,0,0
https://openalex.org/w2625709437,https://doi.org/10.1038/nature22821,,,0,0
https://openalex.org/w159830929,,,,0,0
https://openalex.org/w2912513763,https://doi.org/10.1007/s10067-019-04435-2,,,0,0
https://openalex.org/w2173681750,https://doi.org/10.1016/j.semnephrol.2015.08.003,,,0,0
https://openalex.org/w2939931564,https://doi.org/10.1093/rheumatology/kez106.017,,,0,0
https://openalex.org/w2140120401,https://doi.org/10.1136/ard.2009.117135,,,0,0
https://openalex.org/w1584352251,https://doi.org/10.1111/j.1440-1827.2011.02649.x,,,0,0
https://openalex.org/w2091534523,https://doi.org/10.3899/jrheum.100191,,,0,0
https://openalex.org/w2053303708,https://doi.org/10.1053/j.gastro.2009.02.001,,,0,0
https://openalex.org/w2914093766,https://doi.org/10.3389/fimmu.2019.00044,,,0,0
https://openalex.org/w2042214412,https://doi.org/10.1177/0961203309353773,,,0,0
https://openalex.org/w2075954391,https://doi.org/10.1016/j.spen.2014.07.001,,,0,0
https://openalex.org/w2900757229,https://doi.org/10.1016/j.bbi.2018.11.014,,,0,0
https://openalex.org/w2566656703,https://doi.org/10.2217/imt-2016-0090,,,0,0
https://openalex.org/w2315079945,https://doi.org/10.1136/annrheumdis-2013-eular.2366,,,0,0
https://openalex.org/w2064593825,https://doi.org/10.1046/j.1365-2249.2003.02113.x,,,0,0
https://openalex.org/w90876189,,,,0,0
https://openalex.org/w2075417824,https://doi.org/10.1111/j.1348-0421.1994.tb01789.x,,,0,0
https://openalex.org/w2214830338,https://doi.org/10.3109/14397595.2015.1129694,,,0,0
https://openalex.org/w2480943615,https://doi.org/10.1136/annrheumdis-2015-209064,,,0,0
https://openalex.org/w17225219,https://doi.org/10.1155/2014/367131,,,0,0
https://openalex.org/w2074536155,https://doi.org/10.2174/1568008043340071,,,0,0
https://openalex.org/w2051219311,https://doi.org/10.1016/j.clim.2009.03.005,,,0,0
https://openalex.org/w2114403343,https://doi.org/10.1093/nar/gkt078,,,0,0
https://openalex.org/w2171927437,https://doi.org/10.1111/1756-185x.12498,,,0,0
https://openalex.org/w2100685370,https://doi.org/10.1186/ar3318,,,0,0
https://openalex.org/w1986082804,https://doi.org/10.1007/s00535-011-0377-y,,,0,0
https://openalex.org/w4236178249,https://doi.org/10.1016/s0889-857x(05)70233-7,,,0,0
https://openalex.org/w2162082073,https://doi.org/10.1002/art.1780250407,,,1,1
https://openalex.org/w1546733822,https://doi.org/10.1111/j.1365-2567.2010.03280.x,,,0,0
https://openalex.org/w2070719980,https://doi.org/10.2165/11314600-000000000-00000,,,0,0
https://openalex.org/w2032628402,https://doi.org/10.1016/j.amjmed.2005.01.073,,,0,0
https://openalex.org/w2028092896,https://doi.org/10.1016/j.autrev.2012.10.006,,,0,0
https://openalex.org/w1963353306,https://doi.org/10.1002/14651858.cd011403,,,0,0
https://openalex.org/w4244478186,https://doi.org/10.1111/j.1365-2125.2011.04074.x,,,0,0
https://openalex.org/w1994384198,https://doi.org/10.1097/01.md.0000180792.80212.5e,,,0,0
https://openalex.org/w2140578526,https://doi.org/10.1634/theoncologist.2012-0068,,,0,0
https://openalex.org/w2078181288,https://doi.org/10.1007/s00430-012-0245-2,,,0,0
https://openalex.org/w4245859665,https://doi.org/10.1111/j.1756-185x.2012.01777.x,,,0,0
https://openalex.org/w2094186162,https://doi.org/10.1016/j.bpg.2004.11.009,,,0,0
https://openalex.org/w1968065792,https://doi.org/10.1111/j.1365-2036.2008.03800.x,,,0,0
https://openalex.org/w2033194420,https://doi.org/10.1002/art.34544,,,0,1
https://openalex.org/w2077448287,https://doi.org/10.1042/cs20140554,,,0,0
https://openalex.org/w2067796697,https://doi.org/10.1080/08860220802595906,,,0,0
https://openalex.org/w4313385657,https://doi.org/10.4049/jimmunol.196.supp.47.9,,,0,0
https://openalex.org/w1975761080,https://doi.org/10.1097/00002281-199409000-00008,,,0,0
https://openalex.org/w2158726078,https://doi.org/10.1016/j.berh.2009.12.008,,,0,0
https://openalex.org/w2068611444,https://doi.org/10.1016/j.gcb.2008.04.025,,,0,0
https://openalex.org/w2094619835,https://doi.org/10.1038/nrrheum.2010.176,,,0,0
https://openalex.org/w2169463530,https://doi.org/10.1371/journal.pone.0054419,,,0,0
https://openalex.org/w2031301095,https://doi.org/10.1210/er.2003-0014,,,0,0
https://openalex.org/w2460083407,https://doi.org/10.1007/s00018-016-2300-4,,,0,0
https://openalex.org/w2514054684,https://doi.org/10.1016/j.cellimm.2016.08.012,,,0,0
https://openalex.org/w2944420606,https://doi.org/10.3389/fimmu.2019.01028,,,0,0
https://openalex.org/w296074847,https://doi.org/10.4254/wjh.v7.i3.327,,,0,0
https://openalex.org/w2018565890,https://doi.org/10.1097/bor.0b013e32825a6a57,,,0,0
https://openalex.org/w2018107416,https://doi.org/10.1016/s1521-6926(02)00085-3,,,0,0
https://openalex.org/w2313978050,https://doi.org/10.1016/s0168-8278(13)61383-5,,,0,0
https://openalex.org/w2148946525,https://doi.org/10.1111/j.2042-7158.1997.tb06132.x,,,0,0
https://openalex.org/w2126324859,https://doi.org/10.1189/jlb.0111042,,023-477-276-445-610,0,0
https://openalex.org/w2137297789,https://doi.org/10.1155/2013/127170,,,0,0
https://openalex.org/w2197403004,https://doi.org/10.1155/2015/762546,,,0,0
https://openalex.org/w2467554648,https://doi.org/10.1155/2016/1298473,,,0,0
https://openalex.org/w1984670509,https://doi.org/10.1016/j.coph.2010.03.001,,,0,0
https://openalex.org/w2398593083,,,,0,0
https://openalex.org/w4251687551,https://doi.org/10.1016/j.injr.2013.10.006,,,0,0
https://openalex.org/w2205841364,,,,0,0
https://openalex.org/w2045850959,https://doi.org/10.1016/j.autrev.2011.12.005,,,0,0
https://openalex.org/w2017962785,https://doi.org/10.1002/ajh.2830410215,,,0,0
https://openalex.org/w1971278898,https://doi.org/10.1016/j.fitote.2012.11.003,,,0,0
https://openalex.org/w1977216826,https://doi.org/10.1016/j.ygeno.2014.06.003,,,0,0
https://openalex.org/w2097482003,https://doi.org/10.1354/vp.44-4-458,,,0,0
https://openalex.org/w2103412474,https://doi.org/10.1136/ard.2010.149013.1,,,0,0
https://openalex.org/w2162826697,https://doi.org/10.1124/mol.105.019695,,,0,0
https://openalex.org/w2092714590,https://doi.org/10.1111/j.1396-0296.2003.01644.x,,,0,0
https://openalex.org/w2323189555,https://doi.org/10.1097/iio.0b013e31817d8393,,,0,0
https://openalex.org/w2891907769,https://doi.org/10.21037/atm.2018.09.25,,,0,0
https://openalex.org/w2069243924,https://doi.org/10.1038/jid.2010.200,,,0,0
https://openalex.org/w2442578738,,,,0,0
https://openalex.org/w2099334176,https://doi.org/10.1136/ard.2005.045245,,,0,0
https://openalex.org/w2403223472,https://doi.org/10.1080/21548331.1984.11702821,,,0,0
https://openalex.org/w1977042128,https://doi.org/10.1159/000327816,,021-853-019-914-619,0,0
https://openalex.org/w2418566813,,,,0,0
https://openalex.org/w2086246134,https://doi.org/10.2147/pgpm.s4708,,,0,0
https://openalex.org/w2043588375,https://doi.org/10.1007/s00281-012-0328-6,,,0,0
https://openalex.org/w4239077231,https://doi.org/10.1016/j.amjgastroenterol.2003.08.006,,,0,0
https://openalex.org/w1738782024,https://doi.org/10.1038/nature04641,,,0,0
https://openalex.org/w2805530493,https://doi.org/10.1002/art.40576,,,0,0
https://openalex.org/w2094121165,https://doi.org/10.1016/j.autrev.2012.07.017,,,0,0
https://openalex.org/w1980494457,https://doi.org/10.1089/aid.1995.11.731,,,0,0
https://openalex.org/w2331514335,https://doi.org/10.1136/annrheumdis-2012-eular.54,,,0,0
https://openalex.org/w4241643874,https://doi.org/10.1016/j.berh.2008.08.009,,,0,0
https://openalex.org/w2072146314,https://doi.org/10.1586/eop.09.55,,,0,0
https://openalex.org/w2805918782,https://doi.org/10.1007/s00296-018-4063-8,,,0,0
https://openalex.org/w2325892116,https://doi.org/10.1136/annrheumdis-2013-eular.277,,,0,0
https://openalex.org/w2583829127,https://doi.org/10.1111/bjh.14524,,,0,0
https://openalex.org/w1982812572,https://doi.org/10.1093/brain/awg114,,,0,0
https://openalex.org/w2144081036,https://doi.org/10.1016/j.coi.2006.09.014,,,0,0
https://openalex.org/w2116057244,https://doi.org/10.2741/379,,,0,0
https://openalex.org/w2794800271,https://doi.org/10.1136/jnnp-2017-317493,,,0,0
https://openalex.org/w2896491161,https://doi.org/10.1038/s41584-018-0109-2,,,0,0
https://openalex.org/w2769213797,https://doi.org/10.1097/cmr.0000000000000399,,,0,0
https://openalex.org/w2897436929,https://doi.org/10.7417/t.2018.2075,,,0,0
https://openalex.org/w2269904661,https://doi.org/10.1136/thoraxjnl-2015-207245,,,0,0
https://openalex.org/w2430358235,,,,0,0
https://openalex.org/w2625840226,https://doi.org/10.1155/2017/7416792,,,0,0
https://openalex.org/w2063746539,https://doi.org/10.1111/1756-185x.12532,,,0,0
https://openalex.org/w2549295807,https://doi.org/10.1136/annrheumdis-2016-eular.3290,,,0,0
https://openalex.org/w2950266034,https://doi.org/10.1136/annrheumdis-2019-eular.8161,,,0,0
https://openalex.org/w2003681375,https://doi.org/10.1002/art.30183,,,0,0
https://openalex.org/w4289462751,https://doi.org/10.1007/s00125-018-4693-0,,,0,0
https://openalex.org/w2107371074,https://doi.org/10.1093/rheumatology/keq715,,,0,0
https://openalex.org/w1971090469,https://doi.org/10.1136/ard.2010.148999.4,,,0,0
https://openalex.org/w2410921092,https://doi.org/10.1056/nejm198809013190915,,,0,0
https://openalex.org/w2327513256,https://doi.org/10.1097/00002281-200001000-00008,,,0,0
https://openalex.org/w2128746283,https://doi.org/10.1136/ard.2008.087973,,,0,0
https://openalex.org/w2316947339,https://doi.org/10.1016/j.atherosclerosis.2014.05.398,,,0,0
https://openalex.org/w2414443359,,,,0,0
https://openalex.org/w2105060415,https://doi.org/10.1172/jci73166,,,0,0
https://openalex.org/w2051485987,https://doi.org/10.1016/j.jns.2011.11.011,,,0,0
https://openalex.org/w2360810310,https://doi.org/10.1038/cti.2016.26,,,0,0
https://openalex.org/w2395525417,,,,0,0
https://openalex.org/w2012823936,https://doi.org/10.1016/j.clim.2008.07.002,,,0,0
https://openalex.org/w2337201937,https://doi.org/10.1136/annrheumdis-2015-eular.4668,,,0,0
https://openalex.org/w2926902750,https://doi.org/10.3389/fimmu.2019.00665,,,0,0
https://openalex.org/w2168149508,https://doi.org/10.1093/rheumatology/keu020,,,0,0
https://openalex.org/w1987469368,https://doi.org/10.1097/md.0b013e3182380a76,,,0,0
https://openalex.org/w2108964272,https://doi.org/10.1111/j.1610-0387.2008.06651.x,,,0,0
https://openalex.org/w2127459073,https://doi.org/10.1586/17512433.2015.1019343,,,0,0
https://openalex.org/w2011367197,https://doi.org/10.1172/jci116486,,,0,0
https://openalex.org/w2000855716,https://doi.org/10.1038/labinvest.2008.111,,,0,0
https://openalex.org/w2088193202,https://doi.org/10.1016/s0140-6736(14)60285-3,,,0,0
https://openalex.org/w2108494648,https://doi.org/10.2217/17460816.2.1.93,,,0,0
https://openalex.org/w2955831913,https://doi.org/10.1038/s12276-019-0267-6,,,0,1
https://openalex.org/w1994133347,https://doi.org/10.1002/art.23186,,,0,0
https://openalex.org/w1989791234,https://doi.org/10.1016/j.autrev.2012.08.018,,,0,0
https://openalex.org/w2024250385,https://doi.org/10.1016/j.jtv.2013.04.003,,,0,0
https://openalex.org/w2230018632,https://doi.org/10.1136/annrheumdis-2015-208339,,,0,0
https://openalex.org/w1992209662,https://doi.org/10.1136/bcr.01.2011.3740,,,0,0
https://openalex.org/w2754245552,https://doi.org/10.1136/annrheumdis-2017-eular.3735,,,0,0
https://openalex.org/w2020020088,https://doi.org/10.1007/s004150050388,,,0,0
https://openalex.org/w3104416410,https://doi.org/10.1136/annrheumdis-2019-eular.6850,,,0,0
https://openalex.org/w2072959464,https://doi.org/10.1016/j.jaut.2013.04.003,,,1,1
https://openalex.org/w2335982655,https://doi.org/10.1136/annrheumdis-2015-208659,,,1,1
https://openalex.org/w1964358866,https://doi.org/10.1182/blood-2007-07-103523,,,0,0
https://openalex.org/w2068982672,https://doi.org/10.1016/j.jalz.2012.05.1083,,,0,0
https://openalex.org/w2084518230,https://doi.org/10.1517/14712598.2014.864634,,,0,0
https://openalex.org/w1991974278,https://doi.org/10.1517/14728222.10.4.489,,,0,0
https://openalex.org/w2169593238,https://doi.org/10.1634/theoncologist.9-3-259,,,0,0
https://openalex.org/w2582394251,https://doi.org/10.1111/bjh.14488,,058-035-113-852-846,0,0
https://openalex.org/w2507709578,https://doi.org/10.2169/internalmedicine.55.6841,,084-014-420-283-751,0,0
https://openalex.org/w2410416037,https://doi.org/10.1177/135965350400900306,,,0,0
https://openalex.org/w2030305932,https://doi.org/10.1111/j.1365-2133.1992.tb11824.x,,,0,0
https://openalex.org/w2104590104,https://doi.org/10.1136/ard.2011.150326,,,1,1
https://openalex.org/w2059511422,https://doi.org/10.1007/s002770050563,,,0,0
https://openalex.org/w2409585027,,,,0,0
https://openalex.org/w2130919717,https://doi.org/10.2174/138161208786369786,,,0,0
https://openalex.org/w2523068407,https://doi.org/10.2147/oarrr.s112829,,,0,0
https://openalex.org/w1978373414,https://doi.org/10.1016/j.jneuroim.2007.09.011,,,0,0
https://openalex.org/w2061438675,https://doi.org/10.1002/art.38678,,,0,0
https://openalex.org/w2611713468,https://doi.org/10.1089/ars.2016.6981,,,0,0
https://openalex.org/w2896422960,https://doi.org/10.1002/eji.201747416,,,0,0
https://openalex.org/w2123219022,https://doi.org/10.1186/ar4451,,,1,1
https://openalex.org/w2337738440,https://doi.org/10.1136/annrheumdis-2015-eular.3354,,,0,0
https://openalex.org/w2782929501,https://doi.org/10.1126/scitranslmed.aam8458,,,0,0
https://openalex.org/w2528323032,https://doi.org/10.1111/pde.12984,,,0,0
https://openalex.org/w2051510782,https://doi.org/10.1001/archophthalmol.2010.209,,,0,0
https://openalex.org/w2412779157,,,,0,0
https://openalex.org/w2763010101,https://doi.org/10.1016/j.lfs.2017.10.004,,,0,0
https://openalex.org/w1566390138,https://doi.org/10.1111/cei.12206,,,0,0
https://openalex.org/w2170697062,https://doi.org/10.1681/asn.2004100820,,,0,0
https://openalex.org/w2002599289,https://doi.org/10.1093/hmg/ddl469,,,0,0
https://openalex.org/w2910270265,https://doi.org/10.1016/j.clindermatol.2019.01.001,,,0,0
https://openalex.org/w2797309423,https://doi.org/10.1056/nejmoa1802357,,,0,0
https://openalex.org/w2547263324,https://doi.org/10.1016/j.rdc.2016.09.011,,,0,0
https://openalex.org/w4239401855,https://doi.org/10.1159/000321411,,,0,0
https://openalex.org/w1982933619,https://doi.org/10.1007/s10067-010-1566-4,,,0,0
https://openalex.org/w1968218958,https://doi.org/10.3899/jrheum.080418,,,1,1
https://openalex.org/w1892103065,,,,0,0
https://openalex.org/w2170889678,https://doi.org/10.1016/j.jhep.2004.11.025,,,0,0
https://openalex.org/w2976320863,,,,0,0
https://openalex.org/w2148551135,https://doi.org/10.1136/jnnp.2006.091991,,,0,0
https://openalex.org/w2000574740,https://doi.org/10.1038/nri3065,,,0,0
https://openalex.org/w1989504413,https://doi.org/10.1038/jid.2013.496,,,0,0
https://openalex.org/w2140119845,https://doi.org/10.47102/annals-acadmedsg.v38n3p240,,,0,0
https://openalex.org/w1982293034,https://doi.org/10.1097/01.bor.0000145518.91595.2f,,,0,0
https://openalex.org/w2019965289,https://doi.org/10.3389/fimmu.2013.00319,,,0,0
https://openalex.org/w2004996759,https://doi.org/10.1212/01.wnl.0000282011.92098.68,,042-406-503-912-284,0,0
https://openalex.org/w1967196283,https://doi.org/10.1016/s0140-6736(14)60352-4,,,0,0
https://openalex.org/w3134676575,https://doi.org/10.1155/2021/9957569,,,0,1
https://openalex.org/w4236855818,https://doi.org/10.1016/j.jaad.2018.05.1094,,,0,0
https://openalex.org/w2054627147,https://doi.org/10.1111/imr.12035,,,0,0
https://openalex.org/w4298220346,,,,0,0
https://openalex.org/w2146941435,https://doi.org/10.1183/09031936.03.00000603b,,086-703-039-002-996,0,0
https://openalex.org/w2766657951,https://doi.org/10.1111/jop.12656,,,0,0
https://openalex.org/w4253379257,https://doi.org/10.1097/dad.0000000000001163,,,0,0
https://openalex.org/w83317391,,,,0,0
https://openalex.org/w2171097383,https://doi.org/10.1186/ar2710,,,0,0
https://openalex.org/w2322554967,https://doi.org/10.1016/j.cmonc.2012.01.004,,,0,0
https://openalex.org/w2018595175,https://doi.org/10.1136/ejhpharm-2012-000074.450,,,0,0
https://openalex.org/w2471352820,https://doi.org/10.1080/10245332.2001.11746548,,,0,0
https://openalex.org/w1838298571,https://doi.org/10.1159/000439400,,,0,0
https://openalex.org/w4231855363,https://doi.org/10.1111/j.1610-0387.2012.07965.x,,,0,0
https://openalex.org/w2326580260,https://doi.org/10.1136/annrheumdis-2013-eular.1535,,,0,0
https://openalex.org/w2122760156,https://doi.org/10.1146/annurev.immunol.22.012703.104549,,,0,0
https://openalex.org/w2057237586,https://doi.org/10.1016/s1074-7613(00)80256-3,,009-838-388-322-264,0,0
https://openalex.org/w2130449325,https://doi.org/10.1086/521373,,,0,0
https://openalex.org/w2038272828,https://doi.org/10.2174/157339706776876080,,,0,0
https://openalex.org/w2949133632,https://doi.org/10.1136/annrheumdis-2019-eular.3409,,,0,0
https://openalex.org/w2084718555,https://doi.org/10.1016/s0168-8278(02)00261-1,,,0,0
https://openalex.org/w2103532849,https://doi.org/10.4049/jimmunol.1100857,,,0,0
https://openalex.org/w2951933714,https://doi.org/10.1136/annrheumdis-2019-eular.959,,,0,0
https://openalex.org/w151347936,,,,0,1
https://openalex.org/w2328261256,https://doi.org/10.1016/j.cyto.2010.07.185,,,0,0
https://openalex.org/w2462036643,https://doi.org/10.1016/j.rdc.2016.03.003,,,0,0
https://openalex.org/w2026720490,https://doi.org/10.2165/11531980-000000000-00000,,,0,0
https://openalex.org/w4313359182,https://doi.org/10.4049/jimmunol.200.supp.40.12,,,0,0
https://openalex.org/w2074474415,https://doi.org/10.3899/jrheum.101004,,,0,0
https://openalex.org/w2317491714,https://doi.org/10.1016/s1590-8658(14)60211-5,,,0,0
https://openalex.org/w2130657245,https://doi.org/10.1136/jnnp.60.6.661,,,0,0
https://openalex.org/w2081555887,https://doi.org/10.3109/08820539609067463,,,0,0
https://openalex.org/w2150606903,,,,0,0
https://openalex.org/w2086289772,https://doi.org/10.1007/s00431-013-2093-5,,,0,0
https://openalex.org/w1584408451,https://doi.org/10.1002/14651858.cd010404.pub2,,,0,0
https://openalex.org/w2014806983,https://doi.org/10.1002/art.24531,,,0,0
https://openalex.org/w2152679510,https://doi.org/10.1016/j.autrev.2013.07.006,,,0,0
https://openalex.org/w2165494327,https://doi.org/10.1007/s00417-010-1485-8,,,0,0
https://openalex.org/w2323749355,https://doi.org/10.1164/ajrccm-conference.2010.181.1_meetingabstracts.a3908,,,0,0
https://openalex.org/w2068809175,https://doi.org/10.3389/fmicb.2014.00146,,094-299-636-504-458,0,0
https://openalex.org/w1975096569,https://doi.org/10.1016/j.autrev.2009.08.006,,,0,0
https://openalex.org/w2543945530,https://doi.org/10.4238/gmr15048008,,,0,0
https://openalex.org/w2060596530,https://doi.org/10.1371/journal.pone.0125109,,,1,1
https://openalex.org/w2805699588,https://doi.org/10.1007/s10787-018-0499-4,,,0,0
https://openalex.org/w2106636464,https://doi.org/10.1136/bjo.80.3.252,,,0,0
https://openalex.org/w2119967471,https://doi.org/10.1177/0961203310374486,,,0,0
https://openalex.org/w1973044265,https://doi.org/10.1007/bf02206672,,,0,0
https://openalex.org/w1985808254,https://doi.org/10.1016/j.transproceed.2007.07.013,,,0,0
https://openalex.org/w2749590459,https://doi.org/10.1016/j.rdc.2017.06.003,,,0,0
https://openalex.org/w1988808948,https://doi.org/10.1016/j.cyto.2009.07.492,,,0,0
https://openalex.org/w1995739572,https://doi.org/10.1159/000204086,,,0,0
https://openalex.org/w2397905588,,,,0,0
https://openalex.org/w2090526949,https://doi.org/10.1097/00000441-199405000-00009,,,0,0
https://openalex.org/w2258953806,https://doi.org/10.2147/dddt.s82599,,,0,0
https://openalex.org/w2172036797,https://doi.org/10.1007/s00018-015-2005-0,,,0,0
https://openalex.org/w2072586172,https://doi.org/10.1002/art.33356,,,0,0
https://openalex.org/w2965547543,https://doi.org/10.1016/j.jhep.2019.07.021,,,0,0
https://openalex.org/w1968789521,https://doi.org/10.1002/jat.1310,,,0,0
https://openalex.org/w2969830288,https://doi.org/10.3390/cells8090963,,,0,0
https://openalex.org/w2045958040,https://doi.org/10.1007/s11901-006-0022-z,,,0,0
https://openalex.org/w2431601436,,,,0,0
https://openalex.org/w2416973091,https://doi.org/10.1136/annrheumdis-2015-eular.3415,,,0,0
https://openalex.org/w2070811352,https://doi.org/10.1097/bor.0b013e328363eba3,,,0,0
https://openalex.org/w2100267148,https://doi.org/10.1093/rheumatology/kel047,,,0,0
https://openalex.org/w2066373011,https://doi.org/10.1007/bf00921954,,,0,0
https://openalex.org/w2502187804,https://doi.org/10.1016/j.jdermsci.2016.07.001,,,0,0
https://openalex.org/w1994970711,https://doi.org/10.2174/1381612033454991,,,0,0
https://openalex.org/w2034658724,https://doi.org/10.1586/1744666x.2014.902575,,,0,0
https://openalex.org/w2973216688,,,,0,0
https://openalex.org/w1967940012,https://doi.org/10.2165/00044011-200323090-00009,,,0,0
https://openalex.org/w307850013,,,,0,0
https://openalex.org/w4244583999,https://doi.org/10.1136/ard.2008.100834,,,0,0
https://openalex.org/w160934395,,,,0,0
https://openalex.org/w1980423981,https://doi.org/10.1097/00042737-200012010-00013,,,0,0
https://openalex.org/w4243961736,https://doi.org/10.1002/eji.200990184,,,0,0
https://openalex.org/w2008462446,https://doi.org/10.1038/nrrheum.2012.142,,,0,0
https://openalex.org/w1624447595,https://doi.org/10.1111/tan.12349,,,0,0
https://openalex.org/w4236712677,https://doi.org/10.1186/s12969-017-0143-7,,,0,0
https://openalex.org/w2315424933,https://doi.org/10.1136/annrheumdis-2015-207259.41,,,0,0
https://openalex.org/w2913502100,https://doi.org/10.2147/dddt.s166092,,,0,0
https://openalex.org/w1981363999,https://doi.org/10.1016/j.cyto.2009.07.412,,,0,0
https://openalex.org/w2086809090,https://doi.org/10.1016/j.jneuroim.2014.08.168,,,0,0
https://openalex.org/w2023650599,https://doi.org/10.1177/1759720x11424459,,,0,0
https://openalex.org/w149641054,,,,0,0
https://openalex.org/w2148363750,https://doi.org/10.2217/bmm.12.15,,097-779-817-130-995,0,0
https://openalex.org/w2755944365,https://doi.org/10.1136/annrheumdis-2017-eular.5961,,,0,0
https://openalex.org/w2107475464,https://doi.org/10.1016/j.det.2008.05.007,,,0,0
https://openalex.org/w4234744069,https://doi.org/10.1016/j.idc.2010.07.001,,,0,0
https://openalex.org/w2088636693,https://doi.org/10.1097/icu.0b013e3283126d20,,,0,0
https://openalex.org/w2145003031,https://doi.org/10.1007/s11892-010-0138-y,,,0,0
https://openalex.org/w4233383714,https://doi.org/10.1210/en.136.12.5445,,,0,0
https://openalex.org/w2009270106,https://doi.org/10.1111/j.1365-2567.2008.02850.x,,,0,0
https://openalex.org/w2104546854,https://doi.org/10.1136/ard.2007.083360,,,0,0
https://openalex.org/w2092730252,https://doi.org/10.1016/j.coph.2013.05.007,,,0,0
https://openalex.org/w2108408152,https://doi.org/10.1002/art.22954,,,0,0
https://openalex.org/w2162499472,https://doi.org/10.1177/106002809603000111,,,0,0
https://openalex.org/w2951750178,https://doi.org/10.1136/annrheumdis-2019-eular.7625,,,0,0
https://openalex.org/w2312657731,https://doi.org/10.1016/j.cyto.2016.03.015,,,0,0
https://openalex.org/w2114871391,https://doi.org/10.4049/jimmunol.174.5.2974,,,0,0
https://openalex.org/w2084228797,https://doi.org/10.1016/j.hoc.2012.02.006,,,0,0
https://openalex.org/w48444347,,,,0,0
https://openalex.org/w2075351740,https://doi.org/10.1007/s12016-009-8148-8,,,0,0
https://openalex.org/w2133783584,https://doi.org/10.1016/j.jaad.2009.05.002,,,0,0
https://openalex.org/w2064081517,https://doi.org/10.1007/s10067-014-2585-3,,,0,0
https://openalex.org/w2114262149,https://doi.org/10.1186/ar3425,,,0,0
https://openalex.org/w2075283457,https://doi.org/10.1086/428480,,,0,0
https://openalex.org/w2464637091,https://doi.org/10.1007/978-1-4615-0171-8_3,,,0,0
https://openalex.org/w2010210748,https://doi.org/10.1007/s10238-014-0328-z,,,0,0
https://openalex.org/w2418109314,,,,0,0
https://openalex.org/w2961373581,https://doi.org/10.1126/sciadv.aav9019,,,0,0
https://openalex.org/w2028577331,https://doi.org/10.3999/jscpt.35.4_181,,,0,0
https://openalex.org/w1896244846,https://doi.org/10.1186/s13075-015-0678-2,,,0,0
https://openalex.org/w2058320745,https://doi.org/10.1034/j.1600-0420.2001.079002192.x,,,0,0
https://openalex.org/w2113682734,https://doi.org/10.1016/s0190-9622(94)70226-8,,,0,0
https://openalex.org/w1779506118,https://doi.org/10.1080/08916930600622256,,,0,0
https://openalex.org/w1989065194,https://doi.org/10.1111/cei.12167,,,0,0
https://openalex.org/w2943702079,https://doi.org/10.1590/1806-9282.65.4.554,,,0,0
https://openalex.org/w2107941546,https://doi.org/10.1016/s1474-4422(07)70216-8,,,0,0
https://openalex.org/w2063454635,https://doi.org/10.1038/bjc.1995.542,,,0,0
https://openalex.org/w2318003275,https://doi.org/10.1089/jir.1994.14.105,,,0,0
https://openalex.org/w2081064584,https://doi.org/10.1016/j.immuni.2012.02.003,,,0,0
https://openalex.org/w1998450916,https://doi.org/10.1016/j.bjoms.2007.07.201,,,0,0
https://openalex.org/w2036141529,https://doi.org/10.1097/00002281-199509000-00011,,,0,0
https://openalex.org/w1964338355,https://doi.org/10.1517/14740330903066726,,,0,0
https://openalex.org/w2060353721,https://doi.org/10.1016/j.cyto.2009.07.391,,,0,0
https://openalex.org/w2168850797,https://doi.org/10.1016/j.cytogfr.2008.04.009,,,0,0
https://openalex.org/w1463327727,,,,0,0
https://openalex.org/w2156242851,https://doi.org/10.1634/theoncologist.2009-0178,,,0,0
https://openalex.org/w2819174699,,,,0,0
https://openalex.org/w2004836091,https://doi.org/10.1007/s13317-010-0005-5,,,0,0
https://openalex.org/w2047089373,https://doi.org/10.1053/shem.2003.50038,,,0,0
https://openalex.org/w2546931104,https://doi.org/10.3389/fimmu.2016.00461,,,0,0
https://openalex.org/w2916072305,https://doi.org/10.1007/s11926-019-0810-4,,,0,0
https://openalex.org/w1976373964,https://doi.org/10.1038/gene.2011.61,,,1,1
https://openalex.org/w1976380722,https://doi.org/10.1007/s12016-013-8386-7,,,0,0
https://openalex.org/w1936831457,https://doi.org/10.1080/08916930701619136,,105-702-275-266-988,0,0
https://openalex.org/w2809707834,https://doi.org/10.1016/j.freeradbiomed.2018.06.011,,,0,0
https://openalex.org/w2082325209,https://doi.org/10.1097/00002371-199705000-00006,,,0,0
https://openalex.org/w4235589384,https://doi.org/10.1007/s12072-016-9783-9,,,0,0
https://openalex.org/w1971300759,https://doi.org/10.1517/14712598.5.9.1255,,,0,0
https://openalex.org/w1937560614,https://doi.org/10.1200/jco.1986.4.2.234,,,0,0
https://openalex.org/w1991603735,https://doi.org/10.2217/1745509x.5.1.7,,,0,0
https://openalex.org/w2085563465,https://doi.org/10.1016/j.jaci.2005.11.002,,,0,0
https://openalex.org/w2157867548,https://doi.org/10.1186/ar4499,,,1,1
https://openalex.org/w2897500237,https://doi.org/10.2174/1874312901812010201,,,0,0
https://openalex.org/w2587259571,https://doi.org/10.1016/j.gene.2017.02.003,,,0,0
https://openalex.org/w2910027342,https://doi.org/10.1136/annrheumdis-2018-eular.3410,,,0,0
https://openalex.org/w2017837278,https://doi.org/10.1016/j.hoc.2009.11.001,,,0,0
https://openalex.org/w2576905928,https://doi.org/10.1016/j.leukres.2017.01.005,,,0,0
https://openalex.org/w2377266635,https://doi.org/10.1007/s11864-005-0008-z,,,0,0
https://openalex.org/w2030668858,https://doi.org/10.1038/nrrheum.2010.156,,,0,0
https://openalex.org/w1964704186,https://doi.org/10.1053/berh.2000.0089,,,0,0
https://openalex.org/w2128685489,https://doi.org/10.1136/gut.2006.092064,,,0,0
https://openalex.org/w2064790850,https://doi.org/10.1080/09273940802491868,,,0,0
https://openalex.org/w4251645486,https://doi.org/10.1097/00019052-200212000-00006,,,0,0
https://openalex.org/w1587839559,,,,0,0
https://openalex.org/w2964274812,https://doi.org/10.4049/jimmunol.1900427,,,0,0
https://openalex.org/w81902952,https://doi.org/10.6084/m9.figshare.97654.v1,,,0,0
https://openalex.org/w1490802705,https://doi.org/10.1016/s0065-2776(06)91004-9,,,0,0
https://openalex.org/w2154260547,https://doi.org/10.3892/ijmm_00000029,,,0,0
https://openalex.org/w4213139808,https://doi.org/10.1089/bfm.2019.29135.abstracts,,,0,0
https://openalex.org/w2344284084,https://doi.org/10.1186/s40478-016-0308-5,,,0,1
https://openalex.org/w2087518119,https://doi.org/10.1517/14712598.3.5.733,,,0,0
https://openalex.org/w2314295705,https://doi.org/10.1136/annrheumdis-2014-eular.3969,,,0,0
https://openalex.org/w2753432205,https://doi.org/10.23736/s0392-0488.17.05727-3,,,0,0
https://openalex.org/w2910029545,https://doi.org/10.1016/j.autrev.2018.10.002,,,0,0
https://openalex.org/w2414546283,,,,0,0
https://openalex.org/w2556534988,https://doi.org/10.1016/j.coi.2016.10.006,,,0,0
https://openalex.org/w3206164357,,,,0,0
https://openalex.org/w2013082851,https://doi.org/10.1517/14656566.2.9.1415,,,0,0
https://openalex.org/w1998233242,https://doi.org/10.1016/j.rdc.2004.01.007,,,0,0
https://openalex.org/w2024183363,https://doi.org/10.3816/clm.2005.n.019,,,0,0
https://openalex.org/w2329639348,https://doi.org/10.1136/annrheumdis-2016-209124.172,,,0,0
https://openalex.org/w2094539145,https://doi.org/10.1007/s00277-004-0910-7,,,0,0
https://openalex.org/w2324116468,https://doi.org/10.1084/jem.20151724,,,0,0
https://openalex.org/w1966874993,https://doi.org/10.1093/clinids/20.4.1010,,,0,0
https://openalex.org/w1964308387,https://doi.org/10.1016/s0190-9622(99)70538-4,,,0,0
https://openalex.org/w2296843867,https://doi.org/10.1177/1352458515602639,,,0,0
https://openalex.org/w2000471297,https://doi.org/10.1007/s00417-006-0346-y,,,0,0
https://openalex.org/w2982278411,,,,0,0
https://openalex.org/w2241843895,https://doi.org/10.1002/hep.24666,,,0,0
https://openalex.org/w2030210766,https://doi.org/10.1016/j.intimp.2014.07.001,,,0,0
https://openalex.org/w2153188686,https://doi.org/10.1093/rheumatology/36.9.1005,,,0,0
https://openalex.org/w1542814291,,,,0,0
https://openalex.org/w2014401425,https://doi.org/10.2169/internalmedicine.46.6328,,,0,0
https://openalex.org/w1648412138,https://doi.org/10.1016/j.phymed.2015.08.004,,,0,0
https://openalex.org/w2127222886,https://doi.org/10.1161/circulationaha.106.642801,,,0,0
https://openalex.org/w2113388205,https://doi.org/10.1093/rheumatology/ken083,,,0,0
https://openalex.org/w2740576013,https://doi.org/10.1136/annrheumdis-2017-211555,,,0,0
https://openalex.org/w1989327677,https://doi.org/10.1007/s00296-010-1447-9,,,0,0
https://openalex.org/w2517790555,https://doi.org/10.1016/j.jid.2016.06.386,,,0,0
https://openalex.org/w2325681083,https://doi.org/10.1136/annrheumdis-2013-eular.364,,,0,0
https://openalex.org/w1976239804,https://doi.org/10.1016/j.clim.2012.04.006,,,0,0
https://openalex.org/w2056991869,https://doi.org/10.1155/2015/487230,,,0,0
https://openalex.org/w1974283678,https://doi.org/10.1517/14712598.6.9.923,,,0,0
https://openalex.org/w1976244025,https://doi.org/10.1056/nejmct071828,,,0,0
https://openalex.org/w2080549619,https://doi.org/10.1136/ard.2010.144485,,,1,1
https://openalex.org/w2100618338,https://doi.org/10.1136/ard.2010.137349,,,0,0
https://openalex.org/w2094117647,https://doi.org/10.1111/j.1365-2133.2007.07975.x,,,0,0
https://openalex.org/w2170150417,https://doi.org/10.3109/08916930903510914,,,0,0
https://openalex.org/w2064650635,https://doi.org/10.1056/nejmra1208642,,035-546-462-280-022,0,0
https://openalex.org/w2923885283,https://doi.org/10.3390/v11030290,,,0,0
https://openalex.org/w2654453124,https://doi.org/10.1007/s13311-017-0548-5,,,0,0
https://openalex.org/w1970915413,https://doi.org/10.2217/imt.13.66,,,0,0
https://openalex.org/w1970897917,https://doi.org/10.1016/s0300-483x(96)03591-3,,,0,0
https://openalex.org/w4250786926,https://doi.org/10.1136/annrheumdis-2013-eular.458,,,0,0
https://openalex.org/w2084828924,https://doi.org/10.1097/00002281-200007000-00011,,,0,0
https://openalex.org/w2080311291,https://doi.org/10.2165/00002512-200825100-00002,,,0,0
https://openalex.org/w2338263211,https://doi.org/10.1002/art.39706,,,0,0
https://openalex.org/w2585324319,,,,0,0
https://openalex.org/w2423149729,,,,0,0
https://openalex.org/w2087825633,https://doi.org/10.2174/187221311794474874,,,0,0
https://openalex.org/w2184528637,https://doi.org/10.1002/art.39398,,,0,0
https://openalex.org/w111451937,,,,0,0
https://openalex.org/w2019312147,https://doi.org/10.1016/j.jneuroim.2010.05.014,,,0,0
https://openalex.org/w2139445899,https://doi.org/10.1111/j.1365-4632.2011.05245.x,,,0,0
https://openalex.org/w2026506549,https://doi.org/10.1002/art.22860,,,0,0
https://openalex.org/w2154559033,https://doi.org/10.1080/03009740310003785,,014-891-901-340-644,0,0
https://openalex.org/w2117616342,https://doi.org/10.1097/01.asn.0000131523.17045.56,,,0,0
https://openalex.org/w2082603931,https://doi.org/10.1111/cen3.12071,,,0,0
https://openalex.org/w2574237859,https://doi.org/10.1182/blood.v118.21.131.131,,,0,0
https://openalex.org/w2601897680,https://doi.org/10.12688/f1000research.10583.1,,,0,0
https://openalex.org/w4254940448,https://doi.org/10.1016/j.semarthrit.2003.09.013,,,0,0
https://openalex.org/w2772654585,https://doi.org/10.22088/cjim.8.4.321,,,0,0
https://openalex.org/w2036448624,https://doi.org/10.1136/annrheumdis-2013-eular.2363,,,0,0
https://openalex.org/w2287129380,https://doi.org/10.1016/j.coi.2013.10.014,,,0,0
https://openalex.org/w4242909368,https://doi.org/10.1007/s00393-012-1050-4,,,0,0
https://openalex.org/w2097865005,https://doi.org/10.1186/ar4420,,,0,0
https://openalex.org/w1967243717,https://doi.org/10.1111/j.1572-0241.2005.41716.x,,,0,0
https://openalex.org/w2002119607,https://doi.org/10.1007/s10067-005-0070-8,,,0,0
https://openalex.org/w4211185157,https://doi.org/10.1016/s0140-6736(11)60242-0,,,0,0
https://openalex.org/w2508455664,https://doi.org/10.1155/2016/7862962,,,0,0
https://openalex.org/w2065238301,https://doi.org/10.1055/s-2007-1001885,,,0,0
https://openalex.org/w2896159325,https://doi.org/10.1371/journal.pone.0206073,,,0,0
https://openalex.org/w2002492610,https://doi.org/10.1016/s0002-9343(03)00390-5,,,0,0
https://openalex.org/w4242303571,https://doi.org/10.1097/00006454-200110000-00015,,,0,0
https://openalex.org/w1963776491,https://doi.org/10.1016/j.trre.2007.09.003,,,0,0
https://openalex.org/w2150792818,https://doi.org/10.1136/ard.2011.150284,,,0,0
https://openalex.org/w2412281450,https://doi.org/10.4238/2015.may.18.21,,,0,0
https://openalex.org/w142635365,https://doi.org/10.1007/0-306-48382-3_105,,028-134-884-921-489,0,0
https://openalex.org/w2085498809,https://doi.org/10.1016/s0889-8588(03)00109-6,,,0,0
https://openalex.org/w2086256043,https://doi.org/10.1097/01.cmr.0000215042.53683.40,,,0,0
https://openalex.org/w1980010384,https://doi.org/10.1016/j.berh.2009.02.004,,,0,0
https://openalex.org/w1932715562,https://doi.org/10.1007/978-3-540-73677-6_14,,,0,0
https://openalex.org/w2155276613,https://doi.org/10.1136/jclinpath-2014-202493,,,0,0
https://openalex.org/w1989557293,https://doi.org/10.1055/s-2003-37585,,,0,0
https://openalex.org/w2755440377,https://doi.org/10.1136/annrheumdis-2017-eular.6925,,,0,0
https://openalex.org/w2026090406,https://doi.org/10.1136/annrheumdis-2011-201232.6,,,0,0
https://openalex.org/w1572750935,https://doi.org/10.1016/j.rdc.2015.04.004,,,0,0
https://openalex.org/w2125055556,https://doi.org/10.2332/allergolint.14-rai-0801,,,0,0
https://openalex.org/w2120630307,https://doi.org/10.1002/art.39248,,,0,1
https://openalex.org/w2000571992,https://doi.org/10.1002/art.22500,,,0,0
https://openalex.org/w2954519661,https://doi.org/10.17179/excli2019-1271,,,0,0
https://openalex.org/w2323162853,https://doi.org/10.1136/annrheumdis-2014-eular.1053,,,0,0
https://openalex.org/w2113354190,https://doi.org/10.1186/ar3917,,,0,0
https://openalex.org/w2100028938,https://doi.org/10.1155/2012/502156,,,0,0
https://openalex.org/w2143641481,https://doi.org/10.1111/j.1365-2893.2005.00636.x,,,0,0
https://openalex.org/w2056338293,https://doi.org/10.1016/j.cyto.2011.07.092,,,0,0
https://openalex.org/w2003487816,https://doi.org/10.1038/eye.2011.255,,,0,0
https://openalex.org/w2157869241,https://doi.org/10.4049/jimmunol.178.11.6876,,,0,0
https://openalex.org/w1494839184,https://doi.org/10.1002/art.38038,,,1,1
https://openalex.org/w2014165746,https://doi.org/10.2174/1871523011107020073,,,0,0
https://openalex.org/w1982424156,https://doi.org/10.1016/j.cytogfr.2013.07.001,,,0,0
https://openalex.org/w2206533248,https://doi.org/10.1016/s0079-6123(08)63850-9,,,0,0
https://openalex.org/w2958304530,https://doi.org/10.3988/jcn.2019.15.3.407,,,0,0
https://openalex.org/w1543758679,https://doi.org/10.1111/j.1445-5994.2009.01952.x,,,0,0
https://openalex.org/w2039303965,https://doi.org/10.3109/00365548.2012.720026,,,0,0
https://openalex.org/w2034041324,https://doi.org/10.1016/j.clim.2014.01.006,,,0,0
https://openalex.org/w4290977705,,,,0,0
https://openalex.org/w2055089451,https://doi.org/10.1016/s0973-3698(12)60032-6,,,0,0
https://openalex.org/w2733207772,https://doi.org/10.1038/nrrheum.2017.109,,,0,0
https://openalex.org/w252033410,https://doi.org/10.3851/imp2660,,,0,0
https://openalex.org/w2009901763,https://doi.org/10.1212/01.wnl.0000335930.18776.47,,,0,0
https://openalex.org/w2734803775,https://doi.org/10.1186/s13023-017-0681-6,,,0,0
https://openalex.org/w2610498877,https://doi.org/10.18632/oncotarget.17586,,,0,0
https://openalex.org/w2557123659,https://doi.org/10.3928/23258160-20161031-11,,,0,0
https://openalex.org/w1970283103,https://doi.org/10.1016/j.cyto.2011.07.072,,,0,0
https://openalex.org/w2090814129,https://doi.org/10.4161/mabs.2.6.13270,,,0,0
https://openalex.org/w1585308766,https://doi.org/10.1111/j.1525-1497.2004.30057.x,,,0,0
https://openalex.org/w2734775567,https://doi.org/10.1016/j.rdc.2017.04.005,,,0,0
https://openalex.org/w2011944029,https://doi.org/10.1007/s11481-013-9462-8,,,0,0
https://openalex.org/w2074661496,https://doi.org/10.1002/cncr.22901,,,0,0
https://openalex.org/w2030615083,https://doi.org/10.1046/j.1440-1746.2003.03324.x,,,0,0
https://openalex.org/w2067670797,https://doi.org/10.1186/ar3014,,,0,0
https://openalex.org/w1987799551,https://doi.org/10.1016/j.autrev.2011.08.006,,,0,0
https://openalex.org/w2179862011,https://doi.org/10.1016/j.semnephrol.2015.08.002,,,0,0
https://openalex.org/w2146489296,,,,0,0
https://openalex.org/w2795290067,https://doi.org/10.1002/eji.201747213,,,0,0
https://openalex.org/w4206005722,https://doi.org/10.1016/j.cll.2017.01.008,,,0,0
https://openalex.org/w2022513732,https://doi.org/10.1093/qjmed/hcm052,,,0,0
https://openalex.org/w2090490216,https://doi.org/10.1016/s1542-0124(11)70005-2,,,0,0
https://openalex.org/w2039552263,https://doi.org/10.1093/qjmed/hcl005,,,0,0
https://openalex.org/w1963562672,https://doi.org/10.1002/ajh.20423,,,0,0
https://openalex.org/w2397029545,,,,0,0
https://openalex.org/w4292354168,https://doi.org/10.1111/j.1756-185x.2010.01487.x,,,0,0
https://openalex.org/w2157200816,https://doi.org/10.1186/1479-5876-12-19,,,0,0
https://openalex.org/w2939381881,https://doi.org/10.1084/jem.20190185,,,0,0
https://openalex.org/w2187431776,,,,0,0
https://openalex.org/w2116738454,https://doi.org/10.3389/fimmu.2013.00298,,,0,0
https://openalex.org/w2021812299,https://doi.org/10.1016/j.jtcvs.2011.08.036,,,0,0
https://openalex.org/w2971715378,https://doi.org/10.3389/fimmu.2019.02241,,,0,0
https://openalex.org/w2015283493,https://doi.org/10.1016/s0966-842x(01)02097-2,,,0,0
https://openalex.org/w2799806729,https://doi.org/10.1111/evj.12843,,,0,0
https://openalex.org/w2926565403,https://doi.org/10.22207/jpam.13.1.19,,,0,0
https://openalex.org/w2795927640,https://doi.org/10.1007/7854_2018_45,,,0,0
https://openalex.org/w2074846553,https://doi.org/10.1586/eop.10.77,,,0,0
https://openalex.org/w1968266366,https://doi.org/10.1007/bf02828280,,,0,0
https://openalex.org/w2055636124,https://doi.org/10.1111/j.1365-4362.1996.tb01671.x,,,0,0
https://openalex.org/w2604898275,https://doi.org/10.1111/cei.12966,,,0,0
https://openalex.org/w1981541420,https://doi.org/10.1016/j.jfma.2014.09.001,,,0,0
https://openalex.org/w2104720628,https://doi.org/10.2169/internalmedicine.53.1081,,,0,0
https://openalex.org/w2960524013,https://doi.org/10.1016/j.cyto.2019.154781,,,0,0
https://openalex.org/w1993674320,https://doi.org/10.1093/rheumatology/keu249,,,0,0
https://openalex.org/w2066883715,https://doi.org/10.1167/iovs.14-15030,,,0,0
https://openalex.org/w2770098230,https://doi.org/10.3892/etm.2017.5556,,,1,1
https://openalex.org/w1997766792,https://doi.org/10.1007/s002960050103,,,0,0
https://openalex.org/w2472716744,https://doi.org/10.1093/rheumatology/kew268,,,0,0
https://openalex.org/w2073911487,https://doi.org/10.1159/000135622,,,0,0
https://openalex.org/w2042500787,https://doi.org/10.1517/13543784.10.7.1255,,,0,0
https://openalex.org/w2080083579,https://doi.org/10.1111/j.1749-6632.2009.05069.x,,,0,0
https://openalex.org/w35789919,,,,0,0
https://openalex.org/w2910537005,https://doi.org/10.1111/pde.13738,,,0,0
https://openalex.org/w2901272797,https://doi.org/10.1155/2018/9084759,,,0,0
https://openalex.org/w2191550991,https://doi.org/10.1111/bcp.12864,,,0,0
https://openalex.org/w2036603469,https://doi.org/10.1016/s1590-8658(13)60101-2,,,0,0
https://openalex.org/w2046958946,https://doi.org/10.1002/art.23486,,,0,0
https://openalex.org/w2977540355,,,,0,0
https://openalex.org/w2573995594,https://doi.org/10.1016/j.cellimm.2017.01.008,,,0,0
https://openalex.org/w44051636,https://doi.org/10.2165/00002018-200427010-00002,,,0,0
https://openalex.org/w1970652156,https://doi.org/10.1007/s12016-009-8155-9,,,0,0
https://openalex.org/w4299426765,,,,0,0
https://openalex.org/w2112100378,https://doi.org/10.1158/1078-0432.ccr-07-1443,,,0,0
https://openalex.org/w1982619970,https://doi.org/10.1111/j.1365-4632.2009.04111.x,,,0,0
https://openalex.org/w177166390,https://doi.org/10.1016/s0278-5846(01)00324-4,,,0,0
https://openalex.org/w2099486647,https://doi.org/10.1053/berh.2001.0224,,,0,0
https://openalex.org/w2041265898,https://doi.org/10.1002/j.2055-2335.2009.tb00437.x,,,0,0
https://openalex.org/w2140172658,https://doi.org/10.1111/j.1749-6632.2009.05382.x,,,0,0
https://openalex.org/w2007397437,https://doi.org/10.1016/j.jbspin.2007.12.010,,,0,0
https://openalex.org/w4302411897,https://doi.org/10.1111/j.1365-2567.2010.03390.x,,,0,0
https://openalex.org/w1978753079,https://doi.org/10.1016/j.jim.2012.07.024,,,0,0
https://openalex.org/w2265742996,https://doi.org/10.3109/08820139.2015.1093912,,,0,0
https://openalex.org/w2024283671,https://doi.org/10.1177/0897190004268869,,,0,0
https://openalex.org/w1964312033,https://doi.org/10.1177/0961203314523869,,,0,0
https://openalex.org/w2123732274,https://doi.org/10.1002/eji.200737711,,,0,0
https://openalex.org/w4214902046,https://doi.org/10.1007/s00393-013-1255-1,,,0,0
https://openalex.org/w2138960096,https://doi.org/10.1038/ncprheum0802,,,0,0
https://openalex.org/w2073229810,https://doi.org/10.1002/jgm.508,,,0,0
https://openalex.org/w2329980473,https://doi.org/10.1136/annrheumdis-2014-eular.4536,,,0,0
https://openalex.org/w2218967351,,,,0,0
https://openalex.org/w1981699740,https://doi.org/10.1136/jnnp.56.5.433,,,0,0
https://openalex.org/w2336598127,,,,0,0
https://openalex.org/w2141878415,https://doi.org/10.1196/annals.1361.053,,,0,0
https://openalex.org/w2036957686,https://doi.org/10.1016/j.ejim.2011.11.001,,,0,0
https://openalex.org/w1692255419,https://doi.org/10.1016/j.cyto.2015.08.015,,,0,0
https://openalex.org/w2171524221,https://doi.org/10.1684/ecn.2007.0093,,,0,0
https://openalex.org/w2086737794,https://doi.org/10.1093/eurheartj/eht309.3409,,,0,0
https://openalex.org/w2075579086,https://doi.org/10.1177/096120339500400505,,,0,0
https://openalex.org/w2514488813,https://doi.org/10.1111/bjd.15006,,,1,1
https://openalex.org/w2097121543,https://doi.org/10.1111/j.1469-8749.2008.02062.x,,,0,0
https://openalex.org/w2133779525,https://doi.org/10.1016/j.immuni.2006.08.010,,,0,0
https://openalex.org/w2418687771,,,,0,0
https://openalex.org/w2011372082,https://doi.org/10.2459/jcm.0000000000000109,,,0,0
https://openalex.org/w2149857280,https://doi.org/10.1093/ndt/gfu213,,,0,0
https://openalex.org/w2072760289,https://doi.org/10.1034/j.1398-9995.2000.00116.x,,,0,0
https://openalex.org/w1817488530,https://doi.org/10.1186/1546-0096-13-s1-p12,,,0,0
https://openalex.org/w2045195833,https://doi.org/10.2174/1381612054367562,,,0,0
https://openalex.org/w1990014132,https://doi.org/10.1038/sj.gene.6364438,,,0,0
https://openalex.org/w2116298078,https://doi.org/10.3324/haematol.2009.010629,,,0,0
https://openalex.org/w2969215868,https://doi.org/10.1002/acr2.11073,,,1,1
https://openalex.org/w2051037450,https://doi.org/10.1097/01.bor.0000179942.27777.f8,,,0,0
https://openalex.org/w2067660406,https://doi.org/10.1016/j.autrev.2010.11.004,,,0,0
https://openalex.org/w2270670296,https://doi.org/10.1038/nrrheum.2015.171,,,0,0
https://openalex.org/w2139081105,https://doi.org/10.1016/s0190-9622(96)90350-3,,,0,0
https://openalex.org/w1971510918,https://doi.org/10.1016/j.pcl.2005.01.004,,,0,0
https://openalex.org/w1982819380,https://doi.org/10.1371/journal.pone.0026938,,,0,0
https://openalex.org/w2789239266,https://doi.org/10.3389/fimmu.2017.01992,,,0,0
https://openalex.org/w2063829011,https://doi.org/10.1002/ajh.2830300415,,,0,0
https://openalex.org/w2153971935,https://doi.org/10.1016/j.jaad.2005.05.043,,,0,0
https://openalex.org/w2464266585,https://doi.org/10.1007/s12026-016-8834-6,,,0,0
https://openalex.org/w206403293,,,,0,0
https://openalex.org/w2158250741,https://doi.org/10.1111/j.1749-6632.2009.05159.x,,,0,0
https://openalex.org/w2033903988,https://doi.org/10.1371/journal.pone.0029161,,,0,1
https://openalex.org/w1981265153,https://doi.org/10.1002/art.1780390613,,,0,0
https://openalex.org/w2035595376,https://doi.org/10.1159/000018427,,,0,0
https://openalex.org/w1850349535,,,,0,0
https://openalex.org/w2143190437,https://doi.org/10.1136/ard.2007.080432,,,0,0
https://openalex.org/w2097427335,https://doi.org/10.1177/0961203307088250,,,0,0
https://openalex.org/w2030320984,https://doi.org/10.1172/jci78082,,,0,0
https://openalex.org/w1979562675,https://doi.org/10.1046/j.1365-2893.2000.00245.x,,,0,0
https://openalex.org/w2946372486,https://doi.org/10.1038/s41467-019-10242-9,,,0,0
https://openalex.org/w2133797934,https://doi.org/10.1001/archneurol.2012.283,,,0,0
https://openalex.org/w4233533250,https://doi.org/10.1155/2010/580197,,,0,0
https://openalex.org/w1969124236,https://doi.org/10.1001/jama.286.10.1149,,039-726-149-242-090,0,0
https://openalex.org/w4210979728,https://doi.org/10.1186/1750-1172-3-25,,,0,0
https://openalex.org/w2067926659,https://doi.org/10.1007/s10620-008-0337-4,,,0,0
https://openalex.org/w2155242388,https://doi.org/10.1212/01.wnl.0000291619.17160.b8,,,0,0
https://openalex.org/w1986279897,https://doi.org/10.1038/sj.gene.6363966,,,0,0
https://openalex.org/w2041727821,https://doi.org/10.1016/j.clindermatol.2013.01.002,,,0,0
https://openalex.org/w1752639522,,,,0,0
https://openalex.org/w147322596,https://doi.org/10.1007/978-1-4939-0326-9_1,,,0,0
https://openalex.org/w2170984667,https://doi.org/10.2119/2008-00056.liu,,,0,0
https://openalex.org/w2100676315,https://doi.org/10.1155/2013/267430,,,0,0
https://openalex.org/w2948553855,https://doi.org/10.1080/09273948.2019.1587473,,,0,0
https://openalex.org/w2196096577,https://doi.org/10.3390/antib4040409,,,0,0
https://openalex.org/w2026645142,https://doi.org/10.1016/s0738-081x(99)00013-9,,,0,0
https://openalex.org/w2772084440,https://doi.org/10.1182/blood-2017-10-811224,,,0,0
https://openalex.org/w2035112705,https://doi.org/10.1203/00006450-198403000-00028,,005-481-917-033-384,0,0
https://openalex.org/w2152952436,https://doi.org/10.2174/187152312803305713,,,0,0
https://openalex.org/w1975528665,https://doi.org/10.1016/j.autrev.2006.01.003,,,0,0
https://openalex.org/w1968321227,https://doi.org/10.1016/j.berh.2014.10.010,,,0,0
https://openalex.org/w2139009442,https://doi.org/10.1002/art.21893,,,0,0
https://openalex.org/w2103366079,https://doi.org/10.1186/ar2658,,,0,0
https://openalex.org/w2055235937,https://doi.org/10.1002/art.21721,,,0,0
https://openalex.org/w1971833707,https://doi.org/10.1016/j.ajhg.2012.02.023,,,0,0
https://openalex.org/w2109342820,https://doi.org/10.3816/clm.2007.s.014,,,0,0
https://openalex.org/w2403000142,,,,0,0
https://openalex.org/w1983854643,https://doi.org/10.1016/j.jaut.2012.08.003,,,0,0
https://openalex.org/w2264630228,https://doi.org/10.1586/1744666x.2016.1112270,,,0,0
https://openalex.org/w2766778181,https://doi.org/10.3389/fimmu.2017.01318,,,0,0
https://openalex.org/w2903522857,https://doi.org/10.1038/jid.2011.75,,,0,0
https://openalex.org/w2263279668,https://doi.org/10.1186/s12916-016-0571-0,,,0,0
https://openalex.org/w2416350974,,,,0,0
https://openalex.org/w2082319565,https://doi.org/10.1007/s00262-004-0630-9,,,0,0
https://openalex.org/w2741113097,https://doi.org/10.1136/annrheumdis-2016-210509,,,0,0
https://openalex.org/w4256172185,https://doi.org/10.1007/s10875-017-0442-2,,,0,0
https://openalex.org/w2096504430,https://doi.org/10.1158/1078-0432.ccr-10-1093,,,0,0
https://openalex.org/w2148878839,https://doi.org/10.1186/ar4684,,100-326-452-782-636,0,0
https://openalex.org/w2106852404,https://doi.org/10.1177/10454411960070020301,,,0,0
https://openalex.org/w2170839006,https://doi.org/10.1016/j.bbi.2011.06.004,,,0,0
https://openalex.org/w1842139483,https://doi.org/10.1159/000439346,,,0,0
https://openalex.org/w2788520095,https://doi.org/10.1136/annrheumdis-2017-212794,,,0,0
https://openalex.org/w96044613,https://doi.org/10.1007/s00347-011-2504-9,,,0,0
https://openalex.org/w2240628038,https://doi.org/10.1111/imj.12752,,,0,0
https://openalex.org/w4239472930,https://doi.org/10.1136/lupus-2019-la.17,,,0,0
https://openalex.org/w1998217022,https://doi.org/10.1002/art.34659,,,1,1
https://openalex.org/w2898604762,https://doi.org/10.1016/j.jbspin.2018.10.007,,,0,0
https://openalex.org/w4242138685,https://doi.org/10.1111/j.1365-2230.1994.tb01185.x,,,0,0
https://openalex.org/w46173681,https://doi.org/10.1016/j.cyto.2014.07.063,,,0,0
https://openalex.org/w1967477555,https://doi.org/10.1007/s00296-007-0471-x,,,0,0
https://openalex.org/w1998527626,https://doi.org/10.1002/art.27421,,,0,0
https://openalex.org/w2123989297,https://doi.org/10.1186/ar4479,,,1,1
https://openalex.org/w1989250112,https://doi.org/10.1517/13543784.12.8.1403,,,0,0
https://openalex.org/w2107986225,https://doi.org/10.1016/s0149-2918(11)00022-1,,,0,0
https://openalex.org/w1970306375,https://doi.org/10.1016/j.cyto.2009.07.401,,,0,0
https://openalex.org/w2060509736,https://doi.org/10.1016/j.cyto.2010.07.040,,,0,0
https://openalex.org/w1970879689,https://doi.org/10.1186/ar4116,,,0,0
https://openalex.org/w2108499612,https://doi.org/10.1093/annonc/mdi002,,,0,0
https://openalex.org/w2014684792,https://doi.org/10.1517/13543784.2013.754422,,,0,0
https://openalex.org/w2095313790,https://doi.org/10.1016/j.iac.2007.07.006,,,0,0
https://openalex.org/w2101777577,https://doi.org/10.1111/j.1600-065x.2012.01131.x,,,0,0
https://openalex.org/w1846965874,https://doi.org/10.1089/ars.2013.5828,,,0,0
https://openalex.org/w2147065824,https://doi.org/10.1136/annrheumdis-2011-200338,,,0,0
https://openalex.org/w2970959547,https://doi.org/10.3389/fmicb.2019.02148,,,0,0
https://openalex.org/w2118537722,https://doi.org/10.1146/annurev.immunol.23.021704.115633,,,0,0
https://openalex.org/w2162523237,https://doi.org/10.1016/s1470-2045(07)70036-0,,,0,0
https://openalex.org/w1988660004,https://doi.org/10.1155/2014/487643,,085-809-065-854-462,0,0
https://openalex.org/w1984186890,https://doi.org/10.1038/nrd2085,,,0,0
https://openalex.org/w2726474498,https://doi.org/10.1093/intimm/dxx037,,,0,0
https://openalex.org/w2754622099,https://doi.org/10.1136/annrheumdis-2017-eular.3517,,,0,0
https://openalex.org/w1892686659,https://doi.org/10.1111/j.1756-185x.2011.01654.x,,,1,1
https://openalex.org/w1997247528,https://doi.org/10.1016/j.jneuroim.2005.04.023,,,0,0
https://openalex.org/w1978822648,https://doi.org/10.1111/j.1365-3083.2007.01977.x,,,0,0
https://openalex.org/w2795802062,https://doi.org/10.1016/j.autrev.2018.01.012,,,0,0
https://openalex.org/w2006567031,https://doi.org/10.1097/icu.0b013e3283319155,,,0,0
https://openalex.org/w1993712001,https://doi.org/10.1371/journal.ppat.0040029,,,0,0
https://openalex.org/w2023211244,https://doi.org/10.1212/01.wnl.0000277457.17420.b5,,,0,0
https://openalex.org/w2043668049,https://doi.org/10.1136/ard.2010.142208,,,0,0
https://openalex.org/w2754046117,https://doi.org/10.1136/annrheumdis-2017-eular.2408,,,0,0
https://openalex.org/w2099088585,https://doi.org/10.1200/jco.2008.20.1293,,,0,0
https://openalex.org/w1974463068,https://doi.org/10.1038/nrrheum.2009.255,,,0,0
https://openalex.org/w2591691973,https://doi.org/10.1016/j.autrev.2017.03.004,,,0,0
https://openalex.org/w2102038276,https://doi.org/10.1080/08916930600739001,,,0,0
https://openalex.org/w2103978657,https://doi.org/10.1136/jnnp.2009.174276,,,0,0
https://openalex.org/w84580911,,,,0,0
https://openalex.org/w2039736385,https://doi.org/10.1038/nri2460,,,0,0
https://openalex.org/w2129626786,https://doi.org/10.1186/ar3264,,,0,0
https://openalex.org/w1519908611,https://doi.org/10.1002/art.39196,,,0,0
https://openalex.org/w2565235298,https://doi.org/10.1111/ejh.12842,,,0,0
https://openalex.org/w2117382612,https://doi.org/10.1172/jci13568,,,0,0
https://openalex.org/w1993800607,https://doi.org/10.1016/j.clineuro.2012.02.043,,,0,0
https://openalex.org/w2133516902,https://doi.org/10.3389/fimmu.2013.00504,,,0,0
https://openalex.org/w2804257663,https://doi.org/10.1038/s41418-018-0122-7,,,0,0
https://openalex.org/w1516464662,https://doi.org/10.11343/amn.51.1,,,0,0
https://openalex.org/w1986885940,https://doi.org/10.1097/00019048-199912000-00009,,,0,0
https://openalex.org/w2017153151,https://doi.org/10.1016/j.biochi.2007.04.006,,,0,0
https://openalex.org/w2006459679,https://doi.org/10.1007/bf03259299,,,0,0
https://openalex.org/w1594425991,https://doi.org/10.1038/sj.bjp.0706400,,,0,0
https://openalex.org/w2066611631,https://doi.org/10.1007/s10875-007-9157-0,,,0,0
https://openalex.org/w2890855006,https://doi.org/10.3389/fimmu.2018.01936,,,0,0
https://openalex.org/w2022347903,https://doi.org/10.1007/bf02685897,,,0,0
https://openalex.org/w2093807372,https://doi.org/10.1002/art.27408,,,0,0
https://openalex.org/w1977766417,https://doi.org/10.1196/annals.1422.046,,,0,0
https://openalex.org/w2093017212,https://doi.org/10.2165/00003495-200767020-00010,,,0,0
https://openalex.org/w2121301742,https://doi.org/10.1002/art.38408,,,0,0
https://openalex.org/w2009396890,https://doi.org/10.1111/j.1365-2516.2012.02931.x,,,0,0
https://openalex.org/w1932642464,https://doi.org/10.1007/978-94-007-4549-0_1,,,0,0
https://openalex.org/w2022509414,https://doi.org/10.1196/annals.1443.016,,,0,0
https://openalex.org/w2275294493,https://doi.org/10.1016/j.ajpath.2015.11.010,,,0,1
https://openalex.org/w4288316573,https://doi.org/10.1002/rth2.12229,,,0,0
https://openalex.org/w1977555330,https://doi.org/10.1038/gene.2009.9,,,0,0
https://openalex.org/w2560708115,https://doi.org/10.1016/j.imlet.2016.12.002,,,0,0
https://openalex.org/w2095429538,https://doi.org/10.1097/00008390-200512000-00013,,,0,0
https://openalex.org/w2793271483,https://doi.org/10.3389/fimmu.2018.00080,,,0,0
https://openalex.org/w2173545185,https://doi.org/10.4049/jimmunol.1501061,,,0,0
https://openalex.org/w1983493239,https://doi.org/10.1177/0961203312437270,,,1,1
https://openalex.org/w2172094153,https://doi.org/10.1189/jlb.4a0914-450rr,,,0,0
https://openalex.org/w2811178910,https://doi.org/10.3389/fimmu.2018.01533,,,0,0
https://openalex.org/w2802773414,https://doi.org/10.1371/journal.pone.0196117,,,0,0
https://openalex.org/w1940686821,https://doi.org/10.1111/cei.12429,,,0,0
https://openalex.org/w131412109,,,,0,0
https://openalex.org/w2242666594,https://doi.org/10.1200/jco.1984.2.3.221,,107-803-459-470-903,0,0
https://openalex.org/w1991436369,https://doi.org/10.1055/s-0031-1279826,,,0,0
https://openalex.org/w2079995796,https://doi.org/10.1186/ar2781,,,0,0
https://openalex.org/w2160042784,https://doi.org/10.1200/jco.2006.10.5916,,,0,0
https://openalex.org/w2090101230,https://doi.org/10.1159/000080144,,,0,0
https://openalex.org/w2783353874,https://doi.org/10.1186/s13075-017-1501-z,,,1,1
https://openalex.org/w2398184377,,,,0,0
https://openalex.org/w1973129875,https://doi.org/10.1097/wco.0b013e3283533a93,,,0,0
https://openalex.org/w2580851635,https://doi.org/10.2174/1570159x14666161208151525,,,0,0
https://openalex.org/w2474833581,https://doi.org/10.2217/pgs-2015-0004,,,0,0
https://openalex.org/w2014894779,https://doi.org/10.1016/s0272-5231(03)00140-0,,,0,0
https://openalex.org/w2157885470,https://doi.org/10.1016/j.febslet.2011.04.028,,,0,0
https://openalex.org/w1898651601,,,,0,0
https://openalex.org/w2118649180,https://doi.org/10.1038/bmt.2011.185,,,0,0
https://openalex.org/w185231245,https://doi.org/10.1016/j.cyto.2013.06.038,,,0,0
https://openalex.org/w2755937016,https://doi.org/10.1136/annrheumdis-2017-eular.3564,,,0,0
https://openalex.org/w2981621278,,,,0,0
https://openalex.org/w1982049955,https://doi.org/10.2165/00002018-200124050-00004,,,0,0
https://openalex.org/w2038301506,https://doi.org/10.1007/s40263-014-0153-7,,,0,0
https://openalex.org/w2049306810,https://doi.org/10.1002/art.30598,,,0,0
https://openalex.org/w1990928908,https://doi.org/10.1007/s11926-006-0056-9,,,0,0
https://openalex.org/w2102572106,https://doi.org/10.1084/jem.20051654,,,0,0
https://openalex.org/w1995790803,https://doi.org/10.1016/j.rdc.2009.12.002,,,0,0
https://openalex.org/w2507513903,https://doi.org/10.1186/s13075-016-1089-8,,,0,0
https://openalex.org/w2001063586,https://doi.org/10.1046/j.1365-2249.2002.01728.x,,,0,0
https://openalex.org/w2080115357,https://doi.org/10.2147/oarrr.s46644,,,0,0
https://openalex.org/w2111409974,https://doi.org/10.1099/0022-1317-82-12-3011,,,0,0
https://openalex.org/w2016152913,https://doi.org/10.1007/s100720100048,,,0,0
https://openalex.org/w2165999281,https://doi.org/10.1007/s12026-015-8716-3,,,0,0
https://openalex.org/w2018480866,https://doi.org/10.3109/08916934.2012.719953,,,0,0
https://openalex.org/w2398629940,,,,0,0
https://openalex.org/w4234140740,https://doi.org/10.1016/s1040-0486(00)90051-6,,,0,0
https://openalex.org/w2003427140,https://doi.org/10.2174/156652406777435390,,,0,0
https://openalex.org/w2521424512,https://doi.org/10.1080/14740338.2017.1240781,,,0,0
https://openalex.org/w2028825739,https://doi.org/10.1111/j.1365-2796.1990.tb00144.x,,,0,0
https://openalex.org/w2504589584,https://doi.org/10.1053/j.gastro.2016.06.018,,,0,0
https://openalex.org/w2041685253,https://doi.org/10.1097/00002281-200205000-00006,,,0,0
https://openalex.org/w2029714802,https://doi.org/10.1007/s00296-010-1681-1,,,0,0
https://openalex.org/w2471301096,,,,0,0
https://openalex.org/w2406793394,,,,0,0
https://openalex.org/w2022211471,https://doi.org/10.1016/j.gene.2013.01.011,,,0,0
https://openalex.org/w2037257846,https://doi.org/10.1097/00002820-200505000-00002,,,0,0
https://openalex.org/w317231449,https://doi.org/10.1016/j.cyto.2014.07.193,,,0,0
https://openalex.org/w946398015,,,,0,0
https://openalex.org/w4238269557,https://doi.org/10.1186/s12967-018-1745-7,,,0,0
https://openalex.org/w2314862767,https://doi.org/10.1136/annrheumdis-2014-eular.3480,,,0,0
https://openalex.org/w1892890729,https://doi.org/10.26719/2009.15.5.1145,,,0,0
https://openalex.org/w1901107235,https://doi.org/10.1111/imj.12287,,,0,0
https://openalex.org/w2102717949,https://doi.org/10.1038/nrneurol.2015.143,,,0,0
https://openalex.org/w1974563253,https://doi.org/10.1038/nrrheum.2012.106,,,0,0
https://openalex.org/w2024679195,https://doi.org/10.1038/gene.2012.41,,,0,0
https://openalex.org/w2329375242,https://doi.org/10.1016/j.cyto.2012.06.163,,,0,0
https://openalex.org/w2549188815,https://doi.org/10.1186/s12920-016-0227-0,,,0,0
https://openalex.org/w2139459593,https://doi.org/10.1067/mai.2003.126,,,0,0
https://openalex.org/w2031832190,https://doi.org/10.1097/qco.0b013e328329d15e,,,0,0
https://openalex.org/w2103402364,https://doi.org/10.1002/art.33333,,,0,0
https://openalex.org/w2087267225,https://doi.org/10.1007/s11910-011-0228-5,,,0,0
https://openalex.org/w2512214972,,,,0,0
https://openalex.org/w2048354181,https://doi.org/10.1016/j.gtc.2004.04.013,,,0,0
https://openalex.org/w2098291983,https://doi.org/10.1517/14656566.7.7.907,,,0,0
https://openalex.org/w2065734606,https://doi.org/10.1016/j.jcyt.2013.01.010,,,0,0
https://openalex.org/w2079387614,https://doi.org/10.1016/j.autrev.2008.07.028,,,0,0
https://openalex.org/w2138282709,https://doi.org/10.1093/rheumatology/keu299,,,1,1
https://openalex.org/w2142532863,https://doi.org/10.1186/ar4150,,,0,0
https://openalex.org/w2950851999,https://doi.org/10.1136/annrheumdis-2019-eular.4709,,,0,0
https://openalex.org/w1176162522,https://doi.org/10.1038/nri3875,,,0,0
https://openalex.org/w2095688611,https://doi.org/10.1111/j.1365-2249.2009.04007.x,,,0,0
https://openalex.org/w2136967176,https://doi.org/10.1080/09273940590951034,,,0,0
https://openalex.org/w1523576268,,,,0,0
https://openalex.org/w2195167637,https://doi.org/10.3390/ijms161226172,,,0,0
https://openalex.org/w2015485842,https://doi.org/10.1586/14737140.5.4.613,,,0,0
https://openalex.org/w2009311659,https://doi.org/10.1038/nrrheum.2010.62,,,0,0
https://openalex.org/w2607790114,https://doi.org/10.1038/s41598-017-01379-y,,,0,0
https://openalex.org/w2167055019,https://doi.org/10.4155/bio.11.33,,,0,0
https://openalex.org/w2135762285,https://doi.org/10.3389/fimmu.2013.00234,,,0,0
https://openalex.org/w3023633974,https://doi.org/10.3109/0284186x.2010.492791,,,0,0
https://openalex.org/w2127362032,https://doi.org/10.3109/09273948.2014.896468,,,0,0
https://openalex.org/w2061274863,https://doi.org/10.1016/j.drudis.2007.02.012,,,0,0
https://openalex.org/w191103873,https://doi.org/10.1007/s40267-013-0030-3,,,0,0
https://openalex.org/w2136417575,https://doi.org/10.2174/1566523214666140424150308,,,0,0
https://openalex.org/w2017738240,https://doi.org/10.1590/s0037-86822009000600004,,,0,0
https://openalex.org/w1971890588,https://doi.org/10.1016/s1297-319x(02)00411-6,,,0,0
https://openalex.org/w180390055,,,,0,0
https://openalex.org/w2556559016,https://doi.org/10.1371/journal.pone.0166312,,,0,1
https://openalex.org/w2115433603,https://doi.org/10.4155/tde.11.91,,,0,0
https://openalex.org/w2626177916,https://doi.org/10.1186/s13075-017-1344-7,,,1,1
https://openalex.org/w2037468153,https://doi.org/10.3109/08916930903510880,,,0,0
https://openalex.org/w2127474966,https://doi.org/10.1517/14656566.4.12.2205,,,0,0
https://openalex.org/w2417116220,https://doi.org/10.1136/annrheumdis-2015-eular.6226,,,0,0
https://openalex.org/w2333189747,https://doi.org/10.1136/annrheumdis-2012-eular.606,,,0,0
https://openalex.org/w1980794593,https://doi.org/10.1097/bor.0b013e32834b0dac,,,0,0
https://openalex.org/w3176216253,,,,0,0
https://openalex.org/w2111712608,https://doi.org/10.1007/s11926-011-0166-x,,,0,0
https://openalex.org/w2435182673,,,,0,0
https://openalex.org/w2470507615,,,,0,0
https://openalex.org/w2043230050,https://doi.org/10.1007/s004270000093,,,0,0
https://openalex.org/w2041185490,https://doi.org/10.1155/2012/135932,,,0,0
https://openalex.org/w1710747400,https://doi.org/10.1002/eji.201141969,,,0,0
https://openalex.org/w2063334510,https://doi.org/10.2174/138161208784705414,,,0,0
https://openalex.org/w2052901768,https://doi.org/10.1080/03009740510026364,,,0,0
https://openalex.org/w2024534086,https://doi.org/10.1007/s00296-013-2738-8,,,0,0
https://openalex.org/w1972811736,https://doi.org/10.1016/j.biochi.2007.04.017,,,0,0
https://openalex.org/w2004913283,https://doi.org/10.1097/00002281-200209000-00003,,,0,0
https://openalex.org/w2911347464,https://doi.org/10.1016/j.rbre.2015.08.018,,,0,0
https://openalex.org/w2324610745,https://doi.org/10.2174/187221311794474900,,,0,0
https://openalex.org/w2837357103,https://doi.org/10.1038/s41584-018-0054-0,,,0,0
https://openalex.org/w2126303720,https://doi.org/10.1093/hmg/ddv095,,,0,0
https://openalex.org/w1976099435,https://doi.org/10.4155/bio.12.186,,,0,0
https://openalex.org/w2150327179,https://doi.org/10.1017/s1355617705050022,,,0,0
https://openalex.org/w2561216715,https://doi.org/10.1155/2016/8791629,,,1,1
https://openalex.org/w2019811139,https://doi.org/10.1089/vim.2010.0123,,,0,0
https://openalex.org/w1989969578,https://doi.org/10.1016/s1085-5629(98)80055-2,,,0,0
https://openalex.org/w2090768909,https://doi.org/10.2147/tcrm.s5599,,,0,0
https://openalex.org/w2010653116,https://doi.org/10.1034/j.1600-0560.2000.027010505.x,,,0,0
https://openalex.org/w2045508048,https://doi.org/10.1002/pbc.21166,,,0,0
https://openalex.org/w2025612430,https://doi.org/10.1016/s0167-5273(11)70199-1,,,0,0
https://openalex.org/w2075527551,https://doi.org/10.1016/j.addr.2006.07.014,,,0,0
https://openalex.org/w1975040884,https://doi.org/10.1016/j.idc.2011.07.001,,,0,0
https://openalex.org/w2084219681,https://doi.org/10.1046/j.1440-1746.2000.02114.x,,057-318-443-880-712,0,0
https://openalex.org/w2569220095,https://doi.org/10.1080/08923973.2016.1263859,,,0,0
https://openalex.org/w4230014619,https://doi.org/10.1196/annals.1352.002,,,0,0
https://openalex.org/w1970871223,https://doi.org/10.1007/bf02347624,,,0,0
https://openalex.org/w2035706794,https://doi.org/10.1177/1066896909333748,,,0,0
https://openalex.org/w2170021118,https://doi.org/10.1007/s10875-009-9326-4,,,0,0
https://openalex.org/w1981765366,https://doi.org/10.1159/000168844,,,0,0
https://openalex.org/w2049085405,https://doi.org/10.1159/000204473,,,0,0
https://openalex.org/w2016936018,https://doi.org/10.1016/0959-8049(94)90604-1,,,0,0
https://openalex.org/w4254357107,https://doi.org/10.1136/annrheumdis-2012-eular.2478,,,0,0
https://openalex.org/w2010912993,https://doi.org/10.1007/s11936-011-0115-z,,,0,0
https://openalex.org/w2589232699,https://doi.org/10.3389/fimmu.2017.00173,,,0,0
https://openalex.org/w2550786195,https://doi.org/10.1136/annrheumdis-2016-eular.2222,,,0,0
https://openalex.org/w2416349522,,,,0,0
https://openalex.org/w1986391712,https://doi.org/10.1016/j.jaut.2012.01.002,,,0,0
https://openalex.org/w2888674839,https://doi.org/10.1089/jir.2018.0049,,,0,0
https://openalex.org/w2010145861,https://doi.org/10.1007/s00262-009-0773-9,,,0,0
https://openalex.org/w2020283561,https://doi.org/10.2174/1389450043345092,,,0,0
https://openalex.org/w2571604033,https://doi.org/10.1371/journal.ppat.1006156,,,0,0
https://openalex.org/w2117427121,https://doi.org/10.1111/j.1365-2826.2011.02161.x,,,0,0
https://openalex.org/w4249583914,https://doi.org/10.1111/1756-185x.13360,,,0,0
https://openalex.org/w4285038074,https://doi.org/10.5281/zenodo.2527559,,,0,0
https://openalex.org/w2766141616,https://doi.org/10.1002/term.2597,,,0,0
https://openalex.org/w1977239175,https://doi.org/10.1016/j.clim.2015.04.005,,,0,0
https://openalex.org/w4256189622,https://doi.org/10.1056/nejmoa053007,,,0,0
https://openalex.org/w1556146134,https://doi.org/10.14670/hh-16.1275,,,0,0
https://openalex.org/w2319250356,https://doi.org/10.5152/akd.2011.208,,,0,0
https://openalex.org/w1986217661,https://doi.org/10.1155/2009/979258,,,0,0
https://openalex.org/w2886839859,https://doi.org/10.1136/annrheumdis-2018-eular.3865,,,0,0
https://openalex.org/w2133596863,https://doi.org/10.1002/art.38998,,,0,0
https://openalex.org/w2808668795,https://doi.org/10.1136/annrheumdis-2018-eular.5407,,,0,0
https://openalex.org/w2112351421,https://doi.org/10.1111/j.1399-0012.2004.00103.x,,,0,0
https://openalex.org/w2951737365,https://doi.org/10.1002/med.2610150504,,,0,0
https://openalex.org/w2759677843,https://doi.org/10.1136/rmdopen-2017-000448,,,0,0
https://openalex.org/w2547042232,https://doi.org/10.1186/s12879-016-1877-4,,,0,0
https://openalex.org/w2085244735,https://doi.org/10.1007/s10620-005-2563-3,,,0,0
https://openalex.org/w4211167784,https://doi.org/10.1016/j.ncl.2004.12.014,,,0,0
https://openalex.org/w2033442903,https://doi.org/10.1186/ar979,,,0,0
https://openalex.org/w1998236282,https://doi.org/10.1016/j.urolonc.2007.05.009,,,0,0
https://openalex.org/w2737436421,https://doi.org/10.1016/j.clinthera.2017.06.012,,,0,0
https://openalex.org/w2766487776,https://doi.org/10.4049/jimmunol.1700332,,,0,0
https://openalex.org/w2965422920,https://doi.org/10.3389/fimmu.2019.01975,,,0,0
https://openalex.org/w2596346717,https://doi.org/10.3389/fimmu.2017.00294,,,0,0
https://openalex.org/w1490677240,https://doi.org/10.1128/jcm.20.6.1216-1218.1984,,,0,0
https://openalex.org/w60431473,https://doi.org/10.1007/s00347-011-2502-y,,,0,0
https://openalex.org/w2010506461,https://doi.org/10.1016/j.clim.2003.09.013,,,0,0
https://openalex.org/w2167736693,https://doi.org/10.1002/art.34632,,,1,1
https://openalex.org/w2106873082,https://doi.org/10.1093/rheumatology/38.3.214,,,0,0
https://openalex.org/w2755930871,https://doi.org/10.1136/annrheumdis-2017-eular.6802,,,0,0
https://openalex.org/w2171641622,https://doi.org/10.1186/s13075-014-0469-1,,,0,0
https://openalex.org/w2065934368,https://doi.org/10.3109/09273948.2013.866257,,,0,0
https://openalex.org/w2071458924,https://doi.org/10.1016/j.drudis.2013.10.002,,,0,0
https://openalex.org/w2122295837,https://doi.org/10.1016/s0140-6736(83)91771-3,,,0,0
https://openalex.org/w1978270081,https://doi.org/10.1155/2010/826434,,,0,0
https://openalex.org/w2903543467,https://doi.org/10.1002/art.40793,,,0,0
https://openalex.org/w2946434839,https://doi.org/10.1016/j.cca.2019.03.195,,,0,0
https://openalex.org/w1970396987,https://doi.org/10.1111/j.1365-2249.2005.02897.x,,,0,0
https://openalex.org/w2205084084,https://doi.org/10.1038/nrrheum.2015.126,,,0,0
https://openalex.org/w82283456,,,,0,0
https://openalex.org/w2982412581,,,,0,0
https://openalex.org/w2161791643,https://doi.org/10.1016/j.febslet.2012.01.016,,,0,0
https://openalex.org/w2899501734,https://doi.org/10.3389/fimmu.2018.02496,,,0,0
https://openalex.org/w2502055930,https://doi.org/10.1111/j.1600-0463.2009.02489.x,,,0,0
https://openalex.org/w4243933449,https://doi.org/10.1111/ajt.15405,,,0,0
https://openalex.org/w1986722574,https://doi.org/10.2353/ajpath.2008.070703,,,0,0
https://openalex.org/w2967130347,https://doi.org/10.1016/j.autrev.2019.102361,,,0,0
https://openalex.org/w2063627922,https://doi.org/10.1038/nrrheum.2010.66,,,0,0
https://openalex.org/w2155154400,https://doi.org/10.1186/s12937-015-0068-2,,,0,0
https://openalex.org/w2143168922,https://doi.org/10.4103/0301-4738.58471,,,0,0
https://openalex.org/w2908315775,https://doi.org/10.1016/j.msard.2019.01.015,,,0,0
https://openalex.org/w1534687842,https://doi.org/10.4049/jimmunol.179.6.4219,,,0,0
https://openalex.org/w2742471664,https://doi.org/10.1016/j.jep.2017.08.001,,,0,0
https://openalex.org/w2028829282,https://doi.org/10.1016/s0167-7799(00)88923-4,,,0,0
https://openalex.org/w2025579203,https://doi.org/10.1038/gene.2008.94,,,0,0
https://openalex.org/w2006353424,https://doi.org/10.1371/journal.pone.0024828,,,1,1
https://openalex.org/w2034931099,https://doi.org/10.1016/j.critrevonc.2007.06.007,,,0,0
https://openalex.org/w2089649991,https://doi.org/10.1038/icb.2012.8,,,0,0
https://openalex.org/w2075838162,https://doi.org/10.1172/jci119571,,,0,0
https://openalex.org/w2979132909,https://doi.org/10.1136/annrheumdis-2019-215571,,,1,1
https://openalex.org/w2580213821,https://doi.org/10.1007/s40290-017-0178-6,,,0,0
https://openalex.org/w2065582873,https://doi.org/10.1016/j.jpainsymman.2008.09.004,,,0,0
https://openalex.org/w2082698858,https://doi.org/10.1016/j.clim.2013.02.013,,,0,0
https://openalex.org/w2020586520,https://doi.org/10.1016/j.clinthera.2014.04.002,,,0,0
https://openalex.org/w2415528344,,,,0,0
https://openalex.org/w2613460218,https://doi.org/10.1136/annrheumdis-2016-210927,,,0,0
https://openalex.org/w2796268097,https://doi.org/10.1371/journal.pone.0193236,,,0,0
https://openalex.org/w2789542989,https://doi.org/10.3389/fimmu.2018.00434,,,0,0
https://openalex.org/w1778719309,https://doi.org/10.2217/imt.09.21,,,0,0
https://openalex.org/w2062221225,https://doi.org/10.1111/ejh.12059,,,0,0
https://openalex.org/w1977888592,https://doi.org/10.1016/s0168-8278(10)61201-9,,,0,0
https://openalex.org/w2059604573,https://doi.org/10.1177/1352458512441272,,,0,0
https://openalex.org/w2123222332,https://doi.org/10.1186/ar3865,,,0,0
https://openalex.org/w2910486407,https://doi.org/10.1136/annrheumdis-2018-eular.6029,,,0,0
https://openalex.org/w2074488305,https://doi.org/10.1016/s0889-857x(03)00026-7,,,0,0
https://openalex.org/w2316655979,https://doi.org/10.1055/s-0031-1276585,,,0,0
https://openalex.org/w2169936771,https://doi.org/10.1185/03007990902779186,,,0,0
https://openalex.org/w1259267588,,,,0,0
https://openalex.org/w2029295890,https://doi.org/10.1002/art.34407,,,0,0
https://openalex.org/w2116495326,https://doi.org/10.1136/heartjnl-2011-300920b.54,,,0,0
https://openalex.org/w2080418635,https://doi.org/10.1517/14740338.5.1.95,,,0,0
https://openalex.org/w2770280143,https://doi.org/10.1038/cmi.2017.123,,,0,0
https://openalex.org/w2319692716,https://doi.org/10.1016/j.cmonc.2011.11.002,,,0,0
https://openalex.org/w2041830082,https://doi.org/10.1080/17402520400001744,,,0,0
https://openalex.org/w2322227401,https://doi.org/10.1097/00002281-200107000-00002,,,0,0
https://openalex.org/w2000912248,https://doi.org/10.1097/01.cmr.0000183921.46031.93,,,0,0
https://openalex.org/w1991702055,https://doi.org/10.1111/j.1600-0609.2007.00829.x,,,0,0
https://openalex.org/w173726626,,,,0,0
https://openalex.org/w2164305413,https://doi.org/10.1136/annrheumdis-2012-202743,,,0,0
https://openalex.org/w2109851751,https://doi.org/10.1046/j.1468-3083.2003.00839.x,,,0,0
https://openalex.org/w2412518793,https://doi.org/10.1136/dtb.31.5.17,,,0,0
https://openalex.org/w2149295409,https://doi.org/10.3899/jrheum.100180,,,0,0
https://openalex.org/w1154811480,https://doi.org/10.1016/j.jaut.2015.08.005,,,0,0
https://openalex.org/w2125429860,https://doi.org/10.1155/2010/948364,,,0,0
https://openalex.org/w2969640262,https://doi.org/10.1212/wnl.0000000000008128,,,0,1
https://openalex.org/w2024739261,https://doi.org/10.1016/j.idc.2006.09.010,,,0,0
https://openalex.org/w2050831575,https://doi.org/10.1016/j.jcv.2006.09.009,,,0,0
https://openalex.org/w2018077727,https://doi.org/10.1007/s00262-014-1607-y,,,0,0
https://openalex.org/w2063220878,https://doi.org/10.1172/jci42392,,,0,0
https://openalex.org/w2005219432,https://doi.org/10.1007/s12016-009-8192-4,,,0,0
https://openalex.org/w2075213238,https://doi.org/10.1136/annrheumdis-2012-202218,,,0,0
https://openalex.org/w2907657755,https://doi.org/10.1136/lupus-2018-lsm.24,,,0,0
https://openalex.org/w2119650820,https://doi.org/10.1681/asn.2013010026,,,0,0
https://openalex.org/w2334327641,https://doi.org/10.1136/annrheumdis-2013-eular.1880,,,0,0
https://openalex.org/w1995619836,https://doi.org/10.1016/s0889-8588(03)00107-2,,,0,0
https://openalex.org/w2150729784,https://doi.org/10.1186/1750-1172-8-2,,,0,0
https://openalex.org/w2619828770,,,,0,0
https://openalex.org/w4256000037,https://doi.org/10.1111/all.12035,,,0,0
https://openalex.org/w2070877999,https://doi.org/10.1097/00002281-199305020-00010,,,0,0
https://openalex.org/w2290812716,https://doi.org/10.1016/j.jaci.2015.12.1326,,,0,0
https://openalex.org/w2168436315,https://doi.org/10.1016/j.it.2015.08.004,,,0,0
https://openalex.org/w2793082857,https://doi.org/10.1186/s12876-018-0751-9,,,0,0
https://openalex.org/w2095774375,https://doi.org/10.1016/s0140-6736(84)91129-2,,,0,0
https://openalex.org/w2410863175,,,,0,0
https://openalex.org/w2414601821,,,,0,0
https://openalex.org/w2009640452,https://doi.org/10.1111/j.1365-4632.2008.03724.x,,,0,0
https://openalex.org/w2911812095,https://doi.org/10.1136/annrheumdis-2018-213836,,030-467-138-479-614,0,0
https://openalex.org/w2151557366,https://doi.org/10.1093/rheumatology/kep149,,,0,0
https://openalex.org/w2606387375,,,,0,0
https://openalex.org/w2135501131,https://doi.org/10.1007/s00109-012-0866-3,,,0,0
https://openalex.org/w2159332718,https://doi.org/10.1053/sarh.2002.37277,,,0,0
https://openalex.org/w2077929775,https://doi.org/10.2310/7200.2005.33004,,,0,0
https://openalex.org/w2242956322,https://doi.org/10.1111/j.1600-0625.2010.01228.x,,,0,0
https://openalex.org/w2320668798,https://doi.org/10.1136/annrheumdis-2012-eular.233,,,0,0
https://openalex.org/w2623097481,https://doi.org/10.1186/s12950-017-0159-2,,,0,0
https://openalex.org/w2145651831,https://doi.org/10.3899/jrheum.141366,,072-688-879-788-265,0,0
https://openalex.org/w2092562524,https://doi.org/10.1016/j.clim.2010.02.014,,,0,0
https://openalex.org/w2143560324,https://doi.org/10.1093/rheumatology/kel425,,,0,0
https://openalex.org/w2340704807,https://doi.org/10.1136/annrheumdis-2015-eular.5627,,,0,0
https://openalex.org/w2951388111,https://doi.org/10.1136/annrheumdis-2019-eular.4311,,,0,0
https://openalex.org/w2048718918,https://doi.org/10.2217/fon.09.46,,,0,0
https://openalex.org/w1921369781,https://doi.org/10.1097/moh.0b013e32801684a3,,,0,0
https://openalex.org/w1971408242,https://doi.org/10.1359/jbmr.060813,,,0,0
https://openalex.org/w2046575289,https://doi.org/10.2741/s59,,,0,0
https://openalex.org/w2025856288,https://doi.org/10.1097/00001432-199304000-00013,,,0,0
https://openalex.org/w2139277893,https://doi.org/10.1186/ar3034,,,0,0
https://openalex.org/w2413465769,,,,0,0
https://openalex.org/w1989043982,https://doi.org/10.1016/j.jaad.2004.05.009,,,0,0
https://openalex.org/w2016320525,https://doi.org/10.3851/imp2016,,,0,0
https://openalex.org/w2007681747,https://doi.org/10.1016/s1590-8658(07)80022-3,,,0,0
https://openalex.org/w2789922392,https://doi.org/10.1111/nyas.13534,,,0,0
https://openalex.org/w2426121581,,,,0,0
https://openalex.org/w2910300319,https://doi.org/10.3899/jrheum.180045,,,0,0
https://openalex.org/w2317048174,https://doi.org/10.2302/kjm.46.177,,,0,0
https://openalex.org/w2376563468,https://doi.org/10.2169/internalmedicine.55.5834,,,0,0
https://openalex.org/w2009531492,https://doi.org/10.1002/art.30294,,,0,0
https://openalex.org/w2146879779,,,,0,0
https://openalex.org/w2900596677,https://doi.org/10.1016/j.msard.2018.11.021,,,0,0
https://openalex.org/w2102912967,https://doi.org/10.1186/ar2834,,,0,0
https://openalex.org/w2886093266,https://doi.org/10.1111/odi.12952,,,0,0
https://openalex.org/w121389000,,,,1,1
https://openalex.org/w4313383766,https://doi.org/10.4049/jimmunol.200.supp.45.9,,,0,0
https://openalex.org/w2556737993,https://doi.org/10.1084/jem.20161596,,,0,0
https://openalex.org/w2758711581,https://doi.org/10.1002/art.40328,,,0,1
https://openalex.org/w1965692028,https://doi.org/10.1007/s00403-008-0895-5,,,0,0
https://openalex.org/w2127198764,https://doi.org/10.1002/art.24803,,,1,1
https://openalex.org/w2410251763,https://doi.org/10.1136/annrheumdis-2015-eular.4481,,,0,0
https://openalex.org/w2394564777,,,,0,0
https://openalex.org/w2039586516,https://doi.org/10.1378/chest.1389092,,,0,0
https://openalex.org/w2595403257,https://doi.org/10.1007/s00280-017-3260-6,,,0,0
https://openalex.org/w2626860005,https://doi.org/10.1371/journal.pone.0179124,,,0,0
https://openalex.org/w2027347264,https://doi.org/10.1016/j.jocn.2009.02.009,,,0,0
https://openalex.org/w2441656998,,,,0,0
https://openalex.org/w2091259480,https://doi.org/10.2500/aap.2006.27.2894,,,0,0
https://openalex.org/w2756612472,https://doi.org/10.1007/s11910-017-0800-8,,,0,0
https://openalex.org/w1992759422,https://doi.org/10.1371/journal.pone.0066308,,,0,0
https://openalex.org/w2098607108,https://doi.org/10.1093/rheumatology/ker207,,021-567-035-833-029,0,0
https://openalex.org/w2083122681,https://doi.org/10.1191/0961203305lu2147xx,,,0,0
https://openalex.org/w2060092125,https://doi.org/10.3109/03009749509100873,,,0,0
https://openalex.org/w2073749087,https://doi.org/10.1016/j.ejca.2011.07.014,,,0,0
https://openalex.org/w2147986581,https://doi.org/10.1161/circresaha.112.271411,,051-583-286-110-368,0,0
https://openalex.org/w2012980322,https://doi.org/10.1016/j.cyto.2012.04.046,,,1,1
https://openalex.org/w2071407184,https://doi.org/10.1177/107602969700300409,,,0,0
https://openalex.org/w2470655723,https://doi.org/10.1016/j.rdc.2016.03.001,,,0,0
https://openalex.org/w2326775643,https://doi.org/10.1056/nejm200103013440907,,063-125-711-598-85X,0,0
https://openalex.org/w2141086538,https://doi.org/10.1186/ar3271,,,1,1
https://openalex.org/w2101417167,https://doi.org/10.1186/ar4576,,,0,0
https://openalex.org/w2413736878,https://doi.org/10.1177/039463200702000202,,,0,0
https://openalex.org/w2093824564,https://doi.org/10.1002/hep.510270429,,,0,0
https://openalex.org/w2106437519,https://doi.org/10.3899/jrheum.121389,,,0,0
https://openalex.org/w2125745926,https://doi.org/10.1517/17460441.2.5.621,,,0,0
https://openalex.org/w2128879265,https://doi.org/10.1093/rheumatology/keq111,,,0,0
https://openalex.org/w2168727504,https://doi.org/10.1517/14656566.2013.821464,,,0,0
https://openalex.org/w2156790432,https://doi.org/10.1016/j.jbspin.2006.07.002,,,0,0
https://openalex.org/w2549123231,https://doi.org/10.1136/annrheumdis-2016-210695,,023-958-837-142-415,0,0
https://openalex.org/w1981767637,https://doi.org/10.1097/01.bor.0000149083.16639.7e,,,0,0
https://openalex.org/w2069292235,https://doi.org/10.1097/qco.0b013e328356ffd5,,,0,0
https://openalex.org/w2806339857,https://doi.org/10.1136/lupus-2018-abstract.136,,,0,0
https://openalex.org/w1998748664,https://doi.org/10.1076/ocii.8.4.293.6453,,,0,0
https://openalex.org/w2070022792,https://doi.org/10.1097/01.nrl.0000080957.78533.56,,,0,0
https://openalex.org/w1985773012,https://doi.org/10.1016/j.it.2004.10.006,,,0,0
https://openalex.org/w2264962945,https://doi.org/10.1038/srep20651,,,0,0
https://openalex.org/w2132662608,https://doi.org/10.1093/rheumatology/keg230,,,0,0
https://openalex.org/w2106858099,https://doi.org/10.1002/stem.5530130303,,,0,0
https://openalex.org/w2161992900,https://doi.org/10.2165/00003495-200666050-00004,,,0,0
https://openalex.org/w2098726817,https://doi.org/10.1016/j.jaut.2014.02.006,,,0,0
https://openalex.org/w2136325849,https://doi.org/10.1016/j.neuron.2006.09.011,,,0,0
https://openalex.org/w1993426054,https://doi.org/10.2174/138161211798157612,,,0,0
https://openalex.org/w2063758367,https://doi.org/10.1111/imm.12081,,,0,0
https://openalex.org/w2943341793,https://doi.org/10.1038/s41467-019-09683-z,,,0,1
https://openalex.org/w2071941354,https://doi.org/10.1159/000117257,,,0,0
https://openalex.org/w2725127520,https://doi.org/10.1016/j.mayocp.2017.05.009,,,0,0
https://openalex.org/w2956833198,https://doi.org/10.1016/j.molmed.2019.06.001,,,0,0
https://openalex.org/w2010039301,https://doi.org/10.1002/mus.20517,,,0,0
https://openalex.org/w2502597665,https://doi.org/10.1038/eye.2016.115,,,0,0
https://openalex.org/w1984258474,https://doi.org/10.1053/j.seminhematol.2008.12.003,,,0,0
https://openalex.org/w2152571091,https://doi.org/10.1136/pgmj.2006.046078,,,0,0
https://openalex.org/w2081638033,https://doi.org/10.1097/aci.0b013e32834a977a,,,0,0
https://openalex.org/w2130936196,https://doi.org/10.1038/sj.jid.5701254,,,0,0
https://openalex.org/w2136811387,https://doi.org/10.1073/pnas.0510837103,,,0,0
https://openalex.org/w2902648040,https://doi.org/10.1002/art.40792,,,1,1
https://openalex.org/w2026395492,https://doi.org/10.1586/14737140.4.1.85,,,0,0
https://openalex.org/w2063795648,https://doi.org/10.1016/j.trsl.2013.01.002,,,0,0
https://openalex.org/w2301784842,https://doi.org/10.1177/1753944716637807,,,0,0
https://openalex.org/w2794902919,https://doi.org/10.1093/rheumatology/key067,,,0,0
https://openalex.org/w2116791338,https://doi.org/10.1084/jem.157.6.2140,,,0,1
https://openalex.org/w4210893226,https://doi.org/10.1136/dtb.2009.07.0029,,,0,0
https://openalex.org/w2071422463,https://doi.org/10.1016/j.cyto.2009.07.188,,,0,0
https://openalex.org/w2013735801,https://doi.org/10.1053/j.gastro.2009.09.019,,,0,0
https://openalex.org/w1736204410,https://doi.org/10.1055/s-0035-1557321,,,0,0
https://openalex.org/w2125624222,https://doi.org/10.2174/138920007780362545,,,0,0
https://openalex.org/w2147109509,https://doi.org/10.1056/nejmoa1306494,,,0,0
https://openalex.org/w2073846812,https://doi.org/10.1358/dnp.2006.19.9.1050424,,,0,0
https://openalex.org/w2257295934,https://doi.org/10.1038/nrneph.2015.115,,002-378-161-902-070,0,0
https://openalex.org/w2031147068,https://doi.org/10.1055/s-0030-1265543,,,0,0
https://openalex.org/w2150936610,https://doi.org/10.1002/jca.20129,,,0,0
https://openalex.org/w2333479535,https://doi.org/10.1002/art.39571,,,0,0
https://openalex.org/w1995901131,https://doi.org/10.1016/s1473-3099(05)70053-0,,,0,0
https://openalex.org/w2014263219,https://doi.org/10.1111/j.1399-0039.2008.01146.x,,,0,0
https://openalex.org/w2115226917,https://doi.org/10.1002/mus.20958,,,0,0
https://openalex.org/w1659822385,https://doi.org/10.1038/clpt.2012.256,,,0,0
https://openalex.org/w1840933440,https://doi.org/10.1111/j.1469-0691.2007.01796.x,,,0,0
https://openalex.org/w2331863076,https://doi.org/10.1136/annrheumdis-2016-209124.171,,,0,0
https://openalex.org/w2084610560,https://doi.org/10.2169/internalmedicine.39.667,,,0,0
https://openalex.org/w2318070433,https://doi.org/10.1136/lupus-2014-000080,,,1,1
https://openalex.org/w2141958634,https://doi.org/10.1186/ar3083,,,0,0
https://openalex.org/w2000276977,https://doi.org/10.1093/qjmed/94.12.720,,023-541-252-841-495,0,0
https://openalex.org/w2094227685,https://doi.org/10.1056/nejmc0808647,,,0,0
https://openalex.org/w2161253834,,,,0,0
https://openalex.org/w2771536533,https://doi.org/10.1111/cge.13186,,,0,0
https://openalex.org/w2007533329,https://doi.org/10.1080/09546630802441234,,,0,0
https://openalex.org/w2018618600,https://doi.org/10.1111/j.1365-2141.2006.06206.x,,,0,0
https://openalex.org/w3096035386,https://doi.org/10.1136/annrheumdis-2019-eular.3382,,,0,0
https://openalex.org/w2102521464,https://doi.org/10.1128/mcb.00146-10,,,0,0
https://openalex.org/w1907116883,https://doi.org/10.1111/j.1469-1809.2011.00641.x,,,0,0
https://openalex.org/w2129128384,https://doi.org/10.1111/j.1745-7270.2008.00384.x,,,0,0
https://openalex.org/w1768782404,,,,0,0
https://openalex.org/w2950227228,https://doi.org/10.1016/j.autrev.2019.06.004,,,0,0
https://openalex.org/w932782676,https://doi.org/10.1177/1352458511422301,,,0,0
https://openalex.org/w2894989321,https://doi.org/10.1038/s41467-018-06446-0,,,0,0
https://openalex.org/w2945721120,https://doi.org/10.1016/j.yaoo.2019.04.002,,,0,0
https://openalex.org/w2250133536,https://doi.org/10.1136/ard.2008.095356,,,0,0
https://openalex.org/w2025008711,https://doi.org/10.1111/j.1442-9071.2006.01225.x,,,0,0
https://openalex.org/w2443287879,,,,0,0
https://openalex.org/w2411434512,,,,0,0
https://openalex.org/w2002421735,https://doi.org/10.1155/2012/582352,,,0,0
https://openalex.org/w1969912712,https://doi.org/10.1097/00042560-199600001-00010,,,0,0
https://openalex.org/w2024227112,https://doi.org/10.1007/s10067-005-1093-x,,,0,0
https://openalex.org/w2018336838,https://doi.org/10.1038/ni.2966,,,0,0
https://openalex.org/w2075271469,https://doi.org/10.1002/eji.1830260929,,,0,0
https://openalex.org/w1792727815,https://doi.org/10.1111/j.1365-2133.2011.10712.x,,,0,0
https://openalex.org/w2277274328,https://doi.org/10.3174/ajnr.a4681,,,0,0
https://openalex.org/w2977515540,https://doi.org/10.1111/cei.13376,,,1,1
https://openalex.org/w2503783283,https://doi.org/10.1111/apt.13761,,,0,0
https://openalex.org/w2175593968,https://doi.org/10.1089/107999099313497,,,0,0
https://openalex.org/w1996288030,https://doi.org/10.4103/0378-6323.93626,,,0,0
https://openalex.org/w2103421367,https://doi.org/10.1155/2015/120519,,,0,0
https://openalex.org/w2081897126,https://doi.org/10.1155/2012/594056,,,0,0
https://openalex.org/w2323863215,https://doi.org/10.4147/htn-100923,,,0,0
https://openalex.org/w2028337390,https://doi.org/10.1016/j.idc.2011.07.002,,,0,0
https://openalex.org/w2740708025,,,,0,0
https://openalex.org/w2025616138,https://doi.org/10.1038/nri1935,,,0,0
https://openalex.org/w4242371197,https://doi.org/10.1038/jid.2015.67,,,0,0
https://openalex.org/w2162379578,https://doi.org/10.1007/s00281-004-0162-6,,,0,0
https://openalex.org/w2151284218,https://doi.org/10.1136/ard.60.5.495,,,0,0
https://openalex.org/w2022647256,https://doi.org/10.1016/j.jaut.2010.06.010,,,0,0
https://openalex.org/w2051647623,https://doi.org/10.1177/0961203312439333,,,0,0
https://openalex.org/w1923521906,https://doi.org/10.1111/hepr.12153,,,0,0
https://openalex.org/w1992622674,https://doi.org/10.1177/0961203308089694,,,1,1
https://openalex.org/w2079187343,https://doi.org/10.1111/j.1755-3768.2011.02348.x,,,0,0
https://openalex.org/w2917732389,https://doi.org/10.1016/j.reuma.2012.01.012,,,0,0
https://openalex.org/w2046153930,https://doi.org/10.1097/01.bor.0000170479.01451.ab,,,0,0
https://openalex.org/w2318212526,https://doi.org/10.1017/s1092852912000247,,,0,0
https://openalex.org/w1981601846,https://doi.org/10.1016/j.smim.2009.05.006,,,0,0
https://openalex.org/w2600342248,https://doi.org/10.3389/fimmu.2017.00285,,,1,1
https://openalex.org/w1974767230,https://doi.org/10.1097/01.mnh.0000444816.57378.21,,,0,0
https://openalex.org/w2134054103,,,,0,0
https://openalex.org/w2080192225,https://doi.org/10.1016/j.amjmed.2006.11.007,,,0,0
https://openalex.org/w2056530491,https://doi.org/10.1136/ard.2007.082909,,,0,0
https://openalex.org/w2086225790,https://doi.org/10.1016/j.cyto.2012.06.040,,,0,0
https://openalex.org/w1986067059,https://doi.org/10.3899/jrheum.100092,,129-140-795-492-283,0,0
https://openalex.org/w2614285972,https://doi.org/10.1007/s11886-017-0866-6,,,0,0
https://openalex.org/w1970320015,https://doi.org/10.1093/rheumatology/37.11.1148,,,0,0
https://openalex.org/w2011535697,https://doi.org/10.1001/jama.297.13.1478,,,0,0
https://openalex.org/w2083857690,https://doi.org/10.1016/j.semarthrit.2004.05.002,,,0,0
https://openalex.org/w1987042598,https://doi.org/10.1111/1346-8138.12137,,,0,0
https://openalex.org/w2238287072,https://doi.org/10.1189/jlb.5bt0615-247r,,,0,0
https://openalex.org/w4238034790,https://doi.org/10.1007/978-3-0348-0425-7_4,,,0,0
https://openalex.org/w1997294731,https://doi.org/10.1016/j.coi.2012.08.004,,,0,0
https://openalex.org/w2013281472,https://doi.org/10.1007/s00417-007-0577-6,,,0,0
https://openalex.org/w2123830952,https://doi.org/10.1093/rheumatology/kes152,,,0,0
https://openalex.org/w2950283029,https://doi.org/10.1136/annrheumdis-2019-eular.5506,,,0,0
https://openalex.org/w2066847748,https://doi.org/10.1097/cji.0b013e31815ce501,,,0,0
https://openalex.org/w4313385734,https://doi.org/10.4049/jimmunol.196.supp.124.20,,,0,0
https://openalex.org/w2024167459,https://doi.org/10.1097/00001813-200211000-00001,,,0,0
https://openalex.org/w2799468555,https://doi.org/10.1007/s12185-018-2459-6,,,0,0
https://openalex.org/w2412348455,,,,0,0
https://openalex.org/w2581947608,https://doi.org/10.1097/bor.0000000000000369,,,0,0
https://openalex.org/w2947331491,https://doi.org/10.1016/j.cyto.2019.05.012,,,1,1
https://openalex.org/w1516998544,https://doi.org/10.1111/cei.12194,,,0,0
https://openalex.org/w2050262218,https://doi.org/10.1016/j.intimp.2011.04.026,,,0,0
https://openalex.org/w2037870966,https://doi.org/10.1007/s12026-010-8184-8,,,0,0
https://openalex.org/w2089433411,https://doi.org/10.1002/1097-0142(19841215)54:12<2844::aid-cncr2820541205>3.0.co;2-q,,,0,0
https://openalex.org/w2294781241,https://doi.org/10.1007/s10875-016-0252-y,,,0,0
https://openalex.org/w2950897059,https://doi.org/10.1016/j.intimp.2019.105680,,,0,0
https://openalex.org/w4214649256,https://doi.org/10.1093/eurheartj/ehu327,,,0,0
https://openalex.org/w1189281280,https://doi.org/10.1089/jir.2008.0011,,,0,0
https://openalex.org/w2752784971,https://doi.org/10.1007/s00018-017-2637-3,,,0,0
https://openalex.org/w2124929983,https://doi.org/10.3109/03009748809098783,,021-552-352-830-364,0,0
https://openalex.org/w24404253,https://doi.org/10.1177/135965350601100113,,,0,0
https://openalex.org/w2085221649,https://doi.org/10.1038/ncprheum0173,,,0,0
https://openalex.org/w2061295747,https://doi.org/10.1097/00002281-199601000-00006,,,0,0
https://openalex.org/w2029323105,https://doi.org/10.1016/s0165-2427(03)00005-9,,,0,0
https://openalex.org/w2341741313,https://doi.org/10.1136/annrheumdis-2015-eular.3914,,,0,0
https://openalex.org/w2156343854,https://doi.org/10.1136/ard.2006.065565,,,0,0
https://openalex.org/w2169989936,https://doi.org/10.1136/ard.2010.148973.7,,,0,0
https://openalex.org/w2012101999,https://doi.org/10.1016/s0168-8278(10)60060-8,,,0,0
https://openalex.org/w2096305882,https://doi.org/10.4049/jimmunol.1203440,,,0,0
https://openalex.org/w2013258447,https://doi.org/10.3109/03009741003674172,,047-085-952-851-963,0,0
https://openalex.org/w2047772462,https://doi.org/10.1097/mop.0b013e3283402b71,,,0,0
https://openalex.org/w2397496122,https://doi.org/10.1097/rhu.0000000000000399,,,0,0
https://openalex.org/w2072341420,https://doi.org/10.1179/1743132812y.0000000076,,,0,0
https://openalex.org/w2886843190,https://doi.org/10.1080/14712598.2018.1474197,,,0,0
https://openalex.org/w2808446257,https://doi.org/10.1136/annrheumdis-2018-eular.4195,,,0,0
https://openalex.org/w2102092419,https://doi.org/10.2217/1750743x.1.1.19,,,0,0
https://openalex.org/w2015996872,https://doi.org/10.1016/0022-1759(83)90309-5,,,0,0
https://openalex.org/w2179932637,https://doi.org/10.4049/jimmunol.1500162,,,0,0
https://openalex.org/w2801358756,https://doi.org/10.1016/j.canlet.2018.04.016,,,0,0
https://openalex.org/w2547336769,https://doi.org/10.1146/annurev-med-050715-104506,,,0,0
https://openalex.org/w2955808189,https://doi.org/10.1136/annrheumdis-2019-215781,,,0,0
https://openalex.org/w4214907578,https://doi.org/10.1097/cnd.0b013e3181d3a4c3,,,0,0
https://openalex.org/w2149355104,https://doi.org/10.1172/jci78001,,,0,0
https://openalex.org/w2142688840,https://doi.org/10.1016/j.resinv.2013.09.001,,051-918-980-339-770,0,0
https://openalex.org/w2131220803,https://doi.org/10.1186/s13075-014-0489-x,,,0,0
https://openalex.org/w2443309517,,,,0,0
https://openalex.org/w2897964598,https://doi.org/10.1080/14397595.2018.1536364,,,0,0
https://openalex.org/w2010717729,https://doi.org/10.1093/brain/119.6.1887,,,0,0
https://openalex.org/w2020532319,https://doi.org/10.2174/157339406778699187,,,0,0
https://openalex.org/w2098870276,https://doi.org/10.1016/j.jaut.2014.05.001,,,0,0
https://openalex.org/w2551749159,https://doi.org/10.1016/s0254-6272(16)30082-6,,,0,0
https://openalex.org/w2054520319,https://doi.org/10.1016/j.cyto.2011.07.326,,,0,0
https://openalex.org/w2767531631,https://doi.org/10.1016/j.imlet.2017.11.003,,,0,0
https://openalex.org/w2895034623,https://doi.org/10.1016/j.jaut.2018.09.013,,,0,0
https://openalex.org/w2017716814,https://doi.org/10.1038/nrrheum.2013.211,,011-651-560-009-360,0,0
https://openalex.org/w2014042114,https://doi.org/10.1016/j.cyto.2010.07.100,,,0,0
https://openalex.org/w2949546412,https://doi.org/10.1136/annrheumdis-2019-eular.8452,,,0,0
https://openalex.org/w1508509739,https://doi.org/10.1038/nbt0706-769,,,0,0
https://openalex.org/w2021681883,https://doi.org/10.2174/138945005774574498,,,0,0
https://openalex.org/w2334318950,https://doi.org/10.1136/annrheumdis-2013-203223.18,,,0,0
https://openalex.org/w1992875583,https://doi.org/10.2147/ijn.s30197,,,0,0
https://openalex.org/w1992412480,https://doi.org/10.1007/s10227-004-0803-3,,,0,0
https://openalex.org/w4301327611,https://doi.org/10.1093/rheumatology/kep721,,,0,0
https://openalex.org/w2119791199,https://doi.org/10.1128/jvi.02603-09,,,0,0
https://openalex.org/w2165492938,https://doi.org/10.2174/157016309789868994,,,0,0
https://openalex.org/w2106273198,https://doi.org/10.1073/pnas.0337679100,,,1,1
https://openalex.org/w1965875815,https://doi.org/10.1038/nrrheum.2014.165,,,0,0
https://openalex.org/w2102309886,https://doi.org/10.1093/rheumatology/ket403,,,0,0
https://openalex.org/w2169313581,https://doi.org/10.1136/annrheumdis-2013-204581,,,0,0
https://openalex.org/w2332277418,https://doi.org/10.1586/17469899.2016.1153425,,,0,0
https://openalex.org/w2801811075,https://doi.org/10.1007/s11926-018-0745-1,,,0,0
https://openalex.org/w2131724032,https://doi.org/10.1590/0037-8682-0246-2014,,,0,0
https://openalex.org/w25287859,https://doi.org/10.1152/physrev.00029.2013,,,0,0
https://openalex.org/w1970806462,https://doi.org/10.1007/s10620-005-3059-x,,,0,0
https://openalex.org/w1783775664,,,,0,0
https://openalex.org/w2501594322,https://doi.org/10.2174/1573397112666160614080121,,,0,0
https://openalex.org/w2335190546,,,,0,0
https://openalex.org/w4229899632,https://doi.org/10.1001/jama.274.2.126,,,0,0
https://openalex.org/w2331166595,https://doi.org/10.2174/187153006779025702,,,0,0
https://openalex.org/w1964229062,https://doi.org/10.2169/internalmedicine.43.612,,,0,0
https://openalex.org/w2084198806,https://doi.org/10.2174/156800805774912926,,,0,0
https://openalex.org/w2044891386,https://doi.org/10.1016/j.jaad.2004.10.006,,,0,0
https://openalex.org/w2048406113,https://doi.org/10.1136/annrheumdis-2013-205124.190,,,0,0
https://openalex.org/w620790073,https://doi.org/10.1007/978-94-011-4000-3_33,,,0,0
https://openalex.org/w2760849249,https://doi.org/10.1186/s12967-017-1309-2,,,0,0
https://openalex.org/w1983841849,https://doi.org/10.1016/j.autrev.2005.07.003,,,0,0
https://openalex.org/w1568479508,,,,0,0
https://openalex.org/w2151029129,https://doi.org/10.1212/wnl.59.12_suppl_6.s22,,,0,0
https://openalex.org/w2088564421,https://doi.org/10.1111/j.1600-0609.1999.tb01110.x,,,0,0
https://openalex.org/w2000413691,https://doi.org/10.1016/0022-1759(86)90258-9,,,0,0
https://openalex.org/w27458738,https://doi.org/10.1007/978-1-4939-0326-9_10,,045-081-553-767-800,0,1
https://openalex.org/w2000099684,https://doi.org/10.3727/096368909788534997,,,0,0
https://openalex.org/w1997745788,https://doi.org/10.1111/liv.12734,,,0,0
https://openalex.org/w1587080057,https://doi.org/10.1002/art.38082,,,0,0
https://openalex.org/w1537788830,https://doi.org/10.1002/cncr.23251,,,0,0
https://openalex.org/w2929983915,https://doi.org/10.1002/art.40897,,,0,0
https://openalex.org/w2951624511,https://doi.org/10.2174/1381612805666230111210939,,,0,0
https://openalex.org/w2072573783,https://doi.org/10.1016/j.cyto.2009.07.490,,,0,0
https://openalex.org/w2415803702,https://doi.org/10.1136/annrheumdis-2015-eular.3949,,,0,0
https://openalex.org/w2014752120,https://doi.org/10.1097/aci.0b013e328357d3a4,,,0,0
https://openalex.org/w4256247280,https://doi.org/10.1038/ajg.2012.272,,,0,0
https://openalex.org/w2097402597,https://doi.org/10.1186/ar2729,,,0,0
https://openalex.org/w2002566731,https://doi.org/10.1111/j.1749-6632.2009.05138.x,,,0,0
https://openalex.org/w4292634325,https://doi.org/10.1002/art.39448,,,0,0
https://openalex.org/w2122147183,https://doi.org/10.1111/j.1365-2796.1993.tb00719.x,,,0,0
https://openalex.org/w2414662528,,,,0,0
https://openalex.org/w2059504760,https://doi.org/10.1016/j.trsl.2014.10.005,,,0,0
https://openalex.org/w2158777384,https://doi.org/10.1111/j.1600-0781.2004.00080.x,,,0,0
https://openalex.org/w1998848716,https://doi.org/10.1016/j.semarthrit.2007.11.003,,,0,0
https://openalex.org/w1976647296,https://doi.org/10.1016/j.cyto.2010.07.030,,,0,0
https://openalex.org/w1966524332,https://doi.org/10.1016/j.semarthrit.2010.09.002,,,0,0
https://openalex.org/w2185123273,https://doi.org/10.56808/3027-7922.2165,,,0,0
https://openalex.org/w2762656185,https://doi.org/10.1007/s11882-017-0746-6,,,0,0
https://openalex.org/w2890288077,https://doi.org/10.1016/j.jaad.2018.03.041,,,0,1
https://openalex.org/w1999886866,https://doi.org/10.1016/j.cyto.2012.06.155,,,0,0
https://openalex.org/w2002365489,https://doi.org/10.1016/j.ygyno.2005.07.117,,,0,0
https://openalex.org/w2069347744,https://doi.org/10.2174/1568014054065230,,,0,0
https://openalex.org/w128248781,,,,0,0
https://openalex.org/w2143051004,https://doi.org/10.1155/2013/630620,,,0,0
https://openalex.org/w598377809,,,,0,0
https://openalex.org/w2022250122,https://doi.org/10.1182/blood.v100.2.647,,,0,0
https://openalex.org/w1988148130,https://doi.org/10.1111/j.1365-2133.1989.tb01400.x,,,0,1
https://openalex.org/w188888744,https://doi.org/10.2165/00003495-200161110-00009,,,0,0
https://openalex.org/w2049539638,https://doi.org/10.1016/j.cardfail.2009.12.016,,,0,0
https://openalex.org/w2167557467,https://doi.org/10.1016/j.jcv.2010.07.008,,,0,0
https://openalex.org/w2035908539,https://doi.org/10.1111/j.1600-0404.2007.00835.x,,,0,0
https://openalex.org/w2022629060,https://doi.org/10.1053/j.semdp.2006.11.003,,,0,0
https://openalex.org/w1982436260,https://doi.org/10.1615/critrevimmunol.v25.i2.30,,,0,0
https://openalex.org/w4240142206,https://doi.org/10.1358/dof.2009.034.07.1390989,,,0,0
https://openalex.org/w2011444335,https://doi.org/10.4065/80.4.502,,,0,0
https://openalex.org/w2029319742,https://doi.org/10.2165/00002018-199717020-00002,,,0,0
https://openalex.org/w1982644308,https://doi.org/10.1016/j.autrev.2011.07.005,,,0,0
https://openalex.org/w2135061895,https://doi.org/10.3389/fneur.2013.00010,,068-026-542-152-117,0,0
https://openalex.org/w2168191834,https://doi.org/10.3109/10428194.2012.752486,,019-982-866-305-952,0,0
https://openalex.org/w2209272761,https://doi.org/10.1002/art.37771,,,0,0
https://openalex.org/w2001500757,https://doi.org/10.1016/j.jbspin.2008.12.008,,,0,0
https://openalex.org/w1992287960,https://doi.org/10.1111/j.1600-0560.2009.01443.x,,,0,0
https://openalex.org/w2049337385,https://doi.org/10.1007/s100670170036,,,0,0
https://openalex.org/w1989989802,https://doi.org/10.1016/j.vaccine.2013.05.095,,,0,0
https://openalex.org/w2604779189,https://doi.org/10.1111/ene.13092,,,0,0
https://openalex.org/w2038538882,https://doi.org/10.1016/j.bcp.2007.07.043,,,0,0
https://openalex.org/w2318286234,https://doi.org/10.1016/j.cyto.2010.07.124,,,0,0
https://openalex.org/w2035403420,https://doi.org/10.1159/000362816,,,0,0
https://openalex.org/w2100541792,https://doi.org/10.1111/j.1478-3231.2005.01043.x,,,0,0
https://openalex.org/w2080025109,https://doi.org/10.1055/s-2007-1019129,,,0,0
https://openalex.org/w2041066077,https://doi.org/10.1097/01.rhu.0000249894.03016.de,,,0,0
https://openalex.org/w2911828697,https://doi.org/10.1007/s10067-019-04459-8,,,0,0
https://openalex.org/w2117312690,https://doi.org/10.3390/ijms160818825,,,0,0
https://openalex.org/w2211223595,https://doi.org/10.1016/j.jneuroim.2009.04.009,,,0,0
https://openalex.org/w2462360331,,,,1,1
https://openalex.org/w2526245413,,,,0,0
https://openalex.org/w2519403834,https://doi.org/10.1371/journal.pone.0161306,,,0,0
https://openalex.org/w2184993368,,,,0,0
https://openalex.org/w2963039496,https://doi.org/10.1073/pnas.1901090116,,,0,0
https://openalex.org/w2041430790,https://doi.org/10.1097/00041327-200406000-00013,,,0,0
https://openalex.org/w2125497139,https://doi.org/10.1016/j.exphem.2012.01.002,,,0,0
https://openalex.org/w2101116471,https://doi.org/10.1016/j.seizure.2008.05.008,,,0,0
https://openalex.org/w2031295480,https://doi.org/10.1002/art.33494,,,0,0
https://openalex.org/w2016448913,https://doi.org/10.1097/01.bor.0000434676.70268.66,,,0,0
https://openalex.org/w1983480831,https://doi.org/10.1177/0022034513483315,,,0,0
https://openalex.org/w198578975,https://doi.org/10.1007/0-306-48382-3_106,,053-939-859-206-672,0,0
https://openalex.org/w2072910204,https://doi.org/10.1016/j.immuni.2012.11.017,,,0,0
https://openalex.org/w2321600728,https://doi.org/10.1136/annrheumdis-2015-eular.5145,,,0,0
https://openalex.org/w2526854172,https://doi.org/10.1146/annurev-immunol-051116-052225,,,0,0
https://openalex.org/w2111758274,https://doi.org/10.1002/art.39244,,,0,0
https://openalex.org/w2621872599,https://doi.org/10.1016/j.rcreu.2017.04.002,,,0,0
https://openalex.org/w4229823165,https://doi.org/10.2174/157489113805290773,,,0,0
https://openalex.org/w4251891104,https://doi.org/10.1111/cen3.12119,,,0,0
https://openalex.org/w1517112948,,,,0,0
https://openalex.org/w1990037422,https://doi.org/10.1615/critrevimmunol.v30.i5.10,,,0,0
https://openalex.org/w2051669403,https://doi.org/10.1016/j.sder.2006.08.004,,,0,0
https://openalex.org/w2025268177,https://doi.org/10.1016/j.coi.2014.10.009,,,0,0
https://openalex.org/w2032261459,https://doi.org/10.2478/v10011-010-0005-z,,,0,0
https://openalex.org/w2320874614,https://doi.org/10.1055/s-0033-1357186,,,0,0
https://openalex.org/w2085048411,https://doi.org/10.1016/j.autrev.2006.01.002,,,0,0
https://openalex.org/w2316385585,https://doi.org/10.1136/annrheumdis-2014-eular.3075,,,0,0
https://openalex.org/w2327248727,https://doi.org/10.1097/00002281-200301000-00002,,,0,0
https://openalex.org/w2151185914,https://doi.org/10.1038/icb.2010.53,,,0,0
https://openalex.org/w2316480313,https://doi.org/10.1097/bor.0b013e3283562c3e,,,0,0
https://openalex.org/w2158167373,https://doi.org/10.1136/annrheumdis-2013-204250,,,0,0
https://openalex.org/w2054393579,https://doi.org/10.2169/internalmedicine.42.1042,,,0,0
https://openalex.org/w2147319009,https://doi.org/10.1155/2013/713519,,,0,0
https://openalex.org/w2901543141,https://doi.org/10.2217/bmm-2018-0266,,,0,0
https://openalex.org/w2040825618,https://doi.org/10.1007/s10096-005-0004-z,,,0,0
https://openalex.org/w2340932410,https://doi.org/10.1177/0961203316629556,,,0,1
https://openalex.org/w2014873449,https://doi.org/10.1177/0961203309106699,,,0,0
https://openalex.org/w2077520702,https://doi.org/10.1517/17425255.2013.800483,,,0,0
https://openalex.org/w2909900992,https://doi.org/10.1172/jci124466,,,1,1
https://openalex.org/w2063265278,https://doi.org/10.1002/art.37691,,,0,0
https://openalex.org/w1986628830,https://doi.org/10.1002/art.23062,,,1,1
https://openalex.org/w2415122428,,,,0,0
https://openalex.org/w2053043355,https://doi.org/10.1038/nrd2308,,,0,0
https://openalex.org/w2948992588,https://doi.org/10.1016/j.jaci.2019.05.026,,085-899-819-221-912,0,0
https://openalex.org/w2119874338,https://doi.org/10.1186/ar3335,,,0,0
https://openalex.org/w2115891889,https://doi.org/10.1136/ard.2010.148494,,,0,0
https://openalex.org/w2028831968,https://doi.org/10.1111/j.1749-6632.2009.04759.x,,,0,0
https://openalex.org/w2594733496,https://doi.org/10.1007/s11926-017-0638-8,,,0,0
https://openalex.org/w1973254886,https://doi.org/10.1016/j.jneuroim.2006.09.002,,,0,0
https://openalex.org/w2078864265,https://doi.org/10.1002/mus.21277,,,0,0
https://openalex.org/w2021129679,https://doi.org/10.1007/s00005-014-0294-x,,,0,0
https://openalex.org/w2017693279,https://doi.org/10.1016/j.clim.2012.11.012,,,0,0
https://openalex.org/w2006397844,https://doi.org/10.1586/eci.13.1,,,0,0
https://openalex.org/w1989298848,https://doi.org/10.1155/2012/834291,,,0,0
https://openalex.org/w1996898219,https://doi.org/10.1016/j.cyto.2012.06.104,,,0,0
https://openalex.org/w1997266231,https://doi.org/10.1038/416686a,,,0,0
https://openalex.org/w1973309827,https://doi.org/10.1016/j.addr.2009.10.006,,,0,0
https://openalex.org/w2149233112,https://doi.org/10.1002/art.27367,,,0,0
https://openalex.org/w2621894124,https://doi.org/10.1016/j.clon.2017.05.008,,,0,0
https://openalex.org/w2159919881,https://doi.org/10.1097/01.bor.0000171215.87993.6b,,,0,0
https://openalex.org/w1911450830,https://doi.org/10.1016/j.ajg.2015.09.012,,,0,0
https://openalex.org/w2075825366,https://doi.org/10.1016/0166-3542(89)90029-6,,,0,0
https://openalex.org/w2023380729,https://doi.org/10.2147/ccid.s3412,,,0,0
https://openalex.org/w4292854986,https://doi.org/10.1007/s00198-017-3950-2,,,0,0
https://openalex.org/w2077504516,https://doi.org/10.1159/000124339,,,0,0
https://openalex.org/w2171420729,https://doi.org/10.2217/17460816.2.3.321,,,0,0
https://openalex.org/w2111991960,https://doi.org/10.1136/ard.2008.097899,,,0,0
https://openalex.org/w2170684059,https://doi.org/10.1007/s00467-010-1701-0,,,0,0
https://openalex.org/w1983395176,https://doi.org/10.1586/14737140.3.6.863,,,0,0
https://openalex.org/w2563547283,https://doi.org/10.4084/mjhid.2017.003,,,0,0
https://openalex.org/w2808817347,https://doi.org/10.1080/10428194.2018.1459611,,,0,0
https://openalex.org/w2109793252,https://doi.org/10.1111/j.1538-7836.2005.01350.x,,,0,0
https://openalex.org/w1997383546,https://doi.org/10.3390/cancers3043856,,,0,0
https://openalex.org/w2581245204,https://doi.org/10.1038/ng.3782,,,0,0
https://openalex.org/w31443856,,,,0,0
https://openalex.org/w2793237498,https://doi.org/10.1016/j.autrev.2017.11.027,,,0,0
https://openalex.org/w1964566869,https://doi.org/10.1055/s-0031-1296449,,,0,0
https://openalex.org/w2093370004,https://doi.org/10.1016/j.cyto.2011.07.104,,,0,0
https://openalex.org/w2021538155,https://doi.org/10.1016/j.jneuroim.2004.06.008,,,0,0
https://openalex.org/w2401806901,,,,0,0
https://openalex.org/w2464297389,https://doi.org/10.1007/s40121-016-0116-z,,,0,0
https://openalex.org/w2461509596,https://doi.org/10.7754/clin.lab.2015.150709,,,0,0
https://openalex.org/w1991141143,https://doi.org/10.1007/s00403-008-0892-8,,,0,0
https://openalex.org/w20555843,https://doi.org/10.1007/978-3-662-43492-5_7,,,0,0
https://openalex.org/w2157711464,https://doi.org/10.3109/01902140903360353,,,0,0
https://openalex.org/w2054421574,https://doi.org/10.1097/bsd.0b013e3181e15cc8,,,0,0
https://openalex.org/w2130382669,https://doi.org/10.2310/7750.2011.10068,,,0,0
https://openalex.org/w2016103707,https://doi.org/10.1002/art.22928,,,1,1
https://openalex.org/w2016321878,https://doi.org/10.1001/archinte.154.4.387,,,0,0
https://openalex.org/w2045708378,https://doi.org/10.2147/opth.s40268,,,0,0
https://openalex.org/w2902827638,https://doi.org/10.1186/s13075-018-1752-3,,,0,0
https://openalex.org/w2024890863,https://doi.org/10.1111/j.1464-410x.2008.07968.x,,,0,0
https://openalex.org/w2082639448,https://doi.org/10.1007/s12072-012-9356-5,,,0,0
https://openalex.org/w2794639035,https://doi.org/10.2174/1871527317666180327122435,,,0,0
https://openalex.org/w185233193,,,,0,0
https://openalex.org/w1871255236,https://doi.org/10.1111/j.1365-4632.2011.04882.x,,,0,0
https://openalex.org/w2162046114,https://doi.org/10.1136/ard.2007.083246,,,0,0
https://openalex.org/w2055950776,https://doi.org/10.1038/nrrheum.2014.213,,,0,0
https://openalex.org/w2917648784,https://doi.org/10.1080/14397595.2019.1583832,,,0,0
https://openalex.org/w2008429302,https://doi.org/10.2217/hiv.09.8,,,0,0
https://openalex.org/w1995400652,https://doi.org/10.1016/j.clim.2013.02.011,,,0,0
https://openalex.org/w936421985,,,,0,0
https://openalex.org/w2010952362,https://doi.org/10.1038/sj.leu.2405080,,,0,0
https://openalex.org/w2771754395,https://doi.org/10.1111/trf.14448,,,0,0
https://openalex.org/w140822034,,,,0,0
https://openalex.org/w2022631529,https://doi.org/10.1038/nrrheum.2012.118,,,0,0
https://openalex.org/w2155191177,https://doi.org/10.1212/01.wnl.0000159864.05826.08,,,0,0
https://openalex.org/w1985681236,https://doi.org/10.1586/1744666x.2014.878650,,,0,0
https://openalex.org/w2335650918,https://doi.org/10.1016/j.molmed.2016.03.002,,,0,0
https://openalex.org/w2060517977,https://doi.org/10.1111/j.1610-0387.2006.05841.x,,049-807-389-152-892,0,0
https://openalex.org/w2752364180,https://doi.org/10.1007/s10067-017-3811-6,,,0,0
https://openalex.org/w2040213563,https://doi.org/10.1016/s0140-6736(13)60954-x,,,0,0
https://openalex.org/w1972263671,https://doi.org/10.1016/j.jaut.2007.07.018,,,0,0
https://openalex.org/w2465638914,https://doi.org/10.1016/j.rdc.2016.03.006,,,0,0
https://openalex.org/w2118387749,https://doi.org/10.2174/092986708783330638,,,0,0
https://openalex.org/w4242407599,https://doi.org/10.1136/ard.2010.149021.19,,,0,0
https://openalex.org/w2333404608,https://doi.org/10.1136/annrheumdis-2014-eular.3685,,,0,0
https://openalex.org/w2055745336,https://doi.org/10.1210/jc.2006-1873,,,0,0
https://openalex.org/w2073329672,https://doi.org/10.1111/j.1365-2133.2005.06786.x,,,0,0
https://openalex.org/w2078305423,https://doi.org/10.1016/j.cyto.2009.07.395,,,0,0
https://openalex.org/w2029955193,https://doi.org/10.1136/ard.2010.129619n,,,0,0
https://openalex.org/w2110752613,https://doi.org/10.1186/1546-0096-12-16,,,0,0
https://openalex.org/w2102574144,https://doi.org/10.4196/kjpp.2010.14.4.235,,,0,0
https://openalex.org/w1626801743,https://doi.org/10.1016/j.trsl.2015.07.004,,,0,0
https://openalex.org/w2017153775,https://doi.org/10.1038/gene.2014.64,,,0,0
https://openalex.org/w2141885633,https://doi.org/10.1016/j.autrev.2007.02.019,,,0,0
https://openalex.org/w1995242536,https://doi.org/10.1517/14656560902946401,,,0,0
https://openalex.org/w2078958726,https://doi.org/10.1001/jama.2010.1014,,,0,0
https://openalex.org/w1967664843,https://doi.org/10.1016/j.jbspin.2010.07.012,,,0,0
https://openalex.org/w2224592409,,,,0,0
https://openalex.org/w2016059071,https://doi.org/10.1007/s10072-008-1015-1,,,0,0
https://openalex.org/w2794205494,https://doi.org/10.1097/meg.0000000000001101,,,0,0
https://openalex.org/w2944555245,https://doi.org/10.1134/s1990750819010049,,,0,0
https://openalex.org/w1984364643,https://doi.org/10.1007/s00109-012-0907-y,,,1,1
https://openalex.org/w2887023936,https://doi.org/10.1358/dof.2018.043.07.2819433,,,0,0
https://openalex.org/w2029369753,https://doi.org/10.2169/internalmedicine.47.1389,,,0,0
https://openalex.org/w2620219565,https://doi.org/10.1002/art.40166,,,0,0
https://openalex.org/w2971609950,https://doi.org/10.1126/scitranslmed.aav5908,,,0,0
https://openalex.org/w2040607877,https://doi.org/10.1016/j.trsl.2014.01.003,,,0,0
https://openalex.org/w2156850997,https://doi.org/10.1053/j.gastro.2010.08.051,,,0,0
https://openalex.org/w2327456404,https://doi.org/10.1136/annrheumdis-2014-eular.3602,,,0,0
https://openalex.org/w2487166321,https://doi.org/10.1080/09273948.2016.1196714,,,0,0
https://openalex.org/w1980892162,https://doi.org/10.1038/sj.ki.5000132,,,0,0
https://openalex.org/w1985845022,https://doi.org/10.1002/art.1780251209,,,0,0
https://openalex.org/w175955814,https://doi.org/10.4049/jimmunol.184.supp.100.25,,,0,0
https://openalex.org/w2190044330,https://doi.org/10.1007/978-1-4419-7415-0_17,,,0,0
https://openalex.org/w2107174868,https://doi.org/10.4049/jimmunol.0902248,,,0,0
https://openalex.org/w2752273271,https://doi.org/10.1016/j.virol.2017.08.009,,,0,0
https://openalex.org/w2082364906,https://doi.org/10.2165/11591410-000000000-00000,,,0,0
https://openalex.org/w2695493734,https://doi.org/10.1038/icb.2017.53,,,0,0
https://openalex.org/w2419287040,,,,0,0
https://openalex.org/w1982893141,https://doi.org/10.1517/14712598.8.10.1507,,,0,0
https://openalex.org/w2095548836,https://doi.org/10.1046/j.1365-2567.2003.01585.x,,,0,0
https://openalex.org/w2018481937,https://doi.org/10.1016/j.jhep.2005.05.038,,,0,0
https://openalex.org/w2031097604,https://doi.org/10.1126/science.6176024,,,1,1
https://openalex.org/w2734340535,https://doi.org/10.1136/lupus-2017-000215.291,,,0,0
https://openalex.org/w2607044819,https://doi.org/10.3899/jrheum.160907,,,0,0
https://openalex.org/w2152598364,https://doi.org/10.2174/138920112802273290,,,0,0
https://openalex.org/w2150652264,https://doi.org/10.1056/nejmoa1316145,,,0,0
https://openalex.org/w2135403031,https://doi.org/10.3109/03009748709102926,,,0,0
https://openalex.org/w2463456003,https://doi.org/10.1007/s10157-016-1276-6,,,0,0
https://openalex.org/w1964706729,https://doi.org/10.1111/j.1600-0560.2011.01702.x,,,0,0
https://openalex.org/w2062387774,https://doi.org/10.1002/art.1780290304,,,0,0
https://openalex.org/w2902100145,https://doi.org/10.3390/jcm7120511,,,0,0
https://openalex.org/w2516953663,https://doi.org/10.1186/s12891-016-1197-2,,,0,0
https://openalex.org/w1991006759,https://doi.org/10.1007/s10875-011-9617-4,,,0,0
https://openalex.org/w2965017399,https://doi.org/10.1177/2045894019869837,,,0,0
https://openalex.org/w2289814963,https://doi.org/10.1096/fasebj.23.1_supplement.777.6,,,0,0
https://openalex.org/w2008163196,https://doi.org/10.1097/meg.0b013e3283229dab,,,0,0
https://openalex.org/w2046164197,https://doi.org/10.1196/annals.1358.027,,,0,0
https://openalex.org/w2195477141,,,,0,0
https://openalex.org/w1198023051,,,,0,0
https://openalex.org/w2560480233,https://doi.org/10.1183/13993003.congress-2015.pa3794,,,0,0
https://openalex.org/w2971487735,https://doi.org/10.1016/s1474-4422(19)30238-8,,,0,0
https://openalex.org/w2587351494,https://doi.org/10.1182/blood.v118.21.1747.1747,,,0,0
https://openalex.org/w2521269309,,,,0,0
https://openalex.org/w2261479737,https://doi.org/10.1038/nm.4027,,,0,0
https://openalex.org/w2015545119,https://doi.org/10.1016/j.tripleo.2008.09.015,,,1,1
https://openalex.org/w1984794054,https://doi.org/10.1159/000063142,,,0,0
https://openalex.org/w1984495363,https://doi.org/10.4103/0378-6323.27748,,,0,0
https://openalex.org/w2026728924,https://doi.org/10.1136/flgastro-2013-100315,,,0,0
https://openalex.org/w2039231373,https://doi.org/10.1159/000236882,,,0,0
https://openalex.org/w2744897330,https://doi.org/10.1007/s00393-017-0356-7,,,0,0
https://openalex.org/w1983448719,https://doi.org/10.1046/j.1365-4362.2002.01681_2.x,,042-672-878-930-544,0,0
https://openalex.org/w2025545297,https://doi.org/10.1046/j.1365-2036.2003.01782.x,,,0,0
https://openalex.org/w2916230790,https://doi.org/10.3389/fimmu.2019.00281,,,1,1
https://openalex.org/w4313386280,https://doi.org/10.4049/jimmunol.190.supp.51.2,,,0,0
https://openalex.org/w2050232488,https://doi.org/10.1177/0961203312463620,,,0,0
https://openalex.org/w2004802752,https://doi.org/10.1177/0961203313519157,,,1,1
https://openalex.org/w2041128723,https://doi.org/10.1136/ard.46.8.580,,,0,0
https://openalex.org/w1556866413,https://doi.org/10.1155/2015/351732,,,0,0
https://openalex.org/w1972960453,https://doi.org/10.1097/00002371-199204000-00007,,,0,0
https://openalex.org/w2152197894,https://doi.org/10.1586/14737140.7.11.1529,,,0,0
https://openalex.org/w2088570089,https://doi.org/10.1038/nrd2636,,,0,0
https://openalex.org/w2094787595,https://doi.org/10.1016/j.autrev.2006.05.002,,,0,0
https://openalex.org/w1988387368,https://doi.org/10.1053/berh.1999.0075,,,0,0
https://openalex.org/w2468349064,https://doi.org/10.1016/j.jaut.2016.06.020,,,0,0
https://openalex.org/w2058328134,https://doi.org/10.1097/01.md.0000180793.80212.17,,,0,0
https://openalex.org/w2004210750,https://doi.org/10.3109/08916930903510955,,,0,0
https://openalex.org/w2006203679,https://doi.org/10.1038/sj.bmt.1705372,,032-513-195-246-857,0,0
https://openalex.org/w2011809282,https://doi.org/10.1186/ar4126,,,0,0
https://openalex.org/w1991439861,https://doi.org/10.1007/s002810100077,,,0,0
https://openalex.org/w2027555477,https://doi.org/10.1097/iop.0000000000000367,,,0,0
https://openalex.org/w2037199828,https://doi.org/10.1016/s0168-8278(09)60630-9,,,0,0
https://openalex.org/w1979430391,https://doi.org/10.1006/cyto.2001.0884,,,0,0
https://openalex.org/w2106277980,https://doi.org/10.4049/jimmunol.1203118,,,0,0
https://openalex.org/w2166567716,https://doi.org/10.1016/s0306-9877(02)00346-8,,,0,0
https://openalex.org/w2150764173,https://doi.org/10.1111/1346-8138.12389,,,0,0
https://openalex.org/w1976177466,https://doi.org/10.1016/s0171-2985(86)80109-7,,,0,0
https://openalex.org/w2093271467,https://doi.org/10.1172/jci112956,,,0,0
https://openalex.org/w2101193123,https://doi.org/10.1007/s10875-010-9468-4,,,0,0
https://openalex.org/w2917728585,https://doi.org/10.3389/fimmu.2019.00487,,,1,1
https://openalex.org/w2765324326,https://doi.org/10.1007/s40674-017-0076-9,,,0,0
https://openalex.org/w2754569152,https://doi.org/10.1136/annrheumdis-2017-eular.4149,,,0,0
https://openalex.org/w2159807397,https://doi.org/10.1136/annrheumdis-2012-202024,,,0,0
https://openalex.org/w2117550831,https://doi.org/10.1177/0897190008328692,,,0,0
https://openalex.org/w2298863506,https://doi.org/10.3109/09273948.2015.1133835,,,0,0
https://openalex.org/w2406395997,,,,0,0
https://openalex.org/w2755404184,https://doi.org/10.1136/annrheumdis-2017-eular.2372,,,0,0
https://openalex.org/w2550930294,https://doi.org/10.1080/21678707.2017.1257937,,,0,0
https://openalex.org/w658329556,https://doi.org/10.1016/j.antiviral.2015.06.009,,,0,0
https://openalex.org/w2012980741,https://doi.org/10.1046/j.1365-2265.1996.751768.x,,,0,0
https://openalex.org/w2054800757,https://doi.org/10.1007/s12348-011-0022-1,,,0,0
https://openalex.org/w2152995522,https://doi.org/10.1517/17425255.3.2.209,,,0,0
https://openalex.org/w1972799331,https://doi.org/10.1002/eji.200737815,,,0,0
https://openalex.org/w2091458371,https://doi.org/10.1038/nri3539,,,0,0
https://openalex.org/w2064370574,https://doi.org/10.1038/nrd3402,,,0,0
https://openalex.org/w2070663764,https://doi.org/10.1002/art.22421,,,0,0
https://openalex.org/w2611055757,https://doi.org/10.4314/tjpr.v16i4.27,,,0,0
https://openalex.org/w2003469776,https://doi.org/10.4103/0253-7613.19860,,,0,0
https://openalex.org/w2118826168,https://doi.org/10.2174/138161210794455003,,,0,0
https://openalex.org/w2339962596,,,,0,0
https://openalex.org/w2143567509,https://doi.org/10.2174/156800912802429265,,,0,0
https://openalex.org/w2006925507,https://doi.org/10.1517/14728214.5.4.367,,,0,0
https://openalex.org/w2036031491,https://doi.org/10.1038/ki.2011.32,,,0,0
https://openalex.org/w2059987433,https://doi.org/10.1186/ar4626,,,0,0
https://openalex.org/w2394496647,,,,0,0
https://openalex.org/w2076449567,https://doi.org/10.1002/cncr.25656,,,0,0
https://openalex.org/w2059405721,https://doi.org/10.3109/10428194.2014.982644,,038-824-865-860-458,0,0
https://openalex.org/w2150025558,https://doi.org/10.1016/j.suc.2004.01.007,,,0,0
https://openalex.org/w2091430357,https://doi.org/10.1074/jbc.m109.030445,,,0,0
https://openalex.org/w2321183663,https://doi.org/10.2174/187152409787601923,,,0,0
https://openalex.org/w2793235194,https://doi.org/10.2174/0929867324666170911162331,,,0,0
https://openalex.org/w2912992622,https://doi.org/10.4103/0028-3886.246252,,,0,0
https://openalex.org/w2107062451,https://doi.org/10.1586/14737140.1.3.357,,,0,0
https://openalex.org/w2014431094,https://doi.org/10.1038/jid.2009.302,,,0,0
https://openalex.org/w2045887992,https://doi.org/10.1016/j.autrev.2008.07.015,,,0,0
https://openalex.org/w2319938638,https://doi.org/10.1016/j.cyto.2010.07.360,,,0,0
https://openalex.org/w2041963924,https://doi.org/10.2310/7750.2013.wound6,,,0,0
https://openalex.org/w2754838067,https://doi.org/10.1136/annrheumdis-2017-eular.4180,,,0,0
https://openalex.org/w2063675796,https://doi.org/10.1002/ajmg.a.36887,,,0,0
https://openalex.org/w2063323018,https://doi.org/10.1002/art.34450,,,0,0
https://openalex.org/w2058582559,https://doi.org/10.1086/592579,,,0,0
https://openalex.org/w1496473278,https://doi.org/10.1002/art.37821,,090-138-616-239-05X,0,0
https://openalex.org/w2132275713,https://doi.org/10.1002/art.1780360106,,,0,0
https://openalex.org/w2754641573,https://doi.org/10.1136/annrheumdis-2017-eular.6019,,,0,0
https://openalex.org/w2115842856,https://doi.org/10.1093/rheumatology/ken118,,,0,0
https://openalex.org/w2038819155,https://doi.org/10.1038/nbt.2424,,,0,0
https://openalex.org/w1992049128,https://doi.org/10.1182/blood-2011-01-330639,,,0,0
https://openalex.org/w2001781806,https://doi.org/10.1111/j.1365-2036.2006.03165.x,,,0,0
https://openalex.org/w2021243850,https://doi.org/10.2217/17455057.3.1.107,,,0,0
https://openalex.org/w2010789040,https://doi.org/10.1089/aid.1996.12.1509,,,0,0
https://openalex.org/w2058840945,https://doi.org/10.1016/j.cytogfr.2008.05.001,,082-152-969-538-240,0,0
https://openalex.org/w2115522028,https://doi.org/10.1046/j.0007-0963.2001.04570.x,,,0,0
https://openalex.org/w2094288625,https://doi.org/10.1016/j.semarthrit.2007.05.002,,,0,0
https://openalex.org/w2883052264,https://doi.org/10.1007/s40259-018-0295-0,,,0,0
https://openalex.org/w2901463271,https://doi.org/10.1007/s10875-018-0563-2,,,0,0
https://openalex.org/w2008232933,https://doi.org/10.1592/phco.22.5.391.33188,,,0,0
https://openalex.org/w1991278633,https://doi.org/10.1016/j.toxicon.2004.05.008,,,0,0
https://openalex.org/w2752703716,https://doi.org/10.1002/art.40314,,,0,0
https://openalex.org/w2465216597,https://doi.org/10.1038/nrrheum.2016.100,,,0,0
https://openalex.org/w2108833835,https://doi.org/10.1016/j.trsl.2006.12.007,,,0,0
https://openalex.org/w2105167551,https://doi.org/10.1016/s0140-6736(11)61649-8,,,0,0
https://openalex.org/w4252771677,https://doi.org/10.1001/jama.273.21.1659,,,0,0
https://openalex.org/w2347074881,https://doi.org/10.1038/srep25482,,,0,0
https://openalex.org/w2018709140,https://doi.org/10.1016/j.transci.2010.03.001,,,0,0
https://openalex.org/w2607084940,https://doi.org/10.1016/j.cytogfr.2017.04.002,,,0,0
https://openalex.org/w4302430845,https://doi.org/10.1111/j.1365-2567.2011.03534.x,,,0,0
https://openalex.org/w2320868805,https://doi.org/10.1136/annrheumdis-2014-eular.3402,,,0,0
https://openalex.org/w2113926347,https://doi.org/10.1086/314961,,,0,0
https://openalex.org/w2029873009,https://doi.org/10.1002/1529-0131(199909)42:9<1998::aid-anr28>3.0.co;2-d,,,0,0
https://openalex.org/w2137274211,https://doi.org/10.1038/nature09102,,,0,0
https://openalex.org/w2912968780,https://doi.org/10.1016/s0140-6736(18)32763-6,,,0,0
https://openalex.org/w2319120742,https://doi.org/10.1136/annrheumdis-2014-eular.2893,,,0,0
https://openalex.org/w4241876441,https://doi.org/10.1038/jid.2015.266,,,0,0
https://openalex.org/w1971530944,https://doi.org/10.1016/j.biochi.2007.04.013,,,0,0
https://openalex.org/w4238149230,https://doi.org/10.1002/eji.201970056,,,0,0
https://openalex.org/w2072196555,https://doi.org/10.1136/annrheumdis-2013-204600,,,1,1
https://openalex.org/w2593622945,https://doi.org/10.1155/2017/7462945,,,0,0
https://openalex.org/w2138808841,https://doi.org/10.1016/j.clineuro.2012.02.039,,,0,0
https://openalex.org/w2004647206,https://doi.org/10.1097/00002281-199809000-00004,,,0,0
https://openalex.org/w2019558732,https://doi.org/10.1002/ibd.21691,,,0,0
https://openalex.org/w2315210851,https://doi.org/10.1097/bor.0b013e32833f108a,,,0,0
https://openalex.org/w1975241480,https://doi.org/10.1016/s1081-1206(10)60016-6,,,0,0
https://openalex.org/w2331333452,https://doi.org/10.1136/annrheumdis-2014-eular.2650,,,0,0
https://openalex.org/w2133417821,https://doi.org/10.1016/j.rdc.2010.05.003,,,0,0
https://openalex.org/w2322016587,https://doi.org/10.1016/j.cyto.2010.07.191,,,0,0
https://openalex.org/w2088120033,https://doi.org/10.1084/jem.20080462,,,0,0
https://openalex.org/w4254177788,https://doi.org/10.1517/13543776.16.2.221,,,0,0
https://openalex.org/w4230580841,https://doi.org/10.1111/j.1756-185x.2010.01486.x,,,0,0
https://openalex.org/w1911828475,https://doi.org/10.1200/jco.1998.16.4.1425,,,0,0
https://openalex.org/w1964047989,https://doi.org/10.1182/blood.v99.6.2259,,,0,0
https://openalex.org/w2169467239,https://doi.org/10.1042/bj20120888,,,0,0
https://openalex.org/w2144224481,https://doi.org/10.3389/fimmu.2013.00306,,,0,0
https://openalex.org/w2965774664,https://doi.org/10.1136/annrheumdis-2019-215770,,,1,1
https://openalex.org/w2142432004,https://doi.org/10.1124/mol.104.000315,,,0,0
https://openalex.org/w1652965038,https://doi.org/10.1016/j.cyto.2015.08.068,,,0,0
https://openalex.org/w2418430705,https://doi.org/10.1136/annrheumdis-2015-eular.2320,,,0,0
https://openalex.org/w2059917081,https://doi.org/10.1016/j.coi.2009.05.005,,,0,0
https://openalex.org/w2586230339,https://doi.org/10.1080/08916934.2017.1280670,,,0,0
https://openalex.org/w2328030129,https://doi.org/10.1136/annrheumdis-2013-eular.1228,,,0,0
https://openalex.org/w2912143218,https://doi.org/10.1007/s00415-019-09211-5,,,0,0
https://openalex.org/w1517989456,https://doi.org/10.1186/ar1026,,,0,0
https://openalex.org/w2162509998,https://doi.org/10.1073/pnas.1212753109,,,0,0
https://openalex.org/w2081270619,https://doi.org/10.1111/j.1365-2249.2006.03023.x,,,0,0
https://openalex.org/w2090745904,https://doi.org/10.1097/mol.0b013e328304b65f,,,0,0
https://openalex.org/w1039974518,https://doi.org/10.1182/blood.v122.21.3714.3714,,,0,0
https://openalex.org/w2323248399,https://doi.org/10.1136/annrheumdis-2016-209124.13,,,0,0
https://openalex.org/w1851705588,https://doi.org/10.1002/eji.201444979,,,0,0
https://openalex.org/w1535123742,https://doi.org/10.1002/eji.201142223,,,0,0
https://openalex.org/w2138090246,https://doi.org/10.1186/ar4435,,,0,0
https://openalex.org/w1973741006,https://doi.org/10.1002/ibd.20027,,,0,0
https://openalex.org/w2436300174,,,,0,0
https://openalex.org/w2055555024,https://doi.org/10.1007/s10620-008-0489-2,,,0,0
https://openalex.org/w2015488780,https://doi.org/10.3109/13697130902952577,,,0,0
https://openalex.org/w2026348651,https://doi.org/10.1016/j.autrev.2012.12.001,,,0,0
https://openalex.org/w2060803497,https://doi.org/10.2165/00003495-200767140-00004,,,0,0
https://openalex.org/w2338241371,https://doi.org/10.1084/jem.20151876,,,0,0
https://openalex.org/w2064812526,https://doi.org/10.1038/leu.2008.280,,,0,0
https://openalex.org/w2332060501,https://doi.org/10.1136/annrheumdis-2013-eular.2155,,,0,0
https://openalex.org/w2122543047,https://doi.org/10.1084/jem.20090585,,,0,0
https://openalex.org/w2157730228,https://doi.org/10.1084/jem.20090851,,,0,0
https://openalex.org/w2062713016,https://doi.org/10.1177/0961203309105529,,,1,1
https://openalex.org/w2057530910,https://doi.org/10.1016/j.jbspin.2015.01.022,,,0,0
https://openalex.org/w1973374553,https://doi.org/10.1038/nrrheum.2014.144,,,0,0
https://openalex.org/w2424672335,https://doi.org/10.1017/s1092852900025463,,,0,0
https://openalex.org/w2167878922,https://doi.org/10.2174/138161212803307509,,,0,0
https://openalex.org/w1972576235,https://doi.org/10.1097/bor.0b013e328338f6df,,,0,0
https://openalex.org/w2026091205,https://doi.org/10.1007/s10072-007-0842-9,,,0,0
https://openalex.org/w2027593186,https://doi.org/10.4103/0971-4065.98790,,,0,0
https://openalex.org/w2058109161,https://doi.org/10.1097/01.maj.0000308932.93221.68,,,0,0
https://openalex.org/w2152938275,https://doi.org/10.1093/hmg/ddm189,,,0,0
https://openalex.org/w2168495604,https://doi.org/10.3899/jrheum.100898,,,0,0
https://openalex.org/w2022139866,https://doi.org/10.1111/j.1365-2249.2008.03739.x,,,0,0
https://openalex.org/w2774351255,https://doi.org/10.1038/s41467-017-01932-3,,,0,0
https://openalex.org/w2002444295,https://doi.org/10.1097/00004397-199403410-00011,,,0,0
https://openalex.org/w2297218150,,,,0,0
https://openalex.org/w2164564878,https://doi.org/10.1002/hep.1840150405,,,0,0
https://openalex.org/w2091968714,https://doi.org/10.2165/00128071-200607020-00002,,,0,0
https://openalex.org/w2088722807,https://doi.org/10.1002/art.30193,,,0,0
https://openalex.org/w2126484151,https://doi.org/10.1016/j.lpm.2010.12.013,,,0,0
https://openalex.org/w2036813125,https://doi.org/10.1016/j.autrev.2014.01.056,,,0,0
https://openalex.org/w2941212367,https://doi.org/10.4049/jimmunol.1801512,,,0,0
https://openalex.org/w2013884018,https://doi.org/10.1097/01.bor.0000137852.42270.0f,,,0,0
https://openalex.org/w2080810192,https://doi.org/10.1016/s0091-6749(99)70470-7,,,0,0
https://openalex.org/w1508149331,https://doi.org/10.1111/j.1600-0625.2012.01475.x,,,0,0
https://openalex.org/w2040685731,https://doi.org/10.2217/imt.14.118,,,0,0
https://openalex.org/w2149004987,https://doi.org/10.1186/ar2885,,,0,0
https://openalex.org/w2332444863,https://doi.org/10.1097/00002281-200301000-00013,,048-515-826-626-988,0,0
https://openalex.org/w2324717070,https://doi.org/10.1136/annrheumdis-2015-eular.4240,,,0,0
https://openalex.org/w2090686248,https://doi.org/10.1160/th05-03-0153,,,0,0
https://openalex.org/w2107538559,https://doi.org/10.1517/13543784.2013.775246,,,0,0
https://openalex.org/w2981855225,,,,1,1
https://openalex.org/w2790504278,https://doi.org/10.1038/s41423-018-0010-6,,,0,0
https://openalex.org/w2169463345,https://doi.org/10.1038/nrrheum.2012.64,,,0,0
https://openalex.org/w2010373837,https://doi.org/10.2147/ndt.s4474,,,0,0
https://openalex.org/w2886148779,https://doi.org/10.1007/bf00286766,,,0,0
https://openalex.org/w1631384870,https://doi.org/10.4049/jimmunol.1003349,,,0,0
https://openalex.org/w4300128753,https://doi.org/10.1111/j.1365-2133.2009.09092.x,,,0,0
https://openalex.org/w2166214913,https://doi.org/10.1111/j.1365-2893.2011.01571.x,,,0,0
https://openalex.org/w2056519407,https://doi.org/10.1038/clpt.2008.274,,,0,0
https://openalex.org/w4300140989,https://doi.org/10.1038/bmt.2010.41,,,0,0
https://openalex.org/w2070852884,https://doi.org/10.1159/000351248,,,0,0
https://openalex.org/w2396754672,,,,0,0
https://openalex.org/w2368315689,https://doi.org/10.1111/sji.12449,,,1,1
https://openalex.org/w2807700854,https://doi.org/10.1016/j.ebiom.2018.05.034,,,0,0
https://openalex.org/w2033947199,https://doi.org/10.1111/j.1440-1754.2004.00361.x,,,0,0
https://openalex.org/w1572629362,https://doi.org/10.1002/acr.22454,,,0,0
https://openalex.org/w2031544797,https://doi.org/10.1097/01.bor.0000434672.77891.41,,,0,0
https://openalex.org/w2242497196,https://doi.org/10.1002/eji.200990286,,,0,0
https://openalex.org/w1987503971,https://doi.org/10.1136/ard.2010.149096.8,,,0,0
https://openalex.org/w2000950725,https://doi.org/10.1016/j.semarthrit.2014.10.004,,,0,0
https://openalex.org/w1871243464,https://doi.org/10.4049/jimmunol.173.6.3676,,,0,0
https://openalex.org/w2046593013,https://doi.org/10.1016/s0887-8994(00)00268-x,,,0,0
https://openalex.org/w4245567821,https://doi.org/10.3109/bf03041283,,,0,0
https://openalex.org/w2923876641,https://doi.org/10.1002/jlb.3mir1218-483rr,,,0,0
https://openalex.org/w621478045,,,,0,0
https://openalex.org/w2567527204,https://doi.org/10.1016/j.jaut.2016.12.003,,,0,1
https://openalex.org/w2076597215,https://doi.org/10.1016/0002-9343(85)90238-4,,,0,0
https://openalex.org/w2974551108,https://doi.org/10.1016/j.msard.2019.101402,,,0,0
https://openalex.org/w2087713239,https://doi.org/10.1002/art.21800,,,0,0
https://openalex.org/w2405247224,https://doi.org/10.1093/rheumatology/kew213,,,0,0
https://openalex.org/w2078120325,https://doi.org/10.1002/cncr.23035,,,0,0
https://openalex.org/w2147193657,https://doi.org/10.1002/jmr.628,,,0,0
https://openalex.org/w2067306470,https://doi.org/10.1097/nrl.0b013e31815fa594,,,0,0
https://openalex.org/w21392567,,,,0,0
https://openalex.org/w2913512379,https://doi.org/10.1016/j.cyto.2018.12.018,,,0,0
https://openalex.org/w2044104651,https://doi.org/10.1111/j.1600-0765.2008.01116.x,,,0,0
https://openalex.org/w2626940821,https://doi.org/10.1111/1756-185x.13109,,,0,0
https://openalex.org/w2154462953,https://doi.org/10.18433/j36p47,,,0,0
https://openalex.org/w2840496433,https://doi.org/10.1371/journal.pone.0198325,,,0,0
https://openalex.org/w2090887217,https://doi.org/10.1002/art.34331,,,0,0
https://openalex.org/w2496531080,,,,0,0
https://openalex.org/w2093322537,https://doi.org/10.1007/s12016-014-8452-9,,,0,0
https://openalex.org/w2012488458,https://doi.org/10.1191/1352458502ms852xx,,,0,0
https://openalex.org/w2436042840,,,,0,0
https://openalex.org/w2396380513,,,,0,0
https://openalex.org/w2001291822,https://doi.org/10.1586/era.09.69,,,0,0
https://openalex.org/w2123769946,https://doi.org/10.1016/s1470-2045(07)70285-1,,,0,0
https://openalex.org/w2126763997,https://doi.org/10.3389/fcimb.2012.00168,,,0,0
https://openalex.org/w4241778516,https://doi.org/10.1007/s11606-011-1730-9,,,0,0
https://openalex.org/w2464541501,,,,0,0
https://openalex.org/w2144804791,https://doi.org/10.3109/09546639909056044,,,0,0
https://openalex.org/w2061424916,https://doi.org/10.1016/j.jval.2011.08.896,,,0,0
https://openalex.org/w2068130629,https://doi.org/10.1007/s12016-014-8425-z,,,0,0
https://openalex.org/w2002289451,https://doi.org/10.1073/pnas.94.1.233,,,0,0
https://openalex.org/w2129708174,https://doi.org/10.1084/jem.20050914,,,0,0
https://openalex.org/w2608242796,https://doi.org/10.1136/lupus-2017-000215.105,,,0,0
https://openalex.org/w2150408702,https://doi.org/10.2174/138920007780362581,,,0,0
https://openalex.org/w2153493454,https://doi.org/10.1186/ar3364,,,0,0
https://openalex.org/w1984926772,https://doi.org/10.1055/s-0033-1356489,,,0,0
https://openalex.org/w2312346454,https://doi.org/10.1007/bf00197188,,,0,0
https://openalex.org/w2869377759,https://doi.org/10.1212/nxi.0000000000000477,,,0,0
https://openalex.org/w2111270619,https://doi.org/10.1155/2010/365083,,,0,0
https://openalex.org/w1588400336,https://doi.org/10.1111/cei.12147,,,0,0
https://openalex.org/w2166531684,https://doi.org/10.1002/art.1780280605,,,1,1
https://openalex.org/w2503635834,https://doi.org/10.1080/14712598.2016.1214263,,,0,0
https://openalex.org/w2897391627,https://doi.org/10.1016/j.mehy.2018.10.009,,,0,0
https://openalex.org/w2038941725,https://doi.org/10.1007/s00415-013-7169-7,,,0,0
https://openalex.org/w1979455085,https://doi.org/10.1586/ecp.12.37,,,0,0
https://openalex.org/w2013853118,https://doi.org/10.2147/tcrm.s30947,,,0,0
https://openalex.org/w1971303542,https://doi.org/10.1007/bf03258506,,,0,0
https://openalex.org/w1963552316,https://doi.org/10.1136/ard.2004.033753,,,1,1
https://openalex.org/w2043752436,https://doi.org/10.1196/annals.1423.029,,,0,0
https://openalex.org/w2402092920,https://doi.org/10.1182/blood.v69.5.1280.1280,,,0,0
https://openalex.org/w2415071421,https://doi.org/10.1016/s0889-8588(18)30139-4,,,0,0
https://openalex.org/w2750432566,https://doi.org/10.2147/jmdh.s93681,,,0,0
https://openalex.org/w2039311251,https://doi.org/10.1159/000075309,,,0,0
https://openalex.org/w1972241906,https://doi.org/10.1016/j.jns.2012.02.017,,,0,0
https://openalex.org/w1999099525,https://doi.org/10.1002/(sici)1097-4598(199612)19:12<1596::aid-mus9>3.0.co;2-5,,,0,0
https://openalex.org/w2037691994,https://doi.org/10.1177/1352458509106636,,,0,0
https://openalex.org/w1973511155,https://doi.org/10.1007/s00281-013-0375-7,,,0,0
https://openalex.org/w1978081120,https://doi.org/10.1182/blood-2003-04-1356,,,0,0
https://openalex.org/w2789797871,https://doi.org/10.1080/14397595.2018.1436118,,064-699-219-423-58X,1,1
https://openalex.org/w2435453639,,,,0,0
https://openalex.org/w190313701,,,,0,0
https://openalex.org/w2769884731,https://doi.org/10.1080/10428194.2017.1397666,,,0,0
https://openalex.org/w4256087777,https://doi.org/10.1182/blood.v84.10.3336.bloodjournal84103336,,,0,0
https://openalex.org/w2556132046,https://doi.org/10.1136/annrheumdis-2016-eular.1292,,,0,0
https://openalex.org/w2106276912,https://doi.org/10.1177/1759720x15586782,,,0,0
https://openalex.org/w2102683332,https://doi.org/10.1177/1091581815584918,,,0,0
https://openalex.org/w2141793668,https://doi.org/10.1016/s0037-1963(01)90089-7,,,0,0
https://openalex.org/w2467207875,https://doi.org/10.1177/0961203316670731,,,0,0
https://openalex.org/w1975588545,https://doi.org/10.1016/0140-6736(93)90325-b,,,0,0
https://openalex.org/w1558936262,https://doi.org/10.4049/jimmunol.129.1.1,,,0,0
https://openalex.org/w2949185300,https://doi.org/10.1136/annrheumdis-2019-eular.5575,,,0,0
https://openalex.org/w2140769987,https://doi.org/10.1111/j.1468-1331.2008.02123.x,,,0,0
https://openalex.org/w2117786286,https://doi.org/10.1002/art.34322,,,0,0
https://openalex.org/w2896515722,https://doi.org/10.1177/0961203318804877,,,0,0
https://openalex.org/w4302394934,https://doi.org/10.1007/s10875-014-0013-8,,,0,0
https://openalex.org/w2003364062,https://doi.org/10.2174/1381612043453414,,,0,0
https://openalex.org/w2144422905,https://doi.org/10.1586/14737140.7.4.567,,,0,0
https://openalex.org/w2057321247,https://doi.org/10.1007/s00296-006-0282-5,,,0,0
https://openalex.org/w2616091527,https://doi.org/10.1186/s13075-017-1290-4,,,0,0
https://openalex.org/w597422992,https://doi.org/10.1016/j.drudis.2015.05.012,,,0,0
https://openalex.org/w4288378085,https://doi.org/10.1017/s1047951119000489,,,0,0
https://openalex.org/w2106451155,https://doi.org/10.1200/jco.2014.57.1950,,,0,0
https://openalex.org/w2012869958,https://doi.org/10.1097/00001432-199506000-00006,,,0,0
https://openalex.org/w2799803882,https://doi.org/10.1016/j.jid.2018.03.456,,,0,0
https://openalex.org/w2060438123,https://doi.org/10.1177/0961203308090020,,,0,0
https://openalex.org/w2107471334,https://doi.org/10.1155/2007/910831,,,0,0
https://openalex.org/w2140782967,https://doi.org/10.2337/db09-1706,,,0,0
https://openalex.org/w2128852153,https://doi.org/10.1016/j.jaad.2009.12.052,,,0,0
https://openalex.org/w2115727993,https://doi.org/10.1136/annrheumdis-2011-201026,,,0,0
https://openalex.org/w2930587512,https://doi.org/10.1097/bor.0000000000000497,,,0,0
https://openalex.org/w4289438294,https://doi.org/10.1007/s40264-018-0719-2,,,0,0
https://openalex.org/w2061266374,https://doi.org/10.1007/s11901-011-0109-z,,,0,0
https://openalex.org/w2766823743,https://doi.org/10.1016/j.imlet.2017.10.011,,,0,0
https://openalex.org/w2414379888,https://doi.org/10.1136/annrheumdis-2015-eular.6706,,,0,0
https://openalex.org/w2017565783,https://doi.org/10.1016/j.clim.2010.03.241,,,0,0
https://openalex.org/w2104701403,https://doi.org/10.1136/jnnp.58.5.638,,,0,0
https://openalex.org/w1980295860,https://doi.org/10.1007/s002810100080,,,0,0
https://openalex.org/w1966480773,https://doi.org/10.1097/00002281-199801000-00008,,,0,0
https://openalex.org/w2048210855,https://doi.org/10.1016/s0190-9622(86)70192-8,,,0,0
https://openalex.org/w2165118534,https://doi.org/10.1542/peds.112.4.e323,,,0,0
https://openalex.org/w2053246945,https://doi.org/10.1016/j.rdc.2005.12.001,,,0,0
https://openalex.org/w1981651579,https://doi.org/10.1111/1346-8138.12716,,,0,0
https://openalex.org/w2327589354,https://doi.org/10.15537/smj.2016.4.14768,,,0,0
https://openalex.org/w2116153202,https://doi.org/10.1111/1756-185x.12195,,,0,0
https://openalex.org/w1980390916,https://doi.org/10.1002/hep.21917,,,0,0
https://openalex.org/w2806157575,https://doi.org/10.1016/j.imlet.2018.06.001,,,0,0
https://openalex.org/w129556428,,,,0,0
https://openalex.org/w1461576582,https://doi.org/10.1016/j.gtc.2015.07.006,,,0,0
https://openalex.org/w2327715439,https://doi.org/10.1136/annrheumdis-2014-eular.2780,,,0,0
https://openalex.org/w2151393258,https://doi.org/10.1016/j.clindermatol.2010.03.020,,,0,0
https://openalex.org/w2158364232,,,,0,0
https://openalex.org/w2025531028,https://doi.org/10.1097/cco.0b013e328011a236,,,0,0
https://openalex.org/w2169630838,https://doi.org/10.1345/aph.1h169,,,0,0
https://openalex.org/w2851420893,https://doi.org/10.1371/journal.pone.0199991,,,0,0
https://openalex.org/w2041344850,https://doi.org/10.1111/j.1365-2133.2008.08568.x,,,0,0
https://openalex.org/w2166094088,https://doi.org/10.2174/187152807783334300,,,0,0
https://openalex.org/w2049974762,https://doi.org/10.1155/2009/475390,,,0,0
https://openalex.org/w2973064061,https://doi.org/10.1093/rheumatology/kez335,,,1,1
https://openalex.org/w1965442346,https://doi.org/10.1310/hpj4607-477,,144-624-933-023-886,0,0
https://openalex.org/w2003164809,https://doi.org/10.1016/s0168-8278(03)00247-2,,,0,0
https://openalex.org/w2123014186,https://doi.org/10.4049/jimmunol.181.5.3252,,,0,0
https://openalex.org/w2564661777,https://doi.org/10.1186/s13075-016-1191-y,,,1,1
https://openalex.org/w2082829109,https://doi.org/10.1016/0046-8177(89)90128-7,,,0,0
https://openalex.org/w1988239900,https://doi.org/10.1111/all.12088,,,0,0
https://openalex.org/w2110535065,https://doi.org/10.4049/jimmunol.164.12.6180,,,0,0
https://openalex.org/w2122997556,https://doi.org/10.1093/rheumatology/keq718,,,0,0
https://openalex.org/w1597596704,https://doi.org/10.1111/j.1365-3083.2012.02749.x,,,0,0
https://openalex.org/w2052398913,https://doi.org/10.1038/nrrheum.2013.103,,,0,0
https://openalex.org/w2951399865,https://doi.org/10.1136/annrheumdis-2019-eular.4452,,,0,0
https://openalex.org/w1964750690,https://doi.org/10.1007/s00296-012-2451-z,,,0,0
https://openalex.org/w194530502,,,,0,0
https://openalex.org/w2342439496,https://doi.org/10.1055/s-0036-1579736,,,0,0
https://openalex.org/w2021490026,https://doi.org/10.1038/nri2161,,,0,0
https://openalex.org/w1974322193,https://doi.org/10.1378/chest.123.1.209,,,0,0
https://openalex.org/w136558191,,,,0,0
https://openalex.org/w2303657612,https://doi.org/10.1007/s12094-016-1498-9,,,0,0
https://openalex.org/w2992635764,,,,0,0
https://openalex.org/w2122995291,https://doi.org/10.4049/jimmunol.1001782,,,0,0
https://openalex.org/w1997868117,https://doi.org/10.1016/j.autrev.2013.09.010,,,0,0
https://openalex.org/w2887467763,https://doi.org/10.1177/1078155218791314,,,0,0
https://openalex.org/w2158839189,https://doi.org/10.3748/wjg.v13.i16.2379,,,0,0
https://openalex.org/w2055816854,https://doi.org/10.1016/0016-5085(94)90564-9,,,0,0
https://openalex.org/w1847793096,https://doi.org/10.1177/0961203306075615,,,0,0
https://openalex.org/w2086293927,https://doi.org/10.3109/08830185.2013.788648,,,0,0
https://openalex.org/w4412336736,,,,0,0
https://openalex.org/w2069513756,https://doi.org/10.1016/j.biopha.2003.08.001,,,0,0
https://openalex.org/w2159586275,,,,0,0
https://openalex.org/w2593429378,https://doi.org/10.1111/cei.12957,,,1,1
https://openalex.org/w2794587857,https://doi.org/10.3892/mmr.2018.8834,,,0,0
https://openalex.org/w2170056886,https://doi.org/10.3389/fphar.2012.00008,,,0,0
https://openalex.org/w2076350348,https://doi.org/10.3816/cgc.2007.n.029,,,0,0
https://openalex.org/w2114225021,https://doi.org/10.1191/1352458504ms990oa,,,0,0
https://openalex.org/w2144063654,https://doi.org/10.2174/157339712801318975,,,0,0
https://openalex.org/w2129629386,https://doi.org/10.1186/ar1864,,,0,0
https://openalex.org/w2299948123,,,,0,0
https://openalex.org/w1978162131,https://doi.org/10.1300/j094v12n03_13,,,0,0
https://openalex.org/w2894149931,https://doi.org/10.1111/nan.12519,,,0,1
https://openalex.org/w2075117075,https://doi.org/10.1055/s-2003-39072,,,0,0
https://openalex.org/w2004944669,https://doi.org/10.3899/jrheum.121299,,,0,0
https://openalex.org/w2606866852,,,,0,0
https://openalex.org/w2041559924,https://doi.org/10.1016/j.pan.2012.12.349,,,0,0
https://openalex.org/w2912932595,https://doi.org/10.4049/jimmunol.1801521,,,0,0
https://openalex.org/w2329086168,https://doi.org/10.1038/sj.mt.6300240,,,0,0
https://openalex.org/w2312560910,https://doi.org/10.1136/annrheumdis-2013-eular.1882,,,0,0
https://openalex.org/w2063176674,https://doi.org/10.2174/157339707782408973,,,0,0
https://openalex.org/w1993116843,https://doi.org/10.1038/nrneph.2015.33,,,0,0
https://openalex.org/w1854322833,https://doi.org/10.1111/1756-185x.12752,,,0,0
https://openalex.org/w2165444489,https://doi.org/10.1136/ard.2010.139824,,,0,0
https://openalex.org/w2064269972,https://doi.org/10.1089/jir.1998.18.255,,,0,0
https://openalex.org/w2101635951,https://doi.org/10.1186/ar3958,,,0,0
https://openalex.org/w1968119819,https://doi.org/10.1002/art.24535,,,0,0
https://openalex.org/w1977651714,https://doi.org/10.1002/art.21517,,,0,0
https://openalex.org/w2140344896,https://doi.org/10.1002/14651858.cd001555.pub5,,,0,0
https://openalex.org/w1816702532,https://doi.org/10.1007/s40265-015-0483-x,,,0,0
https://openalex.org/w2069357264,https://doi.org/10.1111/j.1365-2222.1971.tb02453.x,,028-306-825-688-101,0,0
https://openalex.org/w44154982,,,,0,0
https://openalex.org/w2778552086,https://doi.org/10.1155/2017/4532409,,,0,0
https://openalex.org/w2007515183,https://doi.org/10.1016/j.pharmthera.2005.03.006,,,0,0
https://openalex.org/w2067237090,https://doi.org/10.3109/08916934.2012.719949,,,0,0
https://openalex.org/w1829043560,https://doi.org/10.1155/2010/838390,,,0,0
https://openalex.org/w1996831152,https://doi.org/10.1016/j.cyto.2012.06.303,,,0,0
https://openalex.org/w2107140441,https://doi.org/10.1007/s12185-014-1718-4,,,0,0
https://openalex.org/w2126574676,https://doi.org/10.1111/j.1365-2990.2010.01105.x,,,0,0
https://openalex.org/w2410721446,,,,0,0
https://openalex.org/w2057144637,https://doi.org/10.1007/s001920050068,,,0,0
https://openalex.org/w2004553615,https://doi.org/10.1517/14712598.2014.871256,,,0,0
https://openalex.org/w1750192893,https://doi.org/10.4049/jimmunol.180.8.5250,,,0,0
https://openalex.org/w4298850858,https://doi.org/10.1111/j.1756-185x.2010.01492.x,,,0,0
https://openalex.org/w1856318570,https://doi.org/10.1186/s12974-015-0353-1,,,0,0
https://openalex.org/w4246633945,https://doi.org/10.1177/1352458512436463,,,0,0
https://openalex.org/w2410649053,,,,0,0
https://openalex.org/w2012584392,https://doi.org/10.1136/annrheumdis-2014-205396,,,0,0
https://openalex.org/w2075631773,https://doi.org/10.1016/j.autrev.2005.05.004,,,0,0
https://openalex.org/w2894889908,https://doi.org/10.1007/s11055-018-0642-0,,,0,0
https://openalex.org/w2063431461,https://doi.org/10.1007/s15010-007-6299-1,,,0,0
https://openalex.org/w1970761386,https://doi.org/10.1111/1756-185x.12098,,,0,0
https://openalex.org/w2950787234,https://doi.org/10.1136/annrheumdis-2019-eular.4710,,,0,0
https://openalex.org/w2145740397,https://doi.org/10.3109/10428199309047885,,027-517-102-998-425,0,0
https://openalex.org/w2153481965,https://doi.org/10.1523/jneurosci.3617-10.2011,,,0,0
https://openalex.org/w2142296863,https://doi.org/10.1586/eci.10.104,,,0,0
https://openalex.org/w1881268909,https://doi.org/10.1080/19420862.2015.1055443,,,0,0
https://openalex.org/w2125377718,https://doi.org/10.1186/1750-1172-5-22,,,0,0
https://openalex.org/w2401822932,,,,0,0
https://openalex.org/w2883993186,https://doi.org/10.1016/j.jneuroim.2018.07.011,,,0,0
https://openalex.org/w2046289104,https://doi.org/10.1016/j.lpm.2013.02.255,,,0,0
https://openalex.org/w2524901251,https://doi.org/10.1136/annrheumdis-2016-209589,,,1,1
https://openalex.org/w2059870726,https://doi.org/10.2174/157339712805077078,,,0,0
https://openalex.org/w2947593190,https://doi.org/10.1136/lupus-2019-000336,,,0,0
https://openalex.org/w2124421734,https://doi.org/10.1093/rheumatology/ket436,,,0,0
https://openalex.org/w1997004640,https://doi.org/10.1053/berh.2000.0146,,,0,0
https://openalex.org/w2131088013,https://doi.org/10.2174/138920108783497631,,,0,0
https://openalex.org/w4205439982,https://doi.org/10.1002/jhm.920,,,0,0
https://openalex.org/w2016990518,https://doi.org/10.1186/ar3617,,,0,0
https://openalex.org/w2047781001,https://doi.org/10.1111/j.1365-2133.2006.07579.x,,,0,0
https://openalex.org/w2165490555,https://doi.org/10.1002/art.1780300910,,,0,0
https://openalex.org/w4242663913,https://doi.org/10.1111/eci.12604,,,0,0
https://openalex.org/w1964657463,https://doi.org/10.3109/s01007-003-0206-x,,,0,0
https://openalex.org/w2015801029,https://doi.org/10.1136/annrheumdis-2013-203224.20,,,0,0
https://openalex.org/w2559562829,https://doi.org/10.1016/s1470-2045(16)30558-7,,,0,0
https://openalex.org/w1982729654,https://doi.org/10.1002/art.38004,,,0,0
https://openalex.org/w2088428906,https://doi.org/10.1016/j.cytogfr.2010.03.003,,,0,0
https://openalex.org/w2073092693,https://doi.org/10.1034/j.1601-5215.2002.140101.x,,,0,0
https://openalex.org/w2044845383,https://doi.org/10.1046/j.1365-2133.2002.04897.x,,,0,0
https://openalex.org/w2525357728,https://doi.org/10.1038/ncomms12970,,,0,0
https://openalex.org/w1997722802,https://doi.org/10.1517/14728222.2013.740012,,,0,0
https://openalex.org/w2148953359,https://doi.org/10.1093/rheumatology/keh056,,,0,0
https://openalex.org/w299753989,,,,0,0
https://openalex.org/w1977442094,https://doi.org/10.2165/00003495-200767040-00004,,,0,0
https://openalex.org/w2171151822,https://doi.org/10.3109/03009748709102530,,,0,0
https://openalex.org/w2901994709,https://doi.org/10.4049/jimmunol.1800357,,,0,0
https://openalex.org/w2116818310,https://doi.org/10.1080/09511920410001713538,,,0,0
https://openalex.org/w2037411696,https://doi.org/10.1136/ard.2010.129668n,,,0,0
https://openalex.org/w2109913264,https://doi.org/10.4049/jimmunol.1100631,,,0,0
https://openalex.org/w1998976412,https://doi.org/10.1016/j.jaad.2006.06.016,,,0,0
https://openalex.org/w1989925225,https://doi.org/10.1038/ki.2014.285,,,0,0
https://openalex.org/w2040151174,https://doi.org/10.1007/s10067-013-2298-z,,,0,0
https://openalex.org/w1958202382,https://doi.org/10.1111/nep.12047,,,0,0
https://openalex.org/w2132437195,https://doi.org/10.1200/jco.2005.02.1691,,,0,0
https://openalex.org/w2007465432,https://doi.org/10.3899/jrheum.130310,,,0,0
https://openalex.org/w2159137640,https://doi.org/10.1111/j.1365-2249.2008.03646.x,,,1,1
https://openalex.org/w2040239569,https://doi.org/10.1002/art.22815,,,0,0
https://openalex.org/w1973644616,https://doi.org/10.1016/s1474-4422(05)70082-x,,,0,0
https://openalex.org/w2072566972,https://doi.org/10.1038/nm1103-1337a,,,0,0
https://openalex.org/w2061519346,https://doi.org/10.1097/01.meg.0000108342.41221.0c,,,0,0
https://openalex.org/w1978729515,https://doi.org/10.1002/cncr.25191,,,0,0
https://openalex.org/w3082382246,https://doi.org/10.1111/imj.14079,,,0,0
https://openalex.org/w2038942239,https://doi.org/10.1097/mjt.0b013e318199d6b7,,,0,0
https://openalex.org/w2051540068,https://doi.org/10.1196/annals.1422.002,,,0,0
https://openalex.org/w1781103846,https://doi.org/10.1016/j.jaut.2015.08.016,,,0,0
https://openalex.org/w2047508543,https://doi.org/10.1016/j.rdc.2014.04.006,,,0,0
https://openalex.org/w2043731455,https://doi.org/10.1016/s0163-7258(97)82004-9,,,0,0
https://openalex.org/w2022779537,https://doi.org/10.1161/circulationaha.111.046755,,,0,0
https://openalex.org/w2028797773,https://doi.org/10.1056/nejmcibr1107085,,001-024-351-606-673,0,0
https://openalex.org/w2133152897,https://doi.org/10.1111/bph.13175,,,0,0
https://openalex.org/w2146071715,https://doi.org/10.1517/14712598.5.3.293,,,0,0
https://openalex.org/w21328153,,,,0,0
https://openalex.org/w818847790,https://doi.org/10.1016/j.autrev.2015.07.003,,,0,0
https://openalex.org/w2131327798,https://doi.org/10.1016/0024-3205(89)90147-1,,,0,0
https://openalex.org/w1993637011,https://doi.org/10.1016/j.clml.2011.10.001,,,0,0
https://openalex.org/w2052702521,https://doi.org/10.1016/j.molimm.2012.06.013,,,0,0
https://openalex.org/w2942022598,https://doi.org/10.3389/fimmu.2019.00795,,,0,0
https://openalex.org/w2171178141,https://doi.org/10.1155/2014/406453,,,0,0
https://openalex.org/w2068621321,https://doi.org/10.1038/nrrheum.2010.164,,,0,0
https://openalex.org/w1967826472,https://doi.org/10.1007/s10620-005-2940-y,,,0,0
https://openalex.org/w2971180947,https://doi.org/10.1002/art.41094,,,0,0
https://openalex.org/w1998232037,https://doi.org/10.1016/j.clim.2008.07.010,,,0,0
https://openalex.org/w4229520319,https://doi.org/10.1159/000218356,,070-777-429-706-113,0,0
https://openalex.org/w2802945985,https://doi.org/10.1016/j.jaut.2018.02.001,,,1,1
https://openalex.org/w2748709884,https://doi.org/10.1016/j.jctube.2017.08.004,,,0,0
https://openalex.org/w148054105,https://doi.org/10.1007/978-0-387-89520-8_7,,,0,0
https://openalex.org/w2082376395,https://doi.org/10.1016/j.cmrp.2014.08.004,,,0,0
https://openalex.org/w2030453156,https://doi.org/10.1186/1756-0500-6-437,,,0,0
https://openalex.org/w1976196900,https://doi.org/10.1016/j.cytogfr.2014.07.021,,,0,0
https://openalex.org/w2037448423,https://doi.org/10.2147/ijicmr.s9470,,,0,0
https://openalex.org/w2952152912,https://doi.org/10.1016/j.virusres.2019.197643,,,0,0
https://openalex.org/w2507262358,https://doi.org/10.1007/s00005-016-0418-6,,,0,0
https://openalex.org/w2166227876,https://doi.org/10.1016/j.semarthrit.2007.04.001,,,0,0
https://openalex.org/w2310252482,https://doi.org/10.6004/jnccn.2009.0045,,,0,0
https://openalex.org/w2925057043,https://doi.org/10.1080/14712598.2019.1595578,,,0,0
https://openalex.org/w2901843950,https://doi.org/10.1038/s41581-018-0081-8,,,0,0
https://openalex.org/w2086321626,https://doi.org/10.1038/ncprheum0876,,,0,0
https://openalex.org/w2122097511,https://doi.org/10.1002/art.34679,,,0,0
https://openalex.org/w2608527598,https://doi.org/10.3390/genes8040127,,,0,0
https://openalex.org/w4244896352,https://doi.org/10.1016/j.ncl.2013.11.004,,,0,0
https://openalex.org/w163688438,,,,0,0
https://openalex.org/w2043259568,https://doi.org/10.3899/jrheum.090662,,,0,0
https://openalex.org/w2074080905,https://doi.org/10.1093/rheumatology/29.4.315,,,0,1
https://openalex.org/w2055057294,https://doi.org/10.1016/j.intimp.2015.03.020,,,0,0
https://openalex.org/w2255362737,https://doi.org/10.1111/odi.12462,,,0,0
https://openalex.org/w4237669670,https://doi.org/10.1136/dtb.2011.02.0072,,,0,0
https://openalex.org/w2081602144,https://doi.org/10.1016/j.berh.2008.09.009,,,0,0
https://openalex.org/w2033947371,https://doi.org/10.1089/jop.2011.0238,,,0,0
https://openalex.org/w2323749148,https://doi.org/10.1097/00006454-199707000-00021,,,0,0
https://openalex.org/w1984229220,https://doi.org/10.1160/th13-05-0363,,,0,0
https://openalex.org/w2131536966,https://doi.org/10.1189/jlb.0807511,,,0,0
https://openalex.org/w2141594063,https://doi.org/10.2174/138945008783954970,,,0,0
https://openalex.org/w2048032982,https://doi.org/10.1682/jrrd.2006.05.0053,,,0,0
https://openalex.org/w2117396143,https://doi.org/10.1128/jvi.00601-12,,,0,0
https://openalex.org/w2980349395,https://doi.org/10.1080/03009742.2019.1650107,,,0,0
https://openalex.org/w4235356294,https://doi.org/10.1136/bmj.317.7154.294,,,0,0
https://openalex.org/w2161555922,,,,0,0
https://openalex.org/w1999269634,https://doi.org/10.1016/j.jhep.2004.11.034,,,0,0
https://openalex.org/w2097145477,https://doi.org/10.1093/aje/kwn408,,,0,0
https://openalex.org/w2963533982,https://doi.org/10.3389/fimmu.2019.01880,,,0,0
https://openalex.org/w1998586355,https://doi.org/10.1007/s11936-004-0042-3,,,0,0
https://openalex.org/w2051177901,https://doi.org/10.1182/blood-2005-07-2650,,,0,0
https://openalex.org/w2182848872,,,,0,0
https://openalex.org/w2038513239,https://doi.org/10.1016/j.lpm.2014.03.007,,,0,0
https://openalex.org/w1981032935,https://doi.org/10.1053/j.seminoncol.2006.06.003,,,0,0
https://openalex.org/w2754704394,https://doi.org/10.1016/j.jaci.2017.07.041,,,0,0
https://openalex.org/w2464732122,https://doi.org/10.1146/annurev-med-043015-123453,,,0,0
https://openalex.org/w1538997551,https://doi.org/10.1016/j.jaut.2015.08.004,,,0,0
https://openalex.org/w2029669927,https://doi.org/10.1016/j.cytogfr.2014.08.003,,,0,0
https://openalex.org/w2115902549,https://doi.org/10.1128/cdli.9.3.558-561.2002,,,0,0
https://openalex.org/w1679326228,https://doi.org/10.2217/epi.15.47,,,0,0
https://openalex.org/w2198649373,https://doi.org/10.2165/00063030-200620030-00002,,,0,0
https://openalex.org/w2079010309,https://doi.org/10.2165/11592850-000000000-00000,,,0,0
https://openalex.org/w2396146770,,,,0,0
https://openalex.org/w58162208,,,,0,0
https://openalex.org/w1968864469,https://doi.org/10.1007/s00296-011-2113-6,,,0,0
https://openalex.org/w2017553997,https://doi.org/10.1016/s0169-409x(00)00095-8,,,0,0
https://openalex.org/w2088751222,https://doi.org/10.1016/j.pnpbp.2004.11.003,,,0,0
https://openalex.org/w2044147848,https://doi.org/10.1038/sj.bjc.6602037,,,0,0
https://openalex.org/w2052915472,https://doi.org/10.1002/art.1780250717,,,0,0
https://openalex.org/w2002967050,https://doi.org/10.1002/art.30093,,,0,0
https://openalex.org/w2042312470,https://doi.org/10.1002/art.20798,,,1,1
https://openalex.org/w1996821576,https://doi.org/10.1016/j.cyto.2010.07.095,,,0,0
https://openalex.org/w2101467349,https://doi.org/10.1136/ard.61.11.960,,,0,0
https://openalex.org/w2034004620,https://doi.org/10.2165/00002018-200023040-00002,,,0,0
https://openalex.org/w2612204645,https://doi.org/10.1089/jir.2017.0004,,,0,0
https://openalex.org/w2330065603,https://doi.org/10.1056/nejmcpc0810842,,010-636-853-070-059,0,0
https://openalex.org/w2043407765,https://doi.org/10.1186/ar3017,,,1,1
https://openalex.org/w2072160870,https://doi.org/10.1053/jhep.2002.36810,,,0,0
https://openalex.org/w1959044271,https://doi.org/10.1002/ajh.23895,,,0,0
https://openalex.org/w1984618863,https://doi.org/10.1016/j.addr.2008.12.008,,,0,0
https://openalex.org/w4233133104,https://doi.org/10.1038/sj.icb7100018,,,0,0
https://openalex.org/w2158540915,https://doi.org/10.1186/ar1469,,,0,0
https://openalex.org/w2106928918,https://doi.org/10.1002/mus.21669,,,0,0
https://openalex.org/w2413437988,,,,0,0
https://openalex.org/w1504746607,https://doi.org/10.1177/1756285608101861,,,0,0
https://openalex.org/w2124585729,https://doi.org/10.1002/art.38859,,,0,0
https://openalex.org/w2409028853,,,,0,0
https://openalex.org/w2131656137,https://doi.org/10.1182/blood-2004-03-0826,,,0,0
https://openalex.org/w2312930413,https://doi.org/10.1136/annrheumdis-2014-eular.1805,,,0,0
https://openalex.org/w2114501781,https://doi.org/10.1016/j.cellimm.2009.08.003,,,0,0
https://openalex.org/w4235642525,https://doi.org/10.2165/00042310-199811110-00005,,,0,0
https://openalex.org/w2157431984,https://doi.org/10.1517/14728214.2011.537824,,,0,0
https://openalex.org/w2155840128,https://doi.org/10.1016/j.rdc.2004.04.003,,,0,0
https://openalex.org/w1515431598,https://doi.org/10.1111/bjd.12049,,,0,0
https://openalex.org/w1968623559,https://doi.org/10.1002/art.21890,,,1,1
https://openalex.org/w2081097608,https://doi.org/10.1136/ard.2010.149005.18,,,0,0
https://openalex.org/w2148542057,https://doi.org/10.1016/j.jbspin.2011.10.013,,,0,0
https://openalex.org/w2088314595,https://doi.org/10.1016/j.beha.2005.07.008,,,0,0
https://openalex.org/w2008307296,https://doi.org/10.1007/s11904-008-0018-0,,,0,0
https://openalex.org/w4298354058,https://doi.org/10.1111/bjd.14580,,,0,0
https://openalex.org/w4251810673,https://doi.org/10.1002/hep.510230403,,,0,0
https://openalex.org/w2602185808,https://doi.org/10.1007/s13238-017-0398-2,,,0,0
https://openalex.org/w2968030089,https://doi.org/10.3389/fimmu.2019.02017,,,0,0
https://openalex.org/w2912291998,https://doi.org/10.1093/ibd/izy364,,,0,0
https://openalex.org/w1978016270,https://doi.org/10.1371/journal.pone.0083776,,,1,1
https://openalex.org/w2062618010,https://doi.org/10.1053/berh.1999.0051,,,0,0
https://openalex.org/w2171110856,https://doi.org/10.1158/1055-9965.epi-07-0459,,,0,0
https://openalex.org/w4252679778,https://doi.org/10.1016/j.cyto.2009.07.404,,,0,0
https://openalex.org/w2808479063,https://doi.org/10.1080/09546634.2018.1487525,,,0,0
https://openalex.org/w2583676372,https://doi.org/10.1146/annurev-immunol-051116-052331,,,0,0
https://openalex.org/w2114139078,https://doi.org/10.1186/ar3075,,,0,0
https://openalex.org/w2263168909,,,,0,0
https://openalex.org/w2900664122,https://doi.org/10.1111/cei.13242,,,0,1
https://openalex.org/w2153117086,https://doi.org/10.1007/s40266-014-0170-8,,,0,0
https://openalex.org/w2109418144,https://doi.org/10.1093/infdis/jir315,,,0,0
https://openalex.org/w1521697596,https://doi.org/10.1111/j.1478-3231.2011.02458.x,,,0,0
https://openalex.org/w2068277255,https://doi.org/10.1016/s0022-3476(05)80913-8,,,0,0
https://openalex.org/w2406760433,,,,0,0
https://openalex.org/w2088781488,https://doi.org/10.1007/s11912-011-0154-3,,,0,0
https://openalex.org/w2330675858,https://doi.org/10.1097/bor.0b013e32836437ba,,,0,0
https://openalex.org/w4243229782,https://doi.org/10.3109/03009742.2012.725576,,,0,0
https://openalex.org/w2769925960,https://doi.org/10.1186/s12967-017-1345-y,,,1,1
https://openalex.org/w2069408259,https://doi.org/10.1016/j.vph.2009.02.002,,,0,0
https://openalex.org/w2472348197,https://doi.org/10.2183/pjab.92.156,,,0,0
https://openalex.org/w2530347930,https://doi.org/10.1016/j.clim.2016.10.004,,,0,0
https://openalex.org/w2131154004,https://doi.org/10.1186/s12969-015-0035-7,,,0,0
https://openalex.org/w2094456879,https://doi.org/10.1016/j.jaci.2009.08.018,,,0,0
https://openalex.org/w996494320,https://doi.org/10.1016/j.survophthal.2015.06.003,,,0,0
https://openalex.org/w1993611133,https://doi.org/10.1097/bor.0b013e3283317b31,,,0,0
https://openalex.org/w2065794552,https://doi.org/10.1016/j.immuni.2012.01.011,,,0,0
https://openalex.org/w2402796263,,,,0,0
https://openalex.org/w2069241032,https://doi.org/10.1038/nature05893,,,0,0
https://openalex.org/w2188447356,https://doi.org/10.1016/j.it.2015.09.008,,,0,0
https://openalex.org/w2143117263,https://doi.org/10.1111/aji.12081,,,0,0
https://openalex.org/w2089605032,https://doi.org/10.1016/j.jcv.2006.02.003,,,0,0
https://openalex.org/w2069096108,https://doi.org/10.1016/j.it.2011.03.008,,,0,0
https://openalex.org/w2009618494,https://doi.org/10.1159/000084763,,,0,0
https://openalex.org/w2593962829,https://doi.org/10.1172/jci88442,,,0,0
https://openalex.org/w2116314384,https://doi.org/10.1002/1521-2254(200007/08)2:4<222::aid-jgm117>3.0.co;2-p,,,0,0
https://openalex.org/w2767017121,https://doi.org/10.1016/j.pharmthera.2017.10.019,,,0,0
https://openalex.org/w2156351184,https://doi.org/10.1586/1744666x.2014.866038,,,0,0
https://openalex.org/w2037673476,https://doi.org/10.1007/s10165-012-0723-9,,,1,1
https://openalex.org/w1559260987,https://doi.org/10.3748/wjg.v12.i26.4253,,,0,0
https://openalex.org/w2130564093,https://doi.org/10.1111/j.1600-065x.2011.01053.x,,,0,0
https://openalex.org/w2774941197,https://doi.org/10.3389/fimmu.2017.01785,,,0,0
https://openalex.org/w2022878100,https://doi.org/10.1007/s10238-011-0161-6,,,0,0
https://openalex.org/w1983279918,https://doi.org/10.1097/00041327-200106000-00011,,,0,0
https://openalex.org/w2774794353,https://doi.org/10.1097/bor.0000000000000474,,,0,0
https://openalex.org/w329734260,https://doi.org/10.1371/journal.pone.0126429,,,0,0
https://openalex.org/w2804021177,https://doi.org/10.1016/j.amjcard.2018.03.151,,,0,0
https://openalex.org/w2570385339,https://doi.org/10.1016/s0140-6736(16)31715-9,,,0,0
https://openalex.org/w2155616821,https://doi.org/10.1053/jlts.2002.50014,,,0,0
https://openalex.org/w4241342804,https://doi.org/10.1002/hep.27451,,,0,0
https://openalex.org/w2038641717,https://doi.org/10.1016/j.ctrv.2012.03.007,,,0,0
https://openalex.org/w2793912717,https://doi.org/10.1136/annrheumdis-2018-ewrr2018.138,,,0,0
https://openalex.org/w1994069320,https://doi.org/10.1016/s0140-6736(03)14184-0,,,0,0
https://openalex.org/w2441105598,,,,0,0
https://openalex.org/w2293747023,https://doi.org/10.1016/j.cytogfr.2016.03.005,,,0,0
https://openalex.org/w1991868742,https://doi.org/10.1517/14712598.2012.688021,,,0,0
https://openalex.org/w2088952079,https://doi.org/10.1371/journal.pone.0028727,,,0,0
https://openalex.org/w2413685503,,,,0,0
https://openalex.org/w2110032287,https://doi.org/10.1177/135245859900500402,,,0,0
https://openalex.org/w2107352862,https://doi.org/10.1136/ard.2003.013276,,,0,0
https://openalex.org/w4238820623,https://doi.org/10.1016/j.fsc.2012.11.007,,,0,0
https://openalex.org/w2098081130,https://doi.org/10.2174/187152812803590037,,,0,0
https://openalex.org/w2314120200,https://doi.org/10.1089/jir.2013.0158,,,0,0
https://openalex.org/w1988714559,https://doi.org/10.2174/157339708783497900,,,0,0
https://openalex.org/w2895415055,https://doi.org/10.1136/bcr-2018-225802,,,0,0
https://openalex.org/w1996182151,https://doi.org/10.1111/j.1468-3083.2004.01128.x,,,0,0
https://openalex.org/w4245377050,https://doi.org/10.1016/j.cyto.2009.07.435,,,0,0
https://openalex.org/w2981813202,https://doi.org/10.1111/imr.12815,,,0,0
https://openalex.org/w2754745850,https://doi.org/10.1136/annrheumdis-2017-eular.5693,,,0,0
https://openalex.org/w2107297770,https://doi.org/10.1186/1755-8794-5-53,,,0,1
https://openalex.org/w2095223126,https://doi.org/10.1371/journal.pone.0093846,,,0,0
https://openalex.org/w2801813479,https://doi.org/10.1111/hdi.12649,,,0,0
https://openalex.org/w97199908,,,,0,0
https://openalex.org/w2470345064,,,,0,0
https://openalex.org/w2049507344,https://doi.org/10.1089/107999001753124381,,,0,0
https://openalex.org/w2513936492,https://doi.org/10.1016/j.intimp.2016.08.006,,,0,0
https://openalex.org/w1994028261,https://doi.org/10.1517/14656566.4.6.963,,,0,0
https://openalex.org/w2519469881,https://doi.org/10.1002/cncr.30259,,,0,0
https://openalex.org/w2895024244,https://doi.org/10.1016/j.jaut.2018.09.007,,,1,1
https://openalex.org/w1507644714,https://doi.org/10.1002/14651858.cd009004.pub2,,,0,0
https://openalex.org/w1843644361,https://doi.org/10.1111/j.1365-3083.2010.02458.x,,,0,0
https://openalex.org/w2006565069,https://doi.org/10.1002/art.11387,,,0,0
https://openalex.org/w1663386215,https://doi.org/10.4049/jimmunol.0902028,,,0,0
https://openalex.org/w2805832713,https://doi.org/10.1111/jvh.12942,,,0,0
https://openalex.org/w2801350163,https://doi.org/10.1002/jper.17-0730,,,0,0
https://openalex.org/w2088656967,https://doi.org/10.1002/art.27220,,,0,1
https://openalex.org/w2415159673,,,,0,0
https://openalex.org/w2010675399,https://doi.org/10.1089/jir.2011.0073,,,0,0
https://openalex.org/w1976700908,https://doi.org/10.1111/1756-185x.12083,,,0,0
https://openalex.org/w2046439307,https://doi.org/10.2174/092986706776360879,,,0,0
https://openalex.org/w2077501713,https://doi.org/10.1016/j.clim.2014.10.011,,,0,0
https://openalex.org/w2104071980,https://doi.org/10.1186/1546-0096-13-s1-o86,,009-891-098-170-55X,0,0
https://openalex.org/w2060264069,https://doi.org/10.1136/annrheumdis-2013-203221.25,,,0,0
https://openalex.org/w1989265564,https://doi.org/10.1196/annals.1361.113,,,0,0
https://openalex.org/w2093399380,https://doi.org/10.1007/s00403-001-0281-z,,,0,0
https://openalex.org/w275453112,https://doi.org/10.1007/bf03401791,,,0,0
https://openalex.org/w2312848849,https://doi.org/10.3949/ccjm.67.9.647,,,0,0
https://openalex.org/w2034974123,https://doi.org/10.1016/j.coi.2010.11.006,,,0,0
https://openalex.org/w2321380847,https://doi.org/10.5301/ejo.5000591,,,0,0
https://openalex.org/w1967156553,https://doi.org/10.1007/s11910-010-0125-3,,,0,0
https://openalex.org/w2470726415,,,,0,0
https://openalex.org/w1976474907,https://doi.org/10.1016/j.ejca.2006.01.065,,,0,0
https://openalex.org/w2029214717,https://doi.org/10.1136/annrheumdis-2015-207259.8,,,0,0
https://openalex.org/w2010454265,https://doi.org/10.1016/j.jaad.2008.10.023,,,0,0
https://openalex.org/w2022126078,https://doi.org/10.1097/bor.0b013e32835c7e32,,,0,0
https://openalex.org/w2787609569,https://doi.org/10.1038/nrrheum.2018.14,,,0,0
https://openalex.org/w2727017059,https://doi.org/10.1097/bor.0000000000000421,,,0,0
https://openalex.org/w2104331892,https://doi.org/10.1517/21678707.2013.836448,,,0,0
https://openalex.org/w2024718054,https://doi.org/10.1007/s11926-010-0104-3,,,0,0
https://openalex.org/w2318112738,https://doi.org/10.1136/annrheumdis-2012-eular.2995,,,0,0
https://openalex.org/w2936291656,https://doi.org/10.1136/lupus-2019-lsm.82,,,0,0
https://openalex.org/w2117383636,https://doi.org/10.1517/14712590903020759,,,0,0
https://openalex.org/w2150740381,https://doi.org/10.1002/art.10872,,,0,0
https://openalex.org/w202878523,https://doi.org/10.1111/j.1755-3768.2013.3454.x,,,0,0
https://openalex.org/w2918051691,https://doi.org/10.3201/eid2504.171886,,,0,0
https://openalex.org/w2096106220,https://doi.org/10.1093/infdis/146.4.451,,,0,0
https://openalex.org/w2124145182,https://doi.org/10.1084/jem.20061120,,,0,0
https://openalex.org/w2081017680,https://doi.org/10.1111/j.1749-6632.2001.tb03716.x,,,0,0
https://openalex.org/w2020502278,https://doi.org/10.1016/j.clineuro.2010.03.010,,,0,0
https://openalex.org/w2034034974,https://doi.org/10.1016/j.clon.2005.05.009,,,0,0
https://openalex.org/w4251115188,https://doi.org/10.1038/ajg.2014.279,,,0,0
https://openalex.org/w2080285836,https://doi.org/10.1016/j.jbspin.2013.12.003,,,0,0
https://openalex.org/w2466648305,https://doi.org/10.1016/j.jare.2016.06.004,,,0,0
https://openalex.org/w2105441779,https://doi.org/10.1016/s0190-9622(97)80283-6,,,0,0
https://openalex.org/w2082077854,https://doi.org/10.1007/s10072-004-0275-7,,,0,0
https://openalex.org/w2788938550,https://doi.org/10.1016/s1470-2045(18)30106-2,,,0,0
https://openalex.org/w1999880924,https://doi.org/10.1097/01.cnd.0000205575.26451.e4,,,0,0
https://openalex.org/w2104834838,https://doi.org/10.1136/annrheumdis-2012-202794,,,1,1
https://openalex.org/w1990324432,https://doi.org/10.1038/ki.2010.71,,,0,0
https://openalex.org/w4256138444,https://doi.org/10.1016/j.jbspin.2007.07.014,,,0,0
https://openalex.org/w2077231863,https://doi.org/10.1177/0883073811408310,,,0,0
https://openalex.org/w2081232373,https://doi.org/10.1046/j.1365-2567.2000.00949.x,,,0,0
https://openalex.org/w2332442091,https://doi.org/10.1016/j.cyto.2010.07.144,,,0,0
https://openalex.org/w1983339312,https://doi.org/10.1186/1546-0096-11-s2-p112,,,0,0
https://openalex.org/w2057801606,https://doi.org/10.1016/j.coi.2012.07.008,,,0,0
https://openalex.org/w2073745127,https://doi.org/10.1371/journal.pone.0044362,,,1,1
https://openalex.org/w2063359190,https://doi.org/10.1097/bor.0b013e3283025ed4,,,0,0
https://openalex.org/w2171454895,https://doi.org/10.3390/ijms131012665,,,0,0
https://openalex.org/w2012354941,https://doi.org/10.1517/14728222.2014.920325,,,0,0
https://openalex.org/w2013420333,https://doi.org/10.1126/scisignal.2005728,,,0,0
https://openalex.org/w2049323177,https://doi.org/10.1007/s002770050255,,,0,0
https://openalex.org/w2154659525,https://doi.org/10.2337/db14-1382,,,0,0
https://openalex.org/w2131900850,https://doi.org/10.1093/brain/awl083,,,0,0
https://openalex.org/w2465948889,,,,0,0
https://openalex.org/w16243290,https://doi.org/10.1016/b978-0-12-394299-9.00007-2,,,0,0
https://openalex.org/w4292602968,https://doi.org/10.1007/s12072-013-9429-0,,,0,0
https://openalex.org/w2060995513,https://doi.org/10.2165/00063030-200620020-00004,,,0,0
https://openalex.org/w2970170315,https://doi.org/10.1038/s41467-019-11845-y,,,1,1
https://openalex.org/w2002523872,https://doi.org/10.1002/1529-0131(200002)43:2<270::aid-anr5>3.0.co;2-h,,,0,0
https://openalex.org/w2102536791,https://doi.org/10.1136/ard.2009.126938,,,0,0
https://openalex.org/w2127092085,https://doi.org/10.1093/rheumatology/ker326,,,0,0
https://openalex.org/w2003696310,https://doi.org/10.1016/j.jbspin.2008.10.005,,,0,0
https://openalex.org/w1525789589,,,,0,0
https://openalex.org/w2753193400,,,,0,0
https://openalex.org/w1994815971,https://doi.org/10.1182/blood-2011-01-325266,,,0,0
https://openalex.org/w2021171572,https://doi.org/10.1586/epr.11.23,,,0,0
https://openalex.org/w2001748120,https://doi.org/10.1016/j.critrevonc.2004.05.001,,,0,0
https://openalex.org/w2337827515,https://doi.org/10.1016/j.clim.2016.04.005,,,0,1
https://openalex.org/w1985297312,https://doi.org/10.1016/j.cyto.2009.07.405,,,0,0
https://openalex.org/w2085619814,https://doi.org/10.1097/00002826-200301000-00007,,,0,0
https://openalex.org/w2017176563,https://doi.org/10.1016/j.cmet.2010.06.008,,,0,0
https://openalex.org/w2303457951,https://doi.org/10.1136/bcr-2015-209377,,,0,0
https://openalex.org/w2341996138,https://doi.org/10.1016/j.ijantimicag.2016.04.005,,,0,0
https://openalex.org/w2061061099,https://doi.org/10.1089/jir.1998.18.823,,,0,0
https://openalex.org/w1832206453,,,,0,0
https://openalex.org/w2415826450,,,,0,0
https://openalex.org/w2795694659,https://doi.org/10.1371/journal.pone.0195325,,,0,0
https://openalex.org/w2152985701,https://doi.org/10.1111/j.0105-2896.2005.00252.x,,,0,0
https://openalex.org/w2058677025,https://doi.org/10.1016/s1470-2045(07)70379-0,,,0,0
https://openalex.org/w2159614887,https://doi.org/10.1191/0961203303lu472sr,,,1,1
https://openalex.org/w1726140746,https://doi.org/10.2147/tcrm.s2093,,,0,0
https://openalex.org/w2742614612,https://doi.org/10.4049/jimmunol.1600108,,,0,0
https://openalex.org/w2066589787,https://doi.org/10.1097/01.bor.0000166382.96024.85,,,0,0
https://openalex.org/w2089479234,https://doi.org/10.1371/journal.pntd.0001446,,,0,0
https://openalex.org/w2125516411,https://doi.org/10.1093/rheumatology/ket279,,,0,0
https://openalex.org/w2074950603,https://doi.org/10.1586/1744666x.2014.897230,,,0,0
https://openalex.org/w2055503279,https://doi.org/10.1517/14740338.6.3.279,,,0,0
https://openalex.org/w2291767268,https://doi.org/10.2147/itt.s40675,,,0,0
https://openalex.org/w2473105536,https://doi.org/10.1186/s13075-016-1050-x,,,1,1
https://openalex.org/w2959308620,https://doi.org/10.3389/fneur.2019.00554,,,0,0
https://openalex.org/w2529960369,https://doi.org/10.1155/2016/4792898,,,0,0
https://openalex.org/w2020951679,https://doi.org/10.1007/s11926-012-0312-0,,,0,0
https://openalex.org/w2791624485,https://doi.org/10.1177/0022034518760855,,,0,0
https://openalex.org/w1991499106,https://doi.org/10.1016/j.clineuro.2010.04.015,,,0,0
https://openalex.org/w2049919078,https://doi.org/10.3389/fimmu.2013.00266,,,0,0
https://openalex.org/w2068029926,https://doi.org/10.1007/pl00011201,,,0,0
https://openalex.org/w2256879069,https://doi.org/10.1016/j.jbspin.2015.07.010,,,0,0
https://openalex.org/w3126927546,https://doi.org/10.1111/eci.13109,,,0,0
https://openalex.org/w2042615668,https://doi.org/10.1002/art.24936,,,1,1
https://openalex.org/w2099677561,https://doi.org/10.1136/ard.2006.052761,,,0,0
https://openalex.org/w2153795289,https://doi.org/10.1186/1743-422x-8-346,,,0,0
https://openalex.org/w2133007031,https://doi.org/10.1200/jco.2012.41.9911,,,0,0
https://openalex.org/w2007885324,https://doi.org/10.1016/j.intimp.2013.07.006,,,0,0
https://openalex.org/w2964818881,https://doi.org/10.1016/j.biomaterials.2019.119408,,,0,0
https://openalex.org/w2104380023,https://doi.org/10.1007/s10165-012-0706-x,,,0,0
https://openalex.org/w2050841673,https://doi.org/10.1159/000146080,,,0,0
https://openalex.org/w1851324659,https://doi.org/10.4049/jimmunol.1290031,,093-518-974-113-637,0,0
https://openalex.org/w2770314197,https://doi.org/10.1002/art.40321,,,0,0
https://openalex.org/w4232841831,https://doi.org/10.1111/(issn)1743-6109,,,0,0
https://openalex.org/w2594120567,https://doi.org/10.1016/j.vetmic.2017.02.019,,,0,0
https://openalex.org/w2407744734,https://doi.org/10.1016/j.beem.2007.01.002,,,0,0
https://openalex.org/w2917611156,https://doi.org/10.3390/v11020175,,,0,0
https://openalex.org/w1653001979,https://doi.org/10.1016/j.cyto.2015.08.076,,,0,0
https://openalex.org/w2060685358,https://doi.org/10.1177/0961203309353172,,,0,0
https://openalex.org/w2089795519,https://doi.org/10.4161/mabs.2.2.11301,,,0,0
https://openalex.org/w2043784923,https://doi.org/10.1038/nm.3087,,,0,0
https://openalex.org/w2020410667,https://doi.org/10.1007/bf02685895,,,0,0
https://openalex.org/w2324806691,https://doi.org/10.1136/annrheumdis-2016-209124.51,,,0,0
https://openalex.org/w1950609569,https://doi.org/10.1111/1756-185x.12736,,,0,0
https://openalex.org/w2092606926,https://doi.org/10.1002/art.24852,,,0,0
https://openalex.org/w2553093980,https://doi.org/10.1136/annrheumdis-2016-eular.1285,,,0,0
https://openalex.org/w2092597505,https://doi.org/10.1007/s00415-002-0748-7,,,0,0
https://openalex.org/w1126005181,,,,0,0
https://openalex.org/w2022382739,https://doi.org/10.1159/000245985,,,0,0
https://openalex.org/w1992703873,https://doi.org/10.1016/j.molimm.2012.02.112,,,0,0
https://openalex.org/w2944549872,https://doi.org/10.1177/2040622319847881,,,0,0
https://openalex.org/w2035616141,https://doi.org/10.2165/00044011-200626110-00005,,,0,0
https://openalex.org/w2906587554,https://doi.org/10.3389/fimmu.2018.03167,,,0,0
https://openalex.org/w2115603698,https://doi.org/10.1159/000321194,,,0,0
https://openalex.org/w1512229324,https://doi.org/10.1007/bf03259079,,,0,0
https://openalex.org/w2238905589,https://doi.org/10.3390/antib5010003,,,0,0
https://openalex.org/w2036090735,https://doi.org/10.1006/viro.1996.0508,,,0,0
https://openalex.org/w2037532551,https://doi.org/10.1002/1529-0131(199804)41:4<754::aid-art33>3.0.co;2-k,,,0,0
https://openalex.org/w4244954349,https://doi.org/10.1177/0961203311399815,,,0,0
https://openalex.org/w2268416727,https://doi.org/10.1038/ni.3326,,,0,0
https://openalex.org/w2121423989,https://doi.org/10.3899/jrheum.130356,,,0,0
https://openalex.org/w2126195840,https://doi.org/10.1684/ecn.2013.0325,,,0,0
https://openalex.org/w2083707246,https://doi.org/10.1016/j.dld.2006.06.008,,,0,0
https://openalex.org/w2900059373,https://doi.org/10.1016/j.autrev.2018.08.005,,,0,0
https://openalex.org/w2119567066,https://doi.org/10.1517/14712598.2.8.929,,,0,0
https://openalex.org/w2532222432,https://doi.org/10.1016/j.cyto.2013.06.206,,,0,0
https://openalex.org/w2604567515,https://doi.org/10.1186/s13075-017-1280-6,,,0,0
https://openalex.org/w2439888299,https://doi.org/10.1158/1078-0432.ccr-15-2133,,,0,0
https://openalex.org/w2299492079,https://doi.org/10.1007/s00296-016-3462-y,,,0,0
https://openalex.org/w2000969329,https://doi.org/10.1038/nrrheum.2013.110,,,0,0
https://openalex.org/w2473244009,https://doi.org/10.1016/j.humimm.2016.07.005,,,0,0
https://openalex.org/w2592792747,https://doi.org/10.1182/blood.v116.21.166.166,,,0,0
https://openalex.org/w2032613987,https://doi.org/10.1111/j.1445-5994.1996.tb02916.x,,,0,0
https://openalex.org/w2062625756,https://doi.org/10.1097/bor.0b013e3283157538,,,0,0
https://openalex.org/w2905055777,https://doi.org/10.1038/s41584-018-0137-y,,,0,0
https://openalex.org/w2114194762,https://doi.org/10.1136/ard.2009.111021,,,0,0
https://openalex.org/w2023336620,https://doi.org/10.1182/blood-2012-12-475087,,,0,0
https://openalex.org/w2165983730,https://doi.org/10.1517/21678707.2015.1075386,,,0,0
https://openalex.org/w2161051851,https://doi.org/10.1182/blood-2004-11-4558,,,0,0
https://openalex.org/w304479968,https://doi.org/10.1016/j.cyto.2014.07.210,,,0,0
https://openalex.org/w2328714858,https://doi.org/10.1212/wnl.37.5.888-b,,,0,0
https://openalex.org/w2950494585,https://doi.org/10.1136/annrheumdis-2019-eular.1109,,,0,0
https://openalex.org/w2893141423,https://doi.org/10.1080/03009742.2018.1473488,,,0,0
https://openalex.org/w1829893638,https://doi.org/10.1002/art.33493,,,0,0
https://openalex.org/w4230459002,https://doi.org/10.1038/ajg.2015.270,,,0,0
https://openalex.org/w1986122696,https://doi.org/10.1016/s1085-5629(98)80063-1,,,0,0
https://openalex.org/w2528670069,https://doi.org/10.1002/art.39935,,,0,0
https://openalex.org/w2123752743,https://doi.org/10.1136/annrheumdis-2012-201383,,,0,0
https://openalex.org/w4390085907,https://doi.org/10.59566/ijbs.2006.2299,,,0,0
https://openalex.org/w2766826848,https://doi.org/10.1038/s41598-017-13858-3,,,0,0
https://openalex.org/w4250190846,https://doi.org/10.2217/bmm.15.26,,,0,0
https://openalex.org/w2150787452,https://doi.org/10.1093/rheumatology/ker400,,,0,0
https://openalex.org/w1841253029,https://doi.org/10.1111/j.1749-6632.2009.05123.x,,,0,0
https://openalex.org/w2202061572,https://doi.org/10.1016/s0197-2456(01)00175-1,,,0,0
https://openalex.org/w2808736826,https://doi.org/10.1038/s41584-018-0039-z,,,0,0
https://openalex.org/w4313386084,https://doi.org/10.4049/jimmunol.194.supp.46.6,,,0,0
https://openalex.org/w2083575675,https://doi.org/10.1016/s1040-0486(00)90045-0,,,0,0
https://openalex.org/w2972846107,https://doi.org/10.1093/rheumatology/kez352,,,0,0
https://openalex.org/w2050003039,https://doi.org/10.1111/j.1600-0625.2009.00926.x,,,0,0
https://openalex.org/w2161814754,https://doi.org/10.1007/s11882-007-0067-2,,,0,0
https://openalex.org/w2019842622,https://doi.org/10.1007/s13317-014-0062-2,,,0,0
https://openalex.org/w2219093167,https://doi.org/10.1080/19420862.2015.1105416,,,0,0
https://openalex.org/w82351484,,,,0,0
https://openalex.org/w2127657615,https://doi.org/10.1016/j.msard.2015.06.009,,,0,0
https://openalex.org/w2128619333,https://doi.org/10.1002/art.27638,,,0,0
https://openalex.org/w2808673440,https://doi.org/10.1097/mcg.0000000000001078,,,0,0
https://openalex.org/w2075123203,https://doi.org/10.1111/j.1365-2133.2011.10479.x,,,0,0
https://openalex.org/w2793230628,https://doi.org/10.2217/bmm-2017-0297,,,0,0
https://openalex.org/w2472963663,,,,0,0
https://openalex.org/w2009222662,https://doi.org/10.1002/art.1780350916,,,0,0
https://openalex.org/w2156216447,https://doi.org/10.1186/ar3857,,,0,0
https://openalex.org/w4313383703,https://doi.org/10.4049/jimmunol.200.supp.117.9,,,0,0
https://openalex.org/w2058484339,https://doi.org/10.1002/art.30609,,,0,0
https://openalex.org/w41632473,https://doi.org/10.1007/978-0-387-71767-8_21,,,0,0
https://openalex.org/w2025548855,https://doi.org/10.1007/s11912-010-0126-z,,,0,0
https://openalex.org/w2123475794,https://doi.org/10.1517/14656566.2011.591381,,,0,0
https://openalex.org/w2041708559,https://doi.org/10.1053/j.seminoncol.2007.12.002,,,0,0
https://openalex.org/w4210749384,https://doi.org/10.1210/endo-meetings.2011.part4.p6.p3-553,,,0,0
https://openalex.org/w2070346488,https://doi.org/10.1007/s00296-013-2830-0,,,0,0
https://openalex.org/w2076032448,https://doi.org/10.1002/art.21571,,,0,0
https://openalex.org/w2126977249,https://doi.org/10.1002/mus.10313,,,0,0
https://openalex.org/w2020287876,https://doi.org/10.1007/s13148-010-0002-6,,056-454-260-618-463,0,0
https://openalex.org/w2004985536,https://doi.org/10.1038/sj.leu.2403124,,,0,0
https://openalex.org/w2089722005,https://doi.org/10.1016/j.molimm.2014.05.001,,,0,1
https://openalex.org/w2172025601,https://doi.org/10.1517/17530050802708999,,,0,0
https://openalex.org/w2984790000,,,,0,0
https://openalex.org/w1553944933,https://doi.org/10.1159/000332374,,,0,0
https://openalex.org/w2081509489,https://doi.org/10.1016/j.clim.2005.11.007,,,0,0
https://openalex.org/w1981836327,https://doi.org/10.1016/j.jcv.2004.10.003,,,0,0
https://openalex.org/w2111615368,https://doi.org/10.1016/j.semarthrit.2010.05.008,,,0,0
https://openalex.org/w2467419246,https://doi.org/10.1007/s12026-016-8829-3,,,0,0
https://openalex.org/w2518867391,https://doi.org/10.1016/j.jhep.2016.06.011,,,0,0
https://openalex.org/w1491930794,https://doi.org/10.1002/art.27223,,,0,0
https://openalex.org/w1985887343,https://doi.org/10.1212/wnl.0b013e3181c97ed3,,,0,0
https://openalex.org/w2080999910,https://doi.org/10.1002/hep.22835,,,0,0
https://openalex.org/w2415696883,,,,0,0
https://openalex.org/w2022059015,https://doi.org/10.1097/00001622-199809000-00008,,,0,0
https://openalex.org/w2037480111,https://doi.org/10.1111/j.1610-0387.2009.07139.x,,,0,0
https://openalex.org/w1980327653,https://doi.org/10.1016/j.cyto.2012.06.261,,,0,0
https://openalex.org/w1995558680,https://doi.org/10.1046/j.1365-2230.2003.01298.x,,,0,0
https://openalex.org/w2133700709,https://doi.org/10.1093/rheumatology/ket220,,,0,0
https://openalex.org/w647803485,https://doi.org/10.14348/molcells.2015.2359,,,0,0
https://openalex.org/w2053274278,https://doi.org/10.1126/science.8100367,,,0,0
https://openalex.org/w2063215823,https://doi.org/10.1159/000065023,,,0,0
https://openalex.org/w1967268501,https://doi.org/10.1097/00002281-200011000-00006,,,0,0
https://openalex.org/w2163091927,https://doi.org/10.1002/art.24958,,,0,0
https://openalex.org/w2799306358,https://doi.org/10.1016/j.clim.2018.04.009,,,0,0
https://openalex.org/w2022258009,https://doi.org/10.3899/jrheum.101124,,,0,0
https://openalex.org/w1969629625,https://doi.org/10.1016/j.semarthrit.2010.04.003,,,0,0
https://openalex.org/w2052445727,https://doi.org/10.1016/0306-9877(91)90272-z,,,0,0
https://openalex.org/w4301746290,https://doi.org/10.1111/exd.12314,,,0,0
https://openalex.org/w2020175179,https://doi.org/10.1111/j.1365-2249.2004.02617.x,,,0,0
https://openalex.org/w1974964486,https://doi.org/10.3109/08830185.2010.522280,,,0,0
https://openalex.org/w1810971862,https://doi.org/10.1002/eji.201344280,,,0,0
https://openalex.org/w2071830659,https://doi.org/10.1002/art.20998,,,1,1
https://openalex.org/w1984286268,https://doi.org/10.1161/01.cir.93.12.2212,,,0,0
https://openalex.org/w1966449224,https://doi.org/10.1006/jaut.2001.0519,,,0,1
https://openalex.org/w2432869756,,,,0,0
https://openalex.org/w2050392402,https://doi.org/10.1016/j.coi.2012.10.004,,,0,0
https://openalex.org/w4212846385,https://doi.org/10.1002/1529-0131(199912)42:12<2507::aid-anr2>3.0.co;2-#,,,0,0
https://openalex.org/w2103384891,https://doi.org/10.1136/ard.60.3.290,,,0,0
https://openalex.org/w2120683429,https://doi.org/10.1081/iph-120026442,,,0,0
https://openalex.org/w2000175632,https://doi.org/10.1093/intimm/dxh318,,,0,0
https://openalex.org/w1981324149,https://doi.org/10.1016/0002-9343(83)91075-6,,,0,0
https://openalex.org/w2955844959,https://doi.org/10.1111/j.1872-034x.2012.00982.x,,,0,0
https://openalex.org/w96366985,,,,0,0
https://openalex.org/w2342336809,https://doi.org/10.1111/cei.12799,,,0,0
https://openalex.org/w2006552986,https://doi.org/10.1016/j.jaci.2015.01.040,,,0,0
https://openalex.org/w2153653845,https://doi.org/10.1016/j.nurt.2008.08.008,,,0,0
https://openalex.org/w2093707774,https://doi.org/10.3109/03009734.2011.624649,,,0,0
https://openalex.org/w2027138639,https://doi.org/10.1097/rhu.0b013e318177627d,,,0,0
https://openalex.org/w2115566272,https://doi.org/10.1111/j.1365-2036.2010.04269.x,,,0,0
https://openalex.org/w2030447023,https://doi.org/10.1038/nrrheum.2014.58,,,0,0
https://openalex.org/w2109507823,https://doi.org/10.1186/ar4492,,,1,1
https://openalex.org/w2129168050,https://doi.org/10.3389/fimmu.2014.00164,,,0,0
https://openalex.org/w2029678773,https://doi.org/10.1002/art.10695,,,0,0
https://openalex.org/w30436321,,,,0,0
https://openalex.org/w2033941993,https://doi.org/10.1016/0090-1229(88)90083-9,,,1,1
https://openalex.org/w2064835580,https://doi.org/10.4081/itjm.2014.s2,,,0,0
https://openalex.org/w2073788442,https://doi.org/10.1172/jci36532,,,0,0
https://openalex.org/w2301018714,https://doi.org/10.1007/s40267-016-0293-6,,,0,0
https://openalex.org/w2795242253,https://doi.org/10.3389/fimmu.2018.00544,,,0,0
https://openalex.org/w2137284210,https://doi.org/10.1111/j.1365-2230.2005.02019.x,,,0,0
https://openalex.org/w1983642407,https://doi.org/10.1089/107999099313479,,,0,0
https://openalex.org/w2001146581,https://doi.org/10.1016/j.msard.2013.11.005,,,0,0
https://openalex.org/w2048301282,https://doi.org/10.1016/j.sder.2006.05.001,,,0,0
https://openalex.org/w2935189070,https://doi.org/10.1080/08923973.2019.1593448,,,0,0
https://openalex.org/w1979468270,https://doi.org/10.1371/journal.pone.0036761,,,0,0
https://openalex.org/w2950637038,https://doi.org/10.1186/s13059-018-1560-8,,,0,0
https://openalex.org/w2001294602,https://doi.org/10.1111/j.0105-2896.2005.00337.x,,,0,0
https://openalex.org/w2797769382,https://doi.org/10.1186/s12886-018-0719-0,,,0,0
https://openalex.org/w2122924314,https://doi.org/10.1055/s-0030-1255059,,,0,0
https://openalex.org/w2130820483,https://doi.org/10.1146/annurev-pathol-011110-130312,,,0,0
https://openalex.org/w2019992165,https://doi.org/10.1136/ard.2007.086421,,,0,0
https://openalex.org/w1824292644,https://doi.org/10.1111/imj.12039,,,0,0
https://openalex.org/w2060763795,https://doi.org/10.1093/rheumatology/40.10.1085,,,0,0
https://openalex.org/w2409261549,https://doi.org/10.2174/138920112802273272,,,0,0
https://openalex.org/w2321356159,https://doi.org/10.1136/annrheumdis-2012-eular.1595,,,0,0
https://openalex.org/w2768978794,https://doi.org/10.1016/j.jid.2017.09.053,,,0,0
https://openalex.org/w2024303005,https://doi.org/10.1182/blood-2007-10-117861,,,0,0
https://openalex.org/w2905995477,https://doi.org/10.1016/j.chom.2018.11.009,,,0,0
https://openalex.org/w2340063540,https://doi.org/10.1111/hepr.12722,,,0,0
https://openalex.org/w1499480389,https://doi.org/10.1089/107999099313433,,,0,0
https://openalex.org/w1965265182,https://doi.org/10.1111/j.0906-6705.2004.00190.x,,,0,0
https://openalex.org/w2061207900,https://doi.org/10.1055/s-2005-917668,,,0,0
https://openalex.org/w2140453948,https://doi.org/10.1093/rheumatology/30.5.395-a,,,0,0
https://openalex.org/w2103247521,https://doi.org/10.1186/ar4338,,,0,0
https://openalex.org/w2031780296,https://doi.org/10.1159/000084600,,,0,0
https://openalex.org/w2057102838,https://doi.org/10.1002/art.10107,,,0,0
https://openalex.org/w1994847822,https://doi.org/10.3109/08916930903374865,,,0,0
https://openalex.org/w2017454918,https://doi.org/10.1097/bor.0b013e32836200d2,,,0,0
https://openalex.org/w2937416568,https://doi.org/10.1136/lupus-2019-lsm.185,,,0,0
https://openalex.org/w2125103067,https://doi.org/10.1155/2012/206730,,,0,0
https://openalex.org/w2402144716,,,,0,0
https://openalex.org/w2564946112,https://doi.org/10.1212/wnl.0000000000003568,,,0,0
https://openalex.org/w2078540517,https://doi.org/10.1038/ng.3279,,,0,0
https://openalex.org/w2067801218,https://doi.org/10.1155/2011/275617,,,1,1
https://openalex.org/w2113518820,https://doi.org/10.1016/j.path.2013.08.008,,,0,0
https://openalex.org/w2007518613,https://doi.org/10.1002/humu.22689,,,0,0
https://openalex.org/w2043312677,https://doi.org/10.1038/ng0806-866,,,0,0
https://openalex.org/w2153985717,https://doi.org/10.1126/science.6166984,,,0,0
https://openalex.org/w2036970411,https://doi.org/10.1016/j.jhep.2007.02.025,,,0,0
https://openalex.org/w2787069637,https://doi.org/10.2147/btt.s145941,,,0,0
https://openalex.org/w2727812173,https://doi.org/10.1080/14712598.2017.1347632,,,0,0
https://openalex.org/w2339726130,https://doi.org/10.1016/s0025-7125(16)32401-4,,,0,0
https://openalex.org/w2144551761,https://doi.org/10.1016/s0190-9622(97)70194-4,,,0,0
https://openalex.org/w2115366652,https://doi.org/10.1016/j.cell.2009.07.021,,,0,0
https://openalex.org/w1832653552,https://doi.org/10.1371/journal.pone.0078756,,,0,0
https://openalex.org/w2140513540,https://doi.org/10.1517/17425255.2014.925880,,,0,0
https://openalex.org/w2135884655,https://doi.org/10.3109/08916930903374618,,,0,0
https://openalex.org/w2082067457,https://doi.org/10.4161/onci.19894,,,0,0
https://openalex.org/w2937512578,https://doi.org/10.1093/femspd/ftz023,,,0,0
https://openalex.org/w2118963295,https://doi.org/10.1016/j.phymed.2008.02.015,,,0,0
https://openalex.org/w2898814848,https://doi.org/10.1136/lupus-2018-lsm.88,,,0,0
https://openalex.org/w2035610264,https://doi.org/10.1038/clpt.2008.302,,085-797-505-924-781,0,0
https://openalex.org/w2556301605,https://doi.org/10.1136/annrheumdis-2016-eular.2747,,,0,0
https://openalex.org/w2904834506,https://doi.org/10.1111/bju.14643,,,0,0
https://openalex.org/w2701492706,https://doi.org/10.1016/j.ebiom.2017.06.014,,,0,0
https://openalex.org/w2005580251,https://doi.org/10.1007/s00415-011-6322-4,,,0,0
https://openalex.org/w2536367420,https://doi.org/10.1371/journal.pone.0162965,,,0,0
https://openalex.org/w2081523779,https://doi.org/10.1016/j.jneuroim.2010.03.018,,,1,1
https://openalex.org/w2323284559,https://doi.org/10.1016/j.cyto.2012.06.278,,,0,0
https://openalex.org/w2121690331,https://doi.org/10.1136/ard.2010.141101,,,0,0
https://openalex.org/w2183648685,,,,0,0
https://openalex.org/w2574785642,https://doi.org/10.1590/abd1806-4841.20165184,,,0,0
https://openalex.org/w2038728857,https://doi.org/10.2174/1381612003400623,,,0,0
https://openalex.org/w2203663529,https://doi.org/10.1189/jlb.5bt0615-234r,,,0,0
https://openalex.org/w4245453004,https://doi.org/10.1093/ehjci/jeu248,,,0,0
https://openalex.org/w2529852778,https://doi.org/10.1007/s00296-016-3575-3,,,0,0
https://openalex.org/w2610718608,https://doi.org/10.1089/jir.2016.0040,,,0,0
https://openalex.org/w2555880029,https://doi.org/10.1136/annrheumdis-2016-eular.2780,,,0,0
https://openalex.org/w2750083670,https://doi.org/10.1016/j.coi.2006.09.015,,,0,0
https://openalex.org/w1975841843,https://doi.org/10.1016/j.cyto.2009.07.568,,,0,0
https://openalex.org/w1965178097,https://doi.org/10.1615/jlongtermeffmedimplants.2014010627,,,0,0
https://openalex.org/w2769872480,https://doi.org/10.1089/hum.2017.181,,,0,0
https://openalex.org/w2132229197,https://doi.org/10.1269/jrr.08002,,,0,0
https://openalex.org/w2527405698,https://doi.org/10.1177/0961203316669240,,,0,0
https://openalex.org/w2051071588,https://doi.org/10.1002/art.27398,,,0,0
https://openalex.org/w2463758872,https://doi.org/10.1016/s0733-8619(18)30061-6,,,0,0
https://openalex.org/w1980401616,https://doi.org/10.3109/08916930903510922,,,0,0
https://openalex.org/w1554937972,https://doi.org/10.1358/dot.2012.48.9.1869590,,,0,0
https://openalex.org/w2025990485,https://doi.org/10.1002/mus.21079,,,0,0
https://openalex.org/w1983621878,https://doi.org/10.1002/art.10699,,,0,0
https://openalex.org/w2313644982,https://doi.org/10.1136/annrheumdis-2014-eular.2190,,,0,0
https://openalex.org/w2061470330,https://doi.org/10.1002/hep.510260717,,,0,0
https://openalex.org/w2435079091,,,,0,0
https://openalex.org/w1523291110,https://doi.org/10.1111/j.1529-8019.2012.01535.x,,,0,0
https://openalex.org/w1526790929,https://doi.org/10.1159/000150362,,,0,0
https://openalex.org/w2029653107,https://doi.org/10.1177/0961203310370350,,,0,0
https://openalex.org/w2409143930,,,,0,0
https://openalex.org/w2767171266,https://doi.org/10.1016/j.coi.2017.09.006,,,0,0
https://openalex.org/w2073729560,https://doi.org/10.1016/j.rdc.2009.03.006,,,0,0
https://openalex.org/w2041869740,https://doi.org/10.1211/jpp.58.12.0009,,,0,0
https://openalex.org/w4232236709,https://doi.org/10.1016/j.gtc.2008.02.003,,,0,0
https://openalex.org/w1997704388,https://doi.org/10.1111/j.1365-2249.2004.02613.x,,,0,0
https://openalex.org/w2091689719,https://doi.org/10.1016/s0301-472x(01)00723-8,,,0,0
https://openalex.org/w2169150244,https://doi.org/10.1016/j.semarthrit.2005.01.011,,,0,0
https://openalex.org/w2979936905,https://doi.org/10.1097/bor.0000000000000669,,,0,0
https://openalex.org/w2074292775,https://doi.org/10.1016/j.coi.2004.09.014,,,0,1
https://openalex.org/w2056813800,https://doi.org/10.1038/nrrheum.2011.139,,,0,0
https://openalex.org/w2471480185,,,,0,0
https://openalex.org/w2087227316,https://doi.org/10.1097/00042737-200205000-00016,,,0,0
https://openalex.org/w1995880468,https://doi.org/10.2147/dddt.s10498,,,0,0
https://openalex.org/w2530376622,https://doi.org/10.1093/intimm/dxw044,,,0,0
https://openalex.org/w2410867147,https://doi.org/10.1016/j.cyto.2015.08.010,,,0,0
https://openalex.org/w1916913063,https://doi.org/10.1002/art.38941,,,0,0
https://openalex.org/w2026758653,https://doi.org/10.1046/j.1365-2796.1998.00159.x,,,0,0
https://openalex.org/w303895199,https://doi.org/10.1097/00002281-200009000-00007,,,0,0
https://openalex.org/w1758005998,https://doi.org/10.2174/1389450116666150804110412,,,0,0
https://openalex.org/w2072119712,https://doi.org/10.1016/j.cyto.2009.07.056,,,0,0
https://openalex.org/w2028776681,https://doi.org/10.3109/07357909609076910,,,0,0
https://openalex.org/w2062519638,https://doi.org/10.1016/j.rdc.2008.08.005,,,0,0
https://openalex.org/w2025540537,https://doi.org/10.1111/j.1365-2036.2008.03739.x,,,0,0
https://openalex.org/w1995145932,https://doi.org/10.1212/01.wnl.0000133411.10574.ba,,,0,0
https://openalex.org/w2031195706,https://doi.org/10.1136/ard.2006.059261,,066-314-997-403-211,0,0
https://openalex.org/w2069553096,https://doi.org/10.1016/s0168-8278(98)80333-4,,,0,0
https://openalex.org/w2009614326,https://doi.org/10.1016/j.biopha.2004.05.019,,,0,0
https://openalex.org/w2520465409,https://doi.org/10.1371/journal.pone.0162910,,,0,0
https://openalex.org/w2022648937,https://doi.org/10.1007/s10620-006-9355-2,,,0,0
https://openalex.org/w2598849547,https://doi.org/10.1016/j.ajo.2017.03.001,,,0,0
https://openalex.org/w1995634096,https://doi.org/10.1016/s1286-4579(03)00161-8,,,0,0
https://openalex.org/w2084639930,https://doi.org/10.1038/nrrheum.2012.63,,,0,0
https://openalex.org/w2104966068,https://doi.org/10.1093/rheumatology/kem034,,073-462-238-270-09X,0,0
https://openalex.org/w2468422387,https://doi.org/10.1007/7854_2016_7,,,0,0
https://openalex.org/w2032599303,https://doi.org/10.1038/ni1009-1049,,,0,0
https://openalex.org/w2018713416,https://doi.org/10.1016/j.clindermatol.2013.01.005,,,0,0
https://openalex.org/w1564279536,https://doi.org/10.4049/jimmunol.0902199,,,0,0
https://openalex.org/w4211125474,https://doi.org/10.1046/j.1529-8019.2002.01528.x,,,0,0
https://openalex.org/w2415762676,,,,0,0
https://openalex.org/w2018654264,https://doi.org/10.1097/00124743-199906000-00010,,,0,0
https://openalex.org/w2140709054,https://doi.org/10.1684/ecn.2009.0176,,,0,0
https://openalex.org/w2016318198,https://doi.org/10.1016/j.nano.2014.12.003,,,0,0
https://openalex.org/w2035677339,https://doi.org/10.1016/j.autrev.2014.12.009,,,0,0
https://openalex.org/w2067971993,https://doi.org/10.1016/j.mehy.2013.09.025,,,0,0
https://openalex.org/w2122167649,https://doi.org/10.1586/eci.11.26,,,0,0
https://openalex.org/w2053696473,https://doi.org/10.1196/annals.1415.034,,,0,0
https://openalex.org/w2905112909,https://doi.org/10.3389/fimmu.2018.02967,,,0,0
https://openalex.org/w2143798429,https://doi.org/10.1186/ar3221,,,0,0
https://openalex.org/w2112591074,https://doi.org/10.1093/rheumatology/ker300,,,0,0
https://openalex.org/w2729544409,https://doi.org/10.1165/rcmb.2017-0102ed,,,0,0
https://openalex.org/w2412179345,,,,0,0
https://openalex.org/w2163850251,https://doi.org/10.1093/ndtplus/sfp113,,,0,0
https://openalex.org/w2255169901,https://doi.org/10.1023/a:1014473930546,,,0,0
https://openalex.org/w2485914375,https://doi.org/10.1016/j.jid.2016.05.007,,,0,0
https://openalex.org/w1992541962,https://doi.org/10.1016/s0973-3698(10)60142-2,,,0,0
https://openalex.org/w2779830982,https://doi.org/10.1111/apt.14429,,,0,0
https://openalex.org/w2159739349,https://doi.org/10.1053/j.gastro.2014.10.001,,,0,0
https://openalex.org/w2117433422,https://doi.org/10.1136/annrheumdis-2011-200463,,,0,0
https://openalex.org/w1992962026,https://doi.org/10.1007/s00296-014-3072-5,,,0,0
https://openalex.org/w2042165410,https://doi.org/10.1159/000085727,,,0,0
https://openalex.org/w2033131675,https://doi.org/10.1016/j.dld.2008.04.009,,,0,0
https://openalex.org/w181356074,,,,0,0
https://openalex.org/w1555189364,https://doi.org/10.1111/j.1365-2249.2012.04638.x,,,0,0
https://openalex.org/w2595973298,https://doi.org/10.1016/j.cell.2016.05.057,,,1,1
https://openalex.org/w2057240137,https://doi.org/10.1016/j.vaccine.2009.07.014,,,0,0
https://openalex.org/w2060160336,https://doi.org/10.1016/j.nmd.2013.06.707,,,0,0
https://openalex.org/w1994284544,https://doi.org/10.1016/j.soc.2007.07.011,,,0,0
https://openalex.org/w2132795660,https://doi.org/10.1136/ard.2008.088096,,,0,0
https://openalex.org/w2993186629,,,,0,0
https://openalex.org/w2801325119,https://doi.org/10.1016/j.jid.2018.03.1094,,,0,0
https://openalex.org/w2513812952,https://doi.org/10.1016/j.dib.2016.08.049,,,0,0
https://openalex.org/w1982069967,https://doi.org/10.4137/cmt.s4015,,,0,0
https://openalex.org/w2050248498,https://doi.org/10.3109/03009748409111299,,,0,0
https://openalex.org/w2008310843,https://doi.org/10.1111/1756-185x.12292,,,0,0
https://openalex.org/w1527727668,https://doi.org/10.1111/j.1749-6632.2011.06263.x,,,0,0
https://openalex.org/w1970971642,https://doi.org/10.1002/art.33350,,,0,0
https://openalex.org/w2063771036,https://doi.org/10.2174/1381612033392134,,,0,0
https://openalex.org/w2260119355,,,,0,0
https://openalex.org/w2096611201,https://doi.org/10.4049/jimmunol.1000422,,,0,0
https://openalex.org/w1988458629,https://doi.org/10.1097/md.0b013e3181c1750f,,,0,0
https://openalex.org/w2168783957,https://doi.org/10.1191/096120300678828127,,,0,0
https://openalex.org/w2258946361,https://doi.org/10.1371/journal.pone.0169553,,,1,1
https://openalex.org/w2031543141,https://doi.org/10.1111/j.1396-0296.2003.01643.x,,,0,0
https://openalex.org/w2891018712,https://doi.org/10.1080/1744666x.2018.1519396,,,0,0
https://openalex.org/w2463816664,,,,0,0
https://openalex.org/w2130572501,https://doi.org/10.1136/ard.2010.132464,,,0,0
https://openalex.org/w2089370150,https://doi.org/10.1002/jca.21217,,,0,0
https://openalex.org/w2157102840,https://doi.org/10.1016/j.humimm.2009.01.018,,,0,0
https://openalex.org/w2080054307,https://doi.org/10.1016/j.jaut.2010.04.001,,,0,0
https://openalex.org/w4211153129,https://doi.org/10.1016/j.jaad.2010.02.063,,,0,0
https://openalex.org/w1985199945,https://doi.org/10.1016/j.jalz.2006.04.003,,,0,0
https://openalex.org/w2125196174,https://doi.org/10.1186/ar1165,,,0,0
https://openalex.org/w4256347513,https://doi.org/10.3109/03009742.2010.530485,,,0,0
https://openalex.org/w2421315044,,,,0,0
https://openalex.org/w2169595757,https://doi.org/10.1186/ar3018,,,0,0
https://openalex.org/w2002696122,https://doi.org/10.1080/09273940490518865,,,0,0
https://openalex.org/w2031272658,https://doi.org/10.1038/bjc.2013.832,,,0,0
https://openalex.org/w2090038697,https://doi.org/10.1016/j.nmd.2005.12.008,,,0,0
https://openalex.org/w2610625631,https://doi.org/10.1111/1756-185x.13087,,,0,0
https://openalex.org/w2894584497,https://doi.org/10.1038/s41591-018-0197-1,,,0,0
https://openalex.org/w2407927614,https://doi.org/10.1016/j.rdc.2009.12.013,,,0,0
https://openalex.org/w2116965360,https://doi.org/10.1002/path.4346,,,0,0
https://openalex.org/w1845637086,https://doi.org/10.1111/j.1600-065x.2011.01048.x,,,0,0
https://openalex.org/w2880726948,https://doi.org/10.1016/j.molmed.2018.06.004,,,0,0
https://openalex.org/w2045068030,https://doi.org/10.3109/08820139.2013.822766,,,0,0
https://openalex.org/w2082572674,https://doi.org/10.1093/rheumatology/33.8.787,,,0,0
https://openalex.org/w2085915967,https://doi.org/10.1378/chest.117.1.294,,,0,0
https://openalex.org/w2070522613,https://doi.org/10.1089/jir.1992.12.431,,,0,0
https://openalex.org/w2022051943,https://doi.org/10.1155/2012/247973,,,0,0
https://openalex.org/w2155272579,https://doi.org/10.1586/14737140.2013.856759,,,0,0
https://openalex.org/w110928060,https://doi.org/10.2165/11531990-000000000-00000,,,0,0
https://openalex.org/w2021507410,https://doi.org/10.1016/j.coi.2010.10.001,,,0,0
https://openalex.org/w2772828075,https://doi.org/10.1155/2017/8751642,,,0,0
https://openalex.org/w2000762006,https://doi.org/10.1111/eci.12130,,,0,0
https://openalex.org/w2340493735,https://doi.org/10.1097/md.0000000000003348,,,0,0
https://openalex.org/w2083654777,https://doi.org/10.1093/rheumatology/34.1.3,,,0,0
https://openalex.org/w2161669305,https://doi.org/10.1053/sonc.2002.35241,,,0,0
https://openalex.org/w2020517289,https://doi.org/10.2147/blctt.s17930,,,0,0
https://openalex.org/w2005935671,https://doi.org/10.1191/1078155203jp103oa,,,0,0
https://openalex.org/w2336069963,https://doi.org/10.1056/nejm199906033402203,,,0,0
https://openalex.org/w2010832696,https://doi.org/10.1080/03009740410005052,,,0,0
https://openalex.org/w2946789782,https://doi.org/10.1002/jcb.29001,,,0,1
https://openalex.org/w2794881289,https://doi.org/10.1136/lupus-2018-abstract.219,,,0,0
https://openalex.org/w2069492419,https://doi.org/10.1002/mus.10018,,,0,0
https://openalex.org/w2340390605,https://doi.org/10.1177/153537020222701105,,,0,0
https://openalex.org/w1978235291,https://doi.org/10.1002/ajh.10409,,,0,0
https://openalex.org/w2329846789,https://doi.org/10.1136/annrheumdis-2014-eular.2779,,,0,0
https://openalex.org/w1933827404,https://doi.org/10.1186/s13075-015-0712-4,,,0,0
https://openalex.org/w2129654663,https://doi.org/10.1093/rheumatology/keh080,,,0,0
https://openalex.org/w2143815269,https://doi.org/10.3904/kjim.2015.30.2.148,,,0,0
https://openalex.org/w2135222796,https://doi.org/10.1002/hep.21296,,,0,0
https://openalex.org/w634586703,https://doi.org/10.1007/978-1-60327-860-7_7,,054-244-512-351-788,0,0
https://openalex.org/w2297848937,https://doi.org/10.1016/j.semarthrit.2016.03.006,,,0,0
https://openalex.org/w1572546729,https://doi.org/10.1002/art.38129,,,0,0
https://openalex.org/w2079340350,https://doi.org/10.1093/ndt/gfm205,,,0,0
https://openalex.org/w4292495816,https://doi.org/10.1007/s00415-014-7337-4,,,0,0
https://openalex.org/w1907054433,https://doi.org/10.1111/cei.12587,,,0,0
https://openalex.org/w2080605094,https://doi.org/10.1007/s11926-011-0227-1,,,0,0
https://openalex.org/w2938892781,https://doi.org/10.1001/jamaophthalmol.2018.4499,,,0,0
https://openalex.org/w1972793955,https://doi.org/10.1371/journal.pone.0117614,,,0,0
https://openalex.org/w2624902545,https://doi.org/10.1136/annrheumdis-2017-211287,,,0,0
https://openalex.org/w2766880350,https://doi.org/10.1186/s13075-017-1441-7,,,0,0
https://openalex.org/w2414348302,,,,0,0
https://openalex.org/w2019985783,https://doi.org/10.1182/blood-2009-10-245878,,,0,0
https://openalex.org/w1995988245,https://doi.org/10.2174/187153012803832530,,,0,0
https://openalex.org/w1982371026,https://doi.org/10.1007/s11926-014-0471-2,,,0,0
https://openalex.org/w2964564095,https://doi.org/10.1002/cbdv.201900294,,,0,0
https://openalex.org/w2950977908,https://doi.org/10.1136/annrheumdis-2019-eular.7185,,,0,0
https://openalex.org/w2522289409,https://doi.org/10.1684/ejd.2016.2860,,,0,0
https://openalex.org/w3142993756,https://doi.org/10.3748/wjg.13.6518,,,0,0
https://openalex.org/w1974248332,https://doi.org/10.1016/j.cytogfr.2014.07.019,,,0,0
https://openalex.org/w1998159419,https://doi.org/10.1016/s0140-6736(05)60391-1,,,0,0
https://openalex.org/w2042694279,https://doi.org/10.1111/j.1600-0609.2004.00257.x,,,0,0
https://openalex.org/w2736669358,https://doi.org/10.4049/jimmunol.196.supp.117.4,,,0,0
https://openalex.org/w2098395413,https://doi.org/10.1590/s0074-02762012000100007,,,0,0
https://openalex.org/w2017429128,https://doi.org/10.1002/art.27404,,,0,0
https://openalex.org/w2520081808,https://doi.org/10.1136/lupus-2016-000179.71,,,0,0
https://openalex.org/w2980638162,,,,0,0
https://openalex.org/w2331697160,https://doi.org/10.1136/annrheumdis-2013-eular.1160,,,0,0
https://openalex.org/w1502079491,https://doi.org/10.1007/s00281-015-0493-5,,,0,0
https://openalex.org/w2622145325,https://doi.org/10.1002/hon.2437,,,0,0
https://openalex.org/w2754419313,https://doi.org/10.1136/annrheumdis-2017-eular.3833,,,0,0
https://openalex.org/w2134146107,https://doi.org/10.1586/14787210.3.4.495,,,0,0
https://openalex.org/w2050157505,https://doi.org/10.1016/j.cyto.2009.07.147,,,0,0
https://openalex.org/w2312899605,https://doi.org/10.1016/j.joca.2012.02.394,,,0,0
https://openalex.org/w1900082802,https://doi.org/10.1002/eji.201343725,,,0,0
https://openalex.org/w1819368881,https://doi.org/10.1002/art.38646,,,0,0
https://openalex.org/w2023825608,https://doi.org/10.1016/j.ejim.2005.11.011,,,0,0
https://openalex.org/w1679569810,https://doi.org/10.1002/art.37824,,,1,1
https://openalex.org/w1514131673,https://doi.org/10.2165/00002512-200825010-00003,,,0,0
https://openalex.org/w2104744030,,,,0,0
https://openalex.org/w2188635543,,,,0,0
https://openalex.org/w2313545659,https://doi.org/10.1136/annrheumdis-2013-eular.1143,,,0,0
https://openalex.org/w2607936013,https://doi.org/10.1016/j.coisb.2017.04.003,,,0,0
https://openalex.org/w4313384998,https://doi.org/10.4049/jimmunol.198.supp.64.3,,,0,0
https://openalex.org/w2150583550,https://doi.org/10.3390/ijms160921277,,,0,0
https://openalex.org/w1551912899,https://doi.org/10.1038/ncprheum0165,,,0,0
https://openalex.org/w2174113149,,,,0,0
https://openalex.org/w2092220932,https://doi.org/10.1080/08916930902827819,,,0,0
https://openalex.org/w2597670594,https://doi.org/10.1111/j.1529-8027.2010.00245.x,,,0,0
https://openalex.org/w1981016329,https://doi.org/10.1016/s0950-351x(05)80300-3,,,0,0
https://openalex.org/w2067507533,https://doi.org/10.1002/art.38964,,,0,0
https://openalex.org/w1988637819,https://doi.org/10.1016/j.imlet.2008.12.005,,,0,0
https://openalex.org/w1874742149,https://doi.org/10.1016/j.cyto.2015.08.070,,,0,0
https://openalex.org/w2165873626,https://doi.org/10.1084/jem.20122844,,,0,0
https://openalex.org/w2055227718,https://doi.org/10.1111/1756-185x.12506,,,0,0
https://openalex.org/w1976617572,https://doi.org/10.3816/clm.2009.n.079,,,0,0
https://openalex.org/w2049415998,https://doi.org/10.1016/j.jbspin.2006.05.005,,,0,0
https://openalex.org/w2791807281,https://doi.org/10.3389/fimmu.2018.00497,,,0,0
https://openalex.org/w108348147,,,,0,0
https://openalex.org/w2933890558,https://doi.org/10.3389/fgene.2019.00223,,,0,1
https://openalex.org/w2096406587,https://doi.org/10.1177/0961203312468964,,,1,1
https://openalex.org/w2793326293,https://doi.org/10.1080/14397595.2018.1436028,,,0,0
https://openalex.org/w2437426290,,,,0,0
https://openalex.org/w4238632675,https://doi.org/10.1038/ajg.2014.277,,,0,0
https://openalex.org/w2055564835,https://doi.org/10.1016/j.cytogfr.2007.10.010,,,0,0
https://openalex.org/w2022623649,https://doi.org/10.1097/bor.0b013e328363ed23,,,0,0
https://openalex.org/w2406519576,,,,0,0
https://openalex.org/w2093656216,https://doi.org/10.2353/ajpath.2006.050479,,,0,0
https://openalex.org/w2033314898,https://doi.org/10.1007/s00011-013-0658-4,,,0,0
https://openalex.org/w2078981467,https://doi.org/10.1007/s10067-010-1610-4,,,0,0
https://openalex.org/w1972554083,https://doi.org/10.1111/j.1365-2133.1985.tb02083.x,,,0,0
https://openalex.org/w2320492835,https://doi.org/10.1136/annrheumdis-2012-eular.2259,,,0,0
https://openalex.org/w4244325348,https://doi.org/10.3899/jrheum.100360,,,0,0
https://openalex.org/w4237161008,https://doi.org/10.1007/s11926-011-0232-4,,,0,0
https://openalex.org/w2020642832,https://doi.org/10.1016/s0889-8561(05)70265-4,,,0,0
https://openalex.org/w2390092431,,,,0,0
https://openalex.org/w2053278789,https://doi.org/10.1111/j.1365-2893.2004.00514.x,,,0,0
https://openalex.org/w2083681481,https://doi.org/10.1097/maj.0000000000000284,,,0,0
https://openalex.org/w82421915,,,,0,0
https://openalex.org/w4300493067,https://doi.org/10.1089/hum.2009.0926,,,0,0
https://openalex.org/w2058833201,https://doi.org/10.1007/s10875-013-9973-3,,,1,1
https://openalex.org/w1501478754,https://doi.org/10.1159/000346085,,,0,0
https://openalex.org/w2154952787,https://doi.org/10.1345/aph.1k303,,,0,0
https://openalex.org/w2064192250,https://doi.org/10.1191/0961203303lu423oa,,,0,0
https://openalex.org/w1967641197,https://doi.org/10.1517/13543784.11.7.947,,,0,0
https://openalex.org/w2053164288,https://doi.org/10.1089/107999099313343,,,0,0
https://openalex.org/w4252912826,https://doi.org/10.3899/jrheum.140420,,,0,0
https://openalex.org/w2143033111,https://doi.org/10.1111/j.1365-2362.2010.02342.x,,,0,0
https://openalex.org/w2107268345,https://doi.org/10.1056/nejmoa062867,,,0,0
https://openalex.org/w2053727391,https://doi.org/10.1358/dot.2002.38.11.820133,,,0,0
https://openalex.org/w2321110083,https://doi.org/10.2174/1573395511309010002,,,0,0
https://openalex.org/w2011630951,https://doi.org/10.1016/s1590-8658(07)80020-x,,,0,0
https://openalex.org/w98546306,,,,1,1
https://openalex.org/w2146968446,https://doi.org/10.2174/1381612821666150313130256,,,0,1
https://openalex.org/w2891733474,https://doi.org/10.1136/annrheumdis-2018-213497,,,1,1
https://openalex.org/w2024074102,https://doi.org/10.2165/00003495-200767170-00016,,,0,0
https://openalex.org/w2055409375,https://doi.org/10.1021/tx800389u,,,0,0
https://openalex.org/w1996263738,https://doi.org/10.1016/j.jpeds.2005.09.020,,,0,0
https://openalex.org/w4231114017,https://doi.org/10.1183/09031936.00057914,,,0,0
https://openalex.org/w2049511586,https://doi.org/10.1016/j.lfs.2010.12.013,,,0,0
https://openalex.org/w2883671662,https://doi.org/10.18502/ijnl.v17i3.372,,,0,0
https://openalex.org/w2095259773,https://doi.org/10.1016/j.beha.2006.06.009,,,0,0
https://openalex.org/w1971167659,https://doi.org/10.1111/j.1601-0825.2004.01049.x,,,0,0
https://openalex.org/w2402723092,,,,0,0
https://openalex.org/w2142595209,https://doi.org/10.1097/moh.0b013e3282ab9904,,081-769-702-784-681,0,0
https://openalex.org/w2010966502,https://doi.org/10.1007/s00281-007-0088-x,,,0,0
https://openalex.org/w2023274536,https://doi.org/10.1155/2014/529167,,,0,0
https://openalex.org/w2234663719,,,,0,0
https://openalex.org/w2162166897,https://doi.org/10.1038/nrd3974,,,0,0
https://openalex.org/w2060059163,https://doi.org/10.1038/sj.eye.6702383,,,0,0
https://openalex.org/w2014730611,https://doi.org/10.2217/thy.09.2,,,0,0
https://openalex.org/w1985708343,https://doi.org/10.1007/s10620-007-0047-3,,,0,0
https://openalex.org/w2286657632,https://doi.org/10.1186/1546-0096-13-s1-p140,,,0,0
https://openalex.org/w2070483819,https://doi.org/10.1590/s0482-50042013000100010,,,0,0
https://openalex.org/w1972017489,https://doi.org/10.1067/mai.2003.92,,,0,0
https://openalex.org/w1752196808,https://doi.org/10.1002/art.39149,,,1,1
https://openalex.org/w2026948764,https://doi.org/10.1016/j.virol.2010.05.005,,,0,0
https://openalex.org/w4205565048,https://doi.org/10.1111/j.1756-185x.2010.01502.x,,,0,0
https://openalex.org/w2043618452,https://doi.org/10.1038/gene.2013.42,,,0,0
https://openalex.org/w2161132784,https://doi.org/10.1146/annurev.immunol.26.021607.090316,,,0,0
https://openalex.org/w2073135793,https://doi.org/10.1136/ard.2010.129668s,,,0,0
https://openalex.org/w2945317750,https://doi.org/10.1136/annrheumdis-2019-215062,,,0,0
https://openalex.org/w2415727144,,,,1,1
https://openalex.org/w2793282053,https://doi.org/10.1136/lupus-2018-abstract.81,,,0,0
https://openalex.org/w1981245449,https://doi.org/10.1309/lm9ob5bz4osnvgvf,,,0,0
https://openalex.org/w1588599677,https://doi.org/10.1155/2015/451675,,,0,0
https://openalex.org/w2277610297,https://doi.org/10.1016/j.cyto.2013.06.263,,,0,0
https://openalex.org/w2057963135,https://doi.org/10.1182/blood-2008-02-137455,,,0,0
https://openalex.org/w2463229410,https://doi.org/10.1080/08916934.2016.1196676,,,0,0
https://openalex.org/w1980212693,https://doi.org/10.1160/th13-08-0634,,,0,0
https://openalex.org/w2087821710,https://doi.org/10.4161/onci.27528,,,0,0
https://openalex.org/w2611977224,https://doi.org/10.1016/j.ajo.2017.05.007,,,0,0
https://openalex.org/w2161580096,https://doi.org/10.1016/j.blre.2005.12.001,,,0,0
https://openalex.org/w1525354734,https://doi.org/10.1002/acr.22100,,,0,0
https://openalex.org/w282722209,,,,0,0
https://openalex.org/w1925042033,https://doi.org/10.3727/000000003772462298,,,0,0
https://openalex.org/w2002998437,https://doi.org/10.1053/jlts.2003.50261,,,0,0
https://openalex.org/w1978985019,https://doi.org/10.3748/wjg.v20.i24.7544,,,0,0
https://openalex.org/w109982248,,,,0,0
https://openalex.org/w2058256621,https://doi.org/10.1136/ard.52.9.685,,,0,0
https://openalex.org/w2404699025,https://doi.org/10.1042/bj2500111,,,0,0
https://openalex.org/w2012018298,https://doi.org/10.1161/atvbaha.114.304925,,,0,0
https://openalex.org/w1971379244,https://doi.org/10.1136/ard.2010.129627c,,,0,0
https://openalex.org/w2019650587,https://doi.org/10.1002/art.1780331204,,,0,0
https://openalex.org/w1995682991,https://doi.org/10.1097/bor.0b013e32834d85ce,,,0,0
https://openalex.org/w1985571104,https://doi.org/10.1517/17530051003657647,,,0,0
https://openalex.org/w1982924102,https://doi.org/10.1038/nrrheum.2014.33,,,0,0
https://openalex.org/w2786608743,,,,0,0
https://openalex.org/w2896794116,https://doi.org/10.1093/rheumatology/key273.007,,,0,0
https://openalex.org/w2131316930,https://doi.org/10.1111/j.1365-2133.2012.11145.x,,,1,1
https://openalex.org/w1986325997,https://doi.org/10.1517/17425255.4.7.953,,,0,0
https://openalex.org/w2094658156,https://doi.org/10.1007/s100720070101,,,0,0
https://openalex.org/w1983663007,https://doi.org/10.1002/jcb.20316,,,0,0
https://openalex.org/w2046172155,https://doi.org/10.1177/0961203310383072,,,0,0
https://openalex.org/w2516617960,https://doi.org/10.1016/j.jaut.2016.08.003,,,0,0
https://openalex.org/w2584656768,https://doi.org/10.1136/thoraxjnl-2016-209397,,,0,0
https://openalex.org/w2028292318,https://doi.org/10.1016/j.blre.2008.03.009,,,0,0
https://openalex.org/w1982834389,https://doi.org/10.1038/nrrheum.2011.106,,,0,0
https://openalex.org/w2081363673,https://doi.org/10.3389/fgene.2014.00418,,,0,0
https://openalex.org/w1549815892,https://doi.org/10.1002/14651858.cd003982.pub2,,,0,0
https://openalex.org/w2064958651,https://doi.org/10.1097/01.bor.0000231900.81677.c5,,,0,0
https://openalex.org/w2005793412,https://doi.org/10.1111/j.1365-2249.2005.02852.x,,,0,0
https://openalex.org/w3020879337,,,,0,0
https://openalex.org/w2594637966,https://doi.org/10.1016/j.cyto.2017.02.006,,,0,0
https://openalex.org/w2093496854,https://doi.org/10.1007/s005350070040,,,0,0
https://openalex.org/w2088808688,https://doi.org/10.1002/art.34346,,,0,0
https://openalex.org/w1822646510,https://doi.org/10.1093/embo-reports/kvf041,,022-377-788-312-139,0,0
https://openalex.org/w2790022403,https://doi.org/10.1016/j.jhep.2018.01.037,,,0,0
https://openalex.org/w1985130189,https://doi.org/10.1007/s11910-012-0311-6,,,0,0
https://openalex.org/w2019466258,https://doi.org/10.2183/pjab.86.717,,,0,0
https://openalex.org/w2414621353,https://doi.org/10.1136/annrheumdis-2015-eular.3487,,,0,0
https://openalex.org/w2955076613,https://doi.org/10.1186/s40425-018-0423-x,,,0,0
https://openalex.org/w2891733584,https://doi.org/10.1089/jir.2018.0086,,,0,0
https://openalex.org/w2022778355,https://doi.org/10.1007/s11926-014-0420-0,,,0,0
https://openalex.org/w2023285551,https://doi.org/10.1136/ard.2010.129643e,,,0,0
https://openalex.org/w2898179628,https://doi.org/10.1200/jco.18.00632,,,0,0
https://openalex.org/w2020288960,https://doi.org/10.1016/j.cytogfr.2007.06.015,,,0,0
https://openalex.org/w2046089611,https://doi.org/10.1016/s1359-6446(03)02955-6,,,0,0
https://openalex.org/w2010030382,https://doi.org/10.1038/ijir.2008.30,,,0,0
https://openalex.org/w2155098957,https://doi.org/10.1136/ard.48.10.861,,,0,0
https://openalex.org/w2128875218,https://doi.org/10.4049/jimmunol.173.7.4479,,,0,0
https://openalex.org/w117123541,https://doi.org/10.1111/j.1398-9995.2010.02393.x,,,0,0
https://openalex.org/w1660561903,https://doi.org/10.3109/09273948.2014.981547,,,0,0
https://openalex.org/w37589670,https://doi.org/10.1159/000332604,,,0,0
https://openalex.org/w2120162955,https://doi.org/10.1136/jmg.2005.031880,,,0,0
https://openalex.org/w2774307122,https://doi.org/10.1038/nbt.4042,,,0,0
https://openalex.org/w2062155368,https://doi.org/10.1111/j.1365-2036.2009.04112.x,,,0,0
https://openalex.org/w2036379713,https://doi.org/10.1007/s12016-007-8048-8,,,0,0
https://openalex.org/w2133085450,https://doi.org/10.1016/s0039-6257(98)00005-8,,,0,0
https://openalex.org/w2302024964,https://doi.org/10.1136/annrheumdis-2015-208140,,,0,0
https://openalex.org/w959290310,https://doi.org/10.2119/molmed.2014.00185,,,0,0
https://openalex.org/w2008240999,https://doi.org/10.1080/00365540310013252,,,0,0
https://openalex.org/w2005613626,https://doi.org/10.1097/inf.0b013e3181a33522,,,0,0
https://openalex.org/w2025225956,https://doi.org/10.1016/j.autrev.2007.12.004,,,0,0
https://openalex.org/w2039399891,https://doi.org/10.1172/jci63835,,,0,0
https://openalex.org/w2954337515,https://doi.org/10.3389/fimmu.2019.01686,,,1,1
https://openalex.org/w2896374608,https://doi.org/10.2174/1874312901812010226,,,0,0
https://openalex.org/w2079383987,https://doi.org/10.1016/j.rdc.2005.12.002,,,0,0
https://openalex.org/w2114709756,https://doi.org/10.1111/joim.12357,,,0,0
https://openalex.org/w2192364948,https://doi.org/10.1016/j.coi.2015.10.002,,,0,0
https://openalex.org/w2308434133,https://doi.org/10.1136/annrheumdis-2014-206998,,,0,0
https://openalex.org/w2948687075,https://doi.org/10.1007/s12016-019-08743-y,,,0,0
https://openalex.org/w2252959070,https://doi.org/10.1016/j.cyto.2014.07.076,,,0,0
https://openalex.org/w2305341806,https://doi.org/10.1007/s11940-016-0405-6,,,0,0
https://openalex.org/w2510452644,,,,0,0
https://openalex.org/w1998406030,https://doi.org/10.1038/leu.2015.36,,,0,0
https://openalex.org/w2126737369,,,,0,0
https://openalex.org/w2120839943,https://doi.org/10.1016/j.cgh.2010.08.026,,,0,0
https://openalex.org/w2142405752,https://doi.org/10.1073/pnas.050567397,,,0,0
https://openalex.org/w2326776289,https://doi.org/10.1097/nrl.0000000000000002,,,0,0
https://openalex.org/w2134306636,https://doi.org/10.1517/14728222.11.7.983,,,0,0
https://openalex.org/w203993228,,,,0,0
https://openalex.org/w2157869885,https://doi.org/10.1155/2012/176298,,,0,0
https://openalex.org/w2589039756,https://doi.org/10.1080/08916934.2017.1289181,,,0,0
https://openalex.org/w2739619871,https://doi.org/10.1186/s13148-017-0378-7,,,0,0
https://openalex.org/w2797026268,https://doi.org/10.1111/sji.12662,,,1,1
https://openalex.org/w2404058480,,,,0,0
https://openalex.org/w2050565501,https://doi.org/10.1016/j.berh.2012.01.012,,,0,0
https://openalex.org/w2033563707,https://doi.org/10.1038/sj.mt.6300396,,,0,0
https://openalex.org/w2973932854,https://doi.org/10.3892/etm.2019.8013,,,0,0
https://openalex.org/w911382732,https://doi.org/10.1007/s12026-015-8672-y,,,0,0
https://openalex.org/w2410326630,,,,0,0
https://openalex.org/w1843891486,,,,0,0
https://openalex.org/w826979318,https://doi.org/10.1007/s10875-015-0176-y,,,0,0
https://openalex.org/w2012378384,https://doi.org/10.1177/0961203310394542,,,0,0
https://openalex.org/w2091242027,https://doi.org/10.1097/01.mcg.0000145538.43865.72,,,0,0
https://openalex.org/w2063288151,https://doi.org/10.1111/j.1432-2277.2006.00415.x,,,0,0
https://openalex.org/w140911654,https://doi.org/10.1007/978-1-4419-5632-3_9,,,0,0
https://openalex.org/w2163034650,https://doi.org/10.1136/jnnp-2011-300826,,,0,0
https://openalex.org/w2034785388,https://doi.org/10.1002/art.22571,,,0,0
https://openalex.org/w2415845665,,,,1,1
https://openalex.org/w2120081860,https://doi.org/10.2174/138945010791320809,,,0,0
https://openalex.org/w2290839469,https://doi.org/10.1155/2016/6269157,,,0,0
https://openalex.org/w2401153168,,,,0,0
https://openalex.org/w2888955068,https://doi.org/10.4103/ijmr.ijmr_2025_16,,,0,0
https://openalex.org/w1968865589,https://doi.org/10.1097/00129804-200605001-00003,,,0,0
https://openalex.org/w2051031007,https://doi.org/10.2147/ijn.s37990,,,0,0
https://openalex.org/w2462266043,https://doi.org/10.1016/s0733-8635(18)30241-9,,,0,0
https://openalex.org/w2079666986,https://doi.org/10.1002/art.30313,,,1,1
https://openalex.org/w1978120250,https://doi.org/10.1097/00002281-198901040-00019,,,0,0
https://openalex.org/w2530205844,,,,0,0
https://openalex.org/w2932719947,https://doi.org/10.1093/rheumatology/kez063.035,,,0,0
https://openalex.org/w2031648253,https://doi.org/10.1159/000188494,,,0,0
https://openalex.org/w1970763083,https://doi.org/10.1080/02841860902795257,,,0,0
https://openalex.org/w2049629313,https://doi.org/10.1016/j.ncl.2006.01.005,,,0,0
https://openalex.org/w235029093,,,,0,0
https://openalex.org/w2050402586,https://doi.org/10.1002/jca.20166,,,0,0
https://openalex.org/w2008784038,https://doi.org/10.1016/j.febslet.2011.04.033,,,0,0
https://openalex.org/w2529355208,https://doi.org/10.1212/nxi.0000000000000288,,,0,0
https://openalex.org/w2119035814,https://doi.org/10.1111/imj.12944,,,0,0
https://openalex.org/w2793862485,https://doi.org/10.1007/s10753-018-0764-0,,,0,0
https://openalex.org/w2076092191,https://doi.org/10.1182/blood-2011-08-371831,,,0,0
https://openalex.org/w4251768746,https://doi.org/10.1097/00002281-200205000-00001,,132-852-500-863-782,0,0
https://openalex.org/w2256693488,,,,0,0
https://openalex.org/w2006732787,https://doi.org/10.1038/nri2889,,,0,0
https://openalex.org/w8116443,,,,0,0
https://openalex.org/w2766054212,https://doi.org/10.1007/s00535-017-1396-0,,,0,0
https://openalex.org/w53642436,https://doi.org/10.1182/blood.v68.2.493.493,,,0,0
https://openalex.org/w4253676559,https://doi.org/10.1177/1352458517693714,,,0,0
https://openalex.org/w2736535396,https://doi.org/10.18632/oncotarget.19420,,,0,0
https://openalex.org/w2136910895,https://doi.org/10.1136/ard.57.11.691,,,0,0
https://openalex.org/w2096439550,https://doi.org/10.1093/rheumatology/keg055,,001-819-295-229-859,0,0
https://openalex.org/w2145178056,https://doi.org/10.1136/ard.2010.149013.7,,,0,0
https://openalex.org/w2414636749,,,,0,0
https://openalex.org/w2054028494,https://doi.org/10.1016/j.pnpbp.2005.03.006,,,0,0
https://openalex.org/w2090029015,https://doi.org/10.3109/08830180903208303,,,0,0
https://openalex.org/w2165034254,https://doi.org/10.3748/wjg.v19.i47.8916,,,0,0
https://openalex.org/w2112403922,https://doi.org/10.1186/s13075-014-0477-1,,,0,0
https://openalex.org/w2157836071,https://doi.org/10.1093/rheumatology/kes399,,,0,0
https://openalex.org/w2137742633,https://doi.org/10.1146/annurev.med.53.082901.103853,,,0,0
https://openalex.org/w2000922761,https://doi.org/10.1016/j.drudis.2013.05.009,,,0,0
https://openalex.org/w2038138220,https://doi.org/10.1016/j.arcmed.2013.08.004,,,0,0
https://openalex.org/w2056015759,https://doi.org/10.1007/s10067-009-1239-3,,,0,0
https://openalex.org/w1980223458,https://doi.org/10.1046/j.1445-5994.2003.00410.x,,,0,0
https://openalex.org/w1994549280,https://doi.org/10.3109/03009749509100872,,,0,0
https://openalex.org/w2008295607,https://doi.org/10.1097/01.bor.0000166386.62851.49,,,0,0
https://openalex.org/w2146513026,https://doi.org/10.1186/ar4445,,,0,0
https://openalex.org/w2134118673,https://doi.org/10.1345/aph.1a124,,,0,0
https://openalex.org/w1985588622,https://doi.org/10.1016/j.cyto.2009.07.286,,,0,0
https://openalex.org/w2162911176,https://doi.org/10.1046/j.1365-2893.1997.00120.x,,,0,0
https://openalex.org/w2970444188,https://doi.org/10.3390/cells8091008,,,0,0
https://openalex.org/w2063114530,https://doi.org/10.1186/1471-2105-14-221,,,0,0
https://openalex.org/w2592903232,https://doi.org/10.1111/jdv.14186,,,0,0
https://openalex.org/w121066776,,,,0,0
https://openalex.org/w2106302854,https://doi.org/10.1136/ard.2004.028498,,,0,0
https://openalex.org/w1995821100,https://doi.org/10.2217/fvl.13.10,,,0,0
https://openalex.org/w2018572402,https://doi.org/10.1586/egh.12.64,,,0,0
https://openalex.org/w2972288205,https://doi.org/10.1136/annrheumdis-2019-eular.3912,,,0,0
https://openalex.org/w1976048082,https://doi.org/10.1007/s00417-001-0425-z,,,0,0
https://openalex.org/w2931761017,https://doi.org/10.3389/fimmu.2019.00325,,,0,0
https://openalex.org/w1975937730,https://doi.org/10.3109/07853890.2011.561362,,,0,0
https://openalex.org/w2068168138,https://doi.org/10.1097/00004397-200604620-00017,,,0,0
https://openalex.org/w4251905068,https://doi.org/10.1080/030097402317474874,,,0,0
https://openalex.org/w2006399653,https://doi.org/10.1038/gene.2008.98,,,1,1
https://openalex.org/w2146808843,https://doi.org/10.1186/s13075-015-0652-z,,,0,0
https://openalex.org/w2108839834,https://doi.org/10.2174/156652306775515600,,,0,0
https://openalex.org/w2947469914,https://doi.org/10.1093/rheumatology/kez195,,,0,0
https://openalex.org/w2100327058,https://doi.org/10.1586/eci.11.40,,,0,0
https://openalex.org/w2061389251,https://doi.org/10.1136/ard.2007.081653,,,0,0
https://openalex.org/w2054394441,https://doi.org/10.1038/gene.2010.46,,,0,0
https://openalex.org/w2076665629,https://doi.org/10.1016/j.autrev.2010.09.015,,,0,0
https://openalex.org/w2808682218,https://doi.org/10.1136/annrheumdis-2018-eular.7122,,,0,0
https://openalex.org/w1963539956,https://doi.org/10.1007/s10194-004-0115-4,,,0,0
https://openalex.org/w2093758028,https://doi.org/10.1002/art.22578,,,0,1
https://openalex.org/w4301075226,https://doi.org/10.1111/j.1445-5994.2012.02761.x,,,0,0
https://openalex.org/w2041240989,https://doi.org/10.1097/rhu.0b013e31821557e7,,,0,0
https://openalex.org/w2070183706,https://doi.org/10.3928/01913913-20080701-10,,,0,0
https://openalex.org/w1546703330,https://doi.org/10.1016/j.immuni.2015.06.002,,,0,0
https://openalex.org/w2000724370,https://doi.org/10.2217/ijr.09.50,,,0,0
https://openalex.org/w2049909558,https://doi.org/10.4997/jrcpe.2009.411,,,0,0
https://openalex.org/w1970633040,https://doi.org/10.2169/internalmedicine.47.0454,,,0,0
https://openalex.org/w2095968776,https://doi.org/10.1158/1078-0432.ccr-05-0475,,047-833-037-071-980,0,0
https://openalex.org/w25732477,https://doi.org/10.4049/jimmunol.190.supp.51.9,,,0,0
https://openalex.org/w2028453745,https://doi.org/10.1182/blood-2002-10-3162,,,0,0
https://openalex.org/w2162287933,https://doi.org/10.1038/nbt.2020,,,0,0
https://openalex.org/w2116673724,https://doi.org/10.3109/08916930903140907,,,0,0
https://openalex.org/w2113955838,https://doi.org/10.1161/01.cir.0000031704.78200.59,,078-499-228-304-98X,0,0
https://openalex.org/w2282125576,https://doi.org/10.2174/1389450116666150825112105,,,0,0
https://openalex.org/w2041962260,https://doi.org/10.1196/annals.1322.042,,,0,0
https://openalex.org/w2019623332,https://doi.org/10.1007/s11901-008-0020-4,,,0,0
https://openalex.org/w1966568447,https://doi.org/10.1016/j.ejim.2004.04.011,,,0,0
https://openalex.org/w2169526581,https://doi.org/10.1212/wnl.53.9.2087,,,0,0
https://openalex.org/w2571428945,https://doi.org/10.1016/j.clim.2016.12.011,,,0,0
https://openalex.org/w2151456942,https://doi.org/10.1016/j.jep.2010.05.020,,,0,0
https://openalex.org/w1841506426,https://doi.org/10.1186/ar400,,,0,0
https://openalex.org/w107360206,,,,0,0
https://openalex.org/w2100946553,https://doi.org/10.1002/art.38318,,,0,0
https://openalex.org/w2085917034,https://doi.org/10.1038/ni1548,,,0,0
https://openalex.org/w2132897787,https://doi.org/10.1111/j.2041-1014.2010.00576.x,,,0,0
https://openalex.org/w2408959346,,,,0,0
https://openalex.org/w2043095371,https://doi.org/10.1016/j.cger.2005.02.004,,,0,0
https://openalex.org/w2151227378,https://doi.org/10.1186/1479-5876-9-67,,,0,0
https://openalex.org/w2036960478,https://doi.org/10.1016/s0738-081x(02)00274-2,,,0,0
https://openalex.org/w2064471257,https://doi.org/10.1007/s11926-005-0053-4,,,0,0
https://openalex.org/w2047944671,https://doi.org/10.1592/phco.30.9.916,,,0,0
https://openalex.org/w2436043255,,,,0,0
https://openalex.org/w2909645312,https://doi.org/10.1136/annrheumdis-2018-ewrr2019.60,,,0,0
https://openalex.org/w1600736684,https://doi.org/10.1111/cei.12223,,,0,0
https://openalex.org/w2904796840,https://doi.org/10.1016/j.clim.2018.12.017,,,0,0
https://openalex.org/w2326758788,https://doi.org/10.4140/tcp.n.2013.110,,,0,0
https://openalex.org/w1981535530,https://doi.org/10.1016/j.coph.2013.04.005,,,0,0
https://openalex.org/w2606452361,https://doi.org/10.1089/jop.2016.0097,,,0,0
https://openalex.org/w1593273966,https://doi.org/10.1186/ar1773,,,0,0
https://openalex.org/w2078658352,https://doi.org/10.1016/j.autrev.2006.02.014,,,0,0
https://openalex.org/w2968548500,https://doi.org/10.3390/jcm8081244,,,0,1
https://openalex.org/w2052004574,https://doi.org/10.1016/0090-1229(92)90250-r,,,0,0
https://openalex.org/w2169631718,https://doi.org/10.1056/nejmoa040431,,,0,0
https://openalex.org/w1979843682,https://doi.org/10.1097/00002281-200011000-00010,,,0,0
https://openalex.org/w2044478116,https://doi.org/10.1038/ng.2959,,,0,0
https://openalex.org/w4249664399,https://doi.org/10.1080/14791130400023643,,,0,0
https://openalex.org/w2057940977,https://doi.org/10.1177/0961203314546020,,,1,1
https://openalex.org/w2103787391,https://doi.org/10.1093/rheumatology/kep345,,,1,1
https://openalex.org/w2103951559,https://doi.org/10.1016/j.humimm.2012.01.009,,,0,0
https://openalex.org/w2084877846,https://doi.org/10.1182/blood-2012-03-378919,,,0,0
https://openalex.org/w2157424606,https://doi.org/10.1007/s00280-010-1326-9,,,0,0
https://openalex.org/w2131416107,https://doi.org/10.1093/rheumatology/kev026,,,0,0
https://openalex.org/w1975619062,https://doi.org/10.1038/icb.2012.15,,073-377-454-967-557,0,0
https://openalex.org/w2511994991,https://doi.org/10.1177/1087057116664029,,,0,0
https://openalex.org/w2045644355,https://doi.org/10.3109/01913128809056484,,,0,0
https://openalex.org/w2080319909,https://doi.org/10.1517/14728220902852570,,,0,0
https://openalex.org/w2033031474,https://doi.org/10.1007/s40272-013-0051-3,,,0,0
https://openalex.org/w2042267986,https://doi.org/10.1007/s00415-010-5614-4,,,0,0
https://openalex.org/w2076016721,https://doi.org/10.1097/00002281-200305000-00009,,,0,0
https://openalex.org/w2921108085,https://doi.org/10.1159/000258182,,,0,0
https://openalex.org/w2891236174,https://doi.org/10.3390/molecules23102443,,,0,0
https://openalex.org/w2301143167,,,,0,0
https://openalex.org/w1964318211,https://doi.org/10.1159/000091904,,,0,0
https://openalex.org/w2895980382,https://doi.org/10.1097/dcr.0000000000001214,,,0,0
https://openalex.org/w1964081725,https://doi.org/10.4103/0019-5359.104784,,,0,0
https://openalex.org/w2803058876,https://doi.org/10.3389/fimmu.2018.00755,,,0,0
https://openalex.org/w2032101100,https://doi.org/10.1089/jir.2013.0074,,,0,0
https://openalex.org/w2794361536,https://doi.org/10.1177/2397198318762893,,,0,0
https://openalex.org/w2072674441,https://doi.org/10.2133/dmpk.dmpk-10-rv-085,,,0,0
https://openalex.org/w1963524778,https://doi.org/10.1186/ar3679,,,0,0
https://openalex.org/w2040733258,https://doi.org/10.1002/art.27702,,,1,1
https://openalex.org/w2584812602,https://doi.org/10.1186/s13045-016-0374-y,,,0,0
https://openalex.org/w2008336429,https://doi.org/10.1177/1352458507078685,,,0,0
https://openalex.org/w29967833,,,,0,0
https://openalex.org/w2054979867,https://doi.org/10.1097/bor.0b013e32833c36c5,,,0,0
https://openalex.org/w2095268637,https://doi.org/10.1371/journal.pone.0008037,,,0,0
https://openalex.org/w1971749380,https://doi.org/10.1016/j.imlet.2012.07.003,,,0,0
https://openalex.org/w2081829590,https://doi.org/10.1186/ar2333,,,0,0
https://openalex.org/w148034703,,,,0,0
https://openalex.org/w1994973853,https://doi.org/10.1016/s0049-0172(97)80029-7,,,0,0
https://openalex.org/w4238923891,https://doi.org/10.1002/cpt.v103.s1,,,0,0
https://openalex.org/w2095634131,https://doi.org/10.1136/annrheumdis-2013-203622,,,0,0
https://openalex.org/w2111428584,https://doi.org/10.1155/2015/754825,,,0,0
https://openalex.org/w2606650330,https://doi.org/10.1684/ejd.2017.2963,,,0,0
https://openalex.org/w2016641585,https://doi.org/10.1016/0198-8859(90)90093-5,,,0,0
https://openalex.org/w2000949921,https://doi.org/10.1212/01.wnl.0000231137.24467.aa,,,0,0
https://openalex.org/w2133828962,https://doi.org/10.1080/003655400458703,,128-669-034-520-140,0,0
https://openalex.org/w2052183164,https://doi.org/10.1016/s1357-4310(97)01089-7,,,0,0
https://openalex.org/w1931590068,https://doi.org/10.1111/j.1365-2796.2011.02430.x,,,0,0
https://openalex.org/w2935884571,https://doi.org/10.3389/fimmu.2019.00856,,,0,0
https://openalex.org/w2089287879,https://doi.org/10.1159/000151369,,,0,0
https://openalex.org/w2884721330,https://doi.org/10.1136/bmjopen-2018-021747,,,0,0
https://openalex.org/w1983426933,https://doi.org/10.1007/s00296-009-1356-y,,,0,0
https://openalex.org/w1985104325,https://doi.org/10.1016/j.amjmed.2009.09.038,,,0,0
https://openalex.org/w2001982082,https://doi.org/10.1023/b:mebr.0000043982.17294.9b,,,0,0
https://openalex.org/w2789486306,https://doi.org/10.1038/s41418-018-0096-5,,,0,0
https://openalex.org/w1994113959,https://doi.org/10.1097/bor.0b013e3283535801,,,0,0
https://openalex.org/w2404909868,,,,0,0
https://openalex.org/w2089913205,https://doi.org/10.1016/j.ejmhg.2011.06.009,,,1,1
https://openalex.org/w2324169031,,,,0,0
https://openalex.org/w1968380478,https://doi.org/10.1093/rheumatology/keh668,,,0,0
https://openalex.org/w2795416164,https://doi.org/10.1016/j.autrev.2017.12.011,,,0,0
https://openalex.org/w2731908664,https://doi.org/10.1016/j.bbi.2017.06.014,,,0,0
https://openalex.org/w2019820875,https://doi.org/10.1016/j.cld.2005.10.005,,,0,0
https://openalex.org/w2566044031,https://doi.org/10.2174/1381612822666161221151900,,,0,0
https://openalex.org/w2040938113,https://doi.org/10.1517/13543784.17.11.1693,,,0,0
https://openalex.org/w2080132404,https://doi.org/10.1016/j.cgh.2008.10.035,,,0,0
https://openalex.org/w2969130740,https://doi.org/10.3390/ijms20163878,,,0,0
https://openalex.org/w2023361587,https://doi.org/10.1177/0961203312447668,,,0,0
https://openalex.org/w2025636330,https://doi.org/10.1007/s10067-005-1163-0,,,0,0
https://openalex.org/w1852489937,https://doi.org/10.4049/jimmunol.1001731,,,0,0
https://openalex.org/w2011818634,https://doi.org/10.1038/nrrheum.2010.64,,,0,0
https://openalex.org/w2070408112,https://doi.org/10.1016/j.cyto.2014.11.026,,,0,0
https://openalex.org/w2109534614,https://doi.org/10.1093/rheumatology/kep237,,,0,0
https://openalex.org/w2322124992,https://doi.org/10.1136/annrheumdis-2015-eular.3314,,,0,0
https://openalex.org/w2578744507,https://doi.org/10.1146/annurev-med-043015-123313,,,0,0
https://openalex.org/w2109543073,https://doi.org/10.1038/nature09247,,,0,0
https://openalex.org/w1985051945,https://doi.org/10.1016/0024-3205(96)00157-9,,,0,0
https://openalex.org/w165458427,,,,0,0
https://openalex.org/w2610568163,https://doi.org/10.1177/0961203317706557,,,0,0
https://openalex.org/w2117028969,https://doi.org/10.1186/ar4609,,,0,0
https://openalex.org/w2944141731,https://doi.org/10.3389/fimmu.2019.01040,,,0,0
https://openalex.org/w1986021912,https://doi.org/10.1097/ppo.0b013e3181c51f24,,,0,0
https://openalex.org/w2900659956,https://doi.org/10.1136/annrheumdis-2018-eular.2324,,,0,0
https://openalex.org/w2027035370,https://doi.org/10.1177/0961203309106492,,,0,0
https://openalex.org/w2075219903,https://doi.org/10.1517/14712598.7.9.1401,,,0,0
https://openalex.org/w1826391515,https://doi.org/10.1002/art.39204,,,0,1
https://openalex.org/w2127306491,https://doi.org/10.1196/annals.1423.068,,,0,0
https://openalex.org/w2021802459,https://doi.org/10.1038/labinvest.2012.89,,,0,0
https://openalex.org/w2086286235,https://doi.org/10.1016/1047-8477(92)90004-t,,,0,0
https://openalex.org/w2607402465,https://doi.org/10.1016/j.cld.2017.03.002,,,0,0
https://openalex.org/w2412296270,,,,0,0
https://openalex.org/w2144400223,https://doi.org/10.1016/j.jaut.2014.01.005,,,0,0
https://openalex.org/w2142873767,https://doi.org/10.3109/00365599109024539,,,0,0
https://openalex.org/w2780453190,https://doi.org/10.1016/j.cotox.2017.12.003,,,0,0
https://openalex.org/w2606776720,https://doi.org/10.1016/j.cyto.2013.06.181,,,0,0
https://openalex.org/w2104339704,https://doi.org/10.1016/s0950-3579(05)80316-4,,,0,0
https://openalex.org/w1965198792,https://doi.org/10.2165/00002018-200730010-00004,,,0,0
https://openalex.org/w1988512834,https://doi.org/10.1155/2015/816424,,,0,0
https://openalex.org/w2029188376,https://doi.org/10.1515/pteridines.2007.18.1.139,,,0,0
https://openalex.org/w2128707136,https://doi.org/10.3109/01913129209074562,,,0,0
https://openalex.org/w2077544385,https://doi.org/10.1186/ar3531,,,0,0
https://openalex.org/w2163267654,https://doi.org/10.1093/ndt/16.10.2114,,,0,0
https://openalex.org/w2018943985,https://doi.org/10.2169/internalmedicine.49.2656,,,0,0
https://openalex.org/w2394943877,,,,0,0
https://openalex.org/w2128651676,https://doi.org/10.1371/journal.pone.0060394,,,0,1
https://openalex.org/w2085352975,https://doi.org/10.3109/08916934.2013.873415,,,0,0
https://openalex.org/w1696700690,https://doi.org/10.4049/jimmunol.1002631,,,0,0
https://openalex.org/w1974813814,https://doi.org/10.1097/00002281-199811000-00003,,,0,0
https://openalex.org/w2921181370,https://doi.org/10.1097/icu.0000000000000562,,,0,0
https://openalex.org/w2905487222,https://doi.org/10.1210/jc.2018-02080,,,0,0
https://openalex.org/w2041295608,https://doi.org/10.1016/j.jaad.2010.08.034,,,0,0
https://openalex.org/w2128964341,https://doi.org/10.1016/j.braindev.2012.03.012,,,0,0
https://openalex.org/w2079902751,https://doi.org/10.1371/journal.pone.0004261,,,0,0
https://openalex.org/w2084542616,https://doi.org/10.1586/17469872.2.3.335,,,0,0
https://openalex.org/w2974284097,https://doi.org/10.1177/1759720x19874309,,,0,0
https://openalex.org/w2402357292,https://doi.org/10.2147/ott.s104691,,,0,0
https://openalex.org/w1968325005,https://doi.org/10.1016/j.jaci.2010.12.1087,,,0,0
https://openalex.org/w2910630164,https://doi.org/10.1007/s11926-019-0803-3,,,0,0
https://openalex.org/w2128587735,https://doi.org/10.4049/jimmunol.1100736,,,0,0
https://openalex.org/w2064400534,https://doi.org/10.1111/j.1365-2796.2009.02090.x,,,0,0
https://openalex.org/w2024760785,https://doi.org/10.1046/j.1365-3083.2001.00956.x,,,0,0
https://openalex.org/w2050052235,https://doi.org/10.1111/j.1365-2893.2005.00709.x,,,0,0
https://openalex.org/w1821880519,https://doi.org/10.1177/1756285609347123,,,0,0
https://openalex.org/w4238345995,https://doi.org/10.1186/1471-2172-13-2,,,0,0
https://openalex.org/w1996427893,https://doi.org/10.1016/s0168-8278(99)80372-9,,,0,0
https://openalex.org/w2032984534,https://doi.org/10.4137/cmo.s10594,,,0,0
https://openalex.org/w2014628036,https://doi.org/10.1016/s0016-5085(14)62977-2,,,0,0
https://openalex.org/w1920649337,https://doi.org/10.3109/10428190009089444,,,0,0
https://openalex.org/w2952073068,https://doi.org/10.1016/j.clim.2019.03.002,,,0,0
https://openalex.org/w1987647233,https://doi.org/10.1016/j.coms.2005.02.004,,,0,0
https://openalex.org/w1666336517,https://doi.org/10.1056/nejmoa0802670,,,0,0
https://openalex.org/w2085457372,https://doi.org/10.1177/0961203314556140,,,0,0
https://openalex.org/w2122378608,https://doi.org/10.1002/hep.27600,,,0,0
https://openalex.org/w2005816471,https://doi.org/10.1007/s12072-011-9303-x,,,0,0
https://openalex.org/w1978058499,https://doi.org/10.1016/j.jaad.2011.01.015,,,0,0
https://openalex.org/w2141138826,https://doi.org/10.1189/jlb.0609445,,,0,0
https://openalex.org/w2050688273,https://doi.org/10.1097/00124743-199906000-00015,,,0,0
https://openalex.org/w2416959830,https://doi.org/10.1136/annrheumdis-2015-eular.5646,,,0,0
https://openalex.org/w2068425201,https://doi.org/10.1097/00002281-199509000-00014,,,0,0
https://openalex.org/w1993971136,https://doi.org/10.1177/0961203308099632,,,0,0
https://openalex.org/w2150618027,https://doi.org/10.1111/sji.12368,,,0,0
https://openalex.org/w2601611703,https://doi.org/10.1634/theoncologist.2016-0486,,,0,0
https://openalex.org/w1707658851,https://doi.org/10.1038/cmi.2015.61,,,0,0
https://openalex.org/w2981011082,https://doi.org/10.1016/j.chest.2019.08.254,,,0,0
https://openalex.org/w2036819351,https://doi.org/10.1159/000051781,,,0,0
https://openalex.org/w1980431670,https://doi.org/10.1056/nejme048326,,112-407-480-548-636,0,0
https://openalex.org/w2902538999,https://doi.org/10.5114/reum.2018.79502,,,0,0
https://openalex.org/w2288093419,https://doi.org/10.3899/jrheum.141577,,,0,0
https://openalex.org/w4236016984,https://doi.org/10.1111/j.1756-185x.2012.01771.x,,,0,0
https://openalex.org/w1973354670,https://doi.org/10.1016/j.clim.2006.07.012,,,0,0
https://openalex.org/w2101412709,https://doi.org/10.1016/j.immuni.2013.08.004,,,0,0
https://openalex.org/w2067329698,https://doi.org/10.1089/jop.2007.0023,,,0,0
https://openalex.org/w1971589053,https://doi.org/10.1002/ana.410380506,,,0,0
https://openalex.org/w2735362233,https://doi.org/10.1136/lupus-2017-000215.307,,,0,0
https://openalex.org/w2740034846,https://doi.org/10.3892/mmr.2017.7091,,,0,0
https://openalex.org/w2510913851,https://doi.org/10.1080/17474086.2016.1231571,,114-779-773-006-929,0,0
https://openalex.org/w2889324136,https://doi.org/10.1111/1346-8138.14619,,,0,0
https://openalex.org/w2087751725,https://doi.org/10.1007/s00535-004-1441-7,,,0,0
https://openalex.org/w2324270967,https://doi.org/10.1097/00000421-199810000-00011,,,0,0
https://openalex.org/w2099022745,https://doi.org/10.2174/138161205774580804,,,0,0
https://openalex.org/w2394838404,,,,0,0
https://openalex.org/w2123557774,https://doi.org/10.1016/s1098-3597(04)90005-1,,,0,0
https://openalex.org/w2549020395,https://doi.org/10.1007/s11926-016-0619-3,,,0,0
https://openalex.org/w2024135151,https://doi.org/10.1111/jcpe.12314,,,0,0
https://openalex.org/w2808728047,https://doi.org/10.1371/journal.pone.0199530,,,0,0
https://openalex.org/w1526882918,https://doi.org/10.3969/j.issn.1673-5374.2013.35.004,,,0,0
https://openalex.org/w2091792853,https://doi.org/10.3899/jrheum.100690,,,0,0
https://openalex.org/w2058688251,https://doi.org/10.1159/000368581,,,0,0
https://openalex.org/w1517942329,https://doi.org/10.1111/j.1432-2277.2012.01520.x,,,0,0
https://openalex.org/w1991133811,https://doi.org/10.1016/j.it.2009.06.003,,,0,0
https://openalex.org/w2018932486,https://doi.org/10.3389/fmicb.2014.00006,,,0,0
https://openalex.org/w137325184,https://doi.org/10.1007/978-3-0346-0165-8_14,,,0,0
https://openalex.org/w2152771993,https://doi.org/10.1007/s40123-014-0023-x,,,0,0
https://openalex.org/w2890034801,https://doi.org/10.1097/bor.0000000000000050,,,0,0
https://openalex.org/w1509628283,https://doi.org/10.1002/art.38629,,,0,0
https://openalex.org/w2124179873,https://doi.org/10.1186/ar4256,,,0,0
https://openalex.org/w2143666663,https://doi.org/10.1111/j.1600-065x.2008.00630.x,,,0,0
https://openalex.org/w165865556,https://doi.org/10.4049/jimmunol.184.supp.133.9,,,0,0
https://openalex.org/w2051999422,https://doi.org/10.2174/092986709789909585,,,0,0
https://openalex.org/w4253256761,https://doi.org/10.1111/odi.12277_1,,,0,0
https://openalex.org/w1899732990,https://doi.org/10.1542/peds.2015-0724,,,0,0
https://openalex.org/w2050595528,https://doi.org/10.1016/j.ddmec.2004.10.006,,,0,0
https://openalex.org/w2572825996,https://doi.org/10.1080/09273948.2016.1265656,,,0,0
https://openalex.org/w2059016073,https://doi.org/10.1016/j.neuropharm.2007.05.002,,,0,0
https://openalex.org/w2229182764,https://doi.org/10.1136/annrheumdis-2015-208001,,,1,1
https://openalex.org/w2095984859,,,,0,0
https://openalex.org/w2416973265,,,,0,0
https://openalex.org/w2809074048,https://doi.org/10.1136/annrheumdis-2018-213386,,,1,1
https://openalex.org/w4376544262,https://doi.org/10.1177/0961203311399817,,,0,0
https://openalex.org/w2345188178,https://doi.org/10.4158/ep151038.ps,,,0,0
https://openalex.org/w2026370800,https://doi.org/10.1016/j.hepres.2006.03.013,,,0,0
https://openalex.org/w2066239832,https://doi.org/10.1136/annrheumdis-2014-eular.4239,,,0,0
https://openalex.org/w2128204445,https://doi.org/10.3389/fimmu.2014.00549,,,0,0
https://openalex.org/w2078104456,https://doi.org/10.1007/s10067-004-0944-1,,,0,0
https://openalex.org/w2101790075,https://doi.org/10.1542/peds.2010-3022,,,0,0
https://openalex.org/w2320160743,https://doi.org/10.1097/nen.0b013e3182a7f0b8,,,0,0
https://openalex.org/w2902894314,https://doi.org/10.1136/lupus-2018-000284,,,1,1
https://openalex.org/w1469768362,,,,0,0
https://openalex.org/w2025878509,https://doi.org/10.1177/0022034515581012,,,0,0
https://openalex.org/w2151120833,https://doi.org/10.1186/ar3487,,,0,0
https://openalex.org/w2769999036,https://doi.org/10.1038/cmi.2017.121,,,0,0
https://openalex.org/w1963656820,https://doi.org/10.1016/s0022-510x(99)00172-0,,,0,0
https://openalex.org/w2072624086,https://doi.org/10.1007/s40262-013-0085-2,,,0,0
https://openalex.org/w2060169708,https://doi.org/10.1007/s11936-008-0001-5,,,0,0
https://openalex.org/w2558481139,https://doi.org/10.7860/jcdr/2016/19519.8643,,,0,0
https://openalex.org/w1969588866,https://doi.org/10.1016/j.cyto.2012.06.079,,,0,0
https://openalex.org/w2414630277,,,,0,1
https://openalex.org/w2041635511,https://doi.org/10.1046/j.1523-1747.1999.00749.x,,,0,0
https://openalex.org/w2108868989,https://doi.org/10.3322/canjclin.47.4.243,,,0,0
https://openalex.org/w2179421220,https://doi.org/10.3389/fimmu.2015.00571,,,0,0
https://openalex.org/w2724892418,https://doi.org/10.1016/j.cld.2017.03.015,,,0,0
https://openalex.org/w1971214288,https://doi.org/10.1097/bor.0b013e32832efe6b,,,0,0
https://openalex.org/w2025847850,https://doi.org/10.1111/j.1572-0241.2007.01643.x,,,0,0
https://openalex.org/w4230694885,https://doi.org/10.1093/annonc/mdn510,,,0,0
https://openalex.org/w2777087235,https://doi.org/10.1016/j.msard.2017.12.016,,,0,0
https://openalex.org/w1964015742,https://doi.org/10.1016/s0889-857x(03)00108-x,,,0,0
https://openalex.org/w2134442010,https://doi.org/10.1136/gutjnl-2011-300904,,,0,0
https://openalex.org/w1970786068,https://doi.org/10.1016/j.cyto.2011.07.257,,,0,0
https://openalex.org/w2969541374,https://doi.org/10.3389/fimmu.2019.02095,,,0,0
https://openalex.org/w2016090826,https://doi.org/10.1038/sj.bmt.1703081,,,0,0
https://openalex.org/w2483965078,https://doi.org/10.1177/0961203316652495,,,0,0
https://openalex.org/w1581088096,https://doi.org/10.1111/j.1365-2362.2011.02545.x,,,0,0
https://openalex.org/w2007743488,https://doi.org/10.1016/j.cytogfr.2012.01.001,,,0,0
https://openalex.org/w2068279470,https://doi.org/10.1177/0961203311430700,,,0,0
https://openalex.org/w1964217308,https://doi.org/10.1517/14656560902731951,,,0,0
https://openalex.org/w2056755341,https://doi.org/10.3109/08039488.2011.611894,,,0,0
https://openalex.org/w4239752886,https://doi.org/10.1053/j.ajkd.2014.01.295,,,0,0
https://openalex.org/w2972239234,https://doi.org/10.1093/rheumatology/kez381,,,0,0
https://openalex.org/w2411930703,,,,0,0
https://openalex.org/w2895871222,https://doi.org/10.3390/cells7100166,,,0,0
https://openalex.org/w2028765128,https://doi.org/10.1007/s11910-007-0023-5,,,0,0
https://openalex.org/w1991926281,https://doi.org/10.1517/14656566.5.11.2381,,,0,0
https://openalex.org/w1987232881,https://doi.org/10.1111/j.1365-2133.2009.09329.x,,,0,0
https://openalex.org/w2131712984,https://doi.org/10.1073/pnas.0900615106,,,0,0
https://openalex.org/w1881096396,https://doi.org/10.3109/08830185.2015.1027820,,,0,0
https://openalex.org/w2981097383,https://doi.org/10.1016/j.chest.2019.08.852,,,0,0
https://openalex.org/w2054749024,https://doi.org/10.3892/ijo.4.1.101,,,0,0
https://openalex.org/w2044575809,https://doi.org/10.1186/1546-0096-11-s2-p81,,,0,0
https://openalex.org/w2003036666,https://doi.org/10.1016/j.autrev.2011.01.008,,,0,0
https://openalex.org/w2001457439,https://doi.org/10.1007/s10067-014-2799-4,,,1,1
https://openalex.org/w2967918238,https://doi.org/10.1136/lupus-2018-000270,,,0,0
https://openalex.org/w2167996871,https://doi.org/10.1111/j.1478-3231.2008.01861.x,,,0,0
https://openalex.org/w2556370747,,,,0,0
https://openalex.org/w2590697820,https://doi.org/10.1371/journal.pone.0171193,,,0,0
https://openalex.org/w2070059101,https://doi.org/10.1007/s11940-009-0025-5,,,0,0
https://openalex.org/w2027543663,https://doi.org/10.1155/2010/507475,,,0,0
https://openalex.org/w2770664623,https://doi.org/10.1016/j.molimm.2017.11.009,,,0,0
https://openalex.org/w2726267445,https://doi.org/10.1093/rheumatology/kex220,,,1,1
https://openalex.org/w2319743571,https://doi.org/10.1097/wco.0b013e3283580432,,,0,0
https://openalex.org/w2005912772,https://doi.org/10.1136/annrheumdis-2011-201236.2,,,0,0
https://openalex.org/w2026705259,https://doi.org/10.1007/s100670050081,,,0,0
https://openalex.org/w2131605956,https://doi.org/10.2147/ccid.s35312,,,0,0
https://openalex.org/w1980651799,https://doi.org/10.1021/jm701182y,,,0,0
https://openalex.org/w2327199559,https://doi.org/10.3899/jrheum.120022,,,0,0
https://openalex.org/w1910192705,https://doi.org/10.1002/psc.2760,,,0,0
https://openalex.org/w1969244218,https://doi.org/10.1097/meg.0b013e3283399a1b,,,0,0
https://openalex.org/w2108894727,https://doi.org/10.1586/17512433.1.2.217,,,0,0
https://openalex.org/w2084030749,https://doi.org/10.1016/j.clindermatol.2005.01.006,,,0,0
https://openalex.org/w2005925450,https://doi.org/10.1002/art.22010,,,0,0
https://openalex.org/w2078464541,https://doi.org/10.1016/j.clineuro.2009.02.001,,,0,0
https://openalex.org/w2802762846,https://doi.org/10.1038/s41598-018-24198-1,,,1,1
https://openalex.org/w2085071420,https://doi.org/10.1186/ar3640,,,0,0
https://openalex.org/w2979999976,https://doi.org/10.1182/blood.v116.21.2531.2531,,,0,0
https://openalex.org/w2400269016,,,,0,0
https://openalex.org/w2002342144,https://doi.org/10.2146/ajhp070242,,,0,0
https://openalex.org/w2106962555,https://doi.org/10.1186/1479-5876-11-93,,,0,0
https://openalex.org/w2039045990,https://doi.org/10.1056/nejmra013339,,064-765-437-209-680,0,0
https://openalex.org/w1977901448,https://doi.org/10.1016/j.nbt.2010.01.029,,,0,0
https://openalex.org/w1969883814,https://doi.org/10.1002/eji.201041354,,,0,0
https://openalex.org/w2917762466,https://doi.org/10.1016/j.medcli.2018.12.012,,,1,1
https://openalex.org/w1993471923,https://doi.org/10.1016/j.clindermatol.2005.01.014,,,0,0
https://openalex.org/w2416544690,https://doi.org/10.1136/annrheumdis-2015-eular.6491,,,0,0
https://openalex.org/w2011330261,https://doi.org/10.1016/j.coi.2010.09.002,,,0,0
https://openalex.org/w2732536590,https://doi.org/10.1136/lupus-2017-000215.302,,,0,0
https://openalex.org/w2034519301,https://doi.org/10.1016/j.gtc.2008.02.008,,,0,0
https://openalex.org/w2082277349,https://doi.org/10.3390/ph3041162,,,0,0
https://openalex.org/w1573788741,https://doi.org/10.1023/a:1022449613907,,,0,0
https://openalex.org/w2599573700,https://doi.org/10.1111/ane.12755,,,0,0
https://openalex.org/w2084228622,https://doi.org/10.1016/j.berh.2011.05.002,,,0,0
https://openalex.org/w2070360226,https://doi.org/10.1016/j.semarthrit.2013.07.002,,,0,0
https://openalex.org/w1978563510,https://doi.org/10.1159/000085560,,,0,0
https://openalex.org/w2149564666,https://doi.org/10.1007/s10620-006-9110-8,,,0,0
https://openalex.org/w2910370791,https://doi.org/10.1016/j.ebiom.2018.12.055,,,0,0
https://openalex.org/w2003860817,https://doi.org/10.1007/s00415-005-2015-1,,,0,0
https://openalex.org/w1020992952,https://doi.org/10.2165/11591850-000000000-00000,,,0,0
https://openalex.org/w4290476507,https://doi.org/10.1111/nep.12301,,,0,0
https://openalex.org/w2861197037,https://doi.org/10.1080/03009742.2018.1450892,,,0,0
https://openalex.org/w2087350323,https://doi.org/10.1111/j.1744-313x.1995.tb00247.x,,,0,0
https://openalex.org/w2754199541,https://doi.org/10.1136/annrheumdis-2017-eular.4066,,080-662-738-941-97X,0,0
https://openalex.org/w1996730274,https://doi.org/10.1016/j.jaut.2010.06.009,,,0,0
https://openalex.org/w1973252540,https://doi.org/10.7182/prtr.12.2.y334106037764778,,,0,0
https://openalex.org/w2138770639,https://doi.org/10.6061/clinics/2012(02)11,,,1,1
https://openalex.org/w2139563452,https://doi.org/10.1093/protein/gzh097,,,0,0
https://openalex.org/w2791183126,https://doi.org/10.1016/j.molmed.2018.02.001,,,0,0
https://openalex.org/w2169939515,https://doi.org/10.1136/ard.2010.129585d,,,0,0
https://openalex.org/w2551094888,https://doi.org/10.1136/annrheumdis-2016-eular.3637,,,0,0
https://openalex.org/w1910913624,,,,0,0
https://openalex.org/w2048704235,https://doi.org/10.1111/j.1365-2133.2007.08073.x,,,0,0
https://openalex.org/w116650463,https://doi.org/10.1055/s-2003-44555,,,0,0
https://openalex.org/w1865871210,https://doi.org/10.1055/s-0038-1632973,,,0,0
https://openalex.org/w1967624629,https://doi.org/10.1055/s-2004-836150,,,0,0
https://openalex.org/w40049010,,,,0,0
https://openalex.org/w2823906976,https://doi.org/10.1038/s41584-018-0050-4,,005-338-914-289-331,0,0
https://openalex.org/w2897712455,https://doi.org/10.1093/brain/awy256,,,0,0
https://openalex.org/w2072545281,https://doi.org/10.1007/s00281-013-0384-6,,,0,0
https://openalex.org/w4211229404,https://doi.org/10.1016/s1474-4422(13)70259-x,,,0,0
https://openalex.org/w2964598643,https://doi.org/10.1016/j.jaut.2019.102311,,,0,0
https://openalex.org/w1928582715,https://doi.org/10.4049/jimmunol.1000569,,,0,0
https://openalex.org/w2410563538,https://doi.org/10.1016/s0022-510x(97)00317-1,,,0,0
https://openalex.org/w179035778,,,,0,0
https://openalex.org/w2003377779,https://doi.org/10.1016/j.it.2008.03.005,,,0,0
https://openalex.org/w4242102189,https://doi.org/10.1016/j.ajo.2009.03.005,,,0,0
https://openalex.org/w2014017592,https://doi.org/10.1097/mol.0b013e32830bfdc2,,,0,0
https://openalex.org/w2333317442,https://doi.org/10.1055/s-0035-1559654,,,0,0
https://openalex.org/w2764139712,https://doi.org/10.1016/j.clim.2017.10.001,,,0,0
https://openalex.org/w2418788988,https://doi.org/10.1136/annrheumdis-2015-eular.5682,,,0,0
https://openalex.org/w2441245122,,,,0,0
https://openalex.org/w1499756609,https://doi.org/10.1111/j.1365-3083.2012.02754.x,,,0,0
https://openalex.org/w2952000681,https://doi.org/10.1136/annrheumdis-2019-eular.7362,,,0,0
https://openalex.org/w2018709295,https://doi.org/10.1078/0944-7113-00344,,,0,0
https://openalex.org/w2069518651,https://doi.org/10.1002/ddr.20474,,,0,0
https://openalex.org/w2155353257,https://doi.org/10.3899/jrheum.100558,,046-596-079-040-987,0,0
https://openalex.org/w2115964027,https://doi.org/10.1053/j.ackd.2013.07.004,,,0,0
https://openalex.org/w2555414152,https://doi.org/10.1186/s13075-016-1159-y,,,0,0
https://openalex.org/w2100492383,https://doi.org/10.1517/14728214.13.3.465,,,0,0
https://openalex.org/w1549764586,,,,0,0
https://openalex.org/w2043935898,https://doi.org/10.1186/2045-7022-4-41,,,0,0
https://openalex.org/w2040024128,https://doi.org/10.1016/s0190-9622(89)70078-5,,,0,0
https://openalex.org/w2593185213,,,,0,0
https://openalex.org/w2262271621,https://doi.org/10.1111/ene.12953,,,0,0
https://openalex.org/w2128969304,https://doi.org/10.1136/annrheumdis-2014-205997,,,0,0
https://openalex.org/w1980259995,https://doi.org/10.1016/s0171-2985(87)80068-2,,,0,0
https://openalex.org/w2169831748,https://doi.org/10.1186/s13075-015-0784-1,,,0,0
https://openalex.org/w2082861980,https://doi.org/10.3109/03009740903030324,,,0,0
https://openalex.org/w2068084270,https://doi.org/10.1358/dot.2010.46.2.1452078,,,0,0
https://openalex.org/w1504695357,https://doi.org/10.1016/s0065-2776(05)87003-8,,,0,0
https://openalex.org/w2047279190,https://doi.org/10.1016/j.cyto.2009.07.191,,,0,0
https://openalex.org/w2067438493,https://doi.org/10.1172/jci58648,,,0,0
https://openalex.org/w1970702209,https://doi.org/10.1002/art.11199,,,0,0
https://openalex.org/w2121815237,https://doi.org/10.1017/s0033291711002868,,,0,0
https://openalex.org/w2944079667,https://doi.org/10.14309/ajg.0000000000000245,,,0,0
https://openalex.org/w2038721818,,,,0,0
https://openalex.org/w2040211474,https://doi.org/10.1016/j.rdc.2008.08.007,,,0,0
https://openalex.org/w2007442168,https://doi.org/10.1038/sj.gene.6364421,,,0,0
https://openalex.org/w2113422652,https://doi.org/10.1093/rheumatology/kel306,,,0,0
https://openalex.org/w2106660990,https://doi.org/10.1016/j.survophthal.2011.12.002,,,0,0
https://openalex.org/w2050477981,https://doi.org/10.1016/j.atherosclerosis.2015.03.009,,,0,0
https://openalex.org/w2754636267,https://doi.org/10.3389/fgene.2017.00118,,,0,0
https://openalex.org/w1855271605,https://doi.org/10.1186/s12891-015-0710-3,,,1,1
https://openalex.org/w4231462800,https://doi.org/10.1016/j.revmed.2018.02.022,,,0,0
https://openalex.org/w2030016601,https://doi.org/10.1177/0961203306076518,,,0,0
https://openalex.org/w3725601,,,,0,0
https://openalex.org/w2411734973,,,,0,0
https://openalex.org/w2137468010,https://doi.org/10.1136/ard.51.6.731,,,0,0
https://openalex.org/w1987471575,https://doi.org/10.1016/j.cyto.2010.07.105,,,0,0
https://openalex.org/w1965125415,https://doi.org/10.1007/s11882-008-0077-8,,,0,0
https://openalex.org/w2056390097,https://doi.org/10.1093/qjmed/91.6.393,,,0,0
https://openalex.org/w1982165438,https://doi.org/10.1034/j.1601-5215.2002.140606.x,,,0,0
https://openalex.org/w2559978238,https://doi.org/10.1093/infdis/jiw284,,,0,0
https://openalex.org/w2046863411,https://doi.org/10.1378/chest.124.6.2406,,,0,0
https://openalex.org/w2069071140,https://doi.org/10.1016/s0022-5347(06)00264-3,,,0,0
https://openalex.org/w3163456287,https://doi.org/10.1177/2050640613502899,,,0,0
https://openalex.org/w2121843283,https://doi.org/10.1016/j.trsl.2009.05.005,,,0,0
https://openalex.org/w1970745992,https://doi.org/10.1016/s0399-8320(04)95227-x,,,0,0
https://openalex.org/w2006009751,https://doi.org/10.1006/jaut.2000.0502,,,0,0
https://openalex.org/w4251207176,https://doi.org/10.1038/ncpcardio1331,,,0,0
https://openalex.org/w2603756970,https://doi.org/10.4049/jimmunol.196.supp.187.3,,,0,0
https://openalex.org/w2782491731,https://doi.org/10.1111/1346-8138.14200,,,0,0
https://openalex.org/w2511045396,https://doi.org/10.1016/j.jare.2016.07.005,,,0,0
https://openalex.org/w2029602714,https://doi.org/10.1007/s00467-006-0222-3,,,0,0
https://openalex.org/w2738924373,https://doi.org/10.1097/qad.0000000000001603,,,0,0
https://openalex.org/w1828234682,https://doi.org/10.4049/jimmunol.1102913,,131-224-947-445-428,0,0
https://openalex.org/w34360751,,,,0,0
https://openalex.org/w1975913215,https://doi.org/10.1517/21678707.2015.1010510,,,0,0
https://openalex.org/w4237901336,https://doi.org/10.1186/s40425-018-0422-y,,,0,0
https://openalex.org/w2040893375,https://doi.org/10.1016/s1089-3261(02)00053-3,,,0,0
https://openalex.org/w320799596,https://doi.org/10.1007/s00281-015-0486-4,,,0,0
https://openalex.org/w2125403686,https://doi.org/10.2340/00015555-1813,,,0,0
https://openalex.org/w2755301023,https://doi.org/10.1136/annrheumdis-2017-eular.6641,,,0,0
https://openalex.org/w2025651101,https://doi.org/10.1016/s0248-8663(02)00666-5,,,0,0
https://openalex.org/w2431979911,,,,0,0
https://openalex.org/w2525938418,https://doi.org/10.1016/j.cyto.2014.07.178,,,0,0
https://openalex.org/w2319333763,https://doi.org/10.1136/annrheumdis-2014-eular.3210,,,0,0
https://openalex.org/w2118162032,https://doi.org/10.1586/ern.10.193,,,0,0
https://openalex.org/w1966233814,https://doi.org/10.1016/j.jneuroim.2008.03.011,,,0,0
https://openalex.org/w1972809208,https://doi.org/10.1007/s11899-013-0167-0,,,0,0
https://openalex.org/w2400345153,https://doi.org/10.1007/s12016-016-8550-y,,,0,0
https://openalex.org/w1990868317,https://doi.org/10.1111/j.1537-2995.2008.01788.x,,,0,0
https://openalex.org/w2945764262,https://doi.org/10.3899/jrheum.181443,,,0,0
https://openalex.org/w2894218318,https://doi.org/10.1016/j.cimid.2018.09.008,,,0,0
https://openalex.org/w2143410589,https://doi.org/10.3748/wjg.v12.i38.6098,,,0,0
https://openalex.org/w2086421463,https://doi.org/10.1007/s00403-007-0737-x,,,0,0
https://openalex.org/w2096015012,https://doi.org/10.4049/jimmunol.1302005,,,0,0
https://openalex.org/w1958716837,https://doi.org/10.1002/art.38298,,,0,0
https://openalex.org/w4393206867,,,,0,0
https://openalex.org/w1979638645,https://doi.org/10.1111/j.1365-2141.2004.04993.x,,,0,0
https://openalex.org/w2081634678,https://doi.org/10.1073/pnas.1209724109,,,0,1
https://openalex.org/w2090627427,https://doi.org/10.1089/jir.2011.0047,,,0,0
https://openalex.org/w2790272125,https://doi.org/10.1080/08916934.2018.1446525,,,0,1
https://openalex.org/w2888297430,https://doi.org/10.1016/j.clim.2018.08.011,,,0,0
https://openalex.org/w1984063812,https://doi.org/10.1093/rheumatology/keg299,,,0,0
https://openalex.org/w1174647490,https://doi.org/10.1016/j.autrev.2015.08.002,,,0,0
https://openalex.org/w2934169672,https://doi.org/10.1590/0004-282x20190026,,,0,0
https://openalex.org/w2007252519,https://doi.org/10.1016/j.molimm.2006.07.003,,,0,0
https://openalex.org/w1968858741,https://doi.org/10.1097/00005072-199603000-00009,,,0,0
https://openalex.org/w2054774377,https://doi.org/10.1097/01.psy.0000058372.50240.38,,,0,0
https://openalex.org/w2119426911,https://doi.org/10.1016/j.jneuroim.2010.01.017,,,0,0
https://openalex.org/w2343460051,https://doi.org/10.1159/000445841,,,0,0
https://openalex.org/w2122827161,https://doi.org/10.1111/1756-185x.12636,,,1,1
https://openalex.org/w2002210913,https://doi.org/10.1007/s00417-005-0005-8,,,0,0
https://openalex.org/w1969226594,https://doi.org/10.1007/s10620-006-9510-9,,,0,0
https://openalex.org/w4292497352,https://doi.org/10.1111/ajd.12174,,,0,0
https://openalex.org/w2152635196,https://doi.org/10.1016/s0272-5231(03)00125-4,,,0,0
https://openalex.org/w2069860398,https://doi.org/10.1016/j.coph.2003.10.009,,,0,0
https://openalex.org/w2042194063,https://doi.org/10.1615/critrevimmunol.2013005868,,,0,0
https://openalex.org/w1968520935,https://doi.org/10.1002/hon.809,,,0,0
https://openalex.org/w1979098269,https://doi.org/10.1371/journal.pone.0115474,,,0,0
https://openalex.org/w2731035140,https://doi.org/10.1074/jbc.r116.774745,,,0,0
https://openalex.org/w2101460866,https://doi.org/10.1177/107602960601200118,,,0,0
https://openalex.org/w2001478555,https://doi.org/10.1038/sj.bmt.1704332,,,0,0
https://openalex.org/w1918667418,https://doi.org/10.5070/d30f26q4rm,,022-162-498-811-96X,0,0
https://openalex.org/w2744351299,https://doi.org/10.1016/j.cyto.2015.08.129,,,0,0
https://openalex.org/w2164766496,https://doi.org/10.1016/j.jcv.2008.12.019,,,0,0
https://openalex.org/w2047516372,https://doi.org/10.1053/berh.2001.0193,,,0,0
https://openalex.org/w2150919925,https://doi.org/10.1177/0961203313504479,,,0,0
https://openalex.org/w1507959742,https://doi.org/10.4049/jimmunol.175.3.2000,,,0,0
https://openalex.org/w1988413772,https://doi.org/10.1136/bjo.2006.101550,,,0,0
https://openalex.org/w1993185482,https://doi.org/10.1007/s11901-010-0081-z,,,0,0
https://openalex.org/w1991025183,https://doi.org/10.1002/hep.23204,,,0,0
https://openalex.org/w2049036928,https://doi.org/10.1159/000198167,,,0,0
https://openalex.org/w1970600886,https://doi.org/10.1016/j.ctrv.2009.09.001,,,0,0
https://openalex.org/w2911055638,https://doi.org/10.1136/annrheumdis-2018-eular.3107,,,0,0
https://openalex.org/w2099999639,https://doi.org/10.1080/08916930701510657,,,0,0
https://openalex.org/w2028249590,https://doi.org/10.1517/17425247.2010.498474,,,0,0
https://openalex.org/w1892308142,https://doi.org/10.1038/nrrheum.2012.156,,,0,0
https://openalex.org/w2093097715,https://doi.org/10.3899/jrheum.090790,,,0,0
https://openalex.org/w2022623772,https://doi.org/10.1053/ajkd.1998.v31.pm9506691,,,0,0
https://openalex.org/w2089476614,https://doi.org/10.1001/archinte.165.19.2206,,,0,0
https://openalex.org/w2460861373,,,,0,0
https://openalex.org/w2063149630,https://doi.org/10.2478/v10039-010-0009-4,,,0,0
https://openalex.org/w2016447788,https://doi.org/10.1038/gene.2009.20,,,1,1
https://openalex.org/w2016758677,https://doi.org/10.1016/j.trsl.2011.01.006,,,0,0
https://openalex.org/w2073710417,https://doi.org/10.1590/s0004-282x2012001000009,,,0,0
https://openalex.org/w1990707361,https://doi.org/10.1097/bor.0b013e3283521c64,,,0,0
https://openalex.org/w2048109849,https://doi.org/10.1097/bor.0b013e328363ea8b,,,0,0
https://openalex.org/w2081887951,https://doi.org/10.1136/ard.2010.148965.18,,,0,0
https://openalex.org/w2767718374,https://doi.org/10.1007/s00011-017-1106-7,,,0,0
https://openalex.org/w2159383857,https://doi.org/10.1192/apt.bp.107.004804,,,0,0
https://openalex.org/w1965869838,https://doi.org/10.1016/j.cytogfr.2011.02.001,,,0,0
https://openalex.org/w4313360006,https://doi.org/10.4049/jimmunol.198.supp.207.22,,,0,0
https://openalex.org/w2799397443,https://doi.org/10.1093/rheumatology/key075.550,,,0,0
https://openalex.org/w1242942057,,,,0,0
https://openalex.org/w2061834084,https://doi.org/10.1016/j.clindermatol.2010.03.004,,,0,0
https://openalex.org/w2944446177,https://doi.org/10.1186/s12969-018-0265-6,,,0,0
https://openalex.org/w2052604276,https://doi.org/10.1016/s0248-8663(05)82417-8,,,0,0
https://openalex.org/w2036017020,https://doi.org/10.1155/2012/146797,,,0,0
https://openalex.org/w2521081918,https://doi.org/10.1016/s0168-8278(16)00194-x,,,0,0
https://openalex.org/w2945015139,https://doi.org/10.1007/s10238-019-00561-y,,,0,0
https://openalex.org/w1996793879,https://doi.org/10.4103/0378-6323.55425,,,0,0
https://openalex.org/w2803180988,https://doi.org/10.1172/jci.insight.98204,,,0,0
https://openalex.org/w2019842770,https://doi.org/10.1002/art.22476,,,0,0
https://openalex.org/w2325395804,https://doi.org/10.7727/wimj.2013.337,,,0,0
https://openalex.org/w2156314883,https://doi.org/10.1186/1479-5876-3-24,,,0,0
https://openalex.org/w4211228039,https://doi.org/10.1146/annurev-immunol-020711-074953,,,0,0
https://openalex.org/w2159560982,https://doi.org/10.2174/1874312901105010115,,,0,0
https://openalex.org/w2096414904,https://doi.org/10.1136/ard.2007.077974,,,1,1
https://openalex.org/w2290434740,,,,0,0
https://openalex.org/w1980452914,https://doi.org/10.3748/wjg.v21.i13.3801,,,0,0
https://openalex.org/w2037026377,https://doi.org/10.1053/beha.1999.0069,,,0,0
https://openalex.org/w2072127157,https://doi.org/10.1371/journal.pone.0067003,,,1,1
https://openalex.org/w1975050318,https://doi.org/10.1111/j.1399-0012.2008.00942.x,,,0,0
https://openalex.org/w2179723845,https://doi.org/10.1016/j.cyto.2015.10.015,,,0,0
https://openalex.org/w1987990308,https://doi.org/10.1016/j.pharmthera.2006.03.005,,,0,0
https://openalex.org/w2413756518,https://doi.org/10.1056/nejm198911303212217,,,0,0
https://openalex.org/w2171946670,https://doi.org/10.1086/513443,,,0,0
https://openalex.org/w2058713855,https://doi.org/10.1159/000163881,,,0,0
https://openalex.org/w25256083,,,,0,0
https://openalex.org/w2117056389,https://doi.org/10.1111/j.1742-4658.2007.06013.x,,,0,0
https://openalex.org/w2011785911,https://doi.org/10.1177/0961203309360539,,,0,0
https://openalex.org/w1820932898,https://doi.org/10.1002/art.37968,,,0,0
https://openalex.org/w2138528900,https://doi.org/10.1111/j.1365-2133.2008.08508.x,,,0,0
https://openalex.org/w2610347748,https://doi.org/10.1111/liv.13465,,,0,0
https://openalex.org/w1971888253,https://doi.org/10.1186/1471-2407-9-262,,,0,0
https://openalex.org/w2417861829,,,,0,0
https://openalex.org/w2150562861,https://doi.org/10.1002/mus.10402,,,0,0
https://openalex.org/w2068847686,https://doi.org/10.1016/0738-081x(94)90289-5,,,0,0
https://openalex.org/w4235699685,https://doi.org/10.1016/j.jaad.2019.06.529,,,0,0
https://openalex.org/w2903019858,https://doi.org/10.3389/fped.2018.00377,,,0,0
https://openalex.org/w2027534444,https://doi.org/10.1016/s0140-6736(13)60467-5,,,0,0
https://openalex.org/w2090186804,https://doi.org/10.3389/fimmu.2013.00473,,,0,0
https://openalex.org/w2010128576,https://doi.org/10.1016/s0165-5728(98)00052-6,,,0,0
https://openalex.org/w2059750217,https://doi.org/10.1055/s-2007-1019128,,,0,0
https://openalex.org/w982767924,https://doi.org/10.1007/s11904-015-0274-8,,,0,0
https://openalex.org/w2418808710,https://doi.org/10.1016/s0272-2712(18)30683-8,,,0,0
https://openalex.org/w2001916204,https://doi.org/10.1016/j.exger.2006.10.010,,,0,0
https://openalex.org/w2772648586,https://doi.org/10.1016/j.jceh.2017.11.012,,,0,0
https://openalex.org/w1971845675,https://doi.org/10.1517/14656560902781907,,,0,0
https://openalex.org/w2039440489,https://doi.org/10.1007/bf02938407,,,0,0
https://openalex.org/w1982172577,https://doi.org/10.1186/1471-2377-10-88,,,0,0
https://openalex.org/w2007459512,https://doi.org/10.1111/j.1398-9995.2008.01723.x,,,0,0
https://openalex.org/w2409734102,https://doi.org/10.1136/annrheumdis-2015-eular.1759,,,0,0
https://openalex.org/w1996021181,https://doi.org/10.1097/00131402-200403000-00002,,,0,0
https://openalex.org/w2996312205,,,,0,0
https://openalex.org/w2953383997,https://doi.org/10.1136/annrheumdis-2019-eular.8436,,,0,0
https://openalex.org/w2924420961,https://doi.org/10.3389/fimmu.2019.00502,,,0,0
https://openalex.org/w97182998,,,,0,0
https://openalex.org/w2002823890,https://doi.org/10.1177/0961203313499417,,,0,0
https://openalex.org/w2509757654,https://doi.org/10.1016/j.jid.2016.06.028,,,0,0
https://openalex.org/w2071451604,https://doi.org/10.1517/14656566.7.9.1163,,,0,0
https://openalex.org/w2317157154,https://doi.org/10.1136/annrheumdis-2013-eular.2432,,,0,0
https://openalex.org/w2551404503,https://doi.org/10.1038/nrrheum.2016.186,,,0,0
https://openalex.org/w4206304914,https://doi.org/10.1038/bmt.2009.379,,,0,0
https://openalex.org/w2166106969,https://doi.org/10.1016/j.cct.2015.05.017,,,0,0
https://openalex.org/w2081359879,https://doi.org/10.1055/s-2008-1065352,,,0,0
https://openalex.org/w2114606262,https://doi.org/10.1136/jnnp.2008.168294,,,0,0
https://openalex.org/w2060098852,https://doi.org/10.1159/000227386,,,0,0
https://openalex.org/w2091069461,https://doi.org/10.1097/00004397-200604620-00013,,,0,0
https://openalex.org/w2145040563,https://doi.org/10.1042/cs20130367,,,0,0
https://openalex.org/w39918184,,,,0,0
https://openalex.org/w2067477281,https://doi.org/10.1016/j.autrev.2010.07.005,,,0,0
https://openalex.org/w2552591446,https://doi.org/10.2174/1874312901610010129,,,0,0
https://openalex.org/w2115147600,https://doi.org/10.1177/0961203315584811,,,1,1
https://openalex.org/w1156067543,https://doi.org/10.1371/journal.pone.0128262,,,1,1
https://openalex.org/w2171954745,https://doi.org/10.1146/annurev-med-060911-090007,,,0,0
https://openalex.org/w2018791147,https://doi.org/10.1177/0961203311409963,,,1,1
https://openalex.org/w2004943888,https://doi.org/10.1007/s11739-013-1036-5,,,0,0
https://openalex.org/w2204433404,https://doi.org/10.1016/j.bjid.2015.10.004,,,0,0
https://openalex.org/w2796690375,https://doi.org/10.1089/jir.2017.0127,,,0,1
https://openalex.org/w1985477675,https://doi.org/10.1038/nri1957,,,0,0
https://openalex.org/w2409178111,,,,0,0
https://openalex.org/w2144586140,https://doi.org/10.1186/ar3114,,,0,0
https://openalex.org/w2728942414,https://doi.org/10.4103/sjg.sjg_541_16,,,0,0
https://openalex.org/w2405422196,https://doi.org/10.1136/annrheumdis-2016-209436,,,0,0
https://openalex.org/w2061801470,https://doi.org/10.1136/ard.2011.151209.4,,,0,0
https://openalex.org/w2104330592,https://doi.org/10.1517/14728214.12.4.605,,,0,0
https://openalex.org/w2008924465,https://doi.org/10.1002/1529-0131(200007)43:7<1431::aid-anr3>3.0.co;2-e,,,0,0
https://openalex.org/w2901784954,https://doi.org/10.1016/j.clim.2018.11.011,,,1,1
https://openalex.org/w2012492220,https://doi.org/10.1177/0961203308089410,,,0,0
https://openalex.org/w2019592068,https://doi.org/10.1159/000323884,,,0,0
https://openalex.org/w2143653665,https://doi.org/10.1517/14656566.2013.797408,,,0,0
https://openalex.org/w2016414929,https://doi.org/10.1016/j.ccr.2009.09.012,,,0,0
https://openalex.org/w2521265139,https://doi.org/10.1016/j.autrev.2016.09.019,,,0,0
https://openalex.org/w2032076778,https://doi.org/10.1007/s10067-007-0789-5,,,0,0
https://openalex.org/w2068012094,https://doi.org/10.1016/j.cgh.2010.07.022,,,0,0
https://openalex.org/w2790466592,https://doi.org/10.1038/nrrheum.2018.31,,,0,0
https://openalex.org/w1978881813,https://doi.org/10.1002/jbmr.148,,,0,0
https://openalex.org/w1998059646,https://doi.org/10.1371/journal.pone.0015080,,,0,0
https://openalex.org/w2595963502,https://doi.org/10.1016/j.jaut.2017.03.008,,,0,0
https://openalex.org/w2095415110,https://doi.org/10.1007/bf02983820,,,0,0
https://openalex.org/w2201454580,https://doi.org/10.1586/17512433.2016.1136561,,,0,0
https://openalex.org/w1999046328,https://doi.org/10.1007/bf00301770,,,0,0
https://openalex.org/w2911088925,https://doi.org/10.1136/annrheumdis-2018-eular.6294,,,0,0
https://openalex.org/w2740157005,https://doi.org/10.1038/ajg.2017.49,,,0,0
https://openalex.org/w2022081700,https://doi.org/10.1016/s0893-133x(00)00168-8,,,0,0
https://openalex.org/w2119115064,https://doi.org/10.1186/ar4407,,,0,0
https://openalex.org/w2036172490,https://doi.org/10.1155/2014/949317,,,0,0
https://openalex.org/w2173662187,https://doi.org/10.1016/j.autrev.2015.11.005,,,0,0
https://openalex.org/w2078397784,https://doi.org/10.1016/j.ejcsup.2013.07.016,,086-952-541-734-751,0,0
https://openalex.org/w2081888299,https://doi.org/10.1016/j.joca.2013.10.016,,,0,0
https://openalex.org/w2318033019,https://doi.org/10.1136/jim-2016-000120.135,,,0,0
https://openalex.org/w2611819216,https://doi.org/10.1136/lupus-2017-000215.233,,,0,0
https://openalex.org/w2141077451,https://doi.org/10.1146/annurev.immunol.22.012703.104622,,,0,0
https://openalex.org/w2170726975,https://doi.org/10.1136/bjo.87.4.423,,,0,0
https://openalex.org/w1989850426,https://doi.org/10.1586/14737140.3.4.443,,,0,0
https://openalex.org/w2002792066,https://doi.org/10.1186/1546-0096-12-s1-p306,,,0,0
https://openalex.org/w1984517653,https://doi.org/10.1007/s00431-006-0220-2,,,0,0
https://openalex.org/w2040950036,https://doi.org/10.1016/j.imlet.2014.04.005,,,0,0
https://openalex.org/w1976546496,https://doi.org/10.1016/s0016-5085(03)00701-7,,,0,0
https://openalex.org/w1977782666,https://doi.org/10.1081/cnv-200027141,,,0,0
https://openalex.org/w2123898358,https://doi.org/10.4049/jimmunol.1002821,,,0,0
https://openalex.org/w1994126100,https://doi.org/10.1097/icu.0b013e32834bbe91,,,0,0
https://openalex.org/w2097623374,https://doi.org/10.2353/ajpath.2007.061167,,,0,0
https://openalex.org/w2084640082,https://doi.org/10.2217/fvl.10.64,,,0,0
https://openalex.org/w2006157353,https://doi.org/10.3923/jms.2006.257.261,,,0,0
https://openalex.org/w2001593633,https://doi.org/10.1016/j.cytogfr.2014.07.013,,,0,0
https://openalex.org/w162553494,,,,0,0
https://openalex.org/w2002819116,https://doi.org/10.1111/j.1365-2362.1993.tb00735.x,,,0,0
https://openalex.org/w1863278757,https://doi.org/10.5858/2006-130-1151-cmotmd,,,0,0
https://openalex.org/w2327126102,https://doi.org/10.1136/annrheumdis-2012-eular.2949,,,0,0
https://openalex.org/w2481876065,https://doi.org/10.1007/s11910-018-0843-5,,,0,0
https://openalex.org/w2625286783,https://doi.org/10.1007/s00401-017-1731-9,,,0,1
https://openalex.org/w2070890108,https://doi.org/10.1038/nrrheum.2014.109,,,0,0
https://openalex.org/w1977706578,https://doi.org/10.1111/j.1365-2036.1995.tb00355.x,,,0,0
https://openalex.org/w2047821780,https://doi.org/10.1016/j.cytogfr.2013.03.006,,,0,0
https://openalex.org/w2413384356,,,,0,0
https://openalex.org/w2756271222,https://doi.org/10.1136/annrheumdis-2017-eular.4471,,,0,0
https://openalex.org/w2005355921,https://doi.org/10.1002/art.1780261121,,,0,0
https://openalex.org/w1976729182,https://doi.org/10.1111/j.1365-2249.2005.02808.x,,,0,0
https://openalex.org/w1976972162,https://doi.org/10.1111/petr.12074,,,0,0
https://openalex.org/w2061974718,https://doi.org/10.1371/journal.pone.0012646,,,0,0
https://openalex.org/w2919784661,https://doi.org/10.1155/2019/6217548,,,0,0
https://openalex.org/w2081543974,https://doi.org/10.1136/ard.2007.078014,,,0,0
https://openalex.org/w2072293006,https://doi.org/10.1016/j.jneuroim.2008.07.019,,,0,0
https://openalex.org/w2085048557,https://doi.org/10.1002/cncr.20004,,,0,0
https://openalex.org/w2972080452,https://doi.org/10.1111/cen.14090,,,0,0
https://openalex.org/w1975363277,https://doi.org/10.1038/nm0411-400a,,,0,0
https://openalex.org/w2146853551,https://doi.org/10.1136/annrheumdis-2014-206016,,,1,1
https://openalex.org/w1653203863,https://doi.org/10.1016/j.jaut.2015.07.015,,,0,0
https://openalex.org/w1961628794,https://doi.org/10.4049/jimmunol.172.10.6476,,,0,0
https://openalex.org/w2090240176,https://doi.org/10.1016/j.autrev.2012.08.012,,,0,0
https://openalex.org/w2329447994,https://doi.org/10.4149/301_151015n533,,,0,0
https://openalex.org/w2913564803,https://doi.org/10.1016/j.autrev.2018.11.004,,,1,1
https://openalex.org/w2219465733,https://doi.org/10.1007/s40291-015-0181-0,,,0,0
https://openalex.org/w2062279921,https://doi.org/10.1038/icb.2012.82,,,0,0
https://openalex.org/w2128615091,https://doi.org/10.1111/j.1365-2893.2005.00694.x,,,0,0
https://openalex.org/w2323989278,https://doi.org/10.1097/iio.0000000000000097,,,0,0
https://openalex.org/w48306068,,,,0,0
https://openalex.org/w2090585652,https://doi.org/10.1007/bf00873233,,,0,0
https://openalex.org/w1945306171,https://doi.org/10.1016/0016-5085(93)90862-7,,,0,0
https://openalex.org/w1990143708,https://doi.org/10.1006/clim.2000.4866,,,0,0
https://openalex.org/w2325656439,https://doi.org/10.1016/j.cyto.2012.06.161,,,0,0
https://openalex.org/w2083272188,https://doi.org/10.1016/j.jaut.2009.11.012,,,0,0
https://openalex.org/w2165675339,https://doi.org/10.3324/haematol.2009.015180,,,0,0
https://openalex.org/w2754966729,https://doi.org/10.1136/annrheumdis-2017-eular.6015,,,0,0
https://openalex.org/w3193096839,https://doi.org/10.1007/s11910-003-0023-z,,,0,0
https://openalex.org/w2333978126,https://doi.org/10.1517/14712598.2016.1171840,,,0,0
https://openalex.org/w2766830060,https://doi.org/10.1016/j.berh.2017.10.003,,,0,0
https://openalex.org/w2605729236,https://doi.org/10.1016/j.ad.2016.12.022,,,0,0
https://openalex.org/w2091341212,https://doi.org/10.1111/j.1365-2893.2005.00554.x,,,0,0
https://openalex.org/w2044784043,https://doi.org/10.1182/blood-2009-10-248518,,,0,0
https://openalex.org/w1995576889,https://doi.org/10.1163/156856204774196117,,,0,0
https://openalex.org/w2900106842,https://doi.org/10.3390/ijms19113548,,,0,0
https://openalex.org/w2009626768,https://doi.org/10.1016/j.clim.2010.03.346,,,0,0
https://openalex.org/w1999048700,https://doi.org/10.1016/0192-0561(90)90009-c,,,0,0
https://openalex.org/w92696399,,,,0,0
https://openalex.org/w2912113125,https://doi.org/10.1007/s11739-019-02035-1,,,0,0
https://openalex.org/w2100088477,https://doi.org/10.1093/rheumatology/keh532,,,0,0
https://openalex.org/w2031697084,https://doi.org/10.1016/j.ygeno.2014.11.004,,,1,1
https://openalex.org/w1967014670,https://doi.org/10.1038/nrneph.2011.197,,,0,0
https://openalex.org/w2024270750,https://doi.org/10.1016/j.clinthera.2007.01.009,,,0,0
https://openalex.org/w2007711350,https://doi.org/10.2165/00063030-200115010-00003,,,0,0
https://openalex.org/w1994094364,https://doi.org/10.1038/nm1590,,,0,0
https://openalex.org/w2084417858,https://doi.org/10.3310/hta8390,,,0,0
https://openalex.org/w2898442211,https://doi.org/10.1016/j.it.2018.09.005,,,0,0
https://openalex.org/w2134298369,https://doi.org/10.1016/j.ejpn.2007.11.010,,,0,0
https://openalex.org/w1996836951,https://doi.org/10.5812/hepatmon.24804,,,0,0
https://openalex.org/w2419195259,,,,0,0
https://openalex.org/w2294601280,https://doi.org/10.1111/ddg.12777,,,0,0
https://openalex.org/w1992905909,https://doi.org/10.1097/cji.0b013e3181e032e8,,,0,0
https://openalex.org/w2099200878,https://doi.org/10.1001/archophthalmol.2011.3,,,0,0
https://openalex.org/w2099447582,https://doi.org/10.1093/rheumatology/kei244,,,1,1
https://openalex.org/w2043737129,https://doi.org/10.1212/01.wnl.0000192258.32408.54,,,0,0
https://openalex.org/w175055053,,,,0,1
https://openalex.org/w1594574415,https://doi.org/10.4049/jimmunol.1402793,,,0,0
https://openalex.org/w1967591677,https://doi.org/10.1097/00002281-200311000-00001,,,0,0
https://openalex.org/w2023898760,https://doi.org/10.1111/j.1346-8138.2004.tb00575.x,,,0,0
https://openalex.org/w2953401737,https://doi.org/10.7717/peerj.7179,,,0,0
https://openalex.org/w2277283903,,,,0,0
https://openalex.org/w2915519758,https://doi.org/10.1177/1352458517731285,,,0,0
https://openalex.org/w2414188498,https://doi.org/10.1016/s0733-8635(18)30272-9,,,0,0
https://openalex.org/w2020047017,https://doi.org/10.4088/jcp.09m05282blu,,,0,0
https://openalex.org/w2092957350,https://doi.org/10.1002/art.30083,,,0,0
https://openalex.org/w2136672090,https://doi.org/10.1634/theoncologist.2009-0090,,,0,0
https://openalex.org/w2944570735,https://doi.org/10.2147/dddt.s170969,,,0,0
https://openalex.org/w2017749254,https://doi.org/10.1111/j.1651-2227.1985.tb10953.x,,,0,0
https://openalex.org/w1437566490,,,,0,0
https://openalex.org/w2040686259,https://doi.org/10.1136/ard.60.4.385,,,0,0
https://openalex.org/w2567378625,https://doi.org/10.1007/5584_2016_187,,,0,0
https://openalex.org/w2105705325,https://doi.org/10.1016/j.coi.2007.10.003,,,0,0
https://openalex.org/w2755104529,https://doi.org/10.1136/annrheumdis-2017-eular.4820,,,0,0
https://openalex.org/w1975059438,https://doi.org/10.1007/s00415-011-6240-5,,,0,0
https://openalex.org/w2326391138,https://doi.org/10.1111/1756-185x.12865,,,0,0
https://openalex.org/w2165542457,https://doi.org/10.1016/j.semarthrit.2003.10.001,,,0,0
https://openalex.org/w2060351820,https://doi.org/10.1016/j.immuni.2010.03.012,,,0,0
https://openalex.org/w2416657747,,,,0,0
https://openalex.org/w2019740286,https://doi.org/10.1093/rheumatology/31.10.683,,,0,0
https://openalex.org/w46145093,https://doi.org/10.1007/978-3-540-71329-6_17,,,0,0
https://openalex.org/w2009796217,https://doi.org/10.1007/s11926-013-0369-4,,,0,0
https://openalex.org/w2896112812,https://doi.org/10.1093/brain/awy255,,013-750-534-418-386,0,0
https://openalex.org/w2159975218,,,,0,0
https://openalex.org/w1975029412,https://doi.org/10.1016/s0889-8588(03)00106-0,,,0,0
https://openalex.org/w2766476830,https://doi.org/10.1016/j.autrev.2017.11.009,,,0,0
https://openalex.org/w1850580255,https://doi.org/10.1172/jci81059,,,0,0
https://openalex.org/w1852479680,https://doi.org/10.4049/jimmunol.1401068,,,0,0
https://openalex.org/w2414735758,https://doi.org/10.1136/annrheumdis-2015-eular.1567,,,0,0
https://openalex.org/w2076831973,https://doi.org/10.1038/gene.2014.57,,,0,0
https://openalex.org/w2050400299,https://doi.org/10.1007/bf00184723,,,0,0
https://openalex.org/w2032816693,https://doi.org/10.1097/nan.0b013e318288a2e7,,,0,0
https://openalex.org/w2334093980,https://doi.org/10.1158/1538-7445.am2012-sy32-01,,,0,0
https://openalex.org/w2285603936,https://doi.org/10.3109/10428194.2016.1144882,,,0,0
https://openalex.org/w1980705501,https://doi.org/10.1111/cei.12115,,,0,0
https://openalex.org/w2044644410,https://doi.org/10.1038/ncpneph0762,,,0,0
https://openalex.org/w2313009817,https://doi.org/10.1136/annrheumdis-2014-eular.5505,,,0,0
https://openalex.org/w2346087737,,,,0,0
https://openalex.org/w2604513810,https://doi.org/10.1097/aog.0000000000001972,,,0,0
https://openalex.org/w2036640414,https://doi.org/10.1111/j.1365-2567.2007.02582.x,,,0,0
https://openalex.org/w4243283762,https://doi.org/10.1046/j.1365-2141.1998.1038.x,,,0,0
https://openalex.org/w2807108729,https://doi.org/10.1093/intimm/dxy032,,,0,0
https://openalex.org/w2910824478,https://doi.org/10.1136/annrheumdis-2018-eular.5725,,,0,0
https://openalex.org/w2035762477,https://doi.org/10.1038/sj.bmt.1700928,,,0,0
https://openalex.org/w2066099140,https://doi.org/10.1111/j.1365-2141.2005.05400.x,,,0,0
https://openalex.org/w2414651307,https://doi.org/10.1016/j.jaci.2016.04.007,,,0,0
https://openalex.org/w2027744251,https://doi.org/10.1111/j.1365-2133.2006.07348.x,,,0,0
https://openalex.org/w2187091998,,,,0,0
https://openalex.org/w2501805302,https://doi.org/10.1016/j.jaut.2016.07.006,,,0,0
https://openalex.org/w2110758011,https://doi.org/10.1016/0168-8278(95)80110-3,,,0,0
https://openalex.org/w2779326947,https://doi.org/10.1161/circulationaha.117.030423,,,0,0
https://openalex.org/w2025815762,https://doi.org/10.1159/000325220,,,0,0
https://openalex.org/w1516777437,https://doi.org/10.1179/1973947813y.0000000102,,,0,0
https://openalex.org/w1947639960,https://doi.org/10.1111/hepr.12115,,,0,0
https://openalex.org/w2914339882,https://doi.org/10.3899/jrheum.190119,,,0,0
https://openalex.org/w2536186400,https://doi.org/10.1038/cdd.2016.115,,,0,0
https://openalex.org/w40570176,,,,0,0
https://openalex.org/w2623375895,https://doi.org/10.1038/ncomms15556,,,0,0
https://openalex.org/w2005990095,https://doi.org/10.1016/j.dld.2007.11.029,,,0,0
https://openalex.org/w2906830053,https://doi.org/10.5114/reum.2018.80711,,,0,0
https://openalex.org/w2116381457,https://doi.org/10.1158/0008-5472.can-04-4555,,,0,0
https://openalex.org/w1565821852,https://doi.org/10.1111/j.1600-0404.2010.01346.x,,,0,0
https://openalex.org/w2080037893,https://doi.org/10.3892/mmr.2014.2208,,,0,0
https://openalex.org/w2952265289,https://doi.org/10.1136/annrheumdis-2019-eular.2965,,,0,0
https://openalex.org/w4241907919,https://doi.org/10.1111/j.1756-185x.2012.01776.x,,,0,0
https://openalex.org/w4237538693,https://doi.org/10.3109/09546639409084564,,,0,0
https://openalex.org/w2807988321,https://doi.org/10.1136/lupus-2018-000276,,,0,0
https://openalex.org/w2410871357,,,,0,0
https://openalex.org/w1974132536,https://doi.org/10.1046/j.0307-6938.2001.00942.x,,,0,0
https://openalex.org/w2082863303,https://doi.org/10.1006/cyto.1999.0512,,,0,0
https://openalex.org/w1592269439,https://doi.org/10.1186/ar129,,,0,0
https://openalex.org/w1941455602,https://doi.org/10.4049/jimmunol.0903944,,,0,0
https://openalex.org/w2939501488,https://doi.org/10.1136/lupus-2019-lsm.280,,,0,0
https://openalex.org/w2524922435,https://doi.org/10.1016/j.jdermsci.2016.08.025,,,0,0
https://openalex.org/w2413536129,https://doi.org/10.1002/art.38858,,,0,0
https://openalex.org/w2050564444,https://doi.org/10.1186/ar3918,,,0,0
https://openalex.org/w2296597174,https://doi.org/10.1016/j.immuni.2016.02.012,,,0,0
https://openalex.org/w2259201087,,,,1,1
https://openalex.org/w2277589202,https://doi.org/10.1155/2016/5314541,,,0,0
https://openalex.org/w2398746522,https://doi.org/10.1007/s10067-016-3318-6,,,0,0
https://openalex.org/w2768427640,https://doi.org/10.1016/s0168-8278(16)01201-0,,,0,0
https://openalex.org/w2070953824,https://doi.org/10.1038/ni1126,,,0,0
https://openalex.org/w2479574314,https://doi.org/10.1200/jco.2016.34.15_suppl.4571,,,0,0
https://openalex.org/w2019249970,https://doi.org/10.4161/cbt.21354,,,0,0
https://openalex.org/w2907064597,https://doi.org/10.1111/eci.13065,,,0,0
https://openalex.org/w2080186306,https://doi.org/10.1016/j.jns.2007.01.061,,,0,0
https://openalex.org/w2332063205,https://doi.org/10.1097/00004836-200209000-00017,,,0,0
https://openalex.org/w1989800261,https://doi.org/10.1177/1352458512442993,,088-346-642-729-356,0,0
https://openalex.org/w2101711503,https://doi.org/10.1111/j.1399-302x.2005.00245.x,,,0,0
https://openalex.org/w2522777940,https://doi.org/10.1038/nrrheum.2016.147,,,0,0
https://openalex.org/w2010416316,https://doi.org/10.1007/s00262-005-0005-x,,,0,0
https://openalex.org/w2015516436,https://doi.org/10.1097/00004836-200003000-00005,,,0,0
https://openalex.org/w1996896521,https://doi.org/10.1186/1471-230x-13-50,,,0,0
https://openalex.org/w2736438641,https://doi.org/10.1080/17512433.2017.1357466,,,0,0
https://openalex.org/w2111261438,https://doi.org/10.1053/sarh.2001.27717,,,0,0
https://openalex.org/w1974972454,https://doi.org/10.1097/01.prs.0000195079.03742.cf,,,0,0
https://openalex.org/w2105363635,,,,0,0
https://openalex.org/w4249229656,https://doi.org/10.1016/s1521-6942(02)90234-2,,,0,0
https://openalex.org/w2102988949,https://doi.org/10.1186/1741-7007-8-84,,,0,0
https://openalex.org/w2123249089,https://doi.org/10.1532/ijh97.06088,,,0,0
https://openalex.org/w2611162199,https://doi.org/10.1016/j.clim.2017.05.001,,,0,0
https://openalex.org/w1992756775,https://doi.org/10.1002/1097-0142(19930901)72:5<1733::aid-cncr2820720537>3.0.co;2-x,,,0,0
https://openalex.org/w2525019996,https://doi.org/10.1182/blood-2016-05-719757,,,0,0
https://openalex.org/w2067066951,https://doi.org/10.1002/jmv.21232,,,0,0
https://openalex.org/w2003942460,https://doi.org/10.1016/j.nmd.2011.06.1051,,,0,0
https://openalex.org/w2142566028,https://doi.org/10.1189/jlb.1005611,,,0,0
https://openalex.org/w4242853577,https://doi.org/10.1016/j.blre.2006.12.002,,,0,0
https://openalex.org/w1974525721,https://doi.org/10.1006/gyno.1998.5204,,,0,0
https://openalex.org/w2046038747,https://doi.org/10.1007/s12038-012-9192-8,,,0,0
https://openalex.org/w2161511682,https://doi.org/10.1084/jem.20070763,,,0,0
https://openalex.org/w1572395890,https://doi.org/10.4049/jimmunol.1401541,,,0,0
https://openalex.org/w2511960824,https://doi.org/10.3892/mmr.2016.5703,,,0,1
https://openalex.org/w2056306025,https://doi.org/10.2217/17460816.3.3.269,,,0,0
https://openalex.org/w2129228321,https://doi.org/10.1111/j.1600-0560.2007.00900.x,,,0,0
https://openalex.org/w2134582021,https://doi.org/10.1016/j.ejca.2014.06.003,,,0,0
https://openalex.org/w2012505802,https://doi.org/10.1016/j.cyto.2011.07.071,,,0,0
https://openalex.org/w1997865217,https://doi.org/10.1136/annrheumdis-2011-201230.6,,,0,0
https://openalex.org/w2945954186,https://doi.org/10.37757/mr2018.v20.n1.4,,,0,0
https://openalex.org/w1726911736,https://doi.org/10.1080/030097400447525,,,0,0
https://openalex.org/w2007096106,https://doi.org/10.3109/03009748809102968,,,0,0
https://openalex.org/w2097432435,https://doi.org/10.1186/ar4193,,,0,0
https://openalex.org/w1969159053,https://doi.org/10.1177/0961203314523871,,,0,0
https://openalex.org/w2094747998,https://doi.org/10.1016/s0952-7915(00)00167-9,,,0,0
https://openalex.org/w2300528890,,,,0,0
https://openalex.org/w2894650004,https://doi.org/10.1016/j.bbadis.2018.10.007,,,0,0
https://openalex.org/w2041151551,https://doi.org/10.1097/01.all.0000136757.58818.10,,,0,0
https://openalex.org/w2805529518,https://doi.org/10.1186/s12929-018-0436-2,,,0,0
https://openalex.org/w2057741717,https://doi.org/10.1038/nrrheum.2011.46,,,0,0
https://openalex.org/w1972476406,https://doi.org/10.1080/10428190601137336,,,0,0
https://openalex.org/w2156973470,https://doi.org/10.1186/1546-0096-10-21,,,0,0
https://openalex.org/w2016020118,https://doi.org/10.1136/mp.50.1.9,,,1,1
https://openalex.org/w122537507,https://doi.org/10.1007/978-1-4419-8216-2_6,,,0,0
https://openalex.org/w2011645300,https://doi.org/10.1097/00002281-199701000-00006,,,0,0
https://openalex.org/w4231787534,https://doi.org/10.1038/sj.clpt.2008.289,,,0,0
https://openalex.org/w2051375451,https://doi.org/10.3109/08916938909019954,,,0,0
https://openalex.org/w2805417576,https://doi.org/10.1097/bor.0000000000000524,,,0,0
https://openalex.org/w2080512905,https://doi.org/10.1002/jcp.24020,,,0,0
https://openalex.org/w1809316277,https://doi.org/10.1111/j.1600-0714.2012.01181.x,,,0,0
https://openalex.org/w2087008638,https://doi.org/10.1177/1759720x11415456,,,0,0
https://openalex.org/w1974545869,https://doi.org/10.1002/art.21273,,,0,0
https://openalex.org/w2068490202,https://doi.org/10.1136/jcp.2010.080044,,081-959-183-742-718,0,0
https://openalex.org/w1975054899,https://doi.org/10.1016/j.jns.2004.06.013,,,0,0
https://openalex.org/w2970061921,https://doi.org/10.3390/pharmaceutics11090441,,,0,0
https://openalex.org/w2050671565,https://doi.org/10.1097/bor.0b013e328354c877,,,0,0
https://openalex.org/w1761050310,,,,0,0
https://openalex.org/w2029174947,https://doi.org/10.4161/mabs.22066,,,0,0
https://openalex.org/w2034410189,https://doi.org/10.1016/j.clim.2009.08.014,,,1,1
https://openalex.org/w2313031096,https://doi.org/10.1136/annrheumdis-2012-eular.1741,,,0,0
https://openalex.org/w2396668284,https://doi.org/10.1093/annonc/mdv528.02,,,0,0
https://openalex.org/w2088813853,https://doi.org/10.1016/j.ctrv.2012.12.015,,,0,0
https://openalex.org/w2099116822,https://doi.org/10.1111/jicd.12102,,,0,0
https://openalex.org/w2791943550,https://doi.org/10.1002/art.40422,,,1,1
https://openalex.org/w2078619626,https://doi.org/10.1038/nri3042,,,0,0
https://openalex.org/w2211372197,https://doi.org/10.1126/science.aac7442,,,0,0
https://openalex.org/w2033069081,https://doi.org/10.1186/gb-spotlight-20010712-01,,,0,0
https://openalex.org/w2148260110,https://doi.org/10.1080/07357900701359700,,,0,0
https://openalex.org/w2112937118,https://doi.org/10.1586/erc.12.107,,,0,0
https://openalex.org/w1991376723,https://doi.org/10.1111/j.1600-0609.2008.01102.x,,,0,0
https://openalex.org/w2117159031,https://doi.org/10.1186/ar1015,,,0,0
https://openalex.org/w1967935785,https://doi.org/10.1111/j.1523-1755.2004.00853.x,,,0,0
https://openalex.org/w2905366389,https://doi.org/10.1136/annrheumdis-2018-214651,,044-042-294-272-011,0,1
https://openalex.org/w2017240218,https://doi.org/10.2165/00129784-200404050-00004,,,0,0
https://openalex.org/w2075854621,https://doi.org/10.1007/s11916-013-0381-4,,,0,0
https://openalex.org/w2058999684,https://doi.org/10.1093/rheumatology/kei257,,,0,0
https://openalex.org/w123408607,,,,0,0
https://openalex.org/w2917287484,https://doi.org/10.1136/annrheumdis-2018-ewrr2019.135,,,0,0
https://openalex.org/w1964073082,https://doi.org/10.1186/ar2762,,,0,0
https://openalex.org/w2057980850,https://doi.org/10.1016/j.it.2006.09.002,,,0,0
https://openalex.org/w2142895332,https://doi.org/10.1185/030079907x242593,,,0,0
https://openalex.org/w1991497686,https://doi.org/10.1111/j.1365-2249.1992.tb05836.x,,,0,0
https://openalex.org/w1928010403,https://doi.org/10.1186/ar1888,,,0,0
https://openalex.org/w2123943313,https://doi.org/10.1111/j.1478-3231.2007.01508.x,,,0,0
https://openalex.org/w1521206796,https://doi.org/10.4049/jimmunol.175.9.5809,,,0,0
https://openalex.org/w2567283285,https://doi.org/10.1136/rmdopen-2016-000292,,,1,1
https://openalex.org/w2057107547,https://doi.org/10.1067/mhl.2000.108361,,,0,0
https://openalex.org/w2258951079,https://doi.org/10.1097/01.tp.0000452133.17661.04,,,0,0
https://openalex.org/w2147497518,https://doi.org/10.1038/nm.2625,,,0,0
https://openalex.org/w2139401457,https://doi.org/10.1016/s0898-6568(02)00011-6,,,0,0
https://openalex.org/w4211020512,https://doi.org/10.1016/j.rdc.2005.01.007,,,0,0
https://openalex.org/w2008548657,https://doi.org/10.1182/blood.v98.5.1594,,,0,0
https://openalex.org/w1985414680,https://doi.org/10.1002/jcp.21162,,,0,0
https://openalex.org/w1912641271,https://doi.org/10.1002/art.39211,,,0,0
https://openalex.org/w1985949894,https://doi.org/10.1016/j.it.2015.02.001,,,0,0
https://openalex.org/w2412739694,,,,0,0
https://openalex.org/w2082701683,https://doi.org/10.1111/j.1600-0404.1996.tb00020.x,,,0,0
https://openalex.org/w2083764534,https://doi.org/10.1016/j.smim.2009.05.012,,,0,0
https://openalex.org/w2908889920,https://doi.org/10.3389/fimmu.2018.03085,,,1,1
https://openalex.org/w311979459,,,,0,0
https://openalex.org/w2904406657,https://doi.org/10.1038/s41581-018-0096-1,,,0,0
https://openalex.org/w1978971215,https://doi.org/10.1007/s11926-010-0128-8,,,0,0
https://openalex.org/w2007927623,https://doi.org/10.1016/j.pharmthera.2010.08.007,,,0,0
https://openalex.org/w2320529435,https://doi.org/10.1136/annrheumdis-2012-eular.2503,,,0,0
https://openalex.org/w2155527455,https://doi.org/10.1007/s00281-015-0499-z,,,0,0
https://openalex.org/w1974137477,https://doi.org/10.1111/j.1365-2567.2006.02430.x,,,0,0
https://openalex.org/w2955564837,https://doi.org/10.1007/s12016-019-08744-x,,,0,0
https://openalex.org/w1966530290,https://doi.org/10.1111/jdv.12172,,,0,0
https://openalex.org/w2082632419,https://doi.org/10.1586/eci.10.9,,,0,0
https://openalex.org/w4237618519,https://doi.org/10.1097/00001610-200107000-00007,,,0,0
https://openalex.org/w2335065039,https://doi.org/10.1136/annrheumdis-2013-eular.1902,,,0,0
https://openalex.org/w2002497670,https://doi.org/10.1002/art.38011,,,0,0
https://openalex.org/w1976114049,https://doi.org/10.1111/j.1600-0560.2007.00715.x,,,0,0
https://openalex.org/w2095300430,https://doi.org/10.1007/s11926-000-0024-8,,,0,0
https://openalex.org/w2977005891,https://doi.org/10.1089/vim.2019.0076,,,0,0
https://openalex.org/w2576218998,https://doi.org/10.1016/j.immuni.2016.12.014,,,0,0
https://openalex.org/w2919761312,https://doi.org/10.3390/ijms20051110,,,0,0
https://openalex.org/w2791736428,https://doi.org/10.1093/rheumatology/kex489,,,0,0
https://openalex.org/w2162844262,https://doi.org/10.1016/j.iac.2006.09.002,,,0,0
https://openalex.org/w2065776064,https://doi.org/10.3109/08916934.2012.665525,,,0,0
https://openalex.org/w2066122901,https://doi.org/10.1002/art.1780400923,,,0,0
https://openalex.org/w2588771573,https://doi.org/10.1016/j.phrs.2017.02.006,,,0,0
https://openalex.org/w2605097791,https://doi.org/10.1007/s12020-017-1290-9,,,0,0
https://openalex.org/w1998655969,https://doi.org/10.1016/j.mehy.2013.04.021,,,0,0
https://openalex.org/w1985422565,https://doi.org/10.1016/j.semarthrit.2012.03.008,,,0,0
https://openalex.org/w2759761368,https://doi.org/10.1016/j.alit.2017.09.001,,,0,0
https://openalex.org/w2556359407,https://doi.org/10.1002/art.39962,,,1,1
https://openalex.org/w2061763629,https://doi.org/10.1002/art.1780270517,,,1,1
https://openalex.org/w1999211361,https://doi.org/10.2174/138955708785132756,,,0,0
https://openalex.org/w1966775215,https://doi.org/10.1016/s0973-3698(11)60206-9,,072-264-846-182-890,0,0
https://openalex.org/w2129053095,https://doi.org/10.1634/theoncologist.2008-0097,,,0,0
https://openalex.org/w2041837132,https://doi.org/10.1002/art.1780261206,,,0,0
https://openalex.org/w2294303870,https://doi.org/10.1007/s10238-016-0410-9,,,0,0
https://openalex.org/w2078918995,https://doi.org/10.1016/j.jaut.2008.10.001,,,0,0
https://openalex.org/w1501801302,https://doi.org/10.1111/j.1365-2796.2011.02432.x,,,0,0
https://openalex.org/w2469738564,https://doi.org/10.1177/039139880102401208,,,0,0
https://openalex.org/w2121037269,https://doi.org/10.2174/157488607779315516,,,0,0
https://openalex.org/w2138282259,https://doi.org/10.1016/s1474-4422(13)70258-8,,,0,1
https://openalex.org/w2620672751,https://doi.org/10.1016/j.cyto.2015.08.174,,,0,0
https://openalex.org/w3024975541,,,,0,0
https://openalex.org/w2749184031,https://doi.org/10.3310/hta21680,,,0,0
https://openalex.org/w2110992282,https://doi.org/10.3109/09273948.2011.649153,,,0,0
https://openalex.org/w2615411571,https://doi.org/10.1007/s12016-017-8606-7,,,0,0
https://openalex.org/w2969286027,https://doi.org/10.3389/fimmu.2019.02096,,,1,1
https://openalex.org/w2031964662,https://doi.org/10.1016/s1359-6446(04)03112-5,,,0,0
https://openalex.org/w2020348444,https://doi.org/10.1038/sj.leu.2403217,,,0,0
https://openalex.org/w2610766779,https://doi.org/10.1080/17474124.2017.1326817,,,0,0
https://openalex.org/w2412591220,,,,0,0
https://openalex.org/w2086209183,https://doi.org/10.1111/j.1600-065x.2008.00643.x,,,0,0
https://openalex.org/w2061906627,https://doi.org/10.1111/j.1651-2227.1976.tb04415.x,,010-386-312-715-441,0,0
https://openalex.org/w2753878711,https://doi.org/10.3892/mmr.2017.7432,,,0,0
https://openalex.org/w2056783727,https://doi.org/10.1371/journal.pone.0113351,,,0,0
https://openalex.org/w2035366991,https://doi.org/10.1016/j.berh.2006.05.003,,,0,0
https://openalex.org/w1499124767,https://doi.org/10.1136/ard.2006.061937,,,0,0
https://openalex.org/w2047502767,https://doi.org/10.1136/gut.39.6.836,,,0,0
https://openalex.org/w2758460412,https://doi.org/10.2174/221173850302151116122332,,,0,0
https://openalex.org/w1967417056,https://doi.org/10.1002/1096-8652(200101)66:1<57::aid-ajh1010>3.0.co;2-3,,,0,0
https://openalex.org/w2072437734,https://doi.org/10.1016/j.ddstr.2007.08.006,,,0,0
https://openalex.org/w2031699997,https://doi.org/10.2217/ijr.13.54,,,0,0
https://openalex.org/w1978231377,https://doi.org/10.1186/ar3101,,,0,0
https://openalex.org/w2060917702,https://doi.org/10.1128/jvi.00956-12,,,0,0
https://openalex.org/w1574648593,https://doi.org/10.1517/14656566.2015.1066333,,,0,0
https://openalex.org/w1913969528,https://doi.org/10.1111/cen3.12232,,,0,0
https://openalex.org/w2736053262,https://doi.org/10.2174/187152307781368238,,,0,0
https://openalex.org/w1993751578,https://doi.org/10.1002/art.23268,,,0,1
https://openalex.org/w2125091699,https://doi.org/10.1177/1756285610371251,,,0,0
https://openalex.org/w2338423971,https://doi.org/10.1016/j.ejca.2016.02.024,,,0,0
https://openalex.org/w2161766201,https://doi.org/10.1093/ndt/gft142,,,0,0
https://openalex.org/w2257825089,https://doi.org/10.3389/fimmu.2016.00022,,,0,0
https://openalex.org/w2164865997,https://doi.org/10.1146/annurev.immunol.22.012703.104514,,,0,0
https://openalex.org/w2126179499,https://doi.org/10.2174/138161208784746824,,,0,0
https://openalex.org/w2081279462,https://doi.org/10.1016/j.dnarep.2011.10.007,,,0,0
https://openalex.org/w2080252924,https://doi.org/10.1111/j.1365-2893.1997.tb00172.x,,,0,0
https://openalex.org/w2785330036,https://doi.org/10.1371/journal.pone.0193157,,,0,0
https://openalex.org/w2901049236,https://doi.org/10.1007/s10238-018-0536-z,,,0,0
https://openalex.org/w2336438115,https://doi.org/10.1097/bor.0000000000000197,,,0,0
https://openalex.org/w2471692053,https://doi.org/10.1136/annrheumdis-2016-209345,,,0,0
https://openalex.org/w2770140838,https://doi.org/10.1016/j.jaip.2017.10.010,,,0,0
https://openalex.org/w2041996934,https://doi.org/10.1016/j.ajo.2009.03.009,,,0,0
https://openalex.org/w2028153529,https://doi.org/10.1097/01.mpg.0000226391.02355.1b,,,0,0
https://openalex.org/w1967854693,https://doi.org/10.1007/s00268-010-0456-x,,,0,0
https://openalex.org/w2753055890,https://doi.org/10.1007/s12016-017-8640-5,,,0,0
https://openalex.org/w2971847138,https://doi.org/10.1016/j.jid.2019.07.037,,,0,0
https://openalex.org/w2801469522,https://doi.org/10.5114/ceji.2018.74868,,,0,0
https://openalex.org/w2029039821,https://doi.org/10.1046/j.1526-0968.2003.00090.x,,,0,0
https://openalex.org/w2739788811,https://doi.org/10.1002/ana.25004,,,0,0
https://openalex.org/w2002028148,https://doi.org/10.2741/3041,,,0,0
https://openalex.org/w2002420785,https://doi.org/10.1016/j.semarthrit.2008.01.007,,,0,0
https://openalex.org/w2325665200,https://doi.org/10.2174/157339511797535054,,,0,0
https://openalex.org/w2128211133,https://doi.org/10.1186/1742-4690-8-91,,,0,0
https://openalex.org/w1976463969,https://doi.org/10.1007/s10143-008-0149-1,,,0,0
https://openalex.org/w1596190107,https://doi.org/10.1186/ar1912,,,0,0
https://openalex.org/w1982973017,https://doi.org/10.1016/j.clim.2005.10.016,,,0,0
https://openalex.org/w1984575240,https://doi.org/10.1136/bmj.287.6400.1165,,,0,0
https://openalex.org/w2000369943,https://doi.org/10.1007/s00330-004-2600-1,,,0,0
https://openalex.org/w2952872043,https://doi.org/10.1136/annrheumdis-2019-eular.2540,,,0,0
https://openalex.org/w2087523114,https://doi.org/10.1046/j.1523-1755.2001.059002593.x,,,0,0
https://openalex.org/w2306826082,https://doi.org/10.1136/annrheumdis-2015-eular.6599,,,0,0
https://openalex.org/w2017582144,https://doi.org/10.1007/s00018-012-0989-2,,,0,0
https://openalex.org/w2010522523,https://doi.org/10.1006/jaut.1996.0086,,,0,0
https://openalex.org/w2464774177,https://doi.org/10.1002/j.2326-5205.1989.tb00024.x,,,0,0
https://openalex.org/w2068025507,https://doi.org/10.1002/art.24183,,,0,0
https://openalex.org/w1996579198,https://doi.org/10.1186/1546-0096-11-s2-p331,,,0,0
https://openalex.org/w2056952913,https://doi.org/10.1056/nejmoa1200920,,,0,0
https://openalex.org/w2096032823,https://doi.org/10.2217/17460816.3.4.307,,043-530-369-343-889,0,0
https://openalex.org/w2064888584,https://doi.org/10.1016/j.clml.2013.03.018,,,0,0
https://openalex.org/w2922631857,https://doi.org/10.1136/bmjopen-2018-022826,,,0,0
https://openalex.org/w2032474910,https://doi.org/10.1016/j.jaut.2015.01.004,,,1,1
https://openalex.org/w2118106612,https://doi.org/10.1136/ard.2004.021378,,031-223-191-268-520,0,0
https://openalex.org/w1819342727,https://doi.org/10.1007/s13238-015-0222-9,,,0,0
https://openalex.org/w2147942423,https://doi.org/10.1177/0961203314530793,,,0,0
https://openalex.org/w2068784018,https://doi.org/10.1517/14656566.2013.767333,,,0,0
https://openalex.org/w2089303433,https://doi.org/10.1016/j.jaut.2015.01.009,,,0,0
https://openalex.org/w2435365680,https://doi.org/10.1055/s-0035-1567830,,,0,0
https://openalex.org/w2910380527,https://doi.org/10.1136/annrheumdis-2018-eular.6464,,,0,0
https://openalex.org/w2094910932,https://doi.org/10.1016/j.clim.2005.06.016,,,0,1
https://openalex.org/w1492996609,https://doi.org/10.1002/art.38400,,,1,1
https://openalex.org/w2010417263,https://doi.org/10.1038/nrrheum.2013.14,,,0,0
https://openalex.org/w1503550759,https://doi.org/10.4049/jimmunol.0803872,,,0,0
https://openalex.org/w2088303434,https://doi.org/10.1111/1523-1747.ep12499907,,,0,0
https://openalex.org/w4289618439,https://doi.org/10.1002/art.40700,,,0,0
https://openalex.org/w2971905302,https://doi.org/10.1186/s13075-019-1985-9,,,0,0
https://openalex.org/w2125700164,https://doi.org/10.1046/j.1526-0968.2003.00036.x,,,0,0
https://openalex.org/w2102479842,https://doi.org/10.1155/2014/178721,,,0,0
https://openalex.org/w1994553775,https://doi.org/10.3109/07853899908995902,,,0,0
https://openalex.org/w2159501914,https://doi.org/10.1586/1744666x.2015.997214,,,0,0
https://openalex.org/w2101521751,https://doi.org/10.1258/0022215042244741,,,0,0
https://openalex.org/w1973563124,https://doi.org/10.1055/s-0029-1222610,,,0,0
https://openalex.org/w2046362855,https://doi.org/10.1136/bjo.2008.154476,,,0,0
https://openalex.org/w2092363413,https://doi.org/10.2174/157340408783572079,,,0,0
https://openalex.org/w4235596743,https://doi.org/10.4274/tjo.42.36035,,,0,0
https://openalex.org/w2066116077,https://doi.org/10.1111/j.1749-6632.2009.04480.x,,,0,0
https://openalex.org/w2588548780,https://doi.org/10.1093/ndt/gfv197.34,,,0,0
https://openalex.org/w2016609891,https://doi.org/10.1007/s100670170050,,,0,0
https://openalex.org/w2412063486,,,,0,0
https://openalex.org/w2022237635,https://doi.org/10.1097/md.0000000000000494,,,0,0
https://openalex.org/w2059638323,https://doi.org/10.1002/hep.20839,,,0,0
https://openalex.org/w2071347712,https://doi.org/10.1016/s0168-8278(96)80085-7,,,0,0
https://openalex.org/w2411218169,,,,0,0
https://openalex.org/w1972772893,https://doi.org/10.1016/j.jaut.2010.06.003,,,0,0
https://openalex.org/w2106948642,https://doi.org/10.1093/rheumatology/36.2.170,,,0,0
https://openalex.org/w9173112,,,,0,0
https://openalex.org/w2096970977,https://doi.org/10.1093/rheumatology/39.8.817,,,0,0
https://openalex.org/w2910863770,https://doi.org/10.1136/annrheumdis-2018-eular.6514,,,0,0
https://openalex.org/w2040424200,https://doi.org/10.1002/ijc.21402,,,0,0
https://openalex.org/w2783539741,https://doi.org/10.1126/scitranslmed.aar7513,,,0,0
https://openalex.org/w2014087667,https://doi.org/10.1097/icu.0b013e3281107fef,,,0,0
https://openalex.org/w1994622980,https://doi.org/10.3748/wjg.v17.i29.3369,,,0,0
https://openalex.org/w2146571367,https://doi.org/10.1093/jnci/djh028,,,0,0
https://openalex.org/w2048147610,https://doi.org/10.1016/j.phrs.2014.03.001,,,0,0
https://openalex.org/w2098211963,https://doi.org/10.1093/rheumatology/41.10.1126,,,0,0
https://openalex.org/w4250035257,https://doi.org/10.1007/978-3-642-54490-3_1,,,0,0
https://openalex.org/w2415264548,,,,0,0
https://openalex.org/w2034522828,https://doi.org/10.1099/vir.0.82603-0,,,0,0
https://openalex.org/w3190436785,https://doi.org/10.1007/s00280-006-0376-5,,,0,0
https://openalex.org/w2010456191,https://doi.org/10.1007/s11910-996-0020-0,,,0,0
https://openalex.org/w2147947485,https://doi.org/10.2174/187152409787601941,,,0,0
https://openalex.org/w2736416265,https://doi.org/10.1111/j.1346-8138.2012.01624.x,,,0,0
https://openalex.org/w1995283418,https://doi.org/10.1186/ar4262,,,0,0
https://openalex.org/w1857903828,https://doi.org/10.1093/annonc/mdv309,,,0,0
https://openalex.org/w2981328950,https://doi.org/10.1111/1756-185x.13361,,,0,0
https://openalex.org/w1976121639,https://doi.org/10.1007/s00395-011-0191-y,,,0,0
https://openalex.org/w1968456725,https://doi.org/10.1016/j.cyto.2010.02.017,,,0,0
https://openalex.org/w2338592803,https://doi.org/10.1007/s00109-016-1421-4,,,0,0
https://openalex.org/w2155732940,https://doi.org/10.1111/j.1365-4362.1996.tb03273.x,,,0,0
https://openalex.org/w2044533680,https://doi.org/10.1159/000337871,,,0,0
https://openalex.org/w1963505416,https://doi.org/10.1002/hep.26275,,,0,0
https://openalex.org/w1591908466,,,,0,0
https://openalex.org/w2122588956,https://doi.org/10.1016/j.imlet.2015.10.017,,,0,0
https://openalex.org/w2158020609,https://doi.org/10.1002/art.38292,,,0,0
https://openalex.org/w2033444272,https://doi.org/10.1016/j.blre.2011.02.001,,,0,0
https://openalex.org/w2135415519,https://doi.org/10.4049/jimmunol.0802813,,,0,0
https://openalex.org/w4232004409,https://doi.org/10.1007/s00044-010-9296-3,,,0,0
https://openalex.org/w2152471529,https://doi.org/10.1007/s00296-011-2307-y,,,0,0
https://openalex.org/w2324456931,https://doi.org/10.1136/annrheumdis-2013-eular.1530,,,0,0
https://openalex.org/w1592791474,,,,0,0
https://openalex.org/w2005278031,https://doi.org/10.1089/jir.2011.0029,,,0,0
https://openalex.org/w2777842416,https://doi.org/10.1093/jtm/tax082,,,0,0
https://openalex.org/w2146187140,https://doi.org/10.1016/j.hoc.2006.06.003,,,0,0
https://openalex.org/w2028257585,https://doi.org/10.1007/bf02230343,,,0,0
https://openalex.org/w2204890656,https://doi.org/10.1186/s13075-015-0879-8,,,0,0
https://openalex.org/w2409653508,,,,0,0
https://openalex.org/w4233606916,https://doi.org/10.1002/jca.20230,,,0,0
https://openalex.org/w1936861057,,,,0,0
https://openalex.org/w4313379017,https://doi.org/10.4049/jimmunol.190.supp.193.8,,,0,0
https://openalex.org/w1517677809,https://doi.org/10.1111/j.1346-8138.2011.01237.x,,,0,0
https://openalex.org/w2019449356,https://doi.org/10.2174/1568010054022024,,,0,0
https://openalex.org/w2033030125,https://doi.org/10.2169/internalmedicine.53.2060,,,0,0
https://openalex.org/w4299586333,https://doi.org/10.1002/hep.26139,,,0,0
https://openalex.org/w2138835266,https://doi.org/10.1093/rheumatology/kel004,,,0,0
https://openalex.org/w1963919195,https://doi.org/10.1097/iae.0b013e3181e378af,,,0,0
https://openalex.org/w1964149142,https://doi.org/10.1136/ard.42.6.672,,,0,0
https://openalex.org/w2581903000,https://doi.org/10.2298/vsp161026015r,,,0,0
https://openalex.org/w2129873200,https://doi.org/10.1097/wco.0b013e3283311ddf,,,0,0
https://openalex.org/w2108881298,https://doi.org/10.2174/156652412800619950,,,0,0
https://openalex.org/w2080576964,https://doi.org/10.1016/j.imlet.2005.10.020,,,0,0
https://openalex.org/w2090897294,https://doi.org/10.1007/s11926-010-0101-6,,,0,0
https://openalex.org/w2079355254,https://doi.org/10.1615/critrevimmunol.2013007409,,,0,0
https://openalex.org/w2048722931,https://doi.org/10.2174/138161209788489177,,,0,0
https://openalex.org/w1981616870,https://doi.org/10.1016/s0016-5085(09)60943-4,,,0,0
https://openalex.org/w2050329154,https://doi.org/10.1155/2013/690835,,,0,0
https://openalex.org/w2019129710,https://doi.org/10.1586/14750708.3.1.139,,,0,0
https://openalex.org/w2159784791,https://doi.org/10.1080/02841860802314753,,,0,0
https://openalex.org/w2604566416,https://doi.org/10.1111/1346-8138.13553,,,0,0
https://openalex.org/w2146127186,https://doi.org/10.1136/ard.2010.129619m,,,0,0
https://openalex.org/w2087332538,https://doi.org/10.1002/ijc.22951,,,0,0
https://openalex.org/w283502044,https://doi.org/10.1097/00007611-199411000-00027,,,0,0
https://openalex.org/w2044424089,https://doi.org/10.1016/j.coi.2014.08.003,,,0,0
https://openalex.org/w2621931476,https://doi.org/10.1007/s40257-017-0296-7,,,0,0
https://openalex.org/w2149966822,https://doi.org/10.1007/s11940-011-0141-x,,,0,0
https://openalex.org/w2025922997,https://doi.org/10.1159/000331419,,,0,0
https://openalex.org/w2749142377,https://doi.org/10.1111/trf.14288,,,0,0
https://openalex.org/w2066627682,https://doi.org/10.1016/j.jneuroim.2005.01.019,,,0,0
https://openalex.org/w1603419280,https://doi.org/10.1002/14651858.cd001084,,,0,0
https://openalex.org/w2057108699,https://doi.org/10.1007/s11901-007-0016-5,,,0,0
https://openalex.org/w2028241988,https://doi.org/10.1016/j.clim.2006.06.007,,,0,0
https://openalex.org/w4241710806,https://doi.org/10.3310/hta10280,,,0,0
https://openalex.org/w2134462142,,,,0,0
https://openalex.org/w1975714553,https://doi.org/10.1016/j.trsl.2013.02.007,,,1,1
https://openalex.org/w2009247791,https://doi.org/10.1002/art.503,,,0,0
https://openalex.org/w2896879196,https://doi.org/10.1016/j.celrep.2018.09.001,,,0,0
https://openalex.org/w2083384745,https://doi.org/10.1517/14656560802515553,,,0,0
https://openalex.org/w2111419267,https://doi.org/10.1016/s1470-2045(05)70472-1,,,0,0
https://openalex.org/w2885653835,https://doi.org/10.1186/s41232-018-0078-5,,,0,0
https://openalex.org/w1993706544,https://doi.org/10.1002/1097-0142(19880501)61:9<1787::aid-cncr2820610911>3.0.co;2-q,,,0,0
https://openalex.org/w2328309789,https://doi.org/10.1358/dot.1999.35.4-5.552210,,,0,0
https://openalex.org/w1997660985,https://doi.org/10.1006/clin.1994.1027,,,0,0
https://openalex.org/w2542183200,https://doi.org/10.1002/art.39733,,,0,0
https://openalex.org/w2019288188,https://doi.org/10.1016/s0955-3886(98)00006-x,,,0,0
https://openalex.org/w2163650354,https://doi.org/10.1586/17474086.2015.1088779,,,0,0
https://openalex.org/w2051122643,https://doi.org/10.1097/00002281-199507000-00012,,,0,0
https://openalex.org/w861126126,https://doi.org/10.1016/j.cyto.2014.07.171,,,0,0
https://openalex.org/w2164177759,https://doi.org/10.1111/nep.12527,,,0,0
https://openalex.org/w4247261611,https://doi.org/10.1136/jcp.55.1.4,,,0,0
https://openalex.org/w2166204240,https://doi.org/10.1136/ard.60.11.1068,,,0,0
https://openalex.org/w2006053982,https://doi.org/10.1159/000322922,,,0,0
https://openalex.org/w2807112637,https://doi.org/10.3389/fimmu.2018.01180,,,0,0
https://openalex.org/w2168842467,https://doi.org/10.2174/1573397109666131125220043,,,0,0
https://openalex.org/w2015208411,https://doi.org/10.3109/03009742.2012.736532,,,1,1
https://openalex.org/w2913728336,https://doi.org/10.1016/j.cyto.2018.12.014,,,0,0
https://openalex.org/w2980432827,,,,0,0
https://openalex.org/w2141171750,https://doi.org/10.1586/era.12.124,,,0,0
https://openalex.org/w1532322008,https://doi.org/10.4049/jimmunol.1003224,,,0,0
https://openalex.org/w2000639850,https://doi.org/10.1196/annals.1351.043,,,0,0
https://openalex.org/w2116642596,https://doi.org/10.1136/ard.60.7.685,,,0,0
https://openalex.org/w2050116067,https://doi.org/10.1002/art.25042,,,0,0
https://openalex.org/w2041311820,https://doi.org/10.1016/j.jneuroim.2004.10.017,,,0,0
https://openalex.org/w2144460058,https://doi.org/10.1177/2040622311424806,,,0,0
https://openalex.org/w2160239222,https://doi.org/10.1111/j.1365-2567.2009.03225.x,,,0,0
https://openalex.org/w2045610538,https://doi.org/10.1111/j.1365-2796.2005.01490.x,,,0,0
https://openalex.org/w2594150045,https://doi.org/10.1016/j.ijcard.2017.02.107,,,0,0
https://openalex.org/w2610717082,https://doi.org/10.1186/s12879-017-2430-9,,,0,0
https://openalex.org/w2007793926,https://doi.org/10.1002/cncr.22038,,,0,0
https://openalex.org/w2057118004,https://doi.org/10.1097/00002281-199401000-00017,,,0,0
https://openalex.org/w2023909725,https://doi.org/10.1002/art.34454,,,0,0
https://openalex.org/w2018341201,https://doi.org/10.1159/000203616,,,0,0
https://openalex.org/w2046097628,https://doi.org/10.1097/00000637-200110000-00021,,,0,0
https://openalex.org/w4237954559,https://doi.org/10.2169/internalmedicine.40.565,,,0,0
https://openalex.org/w2099526342,https://doi.org/10.1001/archophthalmol.2010.47,,,0,0
https://openalex.org/w2110546373,https://doi.org/10.3109/09273948.2011.602500,,,0,0
https://openalex.org/w2166732256,https://doi.org/10.1016/j.humimm.2004.12.006,,,0,0
https://openalex.org/w2085833314,https://doi.org/10.1016/j.beem.2009.07.003,,,0,0
https://openalex.org/w1966565569,https://doi.org/10.1016/j.clim.2009.04.006,,,0,0
https://openalex.org/w2009761420,https://doi.org/10.1097/00002281-199901000-00007,,,0,0
https://openalex.org/w1999578802,https://doi.org/10.1016/j.clim.2008.06.004,,,0,0
https://openalex.org/w2275980414,https://doi.org/10.1016/j.micpath.2015.12.007,,,0,0
https://openalex.org/w2094596462,https://doi.org/10.1002/art.22382,,,1,1
https://openalex.org/w1949592264,https://doi.org/10.1002/art.38798,,,0,0
https://openalex.org/w2016066794,https://doi.org/10.1136/bjo.2007.127522,,042-695-844-923-428,0,0
https://openalex.org/w2013973828,https://doi.org/10.1038/bcj.2014.66,,,0,0
https://openalex.org/w1996525349,https://doi.org/10.3390/ph3103258,,,0,0
https://openalex.org/w2746071961,https://doi.org/10.1155/2017/1092507,,,0,0
https://openalex.org/w2039315278,https://doi.org/10.1155/2010/461641,,,0,0
https://openalex.org/w2935804657,https://doi.org/10.4049/jimmunol.1800583,,,0,0
https://openalex.org/w2043973400,https://doi.org/10.1016/j.jaut.2011.08.003,,,0,0
https://openalex.org/w2965975233,https://doi.org/10.1371/journal.pone.0220131,,,0,0
https://openalex.org/w2116196672,https://doi.org/10.1186/s13075-015-0572-y,,,0,0
https://openalex.org/w2039575040,https://doi.org/10.1016/j.jaut.2010.06.012,,,0,0
https://openalex.org/w2039461003,https://doi.org/10.1038/sj.onc.1210911,,,0,0
https://openalex.org/w1069107237,https://doi.org/10.1016/j.cyto.2013.06.287,,,0,0
https://openalex.org/w1808775409,https://doi.org/10.1089/jir.2013.0127,,,0,0
https://openalex.org/w2021598818,https://doi.org/10.1016/j.autrev.2004.07.001,,,0,0
https://openalex.org/w2553748770,https://doi.org/10.1136/annrheumdis-2016-eular.6052,,,0,0
https://openalex.org/w1463896243,https://doi.org/10.1016/j.semarthrit.2015.06.006,,,0,0
https://openalex.org/w2012565034,https://doi.org/10.1007/s00018-010-0268-z,,,0,0
https://openalex.org/w2037945565,https://doi.org/10.1016/j.vaccine.2012.10.043,,,0,0
https://openalex.org/w2333141479,https://doi.org/10.1097/mjt.0000000000000069,,,0,0
https://openalex.org/w2010724251,https://doi.org/10.1191/0961203303lu362xx,,,0,0
https://openalex.org/w2972013929,https://doi.org/10.1038/s41584-019-0276-9,,,0,0
https://openalex.org/w2248683017,https://doi.org/10.1182/blood.v124.21.1861.1861,,,0,0
https://openalex.org/w2054967132,https://doi.org/10.1002/hep.22625,,019-913-107-748-550,0,0
https://openalex.org/w2104634297,https://doi.org/10.4103/0253-7613.62395,,,0,0
https://openalex.org/w2140850442,https://doi.org/10.1136/ard.57.1.3,,071-065-221-716-460,0,0
https://openalex.org/w2937741582,https://doi.org/10.1007/s11568-010-9143-0,,,0,0
https://openalex.org/w2414263582,https://doi.org/10.1136/annrheumdis-2015-eular.4377,,,0,0
https://openalex.org/w2328722446,https://doi.org/10.1056/nejmcpc1413303,,006-634-791-895-35X,0,0
https://openalex.org/w2001371837,https://doi.org/10.1016/j.bone.2012.08.015,,,0,0
https://openalex.org/w2114684926,https://doi.org/10.3109/09273948.2011.645989,,,0,0
https://openalex.org/w2908865346,https://doi.org/10.1007/s11926-019-0800-6,,,0,0
https://openalex.org/w2145372770,https://doi.org/10.1210/en.2005-0439,,,0,0
https://openalex.org/w2236422417,https://doi.org/10.1002/hep.23974,,,0,0
https://openalex.org/w2028350716,https://doi.org/10.1002/bies.201100093,,,0,0
https://openalex.org/w1969088212,https://doi.org/10.1046/j.1443-9573.2003.00131.x,,,0,0
https://openalex.org/w1965477726,https://doi.org/10.4103/0378-6323.82399,,065-505-769-745-661,0,0
https://openalex.org/w2105843447,https://doi.org/10.1084/jem.157.1.173,,,0,0
https://openalex.org/w1981360998,https://doi.org/10.1007/s002810100058,,,0,0
https://openalex.org/w2254989075,https://doi.org/10.1007/s12016-016-8527-x,,,0,0
https://openalex.org/w2793166129,https://doi.org/10.1016/j.thromres.2018.01.039,,,0,0
https://openalex.org/w2918783534,https://doi.org/10.1016/s0735-1097(19)32850-5,,,0,0
https://openalex.org/w2072598165,https://doi.org/10.1016/j.eurger.2015.02.006,,,0,0
https://openalex.org/w16577323,,,,0,0
https://openalex.org/w2096384140,https://doi.org/10.3748/wjg.14.2912,,,0,0
https://openalex.org/w2062944046,https://doi.org/10.1016/s0041-1345(97)00555-1,,,0,0
https://openalex.org/w2062464081,https://doi.org/10.1097/00019052-200410000-00010,,,0,0
https://openalex.org/w2043132919,https://doi.org/10.1080/03009740510026805,,,0,0
https://openalex.org/w2016621226,https://doi.org/10.3899/jrheum.100214,,,1,1
https://openalex.org/w2015855111,https://doi.org/10.1007/bf02877781,,,0,0
https://openalex.org/w2325207829,https://doi.org/10.4172/1948-593x.1000099,,,0,0
https://openalex.org/w2027953553,https://doi.org/10.1002/mpr.229,,,0,0
https://openalex.org/w2017544558,https://doi.org/10.1016/j.jhep.2014.08.015,,,0,0
https://openalex.org/w4285697447,https://doi.org/10.55563/clinexprheumatol/qb2ha3,,,0,0
https://openalex.org/w2050425302,https://doi.org/10.1016/j.bcp.2010.05.003,,,0,0
https://openalex.org/w2010553701,https://doi.org/10.1002/eji.200838189,,,0,0
https://openalex.org/w1968959595,https://doi.org/10.1006/jaut.1998.0215,,,0,0
https://openalex.org/w2103283545,https://doi.org/10.1186/s13023-015-0332-8,,,0,0
https://openalex.org/w2910978847,https://doi.org/10.1038/s41584-018-0156-8,,,0,0
https://openalex.org/w2884221777,,,,0,0
https://openalex.org/w2102012621,https://doi.org/10.1634/theoncologist.9-3-271,,,0,0
https://openalex.org/w3144384818,https://doi.org/10.3760/cma.j.issn.0366-6999.2009.05.001,,,0,0
https://openalex.org/w2058023919,https://doi.org/10.7326/0003-4819-129-10-199811150-00018,,,0,0
https://openalex.org/w2115673696,https://doi.org/10.1093/ndt/gfp288,,,0,0
https://openalex.org/w2129964051,https://doi.org/10.1038/ejhg.2010.197,,,0,0
https://openalex.org/w1996918766,https://doi.org/10.1177/0961203315579093,,,0,0
https://openalex.org/w2056336637,https://doi.org/10.1016/j.soc.2005.12.002,,,0,0
https://openalex.org/w2032388264,https://doi.org/10.2165/11532190-000000000-00000,,,0,0
https://openalex.org/w2597176252,https://doi.org/10.1074/jbc.r117.777102,,,0,0
https://openalex.org/w2035779135,https://doi.org/10.1016/j.addr.2007.06.013,,,0,0
https://openalex.org/w2553266524,https://doi.org/10.1186/s40360-016-0103-8,,,0,0
https://openalex.org/w2741583600,https://doi.org/10.1136/annrheumdis-2017-eular.2805,,,0,0
https://openalex.org/w2900694715,https://doi.org/10.1007/s00296-018-4193-z,,,0,0
https://openalex.org/w2058287132,https://doi.org/10.1159/000164393,,,0,0
https://openalex.org/w1967082105,https://doi.org/10.1177/1352458510393771,,,0,0
https://openalex.org/w2044713055,https://doi.org/10.1016/j.autrev.2011.04.033,,,0,0
https://openalex.org/w2100062718,https://doi.org/10.1093/rheumatology/kei264,,,0,0
https://openalex.org/w4238556574,https://doi.org/10.1111/j.1365-2133.1996.tb01521.x,,,0,0
https://openalex.org/w2108373994,https://doi.org/10.1038/nrd3800,,,0,0
https://openalex.org/w2074716315,https://doi.org/10.1586/edm.09.57,,,0,0
https://openalex.org/w2559953844,https://doi.org/10.1016/j.jcms.2016.11.011,,,0,0
https://openalex.org/w41980893,,,,0,0
https://openalex.org/w2810923332,https://doi.org/10.3389/fimmu.2018.01535,,,0,0
https://openalex.org/w2339523494,https://doi.org/10.3899/jrheum.160272,,,0,0
https://openalex.org/w2107590323,https://doi.org/10.1093/rheumatology/kep080,,,0,0
https://openalex.org/w1990278358,https://doi.org/10.1002/hep.1840170430,,,0,0
https://openalex.org/w1983608394,https://doi.org/10.1038/nrclinonc.2012.88,,,0,0
https://openalex.org/w2061307564,https://doi.org/10.1097/wco.0b013e32833de6ab,,,0,0
https://openalex.org/w2626059760,https://doi.org/10.1177/2050640617716607,,,0,0
https://openalex.org/w1519801500,https://doi.org/10.1111/j.1462-5822.2012.01825.x,,,0,0
https://openalex.org/w2406879919,https://doi.org/10.4318/tjg.2010.0112,,,0,0
https://openalex.org/w4298229388,https://doi.org/10.1002/art.38257,,,0,0
https://openalex.org/w2809839732,https://doi.org/10.1016/j.jbspin.2018.03.018,,,0,0
https://openalex.org/w2138952238,https://doi.org/10.1080/13550280701397627,,,0,0
https://openalex.org/w2475130290,,,,0,0
https://openalex.org/w2081752849,https://doi.org/10.1002/art.22497,,,0,0
https://openalex.org/w2128428038,https://doi.org/10.1016/s1474-4422(02)00222-3,,,0,0
https://openalex.org/w2129405088,https://doi.org/10.1111/j.1755-3768.2012.02420.x,,,0,0
https://openalex.org/w2992509415,,,,0,0
https://openalex.org/w2045900375,https://doi.org/10.1186/1741-7015-11-100,,,0,0
https://openalex.org/w2257881330,,,,0,0
https://openalex.org/w2016739363,https://doi.org/10.1007/bf00197516,,,0,0
https://openalex.org/w1975253015,https://doi.org/10.1016/j.cyto.2012.06.167,,,0,0
https://openalex.org/w1965807282,https://doi.org/10.1016/j.copbio.2003.10.001,,,0,0
https://openalex.org/w2049017831,https://doi.org/10.1016/j.autrev.2008.07.046,,,0,0
https://openalex.org/w2110490641,https://doi.org/10.3109/01443615.2012.698667,,,0,0
https://openalex.org/w2157242008,https://doi.org/10.1136/ard.59.4.311,,,0,0
https://openalex.org/w1971686414,https://doi.org/10.1046/j.1365-2567.2002.01474.x,,,0,0
https://openalex.org/w1987364507,https://doi.org/10.1016/s0168-8278(99)80404-8,,,0,0
https://openalex.org/w2069349248,https://doi.org/10.1007/s00253-005-1980-8,,,0,0
https://openalex.org/w113838982,https://doi.org/10.5694/j.1326-5377.2008.tb01500.x,,,0,0
https://openalex.org/w2126385937,https://doi.org/10.1002/art.39110,,,0,0
https://openalex.org/w2018887507,https://doi.org/10.1016/s1995-7645(14)60193-0,,,0,0
https://openalex.org/w2953182842,https://doi.org/10.1136/annrheumdis-2019-eular.3186,,,0,0
https://openalex.org/w2033777503,https://doi.org/10.1073/pnas.1206923109,,,0,0
https://openalex.org/w2020856034,https://doi.org/10.1016/j.mcna.2014.06.004,,,0,0
https://openalex.org/w2169216341,https://doi.org/10.1016/j.prrv.2005.06.007,,,0,0
https://openalex.org/w2050612472,https://doi.org/10.1016/j.jneuroim.2006.03.010,,,0,0
https://openalex.org/w196791239,https://doi.org/10.1016/j.cyto.2014.07.060,,,0,0
https://openalex.org/w2053779737,https://doi.org/10.2174/138161211798157630,,,0,0
https://openalex.org/w2014762730,https://doi.org/10.1002/art.1780250406,,,1,1
https://openalex.org/w2805931400,https://doi.org/10.3389/fimmu.2018.01372,,,1,1
https://openalex.org/w2909679535,https://doi.org/10.1136/annrheumdis-2018-eular.7813,,,0,0
https://openalex.org/w2773873534,https://doi.org/10.1016/j.jaci.2017.10.003,,,0,0
https://openalex.org/w2265312346,https://doi.org/10.1615/critrevimmunol.2015014417,,,0,0
https://openalex.org/w2756400521,https://doi.org/10.1136/annrheumdis-2017-eular.7196,,,0,0
https://openalex.org/w2079519291,https://doi.org/10.1007/bf02686085,,,0,0
https://openalex.org/w2414574078,https://doi.org/10.4238/2015.november.18.52,,,0,0
https://openalex.org/w2020285921,https://doi.org/10.1007/s12026-010-8179-5,,,0,0
https://openalex.org/w2087937137,https://doi.org/10.1097/01.bor.0000197995.27579.9b,,,0,0
https://openalex.org/w2165374957,https://doi.org/10.1111/j.1750-3841.2010.01704.x,,,0,0
https://openalex.org/w2409797114,,,,0,0
https://openalex.org/w2143966017,https://doi.org/10.1136/annrheumdis-2014-206022,,,0,0
https://openalex.org/w2406245742,,,,0,0
https://openalex.org/w1975065257,https://doi.org/10.1007/s12094-012-0804-4,,,0,0
https://openalex.org/w2161710143,https://doi.org/10.1136/ard.49.9.735,,,0,0
https://openalex.org/w2077401377,https://doi.org/10.1007/s10067-010-1550-z,,,0,0
https://openalex.org/w2121270019,https://doi.org/10.2147/btt.s4275,,,0,0
https://openalex.org/w2890515892,https://doi.org/10.1056/nejmoa1800149,,,0,0
https://openalex.org/w2752738101,https://doi.org/10.2174/1389203718666170828123449,,,0,0
https://openalex.org/w2035655891,https://doi.org/10.1016/s0002-9270(01)02622-3,,,0,0
https://openalex.org/w2096388504,https://doi.org/10.1002/art.24436,,,0,0
https://openalex.org/w4246537907,https://doi.org/10.1093/neuonc/nor151,,,0,0
https://openalex.org/w2340681285,https://doi.org/10.1056/nejm199502093320616,,035-361-554-977-360,0,0
https://openalex.org/w2035430062,https://doi.org/10.1007/s10047-010-0501-4,,,0,0
https://openalex.org/w2972893665,https://doi.org/10.1038/s41598-019-49748-z,,,0,0
https://openalex.org/w2054282351,https://doi.org/10.1136/annrheumdis-2013-205124.76,,,0,0
https://openalex.org/w2048476995,https://doi.org/10.1053/j.semdp.2009.08.003,,,0,0
https://openalex.org/w2274432467,,,,0,0
https://openalex.org/w2939416787,https://doi.org/10.1002/art.40910,,,1,1
https://openalex.org/w2085247986,https://doi.org/10.1586/14787210.3.4.557,,,0,0
https://openalex.org/w2596425071,https://doi.org/10.1007/s00415-010-5575-7,,,0,0
https://openalex.org/w2791130625,https://doi.org/10.1177/0961203317753069,,,0,0
https://openalex.org/w2018933969,https://doi.org/10.1038/nrgastro.2012.125,,,0,0
https://openalex.org/w2296991237,https://doi.org/10.3109/08820538.2015.1114835,,,0,0
https://openalex.org/w2134705252,https://doi.org/10.3346/jkms.2002.17.1.141,,,0,0
https://openalex.org/w2033006872,https://doi.org/10.1016/j.cyto.2014.10.012,,,0,0
https://openalex.org/w2160983360,https://doi.org/10.1590/s0482-50042010000600007,,,0,0
https://openalex.org/w2109038139,https://doi.org/10.1016/j.leukres.2011.03.021,,,0,0
https://openalex.org/w2119267472,https://doi.org/10.1136/annrheumdis-2012-201381,,,1,1
https://openalex.org/w2331630623,https://doi.org/10.1136/annrheumdis-2013-eular.2356,,,0,0
https://openalex.org/w2081080694,https://doi.org/10.1007/s10067-007-0825-5,,,0,0
https://openalex.org/w2105143777,https://doi.org/10.4049/jimmunol.1102181,,,0,0
https://openalex.org/w2120645240,https://doi.org/10.1002/sim.2574,,,0,0
https://openalex.org/w2334488253,https://doi.org/10.1136/annrheumdis-2012-eular.2325,,,0,0
https://openalex.org/w2151983841,https://doi.org/10.1093/humupd/8.5.463,,,0,0
https://openalex.org/w2092938239,https://doi.org/10.1080/1042819021000029948,,,0,0
https://openalex.org/w2235732165,https://doi.org/10.4049/jimmunol.190.supp.43.7,,,0,0
https://openalex.org/w2928901913,https://doi.org/10.1093/rheumatology/kez060.006,,,0,0
https://openalex.org/w159231651,https://doi.org/10.5372/1905-7415.0505.085,,,0,1
https://openalex.org/w2044771042,https://doi.org/10.1016/j.gtc.2010.08.008,,,0,0
https://openalex.org/w1994923672,https://doi.org/10.1111/j.1365-2893.2006.00802.x,,,0,0
https://openalex.org/w2071444250,https://doi.org/10.1038/nrrheum.2013.145,,,0,0
https://openalex.org/w1988262854,https://doi.org/10.1016/s0198-8859(02)00756-5,,,1,1
https://openalex.org/w2142257732,https://doi.org/10.3390/ph5080802,,,0,0
https://openalex.org/w2020978512,https://doi.org/10.1007/s11926-009-0015-3,,,0,0
https://openalex.org/w2061128707,https://doi.org/10.1046/j.1365-2249.1997.3931291.x,,,0,0
https://openalex.org/w3022973564,https://doi.org/10.1007/s11940-996-0026-6,,,0,0
https://openalex.org/w2097871915,https://doi.org/10.1093/ageing/afi079,,,0,0
https://openalex.org/w2025766796,https://doi.org/10.1097/00002281-200405000-00003,,,0,0
https://openalex.org/w2807311195,https://doi.org/10.1111/1756-185x.13320,,,0,0
https://openalex.org/w1987692041,https://doi.org/10.1007/bf02678216,,,0,0
https://openalex.org/w2009814067,https://doi.org/10.1007/s40674-014-0007-y,,,0,0
https://openalex.org/w1482765914,https://doi.org/10.1111/j.1365-2036.2007.03316.x,,,0,0
https://openalex.org/w2345562189,https://doi.org/10.1016/j.mad.2016.05.001,,,0,0
https://openalex.org/w2754429820,https://doi.org/10.1136/annrheumdis-2017-eular.6903,,,0,0
https://openalex.org/w2057310034,https://doi.org/10.1080/1042819021000055066,,,0,0
https://openalex.org/w2598829562,https://doi.org/10.1159/000381120,,,0,0
https://openalex.org/w2765712214,https://doi.org/10.1016/j.coi.2017.10.008,,,0,0
https://openalex.org/w1976918970,https://doi.org/10.2165/00128071-200203020-00003,,,0,0
https://openalex.org/w2095666655,https://doi.org/10.2217/ijr.12.4,,,0,0
https://openalex.org/w2075354833,https://doi.org/10.1002/art.20987,,,0,0
https://openalex.org/w4251192419,https://doi.org/10.1038/ajg.2012.268,,,0,0
https://openalex.org/w2138106046,https://doi.org/10.1016/s0025-7125(05)70514-9,,,0,0
https://openalex.org/w2142043975,https://doi.org/10.1158/1078-0432.ccr-06-0964,,,0,0
https://openalex.org/w2319886547,https://doi.org/10.2174/092986711795656126,,,0,0
https://openalex.org/w1924924816,https://doi.org/10.1007/s40265-015-0394-x,,,0,0
https://openalex.org/w2925492423,https://doi.org/10.3389/fimmu.2019.00629,,,0,0
https://openalex.org/w2953242996,https://doi.org/10.1136/annrheumdis-2019-eular.5302,,,0,0
https://openalex.org/w17348560,https://doi.org/10.1016/j.cyto.2013.06.043,,,0,0
https://openalex.org/w2053475088,https://doi.org/10.2217/ijr.12.37,,,0,0
https://openalex.org/w1969539549,https://doi.org/10.1097/ppo.0b013e31823dec8d,,,0,0
https://openalex.org/w2029265694,https://doi.org/10.1016/s0248-8663(02)00667-7,,,0,0
https://openalex.org/w2068107696,https://doi.org/10.1126/scitranslmed.3004529,,,0,0
https://openalex.org/w1973463305,https://doi.org/10.1038/nrrheum.2014.225,,,0,0
https://openalex.org/w2326101448,https://doi.org/10.1089/jir.1984.4.335,,,0,0
https://openalex.org/w1487845669,https://doi.org/10.1155/2015/716920,,,0,0
https://openalex.org/w2891816678,https://doi.org/10.1080/17843286.2018.1522020,,,0,0
https://openalex.org/w2419115899,,,,0,0
https://openalex.org/w2270055754,https://doi.org/10.1371/journal.pone.0141974,,,0,0
https://openalex.org/w2938368843,https://doi.org/10.1136/lupus-2019-lsm.296,,,0,0
https://openalex.org/w2901893431,https://doi.org/10.1016/j.jaut.2018.11.002,,,0,0
https://openalex.org/w1998478222,https://doi.org/10.1177/0961203310394897,,,0,0
https://openalex.org/w2124419758,https://doi.org/10.1002/art.23217,,030-586-707-018-167,0,0
https://openalex.org/w2026780425,https://doi.org/10.1007/s12016-007-8011-8,,,0,0
https://openalex.org/w2069588504,https://doi.org/10.1111/j.1365-2133.2005.06877.x,,,0,0
https://openalex.org/w2060253834,https://doi.org/10.1016/j.autrev.2012.09.003,,,0,0
https://openalex.org/w2020549201,https://doi.org/10.1016/j.autrev.2008.07.007,,,0,0
https://openalex.org/w2139261426,https://doi.org/10.1109/titb.2008.2011984,,,0,1
https://openalex.org/w1699876092,https://doi.org/10.1002/art.39029,,,1,1
https://openalex.org/w2585271320,https://doi.org/10.1200/jco.2016.70.2951,,,0,0
https://openalex.org/w4238805361,https://doi.org/10.1177/2397198317753762,,,0,0
https://openalex.org/w2027632198,https://doi.org/10.1191/096120300674499064,,,1,1
https://openalex.org/w2015741997,https://doi.org/10.1002/hep.23889,,,0,0
https://openalex.org/w4247004582,https://doi.org/10.1016/j.cvsm.2005.02.001,,,0,0
https://openalex.org/w2075450457,https://doi.org/10.1046/j.1365-2567.2000.00970.x,,,0,0
https://openalex.org/w2039378822,https://doi.org/10.1002/art.22044,,,1,1
https://openalex.org/w2473658195,,,,0,0
https://openalex.org/w2049577695,https://doi.org/10.1016/j.autrev.2014.02.002,,,0,0
https://openalex.org/w4293255574,https://doi.org/10.1111/bjd.16059,,,0,0
https://openalex.org/w2326240921,https://doi.org/10.1155/2016/5045248,,,0,0
https://openalex.org/w2535496682,https://doi.org/10.1093/rheumatology/kew339,,,0,0
https://openalex.org/w2007493927,https://doi.org/10.1038/nrrheum.2011.132,,,0,0
https://openalex.org/w1619336778,https://doi.org/10.1684/ecn.2012.0303,,,0,0
https://openalex.org/w1980133491,https://doi.org/10.1016/j.arcmed.2006.08.002,,,0,0
https://openalex.org/w1997062395,https://doi.org/10.1016/j.ijrobp.2006.05.021,,,0,0
https://openalex.org/w1588811072,https://doi.org/10.1007/s00508-008-0945-1,,,0,0
https://openalex.org/w4235895402,https://doi.org/10.1111/j.1365-2133.2011.10671.x,,,0,0
https://openalex.org/w2152272986,https://doi.org/10.1093/rheumatology/keq389,,,0,0
https://openalex.org/w2420510767,,,,0,0
https://openalex.org/w2148162374,https://doi.org/10.1111/j.1749-6632.2002.tb04248.x,,,0,0
https://openalex.org/w2153329065,https://doi.org/10.1186/ar4172,,,0,0
https://openalex.org/w2123326082,https://doi.org/10.1097/01.wco.0000200545.37539.4e,,,0,0
https://openalex.org/w2039217616,https://doi.org/10.1002/art.23759,,,0,0
https://openalex.org/w2403169180,https://doi.org/10.1182/blood.v80.11.2805.2805,,,0,0
https://openalex.org/w2081613836,https://doi.org/10.1002/1529-0131(200112)45:6<533::aid-art379>3.0.co;2-d,,,0,0
https://openalex.org/w2005596569,https://doi.org/10.1371/journal.pone.0010868,,,0,0
https://openalex.org/w1542573698,https://doi.org/10.1023/a:1005420828332,,,0,0
https://openalex.org/w2549276423,https://doi.org/10.1136/annrheumdis-2016-eular.3486,,,0,0
https://openalex.org/w2951485043,https://doi.org/10.1136/annrheumdis-2019-eular.2452,,,0,0
https://openalex.org/w2128137637,https://doi.org/10.1016/j.hoc.2007.10.007,,,0,0
https://openalex.org/w4236598371,https://doi.org/10.1016/s1567-5769(01)00043-1,,,0,0
https://openalex.org/w1997402693,https://doi.org/10.1191/0961203304lu2049xx,,,0,0
https://openalex.org/w2185046231,,,,0,0
https://openalex.org/w1992346280,https://doi.org/10.1002/art.23619,,,1,1
https://openalex.org/w4247037912,https://doi.org/10.1016/j.jaci.2009.07.002,,,0,0
https://openalex.org/w2055749445,https://doi.org/10.1517/13543784.12.2.247,,,0,0
https://openalex.org/w2409047310,https://doi.org/10.1002/art.39592,,,0,0
https://openalex.org/w2119252289,https://doi.org/10.1161/circulationaha.107.697789,,,0,0
https://openalex.org/w1579948488,https://doi.org/10.1111/j.1365-2249.2011.04490.x,,,0,0
https://openalex.org/w1591682143,,,,0,0
https://openalex.org/w2093422219,https://doi.org/10.1097/ppo.0b013e31818ee3dc,,,0,0
https://openalex.org/w2176060068,https://doi.org/10.1007/s13311-015-0394-2,,,0,0
https://openalex.org/w2044937696,https://doi.org/10.1002/cncr.24928,,,0,0
https://openalex.org/w2280856093,https://doi.org/10.1080/21645515.2015.1129478,,,0,0
https://openalex.org/w2131684349,https://doi.org/10.1196/annals.1415.030,,,0,0
https://openalex.org/w2893056655,https://doi.org/10.1053/jhep.2002.36227,,,0,0
https://openalex.org/w2511324872,https://doi.org/10.1186/s13075-016-1087-x,,,0,0
https://openalex.org/w2117976432,https://doi.org/10.1002/art.21496,,,0,0
https://openalex.org/w2171019943,https://doi.org/10.4049/jimmunol.1301022,,,0,0
https://openalex.org/w1253185898,,,,0,0
https://openalex.org/w2002814133,https://doi.org/10.1002/art.27525,,057-392-233-782-917,0,0
https://openalex.org/w1967098349,https://doi.org/10.1034/j.1600-0676.2001.021003207.x,,,0,0
https://openalex.org/w4251801733,https://doi.org/10.1002/1529-0131(200005)43:5<1190::aid-anr38>3.0.co;2-9,,,0,0
https://openalex.org/w2044085031,https://doi.org/10.1002/art.30399,,,1,1
https://openalex.org/w2006109033,https://doi.org/10.1007/s00417-010-1576-6,,,0,0
https://openalex.org/w2920800246,https://doi.org/10.1177/2050640619835394,,,0,0
https://openalex.org/w2127076977,https://doi.org/10.1586/eci.10.7,,,0,0
https://openalex.org/w2057381015,https://doi.org/10.1089/107999099313505,,,0,0
https://openalex.org/w2332204030,https://doi.org/10.1093/rheumatology/kes108,,,0,0
https://openalex.org/w1583917240,https://doi.org/10.1186/scrt537,,,0,0
https://openalex.org/w2326095995,https://doi.org/10.4274/npa.y51.02,,,0,0
https://openalex.org/w1779865835,https://doi.org/10.1016/j.molimm.2015.09.010,,,0,0
https://openalex.org/w1767946997,https://doi.org/10.1684/ejd.2012.1849,,033-456-517-812-793,0,0
https://openalex.org/w1654464268,https://doi.org/10.1155/2009/514618,,,0,0
https://openalex.org/w2944903959,https://doi.org/10.1089/vim.2019.0012,,,0,0
https://openalex.org/w2289235163,https://doi.org/10.1007/s40265-015-0534-3,,,0,0
https://openalex.org/w2066751505,https://doi.org/10.1097/00000441-200110000-00015,,,0,0
https://openalex.org/w1976411750,https://doi.org/10.1002/art.1780380702,,,0,0
https://openalex.org/w2135758436,https://doi.org/10.1093/rheumatology/keq726,,,0,0
https://openalex.org/w2039070685,https://doi.org/10.1002/cyto.b.20468,,,0,0
https://openalex.org/w2167518746,https://doi.org/10.1002/art.39108,,,1,1
https://openalex.org/w2890583576,https://doi.org/10.1016/j.jdcr.2018.06.003,,059-913-911-384-031,0,0
https://openalex.org/w2322462096,https://doi.org/10.4049/jimmunol.194.supp.194.2,,,0,0
https://openalex.org/w1965596045,https://doi.org/10.2147/ppa.s50583,,,0,0
https://openalex.org/w3199152926,https://doi.org/10.1177/1352458510383204,,,0,0
https://openalex.org/w2004369393,https://doi.org/10.1016/j.bbadis.2014.06.013,,,0,0
https://openalex.org/w1975821327,https://doi.org/10.1016/j.immuni.2012.01.007,,,0,0
https://openalex.org/w4242995326,https://doi.org/10.1053/bbmt.2002.v8.pm12234165,,,0,0
https://openalex.org/w2922801068,https://doi.org/10.1089/jir.2019.0037,,,0,0
https://openalex.org/w2006194219,https://doi.org/10.1002/art.23404,,,1,1
https://openalex.org/w2335866122,,,,0,0
https://openalex.org/w2765622700,https://doi.org/10.3389/fimmu.2017.01350,,,0,0
https://openalex.org/w2032911972,https://doi.org/10.1111/j.1572-0241.2004.30306.x,,,0,0
https://openalex.org/w2076676321,https://doi.org/10.1517/14712590903348135,,,0,0
https://openalex.org/w2053329241,https://doi.org/10.1016/s0001-7310(09)73374-5,,,0,0
https://openalex.org/w2021306888,https://doi.org/10.1159/000013393,,,0,0
https://openalex.org/w2136855276,https://doi.org/10.1177/0961203308089990,,,0,0
https://openalex.org/w1974471239,https://doi.org/10.1016/j.pharmthera.2012.03.006,,,0,0
https://openalex.org/w2089377039,https://doi.org/10.1016/s0190-9622(03)00447-x,,,0,0
https://openalex.org/w2078862302,https://doi.org/10.3899/jrheum.110590,,,0,0
https://openalex.org/w1964544041,https://doi.org/10.1212/wnl.0b013e3181dbb51c,,,0,0
https://openalex.org/w2002987446,https://doi.org/10.1111/j.1365-2893.2006.00771.x,,,0,0
https://openalex.org/w2088646795,https://doi.org/10.1007/s12288-011-0108-9,,,0,0
https://openalex.org/w1991252612,https://doi.org/10.1136/ard.2003.018192,,,0,0
https://openalex.org/w4240645089,https://doi.org/10.1007/s11825-013-0376-x,,,0,0
https://openalex.org/w2054064642,https://doi.org/10.1002/art.22451,,,0,0
https://openalex.org/w2099371883,,,,0,0
https://openalex.org/w4300190723,https://doi.org/10.1002/hon.2228,,,0,0
https://openalex.org/w2047215881,https://doi.org/10.1097/00004836-199712000-00013,,,0,0
https://openalex.org/w1987833455,https://doi.org/10.1016/j.ejpn.2004.10.005,,,0,0
https://openalex.org/w2105450976,https://doi.org/10.1016/j.jaut.2008.04.003,,,0,0
https://openalex.org/w2894749461,https://doi.org/10.1371/journal.pone.0204773,,,0,0
https://openalex.org/w2152968257,https://doi.org/10.1136/jmg.2007.055012,,,0,0
https://openalex.org/w2950811944,https://doi.org/10.1136/annrheumdis-2019-eular.4946,,,0,0
https://openalex.org/w2508633119,https://doi.org/10.1002/art.39679,,,0,0
https://openalex.org/w2024779718,https://doi.org/10.1136/ard.61.9.838,,,0,0
https://openalex.org/w1975978845,https://doi.org/10.1002/art.34326,,,0,0
https://openalex.org/w2052427075,https://doi.org/10.1517/13543784.17.10.1501,,,0,0
https://openalex.org/w2108036229,https://doi.org/10.1517/13543784.17.5.741,,,0,0
https://openalex.org/w4238574016,https://doi.org/10.1007/s101650200051,,,0,0
https://openalex.org/w2501446642,,,,0,0
https://openalex.org/w1963649966,https://doi.org/10.1212/wnl.53.1.20,,,0,0
https://openalex.org/w2044859167,https://doi.org/10.1371/journal.pone.0034662,,,0,0
https://openalex.org/w2042991030,https://doi.org/10.2174/157339706775696982,,,0,0
https://openalex.org/w2171098916,https://doi.org/10.1136/ard.2005.044941,,012-695-955-312-293,0,0
https://openalex.org/w2026865649,https://doi.org/10.1038/nrd2196,,,0,0
https://openalex.org/w2000856450,https://doi.org/10.1080/08916930310001605882,,,0,0
https://openalex.org/w1979554068,https://doi.org/10.1007/s11926-011-0205-7,,,0,0
https://openalex.org/w1991688121,https://doi.org/10.3816/clm.2004.n.007,,,0,0
https://openalex.org/w119284060,,,,0,0
https://openalex.org/w2949071309,https://doi.org/10.1136/annrheumdis-2019-eular.5650,,,0,0
https://openalex.org/w998070158,https://doi.org/10.1016/j.jaut.2015.06.005,,,0,0
https://openalex.org/w2124663319,https://doi.org/10.1259/img.14.1.140035,,,0,0
https://openalex.org/w2084676421,https://doi.org/10.1002/art.21006,,,0,1
https://openalex.org/w2402789890,https://doi.org/10.1016/j.immuni.2016.04.019,,,0,0
https://openalex.org/w2135997523,https://doi.org/10.3168/jds.s0022-0302(06)72560-7,,,0,0
https://openalex.org/w2059222493,https://doi.org/10.1097/mcg.0b013e318180803a,,,0,0
https://openalex.org/w2156220043,https://doi.org/10.1016/s0140-6736(00)02811-7,,,0,0
https://openalex.org/w2784164363,https://doi.org/10.3389/fimmu.2017.02007,,,1,1
https://openalex.org/w2606509426,https://doi.org/10.4049/jimmunol.1601716,,,0,0
https://openalex.org/w2167834814,https://doi.org/10.1111/j.1365-2273.1986.tb00150.x,,,0,0
https://openalex.org/w154386260,,,,0,0
https://openalex.org/w1917759414,https://doi.org/10.1111/j.1600-065x.2011.01015.x,,,0,0
https://openalex.org/w2920841818,https://doi.org/10.3390/ph12010037,,,0,0
https://openalex.org/w2083279600,https://doi.org/10.1007/bf03256426,,,0,0
https://openalex.org/w2063785079,https://doi.org/10.3899/jrheum.100361,,,0,0
https://openalex.org/w2939177056,https://doi.org/10.1186/s13075-019-1853-7,,,1,1
https://openalex.org/w2025281637,https://doi.org/10.2174/1568014054546281,,,0,0
https://openalex.org/w1980255049,https://doi.org/10.1002/art.1780190612,,,0,0
https://openalex.org/w2104402413,https://doi.org/10.1111/j.1365-3083.2007.02049.x,,,0,0
https://openalex.org/w2899043695,https://doi.org/10.1016/j.det.2018.07.006,,,0,0
https://openalex.org/w2040849798,https://doi.org/10.1016/j.nbt.2012.08.568,,,0,0
https://openalex.org/w90682099,https://doi.org/10.1016/s0065-230x(09)02006-5,,,0,0
https://openalex.org/w2316811714,https://doi.org/10.1136/thoraxjnl-2013-204457.150,,,0,0
https://openalex.org/w2280297573,https://doi.org/10.3109/03009742.2015.1132760,,,0,0
https://openalex.org/w2041769222,https://doi.org/10.1007/s00251-013-0700-2,,,0,0
https://openalex.org/w2006258452,https://doi.org/10.1016/j.bbrc.2007.02.019,,,0,0
https://openalex.org/w2156932621,https://doi.org/10.1046/j.1468-3083.2001.00254.x,,,0,0
https://openalex.org/w1992727788,https://doi.org/10.1016/j.cyto.2010.07.390,,,0,0
https://openalex.org/w2523065620,https://doi.org/10.1111/jgh.13600,,,0,0
https://openalex.org/w2015799373,https://doi.org/10.1186/1755-8794-2-46,,,0,0
https://openalex.org/w2103928368,https://doi.org/10.3389/fimmu.2013.00142,,,0,0
https://openalex.org/w2011962897,https://doi.org/10.1159/000080876,,,0,0
https://openalex.org/w2011531068,https://doi.org/10.1159/000246315,,,0,0
https://openalex.org/w2526707275,,,,0,0
https://openalex.org/w1957368903,https://doi.org/10.1111/j.1479-8077.2004.00074.x,,,0,0
https://openalex.org/w2979110224,https://doi.org/10.4049/jimmunol.1801651,,,0,0
https://openalex.org/w2075797533,https://doi.org/10.3899/jrheum.091119,,,0,0
https://openalex.org/w2146002561,https://doi.org/10.1002/art.38966,,,0,0
https://openalex.org/w2094718603,https://doi.org/10.1097/rhu.0b013e31818277fb,,,0,0
https://openalex.org/w2018288904,https://doi.org/10.1159/000246486,,,0,0
https://openalex.org/w2031250084,https://doi.org/10.1007/s00281-014-0446-4,,,0,0
https://openalex.org/w2410338827,https://doi.org/10.1136/annrheumdis-2015-eular.5537,,,0,0
https://openalex.org/w2038608224,https://doi.org/10.1016/j.berh.2005.05.004,,,0,0
https://openalex.org/w2471402432,https://doi.org/10.1186/s13075-016-1065-3,,,1,1
https://openalex.org/w1988458651,https://doi.org/10.1038/icb.2012.10,,,0,0
https://openalex.org/w2169432046,https://doi.org/10.1136/annrheumdis-2012-201364,,,0,0
https://openalex.org/w2750587734,https://doi.org/10.1093/protein/gzx048,,,0,0
https://openalex.org/w2419392568,https://doi.org/10.1136/annrheumdis-2015-eular.4556,,,0,0
https://openalex.org/w2006173977,https://doi.org/10.1016/j.pmr.2008.12.003,,,0,0
https://openalex.org/w2063012893,https://doi.org/10.3816/ccc.2004.s.012,,,0,0
https://openalex.org/w2237254160,https://doi.org/10.1056/nejmoa1510016,,,0,0
https://openalex.org/w2586925874,https://doi.org/10.1080/08916934.2017.1280671,,,0,0
https://openalex.org/w2088052489,https://doi.org/10.1016/j.jaut.2015.04.002,,,1,1
https://openalex.org/w2407123387,,,,0,0
https://openalex.org/w2055772833,https://doi.org/10.1007/s11916-996-0011-5,,,0,0
https://openalex.org/w2119008187,https://doi.org/10.1182/blood-2004-10-4112,,,0,0
https://openalex.org/w130896527,https://doi.org/10.1007/978-1-4419-0901-5_2,,,0,0
https://openalex.org/w2168322480,https://doi.org/10.1053/jhep.1996.v23.pm0008621174,,,0,0
https://openalex.org/w2791629938,https://doi.org/10.1136/lupus-2018-abstract.28,,,0,0
https://openalex.org/w135819538,,,,1,1
https://openalex.org/w2970988642,https://doi.org/10.1182/bloodadvances.2019000631,,,0,0
https://openalex.org/w2048537061,https://doi.org/10.1089/jir.2011.0071,,,0,0
https://openalex.org/w2036181309,https://doi.org/10.1016/j.dld.2005.07.008,,,0,0
https://openalex.org/w2151533534,https://doi.org/10.1080/08916930701510962,,,0,0
https://openalex.org/w2963999797,https://doi.org/10.1002/art.41054,,,0,0
https://openalex.org/w2028664631,https://doi.org/10.1046/j.1440-1711.2002.01112.x,,,0,0
https://openalex.org/w1578789242,,,,0,0
https://openalex.org/w2620469989,https://doi.org/10.1016/j.cyto.2013.06.237,,,0,0
https://openalex.org/w2145770713,https://doi.org/10.1136/ard.2007.075283,,,0,0
https://openalex.org/w2114204948,https://doi.org/10.1182/blood-2010-05-284737,,,0,0
https://openalex.org/w2067006752,https://doi.org/10.3389/fimmu.2014.00145,,,0,0
https://openalex.org/w2158752737,https://doi.org/10.1046/j.1365-2141.2003.04304.x,,,0,0
https://openalex.org/w2737017044,https://doi.org/10.1371/journal.pone.0181015,,,0,0
https://openalex.org/w2069067625,https://doi.org/10.1016/j.bbi.2009.06.146,,,0,0
https://openalex.org/w2040705337,https://doi.org/10.1016/j.jbspin.2011.11.002,,,0,0
https://openalex.org/w2009707102,https://doi.org/10.1016/j.cyto.2009.07.136,,,0,0
https://openalex.org/w2017888326,https://doi.org/10.1002/1529-0131(199901)42:1<90::aid-anr12>3.0.co;2-a,,,0,0
https://openalex.org/w2031470419,https://doi.org/10.1111/j.1572-0241.2000.01715.x,,071-615-506-973-667,0,0
https://openalex.org/w1980149921,https://doi.org/10.1159/000234334,,,0,0
https://openalex.org/w2086961713,https://doi.org/10.1097/01.cnd.0000167480.39597.95,,,0,0
https://openalex.org/w2782975000,https://doi.org/10.1038/nrrheum.2017.221,,,0,0
https://openalex.org/w2019866017,https://doi.org/10.4065/mcp.2009.0503,,,0,0
https://openalex.org/w2016682431,https://doi.org/10.1517/14712598.2011.580272,,,0,0
https://openalex.org/w1964982194,https://doi.org/10.1016/j.trsl.2009.08.012,,,0,0
https://openalex.org/w2937600946,https://doi.org/10.1093/rheumatology/kez110.084,,,0,0
https://openalex.org/w2011854609,https://doi.org/10.1053/j.seminhematol.2007.04.005,,,0,0
https://openalex.org/w2064126141,https://doi.org/10.1002/stem.5530130105,,,0,0
https://openalex.org/w2519645451,https://doi.org/10.1002/art.39730,,,0,0
https://openalex.org/w2169231400,https://doi.org/10.1136/ard.2010.129627l,,,0,0
https://openalex.org/w2067730362,https://doi.org/10.3109/08820538.2011.588665,,,0,0
https://openalex.org/w2011084478,https://doi.org/10.1186/1741-7015-11-120,,,0,0
https://openalex.org/w2338216138,https://doi.org/10.1111/bjd.14699,,,0,0
https://openalex.org/w2397705629,https://doi.org/10.3760/cma.j.issn.0366-6999.20141337,,,0,0
https://openalex.org/w2145978988,https://doi.org/10.1038/sj.gene.6364408,,,1,1
https://openalex.org/w2770074253,https://doi.org/10.4049/jimmunol.196.supp.117.2,,,0,0
https://openalex.org/w2519016665,https://doi.org/10.1136/lupus-2016-000179.66,,,0,0
https://openalex.org/w2216916023,https://doi.org/10.1002/jmv.24456,,,0,0
https://openalex.org/w2768055017,https://doi.org/10.3390/brainsci7110148,,,0,0
https://openalex.org/w2151463001,https://doi.org/10.1182/blood-2007-05-089086,,,0,0
https://openalex.org/w2163769062,https://doi.org/10.3109/09273948.2013.829107,,,0,0
https://openalex.org/w2150049923,https://doi.org/10.1016/j.jaad.2004.11.051,,,0,0
https://openalex.org/w2112399254,https://doi.org/10.1007/s11481-010-9203-1,,,0,0
https://openalex.org/w2015027527,https://doi.org/10.1016/s0002-9394(14)74052-8,,,0,0
https://openalex.org/w2094370884,https://doi.org/10.1097/bor.0b013e32834b41d2,,,0,0
https://openalex.org/w1917768351,,,,0,0
https://openalex.org/w2044273094,https://doi.org/10.1159/000027325,,,0,0
https://openalex.org/w2170947210,https://doi.org/10.1093/rheumatology/39.6.585,,,0,0
https://openalex.org/w2146847386,https://doi.org/10.1136/ard.2010.129668o,,,0,0
https://openalex.org/w2172060710,https://doi.org/10.1007/s12016-013-8355-1,,,0,0
https://openalex.org/w2600023403,https://doi.org/10.1007/s00467-014-2904-6,,,0,0
https://openalex.org/w2008168145,https://doi.org/10.1016/j.pharmthera.2013.12.008,,,0,0
https://openalex.org/w2948019085,https://doi.org/10.1080/14712598.2019.1623875,,,0,0
https://openalex.org/w2165299754,https://doi.org/10.2967/jnumed.111.087460,,,0,0
https://openalex.org/w2954633327,,,,0,0
https://openalex.org/w2145272984,https://doi.org/10.1002/art.24449,,,0,0
https://openalex.org/w1970895045,https://doi.org/10.1038/nrrheum.2010.118,,,0,0
https://openalex.org/w2045984032,https://doi.org/10.1002/art.21930,,,0,0
https://openalex.org/w1565375185,https://doi.org/10.1016/s0002-9440(10)63976-4,,,0,0
https://openalex.org/w1987990744,https://doi.org/10.1136/ard.2010.129643u,,,0,0
https://openalex.org/w1543219913,,,,0,0
https://openalex.org/w2077865972,https://doi.org/10.1016/j.lpm.2014.04.005,,,0,0
https://openalex.org/w152687799,,,,0,0
https://openalex.org/w2084277876,https://doi.org/10.1038/nrgastro.2011.115,,,0,0
https://openalex.org/w2040872477,https://doi.org/10.1002/cncr.21386,,,0,0
https://openalex.org/w2030267441,https://doi.org/10.2165/11310550-000000000-00000,,,0,0
https://openalex.org/w2519285050,https://doi.org/10.1136/lupus-2016-000179.67,,,0,0
https://openalex.org/w2143038144,https://doi.org/10.1586/14737140.6.6.905,,,0,0
https://openalex.org/w2736460961,https://doi.org/10.1002/art.40158,,,0,1
https://openalex.org/w2733456605,https://doi.org/10.1177/0961203317716321,,,1,1
https://openalex.org/w139163323,,,,0,0
https://openalex.org/w4250913869,https://doi.org/10.1586/14750708.2.1.121,,,0,0
https://openalex.org/w2074020546,https://doi.org/10.1016/j.beha.2004.05.005,,,0,0
https://openalex.org/w2606479630,https://doi.org/10.1111/1756-185x.13084,,,0,0
https://openalex.org/w4246593781,https://doi.org/10.1111/imj.12547,,,0,0
https://openalex.org/w2791047119,https://doi.org/10.1159/000484686,,,0,0
https://openalex.org/w2021475867,https://doi.org/10.1016/s0049-0172(96)80034-5,,,0,0
https://openalex.org/w2947290897,https://doi.org/10.1136/annrheumdis-2019-eular.702,,,0,0
https://openalex.org/w2048107453,https://doi.org/10.1586/14737175.2014.962517,,,0,0
https://openalex.org/w2124585611,https://doi.org/10.1080/08916930701510905,,,0,0
https://openalex.org/w2024754639,https://doi.org/10.2165/00063030-200013050-00001,,,0,0
https://openalex.org/w2167823265,https://doi.org/10.1186/ar4364,,,0,0
https://openalex.org/w2137864060,https://doi.org/10.1016/0002-9343(92)90792-a,,,0,0
https://openalex.org/w2036217844,https://doi.org/10.1016/s0301-0546(09)71112-7,,,0,0
https://openalex.org/w2088074866,https://doi.org/10.1016/j.jbspin.2012.09.010,,,0,0
https://openalex.org/w323475104,https://doi.org/10.1016/j.cyto.2013.06.264,,,0,0
https://openalex.org/w2028959752,https://doi.org/10.1056/nejmoa022457,,,0,0
https://openalex.org/w2737228035,https://doi.org/10.3389/fmed.2017.00089,,,0,0
https://openalex.org/w2147962066,https://doi.org/10.1016/j.dld.2005.06.010,,,0,0
https://openalex.org/w98089928,https://doi.org/10.2340/00015555755456,,,0,0
https://openalex.org/w2046249269,https://doi.org/10.1111/j.1365-2362.2009.02154.x,,,0,0
https://openalex.org/w2062872171,https://doi.org/10.1177/0961203311398515,,,0,1
https://openalex.org/w2808369091,https://doi.org/10.1002/hep.23305,,,0,0
https://openalex.org/w2082044960,https://doi.org/10.1016/s0738-081x(99)00063-2,,,0,0
https://openalex.org/w1994794237,https://doi.org/10.1517/13543784.16.9.1467,,,0,0
https://openalex.org/w1827357955,https://doi.org/10.1002/acr.22917,,085-583-663-072-031,0,0
https://openalex.org/w2153660928,https://doi.org/10.2174/187153009787582441,,,0,0
https://openalex.org/w2069927148,https://doi.org/10.1016/0090-1229(86)90206-0,,,1,1
https://openalex.org/w2219897714,https://doi.org/10.1016/j.psyneuen.2015.12.015,,,0,0
https://openalex.org/w1964985725,https://doi.org/10.1182/blood-2009-11-253948,,,0,0
https://openalex.org/w2047567850,https://doi.org/10.1006/cyto.2001.0934,,,0,0
https://openalex.org/w2140084382,https://doi.org/10.1080/13685530600708573,,,0,0
https://openalex.org/w1999717002,https://doi.org/10.1097/01.icu.0000247411.59213.bb,,,0,0
https://openalex.org/w2130597744,https://doi.org/10.2174/1381612023396005,,,0,0
https://openalex.org/w2007607397,https://doi.org/10.1586/17474086.2013.841076,,,0,0
https://openalex.org/w2035337464,https://doi.org/10.1245/s10434-007-9389-5,,,0,0
https://openalex.org/w2949904276,https://doi.org/10.1136/annrheumdis-2019-eular.7112,,,0,0
https://openalex.org/w2766149988,https://doi.org/10.1016/j.jval.2018.04.1371,,,0,0
https://openalex.org/w2776519936,https://doi.org/10.1097/cad.0000000000000580,,,0,0
https://openalex.org/w2121591722,https://doi.org/10.1371/journal.pone.0037000,,,1,1
https://openalex.org/w202643114,,,,0,0
https://openalex.org/w2000684605,https://doi.org/10.1006/brbi.1995.1034,,,0,0
https://openalex.org/w2075648183,https://doi.org/10.1002/rmv.622,,,0,0
https://openalex.org/w2162154761,https://doi.org/10.4049/jimmunol.1203525,,,0,0
https://openalex.org/w2167981267,https://doi.org/10.1136/annrheumdis-2012-202552,,,1,1
https://openalex.org/w2088696861,https://doi.org/10.1074/jbc.m113.545871,,,0,0
https://openalex.org/w1998453567,https://doi.org/10.1080/02841860410018575,,,0,0
https://openalex.org/w1542129840,,,,0,0
https://openalex.org/w1969914325,https://doi.org/10.1002/ajh.20451,,,0,0
https://openalex.org/w2012594146,https://doi.org/10.1056/nejmra010200,,068-517-725-806-511,0,0
https://openalex.org/w2060527750,https://doi.org/10.1155/2012/780436,,,0,0
https://openalex.org/w1933674561,https://doi.org/10.1111/j.1365-2230.2010.03996.x,,,0,0
https://openalex.org/w2171925188,https://doi.org/10.1136/annrheumdis-2012-202684,,,0,0
https://openalex.org/w2101032357,https://doi.org/10.1016/s0140-6736(05)17701-0,,,0,0
https://openalex.org/w1972351511,https://doi.org/10.1016/j.bbi.2011.04.006,,,0,0
https://openalex.org/w2217383205,https://doi.org/10.1002/art.39543,,,0,1
https://openalex.org/w2551486662,https://doi.org/10.1016/j.clim.2016.09.015,,,0,0
https://openalex.org/w2413287206,,,,0,0
https://openalex.org/w1995134123,https://doi.org/10.1159/000077761,,,0,0
https://openalex.org/w227391040,https://doi.org/10.1182/blood.v122.21.1711.1711,,,0,0
https://openalex.org/w1979006521,https://doi.org/10.1002/1097-0142(19911001)68:7<1536::aid-cncr2820680713>3.0.co;2-b,,,0,0
https://openalex.org/w2805788731,https://doi.org/10.1186/s13075-018-1568-1,,,0,0
https://openalex.org/w2003842312,https://doi.org/10.5414/cnp73318,,,0,0
https://openalex.org/w2153035302,https://doi.org/10.3748/wjg.15.2305,,,0,0
https://openalex.org/w2107391304,https://doi.org/10.1186/ar4344,,,1,1
https://openalex.org/w2019041693,https://doi.org/10.1159/000018010,,,0,0
https://openalex.org/w1498499351,https://doi.org/10.1111/j.1440-1746.2011.06890.x,,,0,0
https://openalex.org/w4298350629,,,,0,0
https://openalex.org/w2324698351,https://doi.org/10.1093/toxsci/kfv137,,,0,0
https://openalex.org/w2031971245,https://doi.org/10.1089/107999003321532475,,,0,0
https://openalex.org/w2090663229,https://doi.org/10.1038/nrg2751,,,0,0
https://openalex.org/w2590088186,https://doi.org/10.1007/s11882-017-0680-7,,,0,0
https://openalex.org/w1977054607,https://doi.org/10.1038/gene.2010.29,,,0,0
https://openalex.org/w2414225546,https://doi.org/10.4238/2015.october.5.8,,,0,0
https://openalex.org/w2075715794,https://doi.org/10.1016/j.clim.2012.03.005,,,0,0
https://openalex.org/w2083565693,https://doi.org/10.1016/s0887-7963(05)80029-x,,,0,0
https://openalex.org/w2701863633,https://doi.org/10.1159/000477336,,,0,0
https://openalex.org/w217308739,,,,0,0
https://openalex.org/w1996926814,https://doi.org/10.2332/allergolint.r-07-144,,,0,0
https://openalex.org/w2897296894,https://doi.org/10.1161/circulationaha.118.035400,,,0,0
https://openalex.org/w2158432938,https://doi.org/10.4049/jimmunol.180.2.1276,,,0,0
https://openalex.org/w2409055599,,,,0,0
https://openalex.org/w2334313584,https://doi.org/10.1097/bor.0b013e328349fd30,,,0,0
https://openalex.org/w4210567746,https://doi.org/10.2165/00042310-200824080-00004,,,0,0
https://openalex.org/w1935595579,https://doi.org/10.1111/j.1365-4632.2011.05315.x,,,0,0
https://openalex.org/w2059629837,https://doi.org/10.1038/nm1208-1319,,054-376-075-112-248,0,0
https://openalex.org/w2339286244,https://doi.org/10.1038/srep24477,,,0,0
https://openalex.org/w2792949427,https://doi.org/10.1158/1078-0432.ccr-17-3436,,,0,0
https://openalex.org/w1985469636,https://doi.org/10.2174/1574886311308030011,,,0,0
https://openalex.org/w2409465566,,,,0,0
https://openalex.org/w2570522350,https://doi.org/10.1177/0962280216684528,,,0,0
https://openalex.org/w3148832087,https://doi.org/10.1111/1756-185x.12962,,,0,0
https://openalex.org/w2282800417,https://doi.org/10.1186/s13075-016-0946-9,,,1,1
https://openalex.org/w2467262007,,,,0,0
https://openalex.org/w2099795207,https://doi.org/10.1517/14656566.2011.524928,,,0,0
https://openalex.org/w2405297260,,,,0,0
https://openalex.org/w1510010091,https://doi.org/10.1007/s00277-002-0576-y,,,0,0
https://openalex.org/w2135998358,https://doi.org/10.1093/rheumatology/ket294,,,0,1
https://openalex.org/w4313356643,https://doi.org/10.4049/jimmunol.194.supp.186.4,,,0,0
https://openalex.org/w2050508296,https://doi.org/10.1038/sj.mp.4002148,,,0,0
https://openalex.org/w2034359028,https://doi.org/10.1080/08916930701464764,,,0,0
https://openalex.org/w2908841441,https://doi.org/10.1136/annrheumdis-2018-214991,,,0,0
https://openalex.org/w2079247364,https://doi.org/10.1093/ndt/10.supp6.27,,,0,0
https://openalex.org/w2013602610,https://doi.org/10.1016/j.clindermatol.2010.09.025,,,0,0
https://openalex.org/w2136631930,https://doi.org/10.4049/jimmunol.0900255,,,0,0
https://openalex.org/w2416217061,,,,0,0
https://openalex.org/w2417690393,https://doi.org/10.1016/s0889-857x(21)00927-3,,,0,0
https://openalex.org/w4234958744,https://doi.org/10.1038/ajg.2012.273,,,0,0
https://openalex.org/w2086776073,https://doi.org/10.1111/j.1479-8077.2004.00079.x,,,0,0
https://openalex.org/w1547952962,https://doi.org/10.3390/ijms160716330,,,0,0
https://openalex.org/w1980400099,https://doi.org/10.1016/j.ddstr.2004.10.009,,,0,0
https://openalex.org/w2161607058,https://doi.org/10.1001/archinte.164.12.1275,,,0,0
https://openalex.org/w2044642929,https://doi.org/10.1016/j.ddstr.2007.08.005,,,0,0
https://openalex.org/w2089770978,https://doi.org/10.1002/art.23868,,,0,0
https://openalex.org/w4301972887,https://doi.org/10.1111/j.1756-185x.2012.01772.x,,,0,0
https://openalex.org/w2036499628,https://doi.org/10.1111/j.1365-2230.2006.02150.x,,,0,1
https://openalex.org/w2003614717,https://doi.org/10.1038/ni.3143,,,0,0
https://openalex.org/w2069385366,https://doi.org/10.1002/eji.200838362,,,0,1
https://openalex.org/w1990862880,https://doi.org/10.1016/j.cyto.2010.07.107,,,0,0
https://openalex.org/w2110247212,https://doi.org/10.2217/thy.09.16,,,0,0
https://openalex.org/w2060733794,https://doi.org/10.1097/bor.0b013e32833d110a,,,0,0
https://openalex.org/w2886223750,https://doi.org/10.1038/s41584-018-0071-z,,046-120-776-807-860,0,0
https://openalex.org/w2137248870,https://doi.org/10.3109/09273948.2011.644383,,,0,0
https://openalex.org/w2940207520,https://doi.org/10.1136/lupus-2019-lsm.131,,,0,0
https://openalex.org/w2599956086,https://doi.org/10.1007/s00281-017-0622-4,,,0,0
https://openalex.org/w2444379821,https://doi.org/10.1056/nejm198401123100219,,,0,0
https://openalex.org/w2554414013,https://doi.org/10.1136/annrheumdis-2016-eular.3371,,,0,0
https://openalex.org/w2951595510,https://doi.org/10.1136/annrheumdis-2019-eular.8422,,,0,0
https://openalex.org/w2153806767,https://doi.org/10.2217/pgs.11.115,,,0,0
https://openalex.org/w2369620788,https://doi.org/10.1080/13543784.2016.1181751,,,0,0
https://openalex.org/w2089737288,https://doi.org/10.1186/ar2341,,,0,0
https://openalex.org/w2794210626,https://doi.org/10.1136/annrheumdis-2018-ewrr2018.106,,,0,0
https://openalex.org/w2416410177,https://doi.org/10.3760/cma.j.issn.0366-6999.2012.22.019,,,0,0
https://openalex.org/w2041669657,https://doi.org/10.1038/nri702,,,0,0
https://openalex.org/w2171897475,https://doi.org/10.1080/08916930701511051,,,0,0
https://openalex.org/w2411050918,,,,0,0
https://openalex.org/w2300719545,https://doi.org/,,,0,0
https://openalex.org/w2061217789,https://doi.org/10.1038/nm1585,,,0,0
https://openalex.org/w2263478463,https://doi.org/10.1016/j.autrev.2016.01.013,,,0,0
https://openalex.org/w2133920312,https://doi.org/10.2174/138161212799040501,,,0,0
https://openalex.org/w2001193255,https://doi.org/10.1097/bor.0b013e3282f4b392,,,0,0
https://openalex.org/w2076506982,https://doi.org/10.1080/08916930310001624665,,,0,0
https://openalex.org/w1490282767,https://doi.org/10.1111/j.1572-0241.2004.30798.x,,,0,0
https://openalex.org/w2745007749,https://doi.org/10.1007/s40257-017-0312-y,,,0,0
https://openalex.org/w2769286700,,,,0,0
https://openalex.org/w2752296305,https://doi.org/10.1093/rheumatology/kex062.002,,,0,0
https://openalex.org/w4300550981,https://doi.org/10.1007/s00415-011-6026-9,,,0,0
https://openalex.org/w2011147029,https://doi.org/10.1097/cad.0b013e3282f444de,,,0,0
https://openalex.org/w1970323102,https://doi.org/10.1006/cimm.1993.1023,,,0,0
https://openalex.org/w2087092768,https://doi.org/10.2174/1568011043352803,,,0,0
https://openalex.org/w2115983318,https://doi.org/10.1590/s0482-50042012000400012,,,0,0
https://openalex.org/w2606613943,https://doi.org/10.1093/rheumatology/kex060,,,0,0
https://openalex.org/w2959744610,https://doi.org/10.3389/fimmu.2019.01663,,,0,0
https://openalex.org/w2077010344,https://doi.org/10.1002/eji.1830240203,,,0,0
https://openalex.org/w2013264298,https://doi.org/10.1111/j.1365-4632.2006.02713.x,,,0,0
https://openalex.org/w3175641405,https://doi.org/10.1096/fasebj.27.1_supplement.1166.11,,,0,0
https://openalex.org/w2261086347,https://doi.org/10.2174/1389450117666160208145432,,,0,0
https://openalex.org/w2034808278,https://doi.org/10.1002/art.21819,,,0,0
https://openalex.org/w3698395,https://doi.org/10.1016/j.cyto.2014.07.040,,,0,0
https://openalex.org/w324252369,,,,0,0
https://openalex.org/w2769934497,https://doi.org/10.1155/2017/4927376,,,0,0
https://openalex.org/w2043236453,https://doi.org/10.1016/j.it.2004.05.001,,001-685-482-111-273,0,0
https://openalex.org/w2066304602,https://doi.org/10.1016/j.semarthrit.2005.07.003,,,0,0
https://openalex.org/w1798064137,https://doi.org/10.1002/art.38301,,,0,0
https://openalex.org/w2168011261,https://doi.org/10.1080/109158100224908,,,0,0
https://openalex.org/w2732476823,https://doi.org/10.1002/art.39950,,,1,1
https://openalex.org/w2807438420,https://doi.org/10.1093/rheumatology/key159,,,0,0
https://openalex.org/w4241305894,https://doi.org/10.2165/00128071-200203050-00008,,,0,0
https://openalex.org/w4206445082,https://doi.org/10.1212/01.con.0000403795.20914.6c,,,0,0
https://openalex.org/w2972119535,https://doi.org/10.1002/art.41096,,,0,0
https://openalex.org/w2000035855,https://doi.org/10.1007/s12272-010-0618-2,,,0,0
https://openalex.org/w2176745654,https://doi.org/10.1038/aps.2015.91,,,0,0
https://openalex.org/w2088734704,https://doi.org/10.1006/clin.1996.4294,,,0,0
https://openalex.org/w2756046652,https://doi.org/10.1016/j.clindermatol.2017.06.004,,,0,0
https://openalex.org/w2314874120,https://doi.org/10.2174/187152709788680670,,,0,0
https://openalex.org/w2765959180,https://doi.org/10.3389/fimmu.2017.01268,,,0,0
https://openalex.org/w2093785176,https://doi.org/10.1182/blood-2009-04-216085,,,0,0
https://openalex.org/w2150904528,https://doi.org/10.4161/cc.7.12.6162,,,0,0
https://openalex.org/w2071097256,https://doi.org/10.1007/s11940-008-0021-1,,,0,0
https://openalex.org/w1751112304,https://doi.org/10.1111/j.1572-0241.2008.02161_13.x,,034-663-987-731-312,0,0
https://openalex.org/w2769623319,https://doi.org/10.1002/cpt.938,,,0,0
https://openalex.org/w3052833950,https://doi.org/10.1177/0961203313476777,,,0,0
https://openalex.org/w2170666555,https://doi.org/10.1186/1742-2094-11-30,,,0,0
https://openalex.org/w2060020151,https://doi.org/10.1111/j.1756-185x.2012.01764.x,,,0,0
https://openalex.org/w2099326967,https://doi.org/10.3310/hta9260,,,0,0
https://openalex.org/w1966593626,https://doi.org/10.1002/bies.20808,,,0,0
https://openalex.org/w4292088649,https://doi.org/10.1002/eji.201670200,,,0,0
https://openalex.org/w2126614064,https://doi.org/10.1016/j.cair.2005.06.003,,,0,0
https://openalex.org/w2139773897,https://doi.org/10.1053/j.gastro.2015.08.035,,,0,0
https://openalex.org/w2164659754,https://doi.org/10.1177/0961203311429116,,,0,0
https://openalex.org/w2408727204,,,,0,0
https://openalex.org/w2423989682,https://doi.org/10.1097/bor.0000000000000311,,,0,0
https://openalex.org/w2805951774,https://doi.org/10.1111/ijd.14064,,,0,0
https://openalex.org/w2121256913,https://doi.org/10.1086/313718,,,0,0
https://openalex.org/w2520089444,https://doi.org/10.1007/s13317-016-0086-x,,,0,0
https://openalex.org/w2794640255,https://doi.org/10.1186/s12974-018-1063-2,,,0,0
https://openalex.org/w2123129990,https://doi.org/10.1016/s0149-2918(97)80042-2,,,0,0
https://openalex.org/w2150210392,https://doi.org/10.1242/jcs.162735,,,0,0
https://openalex.org/w2041617875,https://doi.org/10.1097/bor.0b013e32832fd69e,,,0,0
https://openalex.org/w2141988356,https://doi.org/10.1093/cid/cit074,,,0,0
https://openalex.org/w2187916860,,,,0,0
https://openalex.org/w2746792105,https://doi.org/10.1136/annrheumdis-2017-eular.1678,,025-979-197-168-996,0,0
https://openalex.org/w2045696999,https://doi.org/10.1016/j.rdc.2009.12.008,,,0,0
https://openalex.org/w2109032279,,,,0,0
https://openalex.org/w2157650083,https://doi.org/10.1634/theoncologist.2010-0212,,,0,0
https://openalex.org/w2059782983,https://doi.org/10.1136/jnnp.2006.097873,,181-305-231-436-997,0,0
https://openalex.org/w2144655527,https://doi.org/10.1371/journal.pone.0043317,,,0,0
https://openalex.org/w2081654497,https://doi.org/10.3748/wjg.14.5377,,,0,0
https://openalex.org/w2017741368,https://doi.org/10.1517/14712598.8.3.255,,,0,0
https://openalex.org/w1524996852,https://doi.org/10.1016/s0755-4982(05)84079-5,,,0,0
https://openalex.org/w2322721602,https://doi.org/10.1136/annrheumdis-2012-eular.2255,,,0,0
https://openalex.org/w2411432990,,,,0,0
https://openalex.org/w2045349641,https://doi.org/10.1016/j.immuni.2013.07.007,,,0,0
https://openalex.org/w2162163635,https://doi.org/10.1016/j.thorsurg.2012.10.004,,,0,0
https://openalex.org/w1977761485,https://doi.org/10.1007/s10875-014-9987-5,,,0,0
https://openalex.org/w2049292063,https://doi.org/10.1111/j.1365-2133.1995.tb02713.x,,,0,0
https://openalex.org/w2101770233,https://doi.org/10.1345/aph.1k037,,,0,0
https://openalex.org/w2052916881,https://doi.org/10.1016/j.cyto.2010.07.189,,,0,0
https://openalex.org/w2102207668,https://doi.org/10.1136/ard.2010.129643w,,,0,0
https://openalex.org/w1978635228,https://doi.org/10.1007/s00109-013-1061-x,,,0,0
https://openalex.org/w2156447034,https://doi.org/10.1016/j.ctrv.2007.09.003,,,0,0
https://openalex.org/w2017082271,https://doi.org/10.1191/0961203306lu2332oa,,,0,0
https://openalex.org/w2326597010,https://doi.org/10.1007/bf02208597,,,0,0
https://openalex.org/w2734809731,https://doi.org/10.1080/09273948.2017.1332768,,,0,0
https://openalex.org/w1994030402,https://doi.org/10.2217/ijr.09.72,,,0,0
https://openalex.org/w1979925150,https://doi.org/10.1016/j.tips.2010.10.004,,,0,0
https://openalex.org/w2009559353,https://doi.org/10.1517/eoph.4.4.541.22236,,,0,0
https://openalex.org/w2051402638,https://doi.org/10.1200/jco.2009.26.6908,,,0,0
https://openalex.org/w2014014913,https://doi.org/10.1007/s00535-007-2090-4,,,0,0
https://openalex.org/w2909054530,https://doi.org/10.1136/annrheumdis-2018-eular.7782,,,0,0
https://openalex.org/w2415152759,https://doi.org/10.3748/wjg.v21.i42.11974,,,0,0
https://openalex.org/w1993120071,https://doi.org/10.3109/03009748109102874,,,0,0
https://openalex.org/w2272044596,https://doi.org/10.2146/ajhp140768,,,0,0
https://openalex.org/w2020203508,https://doi.org/10.1111/j.0906-6705.2004.00208.x,,,0,0
https://openalex.org/w2107372909,https://doi.org/10.1046/j.1365-2133.2002.48901.x,,,0,0
https://openalex.org/w2012385611,https://doi.org/10.1002/art.1780270523,,,1,1
https://openalex.org/w2003999282,https://doi.org/10.1016/s0049-3848(14)50341-6,,,0,0
https://openalex.org/w2495245335,https://doi.org/10.1038/nrrheum.2016.125,,,0,0
https://openalex.org/w2331692467,https://doi.org/10.2165/00024669-200302060-00005,,,0,0
https://openalex.org/w2138809149,https://doi.org/10.3109/08830185.2013.879711,,,0,0
https://openalex.org/w2055143505,https://doi.org/10.1007/s10072-014-1919-x,,,0,0
https://openalex.org/w2004035049,https://doi.org/10.1126/scitranslmed.3005727,,,0,0
https://openalex.org/w1857511707,https://doi.org/10.1016/j.berh.2015.04.033,,,0,0
https://openalex.org/w2330469347,https://doi.org/10.1097/00043426-200003000-00021,,,0,0
https://openalex.org/w1997963127,https://doi.org/10.1126/scitranslmed.3002138,,,0,0
https://openalex.org/w1974973760,https://doi.org/10.1007/bf02208992,,,0,0
https://openalex.org/w2037245410,https://doi.org/10.1590/abd1806-4841.20152890,,,0,0
https://openalex.org/w136400593,,,,0,0
https://openalex.org/w1992072154,https://doi.org/10.1517/14712598.7.4.461,,,0,0
https://openalex.org/w1989664377,https://doi.org/10.1016/j.jdermsci.2009.08.006,,,0,0
https://openalex.org/w2099172368,https://doi.org/10.4049/jimmunol.176.10.6022,,,0,0
https://openalex.org/w2073318354,https://doi.org/10.1016/j.cyto.2011.07.402,,,0,0
https://openalex.org/w2069085846,https://doi.org/10.1016/j.autrev.2013.03.010,,,0,0
https://openalex.org/w2161672414,https://doi.org/10.1126/scitranslmed.3006277,,,0,0
https://openalex.org/w2180894277,https://doi.org/10.2217/ijr.15.33,,,0,0
https://openalex.org/w2129400639,https://doi.org/10.1185/030079905x65510,,,0,0
https://openalex.org/w2070359556,https://doi.org/10.1371/journal.pmed.0030491,,,1,1
https://openalex.org/w2155765482,https://doi.org/10.1177/0961203310376639,,,0,0
https://openalex.org/w2049827120,https://doi.org/10.1385/criai:28:3:177,,,0,0
https://openalex.org/w2266967029,https://doi.org/10.1038/530157a,,,0,0
https://openalex.org/w2076469455,https://doi.org/10.1016/j.jaad.2012.04.018,,,0,0
https://openalex.org/w2906822636,https://doi.org/10.4274/tjo.50146,,,0,0
https://openalex.org/w1967345289,https://doi.org/10.1007/s00296-005-0051-x,,,0,0
https://openalex.org/w4366714570,https://doi.org/10.1358/dof.2015.040.09.2377844,,,0,0
https://openalex.org/w2562917375,https://doi.org/10.1016/j.actbio.2016.12.029,,,0,0
https://openalex.org/w2182179901,,,,0,0
https://openalex.org/w2522977978,https://doi.org/10.1016/j.cyto.2013.06.219,,,0,0
https://openalex.org/w2308059048,https://doi.org/10.1136/annrheumdis-2015-208562,,,0,0
https://openalex.org/w4233163092,https://doi.org/10.1093/rheumatology/keg287,,,0,0
https://openalex.org/w2096012548,https://doi.org/10.2174/092986707780597907,,,0,0
https://openalex.org/w2418601179,https://doi.org/10.1097/bor.0000000000000237,,,0,0
https://openalex.org/w2021420393,https://doi.org/10.1016/j.clim.2009.09.002,,,0,0
https://openalex.org/w1969363268,https://doi.org/10.1111/j.1346-8138.2005.tb00842.x,,,0,0
https://openalex.org/w1979873165,https://doi.org/10.1007/s00467-011-1873-2,,,0,0
https://openalex.org/w2149410494,https://doi.org/10.1378/chest.101.5.1326,,,0,0
https://openalex.org/w2145831298,https://doi.org/10.1136/ard.2010.149013.31,,,0,0
https://openalex.org/w2739813590,https://doi.org/10.2217/bmm-2016-0379,,,0,0
https://openalex.org/w1985774086,https://doi.org/10.2165/00063030-200317030-00002,,,0,0
https://openalex.org/w2622451315,https://doi.org/10.1177/0961203317713144,,,0,0
https://openalex.org/w2116537270,https://doi.org/10.1111/hepr.12139,,,0,0
https://openalex.org/w2005054491,https://doi.org/10.1097/cco.0000000000000013,,,0,0
https://openalex.org/w2117322594,https://doi.org/10.1002/1529-0131(199902)42:2<299::aid-anr12>3.0.co;2-r,,,0,0
https://openalex.org/w2024523960,https://doi.org/10.1016/j.clim.2013.04.017,,,0,0
https://openalex.org/w2950317394,https://doi.org/10.1136/annrheumdis-2019-eular.5640,,,0,0
https://openalex.org/w2792531399,https://doi.org/10.1093/rheumatology/kex490,,,1,1
https://openalex.org/w2324107865,https://doi.org/10.1097/00004836-200305000-00020,,,0,0
https://openalex.org/w2038655643,https://doi.org/10.1023/b:ddas.0000026389.56819.0c,,,0,0
https://openalex.org/w2937075779,https://doi.org/10.1136/lupus-2019-lsm.287,,,0,0
https://openalex.org/w2025369099,https://doi.org/10.1007/s40265-013-0055-x,,,0,0
https://openalex.org/w2055090320,https://doi.org/10.1586/ern.09.11,,,0,0
https://openalex.org/w1994932727,https://doi.org/10.1002/art.27294,,,1,1
https://openalex.org/w2885090944,https://doi.org/10.1016/j.jaut.2018.08.003,,,0,0
https://openalex.org/w2028625101,https://doi.org/10.1016/j.cyto.2009.07.497,,,0,0
https://openalex.org/w1193814196,https://doi.org/10.1038/srep12987,,,0,0
https://openalex.org/w2117109926,https://doi.org/10.1016/j.rmed.2010.03.018,,,0,0
https://openalex.org/w1999504445,https://doi.org/10.1517/14656566.5.2.317,,,0,0
https://openalex.org/w2056287037,https://doi.org/10.1007/s00403-013-1374-1,,,0,0
https://openalex.org/w2030810826,https://doi.org/10.1517/14712598.7.8.1257,,,0,0
https://openalex.org/w2131895095,https://doi.org/10.1136/jnnp.2008.158303,,,0,0
https://openalex.org/w2395546240,https://doi.org/10.1097/00005792-200001000-00005,,,0,0
https://openalex.org/w2113505947,https://doi.org/10.1093/annonc/mdv170,,,0,0
https://openalex.org/w2151830327,https://doi.org/10.1158/1078-0432.ccr-09-0379,,,0,0
https://openalex.org/w2084793159,https://doi.org/10.1590/1414-431x20144110,,,0,0
https://openalex.org/w2129191899,https://doi.org/10.1186/ar4448,,,1,1
https://openalex.org/w1985597347,https://doi.org/10.1016/j.cyto.2011.07.334,,,0,0
https://openalex.org/w2037718579,https://doi.org/10.1159/000070195,,,0,0
https://openalex.org/w2045099884,https://doi.org/10.1002/art.24414,,,0,0
https://openalex.org/w2160764326,https://doi.org/10.1517/17425255.2012.673585,,,0,0
https://openalex.org/w2117753925,https://doi.org/10.1086/340862,,,0,0
https://openalex.org/w2010990355,https://doi.org/10.1046/j.1365-2249.2003.02128.x,,,0,0
https://openalex.org/w2411762692,https://doi.org/10.1080/1120009x.1990.11739035,,,0,0
https://openalex.org/w2327444143,https://doi.org/10.1016/j.toxlet.2012.03.490,,,0,0
https://openalex.org/w2415189052,,,,0,0
https://openalex.org/w3134699151,https://doi.org/10.1002/art.1780240309,,,0,0
https://openalex.org/w2016553185,https://doi.org/10.1002/art.30319,,,0,0
https://openalex.org/w2223265838,,,,0,0
https://openalex.org/w2010692791,https://doi.org/10.1007/s10165-011-0529-1,,,0,0
https://openalex.org/w1962322821,https://doi.org/10.4049/jimmunol.1302112,,,0,1
https://openalex.org/w2073260686,https://doi.org/10.1016/j.cld.2004.02.007,,,0,0
https://openalex.org/w2315119354,https://doi.org/10.1136/annrheumdis-2013-eular.2764,,,0,0
https://openalex.org/w2069329981,https://doi.org/10.1001/archdermatol.2012.125,,,0,0
https://openalex.org/w2091533096,https://doi.org/10.1016/j.preteyeres.2007.09.002,,,0,0
https://openalex.org/w2050293120,https://doi.org/10.1016/j.clim.2010.02.013,,,0,0
https://openalex.org/w2098363800,https://doi.org/10.1586/eci.11.77,,,0,0
https://openalex.org/w4235673640,https://doi.org/10.1056/nejm199910213411707,,107-165-161-407-502,0,0
https://openalex.org/w2885309985,https://doi.org/10.1073/pnas.1806239115,,,0,0
https://openalex.org/w1151108630,https://doi.org/10.1016/j.mce.2015.08.003,,,0,0
https://openalex.org/w2601428028,https://doi.org/10.1007/s00109-017-1515-7,,,0,0
https://openalex.org/w2411663545,,,,0,0
https://openalex.org/w2072683499,https://doi.org/10.2174/138955706776876131,,,0,0
https://openalex.org/w2314624306,https://doi.org/10.1136/annrheumdis-2012-eular.1644,,,0,0
https://openalex.org/w2047859232,https://doi.org/10.1046/j.1365-2567.1999.00712.x,,,0,0
https://openalex.org/w2011000602,https://doi.org/10.1016/j.jneuroim.2008.12.008,,,0,0
https://openalex.org/w2005997637,https://doi.org/10.1016/j.lpm.2013.01.011,,,0,0
https://openalex.org/w2317591014,https://doi.org/10.2174/187152212800388987,,,0,0
https://openalex.org/w2057832841,https://doi.org/10.1016/j.imbio.2010.05.023,,,0,0
https://openalex.org/w1975817394,https://doi.org/10.1016/s0171-2985(86)80108-5,,,0,0
https://openalex.org/w2418360683,https://doi.org/10.1136/annrheumdis-2015-eular.5182,,,0,0
https://openalex.org/w2003963592,https://doi.org/10.1007/s11916-007-0005-y,,,0,0
https://openalex.org/w1619837680,https://doi.org/10.4049/jimmunol.194.supp.68.6,,,0,0
https://openalex.org/w2413796731,,,,0,0
https://openalex.org/w1999976969,https://doi.org/10.1023/b:drug.0000006178.32718.22,,,0,0
https://openalex.org/w1987912134,https://doi.org/10.1111/j.1749-6632.2002.tb04229.x,,,0,0
https://openalex.org/w4292526959,https://doi.org/10.1159/000368945,,,0,0
https://openalex.org/w2748190516,https://doi.org/10.1186/s12969-017-0193-x,,,0,0
https://openalex.org/w2586078336,https://doi.org/10.1182/blood.v116.21.3694.3694,,,0,0
https://openalex.org/w2088015974,https://doi.org/10.1016/s0168-8278(96)80304-7,,,0,0
https://openalex.org/w2147828369,https://doi.org/10.1111/j.1610-0387.2008.06831.x,,,0,0
https://openalex.org/w4229859386,https://doi.org/10.1002/(sici)1096-9896(200002)190:3<330::aid-path588>3.0.co;2-4,,,0,0
https://openalex.org/w2024752352,https://doi.org/10.1007/s11899-006-0025-4,,,0,0
https://openalex.org/w2085013699,https://doi.org/10.1007/s10067-004-1024-2,,,0,0
https://openalex.org/w2151763899,,,,0,0
https://openalex.org/w2523695427,https://doi.org/10.1126/scisignal.aaf1933,,,0,0
https://openalex.org/w2167148424,https://doi.org/10.1042/bst0360453,,,0,0
https://openalex.org/w168973904,https://doi.org/10.1016/j.cyto.2014.07.241,,,0,0
https://openalex.org/w2911804973,https://doi.org/10.1016/j.jaad.2006.02.058,,,0,0
https://openalex.org/w2158534453,https://doi.org/10.3390/ijms150916381,,,0,0
https://openalex.org/w2762876609,https://doi.org/10.4049/jimmunol.194.supp.207.4,,,0,0
https://openalex.org/w2108409964,https://doi.org/10.3389/fonc.2012.00013,,,0,0
https://openalex.org/w2770153712,https://doi.org/10.1016/j.jaut.2017.11.004,,,0,0
https://openalex.org/w2140932173,https://doi.org/10.1136/annrheumdis-2013-204845,,,0,0
https://openalex.org/w2064380571,https://doi.org/10.2174/157489106778777637,,,0,0
https://openalex.org/w2727758498,https://doi.org/10.1080/17474086.2017.1349607,,,0,0
https://openalex.org/w2038386566,https://doi.org/10.1590/s0100-879x2005001200001,,,0,0
https://openalex.org/w2415480310,,,,0,0
https://openalex.org/w2029865607,https://doi.org/10.1016/j.clim.2004.06.005,,,0,0
https://openalex.org/w2596531042,https://doi.org/10.1186/s13075-017-1257-5,,,0,0
https://openalex.org/w2013278685,https://doi.org/10.1590/s0004-282x2012000100012,,,0,0
https://openalex.org/w2172205289,https://doi.org/10.1586/1744666x.2014.872561,,,0,0
https://openalex.org/w2800854279,https://doi.org/10.1016/j.immuni.2018.04.003,,,0,0
https://openalex.org/w2904835103,https://doi.org/10.1007/s00296-018-4224-9,,,0,0
https://openalex.org/w1775953765,,,,0,0
https://openalex.org/w2027252271,https://doi.org/10.1016/j.rdc.2005.09.002,,,0,0
https://openalex.org/w2045619985,https://doi.org/10.1002/1097-4652(200002)186:2<168::aid-jcp1022>3.0.co;2-m,,,0,0
https://openalex.org/w1514049966,https://doi.org/10.1186/1471-2172-2-10,,,0,0
https://openalex.org/w2004321062,https://doi.org/10.1177/0141076814534407,,,0,0
https://openalex.org/w2095319768,https://doi.org/10.1111/1756-185x.12289,,,0,0
https://openalex.org/w2047531521,https://doi.org/10.1016/j.clinthera.2012.07.003,,,0,0
https://openalex.org/w2144679801,https://doi.org/10.1136/ard.2010.147199,,,1,1
https://openalex.org/w2013828201,https://doi.org/10.1002/cncr.20009,,,0,0
https://openalex.org/w2046344104,https://doi.org/10.1007/bf02284064,,,0,0
https://openalex.org/w2110266296,https://doi.org/10.1186/s12929-014-0110-2,,,0,0
https://openalex.org/w2098731039,https://doi.org/10.1186/1741-7015-10-66,,,0,0
https://openalex.org/w2129767605,https://doi.org/10.1016/s0140-6736(97)06088-1,,,0,0
https://openalex.org/w2008515265,https://doi.org/10.3390/antib2030426,,,0,0
https://openalex.org/w2949136790,https://doi.org/10.1080/14737175.2019.1627201,,,0,0
https://openalex.org/w2016343494,https://doi.org/10.1159/000171594,,,0,0
https://openalex.org/w2022771973,https://doi.org/10.1016/s0889-857x(05)70013-2,,,0,0
https://openalex.org/w2229308705,https://doi.org/10.1159/000442667,,,0,0
https://openalex.org/w1545713193,https://doi.org/10.4049/jimmunol.1400486,,,0,0
https://openalex.org/w1996493107,https://doi.org/10.7326/0003-4819-129-5-199809010-00004,,,0,0
https://openalex.org/w2292753719,https://doi.org/10.1586/17474124.2016.1143775,,,0,0
https://openalex.org/w2010612224,https://doi.org/10.1097/bor.0b013e3282ff0d51,,022-905-013-646-48X,0,0
https://openalex.org/w2017796442,https://doi.org/10.1016/j.ccm.2012.01.003,,,0,0
https://openalex.org/w1548502467,https://doi.org/10.1111/cei.12432,,,0,0
https://openalex.org/w2754487480,https://doi.org/10.1182/blood-2017-07-795054,,,0,0
https://openalex.org/w2939730063,https://doi.org/10.1007/s13671-019-0255-z,,,0,0
https://openalex.org/w2125021719,https://doi.org/10.1111/imm.12504,,,0,0
https://openalex.org/w2030819346,https://doi.org/10.1016/j.berh.2009.01.008,,,0,0
https://openalex.org/w1991829303,https://doi.org/10.1517/14656560802457749,,,0,0
https://openalex.org/w2610815709,https://doi.org/10.1007/s11926-017-0657-5,,,0,0
https://openalex.org/w2141654526,https://doi.org/10.1016/s0753-3322(01)00162-7,,,0,0
https://openalex.org/w1485056522,,,,0,0
https://openalex.org/w2417046994,https://doi.org/10.1080/030097400750041334,,,0,0
https://openalex.org/w2100230706,https://doi.org/10.1146/annurev-immunol-030409-101221,,,0,0
https://openalex.org/w2804446962,https://doi.org/10.1007/s10067-018-4138-7,,,1,1
https://openalex.org/w2103540095,https://doi.org/10.1155/2011/432595,,,0,0
https://openalex.org/w2098015378,https://doi.org/10.1002/art.1780330302,,,0,0
https://openalex.org/w1598330158,https://doi.org/10.1002/art.38001,,,0,0
https://openalex.org/w1985126174,https://doi.org/10.1097/cji.0b013e31821dcefd,,,0,0
https://openalex.org/w2127324183,https://doi.org/10.1136/ard.2010.129643i,,,0,0
https://openalex.org/w2254527099,https://doi.org/10.1586/17512433.2016.1145543,,,0,0
https://openalex.org/w1573224779,,,,0,0
https://openalex.org/w2043790076,https://doi.org/10.1016/j.cyto.2012.06.254,,,0,0
https://openalex.org/w2023087617,https://doi.org/10.1111/j.1610-0387.2007.06074.x,,,0,0
https://openalex.org/w2097356332,https://doi.org/10.1023/a:1011123432765,,,0,0
https://openalex.org/w4248241674,https://doi.org/10.1097/cnd.0b013e318283f9b8,,,0,0
https://openalex.org/w2106863941,https://doi.org/10.1136/ard.44.2.104,,,0,0
https://openalex.org/w2002055171,https://doi.org/10.1006/smvy.1995.0020,,,0,0
https://openalex.org/w1987080269,https://doi.org/10.1002/ajh.21662,,,0,0
https://openalex.org/w2406641958,https://doi.org/10.1002/ajh.24423,,,0,0
https://openalex.org/w2101116219,https://doi.org/10.1086/515623,,,0,0
https://openalex.org/w2435526727,,,,0,0
https://openalex.org/w2121874564,https://doi.org/10.1592/phco.29.4.383,,,0,0
https://openalex.org/w2167314990,https://doi.org/10.1016/j.smim.2011.01.009,,,0,0
https://openalex.org/w1970911113,https://doi.org/10.1038/ncponc0883,,,0,0
https://openalex.org/w168574213,https://doi.org/10.1007/978-1-4419-1132-2_7,,,0,0
https://openalex.org/w2139646625,https://doi.org/10.2174/187153008783928334,,,0,0
https://openalex.org/w1554863452,https://doi.org/10.6051/j.issn.2224-3992.2012.01.124,,,0,0
https://openalex.org/w1928920266,https://doi.org/10.4049/jimmunol.179.11.7975,,,0,0
https://openalex.org/w1966269291,https://doi.org/10.1038/ncprheum0537,,,0,0
https://openalex.org/w2152865340,https://doi.org/10.1093/rheumatology/ket372,,,0,0
https://openalex.org/w2035035542,https://doi.org/10.3748/wjg.v16.i35.4394,,,0,0
https://openalex.org/w4247960683,https://doi.org/10.1002/jor.23247,,,0,0
https://openalex.org/w143171699,https://doi.org/10.2165/00023210-200519110-00002,,,0,0
https://openalex.org/w2279438878,https://doi.org/10.3389/fimmu.2016.00054,,,0,0
https://openalex.org/w1853969127,https://doi.org/10.1111/j.1600-0609.2011.01618.x,,,0,0
https://openalex.org/w2520336786,https://doi.org/10.4049/jimmunol.1601142,,,0,0
https://openalex.org/w4253570230,https://doi.org/10.1016/j.jaad.2008.11.720,,,0,0
https://openalex.org/w2145729676,https://doi.org/10.1067/moe.2003.30,,,0,0
https://openalex.org/w2027288219,https://doi.org/10.1177/0961203308093550,,,0,0
https://openalex.org/w1966188010,https://doi.org/10.1186/ar2559,,,0,0
https://openalex.org/w2912343508,https://doi.org/10.1186/s12920-018-0468-1,,,1,1
https://openalex.org/w2146545860,,,,0,0
https://openalex.org/w2019632248,https://doi.org/10.1111/j.1600-065x.2007.00571.x,,,0,0
https://openalex.org/w2321406476,https://doi.org/10.2165/11207350-000000000-00000,,,0,0
https://openalex.org/w2397056432,https://doi.org/10.1186/s12883-016-0595-2,,,0,0
https://openalex.org/w1543611788,https://doi.org/10.1007/978-1-4614-3461-0_9,,,0,0
https://openalex.org/w2159370109,https://doi.org/10.1016/j.healthpol.2013.03.006,,,0,0
https://openalex.org/w1523423101,,,,0,0
https://openalex.org/w2076690763,https://doi.org/10.1038/ng1845,,,0,0
https://openalex.org/w2041790780,https://doi.org/10.1016/0300-483x(95)03124-x,,,0,0
https://openalex.org/w2578219554,https://doi.org/10.1182/blood.v116.21.959.959,,,0,0
https://openalex.org/w2625232521,https://doi.org/10.1038/s41598-017-04325-0,,,0,0
https://openalex.org/w2099594922,https://doi.org/10.3109/03009748809102981,,,0,0
https://openalex.org/w2099655851,https://doi.org/10.1136/ard.2010.148965.26,,,0,0
https://openalex.org/w2013888652,https://doi.org/10.1007/bf02201027,,,0,0
https://openalex.org/w2084951281,https://doi.org/10.1038/nature06116,,,0,0
https://openalex.org/w2111264374,https://doi.org/10.1093/brain/awp228,,,0,0
https://openalex.org/w1998319610,https://doi.org/10.1007/s12016-007-8070-x,,,0,0
https://openalex.org/w2736723898,https://doi.org/10.1177/0300985817716262,,,0,0
https://openalex.org/w2143623181,https://doi.org/10.1186/1741-7007-5-19,,,0,0
https://openalex.org/w2040267633,https://doi.org/10.1371/journal.pone.0011776,,,0,0
https://openalex.org/w2002749939,https://doi.org/10.1002/eji.1830230732,,,0,0
https://openalex.org/w1975273608,https://doi.org/10.2165/11591380-000000000-00000,,,0,0
https://openalex.org/w2950205388,https://doi.org/10.1080/1744666x.2019.1624527,,,0,0
https://openalex.org/w1598459362,https://doi.org/10.1111/j.1600-0609.2011.01689.x,,,0,0
https://openalex.org/w2117020725,https://doi.org/10.2174/092986711795656063,,,0,0
https://openalex.org/w2168783595,https://doi.org/10.1080/08916930903002479,,,0,0
https://openalex.org/w2940279914,https://doi.org/10.1136/lupus-2019-lsm.251,,,0,0
https://openalex.org/w2405130794,https://doi.org/10.1093/rheumatology/kew008,,,0,0
https://openalex.org/w3187837017,https://doi.org/10.1002/eji.200990224,,,0,0
https://openalex.org/w1498500493,https://doi.org/10.1111/j.1365-2567.2010.03322.x,,,0,0
https://openalex.org/w2019651180,https://doi.org/10.1007/s00296-009-1188-9,,,0,0
https://openalex.org/w2617016771,https://doi.org/10.1097/bor.0000000000000410,,,0,0
https://openalex.org/w2057532699,https://doi.org/10.1007/s11926-011-0186-6,,,0,0
https://openalex.org/w2072005676,https://doi.org/10.1016/j.cca.2015.02.007,,,0,0
https://openalex.org/w2734570768,https://doi.org/10.1136/lupus-2017-000215.350,,,0,0
https://openalex.org/w2083036567,https://doi.org/10.1590/s1413-86702007000700020,,,0,0
https://openalex.org/w4292498071,https://doi.org/10.3109/14767058.2014.924236,,,0,0
https://openalex.org/w2100382163,https://doi.org/10.1136/ard.2006.063412,,,1,1
https://openalex.org/w2330593897,https://doi.org/10.1097/mcg.0b013e3181d88af5,,,0,0
https://openalex.org/w2416685324,https://doi.org/10.1038/cmi.2016.25,,,0,0
https://openalex.org/w2049869742,https://doi.org/10.1016/s0399-077x(05)80899-6,,,0,0
https://openalex.org/w2026899420,,,,0,0
https://openalex.org/w1993518316,https://doi.org/10.1097/00004397-199403410-00013,,,0,0
https://openalex.org/w163637995,,,,0,0
https://openalex.org/w1979881623,https://doi.org/10.1007/s11926-012-0297-8,,,0,0
https://openalex.org/w2162916489,https://doi.org/10.1684/ejd.2010.1198,,010-744-600-230-569,0,0
https://openalex.org/w2131212714,https://doi.org/10.1084/jem.20050566,,,0,0
https://openalex.org/w2004914998,https://doi.org/10.3109/03009740903456300,,,0,0
https://openalex.org/w2593502344,https://doi.org/10.1007/s12016-017-8599-2,,,0,0
https://openalex.org/w2086076253,https://doi.org/10.1016/j.jstrokecerebrovasdis.2011.01.003,,,0,0
https://openalex.org/w2065928614,https://doi.org/10.1007/s12016-010-8209-z,,,0,0
https://openalex.org/w1996642374,https://doi.org/10.2174/138161212802502260,,,0,0
https://openalex.org/w2259139274,https://doi.org/10.1016/j.cell.2015.12.032,,,0,0
https://openalex.org/w2044150462,https://doi.org/10.1016/j.smim.2006.03.010,,,0,0
https://openalex.org/w2025398922,https://doi.org/10.1111/apt.12477,,,0,0
https://openalex.org/w2041309359,https://doi.org/10.1111/j.1468-3083.1998.tb00922.x,,,0,0
https://openalex.org/w2022697992,https://doi.org/10.1016/j.jns.2013.06.013,,,0,0
https://openalex.org/w119939846,https://doi.org/10.1111/j.1742-1241.2002.tb11263.x,,,0,0
https://openalex.org/w2806647589,https://doi.org/10.1002/jcp.26795,,,0,0
https://openalex.org/w2126330099,https://doi.org/10.1111/j.1524-4725.1996.tb00493.x,,,0,0
https://openalex.org/w1521036527,https://doi.org/10.3389/fimmu.2015.00317,,,0,0
https://openalex.org/w2033622482,https://doi.org/10.1142/s0192415x02000284,,,0,0
https://openalex.org/w2520297276,https://doi.org/10.1080/17469899.2016.1233399,,,0,0
https://openalex.org/w2096740312,https://doi.org/10.1002/art.27494,,,0,1
https://openalex.org/w1995835630,https://doi.org/10.1046/j.1365-2893.2003.00456.x,,,0,0
https://openalex.org/w2041171641,https://doi.org/10.1155/2012/728605,,,0,0
https://openalex.org/w2417845716,,,,0,0
https://openalex.org/w1495994055,https://doi.org/10.1111/j.1478-3231.2010.02238.x,,,0,0
https://openalex.org/w2999544412,https://doi.org/10.1136/annrheumdis-2017-eular.6581,,,0,0
https://openalex.org/w2089051071,https://doi.org/10.1097/rhu.0b013e3181826d23,,,0,0
https://openalex.org/w2135867669,https://doi.org/10.1002/jmv.21570,,,0,0
https://openalex.org/w2001062124,https://doi.org/10.1136/ard.2010.129643g,,,0,0
https://openalex.org/w2055927794,https://doi.org/10.1016/j.ajo.2013.05.002,,,0,0
https://openalex.org/w4241126545,https://doi.org/10.1038/aps.2013.113,,,0,0
https://openalex.org/w1999110170,https://doi.org/10.1002/hep.510300117,,,0,0
https://openalex.org/w2806731554,https://doi.org/10.1080/17460441.2018.1480718,,,0,0
https://openalex.org/w2170381631,https://doi.org/10.1136/ard.41.5.490,,,0,0
https://openalex.org/w2117561430,https://doi.org/10.1517/17425250802525496,,,0,0
https://openalex.org/w2182275265,https://doi.org/10.1016/j.semarthrit.2015.11.012,,,0,0
https://openalex.org/w2327796917,https://doi.org/10.1016/j.nmd.2013.06.554,,,0,0
https://openalex.org/w2807369266,https://doi.org/10.4049/jimmunol.196.supp.117.3,,,0,0
https://openalex.org/w2969302840,https://doi.org/10.1111/jocd.13104,,,0,0
https://openalex.org/w2060715454,https://doi.org/10.1097/01.meg.0000108362.41221.57,,,0,0
https://openalex.org/w2011503253,https://doi.org/10.1007/s11926-008-0073-y,,,0,0
https://openalex.org/w2323637289,https://doi.org/10.1097/bor.0000000000000095,,,0,0
https://openalex.org/w1984996541,https://doi.org/10.1111/1440-1681.12178,,,0,0
https://openalex.org/w1991846705,https://doi.org/10.1016/j.eururo.2012.05.040,,,0,0
https://openalex.org/w1964439561,https://doi.org/10.1002/pbc.20586,,,0,0
https://openalex.org/w1968123283,https://doi.org/10.1111/j.1349-7006.2009.01369.x,,,0,0
https://openalex.org/w2147468979,https://doi.org/10.1155/2010/781235,,,0,0
https://openalex.org/w2754217219,https://doi.org/10.1136/annrheumdis-2017-eular.3074,,,0,0
https://openalex.org/w2416937886,,,,0,0
https://openalex.org/w2122869582,https://doi.org/10.1189/jlb.0705409,,,0,0
https://openalex.org/w2126815630,https://doi.org/10.1016/0140-6736(92)91645-o,,,0,0
https://openalex.org/w2066718881,https://doi.org/10.1586/eci.12.106,,,0,0
https://openalex.org/w261957230,https://doi.org/10.7417/ct.2013.1622,,,0,0
https://openalex.org/w1970983390,https://doi.org/10.1111/j.1365-2257.1994.tb00424.x,,,0,0
https://openalex.org/w2150906676,https://doi.org/10.3899/jrheum.121315,,040-332-265-844-236,0,0
https://openalex.org/w1969416147,https://doi.org/10.1007/s00277-002-0500-5,,,0,0
https://openalex.org/w2597926927,https://doi.org/10.1093/rheumatology/kew447,,,0,0
https://openalex.org/w2159173527,https://doi.org/10.1007/s11912-011-0190-z,,,0,0
https://openalex.org/w2188981291,,,,0,0
https://openalex.org/w2887191296,https://doi.org/10.1186/s13075-018-1666-0,,,0,0
https://openalex.org/w2006832728,https://doi.org/10.1007/s11926-008-0074-x,,,0,0
https://openalex.org/w2164318693,https://doi.org/10.1242/dmm.016451,,,0,0
https://openalex.org/w2056364365,https://doi.org/10.1038/ni1584,,,0,0
https://openalex.org/w2006232527,https://doi.org/10.1002/art.30318,,,1,1
https://openalex.org/w2414548085,https://doi.org/10.1177/0961203316640922,,,0,0
https://openalex.org/w1479926521,https://doi.org/10.1111/j.1365-2036.2010.04570.x,,,0,0
https://openalex.org/w2026629764,https://doi.org/10.1097/icu.0b013e3282f03d42,,,0,0
https://openalex.org/w2531497072,https://doi.org/10.1080/13696998.2016.1247712,,,0,0
https://openalex.org/w2040434923,https://doi.org/10.1006/geno.1996.0258,,015-573-856-232-662,0,0
https://openalex.org/w2091881882,https://doi.org/10.1007/s12035-015-9090-9,,,0,0
https://openalex.org/w1970843119,https://doi.org/10.1517/14728214.10.2.381,,,0,0
https://openalex.org/w2095348834,https://doi.org/10.1007/s12016-007-8005-6,,,0,0
https://openalex.org/w2409823368,,,,0,0
https://openalex.org/w2515201598,https://doi.org/10.12659/msm.897126,,,0,0
https://openalex.org/w2038207849,https://doi.org/10.1111/j.1600-065x.2007.00572.x,,,0,0
https://openalex.org/w1986416046,https://doi.org/10.1016/j.jhep.2004.10.031,,,0,0
https://openalex.org/w2025260670,https://doi.org/10.1191/0961203305lu2133oa,,,0,0
https://openalex.org/w1974053292,https://doi.org/10.1023/b:mebr.0000043983.42843.ac,,,0,0
https://openalex.org/w2796177058,https://doi.org/10.22543/7674.51.p135140,,,0,0
https://openalex.org/w1898757929,https://doi.org/10.1111/sji.12327,,,0,0
https://openalex.org/w2598053835,https://doi.org/10.1007/s10875-017-0384-8,,111-732-655-462-766,0,0
https://openalex.org/w2092335571,https://doi.org/10.2165/00128072-200103080-00002,,,0,0
https://openalex.org/w1856761374,https://doi.org/10.2147/dddt.s88845,,,0,0
https://openalex.org/w2062417198,https://doi.org/10.1111/j.1600-0404.2005.00455.x,,,0,0
https://openalex.org/w2141686591,https://doi.org/10.1186/ar2426,,,0,0
https://openalex.org/w2790560186,https://doi.org/10.1080/15563650.2018.1447119,,,0,0
https://openalex.org/w2110732115,https://doi.org/10.1196/annals.1352.026,,,0,0
https://openalex.org/w2148983798,https://doi.org/10.2340/00015555-1833,,,0,0
https://openalex.org/w2152672748,https://doi.org/10.1111/j.1756-185x.2010.01462.x,,,0,0
https://openalex.org/w2064065283,https://doi.org/10.1016/j.autrev.2007.11.018,,,0,0
https://openalex.org/w2950902299,https://doi.org/10.1136/annrheumdis-2019-eular.707,,004-239-537-032-388,0,0
https://openalex.org/w2336281528,https://doi.org/10.1093/infdis/jiv771,,,0,0
https://openalex.org/w2081887573,https://doi.org/10.1038/nrclinonc.2009.130,,,0,0
https://openalex.org/w1859542580,https://doi.org/10.1136/ard.2003.020347,,,0,0
https://openalex.org/w4248036020,https://doi.org/10.1016/s0952-7915(00)00265-x,,,0,0
https://openalex.org/w2000334463,https://doi.org/10.1097/00002281-199801000-00007,,,0,0
https://openalex.org/w2000631129,https://doi.org/10.1016/j.lpm.2012.04.029,,,0,0
https://openalex.org/w2006302649,https://doi.org/10.1016/j.jneuroim.2004.08.014,,,0,0
https://openalex.org/w2138261040,https://doi.org/10.1111/bph.12792,,,0,0
https://openalex.org/w2162016058,https://doi.org/10.1016/s1474-4422(13)70192-3,,,0,0
https://openalex.org/w2121352493,https://doi.org/10.1016/j.adengl.2016.01.001,,,0,0
https://openalex.org/w2901079387,https://doi.org/10.1136/lupus-2018-lsm.80,,,0,0
https://openalex.org/w2033500976,https://doi.org/10.1016/j.jneuroim.2009.04.015,,,0,0
https://openalex.org/w2085071340,https://doi.org/10.1074/mcp.t600069-mcp200,,,0,0
https://openalex.org/w2019916852,https://doi.org/10.1126/scitranslmed.3001201,,,0,0
https://openalex.org/w2397945124,,,,0,0
https://openalex.org/w1970532357,https://doi.org/10.1016/j.clinre.2013.02.002,,,0,0
https://openalex.org/w2030423100,https://doi.org/10.1016/s0168-8278(14)61392-1,,,0,0
https://openalex.org/w1993851187,https://doi.org/10.1038/gene.2009.112,,,0,0
https://openalex.org/w1515219927,https://doi.org/10.1002/art.38995,,,0,0
https://openalex.org/w2003127179,https://doi.org/10.1007/s10072-008-0929-y,,,0,0
https://openalex.org/w799129195,https://doi.org/10.1038/nri3890,,,0,0
https://openalex.org/w2014669246,https://doi.org/10.1385/mo:20:2:95,,,0,0
https://openalex.org/w2146375628,https://doi.org/10.1128/cmr.00063-09,,014-179-485-430-229,0,0
https://openalex.org/w1969778054,https://doi.org/10.1002/art.1780260428,,,0,0
https://openalex.org/w2080675316,https://doi.org/10.1097/01.cmr.0000136707.60108.ab,,,0,0
https://openalex.org/w2049326316,https://doi.org/10.2174/092986710793176393,,,0,0
https://openalex.org/w2106206289,https://doi.org/10.1186/ar2746,,,0,0
https://openalex.org/w4301257135,https://doi.org/10.1111/imm.12184,,,0,0
https://openalex.org/w2116339069,https://doi.org/10.1093/rheumatology/kei120,,,0,0
https://openalex.org/w2150617926,https://doi.org/10.1684/ejd.2011.1468,,,0,0
https://openalex.org/w2010491468,https://doi.org/10.1016/s0022-510x(11)70010-7,,,0,0
https://openalex.org/w2055998742,https://doi.org/10.1007/s11864-014-0317-1,,,0,0
https://openalex.org/w2332859469,https://doi.org/10.1016/j.cyto.2012.06.172,,,0,0
https://openalex.org/w2097060844,https://doi.org/10.1093/rheumatology/40.7.763,,,0,0
https://openalex.org/w2948387660,https://doi.org/10.1038/s41584-019-0251-5,,015-102-500-833-044,0,0
https://openalex.org/w1946280228,https://doi.org/10.1007/s00705-015-2482-3,,,0,0
https://openalex.org/w2159514587,https://doi.org/10.1136/annrheumdis-2014-205365,,,0,0
https://openalex.org/w2464998826,https://doi.org/10.1093/rheumatology/kew262,,,0,0
https://openalex.org/w2090475976,https://doi.org/10.1177/0961203314552290,,,0,0
https://openalex.org/w1985270373,https://doi.org/10.1111/jvh.12369,,,0,0
https://openalex.org/w2331047553,https://doi.org/10.1177/0961203316629001,,,0,0
https://openalex.org/w2319491941,https://doi.org/10.1016/j.cyto.2010.07.125,,,0,0
https://openalex.org/w2022930484,https://doi.org/10.1016/j.virol.2011.12.020,,,0,0
https://openalex.org/w2092972484,https://doi.org/10.2147/dddt.s8927,,,0,0
https://openalex.org/w2069557304,https://doi.org/10.1089/107999000750053771,,,0,0
https://openalex.org/w1968725114,https://doi.org/10.1517/14656560902971003,,,0,0
https://openalex.org/w1992324801,https://doi.org/10.1007/s00296-013-2873-2,,,0,0
https://openalex.org/w2802492548,https://doi.org/10.1016/j.jid.2018.03.076,,,0,0
https://openalex.org/w2101536091,https://doi.org/10.1093/rheumatology/keh323,,,0,0
https://openalex.org/w2938622260,https://doi.org/10.1016/j.jid.2019.03.145,,,0,0
https://openalex.org/w1983484831,https://doi.org/10.1097/cpm.0b013e3181daae17,,,0,0
https://openalex.org/w2623631675,https://doi.org/10.1016/j.jaut.2017.05.008,,,0,0
https://openalex.org/w2120692382,https://doi.org/10.1016/s0168-8278(96)80113-9,,,0,0
https://openalex.org/w2050287837,https://doi.org/10.3748/wjg.v13.i17.2467,,,0,0
https://openalex.org/w4252739685,https://doi.org/10.1111/eci.12060,,,0,0
https://openalex.org/w2128824067,https://doi.org/10.1177/1352458507083189,,,0,0
https://openalex.org/w2578721543,https://doi.org/10.1136/annrheumdis-2016-210167,,,0,0
https://openalex.org/w2772227551,https://doi.org/10.1097/bor.0000000000000470,,,0,0
https://openalex.org/w2417072948,https://doi.org/10.1007/s102380200002,,,0,0
https://openalex.org/w2601660331,https://doi.org/10.1002/art.40002,,,0,1
https://openalex.org/w2332127481,https://doi.org/10.1136/annrheumdis-2013-eular.2355,,,0,0
https://openalex.org/w2616391641,https://doi.org/10.1136/annrheumdis-2016-210788,,,0,0
https://openalex.org/w1940072813,https://doi.org/10.2217/bmm.15.25,,,0,0
https://openalex.org/w2128900064,https://doi.org/10.1016/j.ijpharm.2014.06.044,,,0,0
https://openalex.org/w2087015755,https://doi.org/10.1007/s15010-002-2085-2,,,0,0
https://openalex.org/w2043546341,https://doi.org/10.1007/s12072-010-9183-5,,,0,0
https://openalex.org/w2122677854,https://doi.org/10.3345/kjp.2013.56.8.343,,,0,0
https://openalex.org/w1980521763,https://doi.org/10.1089/ten.tec.2009.0438,,,0,0
https://openalex.org/w2059156832,https://doi.org/10.1016/j.clindermatol.2004.06.004,,,0,0
https://openalex.org/w1962288507,https://doi.org/10.1002/eji.201343714,,,0,0
https://openalex.org/w1992303016,https://doi.org/10.1016/s0025-6196(11)62962-5,,,0,0
https://openalex.org/w2052639292,https://doi.org/10.1111/j.1349-7006.2010.01756.x,,,0,0
https://openalex.org/w2335122682,https://doi.org/10.1136/annrheumdis-2015-208410,,,1,1
https://openalex.org/w1924370859,https://doi.org/10.4049/jimmunol.1202341,,,0,0
https://openalex.org/w2015468138,https://doi.org/10.1186/ar3196,,,0,0
https://openalex.org/w2115989506,https://doi.org/10.1016/s1474-4422(09)70226-1,,,0,0
https://openalex.org/w2113402062,https://doi.org/10.1517/14656566.5.1.25,,,0,0
https://openalex.org/w248950959,,,,0,1
https://openalex.org/w1991193879,https://doi.org/10.1038/nrrheum.2009.278,,,0,0
https://openalex.org/w2791325154,https://doi.org/10.1136/lupus-2018-abstract.19,,,0,0
https://openalex.org/w2166967358,https://doi.org/10.1136/annrheumdis-2011-201231.13,,,0,0
https://openalex.org/w1848507162,https://doi.org/10.4049/jimmunol.182.1.34,,,0,0
https://openalex.org/w1896868877,https://doi.org/10.4049/jimmunol.1002795,,,0,0
https://openalex.org/w2970603520,https://doi.org/10.1097/bor.0000000000000653,,,0,0
https://openalex.org/w2011120121,https://doi.org/10.1586/1744666x.2013.848792,,,0,0
https://openalex.org/w2142247109,https://doi.org/10.1200/jco.2005.07.114,,,0,0
https://openalex.org/w1979316214,https://doi.org/10.1371/journal.pone.0076777,,,0,0
https://openalex.org/w124121409,,,,0,0
https://openalex.org/w2070339314,https://doi.org/10.1016/j.cld.2010.05.005,,,0,0
https://openalex.org/w2611342850,https://doi.org/10.1136/lupus-2017-000215.280,,,0,0
https://openalex.org/w3140105435,https://doi.org/10.1002/ppul.23576,,,0,0
https://openalex.org/w1924425348,,,,0,0
https://openalex.org/w2001653597,https://doi.org/10.1111/j.1349-7006.2007.00720.x,,,0,0
https://openalex.org/w165240030,https://doi.org/10.1111/j.1365-2362.2012.02650.x,,,0,0
https://openalex.org/w2314199098,https://doi.org/10.1093/cid/ciw197,,,0,0
https://openalex.org/w1516846164,https://doi.org/10.1002/pro.2729,,,0,0
https://openalex.org/w2890532892,https://doi.org/10.1016/s0140-6736(18)32167-6,,,0,0
https://openalex.org/w2085175900,https://doi.org/10.1002/art.30388,,,0,0
https://openalex.org/w1676455561,https://doi.org/10.1080/08916930902831829,,,0,0
https://openalex.org/w2146614808,https://doi.org/10.1182/blood-2010-03-259325,,,0,0
https://openalex.org/w1984792692,https://doi.org/10.1002/art.30213,,,0,0
https://openalex.org/w2327590071,https://doi.org/10.1097/00002281-199901000-00012,,,0,0
https://openalex.org/w2040186267,https://doi.org/10.1097/01.jcp.0000148026.86483.4f,,,0,0
https://openalex.org/w2059066937,https://doi.org/10.1371/journal.pone.0116703,,,0,0
https://openalex.org/w2765811314,https://doi.org/10.1016/j.berh.2017.09.007,,,0,0
https://openalex.org/w2328890333,https://doi.org/10.1136/annrheumdis-2016-209124.160,,,0,0
https://openalex.org/w2080310697,https://doi.org/10.1007/s00384-005-0038-9,,,0,0
https://openalex.org/w2059705970,https://doi.org/10.1182/blood-2013-07-513937,,,0,0
https://openalex.org/w2414465783,https://doi.org/10.1016/s0163-8343(98)00082-6,,,0,0
https://openalex.org/w156829367,https://doi.org/10.1002/art.27226,,,1,1
https://openalex.org/w2499375061,https://doi.org/10.5301/tj.5000539,,,0,0
https://openalex.org/w2009976847,https://doi.org/10.1016/j.autrev.2008.07.019,,,0,0
https://openalex.org/w2410685754,,,,0,0
https://openalex.org/w2091283140,https://doi.org/10.1097/cji.0b013e3181c810b6,,,0,0
https://openalex.org/w300921435,https://doi.org/10.3760/cma.j.issn.0366-6999.2009.12.011,,,0,0
https://openalex.org/w2161040064,https://doi.org/10.4049/jimmunol.1102797,,,0,0
https://openalex.org/w2169169942,https://doi.org/10.1186/s13075-015-0783-2,,,0,0
https://openalex.org/w2109534516,https://doi.org/10.1002/art.1780350111,,,0,0
https://openalex.org/w2977976122,https://doi.org/10.1016/j.ebiom.2019.09.010,,,0,0
https://openalex.org/w2040122866,https://doi.org/10.1046/j.1365-2249.2000.01197.x,,,0,0
https://openalex.org/w2019002141,https://doi.org/10.1016/j.cyto.2006.09.001,,,0,0
https://openalex.org/w2408841051,https://doi.org/10.3748/wjg.v7.i2.222,,,0,0
https://openalex.org/w2330710960,https://doi.org/10.1358/dof.2010.035.09.1541550,,,0,0
https://openalex.org/w2029052100,https://doi.org/10.1016/j.semarthrit.2014.10.014,,,0,0
https://openalex.org/w2103637619,https://doi.org/10.1002/art.38187,,,0,0
https://openalex.org/w2100262841,https://doi.org/10.1136/ard.2010.149005.4,,,0,0
https://openalex.org/w2515865642,https://doi.org/10.5114/ceh.2015.51804,,,0,0
https://openalex.org/w2170627087,https://doi.org/10.3109/08916930903510872,,,0,0
https://openalex.org/w166808449,https://doi.org/10.4049/jimmunol.156.2.421,,,0,0
https://openalex.org/w1557599456,,,,0,0
https://openalex.org/w2065234696,https://doi.org/10.1186/ar2883,,,0,0
https://openalex.org/w1971625745,https://doi.org/10.1185/03007995.2014.940040,,,0,0
https://openalex.org/w2887103625,https://doi.org/10.1038/s41598-018-30627-y,,,0,0
https://openalex.org/w2414858114,https://doi.org/10.1097/bor.0000000000000345,,,0,0
https://openalex.org/w2123138938,https://doi.org/10.1200/jco.2005.03.202,,,0,0
https://openalex.org/w1885445542,https://doi.org/10.2165/11310780-000000000-00000,,,0,0
https://openalex.org/w2911875239,https://doi.org/10.1136/annrheumdis-2018-214295,,,0,0
https://openalex.org/w2114465053,https://doi.org/10.4049/jimmunol.150.10.4687,,,0,0
https://openalex.org/w2398178108,,,,0,0
https://openalex.org/w2160495747,https://doi.org/10.3904/kjim.2007.22.2.77,,,0,0
https://openalex.org/w2800023394,https://doi.org/10.1371/journal.ppat.1006985,,,0,0
https://openalex.org/w2065603783,https://doi.org/10.1111/j.1365-2249.2006.03064.x,,,0,0
https://openalex.org/w97874513,https://doi.org/10.5603/cj.a2013.0056,,,0,0
https://openalex.org/w2019193900,https://doi.org/10.1046/j.1442-200x.2002.01589.x,,,0,0
https://openalex.org/w2085237060,https://doi.org/10.1111/j.0105-2896.2004.00204.x,,,0,0
https://openalex.org/w2115543909,https://doi.org/10.1200/jco.2005.11.437,,,0,0
https://openalex.org/w588364363,https://doi.org/10.1038/jidsymp.2015.25,,012-640-691-840-35X,0,0
https://openalex.org/w2032704373,https://doi.org/10.1016/j.imlet.2012.04.010,,,0,0
https://openalex.org/w2017554392,https://doi.org/10.1016/j.cytogfr.2013.04.004,,,0,0
https://openalex.org/w1988848403,https://doi.org/10.1016/s0738-081x(00)00147-4,,,0,0
https://openalex.org/w2132531572,https://doi.org/10.1186/1546-0096-9-s1-p15,,,0,0
https://openalex.org/w4254355014,https://doi.org/10.1111/1346-8138.12686,,,0,0
https://openalex.org/w2583579301,https://doi.org/10.2147/opth.s121734,,,0,0
https://openalex.org/w2898045030,https://doi.org/10.3390/ijms19103139,,,0,0
https://openalex.org/w1936001728,https://doi.org/10.1002/art.38287,,,0,0
https://openalex.org/w1529749053,https://doi.org/10.1186/ar2004,,,0,0
https://openalex.org/w2079311003,https://doi.org/10.1159/000171547,,,0,0
https://openalex.org/w2018590330,https://doi.org/10.1016/j.clim.2013.07.001,,,0,0
https://openalex.org/w2417977381,https://doi.org/10.1136/annrheumdis-2015-eular.1586,,,0,0
https://openalex.org/w2106779701,https://doi.org/10.1038/nrrheum.2014.98,,,0,0
https://openalex.org/w2038970456,https://doi.org/10.1016/j.canlet.2011.10.026,,,0,0
https://openalex.org/w2395688854,,,,0,0
https://openalex.org/w1973981462,https://doi.org/10.2147/vaat.s64290,,,0,0
https://openalex.org/w2751536150,https://doi.org/10.1016/j.msard.2017.09.001,,,0,0
https://openalex.org/w2102488079,https://doi.org/10.1517/14740338.4.4.689,,,0,0
https://openalex.org/w2021710948,https://doi.org/10.1007/s00277-003-0724-z,,,0,0
https://openalex.org/w2151340435,https://doi.org/10.1056/nejmoa0907839,,,0,0
https://openalex.org/w2162039603,https://doi.org/10.1016/s0950-3579(97)80046-5,,,0,0
https://openalex.org/w1996538053,https://doi.org/10.1016/s0973-3698(12)60004-1,,,0,0
https://openalex.org/w2740325876,https://doi.org/10.1016/j.jaut.2017.07.012,,,0,0
https://openalex.org/w2035025683,https://doi.org/10.1007/s00726-011-1186-6,,,0,0
https://openalex.org/w2596674939,https://doi.org/10.2165/11591610-000000000-00000,,,0,0
https://openalex.org/w2114619619,https://doi.org/10.1017/s0033291704003526,,,0,0
https://openalex.org/w2126828420,https://doi.org/10.1136/ard.2010.129668l,,,0,0
https://openalex.org/w1991917484,https://doi.org/10.1038/leu.2012.313,,,0,0
https://openalex.org/w2001757160,https://doi.org/10.1007/s11926-011-0214-6,,,0,0
https://openalex.org/w2883303482,https://doi.org/10.1136/lupus-2018-000285,,,0,0
https://openalex.org/w2147503497,https://doi.org/10.1093/rheumatology/keq307,,,0,0
https://openalex.org/w2007490446,https://doi.org/10.1016/j.jpeds.2006.12.038,,149-919-136-565-316,0,0
https://openalex.org/w2145765879,https://doi.org/10.1016/s0140-6736(97)10114-3,,,0,0
https://openalex.org/w2071329902,https://doi.org/10.2165/11203660-000000000-00000,,,0,0
https://openalex.org/w2321967663,https://doi.org/10.1016/j.cyto.2010.07.120,,,0,0
https://openalex.org/w2060776279,https://doi.org/10.1016/j.smim.2006.12.005,,,0,0
https://openalex.org/w1992443086,https://doi.org/10.1111/j.1365-4632.2005.02045.x,,,0,0
https://openalex.org/w2016434877,https://doi.org/10.1016/j.atherosclerosis.2013.12.043,,,0,0
https://openalex.org/w1573079772,https://doi.org/10.4049/jimmunol.1290032,,171-669-027-375-677,0,0
https://openalex.org/w2103969062,https://doi.org/10.1111/j.1529-8019.2007.00138.x,,,0,0
https://openalex.org/w2157037820,https://doi.org/10.1177/0091270006293072,,,0,0
https://openalex.org/w2069780681,https://doi.org/10.1002/art.1780170513,,038-354-742-453-12X,0,0
https://openalex.org/w2133554024,https://doi.org/10.1093/ndt/13.1.213,,,0,0
https://openalex.org/w2614776166,https://doi.org/10.1093/rheumatology/kex037,,,0,0
https://openalex.org/w2027260440,https://doi.org/10.1007/s10067-013-2418-9,,,0,0
https://openalex.org/w300363288,,,,0,0
https://openalex.org/w1992344864,https://doi.org/10.1055/s-2007-963378,,,0,0
https://openalex.org/w2128135468,https://doi.org/10.1111/j.1346-8138.2001.tb00044.x,,,0,0
https://openalex.org/w2344744078,https://doi.org/10.4049/jimmunol.190.supp.197.4,,,0,0
https://openalex.org/w2529199111,https://doi.org/10.1016/j.jaad.2016.08.012,,,0,0
https://openalex.org/w2763069453,https://doi.org/10.1080/09273948.2017.1355471,,,0,0
https://openalex.org/w2936103880,https://doi.org/10.1007/s00296-019-04354-0,,,0,0
https://openalex.org/w2110918341,https://doi.org/10.2217/fvl.11.67,,,0,0
https://openalex.org/w1970734926,https://doi.org/10.1016/j.tips.2010.11.009,,,0,0
https://openalex.org/w4244437438,https://doi.org/10.1111/1756-185x.13545,,,0,0
https://openalex.org/w2163796475,https://doi.org/10.1093/hmg/ddg128,,,0,0
https://openalex.org/w2009357549,https://doi.org/10.1016/j.jaci.2006.02.042,,,0,0
https://openalex.org/w2767590952,https://doi.org/10.1007/s40674-017-0078-7,,,0,0
https://openalex.org/w2007689145,https://doi.org/10.1007/s10495-006-0281-8,,,0,0
https://openalex.org/w2883224270,https://doi.org/10.1136/annrheumdis-2018-eular.5283,,,0,0
https://openalex.org/w1761532015,,,,0,0
https://openalex.org/w2409839429,https://doi.org/10.1136/annrheumdis-2015-eular.4958,,,0,0
https://openalex.org/w2015744687,https://doi.org/10.1002/art.22157,,036-091-421-279-656,0,0
https://openalex.org/w2810831666,https://doi.org/10.1111/apt.14845,,,0,0
https://openalex.org/w4245272474,https://doi.org/10.1111/pde.13846,,,0,0
https://openalex.org/w2160010097,https://doi.org/10.1186/ar3345,,,0,0
https://openalex.org/w2045092568,https://doi.org/10.1159/000109931,,083-323-955-230-843,0,0
https://openalex.org/w1128440575,https://doi.org/10.1016/j.ophtha.2009.05.002,,,0,0
https://openalex.org/w2339070443,https://doi.org/10.1111/1346-8138.13381,,,0,0
https://openalex.org/w2420444525,https://doi.org/10.1016/j.critrevonc.2016.06.012,,,0,0
https://openalex.org/w2084678085,https://doi.org/10.2169/internalmedicine.35.115,,,0,0
https://openalex.org/w2022234371,https://doi.org/10.1038/nrd1033,,,0,0
https://openalex.org/w2005719119,https://doi.org/10.1016/j.clim.2005.07.009,,,1,1
https://openalex.org/w2073597843,https://doi.org/10.1038/sj.gene.6363976,,000-502-328-696-583,0,0
https://openalex.org/w2092263714,https://doi.org/10.3109/03009749709065666,,,0,0
https://openalex.org/w1761066967,https://doi.org/10.6004/jnccn.2013.0042,,,0,0
https://openalex.org/w67092885,https://doi.org/10.3233/jpi-2009-0164,,,0,0
https://openalex.org/w1972082593,https://doi.org/10.1136/ard.59.1.15,,033-306-346-520-003,0,0
https://openalex.org/w2169508444,https://doi.org/10.1186/ar4069,,,0,0
https://openalex.org/w2055816074,https://doi.org/10.1001/archdermatol.2009.106,,,0,0
https://openalex.org/w2112258866,https://doi.org/10.1530/ec-12-0056,,,0,0
https://openalex.org/w2492700626,https://doi.org/10.1111/jvh.12574,,,0,0
https://openalex.org/w2158460758,https://doi.org/10.7326/0003-4819-138-10-200305200-00010,,,0,0
https://openalex.org/w2154579584,https://doi.org/10.4049/jimmunol.1101284,,,0,0
https://openalex.org/w2939058944,https://doi.org/10.1093/rheumatology/kez116,,,1,1
https://openalex.org/w2039588692,https://doi.org/10.2147/ijgm.s37580,,,0,0
https://openalex.org/w2027024602,https://doi.org/10.1016/j.jhep.2014.08.021,,,0,0
https://openalex.org/w2136518588,https://doi.org/10.1053/j.seminoncol.2005.06.014,,,0,0
https://openalex.org/w2476648997,https://doi.org/10.1080/14728214.2016.1210601,,086-622-621-856-175,0,0
https://openalex.org/w4236055124,https://doi.org/10.1111/pde.12876,,,0,0
https://openalex.org/w2802480912,https://doi.org/10.1016/j.jid.2018.03.449,,,0,0
https://openalex.org/w2093288939,https://doi.org/10.1002/art.1780340913,,,0,0
https://openalex.org/w2416174367,,,,0,0
https://openalex.org/w2195949542,https://doi.org/10.1111/apm.12464,,,0,0
https://openalex.org/w2061188640,https://doi.org/10.1016/s0049-0172(97)80005-4,,,0,0
https://openalex.org/w2079088850,https://doi.org/10.1007/s00467-014-2947-8,,,0,0
https://openalex.org/w2048227276,https://doi.org/10.1007/s11096-005-1319-7,,,0,0
https://openalex.org/w2806841612,https://doi.org/10.1136/lupus-2018-abstract.59,,,0,0
https://openalex.org/w1963737717,https://doi.org/10.1177/0961203309350752,,,0,0
https://openalex.org/w1498313039,https://doi.org/10.1007/s11655-012-1212-x,,,0,0
https://openalex.org/w2324616440,https://doi.org/10.1136/annrheumdis-2014-eular.3725,,,0,0
https://openalex.org/w946222322,https://doi.org/10.1097/bor.0000000000000207,,,0,0
https://openalex.org/w2161993887,https://doi.org/10.1634/theoncologist.12-2-191,,,0,0
https://openalex.org/w2114162691,https://doi.org/10.1016/j.survophthal.2005.04.009,,,0,0
https://openalex.org/w1963763683,https://doi.org/10.1002/art.20598,,,0,1
https://openalex.org/w2070640768,https://doi.org/10.3109/10428199509059658,,049-034-096-069-866,0,0
https://openalex.org/w2003687140,https://doi.org/10.1016/j.jaci.2015.01.018,,,0,0
https://openalex.org/w102418428,,,,0,0
https://openalex.org/w1973169300,https://doi.org/10.1097/bor.0b013e32835059cd,,,0,0
https://openalex.org/w2023477141,https://doi.org/10.1016/j.cyto.2011.07.290,,,0,0
https://openalex.org/w1985155892,https://doi.org/10.2165/00126839-200405050-00003,,,0,0
https://openalex.org/w2099371842,https://doi.org/10.1111/eci.12463,,,0,0
https://openalex.org/w2054069561,https://doi.org/10.1016/j.clim.2008.03.243,,,0,0
https://openalex.org/w4247408070,https://doi.org/10.1111/j.1756-185x.2010.01498.x,,,0,0
https://openalex.org/w4980070,https://doi.org/10.1170/t698,,,0,0
https://openalex.org/w2002008633,https://doi.org/10.2165/00063030-199809020-00004,,,0,0
https://openalex.org/w768647209,https://doi.org/10.1182/blood.v124.21.150.150,,,0,0
https://openalex.org/w1898179,https://doi.org/10.1016/j.cyto.2013.06.026,,,0,0
https://openalex.org/w1978539425,https://doi.org/10.1016/j.mpmed.2013.04.005,,,0,0
https://openalex.org/w2055654948,,,,0,0
https://openalex.org/w2095362733,https://doi.org/10.1089/jir.2005.25.459,,,0,0
https://openalex.org/w1995191472,https://doi.org/10.3109/03009742.2015.1027732,,021-616-074-057-964,0,0
https://openalex.org/w2099944135,https://doi.org/10.1111/j.1749-6632.1980.tb20603.x,,,0,0
https://openalex.org/w2407775404,,,,0,0
https://openalex.org/w2041176163,https://doi.org/10.2174/187221312798889239,,,0,0
https://openalex.org/w2217275225,https://doi.org/10.1002/hep.28297,,,0,0
https://openalex.org/w2885375728,https://doi.org/10.1007/s00432-018-2726-1,,,0,0
https://openalex.org/w2941460673,https://doi.org/10.1016/j.semarthrit.2019.04.006,,,0,0
https://openalex.org/w2156195296,https://doi.org/10.1136/gutjnl-2013-306604,,,0,0
https://openalex.org/w2603115662,https://doi.org/10.1038/nrrheum.2017.44,,,0,0
https://openalex.org/w2140821709,https://doi.org/10.1146/annurev-immunol-020711-074934,,,0,0
https://openalex.org/w4231540155,https://doi.org/10.1016/s1548-5315(11)70340-0,,,0,0
https://openalex.org/w1507806657,https://doi.org/10.1111/j.1346-8138.2010.01088.x,,,0,0
https://openalex.org/w2259307367,https://doi.org/10.3109/14397595.2016.1140711,,,0,0
https://openalex.org/w2888560788,https://doi.org/10.1016/j.coph.2018.07.013,,,0,0
https://openalex.org/w2167940772,https://doi.org/10.1038/ncprheum0895,,,0,0
https://openalex.org/w2018330473,https://doi.org/10.1016/j.imlet.2008.03.016,,,0,0
https://openalex.org/w2324559548,https://doi.org/10.2174/157436211795660025,,,0,0
https://openalex.org/w2023984737,https://doi.org/10.1111/j.1468-3083.2007.02475.x,,,0,0
https://openalex.org/w2116053653,https://doi.org/10.1038/gene.2011.18,,,0,0
https://openalex.org/w2020298424,https://doi.org/10.1007/s00296-007-0507-2,,,0,0
https://openalex.org/w1972207865,https://doi.org/10.1016/s0889-857x(05)70259-3,,,0,0
https://openalex.org/w2122978018,https://doi.org/10.1586/1744666x.2014.876364,,,0,0
https://openalex.org/w2006123166,https://doi.org/10.2174/156800805774912917,,,0,0
https://openalex.org/w2184112490,,,,0,0
https://openalex.org/w2062511913,https://doi.org/10.1097/00002281-198901020-00005,,,0,0
https://openalex.org/w186817756,https://doi.org/10.4049/jimmunol.186.supp.47.1,,,0,0
https://openalex.org/w2046521075,https://doi.org/10.1002/1529-0131(199904)42:3<569::aid-anr23>3.0.co;2-m,,,0,0
https://openalex.org/w2067010978,https://doi.org/10.1097/00019052-200406000-00018,,,0,0
https://openalex.org/w2001501946,https://doi.org/10.1371/journal.pone.0077605,,,0,0
https://openalex.org/w2001311573,https://doi.org/10.1111/j.1440-1746.1997.tb00475.x,,,0,0
https://openalex.org/w2822976341,https://doi.org/10.1016/j.jaut.2018.07.007,,,0,0
https://openalex.org/w2327722012,https://doi.org/10.1016/j.berh.2016.02.007,,,0,0
https://openalex.org/w1941186790,https://doi.org/10.4049/jimmunol.1403068,,,0,0
https://openalex.org/w1845778136,,,,0,0
https://openalex.org/w1973472771,https://doi.org/10.4103/0028-3886.76889,,,0,0
https://openalex.org/w2491813560,https://doi.org/10.1371/journal.ppat.1005809,,,0,0
https://openalex.org/w2030791487,https://doi.org/10.1016/s0002-9343(99)80186-7,,,0,0
https://openalex.org/w2073177925,https://doi.org/10.1007/s11255-008-9361-8,,,0,0
https://openalex.org/w1978868470,https://doi.org/10.1016/j.biocel.2004.01.019,,,0,0
https://openalex.org/w744018,https://doi.org/10.1016/j.cyto.2013.06.062,,,0,0
https://openalex.org/w4256486283,https://doi.org/10.1016/j.jaad.2008.11.561,,,0,0
https://openalex.org/w2069682125,https://doi.org/10.3816/cgc.2009.n.005,,,0,0
https://openalex.org/w2580811839,https://doi.org/10.3389/fimmu.2017.00029,,,0,0
https://openalex.org/w2259444166,https://doi.org/10.1038/nrrheum.2015.148,,,0,0
https://openalex.org/w2329533764,https://doi.org/10.1097/00002281-200201000-00003,,,0,0
https://openalex.org/w4240060889,https://doi.org/10.1136/bmj.331.7521.895,,163-827-817-703-461,0,0
https://openalex.org/w2117516306,,,,0,0
https://openalex.org/w4254384812,https://doi.org/10.1038/clpt.2012.253,,,0,0
https://openalex.org/w1978107016,https://doi.org/10.1097/bor.0b013e3283474dbe,,,0,0
https://openalex.org/w2170408428,https://doi.org/10.1080/08916930701356515,,002-059-539-371-729,0,0
https://openalex.org/w2327791571,https://doi.org/10.1136/annrheumdis-2014-eular.4980,,,0,0
https://openalex.org/w2014045436,https://doi.org/10.1007/s11926-007-0052-8,,,0,0
https://openalex.org/w2198173069,https://doi.org/10.1136/annrheumdis-2015-208300,,,0,0
https://openalex.org/w2127915647,https://doi.org/10.1136/ard.2009.124313,,,0,0
https://openalex.org/w2145093036,https://doi.org/10.1136/annrheumdis-2012-202753,,,1,1
https://openalex.org/w2324080632,https://doi.org/10.1177/147323000102900508,,,0,0
https://openalex.org/w2464453795,,,,0,0
https://openalex.org/w2906730757,https://doi.org/10.1155/2019/2075803,,,0,0
https://openalex.org/w2400700193,https://doi.org/10.2119/2006-00085.baechler,,,1,1
https://openalex.org/w2062905914,https://doi.org/10.1007/s12325-009-0004-y,,,0,0
https://openalex.org/w2014788180,https://doi.org/10.1002/1097-0142(19900515)65:10<2237::aid-cncr2820651013>3.0.co;2-5,,,0,0
https://openalex.org/w2242230237,https://doi.org/10.1111/imm.12217,,,0,0
https://openalex.org/w3027424879,https://doi.org/10.1111/exd.13200,,,0,0
https://openalex.org/w2799971805,https://doi.org/10.1155/2018/4246965,,,1,1
https://openalex.org/w4254912941,https://doi.org/10.3899/jrheum.110506,,,0,0
https://openalex.org/w1981155855,https://doi.org/10.1007/s13317-011-0022-z,,,0,0
https://openalex.org/w1981124806,https://doi.org/10.1111/j.1365-2249.1992.tb06470.x,,,0,0
https://openalex.org/w2123539735,https://doi.org/10.1111/j.1365-2893.2010.01385.x,,,0,0
https://openalex.org/w2171676181,https://doi.org/10.1586/ern.10.117,,,0,0
https://openalex.org/w2152930176,https://doi.org/10.1086/427945,,,0,0
https://openalex.org/w2805237867,,,,0,0
https://openalex.org/w112472784,,,,0,0
https://openalex.org/w2107448187,https://doi.org/10.1017/s0033583508004745,,,0,0
https://openalex.org/w2100124129,https://doi.org/10.1586/17474124.2013.811058,,,0,0
https://openalex.org/w4294350677,https://doi.org/10.1002/art.39977,,,0,0
https://openalex.org/w2119640241,https://doi.org/10.1155/2012/315167,,,0,0
https://openalex.org/w2166653653,https://doi.org/10.4161/derm.20443,,,0,0
https://openalex.org/w2112255817,https://doi.org/10.1186/ar4355,,,0,0
https://openalex.org/w4253773332,https://doi.org/10.1016/j.paed.2012.05.008,,,0,0
https://openalex.org/w2116984961,https://doi.org/10.1016/j.tim.2015.08.002,,,0,0
https://openalex.org/w4249515205,https://doi.org/10.1515/afpuc-2015-0019,,,0,0
https://openalex.org/w2040313840,https://doi.org/10.3389/fimmu.2014.00248,,,0,0
https://openalex.org/w2142034339,https://doi.org/10.1016/j.beha.2009.10.005,,,0,0
https://openalex.org/w1976316253,https://doi.org/10.1038/nrneurol.2010.198,,,0,0
https://openalex.org/w2067601857,https://doi.org/10.1007/s00417-013-2275-x,,,0,0
https://openalex.org/w2889683825,https://doi.org/10.3390/ijms19092652,,,0,0
https://openalex.org/w4300479338,https://doi.org/10.1038/jid.2013.95,,,0,0
https://openalex.org/w1990090552,https://doi.org/10.1016/s0889-857x(03)00025-5,,,0,0
https://openalex.org/w1482058718,https://doi.org/10.1002/14651858.cd006050.pub2,,,0,0
https://openalex.org/w2164584016,https://doi.org/10.1001/archotol.125.10.1083,,,0,0
https://openalex.org/w220968337,https://doi.org/10.1016/j.cyto.2013.06.137,,,0,0
https://openalex.org/w2949958929,https://doi.org/10.1136/annrheumdis-2019-eular.854,,,0,0
https://openalex.org/w4211126322,https://doi.org/10.1016/j.jaad.2009.11.687,,,0,0
https://openalex.org/w2100274893,https://doi.org/10.1186/s40425-014-0035-z,,,0,0
https://openalex.org/w1762926574,https://doi.org/10.6004/jnccn.2013.0192,,,0,0
https://openalex.org/w1972165294,https://doi.org/10.1016/s0198-8859(02)00752-8,,,0,0
https://openalex.org/w2032935746,https://doi.org/10.3899/jrheum.110244,,080-703-728-082-620,0,0
https://openalex.org/w2037685311,https://doi.org/10.1016/j.jaci.2005.03.028,,,0,0
https://openalex.org/w2004979729,https://doi.org/10.1016/j.it.2010.05.004,,,0,0
https://openalex.org/w2063194660,https://doi.org/10.1186/1546-0096-9-s1-o40,,,0,0
https://openalex.org/w2040333307,https://doi.org/10.3390/ijerph10126534,,,0,0
https://openalex.org/w2985473431,,,,0,0
https://openalex.org/w2001235261,https://doi.org/10.1097/wco.0b013e3283391feb,,,0,0
https://openalex.org/w2901252006,https://doi.org/10.3389/fimmu.2018.02590,,,0,0
https://openalex.org/w924320022,https://doi.org/10.4049/jimmunol.194.supp.115.6,,,0,0
https://openalex.org/w2089529377,https://doi.org/10.1007/s11523-010-0149-2,,,0,0
https://openalex.org/w2340988493,https://doi.org/10.1002/art.39417,,,0,0
https://openalex.org/w2080039003,https://doi.org/10.1136/ard.2010.129668c,,,0,0
https://openalex.org/w2416374082,,,,0,0
https://openalex.org/w2146529580,,,,0,0
https://openalex.org/w2097320195,https://doi.org/10.1093/rheumatology/keu431,,,0,0
https://openalex.org/w2751357007,https://doi.org/10.1093/rheumatology/kex332,,,0,0
https://openalex.org/w2009067699,https://doi.org/10.1016/s1074-7613(04)00108-6,,,0,0
https://openalex.org/w4230200152,https://doi.org/10.1111/neup.12034,,,0,0
https://openalex.org/w1989717734,https://doi.org/10.1046/j.1365-4362.2001.01182.x,,,0,0
https://openalex.org/w2763180119,https://doi.org/10.1080/03009742.2017.1299793,,,0,0
https://openalex.org/w1983378819,https://doi.org/10.1038/clpt.2013.35,,,1,1
https://openalex.org/w1989749372,https://doi.org/10.1159/000226080,,,0,0
https://openalex.org/w2183041376,https://doi.org/10.1186/2051-1426-3-s2-p412,,,0,0
https://openalex.org/w2206021684,https://doi.org/10.1016/j.coi.2015.10.004,,,0,0
https://openalex.org/w4210973270,https://doi.org/10.1016/j.mcna.2012.01.016,,,0,0
https://openalex.org/w4240902627,https://doi.org/10.2500/aap.2017.38.3995,,,0,0
https://openalex.org/w2106220476,https://doi.org/10.1158/0008-5472.can-06-1882,,,0,0
https://openalex.org/w2151015601,https://doi.org/10.1093/rheumatology/31.6.405,,,0,0
https://openalex.org/w2069867081,https://doi.org/10.1056/nejme058307,,013-562-399-053-178,0,0
https://openalex.org/w1530534806,https://doi.org/10.1111/apt.12491,,,0,0
https://openalex.org/w2012386016,https://doi.org/10.1007/s00417-003-0754-1,,,0,0
https://openalex.org/w2792432524,https://doi.org/10.1080/14397595.2018.1452178,,,0,0
https://openalex.org/w1998737830,https://doi.org/10.1007/s10620-005-2723-5,,,0,0
https://openalex.org/w2078918202,https://doi.org/10.1016/j.cyto.2014.12.027,,,0,0
https://openalex.org/w2339407835,,,,0,0
https://openalex.org/w2116847239,https://doi.org/10.2217/17460816.2.5.447,,063-882-183-077-409,0,0
https://openalex.org/w1999768451,https://doi.org/10.1371/journal.pone.0037995,,,0,0
https://openalex.org/w2117031417,https://doi.org/10.3899/jrheum.111242,,,0,0
https://openalex.org/w1970751950,https://doi.org/10.1586/14760584.2.2.317,,,0,0
https://openalex.org/w1588694748,https://doi.org/10.17554/j.issn.2224-3992.2015.04.506,,,0,0
https://openalex.org/w2748447177,https://doi.org/10.12659/msm.902822,,,0,0
https://openalex.org/w2525187825,https://doi.org/10.1136/annrheumdis-2016-210485,,,1,1
https://openalex.org/w1972464349,https://doi.org/10.1159/000329428,,,0,0
https://openalex.org/w1804930448,,,,0,0
https://openalex.org/w2470694631,,,,0,0
https://openalex.org/w2132794753,https://doi.org/10.1093/rheumatology/37.12.1349,,,0,0
https://openalex.org/w3122179547,https://doi.org/10.1186/s12969-019-0313-x,,,0,0
https://openalex.org/w2254333980,https://doi.org/10.1097/00000441-198806000-00007,,,0,0
https://openalex.org/w2159527316,https://doi.org/10.1002/ibd.20261,,,0,0
https://openalex.org/w2065968633,https://doi.org/10.1089/jir.2007.0104,,,0,0
https://openalex.org/w101093675,https://doi.org/10.1177/039463200301600105,,,0,0
https://openalex.org/w2124145837,https://doi.org/10.1111/sji.12330,,,0,0
https://openalex.org/w2127568306,https://doi.org/10.1093/infdis/jiv049,,,0,0
https://openalex.org/w2013191780,https://doi.org/10.1016/j.drudis.2009.05.014,,,0,0
https://openalex.org/w2115865785,https://doi.org/10.1186/ar2886,,,0,0
https://openalex.org/w2055157437,https://doi.org/10.1002/ddr.10186,,,0,0
https://openalex.org/w2172106801,https://doi.org/10.1093/rheumatology/ket142,,,0,0
https://openalex.org/w2790472028,https://doi.org/10.1080/09273948.2018.1431292,,,0,0
https://openalex.org/w2068197701,https://doi.org/10.1002/art.23728,,,1,1
https://openalex.org/w2624289631,https://doi.org/10.4049/jimmunol.1700263,,,0,0
https://openalex.org/w2204068072,https://doi.org/10.1007/978-3-319-22822-8_15,,,0,0
https://openalex.org/w2604580546,https://doi.org/10.1016/j.jneuroim.2017.04.005,,,0,0
https://openalex.org/w1738339035,,,,0,0
https://openalex.org/w2165605869,https://doi.org/10.1093/nar/gkp525,,,0,0
https://openalex.org/w2013832694,https://doi.org/10.2332/allergolint.r-07-142,,,0,0
https://openalex.org/w2161309162,https://doi.org/10.1186/ar3234,,,0,0
https://openalex.org/w4250688720,https://doi.org/10.1210/en.130.4.2113,,,0,0
https://openalex.org/w2604826990,https://doi.org/10.1016/j.cyto.2016.07.021,,,0,0
https://openalex.org/w2782374377,https://doi.org/10.1038/nri3867,,,0,0
https://openalex.org/w99374810,https://doi.org/10.1007/978-1-4615-0171-8_1,,,0,0
https://openalex.org/w2079657156,https://doi.org/10.1016/s1471-4906(01)01955-x,,,0,0
https://openalex.org/w2950247702,https://doi.org/10.1136/annrheumdis-2019-eular.2102,,,0,0
https://openalex.org/w2102011697,https://doi.org/10.1093/rheumatology/keg315,,,1,1
https://openalex.org/w274909937,,,,0,0
https://openalex.org/w2152218879,https://doi.org/10.1055/s-2008-1062267,,,0,0
https://openalex.org/w2300679492,https://doi.org/10.1177/1756285615601933,,,0,0
https://openalex.org/w1998474072,https://doi.org/10.1016/j.abb.2012.03.001,,,0,0
https://openalex.org/w2030619863,https://doi.org/10.1007/s11938-006-0008-5,,,0,0
https://openalex.org/w2904331475,https://doi.org/10.1111/sdi.12758,,,0,0
https://openalex.org/w4300024732,https://doi.org/10.1111/j.1468-1331.2012.03889.x,,,0,0
https://openalex.org/w2742484040,https://doi.org/10.1016/j.jaad.2008.02.039,,,0,0
https://openalex.org/w2793946088,https://doi.org/10.1080/19420862.2018.1451283,,,0,0
https://openalex.org/w2021342469,https://doi.org/10.2174/157016309789869047,,,0,0
https://openalex.org/w4252123806,https://doi.org/10.1097/rhu.0b013e3181db7b64,,,0,0
https://openalex.org/w1967219951,https://doi.org/10.1590/s0004-282x2006000600033,,,0,0
https://openalex.org/w2313568673,https://doi.org/10.1097/igc.0000000000000258,,,0,0
https://openalex.org/w880025023,https://doi.org/10.4049/jimmunol.194.supp.46.3,,,0,0
https://openalex.org/w2278975800,https://doi.org/10.5812/hepatmon.28537,,,0,0
https://openalex.org/w2006230778,https://doi.org/10.1016/s0165-5728(02)00248-5,,,0,0
https://openalex.org/w2345421091,https://doi.org/10.1136/annrheumdis-2015-eular.3372,,,0,0
https://openalex.org/w2093662712,https://doi.org/10.1097/01.bor.0000133660.52599.f6,,,0,0
https://openalex.org/w2164894259,https://doi.org/10.1016/j.jns.2013.01.003,,,0,0
https://openalex.org/w2042413564,https://doi.org/10.1111/j.1529-8019.2006.00097.x,,,0,0
https://openalex.org/w2165895245,https://doi.org/10.1136/ard.2009.112201,,,0,0
https://openalex.org/w2555762908,https://doi.org/10.1182/blood.v118.21.3287.3287,,,0,0
https://openalex.org/w2047057592,https://doi.org/10.1016/j.eururo.2010.08.029,,,0,0
https://openalex.org/w2016209020,https://doi.org/10.1016/j.immuni.2010.03.014,,,0,0
https://openalex.org/w2244284010,https://doi.org/10.1097/bor.0b013e3282f1330c,,,0,0
https://openalex.org/w2159536782,https://doi.org/10.3390/biom5042723,,,0,0
https://openalex.org/w2136160873,https://doi.org/10.1136/annrheumdis-2011-200123,,,0,0
https://openalex.org/w2417735913,https://doi.org/10.1136/annrheumdis-2015-eular.3255,,,0,0
https://openalex.org/w2010176958,https://doi.org/10.1007/bf02355061,,,0,0
https://openalex.org/w1971477822,https://doi.org/10.1016/s0733-8635(05)70479-4,,,0,0
https://openalex.org/w2511556388,https://doi.org/10.1080/14737175.2016.1227242,,,0,0
https://openalex.org/w2069578658,https://doi.org/10.1016/j.ejphar.2011.09.242,,,0,0
https://openalex.org/w4300092098,https://doi.org/10.1111/1756-185x.13178,,,0,0
https://openalex.org/w2089282388,https://doi.org/10.1016/j.cyto.2012.07.010,,,0,0
https://openalex.org/w1995747598,https://doi.org/10.1001/archderm.144.10.1379,,,0,0
https://openalex.org/w1938707196,https://doi.org/10.4049/jimmunol.177.1.383,,,0,0
https://openalex.org/w1992432037,https://doi.org/10.1111/exd.12466,,,0,0
https://openalex.org/w67955184,https://doi.org/10.18553/jmcp.2009.15.s9.1,,,0,0
https://openalex.org/w228064394,https://doi.org/10.1016/j.jmb.2015.05.006,,,0,0
https://openalex.org/w2825313082,https://doi.org/10.1016/j.celrep.2018.06.046,,,0,0
https://openalex.org/w2049254333,https://doi.org/10.2174/157015911796557948,,,0,0
https://openalex.org/w2041945061,https://doi.org/10.1016/j.cyto.2010.07.067,,,0,0
https://openalex.org/w2022021380,https://doi.org/10.1111/j.1365-2567.2008.02887.x,,,0,0
https://openalex.org/w116937893,,,,0,0
https://openalex.org/w1967844530,https://doi.org/10.1002/art.24686,,,0,0
https://openalex.org/w2065167641,https://doi.org/10.1517/14712598.2011.574120,,,0,0
https://openalex.org/w1993626611,https://doi.org/10.3899/jrheum.130206,,,0,0
https://openalex.org/w2793424938,https://doi.org/10.1016/j.revmed.2018.01.004,,,0,0
https://openalex.org/w2059520775,https://doi.org/10.2174/0929867043455648,,,0,0
https://openalex.org/w49088916,https://doi.org/10.1007/978-1-4615-2548-6_13,,,0,0
https://openalex.org/w2125208806,https://doi.org/10.1155/2013/317682,,,0,0
https://openalex.org/w2154243191,https://doi.org/10.1111/j.1365-2133.2012.10825.x,,,1,1
https://openalex.org/w2405463620,https://doi.org/10.7417/ct.2013.1594,,,0,0
https://openalex.org/w2039764245,https://doi.org/10.1136/ard.2009.121400,,,1,1
https://openalex.org/w2150051713,https://doi.org/10.2217/14796694.4.4.457,,,0,0
https://openalex.org/w2073319515,https://doi.org/10.1016/j.cyto.2009.07.495,,,0,0
https://openalex.org/w2038635884,https://doi.org/10.1186/ar2758,,,0,0
https://openalex.org/w2512493983,https://doi.org/10.1189/jlb.3mr0316-115r,,,0,0
https://openalex.org/w2921967079,https://doi.org/10.1177/1060028019836775,,,0,0
https://openalex.org/w1979108789,https://doi.org/10.1016/j.jneuroim.2014.08.579,,,0,0
https://openalex.org/w2132972389,https://doi.org/10.1111/j.1440-1746.1996.tb00320.x,,,0,0
https://openalex.org/w2149631827,https://doi.org/10.1093/rheumatology/38.5.468,,,0,0
https://openalex.org/w2073551625,https://doi.org/10.1038/nrneurol.2010.164,,,0,0
https://openalex.org/w1971547969,https://doi.org/10.1007/s00415-011-6101-2,,,0,0
https://openalex.org/w2142311493,https://doi.org/10.1517/14740338.6.2.183,,,0,0
https://openalex.org/w896811953,https://doi.org/10.1016/j.jaut.2015.07.002,,,1,1
https://openalex.org/w1832416037,https://doi.org/10.1186/ar3974,,,0,0
https://openalex.org/w1860362201,https://doi.org/10.4049/jimmunol.177.10.6573,,,0,0
https://openalex.org/w4253800310,https://doi.org/10.1016/j.cyto.2009.07.234,,,0,0
https://openalex.org/w2807198984,https://doi.org/10.4049/jimmunol.1701588,,,0,0
https://openalex.org/w2394842405,https://doi.org/10.1016/s0307-742x(21)00602-0,,,0,0
https://openalex.org/w2083901042,https://doi.org/10.1517/14712598.5.6.841,,,0,0
https://openalex.org/w2006218745,https://doi.org/10.1002/eji.1830200920,,,0,0
https://openalex.org/w2075600113,https://doi.org/10.1089/10799900260475669,,,0,0
https://openalex.org/w2135942889,https://doi.org/10.2174/157489211793980051,,,0,0
https://openalex.org/w2747882868,https://doi.org/10.1038/ni.3818,,,0,0
https://openalex.org/w2964133777,https://doi.org/10.1007/s11882-019-0874-2,,,0,0
https://openalex.org/w2135678986,https://doi.org/10.1634/theoncologist.10-6-412,,,0,0
https://openalex.org/w2275181293,https://doi.org/10.1177/1756285615598910,,,0,0
https://openalex.org/w2082252803,https://doi.org/10.1186/ar2884,,,0,0
https://openalex.org/w1991773845,https://doi.org/10.1016/j.leukres.2011.01.017,,,0,0
https://openalex.org/w2077225439,https://doi.org/10.1016/0016-5085(95)90020-9,,,0,0
https://openalex.org/w2154683465,https://doi.org/10.4049/jimmunol.173.8.5283,,,0,0
https://openalex.org/w2594889731,https://doi.org/10.1186/s13075-017-1243-y,,,1,1
https://openalex.org/w2979312036,https://doi.org/10.1002/pds.4864,,,0,0
https://openalex.org/w2037831348,https://doi.org/10.1016/s1734-1140(12)70902-7,,,0,0
https://openalex.org/w2158594995,https://doi.org/10.1136/ard.57.10.602,,,0,0
https://openalex.org/w2055167114,https://doi.org/10.1177/1741134312470444,,,0,0
https://openalex.org/w2051476238,https://doi.org/10.1111/j.1365-2133.2007.07820.x,,,0,0
https://openalex.org/w2519170034,https://doi.org/10.1016/j.jid.2016.09.008,,,0,0
https://openalex.org/w2062129542,https://doi.org/10.2174/187152412803760582,,,0,0
https://openalex.org/w2970780658,https://doi.org/10.1177/0961203319872265,,,0,0
https://openalex.org/w2548231472,https://doi.org/10.4274/tjo.35555,,,0,0
https://openalex.org/w1555063324,https://doi.org/10.1159/000082101,,,0,0
https://openalex.org/w1982198032,https://doi.org/10.1620/tjem.159.171,,,0,0
https://openalex.org/w2004472658,https://doi.org/10.4137/cpath.s14814,,,0,0
https://openalex.org/w1969381065,https://doi.org/10.1111/j.1365-2141.2007.06547.x,,,0,0
https://openalex.org/w2412609742,,,,0,0
https://openalex.org/w1973502592,https://doi.org/10.1016/j.autrev.2008.07.009,,,0,0
https://openalex.org/w4211202219,https://doi.org/10.1038/nrdp.2016.82,,,0,0
https://openalex.org/w2154112237,,,,0,0
https://openalex.org/w2080658816,https://doi.org/10.1016/j.prrv.2004.01.004,,,0,0
https://openalex.org/w2147596827,https://doi.org/10.1053/j.gastro.2010.06.062,,,0,0
https://openalex.org/w2102610315,https://doi.org/10.1124/pr.55.3.4,,,0,0
https://openalex.org/w2413105802,https://doi.org/10.3390/ijms17101547,,,0,0
https://openalex.org/w2805880171,https://doi.org/10.1038/s41598-018-20203-9,,,1,1
https://openalex.org/w2939546504,https://doi.org/10.1136/lupus-2019-lsm.198,,,0,0
https://openalex.org/w2038437746,https://doi.org/10.1371/journal.ppat.1002055,,,0,0
https://openalex.org/w2131877265,https://doi.org/10.1186/s13075-014-0454-8,,,0,0
https://openalex.org/w2416764109,,,,0,0
https://openalex.org/w2029962899,https://doi.org/10.1155/2010/735169,,,0,0
https://openalex.org/w2005616890,https://doi.org/10.1111/1523-1747.ep12874789,,,0,0
https://openalex.org/w1969388889,https://doi.org/10.7860/jcdr/2014/10173.4761,,,0,0
https://openalex.org/w2397093123,,,,0,0
https://openalex.org/w52243167,,,,0,0
https://openalex.org/w2124075611,https://doi.org/10.1093/bmb/ldn049,,,0,0
https://openalex.org/w2039923166,https://doi.org/10.2174/138161206775193208,,,0,0
https://openalex.org/w2735482357,https://doi.org/10.1007/s11926-017-0673-5,,,0,0
https://openalex.org/w2001220614,https://doi.org/10.1089/jir.2010.0089,,,0,0
https://openalex.org/w2004467557,https://doi.org/10.1006/viro.1999.9913,,,0,0
https://openalex.org/w4245659763,https://doi.org/10.1007/s11940-011-0120-2,,,0,0
https://openalex.org/w2164190251,,,,0,0
https://openalex.org/w2048134736,https://doi.org/10.1016/0955-3886(94)90170-8,,,0,0
https://openalex.org/w2030584517,https://doi.org/10.1038/nrrheum.2010.83,,,0,0
https://openalex.org/w2748410878,https://doi.org/10.2174/1574884712666170809124728,,,0,0
https://openalex.org/w2055368946,https://doi.org/10.2217/14796708.3.6.641,,,0,0
https://openalex.org/w2756211145,https://doi.org/10.1136/annrheumdis-2017-eular.6090,,,0,0
https://openalex.org/w2418847746,https://doi.org/10.1007/978-3-7643-8238-4,,,0,0
https://openalex.org/w2154408082,https://doi.org/10.1586/ern.12.21,,,0,0
https://openalex.org/w1601709990,https://doi.org/10.1038/nature13801,,,0,0
https://openalex.org/w2134412843,https://doi.org/10.1586/1744666x.4.4.515,,,0,0
https://openalex.org/w2041065389,https://doi.org/10.1016/j.eursup.2009.06.009,,,0,0
https://openalex.org/w1992311502,https://doi.org/10.1152/ajpcell.00144.2008,,,0,0
https://openalex.org/w2060890864,https://doi.org/10.1016/s0738-081x(01)00234-6,,,0,0
https://openalex.org/w2090163065,https://doi.org/10.1021/bi801588g,,,0,0
https://openalex.org/w2750493295,https://doi.org/10.1093/rheumatology/kex113,,,0,0
https://openalex.org/w2004144548,https://doi.org/10.1007/s002810100070,,,0,0
https://openalex.org/w1985825473,https://doi.org/10.1136/ard.2004.025809,,,0,0
https://openalex.org/w2132632764,https://doi.org/10.2174/138955706777698624,,,0,0
https://openalex.org/w2013267771,https://doi.org/10.1248/bpb.b13-00087,,,0,0
https://openalex.org/w2044850831,https://doi.org/10.1007/s007840100104,,,0,0
https://openalex.org/w2556742351,https://doi.org/10.1136/annrheumdis-2016-eular.2869,,,0,0
https://openalex.org/w2069588056,https://doi.org/10.1111/j.1479-8077.2006.00229.x,,,0,0
https://openalex.org/w2481371259,https://doi.org/10.1177/0961203316662722,,,0,0
https://openalex.org/w1996690790,https://doi.org/10.1097/01.aids.0000218551.62210.b5,,,0,0
https://openalex.org/w2791119175,https://doi.org/10.1038/nrrheum.2016.117,,,0,0
https://openalex.org/w2018902013,https://doi.org/10.1016/s1542-3565(05)00208-9,,,0,0
https://openalex.org/w2099896833,https://doi.org/10.3389/fimmu.2015.00550,,,0,0
https://openalex.org/w2321769688,https://doi.org/10.1097/01.qai.0000397349.30674.f6,,,0,0
https://openalex.org/w2320560623,https://doi.org/10.1097/rhu.0b013e3182287f59,,,0,0
https://openalex.org/w2022521419,https://doi.org/10.1016/j.molimm.2010.05.086,,,0,0
https://openalex.org/w2018308064,https://doi.org/10.1080/08916930290005864,,,0,0
https://openalex.org/w2083968762,https://doi.org/10.1186/ar2488,,,0,0
https://openalex.org/w2924607033,https://doi.org/10.1038/s41584-019-0205-y,,,0,0
https://openalex.org/w2031744607,https://doi.org/10.1016/j.mehy.2009.01.046,,,0,0
https://openalex.org/w2120842625,https://doi.org/10.1093/rheumatology/kes130,,,0,0
https://openalex.org/w2095921413,https://doi.org/10.1089/scd.2013.0521,,,0,0
https://openalex.org/w1998042872,https://doi.org/10.1097/00002281-199401000-00003,,,0,0
https://openalex.org/w1881040261,https://doi.org/10.2147/ott.s70316,,,0,0
https://openalex.org/w2103807545,https://doi.org/10.1016/s1474-4422(10)70007-7,,,0,0
https://openalex.org/w2399302205,,,,0,0
https://openalex.org/w2090816278,https://doi.org/10.1182/blood-2003-09-3058,,,0,0
https://openalex.org/w1952340988,https://doi.org/10.3390/ijms161024194,,,0,0
https://openalex.org/w2898195793,https://doi.org/10.1186/s13075-018-1702-0,,,0,0
https://openalex.org/w2175018495,https://doi.org/10.1089/107999099313523,,,0,0
https://openalex.org/w1955876171,https://doi.org/10.1111/j.1369-1600.2009.00148.x,,,0,0
https://openalex.org/w2424406167,,,,0,0
https://openalex.org/w2122904116,https://doi.org/10.1186/1752-1947-6-344,,,0,0
https://openalex.org/w3216863754,https://doi.org/10.1016/s0168-8278(05)80124-2,,,0,0
https://openalex.org/w2965902408,https://doi.org/10.1200/jco.2013.31.15_suppl.3074,,,0,0
https://openalex.org/w2008008488,https://doi.org/10.1016/s0973-3698(11)60177-5,,,0,0
https://openalex.org/w2896465879,https://doi.org/10.1146/annurev-pathol-020117-043952,,,0,0
https://openalex.org/w2086463089,https://doi.org/10.1177/1352458509345908,,,0,0
https://openalex.org/w2021076033,https://doi.org/10.1037//0735-7044.110.3.492,,,0,0
https://openalex.org/w2058177171,https://doi.org/10.1002/1529-0131(200012)43:12<2619::aid-anr1>3.0.co;2-v,,,0,0
https://openalex.org/w2895552245,https://doi.org/10.1093/mmy/myy036,,,0,0
https://openalex.org/w2036095604,https://doi.org/10.1002/art.37785,,,1,1
https://openalex.org/w1889265060,https://doi.org/10.1186/s13395-015-0058-2,,,0,0
https://openalex.org/w2089001634,https://doi.org/10.2174/138920012802138633,,,0,0
https://openalex.org/w2071978180,https://doi.org/10.1002/art.30165,,,0,0
https://openalex.org/w2325169074,https://doi.org/10.1136/annrheumdis-2012-eular.2475,,,0,0
https://openalex.org/w2330658459,https://doi.org/10.1136/annrheumdis-2013-eular.2498,,,0,0
https://openalex.org/w2033310753,https://doi.org/10.1080/08830180902934909,,,0,0
https://openalex.org/w2111307782,https://doi.org/10.2174/187153007780059414,,,0,0
https://openalex.org/w1617743212,https://doi.org/10.1111/j.1600-0404.2010.01428.x,,,0,0
https://openalex.org/w1998775625,https://doi.org/10.1186/1546-0096-12-s1-p110,,,0,0
https://openalex.org/w2489229569,https://doi.org/10.6026/97320630012131,,,0,0
https://openalex.org/w2028527570,https://doi.org/10.1016/s0950-3528(97)90058-0,,,0,0
https://openalex.org/w2064510372,https://doi.org/10.1186/1743-422x-8-368,,,0,0
https://openalex.org/w2064773569,https://doi.org/10.1016/0306-9877(82)90075-5,,,0,0
https://openalex.org/w2039782279,https://doi.org/10.1016/j.jneuroim.2012.05.013,,,0,0
https://openalex.org/w2110139922,https://doi.org/10.2174/157339711794474657,,,0,0
https://openalex.org/w1994487932,https://doi.org/10.1385/mb:14:3:251,,,0,0
https://openalex.org/w2026197492,https://doi.org/10.1136/ard.2010.149021.25,,,0,0
https://openalex.org/w54222859,https://doi.org/10.4088/pcc.11016co2cc,,025-488-311-839-313,0,0
https://openalex.org/w2045385953,https://doi.org/10.1136/ard.2010.149005.23,,,0,0
https://openalex.org/w2424008087,,,,0,0
https://openalex.org/w2006449699,https://doi.org/10.1016/j.jaut.2012.09.003,,,0,0
https://openalex.org/w2042342193,https://doi.org/10.1038/ng.401,,,0,0
https://openalex.org/w2144273599,https://doi.org/10.1016/j.clineuro.2013.09.016,,,0,0
https://openalex.org/w2057909143,https://doi.org/10.1016/j.cytogfr.2013.12.006,,,0,0
https://openalex.org/w144294336,https://doi.org/10.1007/0-306-48382-3_107,,006-131-046-755-969,0,0
https://openalex.org/w2130504209,https://doi.org/10.1093/rheumatology/keg378,,,0,0
https://openalex.org/w1850396064,,,,0,0
https://openalex.org/w2093967478,https://doi.org/10.1080/10245330600574185,,,0,0
https://openalex.org/w1979048956,https://doi.org/10.1016/0002-9343(86)90072-0,,,0,0
https://openalex.org/w2045646525,https://doi.org/10.1167/iovs.12-10394,,,0,0
https://openalex.org/w2753523159,https://doi.org/10.1002/rth2.12012,,,0,0
https://openalex.org/w2071985758,https://doi.org/10.1016/s0041-1345(02)03998-2,,,0,0
https://openalex.org/w2059530144,https://doi.org/10.1038/nrd1577,,,0,0
https://openalex.org/w1982160813,https://doi.org/10.1002/art.38683,,,0,0
https://openalex.org/w2407816864,,,,0,0
https://openalex.org/w2951051326,https://doi.org/10.1136/annrheumdis-2019-eular.8525,,,0,0
https://openalex.org/w2156912336,https://doi.org/10.1007/s00403-008-0890-x,,,0,0
https://openalex.org/w2063624952,https://doi.org/10.2147/ott.s5256,,,0,0
https://openalex.org/w4251691938,https://doi.org/10.1053/j.ajkd.2013.02.268,,,0,0
https://openalex.org/w2129057628,https://doi.org/10.1191/096120301678416042,,,1,1
https://openalex.org/w2096388013,https://doi.org/10.1111/j.1872-034x.2012.01029.x,,,0,0
https://openalex.org/w2761327567,https://doi.org/10.1080/09273948.2017.1373827,,,0,0
https://openalex.org/w2941564035,https://doi.org/10.1002/acr.23908,,,0,0
https://openalex.org/w2093886458,https://doi.org/10.1111/j.1365-2567.2006.02402.x,,,0,0
https://openalex.org/w2587139687,https://doi.org/10.1093/cid/ciw767,,,0,0
https://openalex.org/w1996295762,https://doi.org/10.1016/j.rdc.2007.07.009,,,0,0
https://openalex.org/w1965541494,https://doi.org/10.1002/mus.10570,,,0,0
https://openalex.org/w2109231206,https://doi.org/10.1084/jem.20051696,,,0,0
https://openalex.org/w2031998711,https://doi.org/10.1111/liv.12418,,,0,0
https://openalex.org/w2896600370,https://doi.org/10.3390/jcm7100356,,,0,0
https://openalex.org/w2091821457,https://doi.org/10.1371/journal.pone.0045392,,,0,0
https://openalex.org/w2163881620,https://doi.org/10.3389/fimmu.2014.00233,,,0,0
https://openalex.org/w1964502902,https://doi.org/10.1097/00004836-199804000-00013,,,0,0
https://openalex.org/w2064212040,https://doi.org/10.1186/ar3968,,,0,0
https://openalex.org/w2497627684,https://doi.org/10.1111/cei.12817,,,0,0
https://openalex.org/w2301408727,https://doi.org/10.1016/j.cytogfr.2016.03.003,,,0,0
https://openalex.org/w2120438973,https://doi.org/10.1136/ard.2008.087957,,,0,0
https://openalex.org/w2782374356,https://doi.org/10.1111/1346-8138.14203,,,0,0
https://openalex.org/w2130924672,https://doi.org/10.1002/ana.21067,,,0,0
https://openalex.org/w2285328925,,,,0,0
https://openalex.org/w2022535136,https://doi.org/10.1007/s00280-007-0594-5,,,0,0
https://openalex.org/w1974876437,https://doi.org/10.1586/14737140.7.7.945,,,0,0
https://openalex.org/w2114840042,https://doi.org/10.1093/rheumatology/kei217,,061-043-427-899-194,0,0
https://openalex.org/w1989625392,https://doi.org/10.1016/0008-8749(92)90087-6,,,0,0
https://openalex.org/w2024423162,https://doi.org/10.1159/000096927,,,0,0
https://openalex.org/w1492587873,https://doi.org/10.1111/cei.12291,,,0,0
https://openalex.org/w2910957168,https://doi.org/10.1136/annrheumdis-2018-eular.3407,,,0,0
https://openalex.org/w2110982533,https://doi.org/10.2174/138945011794815275,,,0,0
https://openalex.org/w2166970213,,,,0,0
https://openalex.org/w2002149554,https://doi.org/10.5812/kowsar.1735143x.733,,,0,0
https://openalex.org/w2476648738,https://doi.org/10.11622/smedj.2016123,,,0,0
https://openalex.org/w2791587201,,,,1,1
https://openalex.org/w2808789152,https://doi.org/10.1002/art.40589,,,0,0
https://openalex.org/w2137178783,https://doi.org/10.1517/14712598.4.4.469,,,0,0
https://openalex.org/w2147691396,https://doi.org/10.1258/jrsm.96.10.481,,021-834-371-557-186,0,0
https://openalex.org/w2102068523,https://doi.org/10.1016/j.msard.2015.07.003,,,0,0
https://openalex.org/w2070478007,https://doi.org/10.1016/j.sder.2005.01.007,,,0,0
https://openalex.org/w2299481294,https://doi.org/10.1200/jco.1990.8.3.460,,,0,0
https://openalex.org/w2049858255,https://doi.org/10.1002/art.24557,,,1,1
https://openalex.org/w1995775311,https://doi.org/10.1016/s1098-3597(01)90058-4,,,0,0
https://openalex.org/w2520792777,https://doi.org/10.4049/jimmunol.1502385,,,0,0
https://openalex.org/w2414792562,,,,1,1
https://openalex.org/w2927137461,https://doi.org/10.3389/fimmu.2019.00578,,,0,0
https://openalex.org/w1982594744,https://doi.org/10.1191/1352458503ms948oa,,,0,0
https://openalex.org/w4292660185,https://doi.org/10.1159/000444354,,,0,0
https://openalex.org/w2634134627,https://doi.org/10.3892/etm.2017.4671,,,0,0
https://openalex.org/w2096453609,https://doi.org/10.1093/rheumatology/ket196,,,0,0
https://openalex.org/w2061421055,https://doi.org/10.1517/14656566.6.1.27,,,0,0
https://openalex.org/w2737902862,https://doi.org/10.3899/jrheum.130301,,,0,0
https://openalex.org/w2520455530,https://doi.org/10.1136/lupus-2016-000179.51,,,0,0
https://openalex.org/w2059648673,https://doi.org/10.1111/j.1365-2133.2005.06505.x,,,0,0
https://openalex.org/w2884516035,https://doi.org/10.3389/fnins.2018.00483,,,0,0
https://openalex.org/w2584413859,https://doi.org/10.1016/j.ebiom.2017.01.042,,,0,0
https://openalex.org/w2061641575,https://doi.org/10.1002/(sici)1096-9098(200001)73:1<21::aid-jso6>3.0.co;2-g,,,0,0
https://openalex.org/w2000023558,https://doi.org/10.1007/s10072-009-0184-x,,,0,0
https://openalex.org/w2258354903,https://doi.org/10.1093/intimm/dxw002,,,0,0
https://openalex.org/w91965583,,,,0,0
https://openalex.org/w138072549,,,,0,0
https://openalex.org/w2004934151,https://doi.org/10.1016/j.molimm.2005.07.013,,,0,0
https://openalex.org/w1975577920,https://doi.org/10.1007/s10165-011-0469-9,,,0,0
https://openalex.org/w2130378976,https://doi.org/10.1089/jir.2006.0110,,,0,0
https://openalex.org/w2520687522,https://doi.org/10.1136/lupus-2016-000179.58,,,0,0
https://openalex.org/w2034868456,https://doi.org/10.2174/157339711794474639,,,0,0
https://openalex.org/w2090861579,https://doi.org/10.1111/j.1601-0825.2007.01432.x,,,0,0
https://openalex.org/w2027393785,https://doi.org/10.1155/2012/798924,,,0,0
https://openalex.org/w2313158566,https://doi.org/10.2174/187152412802430165,,,0,0
https://openalex.org/w1986052810,https://doi.org/10.4161/pri.3.1.8072,,,0,0
https://openalex.org/w2906045703,https://doi.org/10.1136/lupus-2018-000286,,,1,1
https://openalex.org/w193282271,,,,0,0
https://openalex.org/w2101299701,https://doi.org/10.1093/rheumatology/41.3.290,,,0,0
https://openalex.org/w2011625552,https://doi.org/10.1056/nejm198309083091003,,062-177-568-283-019,0,0
https://openalex.org/w1931895392,https://doi.org/10.4049/jimmunol.174.6.3197,,,0,0
https://openalex.org/w2321602390,https://doi.org/10.1136/annrheumdis-2012-eular.1737,,,0,0
https://openalex.org/w1602246135,https://doi.org/10.1002/art.38674,,,0,0
https://openalex.org/w2014830732,https://doi.org/10.1002/art.21749,,,0,0
https://openalex.org/w4234342645,https://doi.org/10.1097/00002281-200211000-00004,,,0,0
https://openalex.org/w2420132570,,,,0,0
https://openalex.org/w1862341041,https://doi.org/10.1002/acr.22720,,,1,1
https://openalex.org/w2560396837,https://doi.org/10.1684/ecn.2016.0378,,,0,0
https://openalex.org/w2028608064,https://doi.org/10.1002/art.20833,,,0,0
https://openalex.org/w2202022139,https://doi.org/10.1136/annrheumdis-2015-207392,,,1,1
https://openalex.org/w2806768380,https://doi.org/10.1080/1744666x.2018.1480937,,,0,0
https://openalex.org/w2098715000,https://doi.org/10.1136/ard.2010.139949,,,1,1
https://openalex.org/w2026223532,https://doi.org/10.1007/s10067-010-1577-1,,,0,0
https://openalex.org/w2014062252,https://doi.org/10.1016/s1359-6446(05)03452-5,,,0,0
https://openalex.org/w2324605323,https://doi.org/10.1097/cad.0b013e32835a5ca3,,,0,0
https://openalex.org/w2052604108,https://doi.org/10.1016/j.tips.2003.10.006,,,0,0
https://openalex.org/w2937713749,https://doi.org/10.1093/rheumatology/kez108.029,,,0,0
https://openalex.org/w1980038929,https://doi.org/10.1001/archneur.64.2.169,,,0,0
https://openalex.org/w2313607879,https://doi.org/10.1182/blood-2016-01-694265,,,0,0
https://openalex.org/w2111595593,https://doi.org/10.1200/jco.2006.05.9873,,,0,0
https://openalex.org/w2811355498,https://doi.org/10.1016/j.virol.2018.06.013,,,0,0
https://openalex.org/w2405845316,,,,0,0
https://openalex.org/w2063108415,https://doi.org/10.1016/j.hoc.2006.06.009,,,0,0
https://openalex.org/w2022081189,https://doi.org/10.1038/gene.2014.2,,,0,0
https://openalex.org/w1994504003,https://doi.org/10.1016/j.semarthrit.2007.05.004,,,0,0
https://openalex.org/w3107278337,https://doi.org/10.1016/j.revmed.2018.03.001,,,0,0
https://openalex.org/w2095927984,https://doi.org/10.1158/1078-0432.ccr-10-2082,,,0,0
https://openalex.org/w1973488241,https://doi.org/10.2174/138161206777947461,,,0,0
https://openalex.org/w2165116712,https://doi.org/10.2174/157488610792245993,,,0,0
https://openalex.org/w2912600062,https://doi.org/10.3389/fimmu.2019.00015,,,0,0
https://openalex.org/w2048531198,https://doi.org/10.1016/j.clim.2014.11.003,,,0,0
https://openalex.org/w2982474992,https://doi.org/10.1177/0961203319885447,,,1,1
https://openalex.org/w2970025364,https://doi.org/10.5606/archrheumatol.2019.7253,,,0,0
https://openalex.org/w1995353727,https://doi.org/10.1038/nrneurol.2012.203,,,0,0
https://openalex.org/w4243818315,https://doi.org/10.1097/00002281-199505000-00006,,,0,0
https://openalex.org/w2229250599,https://doi.org/10.1007/0-306-48382-3_102,,,0,0
https://openalex.org/w2142664470,https://doi.org/10.3109/08916939808996281,,,0,0
https://openalex.org/w2029184484,https://doi.org/10.1080/09546630310020470,,,0,0
https://openalex.org/w2104526552,https://doi.org/10.1186/ar4578,,003-185-553-476-547,0,0
https://openalex.org/w2052251395,https://doi.org/10.1016/s0973-3698(10)60551-1,,,0,0
https://openalex.org/w2145800456,https://doi.org/10.1155/2012/387140,,,0,0
https://openalex.org/w2067598739,https://doi.org/10.1007/s15010-004-3063-7,,,0,0
https://openalex.org/w2761940892,https://doi.org/10.1007/s11926-017-0695-z,,,0,0
https://openalex.org/w2122295644,https://doi.org/10.1186/ar3819,,,1,1
https://openalex.org/w2010647465,https://doi.org/10.1002/jmv.10294,,,0,0
https://openalex.org/w2184068658,https://doi.org/10.1002/art.39296,,,0,0
https://openalex.org/w2167016325,https://doi.org/10.1093/ndt/gfh864,,,0,0
https://openalex.org/w2465556751,,,,0,0
https://openalex.org/w179047846,https://doi.org/10.2165/00128071-200708030-00002,,,0,0
https://openalex.org/w2417328942,https://doi.org/10.1080/07853890.1993.12088576,,,0,0
https://openalex.org/w2005259489,https://doi.org/10.3109/08916934.2013.866102,,,0,0
https://openalex.org/w2076207040,https://doi.org/10.1007/s11940-006-0002-1,,,0,0
https://openalex.org/w2090170487,https://doi.org/10.1177/0961203310364400,,,0,0
https://openalex.org/w72553817,,,,0,0
https://openalex.org/w2963679300,https://doi.org/10.4414/smw.2019.20072,,,0,0
https://openalex.org/w145740395,https://doi.org/10.1016/s1064-7406(23)00487-x,,,0,0
https://openalex.org/w2920484447,https://doi.org/10.23736/s0392-0488.17.05624-3,,,0,0
https://openalex.org/w1992584670,https://doi.org/10.1111/j.1365-2249.2005.02819.x,,,0,0
https://openalex.org/w2166581483,https://doi.org/10.3109/09273948.2010.483318,,,0,0
https://openalex.org/w2096906176,https://doi.org/10.1517/13543784.2014.918604,,,0,0
https://openalex.org/w1977123411,https://doi.org/10.1046/j.1365-2249.2002.01752.x,,,0,0
https://openalex.org/w2756706327,https://doi.org/10.3892/mmr.2017.7619,,,0,0
https://openalex.org/w4236891863,https://doi.org/10.1111/j.1752-8062.2011.00269.x,,,0,0
https://openalex.org/w2083871756,https://doi.org/10.1046/j.1468-3083.2002.00487_11.x,,,0,0
https://openalex.org/w2159699011,https://doi.org/10.1126/scitranslmed.3001001,,,0,0
https://openalex.org/w2888206660,https://doi.org/10.1007/s40263-018-0564-y,,,0,0
https://openalex.org/w1976310007,https://doi.org/10.3899/jrheum.120987,,,0,0
https://openalex.org/w2320033559,https://doi.org/10.1136/annrheumdis-2011-201235.3,,,0,0
https://openalex.org/w2749984178,https://doi.org/10.1002/adbi.201700077,,,0,0
https://openalex.org/w2944526582,https://doi.org/10.1016/j.jaut.2019.05.002,,,0,0
https://openalex.org/w2238025998,,,,0,0
https://openalex.org/w2134187392,https://doi.org/10.1136/ard.60.4.372,,,0,0
https://openalex.org/w2121510700,https://doi.org/10.1093/infdis/jis643,,,0,0
https://openalex.org/w3010428751,,,,0,0
https://openalex.org/w2147651204,https://doi.org/10.1371/journal.pone.0015492,,,0,0
https://openalex.org/w2008099874,https://doi.org/10.1159/000345365,,,0,0
https://openalex.org/w3015648158,,,,0,0
https://openalex.org/w2939453717,,,,0,0
https://openalex.org/w2027709253,https://doi.org/10.1002/eji.200838184,,,0,0
https://openalex.org/w2090784874,https://doi.org/10.1007/bf02087878,,,0,0
https://openalex.org/w2023163927,https://doi.org/10.1016/j.cyto.2012.06.168,,,0,0
https://openalex.org/w2090599894,https://doi.org/10.1016/j.cyto.2011.07.090,,,0,0
https://openalex.org/w2037084854,https://doi.org/10.1016/j.bbi.2009.09.009,,,0,0
https://openalex.org/w2192513119,https://doi.org/10.1016/j.clim.2015.12.001,,,1,1
https://openalex.org/w2041129918,https://doi.org/10.1007/s11938-004-0006-4,,,0,0
https://openalex.org/w2080851104,https://doi.org/10.1007/s10620-007-0129-2,,,0,0
https://openalex.org/w2023384896,https://doi.org/10.1186/1546-0096-9-s1-p107,,,0,0
https://openalex.org/w2947106371,https://doi.org/10.1007/s00296-019-04335-3,,,1,1
https://openalex.org/w2146822227,https://doi.org/10.1016/j.survophthal.2004.04.008,,,0,0
https://openalex.org/w2328081479,https://doi.org/10.1097/00001703-199901000-00005,,,0,0
https://openalex.org/w201109084,,,,0,0
https://openalex.org/w2031146029,https://doi.org/10.1007/s00011-007-7136-9,,,0,0
https://openalex.org/w2009012595,https://doi.org/10.1007/s10067-011-1799-x,,,0,0
https://openalex.org/w2101529665,https://doi.org/10.1586/ecp.12.59,,,0,0
https://openalex.org/w2136136441,https://doi.org/10.1111/j.1365-2893.2005.00681.x,,,0,0
https://openalex.org/w2568276179,https://doi.org/10.1016/j.ejmg.2016.12.004,,,0,0
https://openalex.org/w2024904753,https://doi.org/10.1111/j.1699-0463.1985.tb02926.x,,,0,0
https://openalex.org/w1985494755,https://doi.org/10.1159/000017927,,,0,0
https://openalex.org/w2165906868,https://doi.org/10.1136/ard.2010.141077,,,0,0
https://openalex.org/w1987729404,https://doi.org/10.1016/j.jocn.2012.12.022,,,0,0
https://openalex.org/w2003069945,https://doi.org/10.1016/j.cyto.2011.07.400,,,0,0
https://openalex.org/w2474526806,https://doi.org/10.1002/art.39810,,,0,0
https://openalex.org/w2489282153,https://doi.org/10.1038/nrrheum.2016.120,,,0,0
https://openalex.org/w2803180396,https://doi.org/10.1093/ndt/gfy104.sp102,,,0,0
https://openalex.org/w2767541865,https://doi.org/10.1084/jem.20170479,,,0,0
https://openalex.org/w2396126472,,,,0,0
https://openalex.org/w2053744705,https://doi.org/10.1016/s0047-6374(01)00279-2,,,0,0
https://openalex.org/w2156694350,https://doi.org/10.1517/13543784.9.9.2007,,,0,0
https://openalex.org/w2031062917,https://doi.org/10.1371/journal.pone.0021671,,,0,0
https://openalex.org/w2014414592,https://doi.org/10.1245/s10434-009-0525-2,,,0,0
https://openalex.org/w2605490210,https://doi.org/10.1186/s13045-017-0457-4,,,0,0
https://openalex.org/w2106918942,https://doi.org/10.1093/dnares/dsi020,,,0,0
https://openalex.org/w1973213853,https://doi.org/10.1016/j.bbi.2010.07.234,,,0,0
https://openalex.org/w2065727429,https://doi.org/10.1016/s0168-8278(02)00067-3,,,0,0
https://openalex.org/w2106318553,https://doi.org/10.4049/jimmunol.1102209,,,0,0
https://openalex.org/w1988974635,https://doi.org/10.3816/clm.2007.s.008,,,0,0
https://openalex.org/w2044158364,https://doi.org/10.1016/s0190-9622(96)90119-x,,,0,0
https://openalex.org/w2289684049,https://doi.org/10.1189/jlb.5hi0215-042r,,,0,0
https://openalex.org/w2127521853,https://doi.org/10.1155/2012/934161,,,0,0
https://openalex.org/w2166768418,https://doi.org/10.1016/s0140-6736(08)60955-1,,,0,0
https://openalex.org/w2206541367,https://doi.org/10.1136/annrheumdis-2014-206090,,,1,1
https://openalex.org/w2527619448,https://doi.org/10.14309/crj.2016.107,,,0,0
https://openalex.org/w3188869355,https://doi.org/10.1007/s11940-010-0111-8,,,0,0
https://openalex.org/w150530955,https://doi.org/10.1016/j.cyto.2013.06.022,,,0,0
https://openalex.org/w2150512740,https://doi.org/10.1016/j.clim.2010.03.345,,,0,0
https://openalex.org/w1993089359,https://doi.org/10.1007/s11926-010-0152-8,,,0,0
https://openalex.org/w2070994390,https://doi.org/10.1016/j.jns.2013.10.028,,,0,0
https://openalex.org/w2019996472,https://doi.org/10.2169/internalmedicine.49.3328,,,0,0
https://openalex.org/w2007658220,https://doi.org/10.2146/ajhp070482,,,0,0
https://openalex.org/w2161274083,https://doi.org/10.1001/archderm.144.10.1341,,,0,0
https://openalex.org/w2076997221,https://doi.org/10.1111/j.1365-2893.2004.00506.x,,,0,0
https://openalex.org/w3025576394,https://doi.org/10.1056/nejm198501173120304,,,0,0
https://openalex.org/w2402467473,https://doi.org/10.4049/jimmunol.1502190,,,0,0
https://openalex.org/w2170747751,https://doi.org/10.1002/hep.26991,,,0,0
https://openalex.org/w73656805,https://doi.org/10.1016/s0973-3698(10)60058-1,,,0,0
https://openalex.org/w812457347,,,,0,0
https://openalex.org/w2062273691,https://doi.org/10.4155/cli.10.32,,,0,0
https://openalex.org/w2555671827,https://doi.org/10.1136/annrheumdis-2016-eular.2231,,,0,0
https://openalex.org/w2089098618,https://doi.org/10.1038/ni.0911-805,,,0,0
https://openalex.org/w2319077770,https://doi.org/10.1038/sj.leu.2401104,,,0,0
https://openalex.org/w2440887588,https://doi.org/10.47102/annals-acadmedsg.v36n6p438,,,0,0
https://openalex.org/w2182900299,,,,0,0
https://openalex.org/w2053693620,https://doi.org/10.1007/bf02031605,,,0,0
https://openalex.org/w2462016243,https://doi.org/10.1097/bor.0000000000000324,,,0,0
https://openalex.org/w2170819156,https://doi.org/10.1586/eci.11.29,,025-446-014-916-460,0,0
https://openalex.org/w2312301643,https://doi.org/10.1097/01.ede.0000416601.86047.1e,,,0,0
https://openalex.org/w2089356613,https://doi.org/10.1002/art.1780160403,,,0,0
https://openalex.org/w1973203301,https://doi.org/10.1053/j.seminhematol.2007.11.004,,,0,0
https://openalex.org/w2069329441,https://doi.org/10.1007/s10067-009-1218-8,,,0,0
https://openalex.org/w1996669689,https://doi.org/10.1159/000075046,,,0,0
https://openalex.org/w1987592371,https://doi.org/10.2165/00023210-200721060-00005,,,0,0
https://openalex.org/w2067045681,https://doi.org/10.1007/s00296-011-1845-7,,,0,0
https://openalex.org/w2050279724,https://doi.org/10.1016/j.drudis.2012.01.007,,,0,0
https://openalex.org/w2079096464,https://doi.org/10.2169/internalmedicine.41.754,,,0,0
https://openalex.org/w1977858644,https://doi.org/10.1136/jnnp-2012-303121,,,0,0
https://openalex.org/w2039899195,https://doi.org/10.3949/ccjm.72.11.1005,,,0,0
https://openalex.org/w1527252739,https://doi.org/10.1002/cncr.25648,,,0,0
https://openalex.org/w2098269141,https://doi.org/10.4269/ajtmh.12-0674,,,0,0
https://openalex.org/w2040837374,https://doi.org/10.1371/journal.pone.0041414,,,0,0
https://openalex.org/w2905562872,https://doi.org/10.3389/fimmu.2018.02824,,,0,0
https://openalex.org/w2001243977,https://doi.org/10.2165/11596920-000000000-00000,,,0,0
https://openalex.org/w2528288295,https://doi.org/10.1007/s11926-016-0616-6,,,0,0
https://openalex.org/w1585738957,https://doi.org/10.1111/cei.12001,,,0,0
https://openalex.org/w2110335973,https://doi.org/10.1007/s10067-004-0966-8,,,0,0
https://openalex.org/w2096626379,https://doi.org/10.1146/annurev.immunol.021908.132620,,,0,0
https://openalex.org/w1815777112,https://doi.org/10.1007/s40263-015-0277-4,,,0,0
https://openalex.org/w1983357192,https://doi.org/10.1111/j.1398-9995.1986.tb02030.x,,,0,0
https://openalex.org/w2396763001,,,,0,0
https://openalex.org/w2737039264,https://doi.org/10.1002/art.40163,,,0,0
https://openalex.org/w2800831089,https://doi.org/10.1007/s00393-018-0464-z,,,0,0
https://openalex.org/w1997745815,https://doi.org/10.2165/00023210-200418080-00004,,,0,0
https://openalex.org/w2470167837,,,,0,0
https://openalex.org/w2344145904,https://doi.org/10.1002/art.39607,,,0,0
https://openalex.org/w2141040327,https://doi.org/10.1074/jbc.m509796200,,,0,0
https://openalex.org/w2004369742,https://doi.org/10.1093/rheumatology/ker094,,,0,0
https://openalex.org/w1997125513,https://doi.org/10.1007/s10875-015-0147-3,,,0,0
https://openalex.org/w2254481882,https://doi.org/10.1200/jco.2013.31.15_suppl.e20027,,,0,0
https://openalex.org/w2095037231,https://doi.org/10.2165/00002018-200022020-00006,,,0,0
https://openalex.org/w4200178834,https://doi.org/10.13040/ijpsr.0975-8232,,,0,0
https://openalex.org/w1980413201,https://doi.org/10.1016/j.clim.2014.04.013,,,0,0
https://openalex.org/w2339062418,https://doi.org/10.1016/j.intimp.2016.03.016,,,0,0
https://openalex.org/w1600022398,https://doi.org/10.3389/fimmu.2015.00334,,,0,0
https://openalex.org/w2043562527,https://doi.org/10.1586/eci.09.80,,,0,0
https://openalex.org/w1996267272,https://doi.org/10.2165/00148365-200605030-00004,,,0,0
https://openalex.org/w2323546860,https://doi.org/10.1016/j.cyto.2010.07.416,,,0,0
https://openalex.org/w2040140128,https://doi.org/10.1007/s11938-004-0008-2,,,0,0
https://openalex.org/w2037587773,https://doi.org/10.1016/j.it.2005.09.001,,,0,0
https://openalex.org/w1993167331,https://doi.org/10.1002/eji.200636368,,,0,0
https://openalex.org/w2123524266,https://doi.org/10.1586/era.12.13,,,0,0
https://openalex.org/w2024950454,https://doi.org/10.1097/rhu.0b013e3181775e80,,,0,0
https://openalex.org/w2065132333,https://doi.org/10.1002/art.27509,,,1,1
https://openalex.org/w2805320397,https://doi.org/10.2147/jir.s167199,,,0,0
https://openalex.org/w2314772992,https://doi.org/10.11501/3081088,,,0,0
https://openalex.org/w2030016604,https://doi.org/10.1111/j.1346-8138.2005.tb00856.x,,,0,0
https://openalex.org/w2069763336,https://doi.org/10.1016/j.amjmed.2008.03.011,,,0,0
https://openalex.org/w2081756011,https://doi.org/10.1001/archneurol.2011.45,,,0,0
https://openalex.org/w2069008021,https://doi.org/10.1371/journal.pone.0038449,,,0,0
https://openalex.org/w2021075966,https://doi.org/10.1182/blood-2008-03-143586,,,0,0
https://openalex.org/w1642137460,https://doi.org/10.1016/j.cyto.2015.08.069,,,0,0
https://openalex.org/w2428482454,,,,0,0
https://openalex.org/w2055854987,https://doi.org/10.1002/art.24600,,,0,0
https://openalex.org/w2058899208,https://doi.org/10.1016/s0190-9622(87)70160-1,,,0,0
https://openalex.org/w2058304967,https://doi.org/10.1016/j.clim.2014.06.001,,,0,0
https://openalex.org/w2589682409,https://doi.org/10.2174/1389201018666170207141525,,,0,0
https://openalex.org/w1979995248,https://doi.org/10.1016/j.cyto.2011.07.381,,,0,0
https://openalex.org/w1637444459,https://doi.org/10.1016/j.gpb.2015.06.002,,,0,0
https://openalex.org/w92552649,,,,0,0
https://openalex.org/w2083808408,https://doi.org/10.1186/s13075-015-0588-3,,,0,0
https://openalex.org/w2162109149,https://doi.org/10.1586/14737140.4.3.437,,,0,0
https://openalex.org/w2334099099,https://doi.org/10.1136/annrheumdis-2013-eular.9,,,0,0
https://openalex.org/w2325089459,https://doi.org/10.1038/nrrheum.2013.143,,,0,0
https://openalex.org/w2327291478,https://doi.org/10.1016/j.jns.2013.07.1445,,,0,0
https://openalex.org/w2046856087,https://doi.org/10.1016/s0190-9622(98)70089-1,,,0,0
https://openalex.org/w1967629686,https://doi.org/10.2169/internalmedicine.46.0064,,,0,0
https://openalex.org/w2403057000,https://doi.org/10.1002/art.38677,,,0,0
https://openalex.org/w2106586699,https://doi.org/10.2147/ott.s87448,,,0,0
https://openalex.org/w2069657068,https://doi.org/10.1007/s10875-013-9938-6,,,0,0
https://openalex.org/w2406399334,,,,0,0
https://openalex.org/w2030684251,https://doi.org/10.1016/j.autrev.2014.01.053,,,0,0
https://openalex.org/w4292599804,https://doi.org/10.1007/s12072-014-9519-7,,,0,0
https://openalex.org/w1816543406,https://doi.org/10.1111/j.1742-1241.2011.02721.x,,,0,0
https://openalex.org/w2334315292,https://doi.org/10.1002/ibd.21939,,,0,0
https://openalex.org/w2050301093,https://doi.org/10.1016/s0168-8278(13)60005-7,,,0,0
https://openalex.org/w2077402695,https://doi.org/10.1016/j.yexmp.2008.03.004,,,0,0
https://openalex.org/w2035487604,https://doi.org/10.1016/j.dld.2007.06.002,,,0,0
https://openalex.org/w2007859089,https://doi.org/10.1517/17460441.3.3.311,,,0,0
https://openalex.org/w1985734763,https://doi.org/10.1097/00002281-199401000-00014,,,0,0
https://openalex.org/w2460271097,https://doi.org/10.1007/s40262-016-0426-z,,,0,0
https://openalex.org/w2033963976,https://doi.org/10.1016/j.nmd.2004.01.001,,,0,0
https://openalex.org/w1978334548,https://doi.org/10.1111/j.1365-2249.2009.03998.x,,,0,0
https://openalex.org/w2339717273,https://doi.org/10.1080/14737159.2016.1174579,,,0,0
https://openalex.org/w2882983189,https://doi.org/10.1055/s-0038-1666823,,,0,0
https://openalex.org/w2248207514,https://doi.org/10.1007/s00467-013-2523-7,,,0,0
https://openalex.org/w2088984826,https://doi.org/10.1016/j.mam.2008.09.001,,,0,0
https://openalex.org/w2060312406,https://doi.org/10.1007/s12016-007-8019-0,,,0,0
https://openalex.org/w2133387664,https://doi.org/10.1016/j.iac.2013.09.007,,,0,0
https://openalex.org/w1967077474,https://doi.org/10.3109/10428190009054886,,,0,0
https://openalex.org/w2145974764,https://doi.org/10.1016/j.bbmt.2011.11.020,,,0,0
https://openalex.org/w3206102929,https://doi.org/10.1111/exd.13893,,,0,0
https://openalex.org/w2111419566,https://doi.org/10.1177/0961203315575586,,,0,0
https://openalex.org/w1987596886,https://doi.org/10.1182/blood-2010-04-279240,,,0,0
https://openalex.org/w2013559177,https://doi.org/10.1182/blood-2010-03-274605,,,1,1
https://openalex.org/w1998958273,https://doi.org/10.1016/j.jhep.2011.08.006,,,0,0
https://openalex.org/w2139577389,https://doi.org/10.1186/1750-1172-6-76,,,0,0
https://openalex.org/w1979037559,https://doi.org/10.1016/j.immuni.2013.01.012,,,0,0
https://openalex.org/w2924606281,https://doi.org/10.1186/s40169-018-0218-1,,,0,0
https://openalex.org/w4256677962,https://doi.org/10.1016/j.pcl.2012.03.005,,,0,0
https://openalex.org/w2055395856,https://doi.org/10.1136/ard.2010.129585k,,,0,0
https://openalex.org/w2159847508,https://doi.org/10.1177/0004867413488220,,,0,0
https://openalex.org/w2135524189,https://doi.org/10.1378/chest.08-3043,,,0,0
https://openalex.org/w2117996761,https://doi.org/10.1007/s00296-005-0100-5,,,0,0
https://openalex.org/w4242448008,https://doi.org/10.1016/s0002-9270(01)04136-3,,,0,0
https://openalex.org/w2050195386,https://doi.org/10.1016/j.iac.2004.01.007,,,0,0
https://openalex.org/w4250623925,https://doi.org/10.1111/j.1756-185x.2012.01778.x,,,0,0
https://openalex.org/w1986680162,https://doi.org/10.1016/j.jaut.2012.01.009,,,0,0
https://openalex.org/w1986488018,https://doi.org/10.2174/1871523011107020121,,,0,0
https://openalex.org/w148604462,https://doi.org/10.1007/0-387-24180-9_14,,,0,0
https://openalex.org/w2136394997,https://doi.org/10.1084/jem.194.12.f59,,,0,0
https://openalex.org/w2058709868,https://doi.org/10.1016/j.coi.2008.06.003,,,0,0
https://openalex.org/w2973461358,,,,0,0
https://openalex.org/w2324043781,https://doi.org/10.1038/nrrheum.2016.24,,,0,0
https://openalex.org/w2982968905,,,,0,0
https://openalex.org/w2034891769,https://doi.org/10.1002/art.1780290407,,,1,1
https://openalex.org/w2156946625,https://doi.org/10.1517/21678707.2014.883919,,,0,0
https://openalex.org/w2114942536,https://doi.org/10.1016/s1474-4422(10)70033-8,,,0,0
https://openalex.org/w2048467671,https://doi.org/10.1016/j.jaci.2010.04.022,,018-494-566-676-728,0,0
https://openalex.org/w1972705538,https://doi.org/10.1586/era.09.157,,,0,0
https://openalex.org/w2002488023,https://doi.org/10.1136/bjo.2003.037192,,,0,0
https://openalex.org/w2029273266,https://doi.org/10.1016/j.autrev.2009.04.001,,,0,0
https://openalex.org/w2188522317,https://doi.org/10.7196/samj.2015.v105i12.10341,,,0,0
https://openalex.org/w2089107286,https://doi.org/10.1007/s11481-012-9360-5,,,0,0
https://openalex.org/w2481496926,https://doi.org/10.1016/j.phrs.2016.07.038,,,0,0
https://openalex.org/w2016769058,https://doi.org/10.1016/j.mce.2009.12.006,,,0,0
https://openalex.org/w2156760697,https://doi.org/10.1093/rheumatology/38.4.362,,,0,0
https://openalex.org/w2003815669,https://doi.org/10.1517/14656566.6.1.105,,,0,0
https://openalex.org/w2206820180,https://doi.org/10.3892/mmr.2015.4698,,,0,0
https://openalex.org/w1993355758,https://doi.org/10.1159/000057631,,,0,0
https://openalex.org/w2141676459,https://doi.org/10.1155/2013/545631,,,0,0
https://openalex.org/w2253253657,https://doi.org/10.4081/reumatismo.2015.839,,,1,1
https://openalex.org/w2112731463,https://doi.org/10.1136/ard.2010.129668v,,,0,0
https://openalex.org/w2171112909,https://doi.org/10.1016/s0140-6736(15)60345-2,,,0,0
https://openalex.org/w2033143377,https://doi.org/10.1111/j.1399-0004.2011.01825.x,,,0,0
https://openalex.org/w2084936648,https://doi.org/10.1111/j.1365-2265.2009.03740.x,,,0,0
https://openalex.org/w2478788944,https://doi.org/10.1136/annrheumdis-2016-209442,,,1,1
https://openalex.org/w2116381014,https://doi.org/10.4049/jimmunol.1300376,,,0,1
https://openalex.org/w2342818471,https://doi.org/10.1002/acr.22918,,,0,0
https://openalex.org/w2939089742,https://doi.org/10.1016/j.cmrp.2019.03.006,,,0,0
https://openalex.org/w2520210965,https://doi.org/10.1016/j.jaad.2009.11.408,,,0,0
https://openalex.org/w2410664761,,,,0,0
https://openalex.org/w2050941607,https://doi.org/10.1016/j.bbcan.2013.05.003,,,0,0
https://openalex.org/w2396144638,,,,0,0
https://openalex.org/w2913235038,https://doi.org/10.3389/fimmu.2019.00100,,,1,1
https://openalex.org/w1982938623,https://doi.org/10.1517/21678707.2013.821948,,,0,0
https://openalex.org/w1966015047,https://doi.org/10.1023/b:qure.0000015297.91158.01,,,0,0
https://openalex.org/w2040613242,https://doi.org/10.1007/s10384-004-0144-1,,,0,0
https://openalex.org/w2298191003,https://doi.org/10.1586/1744666x.2016.1166052,,,0,0
https://openalex.org/w2248905339,,,,0,0
https://openalex.org/w1965788125,https://doi.org/10.1186/1546-0096-12-s1-p321,,,0,0
https://openalex.org/w2117814067,https://doi.org/10.1016/j.febslet.2011.10.030,,,0,0
https://openalex.org/w1997698838,https://doi.org/10.1016/s0248-8663(02)00665-3,,,0,0
https://openalex.org/w2145271539,https://doi.org/10.1001/archderm.138.4.467,,,0,0
https://openalex.org/w1999436791,https://doi.org/10.1046/j.1365-2893.2000.00215.x,,,0,0
https://openalex.org/w2198587984,https://doi.org/10.3389/fimmu.2015.00544,,,0,0
https://openalex.org/w2149840720,https://doi.org/10.1136/annrheumdis-2012-201586,,,1,1
https://openalex.org/w1997610571,https://doi.org/10.1016/j.semarthrit.2007.10.001,,,0,0
https://openalex.org/w2170042025,https://doi.org/10.1111/joim.12375,,,0,0
https://openalex.org/w1973094970,https://doi.org/10.1016/s0889-857x(02)00097-2,,,0,0
https://openalex.org/w2040488187,https://doi.org/10.1053/j.seminhematol.2009.01.007,,,0,0
https://openalex.org/w4233069944,https://doi.org/10.1016/j.coi.2012.10.007,,,0,0
https://openalex.org/w2042204117,https://doi.org/10.1016/s0300-483x(02)00051-3,,,0,0
https://openalex.org/w42721385,,,,0,0
https://openalex.org/w2318150329,https://doi.org/10.2119/molmed.2011.00055,,,0,0
https://openalex.org/w2035718151,https://doi.org/10.1002/art.34571,,,0,0
https://openalex.org/w2744858754,https://doi.org/10.1136/annrheumdis-2016-211053.14,,,0,0
https://openalex.org/w2019069143,https://doi.org/10.4137/cmt.s6792,,,0,0
https://openalex.org/w2030561998,https://doi.org/10.1007/s11882-005-0077-x,,,0,0
https://openalex.org/w4234390456,https://doi.org/10.1111/hepr.12020,,027-889-236-453-989,0,0
https://openalex.org/w2015109537,https://doi.org/10.1179/joc.2005.17.6.651,,,0,0
https://openalex.org/w2051101978,https://doi.org/10.2174/187152808784165162,,,0,0
https://openalex.org/w4234793226,https://doi.org/10.1111/j.1423-0410.2009.01156.x,,,0,0
https://openalex.org/w2322180013,https://doi.org/10.5694/mja11.10249,,,0,0
https://openalex.org/w2135279122,https://doi.org/10.1182/blood.v95.10.3223,,,0,0
https://openalex.org/w1980693342,https://doi.org/10.7326/0003-4819-116-5-427_1,,033-144-167-697-699,0,0
https://openalex.org/w1983890801,https://doi.org/10.1902/jop.2008.070309,,,0,0
https://openalex.org/w1999104926,https://doi.org/10.1038/sj.gene.6364430,,,0,0
https://openalex.org/w2033368802,https://doi.org/10.1016/0272-6386(95)90095-0,,,0,0
https://openalex.org/w1573057296,https://doi.org/10.1016/b978-0-12-387663-8.00004-1,,,0,0
https://openalex.org/w1841914001,https://doi.org/10.1055/s-0037-1613087,,,0,0
https://openalex.org/w1980376904,https://doi.org/10.1136/jnnp.62.1.100,,,0,0
https://openalex.org/w2900066742,https://doi.org/10.1007/s11926-018-0792-7,,,0,0
https://openalex.org/w1891725391,https://doi.org/10.1080/19420862.2015.1007810,,,0,0
https://openalex.org/w2035350669,https://doi.org/10.1097/bor.0b013e32832e089e,,,0,0
https://openalex.org/w2527231568,https://doi.org/10.1177/0300060515593231,,,0,0
https://openalex.org/w90681604,https://doi.org/10.2340/0001555575234236,,,0,0
https://openalex.org/w2074115660,https://doi.org/10.1016/j.bbagen.2010.08.005,,,0,0
https://openalex.org/w2050830830,https://doi.org/10.1097/meg.0b013e32833834bc,,,0,0
https://openalex.org/w1965493606,https://doi.org/10.1038/leu.2010.215,,,0,0
https://openalex.org/w2496812908,https://doi.org/10.1093/rheumatology/kew288,,,1,1
https://openalex.org/w2075959289,https://doi.org/10.1016/j.cellimm.2013.07.017,,,0,0
https://openalex.org/w1986309721,https://doi.org/10.1016/j.rdc.2011.07.003,,,0,0
https://openalex.org/w2003742562,https://doi.org/10.1046/j.1365-2249.2000.01361.x,,,0,0
https://openalex.org/w2937672228,https://doi.org/10.3389/fimmu.2019.00817,,,0,0
https://openalex.org/w2050728617,https://doi.org/10.1002/pbc.22484,,,0,0
https://openalex.org/w1810310464,https://doi.org/10.1002/eji.201445349,,,0,0
https://openalex.org/w2149380153,https://doi.org/10.1186/ar2912,,,1,1
https://openalex.org/w2094318390,https://doi.org/10.1038/nrrheum.2009.237,,,0,0
https://openalex.org/w2935984078,https://doi.org/10.1136/lupus-2019-lsm.183,,,0,0
https://openalex.org/w145519985,https://doi.org/10.1097/01.smj.0000077066.27020.9c,,,0,0
https://openalex.org/w1979651550,https://doi.org/10.1161/circresaha.108.190280,,,0,0
https://openalex.org/w579820641,https://doi.org/10.1371/journal.pone.0127960,,,0,0
https://openalex.org/w2314719542,https://doi.org/10.1177/1535370214525299,,,0,0
https://openalex.org/w2043457297,https://doi.org/10.1136/lupus-2014-000026,,,1,1
https://openalex.org/w2119340816,https://doi.org/10.1016/j.jacc.2013.05.019,,078-949-502-772-782,0,0
https://openalex.org/w2152057471,https://doi.org/10.1002/eji.200737882,,,0,0
https://openalex.org/w2138079461,https://doi.org/10.1016/s1474-4422(08)70110-8,,,0,0
https://openalex.org/w2169037993,https://doi.org/10.1136/archdischild-2013-304397,,,0,0
https://openalex.org/w2004385156,https://doi.org/10.3810/pgm.1999.03.656,,022-757-907-047-871,0,0
https://openalex.org/w2946411578,https://doi.org/10.3389/fimmu.2019.01029,,,0,0
https://openalex.org/w2087794061,https://doi.org/10.1111/j.1749-6632.2009.04800.x,,,0,0
https://openalex.org/w2074076654,https://doi.org/10.1007/s11899-007-0004-4,,,0,0
https://openalex.org/w2076956606,https://doi.org/10.1158/1078-0432.ccr-14-2468,,,0,0
https://openalex.org/w2090099695,https://doi.org/10.1186/ar2382,,,0,0
https://openalex.org/w2168143310,https://doi.org/10.1056/nejmoa1112302,,,0,0
https://openalex.org/w2590897189,https://doi.org/10.1016/j.jhep.2017.02.010,,,0,0
https://openalex.org/w2113666356,https://doi.org/10.1167/iovs.06-0058,,,0,0
https://openalex.org/w2079555555,https://doi.org/10.1007/s10067-008-0972-3,,,0,0
https://openalex.org/w2057696929,https://doi.org/10.7326/0003-4819-123-1-199507010-00007,,,0,0
https://openalex.org/w2024934822,https://doi.org/10.1016/j.rdc.2004.04.009,,,0,0
https://openalex.org/w1965564689,https://doi.org/10.1097/md.0000000000000088,,,0,0
https://openalex.org/w2965385785,https://doi.org/10.1136/annrheumdis-2019-215355,,,0,0
https://openalex.org/w2016899230,https://doi.org/10.1084/jem.20021996,,,0,0
https://openalex.org/w2016837741,https://doi.org/10.1212/wnl.46.4.1016,,,0,0
https://openalex.org/w1733102599,https://doi.org/10.1002/art.38189,,,0,0
https://openalex.org/w2918342364,https://doi.org/10.1016/j.jfo.2019.02.002,,,0,0
https://openalex.org/w1782848274,https://doi.org/10.1111/j.2042-7158.2011.01415.x,,,0,0
https://openalex.org/w2420794905,,,,0,0
https://openalex.org/w2162810200,https://doi.org/10.3109/01913129109021300,,,0,0
https://openalex.org/w2049361817,https://doi.org/10.1016/j.nbd.2009.11.015,,,0,0
https://openalex.org/w2410823449,,,,0,0
https://openalex.org/w1968273540,https://doi.org/10.1007/s007050050100,,,0,0
https://openalex.org/w1564653542,https://doi.org/10.1002/jcla.20501,,,1,1
https://openalex.org/w2077291760,https://doi.org/10.1038/nri1900,,,0,0
https://openalex.org/w2120380327,https://doi.org/10.1177/0961203312451200,,,0,0
https://openalex.org/w2138808823,https://doi.org/10.1086/656624,,,0,0
https://openalex.org/w1856482210,,,,0,0
https://openalex.org/w4252379959,https://doi.org/10.1097/00019052-199908000-00003,,,0,0
https://openalex.org/w2008547112,https://doi.org/10.1016/j.coi.2014.10.004,,,0,0
https://openalex.org/w2146198575,https://doi.org/10.1186/1750-1172-9-16,,,0,0
https://openalex.org/w1749702789,https://doi.org/10.2165/00148581-200911040-00002,,,0,0
https://openalex.org/w2915968755,https://doi.org/10.1097/meg.0000000000001283,,,0,0
https://openalex.org/w2909280318,https://doi.org/10.1136/annrheumdis-2018-eular.1222,,,0,0
https://openalex.org/w2325200731,https://doi.org/10.1358/dof.2009.034.09.1424168,,,0,0
https://openalex.org/w2025338109,https://doi.org/10.1002/art.24703,,,0,0
https://openalex.org/w2775143705,https://doi.org/10.1038/s41590-017-0012-z,,,0,0
https://openalex.org/w2102515229,https://doi.org/10.1016/j.otc.2012.03.006,,,0,0
https://openalex.org/w2039029653,https://doi.org/10.1186/ar3944,,,0,0
https://openalex.org/w2075933474,https://doi.org/10.1016/j.clim.2011.11.003,,,0,0
https://openalex.org/w1967429097,https://doi.org/10.1016/j.clim.2007.06.008,,,0,0
https://openalex.org/w2888975844,https://doi.org/10.1186/s13075-018-1689-6,,,0,0
https://openalex.org/w2004188666,https://doi.org/10.1055/s-2005-873058,,,0,0
https://openalex.org/w2099769116,https://doi.org/10.1016/j.blre.2014.06.003,,,0,0
https://openalex.org/w4240405247,https://doi.org/10.1155/2015/398076,,029-880-850-522-86X,0,0
https://openalex.org/w2460814285,https://doi.org/10.1093/cid/ciw379,,,0,0
https://openalex.org/w1996879916,https://doi.org/10.1097/01.bor.0000130287.62007.9f,,,0,0
https://openalex.org/w1898593257,https://doi.org/10.1111/j.1365-2265.2010.03855.x,,,0,0
https://openalex.org/w1978552874,https://doi.org/10.1016/j.autrev.2014.10.010,,,0,0
https://openalex.org/w1638582063,,,,0,0
https://openalex.org/w2104722637,https://doi.org/10.1002/14651858.cd011018.pub2,,,0,0
https://openalex.org/w2414280657,,,,0,0
https://openalex.org/w2025568493,https://doi.org/10.1038/ki.2010.472,,,0,0
https://openalex.org/w2024834376,https://doi.org/10.1002/jcp.22684,,,0,0
https://openalex.org/w1462667970,https://doi.org/10.1177/0961203315603138,,,0,0
https://openalex.org/w2128783099,https://doi.org/10.1007/s10165-012-0642-9,,,0,0
https://openalex.org/w1529898386,https://doi.org/10.4049/jimmunol.188.supp.171.1,,,0,0
https://openalex.org/w2411984946,,,,0,1
https://openalex.org/w1946192834,https://doi.org/10.1111/j.1440-1746.2011.06965.x,,,0,0
https://openalex.org/w331142363,https://doi.org/10.1007/s00281-015-0500-x,,,0,0
https://openalex.org/w2408886117,,,,0,0
https://openalex.org/w2327223536,https://doi.org/10.4049/jimmunol.1403168,,,0,0
https://openalex.org/w2413309095,https://doi.org/10.1097/bor.0000000000000308,,,0,0
https://openalex.org/w2070382381,https://doi.org/10.3928/0090-4481-20070401-05,,,0,0
https://openalex.org/w2620658614,https://doi.org/10.1515/amb-2017-0010,,,0,0
https://openalex.org/w2441992362,,,,0,0
https://openalex.org/w2017922895,https://doi.org/10.1111/j.0300-9475.2004.01508.x,,,0,0
https://openalex.org/w2086428633,https://doi.org/10.1080/08830180600743107,,,0,0
https://openalex.org/w2316191587,https://doi.org/10.1097/bor.0b013e3283562282,,,0,0
https://openalex.org/w2022637560,https://doi.org/10.1016/j.cyto.2009.07.243,,,0,0
https://openalex.org/w4312749038,https://doi.org/10.15581/021.6987,,,0,0
https://openalex.org/w2745968441,https://doi.org/10.1093/rheumatology/kex098,,,0,0
https://openalex.org/w2100496319,https://doi.org/10.1007/s12072-014-9555-3,,,0,0
https://openalex.org/w2342068555,https://doi.org/10.1177/039463201302600302,,,0,0
https://openalex.org/w2157743993,https://doi.org/10.1182/blood-2004-02-0711,,,0,0
https://openalex.org/w2509434519,https://doi.org/10.1684/ejd.2016.2844,,,0,0
https://openalex.org/w2618654667,https://doi.org/10.1136/lupus-2017-000215.100,,,0,0
