openalex_id,doi,pmid,lens_id,label_included,label_abstract_included
https://openalex.org/w1997643077,https://doi.org/10.9782/2159-4341-17.2.48,,,0,0
https://openalex.org/w2037151470,https://doi.org/10.1080/10888430903150659,,,0,0
https://openalex.org/w1976521576,https://doi.org/10.1080/19404150902783443,,,0,0
https://openalex.org/w2791951598,https://doi.org/10.1080/14670100.2018.1438767,,,0,0
https://openalex.org/w2791694369,https://doi.org/10.64546/jaasep.238,,,0,0
https://openalex.org/w2552360432,https://doi.org/10.1177/0734282916632392,,,0,0
https://openalex.org/w2885435427,https://doi.org/10.1007/s10826-018-1208-z,,,0,0
https://openalex.org/w2164086046,https://doi.org/10.5897/err2015.2147,,,0,0
https://openalex.org/w2171344191,https://doi.org/10.1177/0014402914522208,,,0,0
https://openalex.org/w2789293582,https://doi.org/10.1080/02701367.2018.1431602,,,0,0
https://openalex.org/w2186958232,https://doi.org/10.1177/0040059915587670,,,0,0
https://openalex.org/w2537688344,https://doi.org/10.1080/13603116.2016.1243738,,,0,0
https://openalex.org/w2060339431,https://doi.org/10.1080/10409289.2015.1015855,,,0,0
https://openalex.org/w1993699716,https://doi.org/10.1080/00220671.2013.823369,,,0,0
https://openalex.org/w30923023,https://doi.org/10.1016/j.pneurobio.2019.03.003,,,0,0
https://openalex.org/w3004992260,,,,0,0
https://openalex.org/w2148461381,,,,0,0
https://openalex.org/w4232551063,https://doi.org/10.2307/30035516,,,0,0
https://openalex.org/w2171054179,https://doi.org/10.1002/trtr.1171,,,0,0
https://openalex.org/w2979708932,https://doi.org/10.18844/cjes.v14i3.4327,,,0,0
https://openalex.org/w1538618747,https://doi.org/10.1177/016264340602100104,,,0,0
https://openalex.org/w2018873648,https://doi.org/10.1080/0886571x.2012.669250,,,0,0
https://openalex.org/w2166661819,https://doi.org/10.3102/0034654310396719,,,0,0
https://openalex.org/w2024536638,https://doi.org/10.1080/13573322.2011.605115,,,0,0
https://openalex.org/w2477570703,https://doi.org/10.1177/0040059916650634,,,0,0
https://openalex.org/w1733610968,,,,0,0
https://openalex.org/w2132407537,https://doi.org/10.1177/0731948713518336,,,0,0
https://openalex.org/w2123853488,,,,0,0
https://openalex.org/w2319504031,https://doi.org/10.1177/0003065114539553,,,0,0
https://openalex.org/w2915043702,https://doi.org/10.1080/00313831.2019.1577751,,,0,0
https://openalex.org/w2039964288,https://doi.org/10.1177/1059840511426434,,,0,0
https://openalex.org/w2995828997,,,,0,0
https://openalex.org/w2333108516,https://doi.org/10.1177/004005990804000308,,,0,0
https://openalex.org/w2043207508,https://doi.org/10.1177/001440291007600402,,,0,0
https://openalex.org/w2311165582,https://doi.org/10.1080/1045988x.2015.1116430,,,0,0
https://openalex.org/w2146068507,https://doi.org/10.1093/gerona/glp117,,,0,0
https://openalex.org/w2151281240,https://doi.org/10.1177/073194871003300403,,,0,0
https://openalex.org/w2039504580,https://doi.org/10.1111/ldrp.12005,,,0,0
https://openalex.org/w2059125948,https://doi.org/10.1080/02702711.2010.545260,,,0,0
https://openalex.org/w2066966629,https://doi.org/10.1177/1534508409333345,,,0,0
https://openalex.org/w2159141969,https://doi.org/10.1353/etc.2014.0005,,,0,0
https://openalex.org/w2113243371,https://doi.org/10.1177/0741932508327467,,,0,0
https://openalex.org/w2038022603,https://doi.org/10.1177/0022219413512613,,,0,0
https://openalex.org/w1490881858,https://doi.org/10.1007/bf03340981,,,0,0
https://openalex.org/w18013134,https://doi.org/10.2105/ajph.20.11.1207,,,0,0
https://openalex.org/w2790391691,https://doi.org/10.1080/14790718.2018.1447943,,,0,0
https://openalex.org/w2000170789,https://doi.org/10.1080/15235882.2010.502799,,,0,0
https://openalex.org/w1983231162,https://doi.org/10.1080/1547688x.2013.841508,,,0,0
https://openalex.org/w2906935177,https://doi.org/10.1007/s11881-018-00175-1,,,0,0
https://openalex.org/w2028629649,https://doi.org/10.1080/13611267.2011.597119,,,0,0
https://openalex.org/w2808034136,https://doi.org/10.1007/s10964-018-0876-8,,,0,0
https://openalex.org/w319396221,https://doi.org/10.1007/s11528-009-0268-8,,,0,0
https://openalex.org/w3116646872,https://doi.org/10.1080/2372966x.2020.1760691,,,0,0
https://openalex.org/w1998137007,https://doi.org/10.1037/a0016158,,,0,0
https://openalex.org/w1986020733,https://doi.org/10.1598/rt.62.7.7,,,0,0
https://openalex.org/w2308922188,https://doi.org/10.1177/1534508415620107,,,0,0
https://openalex.org/w2899152933,https://doi.org/10.1177/1534508418808365,,,0,0
https://openalex.org/w2160249502,https://doi.org/10.1080/00094056.2007.10522956,,,0,0
https://openalex.org/w2146433147,https://doi.org/10.1080/1045988x.2012.760511,,,0,0
https://openalex.org/w2909126926,https://doi.org/10.1080/10573569.2018.1535774,,,0,0
https://openalex.org/w2040987122,https://doi.org/10.1080/10888430701344314,,,0,0
https://openalex.org/w1507071010,https://doi.org/10.1111/j.2044-8279.2011.02022.x,,,0,0
https://openalex.org/w1996740440,https://doi.org/10.1002/dys.311,,,0,0
https://openalex.org/w2134396572,https://doi.org/10.1037/a0027757,,,0,0
https://openalex.org/w49486212,https://doi.org/10.25148/clj.3.1.009479,,,0,0
https://openalex.org/w2140353397,https://doi.org/10.1177/10983007070090030501,,,0,0
https://openalex.org/w2136665413,,,,0,0
https://openalex.org/w229449829,https://doi.org/10.4324/9781315267036-25,,,0,0
https://openalex.org/w2170804355,https://doi.org/10.1037/h0100099,,,0,0
https://openalex.org/w2120228942,https://doi.org/10.21977/d910119294,,,0,0
https://openalex.org/w2766781980,https://doi.org/10.1002/pits.22081,,,0,0
https://openalex.org/w2777337779,https://doi.org/10.1002/sce.21331,,,0,0
https://openalex.org/w2165142643,https://doi.org/10.1177/0022219410369071,,,0,0
https://openalex.org/w2254730251,https://doi.org/10.1080/15434303.2015.1136311,,,0,0
https://openalex.org/w1967928081,https://doi.org/10.1037/0022-0663.100.3.491,,,0,0
https://openalex.org/w2088126827,https://doi.org/10.1111/j.1540-5826.2007.00227.x,,,0,0
https://openalex.org/w1978447323,https://doi.org/10.1080/00131880801920395,,,0,0
https://openalex.org/w346877600,,,,0,0
https://openalex.org/w2916257981,https://doi.org/10.1080/10573569.2018.1523763,,,0,0
https://openalex.org/w2525209801,https://doi.org/10.1177/0022219416662033,,,0,0
https://openalex.org/w1623764810,,,,0,0
https://openalex.org/w2608177879,https://doi.org/10.1016/j.jsp.2017.04.002,,,0,0
https://openalex.org/w2974007362,https://doi.org/10.18260/edgj.v82i1.632,,,0,0
https://openalex.org/w1991033005,https://doi.org/10.1177/00222194060390040701,,,0,0
https://openalex.org/w3031859477,https://doi.org/10.1080/02702711.2020.1768987,,,0,0
https://openalex.org/w2051790310,https://doi.org/10.1080/10573560500242192,,,0,0
https://openalex.org/w2346530631,https://doi.org/10.1086/686249,,,0,1
https://openalex.org/w2258345239,https://doi.org/10.1002/rev3.3054,,,0,0
https://openalex.org/w2147961232,https://doi.org/10.3102/0002831214565788,,,0,1
https://openalex.org/w4231927800,https://doi.org/10.1037/edu0000450,,,0,0
https://openalex.org/w2793216686,https://doi.org/10.1080/21683603.2017.1376726,,,0,0
https://openalex.org/w2071907538,https://doi.org/10.1097/00011363-200604000-00007,,,0,0
https://openalex.org/w2167562897,,,,0,0
https://openalex.org/w2811048049,https://doi.org/10.1007/s11764-018-0701-0,,,0,0
https://openalex.org/w1973524402,https://doi.org/10.1080/00220671.2011.627395,,,0,0
https://openalex.org/w2074916922,https://doi.org/10.1080/15235882.2011.628608,,,0,0
https://openalex.org/w335411350,,,,0,0
https://openalex.org/w2104154371,https://doi.org/10.1002/tea.20231,,,0,0
https://openalex.org/w2793317636,https://doi.org/10.18666/ldmj-2014-v20-i4-6146,,,0,0
https://openalex.org/w2793113653,,,,0,0
https://openalex.org/w2118512243,https://doi.org/10.1177/1059840513487217,,,0,0
https://openalex.org/w1895332857,,,,0,0
https://openalex.org/w2887706704,https://doi.org/10.1177/0014402918789162,,,0,0
https://openalex.org/w2582383452,https://doi.org/10.1080/14670100.2016.1273434,,,0,0
https://openalex.org/w2088978438,https://doi.org/10.1207/s10824669espr110304_5,,,0,0
https://openalex.org/w149439196,https://doi.org/10.1177/0145482x0810200105,,,0,0
https://openalex.org/w2126988306,https://doi.org/10.1177/1524839911405847,,,0,0
https://openalex.org/w2587113735,https://doi.org/10.9782/2159-4341-20.1.1,,,0,0
https://openalex.org/w2073325331,https://doi.org/10.1353/etc.0.0047,,,0,0
https://openalex.org/w2155845169,https://doi.org/10.1177/0741932514534075,,,0,0
https://openalex.org/w2013510475,https://doi.org/10.1016/j.jvoice.2011.05.004,,,0,0
https://openalex.org/w2057842200,https://doi.org/10.3200/psfl.51.3.12-19,,,0,0
https://openalex.org/w2092102478,https://doi.org/10.1598/rt.59.7.3,,,0,0
https://openalex.org/w1996599279,https://doi.org/10.1007/s10566-014-9290-x,,,0,0
https://openalex.org/w2909140252,https://doi.org/10.1080/10573569.2018.1545615,,,0,0
https://openalex.org/w2980048245,https://doi.org/10.4102/sajce.v9i1.716,,,0,0
https://openalex.org/w1997379596,https://doi.org/10.1080/02643944.2012.671341,,,0,0
https://openalex.org/w1881928861,https://doi.org/10.1177/016146811211400107,,,0,0
https://openalex.org/w2715828731,https://doi.org/10.1080/09362835.2017.1283622,,,0,0
https://openalex.org/w2768286202,https://doi.org/10.1080/10573569.2017.1387835,,,0,0
https://openalex.org/w2124556665,https://doi.org/10.1002/dys.339,,,0,0
https://openalex.org/w2026440478,https://doi.org/10.1177/1534508408330082,,,0,0
https://openalex.org/w2074654732,https://doi.org/10.1598/rt.60.5.6,,,0,0
https://openalex.org/w2028593869,https://doi.org/10.1111/j.1746-1561.2008.00332.x,,,0,0
https://openalex.org/w2076816765,https://doi.org/10.1002/pits.20311,,,0,0
https://openalex.org/w2030740353,https://doi.org/10.1007/s10212-014-0240-7,,,0,0
https://openalex.org/w166750409,https://doi.org/10.11575/ajer.v58i1.55561,,,0,0
https://openalex.org/w1990836684,https://doi.org/10.1016/j.jsp.2012.01.002,,,0,0
https://openalex.org/w2997169697,https://doi.org/10.1002/dys.1647,,,0,0
https://openalex.org/w2123757602,https://doi.org/10.1177/00222194070400020201,,,0,0
https://openalex.org/w2154550450,https://doi.org/10.1177/0022219408315639,,,0,0
https://openalex.org/w2794470816,https://doi.org/10.17105/spr-2017-0017.v47-1,,,0,0
https://openalex.org/w2614584495,https://doi.org/10.1177/1741143217707520,,,0,0
https://openalex.org/w176281634,,,,0,0
https://openalex.org/w2548206718,,,,0,0
https://openalex.org/w2955857741,https://doi.org/10.1080/10573569.2019.1627968,,,0,0
https://openalex.org/w2062106515,https://doi.org/10.1177/1534508411402983,,,0,0
https://openalex.org/w1971289216,https://doi.org/10.1111/j.1467-8578.2007.00448.x,,,0,0
https://openalex.org/w233657010,https://doi.org/10.1080/02796015.2014.12087453,,,0,0
https://openalex.org/w158059909,,,,0,0
https://openalex.org/w1512861330,https://doi.org/10.1080/02796015.2008.12087884,,,0,0
https://openalex.org/w2917099742,https://doi.org/10.1097/psy.0000000000000585,,,0,0
https://openalex.org/w2081531678,https://doi.org/10.1016/j.chiabu.2005.08.011,,,0,0
https://openalex.org/w2129531814,https://doi.org/10.1007/s10758-006-0002-y,,,0,0
https://openalex.org/w4253731573,https://doi.org/10.1177/0014402913079002061,,,0,0
https://openalex.org/w1971156212,https://doi.org/10.1598/rt.64.7.2,,,0,0
https://openalex.org/w3082499030,,,,0,0
https://openalex.org/w2124425019,https://doi.org/10.11114/jets.v1i2.163,,,0,0
https://openalex.org/w2770234906,https://doi.org/10.1080/19411243.2018.1396016,,,0,0
https://openalex.org/w3008199617,https://doi.org/10.1111/1467-9604.12286,,,0,0
https://openalex.org/w2411322672,https://doi.org/10.1080/19345747.2016.1138560,,,0,1
https://openalex.org/w2027586639,https://doi.org/10.1016/j.aap.2009.04.019,,,0,0
https://openalex.org/w2898536177,https://doi.org/10.1002/pits.22196,,,0,0
https://openalex.org/w2021710143,https://doi.org/10.1080/03004279.2015.1009927,,,0,0
https://openalex.org/w1575290546,,,,0,0
https://openalex.org/w2790427329,https://doi.org/10.1177/1074295617753113,,,0,0
https://openalex.org/w1188162219,,,,0,0
https://openalex.org/w2791405445,https://doi.org/10.1007/s10433-018-0462-7,,,0,0
https://openalex.org/w2035649438,https://doi.org/10.1093/mtp/25.1.25,,,0,0
https://openalex.org/w2167080982,https://doi.org/10.1177/0022219410392048,,,0,0
https://openalex.org/w2049417762,https://doi.org/10.1016/j.ecresq.2008.12.001,,,0,0
https://openalex.org/w2474964626,https://doi.org/10.1177/016146811511701203,,,0,0
https://openalex.org/w2952141592,https://doi.org/10.1177/1540796919855373,,,0,0
https://openalex.org/w2015483165,https://doi.org/10.1080/03004430.2011.622755,,,0,0
https://openalex.org/w3034759696,https://doi.org/10.1044/2020_jslhr-19-00363,,,0,0
https://openalex.org/w2115923619,https://doi.org/10.1177/004005991004200409,,,0,0
https://openalex.org/w2147333096,https://doi.org/10.1177/0265659011432015,,,0,0
https://openalex.org/w2099077228,https://doi.org/10.1080/21622965.2013.838165,,,0,0
https://openalex.org/w260310086,https://doi.org/10.1177/016146811111300105,,,0,0
https://openalex.org/w2170588379,,,,0,0
https://openalex.org/w1907624578,,,,0,0
https://openalex.org/w2511727329,https://doi.org/10.1080/09500782.2016.1230124,,,0,0
https://openalex.org/w2590145203,https://doi.org/10.1080/17549507.2017.1292546,,,0,0
https://openalex.org/w2512428223,https://doi.org/10.1080/1045988x.2016.1212321,,,0,0
https://openalex.org/w2414355940,https://doi.org/10.1002/rrq.195,,,0,0
https://openalex.org/w2192560756,https://doi.org/10.1080/10474412.2015.1042975,,,0,0
https://openalex.org/w2116417883,https://doi.org/10.1177/00222194070400010301,,,0,0
https://openalex.org/w2508758457,https://doi.org/10.1080/2331186x.2016.1226459,,,0,0
https://openalex.org/w2984649375,https://doi.org/10.1177/1056787919886579,,,0,0
https://openalex.org/w1923054639,https://doi.org/10.1111/j.2044-8279.2011.02026.x,,,0,0
https://openalex.org/w3045771158,https://doi.org/10.1080/02607476.2020.1800407,,,0,0
https://openalex.org/w1997147359,https://doi.org/10.1111/j.1540-5826.2009.00289.x,,,0,0
https://openalex.org/w2148300723,https://doi.org/10.1002/pits.20449,,,0,0
https://openalex.org/w3033563049,https://doi.org/10.3389/fpsyg.2020.01165,,,0,0
https://openalex.org/w2060947044,https://doi.org/10.1111/josh.12017,,,0,0
https://openalex.org/w1972113288,https://doi.org/10.1007/s11145-012-9361-z,,,0,0
https://openalex.org/w2806257828,https://doi.org/10.1080/10824669.2018.1477602,,,0,0
https://openalex.org/w185999557,https://doi.org/10.1177/875687051303200203,,,0,0
https://openalex.org/w1972460017,https://doi.org/10.1055/s-0032-1310314,,,0,0
https://openalex.org/w1831281301,,,,0,0
https://openalex.org/w2083543252,https://doi.org/10.1080/19345740802114533,,,0,0
https://openalex.org/w2027766285,https://doi.org/10.1111/j.1540-5826.2010.00311.x,,,0,0
https://openalex.org/w1998136379,https://doi.org/10.1016/j.ridd.2014.10.028,,,0,0
https://openalex.org/w1987693829,https://doi.org/10.1080/0145935x.2012.665324,,,0,0
https://openalex.org/w4251423511,https://doi.org/10.1111/ldrp.12052,,,0,0
https://openalex.org/w2796959869,https://doi.org/10.1016/j.childyouth.2018.03.014,,,0,0
https://openalex.org/w2766107996,https://doi.org/10.1086/694322,,,0,1
https://openalex.org/w2903094371,https://doi.org/10.1016/j.learninstruc.2018.11.004,,,0,0
https://openalex.org/w322703522,,,,0,0
https://openalex.org/w2898226763,https://doi.org/10.1080/00220671.2018.1514358,,,0,0
https://openalex.org/w2057038838,https://doi.org/10.1037/a0032581,,028-833-969-942-839,1,1
https://openalex.org/w3170227323,,,,0,0
https://openalex.org/w3006036075,https://doi.org/10.3389/fpsyg.2020.00146,,,0,0
https://openalex.org/w2996462730,https://doi.org/10.1111/lit.12207,,,0,0
https://openalex.org/w2945782189,https://doi.org/10.1080/03055698.2019.1614433,,,0,0
https://openalex.org/w2790946420,https://doi.org/10.1177/0741932517750818,,,0,0
https://openalex.org/w2389829765,https://doi.org/10.1177/0165025416631836,,,0,0
https://openalex.org/w2068491829,https://doi.org/10.1111/j.1467-9817.2008.01387.x,,,0,0
https://openalex.org/w2909160396,https://doi.org/10.5195/dpj.2019.195,,,0,0
https://openalex.org/w2738518146,https://doi.org/10.4102/sajce.v7i1.481,,,0,0
https://openalex.org/w2154293050,https://doi.org/10.1177/0143034307085658,,,0,0
https://openalex.org/w2099430196,https://doi.org/10.1177/0022466911416248,,,0,0
https://openalex.org/w2097820882,https://doi.org/10.1177/0741932508327463,,,0,0
https://openalex.org/w2108695273,https://doi.org/10.1177/1534508414556504,,,0,0
https://openalex.org/w2087790743,https://doi.org/10.1080/10409280801964036,,,0,0
https://openalex.org/w2155983449,https://doi.org/10.1177/1534508408318804,,,0,0
https://openalex.org/w2019432947,https://doi.org/10.1002/rrq.47,,,0,0
https://openalex.org/w2134031142,https://doi.org/10.1080/00094056.2007.10522962,,,0,0
https://openalex.org/w2167022500,https://doi.org/10.1177/105678791001900101,,,0,0
https://openalex.org/w2071110630,https://doi.org/10.1080/10888430701746906,,,0,0
https://openalex.org/w2162966020,https://doi.org/10.2190/ec.48.4.c,,,0,0
https://openalex.org/w2725356216,https://doi.org/10.1080/19388071.2017.1341964,,,0,0
https://openalex.org/w2901130911,https://doi.org/10.1016/j.lindif.2018.10.008,,,0,0
https://openalex.org/w1900115023,,,,0,0
https://openalex.org/w2128838558,https://doi.org/10.1177/0741932513501088,,,0,0
https://openalex.org/w2898416993,https://doi.org/10.1080/07370024.2018.1512413,,,0,0
https://openalex.org/w2009687169,https://doi.org/10.1080/15240750701741645,,,0,0
https://openalex.org/w2013809862,https://doi.org/10.1007/s11881-011-0058-9,,,0,0
https://openalex.org/w2136201236,https://doi.org/10.1177/215416471304800305,,,0,0
https://openalex.org/w2104589610,https://doi.org/10.5539/ies.v3n2p17,,,0,0
https://openalex.org/w2600366761,https://doi.org/10.1007/s10639-017-9600-7,,,0,0
https://openalex.org/w2773988321,https://doi.org/10.1002/trtr.1664,,,0,0
https://openalex.org/w2119059111,https://doi.org/10.1002/dys.1466,,,0,0
https://openalex.org/w2138117934,https://doi.org/10.1086/659029,,,0,0
https://openalex.org/w2993359751,,,,0,0
https://openalex.org/w1564809666,,,,0,0
https://openalex.org/w3015006654,https://doi.org/10.1007/s11881-020-00197-8,,,0,0
https://openalex.org/w2133170895,https://doi.org/10.1177/0022219412442154,,,0,0
https://openalex.org/w2770856851,https://doi.org/10.1177/1534508417741128,,,0,0
https://openalex.org/w2913419163,https://doi.org/10.1002/pits.22240,,,0,0
https://openalex.org/w2774439826,https://doi.org/10.1002/pits.22092,,,0,0
https://openalex.org/w2000272446,https://doi.org/10.1007/s11881-008-0017-2,,,0,0
https://openalex.org/w2116985128,,,,0,0
https://openalex.org/w2015669778,https://doi.org/10.1080/13632752.2012.716573,,,0,0
https://openalex.org/w2115278614,https://doi.org/10.1044/0161-1461(2009/07-0096),,,0,0
https://openalex.org/w2903431614,https://doi.org/10.1016/j.learninstruc.2018.11.006,,,0,0
https://openalex.org/w2582583346,https://doi.org/10.31299/hrri.52.2.5,,,0,0
https://openalex.org/w1968321723,https://doi.org/10.1007/s11145-015-9562-3,,,0,0
https://openalex.org/w2139209539,https://doi.org/10.2304/ciec.2009.10.3.218,,,0,0
https://openalex.org/w2898237705,https://doi.org/10.1080/00131911.2018.1530638,,,0,0
https://openalex.org/w1804322291,https://doi.org/10.1086/681971,,,0,0
https://openalex.org/w2325963334,https://doi.org/10.1177/0165025414558853,,,0,0
https://openalex.org/w3039024153,,,,0,0
https://openalex.org/w2163335183,https://doi.org/10.1111/j.1746-1561.2011.00597.x,,,0,0
https://openalex.org/w1958016930,https://doi.org/10.1177/073194871003300307,,,0,0
https://openalex.org/w2054649393,https://doi.org/10.1007/s10802-011-9595-2,,,0,0
https://openalex.org/w2162302117,,,,0,0
https://openalex.org/w2109010516,https://doi.org/10.1080/10573569.2013.857975,,,0,0
https://openalex.org/w2145845073,https://doi.org/10.1177/0741932513476956,,,0,0
https://openalex.org/w2800638964,https://doi.org/10.1080/20473869.2018.1466509,,,0,0
https://openalex.org/w3005228216,https://doi.org/10.4148/2470-6353.1281,,,0,0
https://openalex.org/w2127305095,https://doi.org/10.1177/0022219411407867,,,0,0
https://openalex.org/w1986145080,https://doi.org/10.1080/10573560802004514,,,0,0
https://openalex.org/w2056865694,https://doi.org/10.1037/1045-3830.22.2.250,,,0,0
https://openalex.org/w2945520813,https://doi.org/10.1080/1045988x.2019.1611535,,,0,0
https://openalex.org/w1986089688,https://doi.org/10.1002/tea.21018,,,0,0
https://openalex.org/w2171048815,https://doi.org/10.3200/joer.101.6.333-349,,,0,0
https://openalex.org/w2061850401,https://doi.org/10.1016/j.jcomdis.2014.01.004,,,0,0
https://openalex.org/w2054089552,https://doi.org/10.1353/mpq.0.0009,,,0,0
https://openalex.org/w1991698955,https://doi.org/10.1177/0016986214523313,,,0,0
https://openalex.org/w2163321599,https://doi.org/10.1177/0022466908317789,,,0,1
https://openalex.org/w2014887134,https://doi.org/10.1080/19388070802433206,,,0,0
https://openalex.org/w2225447393,https://doi.org/10.1080/00228958.2016.1123049,,,0,0
https://openalex.org/w2156690382,https://doi.org/10.1080/17483100701256388,,,0,0
https://openalex.org/w2294226014,,,,0,0
https://openalex.org/w3095731965,https://doi.org/10.1080/15235882.2020.1826367,,,0,0
https://openalex.org/w2050213208,https://doi.org/10.1177/0741088314542757,,,0,0
https://openalex.org/w2889467791,https://doi.org/10.1177/0022466918796504,,,0,0
https://openalex.org/w2034138290,https://doi.org/10.1016/j.tate.2010.12.007,,,0,0
https://openalex.org/w2463112450,https://doi.org/10.1037/edu0000082,,,0,0
https://openalex.org/w1975125088,https://doi.org/10.1080/13803611.2010.484974,,,0,0
https://openalex.org/w2330925650,https://doi.org/10.1177/0731948714550204,,,0,0
https://openalex.org/w2098849507,https://doi.org/10.1177/0013161x13489019,,,0,0
https://openalex.org/w2916542456,https://doi.org/10.17583/ijep.2019.3346,,,0,0
https://openalex.org/w2033175927,https://doi.org/10.1080/09638280802214352,,,0,0
https://openalex.org/w2048813714,https://doi.org/10.1080/09645292.2014.882293,,,0,0
https://openalex.org/w2061661714,https://doi.org/10.1080/14681810902829653,,,0,0
https://openalex.org/w2096815908,https://doi.org/10.1086/659030,,,0,0
https://openalex.org/w2969725232,https://doi.org/10.1177/2381336919870219,,,0,0
https://openalex.org/w2513369019,https://doi.org/10.1037/edu0000096,,,0,0
https://openalex.org/w2329303797,https://doi.org/10.1016/j.ridd.2016.03.020,,,0,0
https://openalex.org/w2974635310,,,,0,0
https://openalex.org/w2749451855,https://doi.org/10.1111/desc.12589,,,0,0
https://openalex.org/w2079854205,https://doi.org/10.1007/s40299-014-0198-x,,,0,0
https://openalex.org/w2726074467,https://doi.org/10.1080/10573569.2017.1326014,,,0,0
https://openalex.org/w274650616,https://doi.org/10.1177/019874291103600205,,,0,0
https://openalex.org/w1992230851,https://doi.org/10.2307/30035513,,,0,0
https://openalex.org/w2092794627,https://doi.org/10.1037/a0014324,,,0,0
https://openalex.org/w2134717859,https://doi.org/10.15700/201503062348,,,0,0
https://openalex.org/w2343337764,https://doi.org/10.1080/10824669.2016.1147962,,,0,0
https://openalex.org/w2039330724,https://doi.org/10.1007/s10763-015-9622-9,,,0,0
https://openalex.org/w2726402048,https://doi.org/10.1080/1034912x.2017.1346238,,,0,0
https://openalex.org/w2922103568,https://doi.org/10.1007/s11145-019-09934-x,,,0,0
https://openalex.org/w2795336944,,,,0,0
https://openalex.org/w2945928874,https://doi.org/10.1080/10573569.2019.1579128,,,0,0
https://openalex.org/w1915794651,https://doi.org/10.1177/0731948711434047,,,0,0
https://openalex.org/w2908545018,,,,0,0
https://openalex.org/w2111868102,https://doi.org/10.1177/1525740110367825,,,0,0
https://openalex.org/w2336488964,https://doi.org/10.1177/0162353215592500,,,0,0
https://openalex.org/w2599033873,https://doi.org/10.21890/ijres.02349,,,0,0
https://openalex.org/w1500765365,,,,0,0
https://openalex.org/w2806420369,https://doi.org/10.1002/pits.22148,,,0,0
https://openalex.org/w2754755701,https://doi.org/10.26634/jelt.7.2.13496,,,0,0
https://openalex.org/w2290829154,,,,0,0
https://openalex.org/w2041524260,https://doi.org/10.1007/s11145-006-9039-5,,,0,0
https://openalex.org/w2964088729,https://doi.org/10.1037/edu0000391,,,0,0
https://openalex.org/w2030066779,https://doi.org/10.3138/cmlr.2346,,,0,0
https://openalex.org/w1972754167,https://doi.org/10.1007/s11528-012-0572-6,,,0,0
https://openalex.org/w2885995962,https://doi.org/10.18666/ldmj-2018-v23-i2-9048,,,0,0
https://openalex.org/w2113858627,https://doi.org/10.1598/rt.63.3.2,,,0,0
https://openalex.org/w2537939074,https://doi.org/10.1080/10573569.2018.1553082,,,0,0
https://openalex.org/w2891265213,https://doi.org/10.1177/0022466918794952,,,0,0
https://openalex.org/w2151232488,https://doi.org/10.1177/07419325060270060101,,,0,0
https://openalex.org/w2780917742,,,,0,0
https://openalex.org/w2024119225,https://doi.org/10.1177/0044118x12456028,,,0,0
https://openalex.org/w2117433818,https://doi.org/10.1177/1403494812456633,,,0,0
https://openalex.org/w2152173639,https://doi.org/10.1037/a0022706,,,0,0
https://openalex.org/w2241774434,https://doi.org/10.1177/0022219415618498,,,0,0
https://openalex.org/w2110024046,https://doi.org/10.1111/j.1467-9817.2006.00282.x,,,0,0
https://openalex.org/w2331535179,https://doi.org/10.1177/1098300716632878,,,0,0
https://openalex.org/w1991640588,https://doi.org/10.1080/10573569.2011.596100,,,0,0
https://openalex.org/w2895777146,https://doi.org/10.1002/pits.22184,,,0,0
https://openalex.org/w2180275252,https://doi.org/10.1002/pits.21887,,,0,0
https://openalex.org/w2904094130,https://doi.org/10.1080/14681811.2018.1553708,,,0,0
https://openalex.org/w2057459136,https://doi.org/10.1080/10888690802199392,,,0,0
https://openalex.org/w2253285912,,,,0,0
https://openalex.org/w1998051050,https://doi.org/10.1353/jef.0.0020,,,0,0
https://openalex.org/w2966018671,https://doi.org/10.1037/spq0000329,,,0,0
https://openalex.org/w2155881580,https://doi.org/10.1177/0741932513507780,,,0,0
https://openalex.org/w2964933759,https://doi.org/10.1016/j.eurpsy.2019.07.002,,,0,0
https://openalex.org/w2501907706,https://doi.org/10.1177/1053451216659465,,,0,0
https://openalex.org/w2757173917,https://doi.org/10.1111/bjdp.12214,,,0,0
https://openalex.org/w2753668662,https://doi.org/10.1007/s10643-017-0878-2,,,0,0
https://openalex.org/w1571188023,https://doi.org/10.1080/02796015.2007.12087943,,,0,0
https://openalex.org/w1482925773,https://doi.org/10.1177/004005990904200203,,,0,0
https://openalex.org/w2031134778,https://doi.org/10.1016/j.earlhumdev.2014.10.002,,,0,0
https://openalex.org/w2801157022,https://doi.org/10.1086/697491,,,0,0
https://openalex.org/w2771785315,https://doi.org/10.1080/1547688x.2017.1401191,,,0,0
https://openalex.org/w2264788891,https://doi.org/10.1177/0022219415599343,,,0,0
https://openalex.org/w2094383578,https://doi.org/10.1598/rrq.45.3.1,,,0,0
https://openalex.org/w1480286546,https://doi.org/10.2307/25474643,,,0,0
https://openalex.org/w2106426373,,,,0,0
https://openalex.org/w3042240509,https://doi.org/10.23860/jmle-2020-12-2-1,,,0,0
https://openalex.org/w2171132218,https://doi.org/10.5820/aian.1302.2006.17,,,0,0
https://openalex.org/w1966875324,https://doi.org/10.1007/s10972-009-9135-x,,,0,0
https://openalex.org/w3041107448,https://doi.org/10.3389/fpsyg.2020.01700,,,0,0
https://openalex.org/w2012742583,https://doi.org/10.1002/mrdd.20125,,,0,0
https://openalex.org/w1552382355,,,,0,0
https://openalex.org/w2690432256,https://doi.org/10.1080/15377903.2017.1328627,,,0,0
https://openalex.org/w2756320130,,,,0,0
https://openalex.org/w2162409726,https://doi.org/10.1177/0022219414528540,,,0,0
https://openalex.org/w2914105229,https://doi.org/10.1080/10573569.2018.1560379,,,0,0
https://openalex.org/w2066376466,https://doi.org/10.1037/a0020612,,,0,0
https://openalex.org/w2254340995,https://doi.org/10.1080/1045988x.2015.1040984,,,0,0
https://openalex.org/w2149405197,https://doi.org/10.1080/13557858.2012.664271,,,0,0
https://openalex.org/w2988880864,https://doi.org/10.1016/j.ecresq.2019.10.009,,,0,0
https://openalex.org/w3043610930,https://doi.org/10.1044/2020_lshss-19-00097,,,0,0
https://openalex.org/w1977685610,https://doi.org/10.1080/0969594x.2011.613368,,,0,0
https://openalex.org/w2028125348,https://doi.org/10.1179/146701011x12950038111611,,,0,0
https://openalex.org/w2337966336,https://doi.org/10.1080/1045988x.2016.1164659,,,0,0
https://openalex.org/w2589557163,https://doi.org/10.30935/scimath/9447,,,0,0
https://openalex.org/w3010938164,https://doi.org/10.32865/fire202062203,,,0,0
https://openalex.org/w2007759405,https://doi.org/10.1353/etc.0.0087,,,0,0
https://openalex.org/w129599162,,,,0,0
https://openalex.org/w2147485260,https://doi.org/10.3102/0034654312465472,,,0,0
https://openalex.org/w2287400162,https://doi.org/10.1177/215416471404900104,,,0,0
https://openalex.org/w31090133,https://doi.org/10.1177/0145482x1410800207,,,0,0
https://openalex.org/w2315202128,https://doi.org/10.1097/00001163-200607000-00004,,,0,0
https://openalex.org/w2100802005,https://doi.org/10.1177/1053451208328826,,,0,0
https://openalex.org/w2982004198,https://doi.org/10.1017/edp.2019.15,,,0,0
https://openalex.org/w2147392780,https://doi.org/10.1111/j.1540-5826.2010.00315.x,,,0,0
https://openalex.org/w1524255864,https://doi.org/10.1177/215416471404900106,,,0,0
https://openalex.org/w3062361281,https://doi.org/10.64546/jaasep.398,,,0,0
https://openalex.org/w80428729,https://doi.org/10.1177/0145482x1310700306,,,0,0
https://openalex.org/w2008614301,https://doi.org/10.1016/j.rasd.2014.08.015,,,0,0
https://openalex.org/w2019326391,https://doi.org/10.1080/1475939x.2014.953197,,,0,0
https://openalex.org/w2270420816,https://doi.org/10.1080/10824669.2015.1050278,,,0,0
https://openalex.org/w2120830608,https://doi.org/10.1177/1063426615573262,,,0,0
https://openalex.org/w2413105478,https://doi.org/10.1177/0271121416652103,,,0,0
https://openalex.org/w337652729,https://doi.org/10.1080/02796015.2010.12087773,,,0,0
https://openalex.org/w2793361491,https://doi.org/10.1177/016146811711900503,,,0,0
https://openalex.org/w2127515165,https://doi.org/10.1080/08856257.2014.922794,,,0,0
https://openalex.org/w1968767903,https://doi.org/10.1016/j.ecresq.2015.02.002,,,0,0
https://openalex.org/w2534915620,https://doi.org/10.1086/689355,,,0,0
https://openalex.org/w2111962762,https://doi.org/10.1007/s11145-007-9098-2,,,0,1
https://openalex.org/w2786090302,https://doi.org/10.1007/s10803-018-3476-2,,,0,0
https://openalex.org/w2021743019,https://doi.org/10.3102/00028312043003449,,,0,0
https://openalex.org/w1997226872,https://doi.org/10.1044/0161-1461(2009/08-0093),,,0,0
https://openalex.org/w2134567603,https://doi.org/10.1080/02671522.2014.953195,,,0,1
https://openalex.org/w2999206963,https://doi.org/10.1080/19345747.2019.1689591,,,0,0
https://openalex.org/w2573335550,https://doi.org/10.1177/0022219415617166,,,0,0
https://openalex.org/w1493795590,,,,0,0
https://openalex.org/w2893928638,https://doi.org/10.1177/0895904818802112,,,0,0
https://openalex.org/w2747491009,https://doi.org/10.18666/ldmj-2017-v22-i2-8111,,,0,0
https://openalex.org/w2585891103,https://doi.org/10.1080/10573569.2016.1250144,,,0,0
https://openalex.org/w1894437839,https://doi.org/10.1111/ldrp.12019,,,0,0
https://openalex.org/w2808284332,https://doi.org/10.1177/1059840518780300,,,0,0
https://openalex.org/w2148069669,https://doi.org/10.1177/0013124510379825,,,0,0
https://openalex.org/w3136269189,,,,0,0
https://openalex.org/w2951634361,https://doi.org/10.1080/1045988x.2019.1619508,,,0,0
https://openalex.org/w2275483472,https://doi.org/10.1016/j.neuroimage.2016.02.063,,,0,0
https://openalex.org/w2407635749,,,,0,0
https://openalex.org/w2889155291,https://doi.org/10.58729/2167-3454.1073,,,0,0
https://openalex.org/w2789722275,https://doi.org/10.18666/ldmj-2018-v23-i1-8568,,,0,0
https://openalex.org/w2110331083,https://doi.org/10.1177/1534508414560346,,,0,0
https://openalex.org/w1986809942,https://doi.org/10.1177/0886260510388282,,,0,0
https://openalex.org/w2177794294,https://doi.org/10.1007/s00787-015-0802-5,,,0,0
https://openalex.org/w1992519503,https://doi.org/10.1177/1525740109344218,,,0,0
https://openalex.org/w2801349740,,,,0,0
https://openalex.org/w2529747084,https://doi.org/10.1177/1474904116669731,,,0,0
https://openalex.org/w847237718,https://doi.org/10.1177/875687051403300205,,,0,0
https://openalex.org/w2764181250,https://doi.org/10.26822/iejee.2017131894,,,0,0
https://openalex.org/w2760888845,https://doi.org/10.14746/ssllt.2017.7.3.4,,,0,0
https://openalex.org/w2157560378,https://doi.org/10.1177/0013124513497790,,,0,0
https://openalex.org/w1883275126,https://doi.org/10.1111/j.1460-6984.2011.00071.x,,,0,0
https://openalex.org/w2101900557,https://doi.org/10.1177/1534508412451490,,,0,0
https://openalex.org/w2752394045,https://doi.org/10.1080/07303084.2017.1340206,,,0,0
https://openalex.org/w1585137428,,,,0,0
https://openalex.org/w1992190999,https://doi.org/10.1080/00228958.2008.10516530,,,0,0
https://openalex.org/w2115243228,https://doi.org/10.1111/j.1540-5826.2010.00317.x,,,0,0
https://openalex.org/w2060011339,https://doi.org/10.1080/14681811.2013.833503,,,0,0
https://openalex.org/w2408830572,https://doi.org/10.3102/0034654316652942,,,0,0
https://openalex.org/w2130969168,,,,0,0
https://openalex.org/w2128424046,https://doi.org/10.1037/0894-4105.21.4.485,,,0,0
https://openalex.org/w2104506861,https://doi.org/10.1177/1053451211424600,,,0,0
https://openalex.org/w1970868381,https://doi.org/10.1007/s11145-011-9328-5,,,0,0
https://openalex.org/w2123903154,https://doi.org/10.1002/jaba.126,,,0,0
https://openalex.org/w2888417036,https://doi.org/10.1007/s10803-010-0964-4,,,0,0
https://openalex.org/w85029019,,,,0,0
https://openalex.org/w1966766515,https://doi.org/10.5888/pcd11.130161,,,0,0
https://openalex.org/w2061964317,https://doi.org/10.1207/s15327671espr1101_1,,,0,1
https://openalex.org/w2172156074,https://doi.org/10.1177/0741932510361267,,,0,0
https://openalex.org/w2150507001,https://doi.org/10.1177/1053451210389035,,,0,0
https://openalex.org/w2122419060,https://doi.org/10.1177/004005991104400201,,,0,0
https://openalex.org/w2005765649,https://doi.org/10.1016/j.neuroimage.2010.06.039,,,0,0
https://openalex.org/w2576780419,https://doi.org/10.1080/10888438.2016.1265970,,,0,0
https://openalex.org/w2117524278,https://doi.org/10.1177/1098300712449868,,,0,0
https://openalex.org/w2440994237,,,,0,0
https://openalex.org/w2583656573,https://doi.org/10.1080/1045988x.2016.1272541,,,0,0
https://openalex.org/w1988813588,https://doi.org/10.1017/jse.2014.13,,,0,1
https://openalex.org/w2981455896,https://doi.org/10.1111/bjep.12316,,,0,0
https://openalex.org/w2912310731,https://doi.org/10.1080/1045988x.2018.1542585,,,0,0
https://openalex.org/w2203815592,https://doi.org/10.1086/664490,,,0,0
https://openalex.org/w2739698938,https://doi.org/10.1080/10824669.2017.1338140,,,0,0
https://openalex.org/w2462002361,https://doi.org/10.15540/nr.3.2.55,,,0,0
https://openalex.org/w2768464268,https://doi.org/10.3102/0002831217737028,,,0,0
https://openalex.org/w2468018499,https://doi.org/10.1080/00043125.2015.11519319,,,0,0
https://openalex.org/w2035685178,https://doi.org/10.1080/10824660701762001,,,0,0
https://openalex.org/w2155673229,https://doi.org/10.1080/13682820802389873,,,0,0
https://openalex.org/w97124070,,,,0,0
https://openalex.org/w2890739635,https://doi.org/10.1080/10986065.2018.1509419,,,0,0
https://openalex.org/w2094535364,https://doi.org/10.1007/s10566-015-9307-0,,,0,0
https://openalex.org/w2145893675,https://doi.org/10.1177/1098300709334798,,,0,0
https://openalex.org/w3033398427,https://doi.org/10.1177/0040059920914334,,,0,0
https://openalex.org/w2029559147,https://doi.org/10.1016/j.childyouth.2012.12.010,,,0,0
https://openalex.org/w2161516121,https://doi.org/10.1080/15411796.2014.909212,,,0,0
https://openalex.org/w2120415961,https://doi.org/10.1177/1477878508099748,,,0,0
https://openalex.org/w2168656677,https://doi.org/10.1086/653471,,,0,0
https://openalex.org/w2040221070,https://doi.org/10.5054/tq.2010.237335,,,0,0
https://openalex.org/w2099847255,https://doi.org/10.1016/j.edurev.2010.07.002,,,0,0
https://openalex.org/w2044792233,https://doi.org/10.1598/jaal.54.4.6,,,0,0
https://openalex.org/w2011352714,https://doi.org/10.1016/j.amepre.2010.10.031,,,0,0
https://openalex.org/w1998050421,https://doi.org/10.1002/rev3.3016,,,0,0
https://openalex.org/w2133746034,https://doi.org/10.1177/1524839908328992,,,0,0
https://openalex.org/w2605200418,https://doi.org/10.1093/jpepsy/jsx071,,,0,0
https://openalex.org/w2110427517,https://doi.org/10.1080/19404158.2014.909862,,,0,0
https://openalex.org/w1987650667,https://doi.org/10.1007/s11881-006-0013-3,,,0,0
https://openalex.org/w2296375908,https://doi.org/10.1080/19388071.2016.1135389,,,0,0
https://openalex.org/w2974412278,https://doi.org/10.1007/s11145-019-09983-2,,,0,0
https://openalex.org/w2104803243,https://doi.org/10.1080/10538710903051112,,,0,0
https://openalex.org/w105884252,,,,0,0
https://openalex.org/w2009336726,https://doi.org/10.1080/09687599.2014.964506,,,0,0
https://openalex.org/w2435958956,https://doi.org/10.1002/pon.4188,,,0,0
https://openalex.org/w2097477433,https://doi.org/10.1177/1525740109356800,,,0,1
https://openalex.org/w2750386824,https://doi.org/10.5951/teacchilmath.24.1.0048,,,0,0
https://openalex.org/w2287101873,,,,0,0
https://openalex.org/w1928705710,https://doi.org/10.1002/ab.21445,,,0,0
https://openalex.org/w2002134984,https://doi.org/10.4018/ijicte.2013100106,,,0,0
https://openalex.org/w2138945188,https://doi.org/10.1177/0022219413509969,,,0,0
https://openalex.org/w2037248539,https://doi.org/10.1007/s10389-011-0447-x,,,0,0
https://openalex.org/w2744082018,https://doi.org/10.1080/00220671.2017.1354174,,,0,0
https://openalex.org/w3025171717,,,,0,0
https://openalex.org/w2007810279,https://doi.org/10.1353/etc.2013.0002,,,0,0
https://openalex.org/w2907182247,https://doi.org/10.1080/02702711.2018.1515134,,,0,0
https://openalex.org/w1520377309,,,,0,0
https://openalex.org/w1964991224,https://doi.org/10.1007/s11881-011-0054-0,,,0,0
https://openalex.org/w2898240810,https://doi.org/10.1044/2018_lshss-dyslc-18-0022,,,0,0
https://openalex.org/w2570552099,https://doi.org/10.1007/s11145-016-9717-x,,,0,0
https://openalex.org/w1593330478,https://doi.org/10.1177/004005991304500302,,,0,0
https://openalex.org/w2789378713,https://doi.org/10.1080/15325024.2018.1434859,,,0,0
https://openalex.org/w2121622884,https://doi.org/10.1177/0741932511410360,,,0,0
https://openalex.org/w1983940366,https://doi.org/10.1177/073724770603100403,,,0,0
https://openalex.org/w2344144544,https://doi.org/10.1080/10573569.2015.1065213,,,0,0
https://openalex.org/w2148333606,https://doi.org/10.1080/13632752.2012.672866,,,0,0
https://openalex.org/w2319929020,https://doi.org/10.1177/0013161x13492798,,,0,0
https://openalex.org/w2165358384,,,,0,0
https://openalex.org/w2317237324,https://doi.org/10.1177/0731948716633868,,,0,0
https://openalex.org/w2166798249,https://doi.org/10.1080/15377903.2013.836776,,,0,0
https://openalex.org/w2154419021,https://doi.org/10.1080/15582150802371408,,,0,0
https://openalex.org/w2158749069,,,,0,0
https://openalex.org/w1968786400,https://doi.org/10.1080/1547688x.2012.670571,,,0,0
https://openalex.org/w1981245563,https://doi.org/10.1177/0022219414522704,,,0,0
https://openalex.org/w2117075868,https://doi.org/10.1177/0022219408317858,,,0,0
https://openalex.org/w2041200927,https://doi.org/10.1016/j.compedu.2006.01.003,,,0,0
https://openalex.org/w1963805593,https://doi.org/10.1080/10573560701753153,,,0,0
https://openalex.org/w2125506348,https://doi.org/10.1177/0741932510362202,,,0,1
https://openalex.org/w1980368162,https://doi.org/10.1598/rt.63.8.10,,,0,0
https://openalex.org/w2417787563,,,,0,0
https://openalex.org/w3037401510,https://doi.org/10.1016/j.linged.2020.100829,,,0,0
https://openalex.org/w2050119979,https://doi.org/10.1016/j.childyouth.2009.11.003,,,0,0
https://openalex.org/w2138954804,https://doi.org/10.1111/1471-3802.12006,,,0,0
https://openalex.org/w2587645131,https://doi.org/10.26522/brocked.v25i2.500,,,0,0
https://openalex.org/w2143334586,https://doi.org/10.1177/0022219413509970,,,0,0
https://openalex.org/w1573810895,,,,0,0
https://openalex.org/w2765415412,,,,0,0
https://openalex.org/w2949753640,https://doi.org/10.1080/08856257.2019.1628338,,,0,0
https://openalex.org/w1514445568,https://doi.org/10.1177/016264341002500102,,,0,0
https://openalex.org/w2172830698,https://doi.org/10.1007/s11145-015-9605-9,,,0,0
https://openalex.org/w2468429483,,,,0,0
https://openalex.org/w2789777776,https://doi.org/10.2505/4/sc18_055_05_35,,,0,0
https://openalex.org/w2410718547,,,,0,0
https://openalex.org/w2956861306,https://doi.org/10.1002/trtr.1847,,,0,0
https://openalex.org/w2740055976,https://doi.org/10.1177/0731948713480788,,,0,0
https://openalex.org/w2806604096,https://doi.org/10.21890/ijres.428302,,,0,0
https://openalex.org/w2791090512,https://doi.org/10.18666/ldmj-2014-v20-i3-5886,,,0,0
https://openalex.org/w1997572682,https://doi.org/10.1080/10824669.2012.672834,,,0,0
https://openalex.org/w2959379143,https://doi.org/10.1353/etc.2019.0018,,,0,0
https://openalex.org/w2083134405,https://doi.org/10.3766/jaaa.19.8.4,,,0,0
https://openalex.org/w169035218,,,,0,0
https://openalex.org/w2942147529,https://doi.org/10.1177/1053451219837634,,,0,0
https://openalex.org/w31996325,https://doi.org/10.1016/j.cgh.2020.01.027,,,0,0
https://openalex.org/w1818171378,https://doi.org/10.1080/00098655.2011.601356,,,0,0
https://openalex.org/w1874757675,https://doi.org/10.1007/s11881-015-0110-2,,,0,0
https://openalex.org/w1545341613,https://doi.org/10.5539/ies.v8n6p162,,,0,0
https://openalex.org/w2970346985,https://doi.org/10.18666/ldmj-2019-v24-i2-9835,,,0,0
https://openalex.org/w2341049097,https://doi.org/10.1177/1540796915592155,,,0,0
https://openalex.org/w2562167269,,,,0,0
https://openalex.org/w2113406171,https://doi.org/10.1177/1053451210378164,,,0,0
https://openalex.org/w2026838916,https://doi.org/10.1177/1088357608314899,,,0,0
https://openalex.org/w2033379068,https://doi.org/10.1044/0161-1461(2006/033),,,0,0
https://openalex.org/w2059446022,https://doi.org/10.1080/13603116.2013.841774,,,0,0
https://openalex.org/w2062136908,https://doi.org/10.1177/0731948713518334,,,0,1
https://openalex.org/w1596494519,,,,0,0
https://openalex.org/w2183702068,https://doi.org/10.64546/jaasep.151,,,0,0
https://openalex.org/w2139529942,https://doi.org/10.1177/1525740112456422,,,0,1
https://openalex.org/w1981019377,https://doi.org/10.1080/10573569.2013.857972,,,0,0
https://openalex.org/w406428359,,,,0,0
https://openalex.org/w1988503398,https://doi.org/10.11114/jets.v1i2.143,,,0,0
https://openalex.org/w2164192951,https://doi.org/10.1177/0022219414538513,,,0,0
https://openalex.org/w2278013654,,,,0,0
https://openalex.org/w2755736819,https://doi.org/10.1017/s0954579417001171,,,0,0
https://openalex.org/w851642215,https://doi.org/10.1007/s00127-015-1090-6,,,0,0
https://openalex.org/w1977414494,https://doi.org/10.1037/a0033663,,,0,0
https://openalex.org/w2755868831,https://doi.org/10.1177/1076217517723949,,,0,0
https://openalex.org/w2345053661,https://doi.org/10.1080/09500693.2016.1173261,,,0,0
https://openalex.org/w2526053271,https://doi.org/10.58729/2167-3454.1007,,,0,0
https://openalex.org/w2791693293,https://doi.org/10.1007/s10802-018-0421-y,,,0,0
https://openalex.org/w1986950386,https://doi.org/10.1080/10494820.2014.978792,,,0,0
https://openalex.org/w2794878751,,,,0,0
https://openalex.org/w2946023003,https://doi.org/10.1002/trtr.1821,,,0,0
https://openalex.org/w2619590695,,,,0,0
https://openalex.org/w3043681992,https://doi.org/10.25115/ejrep.v18i50.2692,,,0,0
https://openalex.org/w2973956945,https://doi.org/10.1080/19388071.2019.1662143,,,0,0
https://openalex.org/w2761621412,,,,0,0
https://openalex.org/w2736309722,https://doi.org/10.1177/0022219417714774,,,0,0
https://openalex.org/w1964600224,https://doi.org/10.1097/iyc.0b013e3182854224,,,0,0
https://openalex.org/w3008067657,https://doi.org/10.1037/pla0000117,,,0,0
https://openalex.org/w2809208037,https://doi.org/10.1080/19345747.2018.1481164,,,0,0
https://openalex.org/w2007996708,https://doi.org/10.1080/00220671.2010.532835,,,0,0
https://openalex.org/w2778343565,https://doi.org/10.1037/edu0000230,,,0,0
https://openalex.org/w2318101488,https://doi.org/10.1080/19345747.2015.1126386,,,0,0
https://openalex.org/w2047976958,https://doi.org/10.1080/13603116.2014.906666,,,0,0
https://openalex.org/w3035924019,https://doi.org/10.1007/s11881-020-00198-7,,,0,0
https://openalex.org/w2329516725,https://doi.org/10.1177/0741713616640882,,,0,0
https://openalex.org/w2015247431,https://doi.org/10.1598/rrq.45.4.1,,,0,0
https://openalex.org/w2773248447,https://doi.org/10.1007/s11256-017-0440-y,,,0,0
https://openalex.org/w45691823,https://doi.org/10.1177/019874291103600405,,,0,0
https://openalex.org/w1969592808,https://doi.org/10.1080/10824660701247226,,,0,0
https://openalex.org/w2606564100,https://doi.org/10.1080/15348431.2016.1257426,,,0,0
https://openalex.org/w2024996802,https://doi.org/10.3200/psfl.52.2.48-58,,,0,0
https://openalex.org/w1985862905,https://doi.org/10.1007/bf03341114,,,0,0
https://openalex.org/w2558414080,https://doi.org/10.1080/03004430.2016.1255210,,,0,0
https://openalex.org/w3007079409,https://doi.org/10.1080/1045988x.2020.1726274,,,0,0
https://openalex.org/w2074849556,https://doi.org/10.1207/s15327671espr1101_5,,,0,1
https://openalex.org/w2055854860,https://doi.org/10.1037/a0028959,,,0,0
https://openalex.org/w2960734938,https://doi.org/10.1177/0731948719861106,,,0,0
https://openalex.org/w1833978465,,,,0,0
https://openalex.org/w1554243439,https://doi.org/10.1111/jcap.12070,,,0,0
https://openalex.org/w2611836332,https://doi.org/10.1080/09650792.2017.1319287,,,0,0
https://openalex.org/w2794126266,https://doi.org/10.1002/tesq.431,,,0,0
https://openalex.org/w2997840716,https://doi.org/10.1016/j.ecresq.2019.10.001,,,0,0
https://openalex.org/w2474717693,https://doi.org/10.1177/0013124516658520,,,0,0
https://openalex.org/w2003101522,https://doi.org/10.1037/a0019639,,094-561-465-194-811,1,1
https://openalex.org/w2241671400,,,,0,0
https://openalex.org/w2169115506,https://doi.org/10.1177/1053451211424601,,,0,0
https://openalex.org/w2136113266,https://doi.org/10.1521/aeap.2012.24.1.68,,,0,0
https://openalex.org/w2774011003,https://doi.org/10.1016/j.ridd.2017.12.011,,,0,0
https://openalex.org/w2787124548,https://doi.org/10.1080/0305764x.2018.1438365,,,0,0
https://openalex.org/w1998377135,https://doi.org/10.1016/j.jad.2007.12.226,,,0,0
https://openalex.org/w2083724573,https://doi.org/10.1080/00228958.2010.10516696,,,0,0
https://openalex.org/w268179878,,,,0,0
https://openalex.org/w2290019609,,,,0,0
https://openalex.org/w1990925980,https://doi.org/10.1080/19345747.2014.952464,,,0,0
https://openalex.org/w2902761057,https://doi.org/10.1002/jaal.934,,,0,0
https://openalex.org/w2769044820,https://doi.org/10.1080/24694193.2017.1386973,,,0,0
https://openalex.org/w1983358517,https://doi.org/10.1177/1053451215579271,,,0,0
https://openalex.org/w2073520307,https://doi.org/10.1111/j.1467-9817.2008.00376.x,,,0,0
https://openalex.org/w2908124398,https://doi.org/10.1080/13611267.2018.1561023,,,0,0
https://openalex.org/w2038354761,https://doi.org/10.1111/j.1540-5826.2010.00322.x,,,0,0
https://openalex.org/w4300664435,https://doi.org/10.23860/jmle-4-2-7,,,0,0
https://openalex.org/w2073418266,https://doi.org/10.1353/etc.2011.0007,,,0,0
https://openalex.org/w2078602085,https://doi.org/10.1353/aad.2010.0019,,,0,0
https://openalex.org/w2104734973,https://doi.org/10.3102/0002831210382891,,,0,0
https://openalex.org/w2093526882,https://doi.org/10.1080/03004270903099934,,,0,0
https://openalex.org/w1980498370,https://doi.org/10.1177/0022219409338738,,,0,0
https://openalex.org/w2051316038,https://doi.org/10.1177/000494411005400206,,,0,0
https://openalex.org/w2511576657,https://doi.org/10.1080/19345747.2016.1227412,,,0,0
https://openalex.org/w2138877159,,,,0,0
https://openalex.org/w2148932766,https://doi.org/10.1177/1044207312460889,,,0,0
https://openalex.org/w3092176150,,,,0,0
https://openalex.org/w2773029291,https://doi.org/10.1002/trtr.1666,,,0,0
https://openalex.org/w2175558092,https://doi.org/10.1080/10627197.2015.1093929,,,0,0
https://openalex.org/w2098014053,https://doi.org/10.1177/1059840511422818,,,0,0
https://openalex.org/w1996614888,https://doi.org/10.1016/j.jsp.2010.04.001,,,0,0
https://openalex.org/w2103339781,https://doi.org/10.1177/0022219408331038,,,0,0
https://openalex.org/w2337250457,https://doi.org/10.1177/0022219415618497,,,0,0
https://openalex.org/w2782599793,https://doi.org/10.1177/1053825917751203,,,0,0
https://openalex.org/w2017831020,https://doi.org/10.1007/s11881-008-0012-7,,,0,0
https://openalex.org/w2911870736,,,,0,0
https://openalex.org/w2105537058,https://doi.org/10.1177/0741932508321011,,,0,0
https://openalex.org/w2011531841,https://doi.org/10.3200/joer.100.5.276-282,,,0,0
https://openalex.org/w2320935892,https://doi.org/10.1080/21532974.2016.1138912,,,0,0
https://openalex.org/w2137835219,,,,0,0
https://openalex.org/w2089108996,https://doi.org/10.1080/19388070609558449,,,0,0
https://openalex.org/w3083182053,,,,0,0
https://openalex.org/w2035358097,https://doi.org/10.1598/rt.60.7.6,,,0,0
https://openalex.org/w2347145672,https://doi.org/10.5539/elt.v9n6p1,,,0,0
https://openalex.org/w2333335087,https://doi.org/10.1080/13603116.2016.1159256,,,0,0
https://openalex.org/w1995006477,https://doi.org/10.1111/j.1746-1561.2012.00707.x,,,0,0
https://openalex.org/w2572518599,https://doi.org/10.1080/13664530.2017.1279681,,,0,0
https://openalex.org/w1491225279,https://doi.org/10.1177/016264340902400303,,,0,0
https://openalex.org/w1970696591,https://doi.org/10.1016/j.ecresq.2014.12.003,,,0,0
https://openalex.org/w1769217236,,,,0,0
https://openalex.org/w2159813785,https://doi.org/10.1177/1053815108317962,,,0,0
https://openalex.org/w117545909,https://doi.org/10.1177/016146810710900503,,,0,0
https://openalex.org/w2563860739,,,,0,0
https://openalex.org/w2136715957,https://doi.org/10.1177/0022466907313450,,,0,1
https://openalex.org/w3048232485,https://doi.org/10.5014/ajot.2020.038711,,,0,0
https://openalex.org/w2347774729,https://doi.org/10.1016/j.jcbs.2016.05.002,,,0,0
https://openalex.org/w2029432854,https://doi.org/10.1177/1053451207310341,,,0,0
https://openalex.org/w2066241698,https://doi.org/10.1044/0161-1461(2008/07-0077),,,0,1
https://openalex.org/w179403939,,,,0,0
https://openalex.org/w2167890899,https://doi.org/10.1177/0022219411407925,,,0,0
https://openalex.org/w29823632,,,,0,0
https://openalex.org/w2069810383,https://doi.org/10.1080/01626620.2010.10463534,,,0,0
https://openalex.org/w2130416782,https://doi.org/10.20429/ger.2014.110201,,,0,0
https://openalex.org/w2115680130,https://doi.org/10.1177/0022219409355472,,021-571-516-293-774,1,1
https://openalex.org/w2165662799,https://doi.org/10.1177/0731948713504206,,,0,0
https://openalex.org/w2029118784,https://doi.org/10.1080/10824660903375602,,,0,0
https://openalex.org/w2119832479,https://doi.org/10.1093/deafed/enq017,,,0,0
https://openalex.org/w2047709038,https://doi.org/10.1177/1534508410396698,,,0,0
https://openalex.org/w2109908043,https://doi.org/10.1080/00219266.2008.9656116,,,0,0
https://openalex.org/w2001743829,https://doi.org/10.1080/10573569.2010.500266,,,0,0
https://openalex.org/w1994274839,https://doi.org/10.1007/s10212-011-0072-7,,,0,0
https://openalex.org/w2062054390,https://doi.org/10.1111/j.1540-5826.2008.00269.x,,,0,0
https://openalex.org/w1984882880,https://doi.org/10.1007/s10864-011-9136-7,,,0,0
https://openalex.org/w2062778240,https://doi.org/10.1080/10573569.2013.789786,,,0,0
https://openalex.org/w2517297564,https://doi.org/10.1002/trtr.1523,,,0,0
https://openalex.org/w2133074847,https://doi.org/10.1017/s0033291715000665,,,0,0
https://openalex.org/w2954926843,https://doi.org/10.1080/13540602.2019.1625764,,,0,0
https://openalex.org/w2122705130,https://doi.org/10.1037/a0019616,,,0,0
https://openalex.org/w2776009001,https://doi.org/10.1177/0741932517744662,,,0,0
https://openalex.org/w28560396,https://doi.org/10.1177/004005990904200106,,,0,0
https://openalex.org/w2125259110,https://doi.org/10.1016/j.ridd.2012.09.003,,,0,0
https://openalex.org/w2099489893,https://doi.org/10.1177/1534508410379844,,,0,0
https://openalex.org/w2126203085,https://doi.org/10.1177/1534508413513315,,,0,0
https://openalex.org/w751774294,https://doi.org/10.1177/0022219415594609,,,0,1
https://openalex.org/w2583216147,https://doi.org/10.1080/19404158.2017.1287103,,,0,0
https://openalex.org/w2059220755,https://doi.org/10.1177/0022219410391187,,,0,0
https://openalex.org/w2756826263,https://doi.org/10.1037/dev0000399,,,0,0
https://openalex.org/w2078669125,https://doi.org/10.1080/13632752.2012.704318,,,0,0
https://openalex.org/w2993714379,https://doi.org/10.1007/s13394-019-00295-w,,,0,0
https://openalex.org/w1889764234,https://doi.org/10.1177/073194871003300202,,,0,0
https://openalex.org/w1966711712,https://doi.org/10.1177/0001699311427747,,,0,0
https://openalex.org/w1995436785,https://doi.org/10.1007/s10864-010-9118-1,,,0,0
https://openalex.org/w2766087548,https://doi.org/10.15365/joce.2101072017,,,0,0
https://openalex.org/w2961641815,https://doi.org/10.3389/feduc.2019.00067,,,0,0
https://openalex.org/w2912104846,https://doi.org/10.1177/0022022119827380,,,0,0
https://openalex.org/w3034984501,https://doi.org/10.1080/19404158.2020.1776741,,,0,0
https://openalex.org/w2780519995,https://doi.org/10.1007/s10936-017-9545-4,,,0,0
https://openalex.org/w2328804748,https://doi.org/10.1037/spq0000099,,,0,0
https://openalex.org/w2105003667,https://doi.org/10.1080/19345747.2014.906691,,,0,0
https://openalex.org/w2026008936,https://doi.org/10.1044/0161-1461(2011/11-0024),,,0,0
https://openalex.org/w1505247807,https://doi.org/10.1111/j.1748-5959.2012.00418.x,,,0,0
https://openalex.org/w2892162587,,,,0,0
https://openalex.org/w2810183971,https://doi.org/10.1177/1534508418781007,,,0,0
https://openalex.org/w18916918,,,,0,0
https://openalex.org/w2737966258,https://doi.org/10.1177/2041669517718557,,,0,0
https://openalex.org/w2149318944,https://doi.org/10.1111/1467-9604.12067,,,0,0
https://openalex.org/w2138810088,https://doi.org/10.1177/1525740108318413,,,0,0
https://openalex.org/w2065504452,https://doi.org/10.1007/s10643-008-0275-y,,,0,0
https://openalex.org/w3007978860,https://doi.org/10.1080/19411243.2020.1732260,,,0,0
https://openalex.org/w2057881423,https://doi.org/10.1080/19388070802300363,,,0,0
https://openalex.org/w2407620271,https://doi.org/10.1002/trtr.1495,,,0,0
https://openalex.org/w2999777627,https://doi.org/10.1080/23727810.2019.1671758,,,0,0
https://openalex.org/w2046557344,https://doi.org/10.1080/10888430903162894,,081-141-869-040-082,1,1
https://openalex.org/w194362609,https://doi.org/10.26634/jpsy.6.2.2002,,,0,0
https://openalex.org/w2725983493,https://doi.org/10.2466/pms.107.7.963-973,,,0,0
https://openalex.org/w2042339292,https://doi.org/10.1177/0022219414559974,,,0,0
https://openalex.org/w2590014482,https://doi.org/10.1080/19388071.2017.1280863,,,0,0
https://openalex.org/w2039104265,https://doi.org/10.1080/19388070709558471,,,0,0
https://openalex.org/w2468647330,https://doi.org/10.1080/10824669.2016.1172231,,,0,0
https://openalex.org/w1975468248,https://doi.org/10.1598/rt.64.2.11,,,0,0
https://openalex.org/w2060715218,https://doi.org/10.2511/027494811800824499,,,0,0
https://openalex.org/w2031111560,https://doi.org/10.1111/j.1746-1561.2007.00188.x,,,0,0
https://openalex.org/w3026791698,https://doi.org/10.1177/1053451220910736,,,0,0
https://openalex.org/w2947148374,https://doi.org/10.1177/0022219419851750,,,0,0
https://openalex.org/w2744923812,https://doi.org/10.1177/8756870517721900,,,0,0
https://openalex.org/w2995983895,https://doi.org/10.1177/0022219419893649,,,0,0
https://openalex.org/w2129424686,https://doi.org/10.1111/desc.12189,,,0,0
https://openalex.org/w2076197890,https://doi.org/10.1037/0022-0663.98.3.508,,004-921-396-056-643,1,1
https://openalex.org/w2139415989,https://doi.org/10.1177/0741932508321007,,,0,0
https://openalex.org/w2766460465,https://doi.org/10.1177/1534508417737514,,,0,0
https://openalex.org/w2085867329,https://doi.org/10.1598/rt.64.6.13,,,0,0
https://openalex.org/w2034518629,https://doi.org/10.1177/1534508410379796,,,0,0
https://openalex.org/w2488251572,https://doi.org/10.1111/1471-3802.12139,,,0,0
https://openalex.org/w2087710924,https://doi.org/10.1097/00011363-200601000-00006,,,0,0
https://openalex.org/w2346460712,https://doi.org/10.1177/0731948716646730,,,0,0
https://openalex.org/w3104059740,https://doi.org/10.64546/jaasep.422,,,0,0
https://openalex.org/w2108500013,,,,0,0
https://openalex.org/w2179731135,https://doi.org/10.1007/s10882-015-9458-9,,,0,0
https://openalex.org/w2773610826,https://doi.org/10.46827/ejes.v0i0.1235,,,0,0
https://openalex.org/w1992970520,https://doi.org/10.1007/s10643-012-0519-8,,,0,0
https://openalex.org/w1988343860,https://doi.org/10.1007/s11145-011-9332-9,,,0,0
https://openalex.org/w2093765423,https://doi.org/10.1111/j.1467-8578.2011.00510.x,,,0,0
https://openalex.org/w1998871804,https://doi.org/10.1080/1034912x.2011.598406,,,0,0
https://openalex.org/w1949598145,https://doi.org/10.1111/j.1475-3588.2010.00588.x,,,0,0
https://openalex.org/w2561622251,,,,0,0
https://openalex.org/w2918044208,https://doi.org/10.1080/08856257.2019.1580835,,,0,0
https://openalex.org/w2131160304,https://doi.org/10.1177/0022219412466703,,,0,0
https://openalex.org/w3024138364,,,,0,0
https://openalex.org/w2921999789,https://doi.org/10.1177/0022429419836422,,,0,0
https://openalex.org/w2029607356,https://doi.org/10.1044/0161-1461(2009/08-0036),,,0,0
https://openalex.org/w2900170946,https://doi.org/10.17105/spr-2017-0069.v47-3,,,0,0
https://openalex.org/w86201241,,,,0,0
https://openalex.org/w2756920481,https://doi.org/10.1177/0022466917732777,,,0,0
https://openalex.org/w2108052170,https://doi.org/10.1080/15377903.2013.874389,,,0,0
https://openalex.org/w2005024666,https://doi.org/10.1111/j.1540-5826.2010.00309.x,,,0,0
https://openalex.org/w2100810317,https://doi.org/10.1177/0022466912453940,,,0,0
https://openalex.org/w3005435344,https://doi.org/10.1002/pits.22343,,,0,0
https://openalex.org/w2306549508,https://doi.org/10.1080/02568543.2016.1143894,,,0,0
https://openalex.org/w2755762909,https://doi.org/10.1111/ldrp.12146,,,0,0
https://openalex.org/w2777172261,https://doi.org/10.1002/aur.1914,,,0,0
https://openalex.org/w2109563139,https://doi.org/10.1177/1098300714531827,,,0,0
https://openalex.org/w822621058,https://doi.org/10.1177/0145482x1510900109,,,0,0
https://openalex.org/w2144458688,https://doi.org/10.1080/15240750902774684,,,0,0
https://openalex.org/w1861120532,https://doi.org/10.54322/kairaranga.v14i1.290,,,0,0
https://openalex.org/w2092877294,https://doi.org/10.1080/10573569.2014.962204,,,0,0
https://openalex.org/w2084526618,https://doi.org/10.1080/21683603.2013.860570,,,0,0
https://openalex.org/w2030177743,https://doi.org/10.1007/s10882-014-9387-z,,,0,0
https://openalex.org/w2119876873,https://doi.org/10.1177/00224669060390040101,,,0,0
https://openalex.org/w4251865845,https://doi.org/10.7205/milmed-d-10-00075,,,0,0
https://openalex.org/w2591142891,https://doi.org/10.1177/0741932517693396,,,0,0
https://openalex.org/w1507042261,https://doi.org/10.1111/j.1540-5826.2012.00359.x,,,0,0
https://openalex.org/w2137035452,https://doi.org/10.1111/j.1469-7610.2010.02310.x,,,0,0
https://openalex.org/w2952068738,https://doi.org/10.17105/spr-2017-0135.v48-1,,,0,0
https://openalex.org/w2341946583,https://doi.org/10.1353/etc.2016.0011,,,0,0
https://openalex.org/w2464721775,https://doi.org/10.1080/02702711.2016.1193583,,,0,0
https://openalex.org/w2033114742,https://doi.org/10.1080/10573560600837537,,,0,0
https://openalex.org/w2516269201,https://doi.org/10.1086/687813,,,0,0
https://openalex.org/w2114907721,https://doi.org/10.1002/trtr.1203,,,0,0
https://openalex.org/w2170101179,https://doi.org/10.1111/j.1467-9817.2010.01475.x,,,0,0
https://openalex.org/w2020829681,https://doi.org/10.1016/j.ecresq.2008.05.002,,,0,0
https://openalex.org/w2042801716,https://doi.org/10.1353/etc.0.0003,,,0,0
https://openalex.org/w2791140463,https://doi.org/10.1177/0895904818755471,,,0,0
https://openalex.org/w2968971066,https://doi.org/10.1002/trtr.1863,,,0,0
https://openalex.org/w2980753103,https://doi.org/10.1080/10573569.2019.1677536,,,0,0
https://openalex.org/w2071897769,https://doi.org/10.1353/aad.2013.0012,,,0,0
https://openalex.org/w2906922201,https://doi.org/10.1007/s10857-018-09422-z,,,0,0
https://openalex.org/w13790127,https://doi.org/10.1080/02796015.2011.12087720,,024-058-192-336-484,1,1
https://openalex.org/w2025078891,https://doi.org/10.1080/1754730x.2009.9715694,,,0,0
https://openalex.org/w2113493130,https://doi.org/10.1177/0022219413477475,,,0,0
https://openalex.org/w2021005330,https://doi.org/10.1523/jneurosci.4383-12.2013,,,0,0
https://openalex.org/w2097785569,https://doi.org/10.1136/injuryprev-2011-040049,,,0,0
https://openalex.org/w2763087144,https://doi.org/10.1080/20473869.2016.1277841,,,0,0
https://openalex.org/w2043862016,https://doi.org/10.1080/10573569.2013.857970,,,0,0
https://openalex.org/w2048016140,https://doi.org/10.1177/0022487112439894,,,0,0
https://openalex.org/w2115418743,https://doi.org/10.1177/0022219412449440,,,0,0
https://openalex.org/w2044675030,https://doi.org/10.1080/10573569.2013.866529,,,0,0
https://openalex.org/w1976604863,https://doi.org/10.1177/0022219407313586,,,0,0
https://openalex.org/w2198986650,,,,0,0
https://openalex.org/w2582842182,https://doi.org/10.1080/19411243.2016.1273160,,,0,0
https://openalex.org/w2036892708,https://doi.org/10.1177/0014402914532234,,,0,1
https://openalex.org/w2754979670,https://doi.org/10.1007/s11121-017-0842-9,,,0,0
https://openalex.org/w2963707715,https://doi.org/10.1037/fam0000570,,,0,0
https://openalex.org/w2996544863,https://doi.org/10.1080/03323315.2019.1697946,,,0,0
https://openalex.org/w2149465913,https://doi.org/10.1080/09362835.2014.986604,,,0,0
https://openalex.org/w2080879821,https://doi.org/10.1007/s11125-008-9080-z,,,0,0
https://openalex.org/w2951035533,https://doi.org/10.1111/j.1467-8624.2010.01558.x,,,0,0
https://openalex.org/w2738794491,https://doi.org/10.20429/ijsotl.2017.110217,,,0,0
https://openalex.org/w2669443054,https://doi.org/10.1177/0271121417711531,,,0,0
https://openalex.org/w2943388479,https://doi.org/10.1007/s10864-019-09336-7,,,0,0
https://openalex.org/w2029290874,https://doi.org/10.1177/1059840511411716,,,0,0
https://openalex.org/w2157020827,https://doi.org/10.1177/215416471204700304,,,0,0
https://openalex.org/w2144445050,https://doi.org/10.1177/0022219411431242,,,0,0
https://openalex.org/w2561050814,https://doi.org/10.1080/2331186x.2016.1262306,,,0,0
https://openalex.org/w2804537005,https://doi.org/10.1177/1098300718774881,,,0,0
https://openalex.org/w2804029092,https://doi.org/10.1093/ntr/nty090,,,0,0
https://openalex.org/w2210239123,,,,0,0
https://openalex.org/w2146239841,https://doi.org/10.1080/10862960709336758,,,0,0
https://openalex.org/w2058904148,https://doi.org/10.1080/19345747.2014.906010,,073-420-797-815-353,1,1
https://openalex.org/w2180522503,https://doi.org/10.1080/13603124.2015.1082630,,,0,0
https://openalex.org/w2026206814,https://doi.org/10.1080/10573560500203491,,,0,0
https://openalex.org/w2114840699,https://doi.org/10.1080/10349120802681564,,,0,0
https://openalex.org/w2974928485,,,,0,0
https://openalex.org/w2111805750,https://doi.org/10.1177/0741932512450518,,,0,0
https://openalex.org/w2085652767,https://doi.org/10.1080/01443410.2013.797336,,,0,0
https://openalex.org/w2795029968,,,,0,0
https://openalex.org/w2091844611,https://doi.org/10.1037/a0038813,,,0,0
https://openalex.org/w2043452881,https://doi.org/10.1093/cs/cdr001,,,0,0
https://openalex.org/w2795922136,https://doi.org/10.1177/0271121418766636,,,0,0
https://openalex.org/w2989400691,https://doi.org/10.7575/aiac.ijels.v.7n.4p.1,,,0,0
https://openalex.org/w2081706128,https://doi.org/10.1007/s11145-005-4944-6,,,0,0
https://openalex.org/w2779564914,https://doi.org/10.1177/1540796917743931,,,0,0
https://openalex.org/w2102783925,,,,0,0
https://openalex.org/w2073563451,https://doi.org/10.1016/j.ecresq.2015.03.004,,,0,0
https://openalex.org/w2625247450,,,,0,0
https://openalex.org/w1856947755,,,,0,0
https://openalex.org/w1983255950,https://doi.org/10.1080/10824669.2012.695920,,,0,0
https://openalex.org/w3080294680,https://doi.org/10.1186/s12889-020-09318-9,,,0,0
https://openalex.org/w2134220484,https://doi.org/10.1080/10573560802683622,,,0,0
https://openalex.org/w2562878973,https://doi.org/10.1080/17483107.2016.1269210,,,0,0
https://openalex.org/w2091726882,https://doi.org/10.1598/rt.63.8.9,,,0,0
https://openalex.org/w2983270015,https://doi.org/10.1080/10573569.2019.1677538,,,0,0
https://openalex.org/w1983987033,https://doi.org/10.1016/j.learninstruc.2012.04.001,,,0,0
https://openalex.org/w2127021600,https://doi.org/10.1002/pits.20231,,,0,0
https://openalex.org/w2125804980,https://doi.org/10.1177/0022219410391186,,,0,0
https://openalex.org/w1600353710,,,,0,0
https://openalex.org/w3119302292,,,,0,0
https://openalex.org/w2580175977,https://doi.org/10.18820/2519593x/pie.v34i4.1,,,0,0
https://openalex.org/w101437995,,,,0,0
https://openalex.org/w2257991648,https://doi.org/10.1111/ldrp.12091,,,0,0
https://openalex.org/w1173926320,https://doi.org/10.12738/estp.2015.3.2616,,,0,0
https://openalex.org/w2792251769,https://doi.org/10.3389/fpsyt.2018.00017,,,0,0
https://openalex.org/w2122090616,https://doi.org/10.1177/00224669060400020401,,,0,0
https://openalex.org/w1629690797,https://doi.org/10.1177/215416471404900302,,,0,0
https://openalex.org/w2102465994,https://doi.org/10.1111/j.1469-7610.2012.02604.x,,,0,0
https://openalex.org/w2767755022,https://doi.org/10.1177/1534508417736260,,,0,0
https://openalex.org/w1969273748,https://doi.org/10.1007/s10643-014-0650-9,,,0,0
https://openalex.org/w2795415041,,,,0,0
https://openalex.org/w1534227582,https://doi.org/10.1075/aral.37.2.05laf,,,0,0
https://openalex.org/w2588003863,https://doi.org/10.1177/1086296x16683417,,,0,0
https://openalex.org/w1940207825,https://doi.org/10.1111/j.1469-7610.2010.02302.x,,,0,0
https://openalex.org/w2034102249,https://doi.org/10.1080/02568540709594617,,,0,0
https://openalex.org/w2155595140,https://doi.org/10.3102/0162373708328519,,,0,0
https://openalex.org/w130902396,https://doi.org/10.58680/rte20076484,,,0,0
https://openalex.org/w2606145403,https://doi.org/10.1177/875687051603500304,,,0,0
https://openalex.org/w2481513015,https://doi.org/10.1016/j.ridd.2016.07.005,,,0,0
https://openalex.org/w2896276201,https://doi.org/10.1016/j.evalprogplan.2018.10.011,,,0,0
https://openalex.org/w2776586406,https://doi.org/10.1177/1745499917740657,,,0,0
https://openalex.org/w2170252449,https://doi.org/10.1177/073194871103400105,,,0,0
https://openalex.org/w2139755569,https://doi.org/10.1177/016146811211400803,,,0,0
https://openalex.org/w2813515702,https://doi.org/10.1044/2018_lshss-17-0104,,,0,0
https://openalex.org/w2478209253,,,,0,0
https://openalex.org/w1867486552,https://doi.org/10.1111/cdev.12448,,,0,0
https://openalex.org/w3024372270,,,,0,0
https://openalex.org/w2122264734,https://doi.org/10.1177/0022219411410290,,,0,0
https://openalex.org/w2006611130,https://doi.org/10.1177/0022219414539566,,,0,0
https://openalex.org/w3008762896,https://doi.org/10.1007/s43494-020-00002-6,,,0,0
https://openalex.org/w1985524691,https://doi.org/10.1037/0022-0663.98.2.282,,,0,0
https://openalex.org/w1987245071,https://doi.org/10.1177/1053451212443131,,,0,0
https://openalex.org/w2974707987,https://doi.org/10.1177/1098300719876098,,,0,0
https://openalex.org/w2068543362,https://doi.org/10.1080/1034912x.2011.547349,,,0,0
https://openalex.org/w2503961232,https://doi.org/10.1177/1059840516659912,,,0,0
https://openalex.org/w2111418338,https://doi.org/10.1086/661995,,,0,0
https://openalex.org/w2151715047,https://doi.org/10.1598/rt.64.2.5,,,0,0
https://openalex.org/w103118457,,,,0,0
https://openalex.org/w2041195717,https://doi.org/10.1080/10400435.2012.743491,,,0,0
https://openalex.org/w2125500779,https://doi.org/10.1080/07370000709336701,,,0,0
https://openalex.org/w2178450878,https://doi.org/10.1080/19345747.2015.1105892,,,0,0
https://openalex.org/w2657843382,https://doi.org/10.1177/8756870517712491,,,0,0
https://openalex.org/w2979928636,https://doi.org/10.1044/2019_lshss-voia-18-0131,,,0,1
https://openalex.org/w3006190578,https://doi.org/10.1080/00043125.2019.1695479,,,0,0
https://openalex.org/w2150253747,https://doi.org/10.1353/foc.2012.0017,,,0,0
https://openalex.org/w2891532232,https://doi.org/10.1177/1063426618795443,,,0,0
https://openalex.org/w2084941566,,,,0,0
https://openalex.org/w1956640279,,,,0,0
https://openalex.org/w1969485492,https://doi.org/10.1080/19345747.2014.906692,,,0,0
https://openalex.org/w2953852084,https://doi.org/10.3102/0162373719872197,,,0,0
https://openalex.org/w2954099008,https://doi.org/10.1177/0145482x19851296,,,0,0
https://openalex.org/w1561658638,,,,0,0
https://openalex.org/w2765345316,https://doi.org/10.1177/1534508417738721,,,0,0
https://openalex.org/w1966876039,https://doi.org/10.1111/j.1467-9604.2010.01475.x,,,0,0
https://openalex.org/w138429997,https://doi.org/10.3233/jai-130033,,,0,0
https://openalex.org/w2089587748,https://doi.org/10.1111/j.1746-1561.2010.00550.x,,,0,0
https://openalex.org/w1570755115,,,,0,0
https://openalex.org/w2121928957,,,,0,0
https://openalex.org/w2026381095,https://doi.org/10.2307/30035563,,,0,0
https://openalex.org/w2146677003,https://doi.org/10.1598/rrq.41.1.5,,,0,0
https://openalex.org/w3008408844,https://doi.org/10.3390/educsci10030052,,,0,0
https://openalex.org/w2804838836,https://doi.org/10.1177/0014402918772791,,,0,0
https://openalex.org/w46451656,https://doi.org/10.1177/019874290603100402,,,0,0
https://openalex.org/w2198588604,,,,0,0
https://openalex.org/w2273822188,https://doi.org/10.1080/1034912x.2015.1091066,,,0,0
https://openalex.org/w2914752522,https://doi.org/10.1111/emip.12244,,,0,0
https://openalex.org/w2395447761,https://doi.org/10.1007/s11145-016-9633-0,,,0,0
https://openalex.org/w2167851617,https://doi.org/10.1159/000268135,,,0,0
https://openalex.org/w2012464148,https://doi.org/10.1177/0265659013479961,,,0,0
https://openalex.org/w2747068710,https://doi.org/10.1177/0198742916688655,,,0,0
https://openalex.org/w2050362648,https://doi.org/10.1016/j.ecresq.2010.04.004,,,0,0
https://openalex.org/w2517868374,https://doi.org/10.1007/s10936-016-9447-x,,,0,0
https://openalex.org/w1572689169,,,,0,0
https://openalex.org/w2061805286,https://doi.org/10.1016/j.ecresq.2012.05.002,,,0,1
https://openalex.org/w2808298472,https://doi.org/10.1007/s12310-018-9276-1,,,0,0
https://openalex.org/w1197034659,https://doi.org/10.1108/mgrj-05-2015-0005,,,0,0
https://openalex.org/w2070537699,https://doi.org/10.1007/s11121-014-0482-2,,,0,0
https://openalex.org/w199846526,,,,0,0
https://openalex.org/w2098126345,,,,0,0
https://openalex.org/w1958803984,https://doi.org/10.1177/001440290907500202,,,0,0
https://openalex.org/w2070978853,https://doi.org/10.1007/s10643-006-0130-y,,,0,0
https://openalex.org/w2057477486,https://doi.org/10.1080/10573560802491224,,,0,0
https://openalex.org/w2606397137,https://doi.org/10.1037/edu0000204,,,0,0
https://openalex.org/w2789838117,https://doi.org/10.1177/1053451218762574,,,0,0
https://openalex.org/w2484255137,https://doi.org/10.1002/pits.21948,,,0,0
https://openalex.org/w1997088553,https://doi.org/10.1207/s10824669espr110304_7,,,0,0
https://openalex.org/w2593503354,https://doi.org/10.1177/0734282917696936,,,0,0
https://openalex.org/w2788697766,https://doi.org/10.1177/016146811711900107,,,0,0
https://openalex.org/w2787145080,https://doi.org/10.1007/s10566-018-9442-5,,,0,0
https://openalex.org/w2299397032,https://doi.org/10.1353/hsj.2016.0003,,,0,0
https://openalex.org/w2472015491,https://doi.org/10.1080/10573569.2016.1145561,,,0,0
https://openalex.org/w273118995,,,,0,0
https://openalex.org/w2296486776,,,,0,0
https://openalex.org/w1598632575,,,,0,0
https://openalex.org/w2080337222,https://doi.org/10.1177/001440290807400206,,,0,0
https://openalex.org/w2018614477,https://doi.org/10.1080/02702710801963951,,,0,0
https://openalex.org/w1928279026,https://doi.org/10.1044/2015_jslhr-s-14-0276,,,0,0
https://openalex.org/w1551679294,,,,0,0
https://openalex.org/w2804075370,https://doi.org/10.1016/j.ecresq.2018.04.003,,,0,0
https://openalex.org/w2024214703,https://doi.org/10.1002/trtr.1292,,,0,0
https://openalex.org/w2905287634,https://doi.org/10.1002/rrq.238,,,0,0
https://openalex.org/w1991700085,https://doi.org/10.1080/13573322.2014.993961,,,0,0
https://openalex.org/w2150246837,https://doi.org/10.1186/1471-244x-13-339,,,0,0
https://openalex.org/w2136727834,https://doi.org/10.1177/0022219413497097,,,0,0
https://openalex.org/w2077479922,https://doi.org/10.1080/10824669.2013.781845,,,0,0
https://openalex.org/w2066004759,https://doi.org/10.1080/08856257.2011.593824,,,0,0
https://openalex.org/w2605105616,https://doi.org/10.1080/03004279.2017.1296918,,,0,0
https://openalex.org/w2802094946,https://doi.org/10.1177/1053451218767907,,,0,0
https://openalex.org/w2010750448,https://doi.org/10.1177/1063426611429571,,,0,0
https://openalex.org/w2048672257,https://doi.org/10.1598/rt.61.3.6,,,0,0
https://openalex.org/w2112128042,,,,0,0
https://openalex.org/w2745925283,https://doi.org/10.1080/13603116.2017.1362478,,,0,0
https://openalex.org/w2885962906,https://doi.org/10.1111/bjet.12675,,,0,0
https://openalex.org/w2023084359,https://doi.org/10.1007/s10864-005-9003-5,,,0,0
https://openalex.org/w2177536028,https://doi.org/10.1007/s11881-015-0112-0,,,0,0
https://openalex.org/w1986702214,https://doi.org/10.1177/1053451208318681,,,0,0
https://openalex.org/w2335727412,https://doi.org/10.1177/1534508413488794,,,0,0
https://openalex.org/w2020486682,https://doi.org/10.1080/14759390600769193,,,0,0
https://openalex.org/w1882267819,https://doi.org/10.1002/pits.21770,,,0,0
https://openalex.org/w2319336658,https://doi.org/10.5406/amerjpsyc.127.1.0107,,,0,0
https://openalex.org/w2203652761,,,,0,0
https://openalex.org/w2019613866,https://doi.org/10.1016/j.ridd.2014.03.024,,,0,0
https://openalex.org/w2336828518,https://doi.org/10.1016/j.childyouth.2016.04.005,,,0,0
https://openalex.org/w2153175950,https://doi.org/10.1080/02702710902733576,,,0,0
https://openalex.org/w2791993495,https://doi.org/10.1111/ldrp.12144,,,0,0
https://openalex.org/w2892797454,https://doi.org/10.1177/0013161x18799439,,,0,0
https://openalex.org/w2961739854,https://doi.org/10.1080/10573569.2019.1635544,,,0,0
https://openalex.org/w2953809840,https://doi.org/10.1080/10573569.2019.1627967,,,0,0
https://openalex.org/w2465682166,,,,0,0
https://openalex.org/w2463226020,,,,0,0
https://openalex.org/w1482832455,,,,0,0
https://openalex.org/w3007930501,https://doi.org/10.7575/aiac.ijels.v.8n.1p.109,,,0,0
https://openalex.org/w2220147121,https://doi.org/10.1007/s13384-015-0181-4,,,0,0
https://openalex.org/w1902554623,https://doi.org/10.1177/001440291207900103,,,0,0
https://openalex.org/w318288368,,,,0,0
https://openalex.org/w1982007038,https://doi.org/10.1007/s40273-013-0108-8,,,0,0
https://openalex.org/w149247744,https://doi.org/10.1007/bf03340992,,,0,1
https://openalex.org/w3016029896,https://doi.org/10.1007/s43494-020-00003-5,,,0,0
https://openalex.org/w1964388274,https://doi.org/10.1007/s10882-012-9307-z,,,0,0
https://openalex.org/w1954712569,https://doi.org/10.1016/j.ecresq.2015.08.001,,,0,0
https://openalex.org/w2916772752,https://doi.org/10.1177/0162643419832993,,,0,0
https://openalex.org/w2014856648,https://doi.org/10.1016/j.jsp.2012.12.004,,,0,0
https://openalex.org/w2051767444,https://doi.org/10.1080/13611267.2012.679122,,,0,0
https://openalex.org/w1874857398,,,,0,0
https://openalex.org/w2061498737,https://doi.org/10.1177/0741932514543927,,,0,0
https://openalex.org/w2586387334,https://doi.org/10.58464/2155-5834.1292,,,0,0
https://openalex.org/w3087479458,https://doi.org/10.1002/rrq.345,,,0,0
https://openalex.org/w2624605282,https://doi.org/10.1177/0022219417712016,,,0,0
https://openalex.org/w1979522704,https://doi.org/10.1080/10573560500455786,,,0,0
https://openalex.org/w2038877328,https://doi.org/10.1080/1045988x.2014.895573,,,0,0
https://openalex.org/w2104526179,,,,0,0
https://openalex.org/w2796245418,https://doi.org/10.18666/ldmj-2016-v21-i1-6797,,,0,0
https://openalex.org/w2951878815,https://doi.org/10.1111/ldrp.12202,,,0,0
https://openalex.org/w2793826296,https://doi.org/10.1017/sjp.2018.3,,,0,0
https://openalex.org/w1683552345,https://doi.org/10.1177/004005991204500104,,,0,0
https://openalex.org/w1986860450,https://doi.org/10.1007/s10643-006-0058-2,,,0,0
https://openalex.org/w2974220411,https://doi.org/10.17105/spr-2017-0124.v48-2,,,0,0
https://openalex.org/w2588744399,https://doi.org/10.58680/rte20109836,,,0,0
https://openalex.org/w2104152459,https://doi.org/10.1186/s12966-015-0218-0,,,0,0
https://openalex.org/w2495199259,https://doi.org/10.1080/10573569.2016.1145563,,,0,0
https://openalex.org/w2583523514,https://doi.org/10.1177/0162643417753561,,,0,0
https://openalex.org/w2097639524,https://doi.org/10.1177/0022057412192002-309,,,0,0
https://openalex.org/w2068696503,https://doi.org/10.1080/10573560600837636,,,0,0
https://openalex.org/w2004133101,https://doi.org/10.1016/j.learninstruc.2011.12.003,,,0,0
https://openalex.org/w2175806976,https://doi.org/10.1007/s11145-015-9585-9,,,0,1
https://openalex.org/w2761820711,https://doi.org/10.1177/1468798417733795,,,0,0
https://openalex.org/w2145103121,https://doi.org/10.1177/0022219409355475,,012-478-353-374-189,1,1
https://openalex.org/w2049639804,https://doi.org/10.1080/10573569.2011.532737,,,0,0
https://openalex.org/w2154219546,https://doi.org/10.1177/1053451214542041,,,0,0
https://openalex.org/w2408745008,https://doi.org/10.1086/686467,,,0,0
https://openalex.org/w2895075224,https://doi.org/10.1044/2018_jslhr-l-17-0416,,,0,0
https://openalex.org/w2018464575,https://doi.org/10.1177/00222194060390040301,,,0,0
https://openalex.org/w2090744530,https://doi.org/10.1177/0734282906286340,,,0,0
https://openalex.org/w2096280976,https://doi.org/10.1177/0741932508324403,,,0,0
https://openalex.org/w2898319867,https://doi.org/10.1016/j.ecresq.2018.06.009,,,0,0
https://openalex.org/w2032473668,https://doi.org/10.1177/0731948714555020,,,0,0
https://openalex.org/w2121871504,https://doi.org/10.1016/j.compedu.2009.07.018,,,0,0
https://openalex.org/w2145190220,https://doi.org/10.1177/0022219410374235,,,0,0
https://openalex.org/w2169691901,https://doi.org/10.1177/0731948714551418,,,0,0
https://openalex.org/w2082151301,https://doi.org/10.9782/2159-4341-18.1.1,,,0,0
https://openalex.org/w2006260589,https://doi.org/10.1016/j.cbpra.2007.04.002,,,0,0
https://openalex.org/w2009761498,https://doi.org/10.1080/07380569.2012.651426,,,0,0
https://openalex.org/w2809168723,https://doi.org/10.1080/10888438.2018.1481409,,,0,1
https://openalex.org/w2043864815,https://doi.org/10.1177/1053451212462883,,,0,0
https://openalex.org/w2100913723,https://doi.org/10.1177/1053451212472231,,,0,0
https://openalex.org/w2805185536,https://doi.org/10.1177/0022219418775120,,,0,0
https://openalex.org/w2566836260,https://doi.org/10.3102/0034654312453343,,,0,0
https://openalex.org/w2592750454,https://doi.org/10.1111/bjep.12150,,,0,0
https://openalex.org/w2057928477,https://doi.org/10.1080/01596306.2012.698861,,,0,0
https://openalex.org/w2169940432,https://doi.org/10.1177/0022219413486930,,,0,0
https://openalex.org/w2162190419,https://doi.org/10.1177/001440291207800301,,,0,0
https://openalex.org/w2069828621,https://doi.org/10.1080/1045988x.2014.893976,,,0,0
https://openalex.org/w2092874746,https://doi.org/10.1001/archpsyc.63.11.1246,,,0,0
https://openalex.org/w2072792972,https://doi.org/10.1177/0731948713516767,,,0,0
https://openalex.org/w2462842787,https://doi.org/10.1111/1467-9604.12118,,,0,0
https://openalex.org/w1968911039,https://doi.org/10.1207/s15566935eed1702_4,,,0,0
https://openalex.org/w615388933,https://doi.org/10.1177/0741932515590234,,,0,0
https://openalex.org/w2765728149,https://doi.org/10.1080/10573569.2017.1382407,,,0,0
https://openalex.org/w2570879442,https://doi.org/10.58464/2155-5834.1280,,,0,0
https://openalex.org/w2418221707,https://doi.org/10.1037/a0039311,,,0,0
https://openalex.org/w2159294376,https://doi.org/10.1093/deafed/enj031,,,0,0
https://openalex.org/w2047704373,https://doi.org/10.1111/j.1540-5826.2008.00264.x,,,0,0
https://openalex.org/w1987097160,https://doi.org/10.1086/503636,,,0,0
https://openalex.org/w2765153405,https://doi.org/10.1177/1088357617735815,,,0,0
https://openalex.org/w1969550289,https://doi.org/10.1080/10409289.2013.736037,,,0,0
https://openalex.org/w2112212190,https://doi.org/10.1598/jaal.49.5.2,,,0,0
https://openalex.org/w2889742347,https://doi.org/10.1044/2018_jslhr-h-18-0047,,,0,0
https://openalex.org/w2039214056,https://doi.org/10.1016/j.eatbeh.2013.10.015,,,0,0
https://openalex.org/w2993644495,https://doi.org/10.1007/s11858-019-01112-1,,,0,0
https://openalex.org/w2614416493,https://doi.org/10.1177/0022219409335218,,,0,0
https://openalex.org/w2164098172,https://doi.org/10.1177/0022219408326211,,,0,0
https://openalex.org/w2071603488,https://doi.org/10.1080/2331186x.2014.962786,,,0,1
https://openalex.org/w2556292298,https://doi.org/10.1002/berj.3252,,,0,0
https://openalex.org/w2138740569,https://doi.org/10.1080/02702710802073438,,,0,0
https://openalex.org/w2471176097,,,,0,0
https://openalex.org/w2526877229,https://doi.org/10.64546/jaasep.322,,,0,0
https://openalex.org/w2344216987,https://doi.org/10.1007/s11145-016-9650-z,,,0,0
https://openalex.org/w2076953382,https://doi.org/10.1177/1744629515574812,,,0,0
https://openalex.org/w1855267046,https://doi.org/10.1080/1045988x.2013.782532,,,0,0
https://openalex.org/w2024011741,https://doi.org/10.1177/0022219407313411,,,0,0
https://openalex.org/w2987772407,https://doi.org/10.1080/10409289.2019.1677132,,,0,0
https://openalex.org/w2608356654,,,,0,0
https://openalex.org/w2056573092,https://doi.org/10.1177/1053451210374989,,,0,0
https://openalex.org/w3017164337,https://doi.org/10.1097/tld.0000000000000211,,,0,0
https://openalex.org/w2400794072,https://doi.org/10.1111/ldrp.12099,,,0,0
https://openalex.org/w2574903671,https://doi.org/10.1177/0022219416688171,,,0,0
https://openalex.org/w2094622089,https://doi.org/10.1007/s10649-011-9311-8,,,0,0
https://openalex.org/w1531052187,https://doi.org/10.1177/016264341202700303,,,0,0
https://openalex.org/w2560001490,https://doi.org/10.1177/1053451216676799,,,0,0
https://openalex.org/w2791805473,https://doi.org/10.64546/jaasep.46,,,0,0
https://openalex.org/w2024468391,https://doi.org/10.1080/10824669.2011.585944,,,0,0
https://openalex.org/w2044793902,https://doi.org/10.1002/pits.20622,,,0,0
https://openalex.org/w2944933847,https://doi.org/10.1177/0022219419847154,,,0,0
https://openalex.org/w2782958149,https://doi.org/10.1007/s10864-017-9287-2,,,0,1
https://openalex.org/w2105388634,https://doi.org/10.1007/s10798-007-9046-0,,,0,0
https://openalex.org/w2771779073,https://doi.org/10.1007/s10936-017-9547-2,,,0,0
https://openalex.org/w2160846231,https://doi.org/10.1177/0022219413509964,,,0,0
https://openalex.org/w2053719104,https://doi.org/10.3109/09638288.2012.702850,,,0,0
https://openalex.org/w2066264529,https://doi.org/10.1353/etc.2011.0011,,,0,0
https://openalex.org/w2944085240,https://doi.org/10.1080/10573569.2019.1577778,,,0,0
https://openalex.org/w1999647771,https://doi.org/10.1177/001440290707400102,,,0,1
https://openalex.org/w1978903339,https://doi.org/10.1080/10888690802199418,,,0,0
https://openalex.org/w2152683348,https://doi.org/10.1598/jaal.53.2.6,,,0,0
https://openalex.org/w1603602197,,,,0,0
https://openalex.org/w1481925330,,,,0,0
https://openalex.org/w3025859657,,,,0,0
https://openalex.org/w2412954842,,,,0,0
https://openalex.org/w2134461931,https://doi.org/10.1080/15401383.2012.711712,,,0,0
https://openalex.org/w2133144935,https://doi.org/10.1177/07419325070280020801,,,0,0
https://openalex.org/w2636379369,https://doi.org/10.17105/spr-2017-0020.v46-2,,,0,0
https://openalex.org/w2901587065,https://doi.org/10.1177/0143034318810319,,,0,0
https://openalex.org/w1498072892,https://doi.org/10.1080/00098655.2011.606244,,,0,0
https://openalex.org/w1991849922,https://doi.org/10.1080/19388070609558450,,,0,0
https://openalex.org/w1993415223,https://doi.org/10.1177/1534508408314170,,,0,0
https://openalex.org/w2939370260,https://doi.org/10.1080/08878730.2018.1490842,,,0,0
https://openalex.org/w2340597824,https://doi.org/10.1177/0731948715616757,,,0,1
https://openalex.org/w170010158,,,,0,0
https://openalex.org/w2136904171,https://doi.org/10.1037/a0030347,,,0,0
https://openalex.org/w2079584558,https://doi.org/10.1007/s11881-011-0056-y,,,0,0
https://openalex.org/w2159964764,https://doi.org/10.1177/1525740111405840,,,0,0
https://openalex.org/w2765651113,https://doi.org/10.1177/0741932517736515,,,0,0
https://openalex.org/w2132512546,https://doi.org/10.58464/2155-5834.1049,,,0,0
https://openalex.org/w2950430550,https://doi.org/10.1177/0731948719851752,,,0,0
https://openalex.org/w2107044170,https://doi.org/10.1080/02770903.2010.514636,,,0,0
https://openalex.org/w2169266848,https://doi.org/10.1177/0022219409339063,,,0,0
https://openalex.org/w286227028,,,,0,0
https://openalex.org/w2417893418,https://doi.org/10.1177/1478210315579971,,,0,0
https://openalex.org/w2137676983,https://doi.org/10.1177/0741932510362495,,,0,1
https://openalex.org/w2340646239,https://doi.org/10.1353/etc.2016.0010,,,0,0
https://openalex.org/w2142817777,,,,0,0
https://openalex.org/w2344249682,https://doi.org/10.1037/edu0000073,,,0,0
https://openalex.org/w1973550091,https://doi.org/10.1177/0022219414556771,,,0,0
https://openalex.org/w2784947798,https://doi.org/10.1371/journal.pone.0190254,,,0,0
https://openalex.org/w2113166918,https://doi.org/10.1080/10573560701753112,,,0,0
https://openalex.org/w2115158043,https://doi.org/10.1353/foc.2012.0010,,,0,0
https://openalex.org/w2261115008,https://doi.org/10.1177/215416471404900404,,,0,0
https://openalex.org/w2998383957,https://doi.org/10.1353/aad.2019.0026,,,0,0
https://openalex.org/w2163267850,https://doi.org/10.1080/00094056.2006.10522871,,,0,0
https://openalex.org/w2034836290,https://doi.org/10.1177/0022219411413544,,,0,0
https://openalex.org/w2121393944,https://doi.org/10.1177/0022219413504997,,,0,0
https://openalex.org/w2804447009,https://doi.org/10.1177/0022219418775110,,,0,0
https://openalex.org/w2497533591,https://doi.org/10.1177/2381336916661529,,,0,0
https://openalex.org/w2797161329,https://doi.org/10.1177/0731948718765207,,,0,0
https://openalex.org/w123533701,https://doi.org/10.58680/la20086707,,,0,0
https://openalex.org/w2136345205,https://doi.org/10.1177/0741932514533998,,,0,0
https://openalex.org/w2916546238,https://doi.org/10.1080/10573569.2018.1541770,,,0,0
https://openalex.org/w2090301003,https://doi.org/10.1598/rt.62.6.5,,,0,0
https://openalex.org/w2522234593,https://doi.org/10.1177/0734282916669208,,,0,0
https://openalex.org/w2189031408,https://doi.org/10.4148/2470-6353.1052,,,0,0
https://openalex.org/w1535387415,https://doi.org/10.46743/2160-3715/2013.1543,,,0,0
https://openalex.org/w2140900904,https://doi.org/10.3109/02699206.2012.702185,,,0,0
https://openalex.org/w3087247259,,,,0,0
https://openalex.org/w2026127734,https://doi.org/10.1080/1045988x.2014.919138,,,0,0
https://openalex.org/w315350986,https://doi.org/10.1177/073194871003300205,,,0,0
https://openalex.org/w2090060686,https://doi.org/10.2307/30035554,,,0,0
https://openalex.org/w135794246,,,,0,0
https://openalex.org/w3092797224,,,,0,0
https://openalex.org/w2915212400,https://doi.org/10.1007/s41252-019-00103-3,,,0,0
https://openalex.org/w3015878963,https://doi.org/10.30958/aje.7-2-2,,,0,0
https://openalex.org/w1979240251,https://doi.org/10.1007/s13384-011-0020-1,,,0,0
https://openalex.org/w2518193458,https://doi.org/10.1016/j.jsp.2016.07.004,,,0,0
https://openalex.org/w2158469484,https://doi.org/10.1177/001440290607300103,,,0,0
https://openalex.org/w2249677335,,,,0,0
https://openalex.org/w3171252099,,,,0,0
https://openalex.org/w1544170407,,,,0,0
https://openalex.org/w3023992748,https://doi.org/10.1007/s11881-020-00193-y,,,0,0
https://openalex.org/w1965681896,https://doi.org/10.1080/10824660802427652,,,0,0
https://openalex.org/w3094512058,,,,0,0
https://openalex.org/w2013321544,https://doi.org/10.1080/10409289.2015.979725,,,0,0
https://openalex.org/w2800191841,https://doi.org/10.1111/jcal.12272,,,0,0
https://openalex.org/w2089165819,https://doi.org/10.1177/109625060701000201,,,0,0
https://openalex.org/w2084260842,https://doi.org/10.1177/07419325060270060601,,001-800-309-171-134,1,1
https://openalex.org/w2583849273,https://doi.org/10.26634/jet.5.1.569,,,0,0
https://openalex.org/w2793953704,https://doi.org/10.1007/s10803-018-3514-0,,,0,0
https://openalex.org/w1973570322,https://doi.org/10.1016/j.jsp.2012.09.002,,,0,0
https://openalex.org/w2943301138,https://doi.org/10.1002/cad.20292,,,0,0
https://openalex.org/w2163246837,https://doi.org/10.1177/0022466912437937,,,0,0
https://openalex.org/w2107469696,https://doi.org/10.1177/0143034308093674,,,0,0
https://openalex.org/w279108895,,,,0,0
https://openalex.org/w2700337787,https://doi.org/10.1177/0014402917693565,,,0,0
https://openalex.org/w98174399,https://doi.org/10.5951/tcm.15.3.0185,,,0,0
https://openalex.org/w2142255561,https://doi.org/10.1177/0022466912454014,,,0,0
https://openalex.org/w2073393039,https://doi.org/10.1007/s10826-005-9015-8,,,0,0
https://openalex.org/w1548207380,https://doi.org/10.1177/019874291103600201,,,0,0
https://openalex.org/w3008494569,https://doi.org/10.1080/08856257.2020.1732109,,,0,0
https://openalex.org/w1992362956,https://doi.org/10.1097/tld.0000000000000014,,,0,0
https://openalex.org/w2423818420,,,,0,0
https://openalex.org/w1972585566,https://doi.org/10.1080/02671520600793799,,,0,0
https://openalex.org/w1973431579,https://doi.org/10.1016/j.ridd.2014.10.020,,,0,0
https://openalex.org/w2296648339,https://doi.org/10.1080/19388071.2016.1135381,,,0,0
https://openalex.org/w2774561480,https://doi.org/10.1080/09297049.2017.1412413,,,0,0
https://openalex.org/w2128258452,,,,0,0
https://openalex.org/w2097220558,https://doi.org/10.1598/rt.64.3.9,,,0,0
https://openalex.org/w2157508138,,,,0,0
https://openalex.org/w2413953930,https://doi.org/10.5430/wje.v6n3p29,,,0,0
https://openalex.org/w2908671330,https://doi.org/10.1080/10573569.2018.1535777,,,0,0
https://openalex.org/w2737063472,https://doi.org/10.1177/0022219417721182,,,0,0
https://openalex.org/w2099905875,https://doi.org/10.1177/0022219414521664,,,0,1
https://openalex.org/w2186039931,https://doi.org/10.1001/jamaneurol.2015.3145,,,0,0
https://openalex.org/w1593561673,https://doi.org/10.1111/j.2044-8279.2011.02034.x,,,0,0
https://openalex.org/w2909009915,https://doi.org/10.1177/0022219418775117,,,0,0
https://openalex.org/w2890953969,https://doi.org/10.1177/0731948718795263,,,0,0
https://openalex.org/w2891050386,,,,0,0
https://openalex.org/w3084423856,,,,0,0
https://openalex.org/w2725677428,,,,0,0
https://openalex.org/w2957365280,https://doi.org/10.1080/10573569.2019.1635543,,,0,0
https://openalex.org/w3003522072,https://doi.org/10.18666/ldmj-2020-v25-i1-9500,,,0,0
https://openalex.org/w2002412239,https://doi.org/10.1080/15244113.2010.501537,,,0,0
https://openalex.org/w2075898096,https://doi.org/10.1111/j.1467-9604.2011.01489.x,,,0,0
https://openalex.org/w2535364618,https://doi.org/10.1080/09362835.2016.1238378,,,0,0
https://openalex.org/w2011750116,https://doi.org/10.1037/0022-0663.100.4.851,,,0,0
https://openalex.org/w2505795360,https://doi.org/10.1177/8755123316660594,,,0,0
https://openalex.org/w2112079554,,,,0,0
https://openalex.org/w2805757954,https://doi.org/10.1002/pits.22145,,,0,0
https://openalex.org/w2790070990,https://doi.org/10.1007/s11145-018-9826-9,,,0,0
https://openalex.org/w2141841193,https://doi.org/10.1177/1098300709359084,,,0,0
https://openalex.org/w2346411537,https://doi.org/10.1080/19388071.2016.1167987,,,0,0
https://openalex.org/w1572241089,,,,0,0
https://openalex.org/w2249247562,https://doi.org/10.1177/0265659015595444,,,0,0
https://openalex.org/w2106577161,https://doi.org/10.1080/02568543.2015.1073200,,,0,0
https://openalex.org/w2918058121,,,,0,0
https://openalex.org/w1904284174,,,,0,0
https://openalex.org/w2062949150,https://doi.org/10.1097/00011363-200610000-00008,,,0,0
https://openalex.org/w2046808545,https://doi.org/10.1007/s10643-013-0615-4,,,0,0
https://openalex.org/w3037757921,https://doi.org/10.46328/ijemst.v8i3.862,,,0,0
https://openalex.org/w1976358345,https://doi.org/10.1177/0022219407313412,,,0,0
https://openalex.org/w1590237008,,,,0,0
https://openalex.org/w2010894857,https://doi.org/10.1177/1053451208318872,,,0,0
https://openalex.org/w2128674345,https://doi.org/10.1111/j.1540-5826.2012.00351.x,,,0,0
https://openalex.org/w2110421990,https://doi.org/10.1080/13682820600940141,,,0,0
https://openalex.org/w3035688323,https://doi.org/10.15700/saje.v40n2a1736,,,0,0
https://openalex.org/w2026054626,https://doi.org/10.1177/1053451211423812,,,0,0
https://openalex.org/w2467080928,https://doi.org/10.5897/err2015.2610,,,0,0
https://openalex.org/w2945450502,https://doi.org/10.1007/s11145-019-09948-5,,,0,0
https://openalex.org/w2907940813,https://doi.org/10.1007/s11881-018-00172-4,,,0,0
https://openalex.org/w2103911721,,,,0,0
https://openalex.org/w2129957335,https://doi.org/10.3102/0034654308325582,,,0,0
https://openalex.org/w2295727498,https://doi.org/10.1177/0040059915623526,,,0,0
https://openalex.org/w2804263949,https://doi.org/10.1177/0022219418775114,,,0,0
https://openalex.org/w1884971432,,,,0,0
https://openalex.org/w2071014589,https://doi.org/10.1111/cdep.12057,,,0,0
https://openalex.org/w2157429032,https://doi.org/10.1002/dys.427,,,0,0
https://openalex.org/w2401610319,https://doi.org/10.1007/s10648-016-9372-4,,,0,0
https://openalex.org/w2589768577,https://doi.org/10.1080/21622965.2017.1286239,,,0,0
https://openalex.org/w2063216361,https://doi.org/10.1007/s10882-010-9196-y,,,0,0
https://openalex.org/w2049833031,https://doi.org/10.1002/dys.359,,,0,0
https://openalex.org/w2605550485,https://doi.org/10.1177/875687051603500405,,,0,0
https://openalex.org/w2280873351,https://doi.org/10.1177/1053451215589181,,,0,0
https://openalex.org/w2994897852,https://doi.org/10.1080/19345747.2019.1670884,,,0,0
https://openalex.org/w2225156854,https://doi.org/10.1080/20445911.2015.1103742,,,0,0
https://openalex.org/w2110437946,https://doi.org/10.1177/0022219412450618,,,0,0
https://openalex.org/w2605918467,https://doi.org/10.1177/0741932517697446,,,0,0
https://openalex.org/w2003356329,https://doi.org/10.5330/psc.n.2010-12.253,,,0,0
https://openalex.org/w20408294,https://doi.org/10.58464/2155-5834.1179,,,0,0
https://openalex.org/w2262490559,https://doi.org/10.1080/15377903.2015.1121195,,,0,0
https://openalex.org/w2100585741,https://doi.org/10.1080/19388070802226311,,,0,0
https://openalex.org/w194465412,https://doi.org/10.1177/107429561202100302,,,0,0
https://openalex.org/w2030382425,https://doi.org/10.5014/ajot.2014.011585,,,0,0
https://openalex.org/w2019042059,https://doi.org/10.1037/a0026985,,,0,0
https://openalex.org/w2059911301,https://doi.org/10.1080/19404158.2012.717537,,,0,1
https://openalex.org/w2160658347,https://doi.org/10.1177/073194871103400103,,,0,0
https://openalex.org/w2017943225,https://doi.org/10.1177/1053451208330900,,,0,0
https://openalex.org/w2344425125,https://doi.org/10.1007/s40688-015-0056-8,,,0,0
https://openalex.org/w2084892708,https://doi.org/10.1001/archgenpsychiatry.2007.41,,,0,0
https://openalex.org/w2115028097,https://doi.org/10.1007/s10803-009-0865-6,,,0,0
https://openalex.org/w2058603885,https://doi.org/10.1007/s11145-011-9310-2,,,0,0
https://openalex.org/w2129269545,https://doi.org/10.1086/659035,,,0,0
https://openalex.org/w1483137237,https://doi.org/10.1111/ldrp.12013,,,0,0
https://openalex.org/w2166186828,https://doi.org/10.1002/pam.20324,,,0,0
https://openalex.org/w2767619419,https://doi.org/10.1016/j.lindif.2017.11.005,,,0,0
https://openalex.org/w2587800398,,,,0,0
https://openalex.org/w2120943372,https://doi.org/10.1002/ddrr.126,,,0,0
https://openalex.org/w2406182220,https://doi.org/10.1080/19404158.2015.1128452,,,0,0
https://openalex.org/w2132049664,https://doi.org/10.1086/659032,,,0,0
https://openalex.org/w1571376340,,,,0,0
https://openalex.org/w2114664401,https://doi.org/10.1353/etc.2015.0018,,,0,0
https://openalex.org/w1834142726,https://doi.org/10.1177/0040059915580034,,,0,0
https://openalex.org/w3083790845,https://doi.org/10.1111/1467-9817.12325,,,0,0
https://openalex.org/w2081541084,https://doi.org/10.1598/rt.63.2.3,,,0,0
https://openalex.org/w2994700798,,,,0,0
https://openalex.org/w2524621347,https://doi.org/10.1037/spq0000172,,,0,0
https://openalex.org/w2100604216,https://doi.org/10.1111/j.1530-0277.2009.01035.x,,,0,0
https://openalex.org/w3094033973,https://doi.org/10.22365/jpsych.2020.313.236,,,0,0
https://openalex.org/w1856702079,https://doi.org/10.58809/lzsy2873,,,0,0
https://openalex.org/w2057970046,https://doi.org/10.1080/1034912x.2014.932562,,,0,0
https://openalex.org/w1859443361,https://doi.org/10.38140/pie.v31i3.1820,,,0,0
https://openalex.org/w4392435450,https://doi.org/10.58680/la201116262,,,0,0
https://openalex.org/w3081569277,https://doi.org/10.12973/eu-jer.9.2.655,,,0,0
https://openalex.org/w2016655313,https://doi.org/10.1080/09687599.2014.923748,,,0,0
https://openalex.org/w2627081420,https://doi.org/10.1007/s13394-017-0215-5,,,0,0
https://openalex.org/w4243498859,https://doi.org/10.1177/0731948712451843,,,0,0
https://openalex.org/w1965200967,https://doi.org/10.1080/10824660701247283,,,0,0
https://openalex.org/w2149124322,https://doi.org/10.1177/0145445514561316,,,0,0
https://openalex.org/w2886518217,https://doi.org/10.1080/21683603.2018.1458357,,,0,0
https://openalex.org/w75147450,,,,0,0
https://openalex.org/w2084663361,https://doi.org/10.1002/pits.21602,,,0,0
https://openalex.org/w2339967599,https://doi.org/10.11575/ajer.v59i3.55786,,,0,0
https://openalex.org/w20992714,,,,0,0
https://openalex.org/w2335294060,https://doi.org/10.1080/10400435.2016.1171810,,,0,0
https://openalex.org/w2235188189,https://doi.org/10.1177/1540796915586190,,,0,0
https://openalex.org/w2976602285,https://doi.org/10.1080/08957347.2019.1660343,,,0,0
https://openalex.org/w1985770238,https://doi.org/10.1007/s11145-014-9526-z,,,0,0
https://openalex.org/w2792122763,https://doi.org/10.1080/10409289.2018.1435943,,,0,0
https://openalex.org/w2606536508,https://doi.org/10.1177/0040059917697250,,,0,0
https://openalex.org/w2033445971,https://doi.org/10.1080/09687590802328386,,,0,0
https://openalex.org/w2134052243,https://doi.org/10.1002/pits.20396,,,0,0
https://openalex.org/w2159544002,https://doi.org/10.1192/bjp.bp.113.128405,,,0,0
https://openalex.org/w3093286559,https://doi.org/10.1177/016146812012201102,,,0,0
https://openalex.org/w2587991329,https://doi.org/10.1177/016146811711900207,,,0,0
https://openalex.org/w2409250644,https://doi.org/10.1177/0741932516653477,,,0,0
https://openalex.org/w2945608979,https://doi.org/10.1016/j.jaac.2019.05.013,,,0,0
https://openalex.org/w2091927489,https://doi.org/10.1177/0734282906286338,,,0,0
https://openalex.org/w1767428919,,,,0,1
https://openalex.org/w1976133282,https://doi.org/10.1353/etc.2014.0030,,,0,0
https://openalex.org/w2789612624,https://doi.org/10.1080/10824669.2018.1438203,,,0,0
https://openalex.org/w2768974888,https://doi.org/10.1080/00220272.2017.1407458,,,0,0
https://openalex.org/w1903132446,https://doi.org/10.1111/1460-6984.12137,,,0,0
https://openalex.org/w2896658772,https://doi.org/10.1080/00220620.2018.1532397,,,0,0
https://openalex.org/w2116179883,https://doi.org/10.1177/0192636511430551,,,0,0
https://openalex.org/w2117163810,https://doi.org/10.1177/1534508408318844,,,0,0
https://openalex.org/w1834183211,https://doi.org/10.1177/073194871003300406,,,0,0
https://openalex.org/w240683421,https://doi.org/10.1080/00043125.2011.11519119,,,0,0
https://openalex.org/w2110241796,https://doi.org/10.1080/00131881.2014.934555,,,0,0
https://openalex.org/w2618147455,https://doi.org/10.1177/0142723717709106,,,0,0
https://openalex.org/w2005688649,https://doi.org/10.1007/s11145-014-9504-5,,,0,0
https://openalex.org/w2900657052,https://doi.org/10.1080/10824669.2018.1523733,,,0,0
https://openalex.org/w1531074865,https://doi.org/10.2307/20054150,,,0,0
https://openalex.org/w2604377483,https://doi.org/10.1177/0731948717698537,,,0,0
https://openalex.org/w1978383835,https://doi.org/10.1177/0022219409359344,,,0,0
https://openalex.org/w2463040431,,,,0,0
https://openalex.org/w2804540337,https://doi.org/10.1177/0022219418775112,,,0,0
https://openalex.org/w2191077667,https://doi.org/10.1037/spq0000130,,,0,0
https://openalex.org/w2071391214,https://doi.org/10.1177/0022219412467069,,,0,0
https://openalex.org/w2180483512,https://doi.org/10.1353/etc.2015.0013,,,0,0
https://openalex.org/w2108000920,https://doi.org/10.1177/1468798407083660,,,0,0
https://openalex.org/w2934724078,https://doi.org/10.1111/jar.12587,,,0,0
https://openalex.org/w2117895099,,,,0,0
https://openalex.org/w1963936957,https://doi.org/10.1037/1045-3830.22.2.115,,,0,0
https://openalex.org/w3010347453,https://doi.org/10.1177/0014402919893710,,,0,0
https://openalex.org/w2008474962,https://doi.org/10.1080/08856250600600885,,,0,0
https://openalex.org/w3095830539,https://doi.org/10.1177/016146812012201114,,,0,0
https://openalex.org/w2973474535,,,,0,0
https://openalex.org/w2002703482,https://doi.org/10.1080/15377903.2012.722181,,,0,0
https://openalex.org/w2087358655,https://doi.org/10.1111/j.1440-1630.2006.00546.x,,,0,0
https://openalex.org/w2131387152,https://doi.org/10.1080/13682820600806680,,,0,0
https://openalex.org/w2025879531,https://doi.org/10.1080/15377903.2013.869785,,,0,0
https://openalex.org/w2148111151,,,,0,0
https://openalex.org/w2534589789,https://doi.org/10.1002/rrq.170,,,0,0
https://openalex.org/w2895303785,https://doi.org/10.1007/s40688-018-0207-9,,,0,0
https://openalex.org/w2084746529,https://doi.org/10.1080/07370008.2012.661815,,,0,0
https://openalex.org/w1498410035,https://doi.org/10.7709/jnegroeducation.81.1.0052,,,0,0
https://openalex.org/w2115259309,https://doi.org/10.1177/00222194060390040401,,,0,0
https://openalex.org/w2107341652,https://doi.org/10.1016/j.cedpsych.2013.03.001,,,0,0
https://openalex.org/w3027968374,https://doi.org/10.1080/1067828x.2020.1766621,,,0,0
https://openalex.org/w2894969604,https://doi.org/10.9782/2159-4341-21.2.01,,,0,0
https://openalex.org/w2075381822,https://doi.org/10.1080/10573569.2012.632734,,,0,0
https://openalex.org/w2885127380,https://doi.org/10.1177/0731948718786231,,,0,0
https://openalex.org/w2920799097,https://doi.org/10.1080/00220671.2018.1523782,,,0,0
https://openalex.org/w94760878,https://doi.org/10.1177/875687051103000202,,,0,0
https://openalex.org/w2153423660,https://doi.org/10.1177/0022219412454455,,,0,0
https://openalex.org/w2076872464,https://doi.org/10.1037/a0024914,,,0,0
https://openalex.org/w2049553126,https://doi.org/10.1080/10508400802222917,,,0,0
https://openalex.org/w2128513044,https://doi.org/10.1177/10883576070220040501,,,0,0
https://openalex.org/w2023741538,https://doi.org/10.1017/jse.2012.7,,,0,0
https://openalex.org/w2402437909,https://doi.org/10.1177/1932202x15603364,,,0,0
https://openalex.org/w2137845447,https://doi.org/10.1177/0022219411407864,,,0,0
https://openalex.org/w1950172570,https://doi.org/10.1002/casp.2110,,,0,0
https://openalex.org/w1028634260,https://doi.org/10.7709/jnegroeducation.84.1.0025,,,0,0
https://openalex.org/w2922603483,https://doi.org/10.1111/1467-9817.12274,,,0,0
https://openalex.org/w2028750477,https://doi.org/10.5539/elt.v7n2p90,,,0,0
https://openalex.org/w2885136200,https://doi.org/10.1177/0731948718790089,,,0,0
https://openalex.org/w4255970298,https://doi.org/10.1598/rt.64.6.10,,135-367-208-149-389,0,0
https://openalex.org/w190274277,https://doi.org/10.58680/rte20065108,,,0,0
https://openalex.org/w1973991690,https://doi.org/10.1080/10824669.2011.611045,,,0,0
https://openalex.org/w2054305542,https://doi.org/10.1080/10632913.2013.826050,,,0,0
https://openalex.org/w142473226,https://doi.org/10.1080/02796015.2007.12087917,,,0,0
https://openalex.org/w1748871635,,,,0,0
https://openalex.org/w2061967137,https://doi.org/10.2511/rpsd.34.3-4.91,,,0,0
https://openalex.org/w2068823781,https://doi.org/10.1207/s15326942dn2901_7,,,0,0
https://openalex.org/w1981859329,https://doi.org/10.1080/10573560903397023,,,0,0
https://openalex.org/w2980425851,https://doi.org/10.1002/pits.22312,,,0,0
https://openalex.org/w2591789415,https://doi.org/10.1002/trtr.1533,,,0,0
https://openalex.org/w2118304762,https://doi.org/10.3102/0002831209349215,,,0,0
https://openalex.org/w2973743053,,,,0,0
https://openalex.org/w2917926207,https://doi.org/10.1177/8756870519826928,,,0,0
https://openalex.org/w2611126803,https://doi.org/10.13189/ujer.2017.050508,,,0,0
https://openalex.org/w851417428,https://doi.org/10.1007/s10648-015-9321-7,,,0,0
https://openalex.org/w249303241,https://doi.org/10.58680/vm201219357,,,0,0
https://openalex.org/w2760776270,,,,0,0
https://openalex.org/w1578139053,,,,0,0
https://openalex.org/w2253942318,https://doi.org/10.1016/j.ecresq.2016.01.016,,,0,0
https://openalex.org/w1919938442,https://doi.org/10.1007/s11881-015-0115-x,,,0,0
https://openalex.org/w2013107145,https://doi.org/10.1080/08856257.2011.593821,,,0,0
https://openalex.org/w2332477298,https://doi.org/10.1177/0734282914548848,,,0,0
https://openalex.org/w2610030879,https://doi.org/10.1002/rrq.188,,,0,1
https://openalex.org/w1594662867,,,,0,0
https://openalex.org/w2001436199,https://doi.org/10.1598/rt.64.3.8,,,0,0
https://openalex.org/w2969290464,https://doi.org/10.1037/bdb0000089,,,0,0
https://openalex.org/w2224324739,https://doi.org/10.1080/15582159.2010.483927,,,0,0
https://openalex.org/w2274932401,,,,0,0
https://openalex.org/w2314037923,https://doi.org/10.1177/1088357615583464,,,0,0
https://openalex.org/w2103774009,https://doi.org/10.1901/jaba.2007.40-431,,,0,0
https://openalex.org/w1976735229,https://doi.org/10.1080/15240750701831909,,,0,0
https://openalex.org/w1966606784,https://doi.org/10.1177/0192636508327934,,,0,0
https://openalex.org/w2004359186,https://doi.org/10.1080/08856257.2012.742746,,,0,0
https://openalex.org/w2803104719,https://doi.org/10.5206/eei.v27i2.7755,,,0,0
https://openalex.org/w328366389,https://doi.org/10.2307/27740356,,,0,0
https://openalex.org/w2901740003,https://doi.org/10.1016/j.cortex.2018.11.009,,,0,0
https://openalex.org/w123812034,https://doi.org/10.58680/la20076158,,,0,0
https://openalex.org/w2917998763,https://doi.org/10.5206/eei.v28i3.7772,,,0,0
https://openalex.org/w3003579283,https://doi.org/10.1080/09500693.2019.1710874,,,0,0
https://openalex.org/w2065193633,https://doi.org/10.1002/pits.20353,,,0,0
https://openalex.org/w2088938056,https://doi.org/10.1080/10573560701501586,,,0,0
https://openalex.org/w797447890,https://doi.org/10.1177/875687051203100406,,,0,0
https://openalex.org/w1908452632,,,,0,0
https://openalex.org/w2085534917,https://doi.org/10.1044/1092-4388(2008/072),,,0,0
https://openalex.org/w1973313589,https://doi.org/10.1080/10409289.2011.611450,,,0,0
https://openalex.org/w2793026983,https://doi.org/10.64546/jaasep.299,,,0,0
https://openalex.org/w2596494799,,,,0,0
https://openalex.org/w2101980940,https://doi.org/10.1177/1476718x13515425,,,0,0
https://openalex.org/w1595429031,,,,0,0
https://openalex.org/w2006028148,https://doi.org/10.1002/dys.369,,,0,0
https://openalex.org/w2800236851,,,,0,0
https://openalex.org/w2115901850,https://doi.org/10.1177/0022466913497261,,,0,0
https://openalex.org/w2293847062,https://doi.org/10.15730/forum.2016.58.1.61,,,0,0
https://openalex.org/w3049620067,https://doi.org/10.5590/jerap.2020.10.1.17,,,0,0
https://openalex.org/w2755332282,https://doi.org/10.1002/dys.1565,,,0,0
https://openalex.org/w1588084145,,,,0,0
https://openalex.org/w2122785489,https://doi.org/10.1016/j.jada.2010.08.035,,,0,0
https://openalex.org/w3061113799,https://doi.org/10.1016/j.ecresq.2020.07.007,,,0,0
https://openalex.org/w3009451801,https://doi.org/10.1080/19345747.2019.1710886,,,0,0
https://openalex.org/w2883339232,,,,0,0
https://openalex.org/w2100444445,https://doi.org/10.25115/ejrep.v9i25.1469,,,0,0
https://openalex.org/w3040692692,https://doi.org/10.1080/00220671.2020.1782812,,,0,0
https://openalex.org/w2059285620,https://doi.org/10.2167/le722.0,,,0,0
https://openalex.org/w2080424303,https://doi.org/10.1080/02702710902754119,,,0,0
https://openalex.org/w3047370839,https://doi.org/10.1044/2020_jslhr-19-00086,,,0,0
https://openalex.org/w2117012654,https://doi.org/10.1177/0022219412442151,,,0,1
https://openalex.org/w3025264355,https://doi.org/10.1111/ssm.12409,,,0,0
https://openalex.org/w243096663,https://doi.org/10.58680/rte20096960,,,0,0
https://openalex.org/w2892500096,https://doi.org/10.1007/s11858-018-1002-9,,,0,0
https://openalex.org/w282342078,https://doi.org/10.18546/ijsd.05.2.03,,,0,0
https://openalex.org/w2510189270,https://doi.org/10.1177/0888406416665448,,,0,0
https://openalex.org/w2015132079,https://doi.org/10.1901/jaba.2011.44-781,,,0,0
https://openalex.org/w1995986338,https://doi.org/10.1080/07303084.2015.1009208,,,0,0
https://openalex.org/w2013979855,https://doi.org/10.1002/pits.20484,,,0,0
https://openalex.org/w1549058348,https://doi.org/10.1002/pits.21645,,,0,0
https://openalex.org/w2810548318,https://doi.org/10.1080/2331186x.2018.1492337,,,0,0
https://openalex.org/w2085212430,https://doi.org/10.1093/cs/cds002,,,0,0
https://openalex.org/w2149478201,https://doi.org/10.1177/1098300711400608,,,0,0
https://openalex.org/w2747318599,https://doi.org/10.1352/1944-7558-122.5.392,,,0,0
https://openalex.org/w2089116580,https://doi.org/10.1080/19315864.2013.793440,,,0,0
https://openalex.org/w1658092778,,,,0,0
https://openalex.org/w2167552906,https://doi.org/10.1111/j.1467-9566.2012.01515.x,,,0,0
https://openalex.org/w2164356214,https://doi.org/10.1353/foc.2011.0008,,,0,0
https://openalex.org/w2595501517,https://doi.org/10.1002/trtr.1564,,,0,0
https://openalex.org/w2734829149,https://doi.org/10.64546/jaasep.208,,,0,0
https://openalex.org/w2125379353,https://doi.org/10.1177/0731948713514057,,,0,0
https://openalex.org/w3041286608,https://doi.org/10.26822/iejee.2020562131,,,0,0
https://openalex.org/w2002896947,https://doi.org/10.1177/1098300709358110,,,0,0
https://openalex.org/w2808759385,https://doi.org/10.3389/fpsyg.2018.00975,,,0,0
https://openalex.org/w2147148896,https://doi.org/10.3109/17549507.2014.904441,,,0,0
https://openalex.org/w2096843511,https://doi.org/10.1080/1754730x.2010.9715671,,,0,0
https://openalex.org/w2980800911,https://doi.org/10.1177/0022219419881625,,,0,0
https://openalex.org/w2900081832,https://doi.org/10.1111/1467-9817.12264,,,0,0
https://openalex.org/w2096138992,,,,0,0
https://openalex.org/w2038493455,https://doi.org/10.1016/j.ridd.2012.05.004,,,0,0
https://openalex.org/w2969212870,https://doi.org/10.16993/dfl.106,,,0,0
https://openalex.org/w2131607963,https://doi.org/10.5897/err2014.2055,,,0,0
https://openalex.org/w2989708442,https://doi.org/10.1177/0142723719889240,,,0,0
https://openalex.org/w2340190402,https://doi.org/10.1177/1534508415619732,,,0,0
https://openalex.org/w2163305266,https://doi.org/10.1080/09362835.2013.865535,,,0,0
https://openalex.org/w2588688092,https://doi.org/10.1080/10573569.2016.1255577,,,0,1
https://openalex.org/w2975856815,https://doi.org/10.1016/j.ecresq.2019.08.002,,,0,0
https://openalex.org/w2084815285,https://doi.org/10.1080/10824660903409260,,,0,0
https://openalex.org/w2141984614,https://doi.org/10.1177/0022219409338736,,,0,0
https://openalex.org/w3169185072,,,,0,0
https://openalex.org/w1999025768,https://doi.org/10.1002/dys.380,,,0,0
https://openalex.org/w2906143271,https://doi.org/10.1016/j.seizure.2018.12.020,,,0,0
https://openalex.org/w2020730236,https://doi.org/10.1002/eat.22018,,,0,0
https://openalex.org/w1951031543,,,,0,0
https://openalex.org/w1870392534,https://doi.org/10.1111/j.1471-3802.2012.01270.x,,,0,0
https://openalex.org/w2060089580,https://doi.org/10.1080/10888430903117518,,,0,0
https://openalex.org/w2060170919,https://doi.org/10.1177/0829573511406643,,,0,0
https://openalex.org/w2073345681,https://doi.org/10.1080/1034912x.2010.501188,,,0,0
https://openalex.org/w2904018435,https://doi.org/10.1080/00220671.2018.1528541,,,0,0
https://openalex.org/w2008814877,https://doi.org/10.1016/j.lindif.2011.11.017,,,0,0
https://openalex.org/w1945390982,https://doi.org/10.1177/001440290607200406,,,0,0
https://openalex.org/w2315360262,https://doi.org/10.1037/edu0000117,,,0,1
https://openalex.org/w2949515101,https://doi.org/10.1080/1743727x.2019.1626820,,,0,0
https://openalex.org/w2125337284,https://doi.org/10.1177/1063426613520456,,,0,0
https://openalex.org/w2949450672,https://doi.org/10.1177/0022219419856013,,,0,0
https://openalex.org/w2145089692,https://doi.org/10.1598/rt.63.6.10,,,0,0
https://openalex.org/w2127480327,https://doi.org/10.1177/1098300708326597,,,0,0
https://openalex.org/w2305649119,,,,0,0
https://openalex.org/w2789880828,https://doi.org/10.1002/ab.21744,,,0,0
https://openalex.org/w2811400699,https://doi.org/10.3390/educsci8030095,,,0,0
https://openalex.org/w2996903571,https://doi.org/10.1111/1467-9817.12293,,,0,0
https://openalex.org/w1771746886,https://doi.org/10.1177/016264341202700103,,,0,0
https://openalex.org/w2132967173,https://doi.org/10.1177/1098300711412601,,,0,0
https://openalex.org/w2783093353,https://doi.org/10.1007/s11145-018-9817-x,,,0,0
https://openalex.org/w3036630428,https://doi.org/10.1542/peds.2019-3046,,,0,0
https://openalex.org/w2019368578,https://doi.org/10.1037/spq0000012,,,0,0
https://openalex.org/w2978322353,https://doi.org/10.1007/s10826-019-01574-7,,,0,0
https://openalex.org/w2054947327,https://doi.org/10.1111/j.1467-9345.2007.00460.x,,,0,0
https://openalex.org/w1979628259,https://doi.org/10.1111/j.1467-9604.2009.01405.x,,,0,0
https://openalex.org/w2088971591,https://doi.org/10.1002/pits.20575,,,0,0
https://openalex.org/w137587043,,,,0,0
https://openalex.org/w2033791829,https://doi.org/10.1016/j.learninstruc.2013.01.004,,,0,0
https://openalex.org/w2536042301,https://doi.org/10.1044/2016_lshss-16-0041,,,0,0
https://openalex.org/w2164207710,https://doi.org/10.1177/0022219408326221,,,0,0
https://openalex.org/w2262585894,,,,0,0
https://openalex.org/w2284407813,https://doi.org/10.1177/0741932515619929,,,0,0
https://openalex.org/w2062843469,https://doi.org/10.1177/1053451210378163,,,0,0
https://openalex.org/w2046410784,https://doi.org/10.1007/s10566-014-9244-3,,,0,0
https://openalex.org/w1799313820,https://doi.org/10.18251/ijme.v14i1.492,,,0,0
https://openalex.org/w2140701997,https://doi.org/10.1177/0888406414557283,,,0,0
https://openalex.org/w3000661402,https://doi.org/10.1177/0040059919894736,,,0,0
https://openalex.org/w2096445404,https://doi.org/10.1177/0022219409355474,,,0,0
https://openalex.org/w2071830003,https://doi.org/10.1080/10888438.2012.753452,,,0,0
https://openalex.org/w2123326949,https://doi.org/10.1177/105984050602200206,,,0,0
https://openalex.org/w2898540355,https://doi.org/10.1177/1098300718800824,,,0,0
https://openalex.org/w2152502055,https://doi.org/10.1177/10883576070220040601,,,0,0
https://openalex.org/w2612595929,https://doi.org/10.1111/1467-9604.12150,,,0,0
https://openalex.org/w2066778310,https://doi.org/10.5539/elt.v5n4p15,,,0,0
https://openalex.org/w2979414252,https://doi.org/10.1044/2019_lshss-19-00007,,,0,0
https://openalex.org/w321155043,,,,0,0
https://openalex.org/w2150353660,https://doi.org/10.1002/pits.20133,,,0,0
https://openalex.org/w2021827135,https://doi.org/10.1080/10573560500455760,,,0,0
https://openalex.org/w1735466757,,,,0,0
https://openalex.org/w2508191711,https://doi.org/10.1177/1098214016664983,,,0,0
https://openalex.org/w2998299925,https://doi.org/10.18488/journal.61.2020.81.1.17,,,0,0
https://openalex.org/w2126156447,https://doi.org/10.1177/1362361312470495,,,0,0
https://openalex.org/w2096657363,https://doi.org/10.1080/10409289.2012.658551,,,0,0
https://openalex.org/w2090310527,https://doi.org/10.1080/10573569.2013.758943,,,0,0
https://openalex.org/w2035034298,https://doi.org/10.1080/10901020701555531,,,0,0
https://openalex.org/w2124842306,https://doi.org/10.1177/1053451212463961,,,0,0
https://openalex.org/w2239835640,https://doi.org/10.1007/s12529-015-9518-7,,,0,0
https://openalex.org/w148342084,,,,0,0
https://openalex.org/w3011637921,https://doi.org/10.1007/s43494-020-00008-0,,,0,0
https://openalex.org/w2140161236,https://doi.org/10.1177/875687051103000303,,,0,0
https://openalex.org/w2105698486,https://doi.org/10.1177/0014402914563704,,,0,0
https://openalex.org/w1969222974,https://doi.org/10.1177/0022219409338739,,,0,0
https://openalex.org/w2095642388,https://doi.org/10.1177/1525740109340796,,,0,1
https://openalex.org/w2028019270,https://doi.org/10.1002/dys.421,,,0,0
https://openalex.org/w2988506596,https://doi.org/10.1017/s0954579419000993,,,0,0
https://openalex.org/w2488307504,https://doi.org/10.1007/s10802-016-0188-y,,,0,0
https://openalex.org/w2290972371,https://doi.org/10.1080/1350293x.2016.1143260,,,0,0
https://openalex.org/w2292458575,https://doi.org/10.3102/0013189x16633182,,,0,0
https://openalex.org/w1884894329,https://doi.org/10.2307/30035522,,,0,0
https://openalex.org/w2134363839,https://doi.org/10.1177/0022219413497587,,,0,0
https://openalex.org/w2469773368,https://doi.org/10.1177/0040059915594782,,,0,0
https://openalex.org/w2165220927,https://doi.org/10.1177/1534508410380039,,,0,0
https://openalex.org/w2163193058,https://doi.org/10.1002/dys.372,,,0,0
https://openalex.org/w1576021195,https://doi.org/10.1080/15546128.2015.1025937,,,0,0
https://openalex.org/w4237303159,https://doi.org/10.1111/j.1540-5826.2012.00355.x,,,0,0
https://openalex.org/w2443166644,https://doi.org/10.1111/josh.12407,,,0,0
https://openalex.org/w2108435279,https://doi.org/10.1016/j.ridd.2014.08.014,,,0,0
https://openalex.org/w2100327439,https://doi.org/10.2511/rpsd.33.1-2.3,,,0,0
https://openalex.org/w235185189,https://doi.org/10.1080/02796015.2008.12087864,,,0,0
https://openalex.org/w2044325659,https://doi.org/10.1598/rt.63.3.4,,,0,0
https://openalex.org/w2102166679,https://doi.org/10.38140/pie.v29i4.1713,,,0,0
https://openalex.org/w2594196260,https://doi.org/10.1007/s10643-017-0840-3,,,0,0
https://openalex.org/w2563442088,https://doi.org/10.1080/15377903.2016.1229707,,,0,0
https://openalex.org/w2995357992,https://doi.org/10.1080/17408989.2019.1702939,,,0,0
https://openalex.org/w3047963258,,,,0,0
https://openalex.org/w2800417559,https://doi.org/10.1007/s11145-018-9845-6,,,0,0
https://openalex.org/w2768797403,https://doi.org/10.1177/0888406417740702,,,0,0
https://openalex.org/w2053677648,https://doi.org/10.1007/s10643-006-0128-5,,,0,0
https://openalex.org/w1858433297,,,,0,0
https://openalex.org/w2889834031,https://doi.org/10.30958/aje.6-3-3,,,0,0
https://openalex.org/w386229169,https://doi.org/10.4225/03/5817e41fd13fa,,,0,0
https://openalex.org/w1505618930,https://doi.org/10.1080/00220671.2014.910161,,,0,0
https://openalex.org/w235998546,https://doi.org/10.1177/105268460601600207,,,0,0
https://openalex.org/w2093562137,https://doi.org/10.1080/00933104.2011.10473446,,,0,0
https://openalex.org/w2465135360,https://doi.org/10.1007/s10882-016-9503-3,,,0,0
https://openalex.org/w2018497606,https://doi.org/10.1177/0829573509357068,,,0,0
https://openalex.org/w3001323987,https://doi.org/10.1177/1074295619900380,,,0,0
https://openalex.org/w168644380,https://doi.org/10.58464/2155-5834.1195,,,0,0
https://openalex.org/w2127974576,https://doi.org/10.1598/rt.64.4.1,,,0,0
https://openalex.org/w2169187755,,,,0,0
https://openalex.org/w2061955228,https://doi.org/10.1177/15345084070330010301,,,0,0
https://openalex.org/w2116351464,https://doi.org/10.1177/004005990804000501,,,0,0
https://openalex.org/w2028031833,https://doi.org/10.1080/08856257.2012.678663,,,0,0
https://openalex.org/w2416249067,,,,0,0
https://openalex.org/w2070279596,https://doi.org/10.1080/10409289.2014.883587,,,0,0
https://openalex.org/w2119321837,https://doi.org/10.1177/1053451213496150,,,0,0
https://openalex.org/w2038178174,https://doi.org/10.1007/s11881-010-0047-4,,,0,0
https://openalex.org/w2755011038,https://doi.org/10.1097/dbp.0000000000000494,,,0,0
https://openalex.org/w2127444302,https://doi.org/10.1177/001440291307900403,,,0,0
https://openalex.org/w2795916269,https://doi.org/10.1080/13603116.2018.1453876,,,0,0
https://openalex.org/w2763047187,https://doi.org/10.1002/trtr.1643,,,0,0
https://openalex.org/w2783855499,https://doi.org/10.1177/1534508417747390,,,0,0
https://openalex.org/w230776072,,,,0,0
https://openalex.org/w2165359215,https://doi.org/10.1016/j.ridd.2011.10.020,,,0,0
https://openalex.org/w1570827644,,,,0,0
https://openalex.org/w2800737483,https://doi.org/10.1080/10573569.2018.1456990,,,0,0
https://openalex.org/w2145659307,,,,0,0
https://openalex.org/w2911775671,https://doi.org/10.1177/0741932518824983,,,0,0
https://openalex.org/w2994915148,https://doi.org/10.1002/pits.22334,,,0,0
https://openalex.org/w2500360349,https://doi.org/10.1177/0040059916650639,,,0,0
https://openalex.org/w2119663673,https://doi.org/10.1177/1534508411413254,,,0,0
https://openalex.org/w2510488412,https://doi.org/10.1080/00220671.2015.1060929,,,0,0
https://openalex.org/w2725966734,,,,0,0
https://openalex.org/w2109304852,https://doi.org/10.1093/occmed/kqm104,,,0,0
https://openalex.org/w2029065086,https://doi.org/10.1007/s11881-009-0032-y,,,0,1
https://openalex.org/w2034153979,https://doi.org/10.1598/rrq.44.4.3,,,0,0
https://openalex.org/w2158864599,https://doi.org/10.3102/00028312043002295,,,0,0
https://openalex.org/w2135924839,,,,0,0
https://openalex.org/w1815083222,https://doi.org/10.1037/spq0000123,,,0,0
https://openalex.org/w2966310535,https://doi.org/10.2478/ijicte-2019-0004,,,0,0
https://openalex.org/w2922203117,,,,0,0
https://openalex.org/w2099406940,https://doi.org/10.1080/01443410802613483,,,0,0
https://openalex.org/w2617945055,https://doi.org/10.1177/1053451217702113,,,0,0
https://openalex.org/w2066973637,https://doi.org/10.1371/journal.pone.0053494,,,0,0
https://openalex.org/w4392435479,https://doi.org/10.58680/ej201118231,,,0,0
https://openalex.org/w2806883175,https://doi.org/10.1177/1525740118775591,,,0,0
https://openalex.org/w2148267104,https://doi.org/10.1177/0040059914530101,,,0,0
https://openalex.org/w2041793578,https://doi.org/10.1353/foc.2011.0007,,,0,0
https://openalex.org/w2110686440,,,,0,0
https://openalex.org/w2151978753,https://doi.org/10.1186/s40536-014-0011-6,,,0,0
https://openalex.org/w2093820825,https://doi.org/10.1080/10911359.2014.1003737,,,0,0
https://openalex.org/w2344920181,https://doi.org/10.1080/10573569.2015.1072068,,,0,0
https://openalex.org/w1990639041,https://doi.org/10.1080/09362830902805756,,,0,0
https://openalex.org/w2031719001,https://doi.org/10.1080/19388071003725705,,,0,0
https://openalex.org/w2993679898,,,,0,0
https://openalex.org/w2887818996,https://doi.org/10.1177/1534508418791733,,,0,0
https://openalex.org/w2108124336,https://doi.org/10.1002/trtr.1217,,,0,0
https://openalex.org/w2407036885,https://doi.org/10.1002/dys.1529,,,0,0
https://openalex.org/w2148381857,https://doi.org/10.1177/0022219407310838,,,0,0
https://openalex.org/w2951023602,https://doi.org/10.1080/02702711.2019.1623961,,,0,0
https://openalex.org/w2090696716,https://doi.org/10.1016/j.compedu.2014.10.005,,,0,0
https://openalex.org/w1946973959,,,,0,0
https://openalex.org/w2063103045,https://doi.org/10.14221/ajte.2013v38n1.10,,,0,0
https://openalex.org/w2150559051,https://doi.org/10.1177/0741932511435175,,,0,1
https://openalex.org/w2066737738,https://doi.org/10.1007/s11145-007-9066-x,,,0,0
https://openalex.org/w2051435052,https://doi.org/10.1016/j.ridd.2013.12.010,,,0,0
https://openalex.org/w1606997581,https://doi.org/10.1016/j.amepre.2013.12.002,,,0,0
https://openalex.org/w1974165820,https://doi.org/10.1353/etc.0.0088,,,0,0
https://openalex.org/w2011115579,https://doi.org/10.3109/02699206.2011.622425,,,0,0
https://openalex.org/w2151798280,,,,0,0
https://openalex.org/w2117548611,https://doi.org/10.1177/001440291207800205,,,0,0
https://openalex.org/w197550083,https://doi.org/10.1080/00940771.2011.11461796,,,0,0
https://openalex.org/w2913309907,,,,0,0
https://openalex.org/w2286979647,https://doi.org/10.1080/02702711.2015.1066911,,,0,0
https://openalex.org/w2320544735,https://doi.org/10.1080/19404476.2016.1138728,,,0,0
https://openalex.org/w2021084149,https://doi.org/10.1080/00228958.2014.871687,,,0,0
https://openalex.org/w1978308579,https://doi.org/10.1111/j.1745-3992.2009.00145.x,,,0,0
https://openalex.org/w2890377602,https://doi.org/10.1177/0143034318796875,,,0,0
https://openalex.org/w1989720154,https://doi.org/10.1044/0161-1461(2008/08-0042),,,0,0
https://openalex.org/w2105949253,https://doi.org/10.1086/518622,,,0,0
https://openalex.org/w2310395470,https://doi.org/10.1177/1534508416640747,,,0,0
https://openalex.org/w1990377066,https://doi.org/10.1177/0265659011398375,,,0,0
https://openalex.org/w2115118056,https://doi.org/10.1080/00220485.2011.555717,,,0,0
https://openalex.org/w3206358674,,,,0,0
https://openalex.org/w2032241755,https://doi.org/10.1038/oby.2008.29,,,0,0
https://openalex.org/w2141017961,https://doi.org/10.1111/j.1745-3992.2007.00092.x,,,0,0
https://openalex.org/w2028438368,https://doi.org/10.1177/1088357611423543,,,0,0
https://openalex.org/w2967361968,https://doi.org/10.1016/j.ecresq.2019.06.002,,,0,0
https://openalex.org/w2605803108,https://doi.org/10.1177/875687051303200402,,,0,0
https://openalex.org/w2102006086,,,,0,0
https://openalex.org/w1961736317,https://doi.org/10.1002/trtr.1346,,,0,0
https://openalex.org/w1991637892,https://doi.org/10.1353/aad.2012.1597,,,0,0
https://openalex.org/w2165987018,https://doi.org/10.1080/08856250701649989,,,0,0
https://openalex.org/w1997849163,https://doi.org/10.1007/s11145-007-9058-x,,,0,0
https://openalex.org/w1962117340,https://doi.org/10.1177/073194871003300201,,,0,0
https://openalex.org/w2913875370,https://doi.org/10.1177/0265659019826252,,,0,0
https://openalex.org/w1549717857,,,,0,0
https://openalex.org/w1481912186,https://doi.org/10.1177/016264341002500402,,,0,0
https://openalex.org/w2072472338,https://doi.org/10.5172/jamh.8.3.296,,,0,0
https://openalex.org/w47192100,https://doi.org/10.1177/016146810911100906,,,0,0
https://openalex.org/w2339926059,https://doi.org/10.1002/dys.1526,,,0,0
https://openalex.org/w1588621095,,,,0,0
https://openalex.org/w2604551496,https://doi.org/10.1007/s40688-017-0128-z,,,0,0
https://openalex.org/w252882704,https://doi.org/10.1177/194277510900400103,,,0,0
https://openalex.org/w2016067440,https://doi.org/10.1016/j.neuropsychologia.2009.07.016,,,0,0
https://openalex.org/w2087763225,https://doi.org/10.1016/j.ecresq.2010.05.003,,,0,0
https://openalex.org/w2600419424,https://doi.org/10.1111/1467-9817.12110,,,0,1
https://openalex.org/w1596629243,https://doi.org/10.1111/ldrp.12050,,,0,0
https://openalex.org/w2765217297,https://doi.org/10.1177/1534508417730822,,,0,0
https://openalex.org/w2138697680,,,,0,0
https://openalex.org/w2036366650,https://doi.org/10.1177/1468798406069798,,,0,0
https://openalex.org/w4241370179,https://doi.org/10.1111/j.1540-5826.2010.00308.x,,,0,0
https://openalex.org/w2031175335,https://doi.org/10.1007/s11145-009-9179-5,,,0,0
https://openalex.org/w2964013875,https://doi.org/10.1080/10888438.2019.1640704,,,0,0
https://openalex.org/w2096252019,https://doi.org/10.1353/aad.2010.0002,,,0,0
https://openalex.org/w2402679581,https://doi.org/10.1177/1088357615611387,,,0,0
https://openalex.org/w2163870271,https://doi.org/10.1177/0022219408326219,,,0,0
https://openalex.org/w2603438905,https://doi.org/10.1037/edu0000184,,,0,0
https://openalex.org/w2137132708,https://doi.org/10.1111/j.1468-2419.2011.00393.x,,,0,0
https://openalex.org/w2049399942,https://doi.org/10.1080/1045988x.2012.726286,,,0,0
https://openalex.org/w193889075,,,,0,0
https://openalex.org/w3017148058,https://doi.org/10.1007/s11145-020-10047-z,,,0,0
https://openalex.org/w2127963096,https://doi.org/10.1111/j.1467-9604.2011.01491.x,,,0,0
https://openalex.org/w1974163083,https://doi.org/10.1002/dys.374,,,0,0
https://openalex.org/w2632130625,https://doi.org/10.1177/0145482x1711100104,,,0,0
https://openalex.org/w1999814541,https://doi.org/10.1007/bf03173466,,,0,0
https://openalex.org/w1595344827,https://doi.org/10.1007/bf03340960,,,0,0
https://openalex.org/w2911793459,https://doi.org/10.1016/j.neubiorev.2019.01.023,,,0,0
https://openalex.org/w2078167728,https://doi.org/10.1016/j.ecresq.2014.02.001,,,0,0
https://openalex.org/w2103356745,https://doi.org/10.1177/0741932510381652,,,0,0
https://openalex.org/w2973952012,,,,0,0
https://openalex.org/w2111390279,https://doi.org/10.1080/19388071.2014.976678,,,0,1
https://openalex.org/w4241186465,https://doi.org/10.15700/saje.v30n2a342,,,0,0
https://openalex.org/w818903977,https://doi.org/10.1177/215416471004500102,,,0,0
https://openalex.org/w2096522435,https://doi.org/10.1353/etc.2011.0006,,,0,0
https://openalex.org/w2732286287,https://doi.org/10.20429/ger.2017.140101,,,0,0
https://openalex.org/w2051069050,https://doi.org/10.1111/j.1746-1561.2007.00235.x,,,0,0
https://openalex.org/w2108106699,,,,0,0
https://openalex.org/w2965828049,https://doi.org/10.11591/ijere.v8i4.20307,,,0,0
https://openalex.org/w2103953351,https://doi.org/10.1177/1053815111429464,,,0,0
https://openalex.org/w1974204729,https://doi.org/10.1080/03004279.2013.828765,,,0,0
https://openalex.org/w2233349809,https://doi.org/10.1007/s10802-016-0126-z,,,0,0
https://openalex.org/w4255447674,https://doi.org/10.1097/00004583-201007000-00009,,,0,0
https://openalex.org/w2783041238,https://doi.org/10.1177/0741932517749940,,,0,0
https://openalex.org/w2103522096,https://doi.org/10.1111/j.1467-8624.2010.01560.x,,,0,0
https://openalex.org/w2584652415,,,,0,0
https://openalex.org/w2107029742,https://doi.org/10.1177/0731948711434048,,,0,0
https://openalex.org/w2015065567,https://doi.org/10.1162/edfp.2006.1.1.91,,,0,0
https://openalex.org/w1561329969,,,,0,0
https://openalex.org/w2053684586,https://doi.org/10.1080/19404150902783427,,,0,0
https://openalex.org/w1911696417,,,,0,0
https://openalex.org/w2463638069,,,,0,0
https://openalex.org/w2137464110,https://doi.org/10.1177/1053451211414188,,,0,0
https://openalex.org/w1974378307,https://doi.org/10.1080/10573569.2012.676407,,,0,0
https://openalex.org/w1660863242,https://doi.org/10.1111/j.1467-873x.2007.00392.x,,,0,0
https://openalex.org/w2612950641,https://doi.org/10.1177/0741932517698964,,,0,0
https://openalex.org/w2883876943,https://doi.org/10.1177/0022466918790001,,,0,0
https://openalex.org/w282281225,,,,0,0
https://openalex.org/w2100377864,https://doi.org/10.1353/aad.0.0109,,,0,0
https://openalex.org/w2071986083,https://doi.org/10.1177/0741088307309552,,,0,0
https://openalex.org/w2241953049,https://doi.org/10.1080/07303084.2013.838105,,,0,0
https://openalex.org/w2805315501,https://doi.org/10.1007/s11145-018-9867-0,,,0,0
https://openalex.org/w2481133922,https://doi.org/10.1007/s10995-016-2119-5,,,0,0
https://openalex.org/w124590202,,,,0,0
https://openalex.org/w2016231731,https://doi.org/10.1177/0022219414538519,,,0,0
https://openalex.org/w1999578750,https://doi.org/10.1080/03004430.2012.698388,,,0,0
https://openalex.org/w2080895871,https://doi.org/10.1037/h0100859,,,0,0
https://openalex.org/w4211181315,https://doi.org/10.1002/cl2.165,,,0,0
https://openalex.org/w2169795289,https://doi.org/10.1598/rt.64.4.4,,,0,0
https://openalex.org/w1966329010,https://doi.org/10.1111/cdev.12073,,,0,0
https://openalex.org/w2889819901,https://doi.org/10.1177/1063426618799737,,,0,0
https://openalex.org/w2470867135,https://doi.org/10.1177/0040059915594791,,,0,0
https://openalex.org/w2080828262,https://doi.org/10.1177/10983007060080020501,,,0,0
https://openalex.org/w2986540941,https://doi.org/10.17105/spr-2017-0152.v48-3,,,0,0
https://openalex.org/w2913627366,https://doi.org/10.1002/pits.22231,,,0,0
https://openalex.org/w2064156082,https://doi.org/10.1007/s10212-010-0039-0,,,0,0
https://openalex.org/w2883214698,https://doi.org/10.1080/19411243.2018.1496871,,,0,0
https://openalex.org/w248985207,,,,0,0
https://openalex.org/w2953725824,https://doi.org/10.1080/19411243.2019.1636747,,,0,0
https://openalex.org/w2949743339,https://doi.org/10.1177/0022057419854346,,,0,0
https://openalex.org/w2955333603,https://doi.org/10.1002/cad.20306,,,0,0
https://openalex.org/w2784409476,https://doi.org/10.36510/learnland.v11i1.929,,,0,0
https://openalex.org/w2068215854,https://doi.org/10.1177/0014402914522422,,,0,0
https://openalex.org/w2793359913,https://doi.org/10.1080/10824669.2018.1434658,,,0,0
https://openalex.org/w1566936316,,,,0,0
https://openalex.org/w2255137333,https://doi.org/10.1086/661524,,,0,1
https://openalex.org/w2805202736,https://doi.org/10.1007/s11881-018-0159-9,,,0,0
https://openalex.org/w1916841227,,,,0,0
https://openalex.org/w2060653219,https://doi.org/10.12738/estp.2014.6.2226,,,0,0
https://openalex.org/w2149144719,https://doi.org/10.5897/err.9000210,,,0,0
https://openalex.org/w2103303176,https://doi.org/10.1177/0731948714524752,,,0,0
https://openalex.org/w2056155429,https://doi.org/10.1080/10409289.2011.596002,,,0,0
https://openalex.org/w2323004821,https://doi.org/10.1080/09523987.2014.969903,,,0,0
https://openalex.org/w2044483548,https://doi.org/10.1080/19345747.2012.706694,,050-646-926-680-588,1,1
https://openalex.org/w2021901432,https://doi.org/10.1080/10573560802683549,,,0,1
https://openalex.org/w2129646518,https://doi.org/10.1177/0014402914522424,,,0,0
https://openalex.org/w2063605822,https://doi.org/10.1080/19345740801941357,,,0,0
https://openalex.org/w2705454723,https://doi.org/10.1177/0731948717714446,,,0,0
https://openalex.org/w2768461126,https://doi.org/10.5408/17-256.1,,,0,0
https://openalex.org/w4247551630,https://doi.org/10.1016/s2215-0366(16)30003-7,,,0,0
https://openalex.org/w2039777647,https://doi.org/10.1080/10573560701753070,,,0,0
https://openalex.org/w2335815996,https://doi.org/10.1177/0022219416640784,,,0,0
https://openalex.org/w2743063604,https://doi.org/10.1177/1534508417719680,,,0,0
https://openalex.org/w2795182855,https://doi.org/10.1177/1053451218762583,,,0,0
https://openalex.org/w1852177480,,,,0,0
https://openalex.org/w1945214458,https://doi.org/10.1111/j.1467-9817.2011.01494.x,,,0,0
https://openalex.org/w1595936767,https://doi.org/10.1300/j465v28n03_03,,,0,0
https://openalex.org/w1736255131,https://doi.org/10.4102/sajce.v4i3.232,,,0,0
https://openalex.org/w2096007327,https://doi.org/10.1037/0022-0663.100.1.1,,,0,0
https://openalex.org/w2274923491,https://doi.org/10.1080/19388071.2015.1099767,,,0,0
https://openalex.org/w2157286961,https://doi.org/10.1177/0741932510387305,,,0,0
https://openalex.org/w2039698182,https://doi.org/10.5330/psc.n.2013-16.290,,,0,0
https://openalex.org/w1988877023,https://doi.org/10.1007/s10864-011-9141-x,,,0,0
https://openalex.org/w2522978501,https://doi.org/10.1080/19345747.2016.1236160,,,0,0
https://openalex.org/w2159039364,https://doi.org/10.1002/ab.21467,,,0,0
https://openalex.org/w1995385807,https://doi.org/10.1007/s11145-009-9219-1,,,0,0
https://openalex.org/w2079269790,https://doi.org/10.1080/10824669.2014.972103,,,0,0
https://openalex.org/w2945425930,https://doi.org/10.11114/jets.v7i7.4014,,,0,0
https://openalex.org/w2153633817,https://doi.org/10.1037/1045-3830.23.2.271,,,0,0
https://openalex.org/w2140545426,https://doi.org/10.1177/0022219413504995,,,0,0
https://openalex.org/w2343189564,https://doi.org/10.1080/10573569.2015.1092003,,,0,0
https://openalex.org/w2795340231,,,,0,0
https://openalex.org/w2019298605,https://doi.org/10.1177/1063426609333448,,,0,0
https://openalex.org/w1981622992,https://doi.org/10.2307/30035506,,,0,0
https://openalex.org/w2992927557,,,,0,0
https://openalex.org/w1985377513,https://doi.org/10.1353/etc.0.0023,,,0,0
https://openalex.org/w2104148860,https://doi.org/10.1353/etc.2007.0004,,,0,0
https://openalex.org/w2520518296,,,,0,0
https://openalex.org/w1990371566,https://doi.org/10.2307/30035561,,,0,1
https://openalex.org/w1989461249,https://doi.org/10.4102/rw.v5i1.37,,,0,0
https://openalex.org/w2475221293,https://doi.org/10.1037/spq0000146,,,0,0
https://openalex.org/w2141154705,https://doi.org/10.1177/0022466907313350,,,0,0
https://openalex.org/w2013704451,https://doi.org/10.1353/etc.2010.0009,,,0,0
https://openalex.org/w2870361514,https://doi.org/10.1037/edu0000276,,,0,0
https://openalex.org/w2982548515,https://doi.org/10.1080/1547688x.2019.1663331,,,0,0
https://openalex.org/w2526670792,https://doi.org/10.1080/13803395.2016.1236906,,,0,0
https://openalex.org/w2152804282,https://doi.org/10.1177/1088357608328515,,,0,0
https://openalex.org/w2345326802,https://doi.org/10.3102/0002831216645903,,,0,0
https://openalex.org/w319333833,https://doi.org/10.1177/105268461002000403,,,0,0
https://openalex.org/w2053063336,https://doi.org/10.1177/1534508408326205,,,0,0
https://openalex.org/w1999925965,https://doi.org/10.1080/09362835.2012.640908,,,0,0
https://openalex.org/w2108256336,https://doi.org/10.1016/j.jsp.2007.06.006,,,0,0
https://openalex.org/w2137951705,https://doi.org/10.1177/875687051103000302,,,0,0
https://openalex.org/w2965687905,https://doi.org/10.1037/edu0000402,,,0,0
https://openalex.org/w1978031083,https://doi.org/10.1080/13668250600999160,,,0,0
https://openalex.org/w2735796338,https://doi.org/10.1177/0741932517717042,,,0,0
https://openalex.org/w2036859321,https://doi.org/10.1037/a0021383,,,0,0
https://openalex.org/w2492265547,https://doi.org/10.1037/spq0000170,,,0,0
https://openalex.org/w2054933983,https://doi.org/10.1177/1534508411414150,,,0,0
https://openalex.org/w2016713965,https://doi.org/10.1007/s10643-013-0588-3,,,0,0
https://openalex.org/w2128713857,https://doi.org/10.1080/14926156.2015.1062939,,,0,0
https://openalex.org/w2084606775,https://doi.org/10.3389/fnhum.2014.00057,,,0,0
https://openalex.org/w2160580834,https://doi.org/10.1016/j.avb.2009.06.001,,,0,0
https://openalex.org/w2981923586,https://doi.org/10.1080/15210960.2019.1659143,,,0,0
https://openalex.org/w1970388435,https://doi.org/10.1007/s13384-011-0031-y,,,0,0
https://openalex.org/w2317543165,https://doi.org/10.1177/1086296x16632451,,,0,0
https://openalex.org/w2396267779,https://doi.org/10.1080/10888438.2016.1178267,,,0,0
https://openalex.org/w2272486569,https://doi.org/10.1177/0265659015615924,,,0,0
https://openalex.org/w2115062072,https://doi.org/10.1037/0022-0663.98.2.410,,,0,0
https://openalex.org/w2528771087,https://doi.org/10.1080/15377903.2016.1207739,,,0,0
https://openalex.org/w1119343999,https://doi.org/10.1007/s10802-015-0059-y,,,0,0
https://openalex.org/w2062637297,https://doi.org/10.1037/a0023029,,,0,0
https://openalex.org/w1988229868,https://doi.org/10.1177/1534508413502389,,,0,0
https://openalex.org/w1582079625,https://doi.org/10.1002/pits.21678,,,0,0
https://openalex.org/w2135550190,https://doi.org/10.1016/j.lindif.2014.04.004,,,0,0
https://openalex.org/w2971733941,https://doi.org/10.1080/19404158.2019.1661261,,,0,0
https://openalex.org/w2461247862,https://doi.org/10.1111/ldrp.12108,,,0,0
https://openalex.org/w173890720,,,,0,0
https://openalex.org/w2951297493,https://doi.org/10.26822/iejee.2019450787,,,0,0
https://openalex.org/w2031546498,https://doi.org/10.3200/psfl.54.1.12-23,,,0,0
https://openalex.org/w2141705941,https://doi.org/10.1177/00222194060390020401,,,0,1
https://openalex.org/w2151678720,,,,0,0
https://openalex.org/w2119510161,https://doi.org/10.2304/rcie.2013.8.3.373,,,0,0
https://openalex.org/w3084498046,https://doi.org/10.1002/rrq.335,,,0,0
https://openalex.org/w2944971624,https://doi.org/10.1007/s10643-019-00949-1,,,0,0
https://openalex.org/w2029088856,https://doi.org/10.1177/1525740108324096,,,0,0
https://openalex.org/w2031752768,https://doi.org/10.1016/j.rasd.2013.09.013,,,0,0
https://openalex.org/w2159902999,,,,0,0
https://openalex.org/w2516684145,,,,0,0
https://openalex.org/w2994283862,https://doi.org/10.58464/2155-5834.1225,,,0,0
https://openalex.org/w1562457081,,,,0,0
https://openalex.org/w2903470717,https://doi.org/10.1080/10573569.2018.1526726,,,0,0
https://openalex.org/w2557576111,https://doi.org/10.1080/01443410.2016.1259460,,,0,0
https://openalex.org/w1966880121,https://doi.org/10.1080/02188791.2014.934781,,,0,0
https://openalex.org/w2397111166,https://doi.org/10.1080/13540602.2016.1185822,,,0,0
https://openalex.org/w2591929957,https://doi.org/10.1111/ldrp.12131,,,0,0
https://openalex.org/w1654422766,https://doi.org/10.1177/016264341102600102,,,0,0
https://openalex.org/w2794774960,https://doi.org/10.1177/0198742917719231,,,0,0
https://openalex.org/w2032859856,https://doi.org/10.1007/bf03340938,,,0,0
https://openalex.org/w2105787515,https://doi.org/10.1111/ldrp.12056,,,0,0
https://openalex.org/w2955082267,,,,0,0
https://openalex.org/w2107058791,https://doi.org/10.20429/ger.2014.110101,,,0,0
https://openalex.org/w2973057617,https://doi.org/10.21977/d915139672,,,0,0
https://openalex.org/w2225124096,https://doi.org/10.1177/0271121415594924,,,0,0
https://openalex.org/w2197217725,https://doi.org/10.1177/0022219415617163,,,0,0
https://openalex.org/w1972809964,https://doi.org/10.1080/10409289.2013.825565,,,0,0
https://openalex.org/w2912530410,https://doi.org/10.1371/journal.pone.0209978,,,0,0
https://openalex.org/w2058161028,https://doi.org/10.1080/1034912x.2014.905060,,,0,0
https://openalex.org/w2885372529,https://doi.org/10.58729/2167-3454.1069,,,0,0
https://openalex.org/w2097394920,https://doi.org/10.1177/0022219414553849,,,0,0
https://openalex.org/w2021157506,https://doi.org/10.1177/00222194060390050201,,,0,1
https://openalex.org/w2110016155,https://doi.org/10.1016/j.ridd.2012.07.007,,,0,0
https://openalex.org/w2883370378,https://doi.org/10.1080/13632752.2018.1497006,,,0,0
https://openalex.org/w2922074244,https://doi.org/10.1177/0040059919826546,,,0,0
https://openalex.org/w2748854137,,,,0,0
https://openalex.org/w1848300451,https://doi.org/10.1111/jcal.12110,,,0,0
https://openalex.org/w2039958211,https://doi.org/10.1093/jmt/45.2.135,,,0,0
https://openalex.org/w60822118,,,,0,0
https://openalex.org/w2169453309,https://doi.org/10.1177/1555458913518536,,,0,0
https://openalex.org/w2727875341,,,,0,0
https://openalex.org/w2117465468,https://doi.org/10.1542/peds.2006-2111,,,0,0
https://openalex.org/w2785001693,https://doi.org/10.1037/edu0000262,,,0,0
https://openalex.org/w2007273731,https://doi.org/10.1080/19325037.2013.779900,,,0,0
https://openalex.org/w2159152382,https://doi.org/10.1177/215416471104600209,,,0,0
https://openalex.org/w2131349931,https://doi.org/10.1177/0741932508315047,,,0,0
https://openalex.org/w2124545155,https://doi.org/10.1177/0741932514547644,,,0,0
https://openalex.org/w2085075756,https://doi.org/10.1177/1090198114548479,,,0,0
https://openalex.org/w81455416,https://doi.org/10.1177/105678790801700401,,,0,0
https://openalex.org/w214110320,https://doi.org/10.1177/016146811011201203,,,0,0
https://openalex.org/w2883682758,,,,0,0
https://openalex.org/w2121699594,https://doi.org/10.1002/rrq.50,,,0,0
https://openalex.org/w1938420750,https://doi.org/10.1177/001440290907500203,,,0,0
https://openalex.org/w2661063911,https://doi.org/10.1080/10888438.2017.1287187,,,0,0
https://openalex.org/w2887566441,https://doi.org/10.1002/imhj.21737,,,0,0
https://openalex.org/w2313734871,https://doi.org/10.1037/spq0000027,,,0,1
https://openalex.org/w2809581413,,,,0,0
https://openalex.org/w1985770241,https://doi.org/10.1080/10573569.2012.676431,,,0,0
https://openalex.org/w2981098733,https://doi.org/10.1080/10888438.2019.1669607,,,0,1
https://openalex.org/w2595994522,https://doi.org/10.1016/j.jadohealth.2016.12.026,,,0,0
https://openalex.org/w2265543566,,,,0,0
https://openalex.org/w1915531476,https://doi.org/10.1177/004005991204400406,,,0,0
https://openalex.org/w2293459115,https://doi.org/10.1080/19388071.2015.1135383,,,0,0
https://openalex.org/w2157896777,https://doi.org/10.1037/a0035176,,,0,0
https://openalex.org/w2067434583,https://doi.org/10.3109/17549507.2012.754944,,,0,0
https://openalex.org/w2101190377,https://doi.org/10.1080/10573560701277542,,,0,0
https://openalex.org/w2133612007,https://doi.org/10.1177/00222194070400040201,,,0,0
https://openalex.org/w2911451850,https://doi.org/10.1080/1045988x.2018.1540392,,,0,0
https://openalex.org/w2253065038,https://doi.org/10.1080/10824669.2015.1112746,,,0,0
https://openalex.org/w2892302593,https://doi.org/10.3389/fpsyg.2018.01544,,,0,0
https://openalex.org/w2063575715,https://doi.org/10.1080/1045988x.2010.499392,,,0,0
https://openalex.org/w1546497234,,,,0,0
https://openalex.org/w2819834120,https://doi.org/10.1111/cdev.13123,,,0,0
https://openalex.org/w2998570017,https://doi.org/10.1002/bin.1701,,,0,0
https://openalex.org/w2324345437,https://doi.org/10.1177/1063426615574337,,,0,0
https://openalex.org/w2046922044,https://doi.org/10.1016/j.tate.2008.11.006,,,0,0
https://openalex.org/w2012361640,https://doi.org/10.1080/03055690903148530,,,0,0
https://openalex.org/w4294949190,https://doi.org/10.1016/j.neuroimage.2013.05.062,,,0,0
https://openalex.org/w2002349341,https://doi.org/10.1037/1045-3830.22.3.297,,,0,0
https://openalex.org/w2067596369,https://doi.org/10.1007/s11881-008-0019-0,,,0,0
https://openalex.org/w2525317698,https://doi.org/10.1080/10632913.2016.1213123,,,0,0
https://openalex.org/w2100032439,https://doi.org/10.1177/0022466910398016,,,0,0
https://openalex.org/w2067492890,https://doi.org/10.3200/psfl.54.1.51-59,,,0,0
https://openalex.org/w2108173307,https://doi.org/10.1177/0022219409345015,,,0,0
https://openalex.org/w2402579793,https://doi.org/10.1177/0042085916648742,,,0,0
https://openalex.org/w123568208,,,,0,0
https://openalex.org/w2931570158,https://doi.org/10.1111/ldrp.12194,,,0,0
https://openalex.org/w2506944121,https://doi.org/10.1177/0022466916660546,,,0,0
https://openalex.org/w2129765688,https://doi.org/10.1177/00222194060390010301,,,0,0
https://openalex.org/w1507029040,https://doi.org/10.1177/004005991104300404,,,0,0
https://openalex.org/w2890875155,https://doi.org/10.3102/0034654318791582,,,0,0
https://openalex.org/w85593385,https://doi.org/10.1089/chi.2014.0090,,,0,0
https://openalex.org/w2744068941,,,,0,0
https://openalex.org/w2785241509,https://doi.org/10.1177/0741932518762055,,,0,0
https://openalex.org/w2293982643,https://doi.org/10.1177/1053451215606686,,,0,0
https://openalex.org/w174495584,,,,0,0
https://openalex.org/w2157554574,https://doi.org/10.1016/j.jneb.2012.05.003,,,0,0
https://openalex.org/w139458764,https://doi.org/10.1177/004005991104400204,,,0,0
https://openalex.org/w1982003386,https://doi.org/10.17105/spr-13-0052.1,,,0,0
https://openalex.org/w2560369252,https://doi.org/10.1080/00131725.2016.1242676,,,0,0
https://openalex.org/w2336482785,https://doi.org/10.1177/0022219415619753,,,0,0
https://openalex.org/w2148228648,https://doi.org/10.1177/0022466913517554,,,0,0
https://openalex.org/w4251959600,https://doi.org/10.1177/0001699312443642,,,0,0
https://openalex.org/w2332428262,https://doi.org/10.1177/1053451215606691,,,0,0
https://openalex.org/w2145852722,https://doi.org/10.1016/j.neuropsychologia.2008.03.012,,,0,0
https://openalex.org/w2940154936,https://doi.org/10.1007/s12310-019-09321-5,,,0,0
https://openalex.org/w2776352070,https://doi.org/10.13189/ujer.2018.060111,,,0,0
https://openalex.org/w2000038071,https://doi.org/10.1080/13603116.2011.557449,,,0,0
https://openalex.org/w2412101621,https://doi.org/10.17583/redimat.2016.1469,,,0,0
https://openalex.org/w2912113258,https://doi.org/10.1080/10573569.2018.1524803,,,0,0
https://openalex.org/w2063412448,https://doi.org/10.1037/a0032143,,,0,1
https://openalex.org/w2788350506,,,,0,0
https://openalex.org/w3092668329,,,,0,0
https://openalex.org/w1575591476,https://doi.org/10.1007/bf03391824,,,0,0
https://openalex.org/w2116431328,https://doi.org/10.2307/30034954,,,0,0
https://openalex.org/w2538895466,https://doi.org/10.1111/desc.12471,,,0,0
https://openalex.org/w1655572540,,,,0,0
https://openalex.org/w2075989293,https://doi.org/10.1044/0161-1461(2013/12-0041),,,0,0
https://openalex.org/w2125100737,https://doi.org/10.14221/ajte.2010v35n8.5,,,0,0
https://openalex.org/w2611127363,,,,0,0
https://openalex.org/w2765764699,https://doi.org/10.1080/10824669.2017.1348900,,,0,0
https://openalex.org/w2974039372,,,,0,0
https://openalex.org/w2973169435,https://doi.org/10.1002/imhj.21815,,,0,0
https://openalex.org/w2166782450,https://doi.org/10.1177/1321103x09344378,,,0,0
https://openalex.org/w2588601006,,,,0,0
https://openalex.org/w2051070175,https://doi.org/10.1080/02680939.2012.708789,,,0,0
https://openalex.org/w2081018699,https://doi.org/10.1177/0022219412442169,,,0,0
https://openalex.org/w2486767082,https://doi.org/10.1080/03004430.2016.1210135,,,0,0
https://openalex.org/w2015265388,https://doi.org/10.1080/13504620802465046,,,0,0
https://openalex.org/w2956329284,https://doi.org/10.1177/0014402919857993,,,0,0
https://openalex.org/w2791611945,https://doi.org/10.3389/fpsyg.2018.00320,,,0,0
https://openalex.org/w2233737506,https://doi.org/10.1177/019874291003500202,,,0,0
https://openalex.org/w1967151665,https://doi.org/10.1086/511707,,,0,0
https://openalex.org/w1964562153,https://doi.org/10.1598/rt.60.2.2,,,0,0
https://openalex.org/w3043153832,https://doi.org/10.1044/2020_lshss-20-00064,,,0,0
https://openalex.org/w2415716565,,,,0,0
https://openalex.org/w2623712825,https://doi.org/10.15700/saje.v37n2a1353,,,0,0
https://openalex.org/w2780216031,https://doi.org/10.1080/10573569.2017.1407977,,,0,0
https://openalex.org/w2051274386,https://doi.org/10.2304/rcie.2013.8.3.359,,,0,0
https://openalex.org/w2793345420,https://doi.org/10.1177/1534508418758371,,,0,0
https://openalex.org/w2096765809,https://doi.org/10.1177/1053451210374985,,,0,0
https://openalex.org/w2404057371,https://doi.org/10.1080/09297049.2016.1183606,,,0,0
https://openalex.org/w2947103724,https://doi.org/10.1542/peds.2018-3843,,,0,0
https://openalex.org/w2022902207,https://doi.org/10.1016/j.appdev.2014.08.001,,,0,0
https://openalex.org/w2096841774,https://doi.org/10.3102/0034654314555996,,,0,0
https://openalex.org/w3044811538,https://doi.org/10.64546/jaasep.364,,,0,0
https://openalex.org/w2337290288,https://doi.org/10.1002/ajcp.12022,,,0,0
https://openalex.org/w2731699705,https://doi.org/10.1111/ldrp.12140,,,0,0
https://openalex.org/w1984387787,https://doi.org/10.1177/0022219407313588,,,0,0
https://openalex.org/w2947713135,https://doi.org/10.1177/1098300719851227,,,0,0
https://openalex.org/w2971657962,https://doi.org/10.1080/10573569.2019.1650679,,,0,0
https://openalex.org/w2112864377,https://doi.org/10.1016/j.lindif.2008.05.002,,,0,0
https://openalex.org/w2938067311,https://doi.org/10.1111/jir.12620,,,0,0
https://openalex.org/w2244388396,https://doi.org/10.1080/07380569.2015.1027868,,,0,0
https://openalex.org/w2076757924,https://doi.org/10.1002/pits.20192,,,0,0
https://openalex.org/w186163648,,,,0,0
https://openalex.org/w2001881896,https://doi.org/10.1080/1045988x.2014.893978,,,0,0
https://openalex.org/w2763358470,https://doi.org/10.1007/s10643-017-0883-5,,,0,0
https://openalex.org/w2770848172,https://doi.org/10.1177/1463949117740713,,,0,0
https://openalex.org/w1986174547,https://doi.org/10.1177/0022219408321112,,,0,0
https://openalex.org/w4299550452,https://doi.org/10.17615/nhzf-np87,,,0,0
https://openalex.org/w2202728280,https://doi.org/10.1016/j.appdev.2015.11.005,,,0,0
https://openalex.org/w2128485164,https://doi.org/10.1177/00222194060390050401,,,0,0
https://openalex.org/w2139328387,https://doi.org/10.3238/arztebl.2010.0718,,,0,0
https://openalex.org/w1968362785,https://doi.org/10.1016/j.jecp.2007.04.003,,,0,0
https://openalex.org/w2539158743,https://doi.org/10.1177/1096250616674330,,,0,0
https://openalex.org/w3012994275,,,,0,0
https://openalex.org/w103653106,https://doi.org/10.58464/2155-5834.1112,,,0,0
https://openalex.org/w2096709399,https://doi.org/10.1037/spq0000091,,,0,0
https://openalex.org/w2468161314,,,,0,0
https://openalex.org/w2115558306,https://doi.org/10.1177/0022219408331037,,,0,0
https://openalex.org/w3106940195,https://doi.org/10.1108/jme-04-2020-0037,,,0,0
https://openalex.org/w2175482665,https://doi.org/10.1080/02702711.2015.1072610,,,0,0
https://openalex.org/w2109726125,,,,0,0
https://openalex.org/w2551826110,https://doi.org/10.1080/10573569.2016.1203272,,,0,0
https://openalex.org/w2159101136,https://doi.org/10.1521/aeap.2007.19.5.408,,,0,0
https://openalex.org/w2160219206,https://doi.org/10.1177/0022219411407862,,,0,0
https://openalex.org/w3034649191,https://doi.org/10.1177/0004944120931146,,,0,0
https://openalex.org/w2336125772,https://doi.org/10.1177/1053451216630280,,,0,0
https://openalex.org/w1990940602,https://doi.org/10.1080/15235882.2013.775975,,,0,0
https://openalex.org/w2767824069,https://doi.org/10.1007/s10802-017-0358-6,,,0,0
https://openalex.org/w1994053923,https://doi.org/10.1007/bf03341118,,,0,0
https://openalex.org/w3006075613,https://doi.org/10.1007/s11145-020-10020-w,,,0,0
https://openalex.org/w1968416365,https://doi.org/10.1007/s11145-009-9163-0,,,0,0
https://openalex.org/w122281166,,,,0,0
https://openalex.org/w2012580811,https://doi.org/10.1598/rt.61.8.8,,,0,0
https://openalex.org/w1985203489,https://doi.org/10.2307/30035564,,,0,0
https://openalex.org/w2613041380,https://doi.org/10.1177/0022219417708170,,,0,0
https://openalex.org/w166651504,https://doi.org/10.1177/004005990904100502,,,0,0
https://openalex.org/w2916418678,https://doi.org/10.1177/0142723719830868,,,0,0
https://openalex.org/w2009047697,https://doi.org/10.1044/2014_lshss-14-0016,,,0,0
https://openalex.org/w2143037365,https://doi.org/10.1177/0741932508315048,,,0,0
https://openalex.org/w3017364778,,,,0,0
https://openalex.org/w1984678061,https://doi.org/10.1080/19388071.2014.868234,,,0,0
https://openalex.org/w2068354204,https://doi.org/10.14221/ajte.2009v34n5.5,,,0,0
https://openalex.org/w2313450511,https://doi.org/10.1177/0145445514552890,,,0,0
https://openalex.org/w2052770691,https://doi.org/10.1080/10862960903583236,,,0,0
https://openalex.org/w2158817500,https://doi.org/10.1037/a0015956,,,0,0
https://openalex.org/w2040862634,https://doi.org/10.1177/10883576070220040401,,,0,0
https://openalex.org/w2416038565,,,,0,0
https://openalex.org/w2168754497,https://doi.org/10.1177/0011000010374775,,,0,0
https://openalex.org/w2060342782,https://doi.org/10.1080/02702711.2010.508671,,,0,0
https://openalex.org/w2165417918,,,,0,0
https://openalex.org/w2002359566,https://doi.org/10.1177/1534508411420129,,,0,0
https://openalex.org/w2007040184,https://doi.org/10.1177/0271121409353610,,,0,0
https://openalex.org/w1990422590,https://doi.org/10.1177/004005991104400102,,,0,0
https://openalex.org/w2591794079,https://doi.org/10.1080/10573569.2017.1288591,,,0,0
https://openalex.org/w1896029332,https://doi.org/10.1177/004005991004300103,,,0,0
https://openalex.org/w2003309905,https://doi.org/10.1007/s10972-012-9314-z,,,0,0
https://openalex.org/w2123810732,https://doi.org/10.3102/0034654313497517,,,0,0
https://openalex.org/w2736946293,https://doi.org/10.1080/10573569.2016.1253513,,,0,0
https://openalex.org/w1997335834,https://doi.org/10.1007/s11145-015-9565-0,,,0,1
https://openalex.org/w1889388045,https://doi.org/10.14507/epaa.v23.2050,,,0,0
https://openalex.org/w2032315434,https://doi.org/10.1080/02667360802256741,,,0,0
https://openalex.org/w2917028986,https://doi.org/10.1111/1471-3802.12449,,,0,0
https://openalex.org/w2154615877,https://doi.org/10.1111/j.1467-9817.2007.00338.x,,,0,1
https://openalex.org/w2994075447,,,,0,0
https://openalex.org/w2023795920,https://doi.org/10.1097/00011363-200610000-00007,,,0,0
https://openalex.org/w2025715897,https://doi.org/10.1177/1534508411430319,,,0,0
https://openalex.org/w2048586304,https://doi.org/10.1598/rt.62.7.1,,,0,0
https://openalex.org/w2113156679,https://doi.org/10.1177/0022466913483576,,,0,0
https://openalex.org/w2077142314,https://doi.org/10.1080/10573560701277609,,,0,0
https://openalex.org/w2121709135,https://doi.org/10.1080/10824660701860342,,,0,0
https://openalex.org/w2898493427,https://doi.org/10.1111/cdev.13175,,,0,0
https://openalex.org/w2088160150,https://doi.org/10.1108/09578231111116734,,,0,0
https://openalex.org/w2030701742,https://doi.org/10.1111/j.1467-9817.2007.00360.x,,,0,0
https://openalex.org/w2036935945,https://doi.org/10.1080/03004279.2014.948031,,,0,0
https://openalex.org/w2001930012,https://doi.org/10.1080/10409280802206619,,,0,0
https://openalex.org/w2907109723,https://doi.org/10.1007/s11121-018-0960-z,,,0,0
https://openalex.org/w2989884171,https://doi.org/10.1177/0014402919880156,,,0,1
https://openalex.org/w2859041346,https://doi.org/10.1080/10573569.2018.1463188,,,0,0
https://openalex.org/w2476030626,https://doi.org/10.1123/jpah.2015-0474,,,0,0
https://openalex.org/w2801078808,https://doi.org/10.1080/00220671.2018.1445609,,,0,0
https://openalex.org/w2908060571,https://doi.org/10.1080/1045988x.2018.1469463,,,0,0
https://openalex.org/w2762710534,https://doi.org/10.1007/s40688-017-0160-z,,,0,0
https://openalex.org/w2282797428,https://doi.org/10.14746/ssllt.2015.5.1.6,,,0,0
https://openalex.org/w278330499,,,,0,0
https://openalex.org/w2005932845,https://doi.org/10.1007/s10956-012-9421-9,,,0,0
https://openalex.org/w2082321714,https://doi.org/10.1007/s10566-014-9245-2,,,0,0
https://openalex.org/w2116339261,https://doi.org/10.1521/ijgp.2013.63.1.25,,,0,0
https://openalex.org/w2775638190,https://doi.org/10.1080/00220671.2017.1393650,,106-247-146-108-224,1,1
https://openalex.org/w2793061438,https://doi.org/10.1177/1534508418758362,,,0,0
https://openalex.org/w1981730014,https://doi.org/10.1080/00405841.2014.885809,,,0,0
https://openalex.org/w2285325231,https://doi.org/10.1007/s10882-015-9462-0,,,0,0
https://openalex.org/w2016089261,https://doi.org/10.1080/02702711.2011.626108,,,0,0
https://openalex.org/w2144802573,https://doi.org/10.3109/17549507.2015.1060526,,,0,0
https://openalex.org/w2060098110,https://doi.org/10.2167/eri405.0,,,0,0
https://openalex.org/w2800310849,,,,0,0
https://openalex.org/w1591475953,,,,0,0
https://openalex.org/w3108833354,,,,0,0
https://openalex.org/w932106174,https://doi.org/10.1111/j.1471-3802.2012.01238.x,,,0,0
https://openalex.org/w2732467617,,,,0,0
https://openalex.org/w2161705762,https://doi.org/10.1002/sce.21003,,,0,0
https://openalex.org/w1974157206,https://doi.org/10.1111/j.1540-5826.2011.00349.x,,,0,0
https://openalex.org/w2997758425,https://doi.org/10.1007/s40688-019-00269-6,,,0,0
https://openalex.org/w1960568911,https://doi.org/10.1177/073194871103400102,,,0,0
https://openalex.org/w295293624,,,,0,0
https://openalex.org/w2746340173,https://doi.org/10.4102/rw.v8i1.149,,,0,0
https://openalex.org/w2777450390,,,,0,0
https://openalex.org/w2489735037,https://doi.org/10.1007/s11136-016-1377-4,,,0,0
https://openalex.org/w2478054861,,,,0,0
https://openalex.org/w2051706863,https://doi.org/10.1080/15377900802487201,,,0,0
https://openalex.org/w2043132475,https://doi.org/10.1007/s10803-007-0531-9,,,0,0
https://openalex.org/w2033455818,https://doi.org/10.1007/s13384-011-0022-z,,,0,0
https://openalex.org/w2969253206,https://doi.org/10.1177/2381336919870282,,,0,0
https://openalex.org/w2091464578,https://doi.org/10.1177/1534508411414153,,,0,0
https://openalex.org/w2130503879,https://doi.org/10.1177/0731948712444277,,,0,0
https://openalex.org/w2940933786,https://doi.org/10.1002/dys.1616,,,0,0
https://openalex.org/w2121613987,https://doi.org/10.1111/j.1540-5826.2011.00347.x,,,0,0
https://openalex.org/w2028359816,https://doi.org/10.1080/10573569.2014.955225,,,0,0
https://openalex.org/w3006379839,https://doi.org/10.3390/educsci10020035,,,0,0
https://openalex.org/w1587536716,https://doi.org/10.58680/ej201012739,,,0,0
https://openalex.org/w2789713574,https://doi.org/10.1007/s40688-018-0178-x,,,0,0
https://openalex.org/w2564769968,https://doi.org/10.1007/s11145-016-9712-2,,,0,0
https://openalex.org/w2461510817,https://doi.org/10.1177/0271121416659053,,,0,0
https://openalex.org/w1588780746,https://doi.org/10.1086/595671,,,0,0
https://openalex.org/w1994679092,https://doi.org/10.1016/j.jsp.2012.10.002,,,0,0
https://openalex.org/w2923735764,https://doi.org/10.1080/10632913.2019.1584136,,,0,0
https://openalex.org/w2164990522,https://doi.org/10.1177/0022466910371229,,,0,0
https://openalex.org/w2989673429,https://doi.org/10.1177/1088357619889933,,,0,0
https://openalex.org/w1798263588,https://doi.org/10.7334/psicothema2014.210,,,0,0
https://openalex.org/w2069259019,https://doi.org/10.1177/1534508415579095,,,0,0
https://openalex.org/w4232984655,https://doi.org/10.1007/s00787-015-0796-z,,,0,0
https://openalex.org/w2591527009,https://doi.org/10.1037/spq0000197,,,0,0
https://openalex.org/w2023075273,https://doi.org/10.1080/17501229.2014.959962,,,0,0
https://openalex.org/w2149612094,https://doi.org/10.1177/0741932510364548,,,0,0
https://openalex.org/w2984200407,https://doi.org/10.3224/ijree.v7i1.03,,,0,0
https://openalex.org/w2161439264,,,,0,0
https://openalex.org/w1994653575,https://doi.org/10.1177/1744629514552305,,,0,0
https://openalex.org/w2209168952,,,,0,0
https://openalex.org/w2182175691,https://doi.org/10.1111/ldrp.12090,,,0,0
https://openalex.org/w2896384954,https://doi.org/10.1080/10573569.2018.1480438,,,0,0
https://openalex.org/w2915286541,https://doi.org/10.1177/2042753019828355,,,0,0
https://openalex.org/w52682081,,,,0,0
https://openalex.org/w2107553914,https://doi.org/10.1111/j.1469-7610.2011.02445.x,,,0,0
https://openalex.org/w2951127380,,,,0,0
https://openalex.org/w4243632845,https://doi.org/10.1177/0014402918795830,,,0,0
https://openalex.org/w1994886593,https://doi.org/10.1093/cs/31.4.239,,,0,0
https://openalex.org/w2767835137,https://doi.org/10.1177/1477878517738448,,,0,0
https://openalex.org/w2052496266,https://doi.org/10.1037/a0037367,,,0,0
https://openalex.org/w2789342751,,,,0,0
https://openalex.org/w29917121,https://doi.org/10.1093/ejcts/ezy058,,,0,0
https://openalex.org/w3015275269,https://doi.org/10.1177/0040059920901860,,,0,0
https://openalex.org/w2075195024,https://doi.org/10.1080/10573560500455745,,,0,0
https://openalex.org/w231583694,https://doi.org/10.1177/0145482x1210600602,,,0,0
https://openalex.org/w2150306326,https://doi.org/10.1177/0741932510362507,,,0,0
https://openalex.org/w2300313628,https://doi.org/10.1177/1534508416670367,,,0,0
https://openalex.org/w1986791608,https://doi.org/10.1080/07317107.2012.684644,,,0,0
https://openalex.org/w2005034073,https://doi.org/10.1177/10534512060420010601,,,0,0
https://openalex.org/w2201431774,https://doi.org/10.1080/10824669.2015.1072469,,,0,0
https://openalex.org/w2926037640,https://doi.org/10.1177/1525740119838253,,,0,0
https://openalex.org/w3168954907,,,,0,0
https://openalex.org/w60437906,,,,0,0
https://openalex.org/w2794948178,,,,0,0
https://openalex.org/w2324326291,https://doi.org/10.1177/0895904815586853,,,0,0
https://openalex.org/w2327976396,https://doi.org/10.3766/jaaa.26.4.4,,,0,0
https://openalex.org/w2781623655,https://doi.org/10.1542/peds.2017-1026m,,,0,0
https://openalex.org/w2068041231,https://doi.org/10.1177/1053451212462878,,,0,0
https://openalex.org/w2441686490,https://doi.org/10.1177/016146811311500107,,,0,0
https://openalex.org/w1989718170,https://doi.org/10.1016/j.ecresq.2011.04.001,,,0,0
https://openalex.org/w2778443866,https://doi.org/10.1007/s10339-017-0853-2,,,0,0
https://openalex.org/w2111096567,https://doi.org/10.1177/0022219409338742,,021-861-081-454-270,1,1
https://openalex.org/w1989843383,https://doi.org/10.1080/19388070609558461,,,0,0
https://openalex.org/w1949025645,https://doi.org/10.1080/1034912x.2015.1020920,,,0,0
https://openalex.org/w2110763461,https://doi.org/10.1007/bf03393060,,,0,0
https://openalex.org/w2310133511,https://doi.org/10.1016/j.ecresq.2015.12.006,,,0,0
https://openalex.org/w2460559304,,,,0,0
https://openalex.org/w2092366638,https://doi.org/10.1080/1045988x.2011.555793,,,0,0
https://openalex.org/w1525873266,,,,0,0
https://openalex.org/w2776218884,https://doi.org/10.1080/10409289.2017.1408372,,,0,0
https://openalex.org/w2093972958,https://doi.org/10.1080/02702711.2012.630613,,,0,0
https://openalex.org/w3093895544,https://doi.org/10.1080/08993408.2020.1779521,,,0,0
https://openalex.org/w2151235974,https://doi.org/10.1177/0042085912451755,,,0,0
https://openalex.org/w3000435655,https://doi.org/10.1109/te.2019.2957711,,,0,0
https://openalex.org/w2154888414,https://doi.org/10.1016/j.ecresq.2014.10.006,,,0,0
https://openalex.org/w2606367861,https://doi.org/10.1177/0040059916688648,,,0,0
https://openalex.org/w2669059023,https://doi.org/10.1177/1088357617712484,,,0,0
https://openalex.org/w2039617328,https://doi.org/10.1080/08957347.2013.824450,,,0,0
https://openalex.org/w1582123169,https://doi.org/10.1177/019874290903400202,,,0,0
https://openalex.org/w2768892637,https://doi.org/10.1037/dev0000457,,,0,0
https://openalex.org/w2803842327,https://doi.org/10.1177/0022219418775113,,,0,0
https://openalex.org/w2985042722,https://doi.org/10.1016/j.ridd.2019.103507,,,0,0
https://openalex.org/w2019248472,https://doi.org/10.1080/10888431003706309,,,0,0
https://openalex.org/w2796930606,https://doi.org/10.1016/j.ecresq.2018.02.012,,,0,0
https://openalex.org/w2599206880,https://doi.org/10.1177/1098300717693556,,,0,0
https://openalex.org/w2887743422,https://doi.org/10.1080/10409289.2018.1495472,,,0,0
https://openalex.org/w2137059862,https://doi.org/10.1177/0022466910361955,,,0,0
https://openalex.org/w2229906894,https://doi.org/10.4018/ijdet.2016010103,,,0,0
https://openalex.org/w2897213420,https://doi.org/10.1080/19388071.2019.1526860,,,0,0
https://openalex.org/w2168855061,https://doi.org/10.1177/0162353215592501,,,0,0
https://openalex.org/w1969959630,https://doi.org/10.1353/aad.2010.0017,,,0,0
https://openalex.org/w3122880548,https://doi.org/10.1177/016146812012201005,,,0,0
https://openalex.org/w2808189334,https://doi.org/10.1111/sode.12306,,,0,0
https://openalex.org/w332770759,https://doi.org/10.1016/j.lindif.2015.05.001,,,0,0
https://openalex.org/w2112575209,https://doi.org/10.1080/10824660701601282,,,0,0
https://openalex.org/w2766300177,,,,0,0
https://openalex.org/w38583504,https://doi.org/10.1016/j.neulet.2024.137765,,,0,0
https://openalex.org/w2282112279,https://doi.org/10.1177/0014402915619419,,,0,0
https://openalex.org/w2141328856,https://doi.org/10.1177/1053451212462881,,,0,0
https://openalex.org/w2151736145,https://doi.org/10.1177/0271121414536447,,,0,0
https://openalex.org/w2156472706,,,,0,0
https://openalex.org/w2144295003,https://doi.org/10.1177/1525740114548917,,025-377-854-483-470,1,1
https://openalex.org/w2765572993,https://doi.org/10.1111/mbe.12148,,,0,0
https://openalex.org/w4210645614,https://doi.org/10.1598/rrq.41.1.4_7.abs,,,0,0
https://openalex.org/w2512133586,https://doi.org/10.1080/19388071.2016.1210706,,,0,0
https://openalex.org/w2083048064,https://doi.org/10.1080/09243453.2013.797913,,,0,0
https://openalex.org/w2937431593,https://doi.org/10.1080/03055698.2019.1599822,,,0,0
https://openalex.org/w2108207662,https://doi.org/10.1177/00222194070400050501,,,0,0
https://openalex.org/w2974771358,,,,0,0
https://openalex.org/w2123073553,https://doi.org/10.1177/215416471204700410,,,0,0
https://openalex.org/w2071335976,https://doi.org/10.1080/1754730x.2008.9715727,,,0,0
https://openalex.org/w2144683785,https://doi.org/10.58680/la201323843,,,0,0
https://openalex.org/w2916691001,https://doi.org/10.1177/1555458919831342,,,0,0
https://openalex.org/w2980627229,https://doi.org/10.1007/s11881-019-00186-6,,,0,0
https://openalex.org/w2105997123,,,,0,0
https://openalex.org/w2054221895,https://doi.org/10.1080/00405841.2011.534928,,,0,0
https://openalex.org/w2131706068,https://doi.org/10.1080/1045988x.2012.668576,,,0,0
https://openalex.org/w138788397,,,,0,0
https://openalex.org/w1514369373,,,,0,0
https://openalex.org/w3122986540,https://doi.org/10.1016/j.econedurev.2012.04.001,,,0,0
https://openalex.org/w1832031580,https://doi.org/10.1598/rt.65.1.5,,,0,0
https://openalex.org/w2151918292,https://doi.org/10.1080/1086296x.2010.503551,,,0,0
https://openalex.org/w1979281261,https://doi.org/10.1080/10300110701839949,,,0,0
https://openalex.org/w2010245375,https://doi.org/10.1080/00228958.2014.960344,,,0,0
https://openalex.org/w2005806933,https://doi.org/10.1080/02702711.2014.927812,,,0,0
https://openalex.org/w3009492101,https://doi.org/10.11591/edulearn.v14i1.14639,,,0,0
https://openalex.org/w2334980245,https://doi.org/10.1097/01.iyc.0000264481.27947.5f,,,0,0
https://openalex.org/w2727366992,,,,0,0
https://openalex.org/w2605779861,https://doi.org/10.1111/ldrp.12136,,,0,0
https://openalex.org/w2561235246,https://doi.org/10.1177/016146811211400605,,,0,0
https://openalex.org/w1993471513,https://doi.org/10.1177/0886260510372931,,,0,0
https://openalex.org/w2493540977,https://doi.org/10.1177/215416471605100206,,,0,0
https://openalex.org/w2794578730,,,,0,0
https://openalex.org/w2734409567,,,,0,0
https://openalex.org/w2139712296,https://doi.org/10.1353/etc.2007.0006,,,0,0
https://openalex.org/w2967081188,https://doi.org/10.1037/edu0000404,,,0,0
https://openalex.org/w2065699895,https://doi.org/10.1177/1534508410380135,,,0,0
https://openalex.org/w2899209092,https://doi.org/10.1177/0014402918802801,,047-828-806-710-163,1,1
https://openalex.org/w2183709564,,,,0,0
https://openalex.org/w1994067430,https://doi.org/10.1080/19404158.2013.840887,,,0,0
https://openalex.org/w2611036050,https://doi.org/10.22365/jpsych.2017.281.28,,,0,0
https://openalex.org/w2319182335,https://doi.org/10.1007/s40688-016-0088-8,,,0,0
https://openalex.org/w2135022852,https://doi.org/10.1002/pits.20227,,,0,0
https://openalex.org/w98290804,https://doi.org/10.1177/215416471004500405,,,0,0
https://openalex.org/w2613823529,https://doi.org/10.1080/19411243.2017.1318012,,,0,0
https://openalex.org/w1949850402,https://doi.org/10.1111/ldrp.12024,,,0,0
https://openalex.org/w2601638790,https://doi.org/10.1080/20473869.2017.1305139,,,0,0
https://openalex.org/w3043155507,https://doi.org/10.64546/jaasep.370,,,0,0
https://openalex.org/w1905109849,https://doi.org/10.4219/gct-2008-694,,,0,0
https://openalex.org/w2345583858,,,,0,0
https://openalex.org/w2993188223,https://doi.org/10.58464/2155-5834.1317,,,0,0
https://openalex.org/w3014481414,https://doi.org/10.1080/10573569.2019.1702909,,,0,0
https://openalex.org/w2580737477,https://doi.org/10.1007/s11125-017-9415-8,,,0,0
https://openalex.org/w2101467789,https://doi.org/10.1177/1534508414530462,,,0,0
https://openalex.org/w2784943467,https://doi.org/10.1086/696021,,,0,0
https://openalex.org/w2301166763,https://doi.org/10.1016/j.ecresq.2016.02.003,,,0,0
https://openalex.org/w3001512431,https://doi.org/10.58729/2167-3454.1100,,,0,0
https://openalex.org/w2144329453,https://doi.org/10.1177/0016986213500342,,,0,0
https://openalex.org/w2090821171,https://doi.org/10.1080/10573560500203517,,,0,0
https://openalex.org/w2117917742,https://doi.org/10.1037/h0100341,,,0,0
https://openalex.org/w2793254387,https://doi.org/10.1007/s10864-018-9293-z,,,0,0
https://openalex.org/w2149824690,https://doi.org/10.1037/a0034341,,,0,0
https://openalex.org/w172590078,,,,0,0
https://openalex.org/w2118068525,https://doi.org/10.1086/680229,,,0,0
https://openalex.org/w2141561234,https://doi.org/10.1111/j.1469-7610.2007.01861.x,,,0,0
https://openalex.org/w2931225441,https://doi.org/10.1177/1076217518825367,,,0,0
https://openalex.org/w131466758,,,,0,0
https://openalex.org/w2791923260,https://doi.org/10.1111/ldrp.12164,,,0,0
https://openalex.org/w4242760835,https://doi.org/10.1177/073194871103400101,,,0,0
https://openalex.org/w2605442109,,,,0,0
https://openalex.org/w2140735955,https://doi.org/10.1177/0022466908331044,,,0,0
https://openalex.org/w296593629,,,,0,0
https://openalex.org/w2765997848,https://doi.org/10.13189/ujer.2017.051112,,,0,0
https://openalex.org/w2117041271,https://doi.org/10.1002/dys.1463,,,0,0
https://openalex.org/w244392227,,,,0,0
https://openalex.org/w2516569900,https://doi.org/10.4102/sajce.v6i1.340,,,0,0
https://openalex.org/w1978789216,https://doi.org/10.1080/02702710903054881,,,0,0
https://openalex.org/w2127595019,https://doi.org/10.1177/0022219411431243,,,0,0
https://openalex.org/w2613872407,https://doi.org/10.1177/1525740117702455,,,0,0
https://openalex.org/w2916945984,https://doi.org/10.1080/10573569.2019.1566875,,,0,0
https://openalex.org/w2292652561,https://doi.org/10.1002/ijop.12262,,,0,0
https://openalex.org/w2979692847,https://doi.org/10.1111/desc.12910,,,0,0
https://openalex.org/w2346172736,https://doi.org/10.1080/1034912x.2016.1181257,,,0,0
https://openalex.org/w2162677759,https://doi.org/10.1037/0022-0663.98.2.394,,,0,0
https://openalex.org/w2377407705,https://doi.org/10.1177/1468798415616853,,,0,1
https://openalex.org/w2185774360,https://doi.org/10.1080/10573560600672132,,,0,0
https://openalex.org/w1499730019,https://doi.org/10.1177/215416471304800208,,,0,0
https://openalex.org/w2027485047,https://doi.org/10.1111/desc.12285,,,0,0
https://openalex.org/w2132410243,https://doi.org/10.1177/0022219411420571,,,0,0
https://openalex.org/w1484096343,https://doi.org/10.1080/02796015.2006.12088004,,,0,0
https://openalex.org/w2771196789,https://doi.org/10.1080/13603116.2017.1412518,,,0,0
https://openalex.org/w2056648968,https://doi.org/10.1080/10824660701261128,,,0,0
https://openalex.org/w272825806,,,,0,0
https://openalex.org/w2914375117,https://doi.org/10.1111/ldrp.12192,,,0,0
https://openalex.org/w2223237343,https://doi.org/10.1080/09243453.2015.1069749,,,0,0
https://openalex.org/w2105090277,https://doi.org/10.1007/s10643-006-0074-2,,,0,0
https://openalex.org/w3160321898,https://doi.org/10.1080/07370008.2013.755027,,,0,0
https://openalex.org/w2917577650,https://doi.org/10.1044/2018_ajslp-17-0164,,,0,0
https://openalex.org/w2072964843,https://doi.org/10.1080/10573560903396934,,,0,0
https://openalex.org/w2414555143,https://doi.org/10.1007/s11881-016-0131-5,,,0,0
https://openalex.org/w2303835047,https://doi.org/10.1177/0014402915625067,,,0,0
https://openalex.org/w2999449336,https://doi.org/10.1080/08856257.2019.1709702,,,0,0
https://openalex.org/w2955320165,https://doi.org/10.1177/0022466919858989,,,0,0
https://openalex.org/w2806645231,https://doi.org/10.1007/s11145-018-9864-3,,,0,0
https://openalex.org/w2166841573,https://doi.org/10.1111/josh.12011,,,0,0
https://openalex.org/w2053079403,https://doi.org/10.1598/rt.63.2.5,,,0,0
https://openalex.org/w2781883516,https://doi.org/10.1080/1034912x.2017.1419555,,,0,0
https://openalex.org/w2138839582,https://doi.org/10.1080/19388070903117948,,,0,0
https://openalex.org/w2790634347,,,,0,0
https://openalex.org/w2189304061,https://doi.org/10.58729/2167-3454.1012,,,0,0
https://openalex.org/w2148489216,https://doi.org/10.1080/10862960903583277,,,0,0
https://openalex.org/w1998650795,https://doi.org/10.1177/0193841x06297243,,,0,0
https://openalex.org/w2955240964,https://doi.org/10.1080/02702711.2019.1629518,,,0,0
https://openalex.org/w1995147152,https://doi.org/10.1177/0265659009349985,,060-250-678-407-444,1,1
https://openalex.org/w4362001775,https://doi.org/10.56829/1547-1888.16.2.37,,,0,0
https://openalex.org/w2051069136,https://doi.org/10.1080/10824660903375735,,,0,1
https://openalex.org/w2045411623,https://doi.org/10.1080/07370000701301174,,,0,0
https://openalex.org/w2111901341,https://doi.org/10.1177/0741932510381651,,,0,0
https://openalex.org/w2770894915,https://doi.org/10.1177/0162643417742898,,,0,0
https://openalex.org/w2103265440,https://doi.org/10.1177/0022219409338743,,,0,0
https://openalex.org/w2099319668,https://doi.org/10.1177/1362361312467865,,,0,0
https://openalex.org/w2051242744,https://doi.org/10.1037/0012-1649.42.6.1128,,,0,0
https://openalex.org/w2559914761,https://doi.org/10.1177/1053451216676800,,,0,0
https://openalex.org/w2179784976,https://doi.org/10.1086/668503,,,0,1
https://openalex.org/w167078401,,,,0,0
https://openalex.org/w2045866120,https://doi.org/10.1080/1034912x.2012.723939,,,0,0
https://openalex.org/w1496722697,,,,0,0
https://openalex.org/w339043228,,,,0,0
https://openalex.org/w2029765593,https://doi.org/10.1111/ldrp.12000,,,0,0
https://openalex.org/w2614530485,https://doi.org/10.1177/1053815117706524,,,0,0
https://openalex.org/w1997590721,https://doi.org/10.1080/03004431003646525,,,0,0
https://openalex.org/w2885514831,,,,0,0
https://openalex.org/w2041392189,https://doi.org/10.1080/10573560802004464,,,0,1
https://openalex.org/w1966332544,https://doi.org/10.1080/10573569.2013.741962,,,0,0
https://openalex.org/w2116589595,https://doi.org/10.1598/rt.63.7.3,,,0,0
https://openalex.org/w2797189308,https://doi.org/10.1186/s40594-018-0101-z,,,0,0
https://openalex.org/w2973954373,,,,0,0
https://openalex.org/w2488209251,https://doi.org/10.1080/1045988x.2016.1202180,,,0,0
https://openalex.org/w2095721077,https://doi.org/10.1002/rrq.038,,,0,0
https://openalex.org/w2736349499,https://doi.org/10.1080/10888438.2017.1339709,,,0,0
https://openalex.org/w2951334222,https://doi.org/10.1123/jpah.2018-0474,,,0,0
https://openalex.org/w2762596702,https://doi.org/10.1177/0741932517731887,,,0,0
https://openalex.org/w1976285355,https://doi.org/10.2307/30035562,,,0,1
https://openalex.org/w2062894607,https://doi.org/10.1007/s11145-009-9198-2,,,0,0
https://openalex.org/w2610860725,https://doi.org/10.1086/691684,,,0,1
https://openalex.org/w2159628920,https://doi.org/10.1598/rrq.41.1.6,,,0,0
https://openalex.org/w2160574551,,,,0,0
https://openalex.org/w2115380946,https://doi.org/10.1086/659033,,,0,0
https://openalex.org/w2754538875,https://doi.org/10.1111/ejed.12242,,,0,0
https://openalex.org/w2896113830,https://doi.org/10.1177/1476718x18804848,,,0,0
https://openalex.org/w2067739428,https://doi.org/10.1177/1059840508319627,,,0,0
https://openalex.org/w2502313821,,,,0,0
https://openalex.org/w2093743427,https://doi.org/10.1111/josh.12046,,,0,0
https://openalex.org/w2550737773,https://doi.org/10.1080/10573569.2016.1216342,,,0,0
https://openalex.org/w2802473321,https://doi.org/10.1002/pits.22129,,,0,0
https://openalex.org/w2899078255,,,,0,0
https://openalex.org/w2068382797,https://doi.org/10.1080/19345747.2015.1033120,,,0,1
https://openalex.org/w2105118640,https://doi.org/10.1177/073194871103400104,,,0,0
https://openalex.org/w1986785142,https://doi.org/10.1016/j.jsp.2014.09.001,,,0,0
https://openalex.org/w2065159517,https://doi.org/10.1080/10409280701610937,,,0,0
https://openalex.org/w1964292290,https://doi.org/10.1097/tld.0b013e3181ff21ea,,,0,0
https://openalex.org/w1481349825,https://doi.org/10.1177/019874291203700203,,,0,0
https://openalex.org/w1982570273,https://doi.org/10.1080/07370008.2012.720152,,,0,0
https://openalex.org/w2155780708,https://doi.org/10.1177/001440290607200203,,,0,0
https://openalex.org/w2132766551,https://doi.org/10.1177/1053451214546404,,,0,0
https://openalex.org/w3166652942,,,,0,0
https://openalex.org/w1702550955,https://doi.org/10.4102/sajce.v4i2.203,,,0,0
https://openalex.org/w1599949376,,,,0,0
https://openalex.org/w2124277419,https://doi.org/10.1080/10824669.2012.688170,,,0,0
https://openalex.org/w2121073161,https://doi.org/10.1177/0731948712451975,,,0,0
https://openalex.org/w1973601661,https://doi.org/10.1598/rt.63.6.1,,,0,0
https://openalex.org/w2052770638,https://doi.org/10.1136/ip.2005.011296,,,0,0
https://openalex.org/w3045245786,https://doi.org/10.1080/02702711.2020.1783138,,,0,0
https://openalex.org/w2753696769,https://doi.org/10.64546/jaasep.100,,,0,0
https://openalex.org/w2003021340,https://doi.org/10.1177/1088357611405039,,,0,0
https://openalex.org/w2214837124,https://doi.org/10.1080/1034912x.2015.1077935,,,0,0
https://openalex.org/w2083075808,https://doi.org/10.1080/09575146.2011.651712,,,0,0
https://openalex.org/w2042678858,https://doi.org/10.1007/s11145-007-9080-z,,,0,1
https://openalex.org/w2764108854,https://doi.org/10.1080/19404158.2017.1379027,,,0,1
https://openalex.org/w2071441990,https://doi.org/10.1080/13540600802006137,,,0,0
https://openalex.org/w2046270848,https://doi.org/10.1016/j.learninstruc.2012.02.001,,,0,0
https://openalex.org/w3033492784,https://doi.org/10.1080/02702711.2020.1768977,,,0,0
https://openalex.org/w2769463124,https://doi.org/10.1007/s10212-017-0354-9,,,0,0
https://openalex.org/w1990289074,https://doi.org/10.1598/rrq.45.3.4,,,0,0
https://openalex.org/w3274211,,,,0,0
https://openalex.org/w99294302,https://doi.org/10.54322/kairaranga.v14i1.173,,,0,0
https://openalex.org/w4206780320,https://doi.org/10.1177/1096250608320850,,,0,0
https://openalex.org/w2792134827,https://doi.org/10.1177/1525740117745639,,,0,0
https://openalex.org/w2020314349,https://doi.org/10.1080/10573569.2013.850461,,,0,0
https://openalex.org/w2143210157,https://doi.org/10.1080/10824660802427710,,,0,0
https://openalex.org/w2085936302,https://doi.org/10.1080/10349120802681580,,,0,0
https://openalex.org/w2772678214,https://doi.org/10.1007/s10864-017-9288-1,,,0,0
https://openalex.org/w2149149421,https://doi.org/10.1136/jech.2009.101840,,,0,0
https://openalex.org/w2027536591,https://doi.org/10.1016/j.ecresq.2009.11.003,,,0,0
https://openalex.org/w1561113189,,,,0,0
https://openalex.org/w2914892145,https://doi.org/10.1002/jaba.539,,,0,0
https://openalex.org/w1920698827,https://doi.org/10.14742/ajet.1208,,,0,0
https://openalex.org/w2128331005,https://doi.org/10.1177/0022219411402693,,,0,0
https://openalex.org/w2058862655,https://doi.org/10.1080/10573560802683663,,,0,0
https://openalex.org/w2593106405,https://doi.org/10.1080/13664530.2017.1279682,,,0,0
https://openalex.org/w2028838320,https://doi.org/10.1177/0022466909343121,,,0,0
https://openalex.org/w2094273658,https://doi.org/10.1007/s10803-013-1989-2,,,0,0
https://openalex.org/w1634871373,,,,0,0
https://openalex.org/w2792128447,https://doi.org/10.1111/ldrp.12162,,,0,0
https://openalex.org/w2106757062,https://doi.org/10.1111/cdev.12013,,,0,0
https://openalex.org/w2003334820,https://doi.org/10.1598/rt.62.1.1,,,0,0
https://openalex.org/w4248878374,https://doi.org/10.1111/ldrp.12063,,,0,0
https://openalex.org/w2791874242,https://doi.org/10.1177/1534508418756730,,,0,0
https://openalex.org/w2604865849,https://doi.org/10.1080/20473869.2017.1312060,,,0,0
https://openalex.org/w2099070452,https://doi.org/10.1002/pits.20538,,,0,0
https://openalex.org/w2061939835,https://doi.org/10.1159/000114648,,,0,0
https://openalex.org/w2530365614,https://doi.org/10.1177/0734282916671046,,,0,0
https://openalex.org/w2258815092,,,,0,0
https://openalex.org/w2777995382,https://doi.org/10.1007/s11423-017-9565-7,,,0,0
https://openalex.org/w1979207681,https://doi.org/10.1007/s10566-012-9184-8,,,0,0
https://openalex.org/w2908306489,https://doi.org/10.1177/1534508418819797,,,0,0
https://openalex.org/w1500425407,,,,0,0
https://openalex.org/w2178652833,https://doi.org/10.1086/657651,,,0,0
https://openalex.org/w295134336,https://doi.org/10.1177/875687051303200206,,,0,0
https://openalex.org/w2967626864,https://doi.org/10.1177/0888406419863365,,,0,0
https://openalex.org/w2557818422,https://doi.org/10.1177/0022219416678409,,,0,0
https://openalex.org/w2943409218,https://doi.org/10.1177/0735633119845447,,,0,0
https://openalex.org/w2140360366,,,,0,0
https://openalex.org/w2511364137,https://doi.org/10.1177/0027432116655199,,,0,0
https://openalex.org/w2083561961,https://doi.org/10.1177/0022487113511645,,,0,0
https://openalex.org/w2017079742,https://doi.org/10.1080/10888430709336557,,,0,0
https://openalex.org/w2740709334,https://doi.org/10.1080/02701367.2016.1213610,,,0,0
https://openalex.org/w2009088220,https://doi.org/10.1177/1534508414544541,,,0,0
https://openalex.org/w2018351597,https://doi.org/10.1037/1045-3830.23.1.3,,,0,0
https://openalex.org/w2569632788,https://doi.org/10.1044/2016_jslhr-l-15-0451,,,0,0
https://openalex.org/w2960298139,https://doi.org/10.7575/aiac.ijels.v.7n.2p.31,,,0,0
https://openalex.org/w2973949464,,,,0,0
https://openalex.org/w2126147772,https://doi.org/10.1111/j.1467-9817.2009.01399.x,,,0,0
https://openalex.org/w2926047881,https://doi.org/10.1016/j.tsc.2019.03.003,,,0,0
https://openalex.org/w2794050956,https://doi.org/10.1177/1534508417749872,,,0,0
https://openalex.org/w2811266673,https://doi.org/10.4102/sajce.v8i1.528,,,0,0
https://openalex.org/w2072846259,https://doi.org/10.1080/10888438.2013.873936,,,0,0
https://openalex.org/w2548826392,,,,0,0
https://openalex.org/w2970131973,https://doi.org/10.1007/s11145-019-09977-0,,,0,0
https://openalex.org/w2802804551,https://doi.org/10.1177/0888406418770787,,,0,0
https://openalex.org/w2610249061,https://doi.org/10.1080/18377122.2017.1307092,,,0,0
https://openalex.org/w2516354198,https://doi.org/10.1177/1063426616664327,,,0,0
https://openalex.org/w2173524760,https://doi.org/10.1080/10409289.2016.1091972,,,0,0
https://openalex.org/w2385710587,https://doi.org/10.1080/00220671.2014.979910,,,0,0
https://openalex.org/w2103387624,,,,0,0
https://openalex.org/w2160326914,,,,0,0
https://openalex.org/w2018567028,https://doi.org/10.1037/a0014319,,,0,1
https://openalex.org/w2168537276,https://doi.org/10.1177/0741932510365359,,,0,0
https://openalex.org/w2604938456,https://doi.org/10.19044/ejes.v2no1a2,,,0,0
https://openalex.org/w2064334444,https://doi.org/10.1111/j.1540-5826.2007.00228.x,,,0,0
https://openalex.org/w2163384373,https://doi.org/10.1177/1540796914534631,,,0,0
https://openalex.org/w163764386,,,,0,0
https://openalex.org/w2467412713,,,,0,0
https://openalex.org/w2593236889,https://doi.org/10.1044/2016_jslhr-l-16-0031,,,0,0
https://openalex.org/w330289544,,,,0,0
https://openalex.org/w2130542960,https://doi.org/10.1177/0022466911430350,,,0,0
https://openalex.org/w2885208334,https://doi.org/10.1007/s11145-018-9899-5,,,0,0
https://openalex.org/w2053898567,https://doi.org/10.1080/00220670903383127,,,0,0
https://openalex.org/w2607407331,https://doi.org/10.1177/215416471705200105,,,0,0
https://openalex.org/w2115791414,https://doi.org/10.1598/rt.64.5.14,,,0,0
https://openalex.org/w2056037727,https://doi.org/10.1080/10598650.2007.11510566,,,0,0
https://openalex.org/w2064453743,https://doi.org/10.1080/15235882.2012.734005,,,0,0
https://openalex.org/w2526186559,https://doi.org/10.1080/09362835.2016.1196446,,,0,0
https://openalex.org/w2090130674,https://doi.org/10.1080/15210960.2013.754286,,,0,0
https://openalex.org/w2175476004,,,,0,0
https://openalex.org/w2743757355,https://doi.org/10.1086/692938,,,0,0
https://openalex.org/w2796718416,https://doi.org/10.1007/s11145-018-9841-x,,,0,0
https://openalex.org/w2151767827,https://doi.org/10.1598/rt.60.8.5,,,0,0
https://openalex.org/w1980294585,https://doi.org/10.1177/1534508414556505,,,0,0
https://openalex.org/w1756071118,https://doi.org/10.1080/1034912x.2015.1077937,,,0,0
https://openalex.org/w2143596463,https://doi.org/10.1017/s1138741600001505,,,0,0
https://openalex.org/w2171157241,https://doi.org/10.1080/10573560903123643,,,0,0
https://openalex.org/w2154941310,https://doi.org/10.1080/19325037.2009.10599076,,,0,0
https://openalex.org/w2937839301,https://doi.org/10.1177/0022057419843523,,,0,0
https://openalex.org/w2075585370,https://doi.org/10.1080/13504620903420064,,,0,0
https://openalex.org/w2996364705,https://doi.org/10.5206/eei.v29i3.9385,,,0,0
https://openalex.org/w2610346493,https://doi.org/10.1007/s11121-017-0795-z,,,0,0
https://openalex.org/w2000964838,https://doi.org/10.3102/0002831211409188,,,0,0
https://openalex.org/w2137710195,https://doi.org/10.3102/0002831212473349,,,0,0
https://openalex.org/w119169336,,,,0,0
https://openalex.org/w1983290292,https://doi.org/10.1080/09650792.2013.763410,,,0,0
https://openalex.org/w2071402244,https://doi.org/10.1037/a0018448,,,0,0
https://openalex.org/w2622335048,https://doi.org/10.15700/saje.v37n2a1361,,,0,0
https://openalex.org/w2151489384,https://doi.org/10.1080/10824660802427702,,,0,0
https://openalex.org/w2111196464,https://doi.org/10.1016/j.earlhumdev.2010.12.002,,,0,0
https://openalex.org/w2537685789,https://doi.org/10.11114/jets.v4i11.1832,,,0,0
https://openalex.org/w1982863759,https://doi.org/10.1177/1534508409339917,,,0,0
https://openalex.org/w2888870463,https://doi.org/10.1007/s10802-018-0468-9,,,0,0
https://openalex.org/w3004528223,https://doi.org/10.1111/sltb.12614,,,0,0
https://openalex.org/w2596029116,https://doi.org/10.1007/s10643-017-0844-z,,,0,0
https://openalex.org/w2802295518,https://doi.org/10.1177/1534508418766410,,,0,0
https://openalex.org/w2965735151,https://doi.org/10.1080/20473869.2019.1647031,,,0,0
https://openalex.org/w2327660332,https://doi.org/10.1080/00228958.2011.10516585,,,0,0
https://openalex.org/w2801562312,https://doi.org/10.1080/10573569.2018.1446859,,,0,0
https://openalex.org/w2479072640,https://doi.org/10.1177/0734282916662120,,,0,0
https://openalex.org/w2555033655,https://doi.org/10.5539/jel.v6n1p41,,,0,0
https://openalex.org/w2964356048,https://doi.org/10.58729/2167-3454.1085,,,0,0
https://openalex.org/w2313984912,https://doi.org/10.1080/09362835.2015.1107831,,,0,0
https://openalex.org/w2140555796,https://doi.org/10.1177/215416471104600308,,,0,0
https://openalex.org/w2145664126,https://doi.org/10.1177/1053451210395385,,,0,0
https://openalex.org/w1543613998,,,,0,0
https://openalex.org/w2088894588,https://doi.org/10.1037/1555-6824.16.2.95,,,0,0
https://openalex.org/w2002251405,https://doi.org/10.1002/trtr.01085,,,0,0
https://openalex.org/w1995781797,https://doi.org/10.1598/rrq.41.1.4,,,0,0
https://openalex.org/w2792912436,https://doi.org/10.1177/1534508418761231,,,0,0
https://openalex.org/w2017198943,https://doi.org/10.1177/1053451211406542,,,0,0
https://openalex.org/w2769054140,https://doi.org/10.1080/10573569.2017.1387834,,,0,0
https://openalex.org/w4254175972,https://doi.org/10.1080/09669760.2012.675775,,,0,0
https://openalex.org/w2117218301,https://doi.org/10.1177/0040059915569358,,,0,0
https://openalex.org/w2095647017,https://doi.org/10.1177/1063426615578173,,,0,0
https://openalex.org/w2114354710,https://doi.org/10.25115/ejrep.v7i18.1368,,,0,0
https://openalex.org/w1507976009,,,,0,0
https://openalex.org/w2999216669,https://doi.org/10.1002/pits.22335,,,0,0
https://openalex.org/w2114438070,https://doi.org/10.1037/spq0000111,,,0,0
https://openalex.org/w2599287431,https://doi.org/10.1037/edu0000189,,,0,0
https://openalex.org/w2094334522,https://doi.org/10.1007/s10643-010-0397-x,,,0,0
https://openalex.org/w2344784438,https://doi.org/10.1002/trtr.1457,,,0,0
https://openalex.org/w2158327407,https://doi.org/10.1177/0741932514522100,,,0,0
https://openalex.org/w1985715834,https://doi.org/10.1353/etc.2010.0007,,,0,0
https://openalex.org/w2736316060,https://doi.org/10.1177/0734282917720564,,,0,0
https://openalex.org/w3003823484,https://doi.org/10.1080/19345747.2019.1698086,,,0,0
https://openalex.org/w3008201440,https://doi.org/10.3389/fpsyg.2020.00327,,,0,0
https://openalex.org/w2081336967,https://doi.org/10.1598/rt.62.6.9,,,0,0
https://openalex.org/w1955701928,https://doi.org/10.1177/001440290907600105,,,0,0
https://openalex.org/w2126809539,https://doi.org/10.1002/dys.426,,,0,0
https://openalex.org/w3091399497,https://doi.org/10.34068/joe.58.02.15,,,0,0
https://openalex.org/w2604523182,https://doi.org/10.1177/0040059916673296,,,0,0
https://openalex.org/w1899540474,,,,0,0
https://openalex.org/w2052610738,https://doi.org/10.1080/08856257.2014.986913,,,0,0
https://openalex.org/w1967922436,https://doi.org/10.1080/19388071.2011.602924,,,0,0
https://openalex.org/w1855573636,https://doi.org/10.1177/016146811211400108,,,0,0
https://openalex.org/w2041478210,https://doi.org/10.1080/09645292.2011.568698,,,0,0
https://openalex.org/w2553290843,https://doi.org/10.18666/tpe-2016-v73-i4-6570,,,0,0
https://openalex.org/w2168580854,https://doi.org/10.1177/0013161x12463230,,,0,0
https://openalex.org/w1985563268,https://doi.org/10.1080/02702711.2012.631867,,,0,0
https://openalex.org/w2951842652,https://doi.org/10.3102/0034654319857041,,,0,0
https://openalex.org/w1981187303,https://doi.org/10.1111/j.1365-2214.2006.00677.x,,,0,0
https://openalex.org/w2801592321,https://doi.org/10.1080/08856257.2018.1468635,,,0,0
https://openalex.org/w2938461038,https://doi.org/10.1007/s11121-019-01012-6,,,0,0
https://openalex.org/w2799330231,https://doi.org/10.1177/0734282918769978,,,0,0
https://openalex.org/w2160619957,https://doi.org/10.1080/10888430903242035,,,0,0
https://openalex.org/w2048223351,https://doi.org/10.1016/j.ecresq.2013.07.005,,,0,0
https://openalex.org/w3084979516,,,,0,0
https://openalex.org/w2973685287,https://doi.org/10.1002/dys.1634,,,0,0
https://openalex.org/w2079997678,https://doi.org/10.1111/j.1741-4369.2010.00526.x,,,0,0
https://openalex.org/w2089941887,https://doi.org/10.1177/0022219411436214,,,0,0
https://openalex.org/w2954041481,https://doi.org/10.1007/s10648-019-09485-1,,,0,0
https://openalex.org/w3006744761,https://doi.org/10.5070/b5.35939,,,0,0
https://openalex.org/w1919389078,https://doi.org/10.1177/004005991004200301,,,0,0
https://openalex.org/w2791975346,https://doi.org/10.1007/s11121-017-0861-6,,,0,0
https://openalex.org/w2948324688,https://doi.org/10.1080/10409289.2019.1621584,,,0,0
https://openalex.org/w2735113000,https://doi.org/10.1007/s10643-017-0868-4,,,0,0
https://openalex.org/w2799679397,https://doi.org/10.1111/jep.12919,,,0,0
https://openalex.org/w2904633319,https://doi.org/10.1080/15235882.2018.1540367,,,0,0
https://openalex.org/w2529000053,https://doi.org/10.1016/j.ecresq.2016.09.001,,,0,0
https://openalex.org/w2141168217,https://doi.org/10.3102/0034654313477212,,,0,0
https://openalex.org/w2992160406,,,,0,0
https://openalex.org/w2044254119,https://doi.org/10.1177/0741932515579277,,,0,0
https://openalex.org/w2051572936,https://doi.org/10.1080/10888438.2010.538780,,,0,0
https://openalex.org/w2160674213,https://doi.org/10.1080/15391523.2008.10782523,,,0,0
https://openalex.org/w2020677107,https://doi.org/10.1080/02702710902753996,,,0,0
https://openalex.org/w2162921476,https://doi.org/10.1016/j.rasd.2012.12.002,,,0,0
https://openalex.org/w1549872294,https://doi.org/10.5951/tcm.16.3.0170,,,0,0
https://openalex.org/w2130660446,https://doi.org/10.1177/0022219411417877,,,0,0
https://openalex.org/w2075287749,https://doi.org/10.3200/psfl.53.3.145-152,,,0,0
https://openalex.org/w2467165859,https://doi.org/10.1080/00131946.2016.1190366,,,0,0
https://openalex.org/w2013901109,https://doi.org/10.1002/berj.3157,,,0,0
https://openalex.org/w2582168872,https://doi.org/10.1177/215416471605100408,,,0,0
https://openalex.org/w2123602520,https://doi.org/10.4278/061027138r1.1,,,0,0
https://openalex.org/w2155295967,https://doi.org/10.1177/0022219413476553,,,0,0
https://openalex.org/w2315008979,https://doi.org/10.1086/660684,,,0,0
https://openalex.org/w2179221509,https://doi.org/10.1080/07303084.2010.10598476,,,0,0
https://openalex.org/w2790733855,https://doi.org/10.1007/s11125-018-9420-6,,,0,0
https://openalex.org/w1490728166,https://doi.org/10.5539/elt.v8n6p69,,,0,0
https://openalex.org/w2124775293,https://doi.org/10.1177/0741932511420739,,,0,0
https://openalex.org/w1984393770,https://doi.org/10.1016/j.chb.2014.12.003,,,0,0
https://openalex.org/w2241672689,https://doi.org/10.1177/0022219415609187,,,0,0
https://openalex.org/w2092366494,https://doi.org/10.1080/00228958.2009.10516676,,,0,0
https://openalex.org/w1971070365,https://doi.org/10.1007/s11145-007-9083-9,,,0,1
https://openalex.org/w2539073707,https://doi.org/10.1177/0886260516672937,,,0,0
https://openalex.org/w1848913629,https://doi.org/10.1111/ldrp.12088,,,0,0
https://openalex.org/w2113478082,https://doi.org/10.1002/dys.438,,,0,0
https://openalex.org/w2561927769,https://doi.org/10.1177/0741932508315844,,,0,0
https://openalex.org/w2064336014,https://doi.org/10.1177/1053451213493172,,,0,0
https://openalex.org/w2890956703,https://doi.org/10.1177/0741932518772904,,,0,0
https://openalex.org/w2974006030,,,,0,0
https://openalex.org/w2147780452,https://doi.org/10.1002/pits.21779,,,0,0
https://openalex.org/w2057662279,https://doi.org/10.1001/jama.2013.2813,,,0,0
https://openalex.org/w3024309216,,,,0,0
https://openalex.org/w2888791965,https://doi.org/10.1016/j.ecresq.2018.07.005,,,0,0
https://openalex.org/w2224137569,https://doi.org/10.1080/07303084.2015.1109491,,,0,0
https://openalex.org/w2808339991,https://doi.org/10.1016/j.chiabu.2018.06.001,,,0,0
https://openalex.org/w3040023519,https://doi.org/10.5951/mtlt.2019.0324,,,0,0
https://openalex.org/w2280484203,https://doi.org/10.1016/s2215-0366(15)00575-1,,,0,0
https://openalex.org/w2043051616,https://doi.org/10.1007/s10566-013-9242-x,,,0,0
https://openalex.org/w2427242097,https://doi.org/10.1177/016146811411600409,,,0,0
https://openalex.org/w2062838389,https://doi.org/10.1177/0888406408330648,,,0,0
https://openalex.org/w2104244930,https://doi.org/10.1016/j.tate.2010.10.005,,,0,0
https://openalex.org/w2898493064,https://doi.org/10.1002/tea.21514,,,0,0
https://openalex.org/w24986124,https://doi.org/10.1177/019874291003500203,,,0,0
https://openalex.org/w3082131482,,,,0,0
https://openalex.org/w2132661922,https://doi.org/10.2304/elea.2014.11.6.582,,,0,0
https://openalex.org/w2940217039,https://doi.org/10.1080/03054985.2019.1595559,,,0,0
https://openalex.org/w2894943369,https://doi.org/10.9782/jisne-d-17-00008,,,0,0
https://openalex.org/w2409283929,,,,0,0
https://openalex.org/w2990787257,https://doi.org/10.1177/0014402919881357,,,0,0
https://openalex.org/w2073743788,https://doi.org/10.1002/pits.20542,,,0,0
https://openalex.org/w2777555323,https://doi.org/10.1111/jir.12459,,,0,0
https://openalex.org/w2057323337,https://doi.org/10.1007/s11121-012-0274-5,,,0,0
https://openalex.org/w2305646165,,,,0,0
https://openalex.org/w2334829291,https://doi.org/10.1177/1053451216636047,,,0,0
https://openalex.org/w318149364,https://doi.org/10.58680/ej20086321,,,0,0
https://openalex.org/w2324287174,https://doi.org/10.1177/1088357614525660,,,0,0
https://openalex.org/w2766802110,https://doi.org/10.1177/2381336917718521,,,0,0
https://openalex.org/w2793503012,https://doi.org/10.18666/ldmj-2014-v20-i4-6147,,,0,0
https://openalex.org/w2562525959,https://doi.org/10.1044/2016_jslhr-l-15-0110,,,0,0
https://openalex.org/w2155881628,https://doi.org/10.1093/applin/amr039,,,0,0
https://openalex.org/w2255812285,,,,0,0
https://openalex.org/w1902998707,https://doi.org/10.1177/001440291107700405,,,0,0
https://openalex.org/w2548715140,https://doi.org/10.1177/0014402916671517,,,0,0
https://openalex.org/w2036684018,https://doi.org/10.1177/1534508408318805,,,0,0
https://openalex.org/w2117429459,,,,0,0
https://openalex.org/w2141406034,https://doi.org/10.1598/rt.62.8.1,,,0,0
https://openalex.org/w2076682662,https://doi.org/10.1080/02702710802274820,,,0,0
https://openalex.org/w1906657259,https://doi.org/10.55016/ojs/ajer.v60i3.55864,,,0,0
https://openalex.org/w2749928979,https://doi.org/10.1007/s10583-017-9330-x,,,0,0
https://openalex.org/w2015115757,https://doi.org/10.1002/pits.20455,,,0,0
https://openalex.org/w2018041963,https://doi.org/10.1080/09362835.2012.747182,,,0,0
https://openalex.org/w2035517494,https://doi.org/10.1002/pits.21591,,,0,0
https://openalex.org/w1571785312,,,,0,0
https://openalex.org/w2900180913,https://doi.org/10.1007/s40688-018-00216-x,,,0,0
https://openalex.org/w2489983918,,,,0,0
https://openalex.org/w2095744040,https://doi.org/10.1177/0022219407311325,,,0,0
https://openalex.org/w2962773847,https://doi.org/10.1177/1540796919862874,,,0,0
https://openalex.org/w2139512523,https://doi.org/10.3102/0034654310377086,,,0,0
https://openalex.org/w2033019709,https://doi.org/10.5172/jamh.6.1.63,,,0,0
https://openalex.org/w131204092,,,,0,0
https://openalex.org/w2074591284,https://doi.org/10.1080/10824660802715502,,,0,0
https://openalex.org/w2128890233,,,,0,0
https://openalex.org/w237095506,,,,0,0
https://openalex.org/w1920304146,,,,0,0
https://openalex.org/w2902471425,https://doi.org/10.1080/10573569.2018.1535775,,,0,0
https://openalex.org/w2080018364,https://doi.org/10.1002/trtr.1147,,,0,0
https://openalex.org/w2039676668,https://doi.org/10.1016/j.ridd.2013.02.028,,,0,0
https://openalex.org/w2108149005,https://doi.org/10.1080/1045988x.2013.777895,,,0,0
https://openalex.org/w2559036508,https://doi.org/10.1177/1053451216676797,,,0,0
https://openalex.org/w2039527540,https://doi.org/10.1177/1356336x12465511,,,0,0
https://openalex.org/w75169875,,,,0,0
https://openalex.org/w2605872960,https://doi.org/10.1080/08856257.2017.1312798,,,0,0
https://openalex.org/w4247588391,https://doi.org/10.1017/s1030011200025513,,,0,0
https://openalex.org/w1871193953,https://doi.org/10.1016/j.ypmed.2015.09.027,,,0,0
https://openalex.org/w2024162323,https://doi.org/10.1080/03004430.2013.875542,,,0,0
https://openalex.org/w2087358327,https://doi.org/10.1080/08856250802596808,,,0,0
https://openalex.org/w2244613386,https://doi.org/10.1177/019874291003500204,,,0,0
https://openalex.org/w2977700599,https://doi.org/10.1080/10573569.2019.1667929,,,0,0
https://openalex.org/w2037989084,https://doi.org/10.1080/19345740802539200,,,0,0
https://openalex.org/w2604464406,https://doi.org/10.1177/0741932517702444,,,0,0
https://openalex.org/w2992323127,,,,0,0
https://openalex.org/w2781877220,https://doi.org/10.1080/09500693.2017.1420269,,,0,0
https://openalex.org/w1965727019,https://doi.org/10.1177/07419325070280050201,,,0,0
https://openalex.org/w1574055659,https://doi.org/10.3233/jai-2010-011,,,0,0
https://openalex.org/w2013010164,https://doi.org/10.1598/rt.63.7.7,,,0,0
https://openalex.org/w2761504699,https://doi.org/10.1177/1534508417731999,,,0,0
https://openalex.org/w2082178061,https://doi.org/10.1002/pits.20625,,,0,0
https://openalex.org/w2993420433,,,,0,0
https://openalex.org/w1869599242,https://doi.org/10.1177/0731948711429009,,,0,0
https://openalex.org/w2549485376,https://doi.org/10.3389/fpsyg.2016.01617,,,0,0
https://openalex.org/w2130852760,https://doi.org/10.1348/026151010x485223,,,0,0
https://openalex.org/w1980021205,https://doi.org/10.3389/fpsyg.2014.01339,,,0,0
https://openalex.org/w2073925863,https://doi.org/10.1598/rt.63.1.10,,,0,0
https://openalex.org/w2129871897,https://doi.org/10.1598/rt.62.4.1,,,0,0
https://openalex.org/w2112550094,https://doi.org/10.1177/004005991004300105,,,0,0
https://openalex.org/w2426763437,https://doi.org/10.1037/edu0000113,,,0,0
https://openalex.org/w2111202507,https://doi.org/10.3102/0002831208330214,,,0,0
https://openalex.org/w2965117613,https://doi.org/10.1097/tld.0000000000000188,,,0,0
https://openalex.org/w3001483148,https://doi.org/10.1016/j.learninstruc.2020.101304,,,0,0
https://openalex.org/w2510446004,https://doi.org/10.17988/bedi-41-04-241-257.1,,,0,0
https://openalex.org/w2145246664,https://doi.org/10.1177/1534508410392207,,,0,0
https://openalex.org/w1993746367,https://doi.org/10.1179/1467010014z.000000000169,,,0,0
https://openalex.org/w2116122391,https://doi.org/10.1177/15345084070320040401,,,0,0
https://openalex.org/w2065862964,https://doi.org/10.1080/10573560903397064,,,0,0
https://openalex.org/w1922958118,https://doi.org/10.1111/j.1540-5826.2011.00332.x,,,0,1
https://openalex.org/w1098318291,https://doi.org/10.1016/j.jsp.2015.06.002,,,0,0
https://openalex.org/w1506346295,https://doi.org/10.1352/1934-9556-53.3.196,,,0,0
https://openalex.org/w2794704362,,,,0,0
https://openalex.org/w2039037648,https://doi.org/10.1080/10573569.2010.500247,,,0,0
https://openalex.org/w2962195100,https://doi.org/10.1086/704251,,,0,0
https://openalex.org/w2054588624,https://doi.org/10.1080/19345740802114749,,,0,1
https://openalex.org/w2794540372,https://doi.org/10.1177/0198742917753157,,,0,0
https://openalex.org/w230436371,,,,0,0
https://openalex.org/w1876702428,https://doi.org/10.1080/10986065.2015.1083837,,,0,0
https://openalex.org/w2188106321,,,,0,0
https://openalex.org/w3048319335,https://doi.org/10.1037/spq0000400,,,0,0
https://openalex.org/w2092804959,https://doi.org/10.1177/1534508409348375,,,0,0
https://openalex.org/w2064746726,https://doi.org/10.1080/1045988x.2010.548416,,,0,0
https://openalex.org/w1968814092,https://doi.org/10.1016/j.ridd.2014.02.004,,,0,0
https://openalex.org/w2067062558,https://doi.org/10.1016/j.lindif.2007.01.005,,,0,0
https://openalex.org/w2327885403,https://doi.org/10.1177/1048371314527291,,,0,0
https://openalex.org/w2805735285,https://doi.org/10.1080/09500782.2018.1476527,,,0,0
https://openalex.org/w2061408528,https://doi.org/10.1207/s15566935eed1701_5,,,0,0
https://openalex.org/w2132818324,https://doi.org/10.1177/0022219408321123,,,0,0
https://openalex.org/w2271458573,https://doi.org/10.1080/10824669.2015.1110026,,,0,0
https://openalex.org/w2110341765,https://doi.org/10.1177/0042085912446165,,,0,0
https://openalex.org/w2039339882,https://doi.org/10.1016/j.childyouth.2014.07.017,,,0,0
https://openalex.org/w2054003059,https://doi.org/10.1007/s11145-012-9394-3,,,0,0
https://openalex.org/w3122331416,,,,0,0
https://openalex.org/w4246169032,https://doi.org/10.1017/s1030011200025458,,,0,0
https://openalex.org/w2125789596,,,,0,1
https://openalex.org/w2564763380,https://doi.org/10.1177/016146811611800505,,,0,0
https://openalex.org/w2019801717,https://doi.org/10.1177/0829573507301039,,,0,0
https://openalex.org/w198360518,,,,0,0
https://openalex.org/w3005722304,https://doi.org/10.3389/fpsyg.2020.00019,,,0,0
https://openalex.org/w3014227797,https://doi.org/10.1080/10573569.2020.1715312,,,0,0
https://openalex.org/w2134716416,https://doi.org/10.1177/0022219410374999,,,0,0
https://openalex.org/w3168429547,,,,0,0
https://openalex.org/w2801686676,https://doi.org/10.1007/s11145-018-9862-5,,,0,0
https://openalex.org/w1984383987,https://doi.org/10.1353/aad.0.0044,,,0,0
https://openalex.org/w3035527716,https://doi.org/10.1044/2020_lshss-19-00039,,,0,0
https://openalex.org/w2042067306,https://doi.org/10.1007/s10826-012-9674-1,,,0,0
https://openalex.org/w1585133231,,,,0,0
https://openalex.org/w2316924876,https://doi.org/10.5350/kpb-bcp201121108,,,0,0
https://openalex.org/w2324239805,https://doi.org/10.1007/s11159-016-9557-6,,,0,0
https://openalex.org/w4244469796,https://doi.org/10.1111/ldrp.12021,,,0,0
https://openalex.org/w1943556595,https://doi.org/10.1002/trtr.1410,,,0,0
https://openalex.org/w1990049219,https://doi.org/10.1080/19388070701750171,,,0,1
https://openalex.org/w51890710,https://doi.org/10.1080/02796015.2010.12087777,,,0,0
https://openalex.org/w2892077919,https://doi.org/10.1177/0014402918783187,,,0,0
https://openalex.org/w2480492246,,,,0,0
https://openalex.org/w3010620012,https://doi.org/10.1177/1074295620907110,,,0,0
https://openalex.org/w2062350826,https://doi.org/10.1177/001440290607300105,,,0,0
https://openalex.org/w72633635,,,,0,0
https://openalex.org/w1943440521,,,,0,0
https://openalex.org/w2099520203,https://doi.org/10.1177/004005990704000107,,,0,0
https://openalex.org/w2343281146,https://doi.org/10.1080/19411243.2016.1141083,,,0,0
https://openalex.org/w1589670328,https://doi.org/10.1002/dys.1450,,,0,0
https://openalex.org/w2590386611,https://doi.org/10.1080/2050571x.2017.1290739,,,0,0
https://openalex.org/w4241276342,https://doi.org/10.1080/02568540609594590,,,0,0
https://openalex.org/w2941285265,https://doi.org/10.1080/10824669.2019.1594818,,,0,0
https://openalex.org/w2806008084,https://doi.org/10.3389/fpsyg.2018.01045,,,0,0
https://openalex.org/w2792937103,https://doi.org/10.1007/s11145-018-9840-y,,,0,0
https://openalex.org/w2086294015,https://doi.org/10.1002/yd.339,,,0,0
https://openalex.org/w2900160096,https://doi.org/10.1177/2332858418806863,,,0,0
https://openalex.org/w1598556820,,,,0,0
https://openalex.org/w2023968480,https://doi.org/10.1080/00405841.2011.534909,,,0,0
https://openalex.org/w754248164,,,,0,0
https://openalex.org/w2161195919,https://doi.org/10.1177/0022219411432690,,,0,0
https://openalex.org/w2339941638,https://doi.org/10.1177/0022219415620899,,,0,0
https://openalex.org/w2121262479,https://doi.org/10.1177/1086296x13504156,,,0,0
https://openalex.org/w2116590838,https://doi.org/10.1177/0013124511424860,,,0,0
https://openalex.org/w3025341722,,,,0,0
https://openalex.org/w2148709646,https://doi.org/10.1080/1034912x.2014.932572,,,0,0
https://openalex.org/w3047749110,,,,0,0
https://openalex.org/w2912818338,https://doi.org/10.1080/07380569.2019.1565888,,,0,0
https://openalex.org/w2597141371,,,,0,0
https://openalex.org/w2085483409,https://doi.org/10.1177/0022219413498771,,,0,0
https://openalex.org/w1575969532,https://doi.org/10.1111/j.1467-9450.2011.00870.x,,,0,0
https://openalex.org/w2116539779,https://doi.org/10.1177/0895904811429293,,,0,0
https://openalex.org/w2384425527,https://doi.org/10.5951/mathteacmiddscho.21.4.0208,,,0,0
https://openalex.org/w2611686003,,,,0,0
https://openalex.org/w1515745742,,,,0,0
https://openalex.org/w2067025060,https://doi.org/10.1177/00222194070400050301,,,0,0
https://openalex.org/w2330687102,https://doi.org/10.2304/forum.2013.55.1.153,,,0,0
https://openalex.org/w2029186624,https://doi.org/10.1353/etc.2015.0005,,,0,0
https://openalex.org/w2160521150,https://doi.org/10.1093/her/cyq030,,,0,0
https://openalex.org/w2903885475,https://doi.org/10.2505/4/sc18_056_04_91,,,0,0
https://openalex.org/w3024166372,https://doi.org/10.1080/2372966x.2020.1717373,,,0,0
https://openalex.org/w2021274140,https://doi.org/10.1055/s-0029-1215716,,,0,0
https://openalex.org/w2115815883,https://doi.org/10.1177/0731948712461447,,,0,0
https://openalex.org/w2015885116,https://doi.org/10.1016/j.ecresq.2012.04.002,,,0,0
https://openalex.org/w1550088439,,,,0,0
https://openalex.org/w2103523745,https://doi.org/10.1177/0022219410378444,,,0,0
https://openalex.org/w2884142929,https://doi.org/10.1177/0014402918787339,,,0,0
https://openalex.org/w2946714178,https://doi.org/10.1159/000493893,,,0,0
https://openalex.org/w2583567814,https://doi.org/10.1177/1534508417690000,,,0,0
https://openalex.org/w2092018090,https://doi.org/10.1016/j.learninstruc.2013.02.004,,,0,0
https://openalex.org/w2299607127,https://doi.org/10.1002/rrq.142,,,0,0
https://openalex.org/w2172282277,https://doi.org/10.1177/0022219413498115,,,0,0
https://openalex.org/w2023116618,https://doi.org/10.1207/s10824669espr110304_3,,,0,0
https://openalex.org/w2068745367,https://doi.org/10.1080/13603110903490721,,,0,0
https://openalex.org/w2096671931,,,,0,0
https://openalex.org/w2210329529,https://doi.org/10.1007/s10956-015-9569-1,,,0,0
https://openalex.org/w2073556927,https://doi.org/10.1111/j.1540-5826.2009.00281.x,,,0,0
https://openalex.org/w2995006990,https://doi.org/10.1080/10573569.2019.1689211,,,0,0
https://openalex.org/w2766011078,https://doi.org/10.1177/016146811711901315,,,0,0
https://openalex.org/w2902579086,https://doi.org/10.1186/s41155-018-0113-0,,,0,0
https://openalex.org/w2121295810,https://doi.org/10.1080/14681811.2011.538146,,,0,0
https://openalex.org/w3014545501,https://doi.org/10.1044/2020_lshss-19-00055,,,0,0
https://openalex.org/w3029881464,https://doi.org/10.1044/2020_lshss-19-00074,,,0,0
https://openalex.org/w2559148537,https://doi.org/10.1080/1754730x.2016.1252276,,,0,0
https://openalex.org/w2894852725,https://doi.org/10.1080/21683603.2018.1509034,,,0,0
https://openalex.org/w1995860330,https://doi.org/10.1080/15377903.2013.751476,,,0,0
https://openalex.org/w1987589116,https://doi.org/10.1007/s10802-011-9599-y,,,0,0
https://openalex.org/w2557094457,https://doi.org/10.1002/trtr.1534,,,0,0
https://openalex.org/w2963382383,https://doi.org/10.1111/1467-8578.12278,,,0,0
https://openalex.org/w2028586842,https://doi.org/10.1177/1053451215577477,,,0,0
https://openalex.org/w2751799932,https://doi.org/10.1080/09575146.2017.1369937,,,0,0
https://openalex.org/w2965491881,https://doi.org/10.1037/edu0000400,,,0,0
https://openalex.org/w3093631413,,,,0,0
https://openalex.org/w1963594235,https://doi.org/10.1007/s10566-013-9197-y,,,0,0
https://openalex.org/w2921034130,https://doi.org/10.1080/1034912x.2019.1591616,,,0,0
https://openalex.org/w2044169684,https://doi.org/10.1080/10888430701530417,,,0,0
https://openalex.org/w3003939858,https://doi.org/10.1016/j.chiabu.2019.104326,,,0,0
https://openalex.org/w2000741637,https://doi.org/10.1111/j.1540-5826.2006.00221.x,,,0,0
https://openalex.org/w2992954388,,,,0,0
https://openalex.org/w2171373761,https://doi.org/10.1080/10862960903583202,,,0,0
https://openalex.org/w2611672431,https://doi.org/10.1080/00220671.2017.1310711,,,0,0
https://openalex.org/w2168859846,https://doi.org/10.1177/0741932514541485,,,0,0
https://openalex.org/w2015493286,https://doi.org/10.1136/ip.2006.013862,,,0,0
https://openalex.org/w2884923035,https://doi.org/10.1111/ldrp.12171,,,0,0
https://openalex.org/w2472047277,https://doi.org/10.1037/edu0000118,,,0,0
https://openalex.org/w2325578825,https://doi.org/10.2505/4/sc16_053_06_36,,,0,0
https://openalex.org/w2146276706,https://doi.org/10.1177/0022487109339906,,,0,0
https://openalex.org/w2148588772,https://doi.org/10.1177/1534508407313239,,,0,0
https://openalex.org/w3034056189,https://doi.org/10.5281/zenodo.3881785,,,0,0
https://openalex.org/w2100889317,https://doi.org/10.1177/1534508411435721,,,0,0
https://openalex.org/w2081474244,https://doi.org/10.1111/j.1744-7984.2006.00086.x,,,0,0
https://openalex.org/w2166671370,https://doi.org/10.1177/0143034307085656,,,0,0
https://openalex.org/w2979936123,https://doi.org/10.1093/cs/cdz018,,,0,0
https://openalex.org/w2909240492,https://doi.org/10.1037/edu0000316,,,0,0
https://openalex.org/w2328327285,https://doi.org/10.1177/1555458914543375,,,0,0
https://openalex.org/w2765893671,https://doi.org/10.1007/s12310-017-9231-6,,,0,0
https://openalex.org/w996550771,,,,0,0
https://openalex.org/w2067081352,https://doi.org/10.1177/1059840513505222,,,0,0
https://openalex.org/w2012604652,https://doi.org/10.1111/j.1751-228x.2007.00018.x,,,0,0
https://openalex.org/w2463874831,,,,0,0
https://openalex.org/w2012106048,https://doi.org/10.1080/07303084.2012.10598778,,,0,0
https://openalex.org/w2293128657,https://doi.org/10.1177/1534508415596960,,,0,0
https://openalex.org/w2170555714,https://doi.org/10.1111/ldrp.12036,,,0,0
https://openalex.org/w1547901397,https://doi.org/10.1111/j.1365-2788.2011.01512.x,,,0,0
https://openalex.org/w2295542265,https://doi.org/10.1080/10573569.2015.1021060,,,0,0
https://openalex.org/w2895421246,https://doi.org/10.3389/fpsyg.2018.01886,,,0,0
https://openalex.org/w2740576026,https://doi.org/10.1177/0022219417719887,,,0,0
https://openalex.org/w1964477715,https://doi.org/10.1007/s11145-008-9119-9,,,1,1
https://openalex.org/w2102874666,https://doi.org/10.1080/10573560600837693,,,0,0
https://openalex.org/w2101086251,https://doi.org/10.1177/1053451211407493,,,0,0
https://openalex.org/w2134282317,,,,0,0
https://openalex.org/w2341671755,https://doi.org/10.17988/0198-7429-40.1.3,,,0,0
https://openalex.org/w61844869,https://doi.org/10.1177/016146810710901202,,,0,0
https://openalex.org/w2120168638,https://doi.org/10.1177/0741932509355949,,,0,0
https://openalex.org/w2153057991,https://doi.org/10.3109/02699200903532474,,,0,0
https://openalex.org/w2763849803,https://doi.org/10.1177/1534508417728685,,,0,0
https://openalex.org/w2944402921,https://doi.org/10.1080/1034912x.2019.1614154,,,0,0
https://openalex.org/w2944452893,https://doi.org/10.1080/19345747.2018.1561963,,,0,0
https://openalex.org/w2142534285,https://doi.org/10.1177/0741932509355988,,,0,0
https://openalex.org/w2059026623,https://doi.org/10.1080/00467600902804528,,,0,0
https://openalex.org/w122935328,https://doi.org/10.1080/02796015.2011.12087733,,,0,0
https://openalex.org/w285269099,https://doi.org/10.18546/ijsd.05.2.04,,,0,0
https://openalex.org/w862400925,https://doi.org/10.58809/wifr9015,,,0,0
https://openalex.org/w1981710653,https://doi.org/10.1016/j.ridd.2012.08.026,,,0,0
https://openalex.org/w3084225401,,,,0,0
https://openalex.org/w2014546606,https://doi.org/10.1097/iyc.0b013e3182a60281,,,0,0
https://openalex.org/w2140446703,https://doi.org/10.1177/07419325070280050401,,,0,0
https://openalex.org/w2907255989,https://doi.org/10.1177/0022466918821400,,,0,0
https://openalex.org/w2037667139,https://doi.org/10.1080/10824669.2013.799424,,,0,0
https://openalex.org/w1996247488,https://doi.org/10.1598/rt.63.7.1,,,0,0
https://openalex.org/w2018728203,https://doi.org/10.1016/j.jmathb.2014.12.002,,,0,0
https://openalex.org/w2473919828,,,,0,0
https://openalex.org/w2158048634,https://doi.org/10.1177/1534508410379845,,,0,0
https://openalex.org/w2398840997,https://doi.org/10.1016/j.jsp.2016.05.004,,,0,0
https://openalex.org/w2138516416,https://doi.org/10.1080/00405840802577619,,,0,0
https://openalex.org/w2904951646,https://doi.org/10.1111/1440-1630.12550,,,0,0
https://openalex.org/w2016495668,https://doi.org/10.1080/10573569.2012.632729,,,0,0
https://openalex.org/w1985743674,https://doi.org/10.1097/tld.0b013e318272609b,,,0,0
https://openalex.org/w1987535130,https://doi.org/10.1177/0022219407313426,,,0,1
https://openalex.org/w3011739793,https://doi.org/10.12973/eu-jer.8.4.1269,,,0,0
https://openalex.org/w2995489669,https://doi.org/10.5206/eei.v29i3.9391,,,0,0
https://openalex.org/w1571572116,,,,0,0
https://openalex.org/w2978940913,https://doi.org/10.58729/2167-3454.1092,,,0,0
https://openalex.org/w2899300849,https://doi.org/10.1177/0022219418809080,,,0,0
https://openalex.org/w2599930377,https://doi.org/10.1080/07303084.2016.1270789,,,0,0
https://openalex.org/w2511385060,https://doi.org/10.1080/10573569.2016.1165639,,,0,0
https://openalex.org/w2911112160,https://doi.org/10.1080/02702711.2018.1538650,,,0,0
https://openalex.org/w2137006902,https://doi.org/10.1037/a0021075,,,0,0
https://openalex.org/w2751599725,https://doi.org/10.1162/edfp_a_00269,,,0,0
https://openalex.org/w1995908820,https://doi.org/10.1080/10573560701277807,,,0,0
https://openalex.org/w2072611828,https://doi.org/10.1177/0022219409359939,,,0,0
https://openalex.org/w2742183064,https://doi.org/10.1177/0022466916686105,,,0,0
https://openalex.org/w2081802727,https://doi.org/10.1016/j.ridd.2010.12.020,,,0,0
https://openalex.org/w2076987783,https://doi.org/10.1080/09362835.2012.747184,,,0,0
https://openalex.org/w1566959531,https://doi.org/10.1002/pits.21682,,,0,0
https://openalex.org/w2055316628,https://doi.org/10.1007/s10897-012-9516-8,,,0,0
https://openalex.org/w2161569844,https://doi.org/10.1186/1479-5868-4-64,,,0,0
https://openalex.org/w419777873,https://doi.org/10.1177/1053451215585794,,,0,0
https://openalex.org/w2796014564,,,,0,0
https://openalex.org/w3043687541,https://doi.org/10.1080/19404158.2020.1792520,,,0,0
https://openalex.org/w2090555402,https://doi.org/10.1177/1053451209353444,,,0,0
https://openalex.org/w2035089672,https://doi.org/10.1080/1547688x.2013.806762,,,0,0
https://openalex.org/w2897177659,https://doi.org/10.1177/0014402918782618,,,0,0
https://openalex.org/w2920019511,https://doi.org/10.1037/spq0000317,,,0,0
https://openalex.org/w2080650200,https://doi.org/10.1016/j.compedu.2014.11.022,,,0,0
https://openalex.org/w1975204808,https://doi.org/10.1080/19388070802434907,,,0,0
https://openalex.org/w2039810888,https://doi.org/10.1080/10888438.2011.554471,,,0,1
https://openalex.org/w2999679139,https://doi.org/10.1177/2396941519896925,,,0,0
https://openalex.org/w2148460695,https://doi.org/10.1177/0271121412453175,,,0,0
https://openalex.org/w2049671728,https://doi.org/10.1177/0734282910378478,,,0,0
https://openalex.org/w2609151413,https://doi.org/10.1080/1046560x.2016.1277596,,,0,0
https://openalex.org/w3043808737,https://doi.org/10.1037/spq0000370,,,0,0
https://openalex.org/w2037517372,https://doi.org/10.1016/j.neuroimage.2010.10.057,,,0,0
https://openalex.org/w2153069899,https://doi.org/10.2190/r783-4g36-58v7-5154,,,0,0
https://openalex.org/w1897665682,https://doi.org/10.1111/j.1741-4369.2010.00548.x,,,0,0
https://openalex.org/w92792538,https://doi.org/10.5206/eei.v22i2.7698,,,0,0
https://openalex.org/w2091912653,https://doi.org/10.1007/s10803-009-0920-3,,,0,0
https://openalex.org/w2265862359,https://doi.org/10.1080/10824669.2015.1110027,,,0,0
https://openalex.org/w2035590378,https://doi.org/10.1080/10474410802022423,,,0,0
https://openalex.org/w2162658972,https://doi.org/10.1177/0741932508327465,,,0,0
https://openalex.org/w3108803585,https://doi.org/10.1177/016146811711900904,,,0,0
https://openalex.org/w2029764275,https://doi.org/10.1080/00228958.2009.10517298,,,0,0
https://openalex.org/w1798133178,https://doi.org/10.1177/019874290603100203,,,0,0
https://openalex.org/w2118540097,https://doi.org/10.1093/heapro/dan022,,,0,0
https://openalex.org/w2296344624,https://doi.org/10.1080/10573569.2015.1072067,,,0,0
https://openalex.org/w2027247782,https://doi.org/10.1080/13611267.2011.564354,,,0,0
https://openalex.org/w2940516339,https://doi.org/10.6018/cpd.338341,,,0,0
https://openalex.org/w2154234925,https://doi.org/10.1111/j.1467-9345.2008.00470.x,,,0,0
https://openalex.org/w2009775313,https://doi.org/10.11114/jets.v2i3.382,,,0,0
https://openalex.org/w2033415119,https://doi.org/10.1080/10573569.2013.758561,,,0,0
https://openalex.org/w2760196247,https://doi.org/10.1080/09362835.2017.1351367,,,0,0
https://openalex.org/w2129433409,https://doi.org/10.1177/0741932510362174,,,0,0
https://openalex.org/w2171910888,https://doi.org/10.1177/0022466912440455,,,0,0
https://openalex.org/w2007495824,https://doi.org/10.1044/2014_lshss-13-0008,,010-772-389-155-791,1,1
https://openalex.org/w1974094943,https://doi.org/10.1044/0161-1461(2010/09-0075),,,0,0
https://openalex.org/w2148388876,https://doi.org/10.1007/bf03340952,,,0,0
https://openalex.org/w2074561541,https://doi.org/10.1007/s10864-009-9086-5,,,0,0
https://openalex.org/w1513795990,,,,0,0
https://openalex.org/w2791913684,https://doi.org/10.1007/s11135-018-0730-9,,,0,0
https://openalex.org/w2606285557,https://doi.org/10.1080/10474412.2017.1293543,,,0,0
https://openalex.org/w2009261383,https://doi.org/10.1016/j.ecresq.2011.03.006,,,0,0
https://openalex.org/w2125692693,,,,0,1
https://openalex.org/w2152791497,https://doi.org/10.1017/s135561771100107x,,,0,0
https://openalex.org/w3024580785,,,,0,0
https://openalex.org/w2946284398,https://doi.org/10.1177/0731948719836173,,,0,0
https://openalex.org/w2090331053,https://doi.org/10.1080/13668250701693910,,,0,0
https://openalex.org/w2209922436,https://doi.org/10.1111/ldrp.12085,,,0,0
https://openalex.org/w2574767822,https://doi.org/10.4148/0146-9282.1026,,,0,0
https://openalex.org/w2005166570,https://doi.org/10.1016/j.compedu.2010.12.008,,,0,0
https://openalex.org/w2167154305,https://doi.org/10.55782/ane-2015-2018,,,0,0
https://openalex.org/w2992244954,,,,0,0
https://openalex.org/w1989300133,https://doi.org/10.1080/19345747.2014.909548,,,0,1
https://openalex.org/w2921774896,https://doi.org/10.1177/0731948719830346,,,0,0
https://openalex.org/w2151926681,https://doi.org/10.1177/0731948713494016,,,0,0
https://openalex.org/w2288084714,https://doi.org/10.1007/s10643-015-0757-7,,,0,0
https://openalex.org/w1898317349,https://doi.org/10.2307/27740374,,,0,0
https://openalex.org/w2029686808,https://doi.org/10.4236/psych.2014.58103,,,0,0
https://openalex.org/w2462066261,https://doi.org/10.1080/13540602.2016.1200543,,,0,0
https://openalex.org/w2726778859,https://doi.org/10.1002/dys.1560,,,0,0
https://openalex.org/w2130173936,https://doi.org/10.1080/13682820701839200,,,0,0
https://openalex.org/w2028396240,https://doi.org/10.1177/1534508412451491,,,0,0
https://openalex.org/w2959997700,https://doi.org/10.1080/10888438.2019.1631827,,,0,0
https://openalex.org/w2091365660,https://doi.org/10.1111/j.1365-2702.2012.04343.x,,,0,0
https://openalex.org/w2505119688,https://doi.org/10.1542/peds.2015-4477,,,0,0
https://openalex.org/w2945786678,https://doi.org/10.1080/10824669.2019.1615924,,,0,0
https://openalex.org/w2302290353,https://doi.org/10.1080/03004430.2016.1151419,,,0,0
https://openalex.org/w1942574452,https://doi.org/10.58680/rte20096961,,,0,0
https://openalex.org/w4254901197,https://doi.org/10.1177/004005990703900609,,,0,0
https://openalex.org/w2033095823,https://doi.org/10.1080/1034912x.2011.547355,,,0,0
https://openalex.org/w2932631188,https://doi.org/10.1080/02601370.2019.1600059,,,0,0
https://openalex.org/w2111547041,,,,0,0
https://openalex.org/w1980308733,https://doi.org/10.1007/s11145-007-9052-3,,,0,0
https://openalex.org/w245710826,,,,0,0
https://openalex.org/w821226822,https://doi.org/10.1016/j.jsp.2015.05.001,,,0,0
https://openalex.org/w2022619623,https://doi.org/10.1080/02702710701568488,,,0,0
https://openalex.org/w2018785806,https://doi.org/10.1353/etc.2011.0000,,,0,0
https://openalex.org/w2008284386,https://doi.org/10.1080/07303084.2009.10598373,,,0,0
https://openalex.org/w2316386414,https://doi.org/10.1177/0040059914534617,,,0,0
https://openalex.org/w2079925952,https://doi.org/10.1080/02702710600846902,,,0,0
https://openalex.org/w2604677481,https://doi.org/10.1177/0040059916654900,,,0,0
https://openalex.org/w2375941763,https://doi.org/10.1177/0731948715607347,,,0,0
https://openalex.org/w2092832741,https://doi.org/10.1177/001440290907500402,,,0,0
https://openalex.org/w2121046949,https://doi.org/10.1093/heapro/dam016,,,0,0
https://openalex.org/w3097564656,,,,0,0
https://openalex.org/w2094382488,https://doi.org/10.1007/s10212-013-0201-6,,,0,0
https://openalex.org/w1028388984,https://doi.org/10.1177/0022219415589847,,,0,0
https://openalex.org/w3042592948,https://doi.org/10.1044/2020_lshss-19-00053,,,0,0
https://openalex.org/w1575794012,https://doi.org/10.1177/004005990804100106,,,0,0
https://openalex.org/w3095478555,https://doi.org/10.1007/s43494-020-00009-z,,,0,0
https://openalex.org/w2007351350,https://doi.org/10.1080/19415257.2012.668858,,,0,0
https://openalex.org/w2909004969,https://doi.org/10.5206/eei.v28i3.7769,,,0,0
https://openalex.org/w2286207677,https://doi.org/10.1007/s12310-016-9175-2,,,0,0
https://openalex.org/w2158904720,https://doi.org/10.1080/09243453.2011.600534,,,0,0
https://openalex.org/w2799938463,,,,0,0
https://openalex.org/w2098172057,https://doi.org/10.5539/jel.v4n3p88,,,0,0
https://openalex.org/w2076591277,https://doi.org/10.2511/rpsd.36.1-2.1,,,0,0
https://openalex.org/w2889177365,https://doi.org/10.1080/10824669.2018.1482748,,,0,0
https://openalex.org/w2981711337,https://doi.org/10.1080/1034912x.2019.1682527,,,0,0
https://openalex.org/w2110483078,https://doi.org/10.1177/004005990603900101,,,0,0
https://openalex.org/w2413213231,,,,0,0
https://openalex.org/w2954547304,,,,0,0
https://openalex.org/w2036366806,https://doi.org/10.1080/13603116.2014.981602,,,0,0
https://openalex.org/w2915516893,https://doi.org/10.1177/0734282919831103,,,0,0
https://openalex.org/w2088697571,https://doi.org/10.1080/10409289.2010.489891,,,0,0
https://openalex.org/w2430788776,https://doi.org/10.1080/01626620.2016.1155099,,,0,0
https://openalex.org/w3008695139,https://doi.org/10.1002/jaal.984,,,0,0
https://openalex.org/w1976757696,https://doi.org/10.1207/s10824669espr110304_2,,,0,0
https://openalex.org/w2915780729,https://doi.org/10.1080/1045988x.2018.1523126,,,0,0
https://openalex.org/w1981164337,https://doi.org/10.1016/j.compedu.2007.05.010,,,0,0
https://openalex.org/w2561250367,https://doi.org/10.1353/foc.2016.0019,,,0,0
https://openalex.org/w2061898667,https://doi.org/10.1080/00405841.2014.887888,,,0,0
https://openalex.org/w2099742611,https://doi.org/10.1177/0731948713516766,,,0,0
https://openalex.org/w2548147788,https://doi.org/10.5070/b5.36084,,,0,0
https://openalex.org/w1980185298,https://doi.org/10.1080/00405840701593873,,,0,0
https://openalex.org/w2414355962,https://doi.org/10.1111/1467-9817.12076,,,0,0
https://openalex.org/w2791922996,https://doi.org/10.1080/00131911.2017.1417236,,,0,0
https://openalex.org/w2899301777,https://doi.org/10.1097/tld.0000000000000163,,,0,0
https://openalex.org/w1845404829,,,,0,0
https://openalex.org/w2903558822,https://doi.org/10.1177/0198742918808484,,,0,0
https://openalex.org/w1947160652,https://doi.org/10.1111/ldrp.12062,,,0,1
https://openalex.org/w2158413259,https://doi.org/10.1177/0022219407313585,,,0,0
https://openalex.org/w1724780298,https://doi.org/10.1080/02796015.2008.12087877,,,0,0
https://openalex.org/w2971158847,https://doi.org/10.1177/1098300719870438,,,0,0
https://openalex.org/w2049861808,https://doi.org/10.1353/etc.2012.0024,,,0,0
https://openalex.org/w2951403849,https://doi.org/10.1037/edu0000382,,,0,0
https://openalex.org/w2078998709,https://doi.org/10.1007/s11881-013-0081-0,,,0,0
https://openalex.org/w2144211308,,,,0,0
https://openalex.org/w2792914540,https://doi.org/10.1080/10824669.2018.1435283,,,0,0
https://openalex.org/w1998958020,https://doi.org/10.1177/0734282909346717,,,0,0
https://openalex.org/w2793746861,,,,0,0
https://openalex.org/w2143352469,https://doi.org/10.1177/0741932513485447,,,0,0
https://openalex.org/w2133162247,https://doi.org/10.1080/14681811003666481,,,0,0
https://openalex.org/w2564929326,,,,0,0
https://openalex.org/w91702605,,,,0,0
https://openalex.org/w2137946630,https://doi.org/10.1037/a0017821,,,0,0
https://openalex.org/w2027316490,https://doi.org/10.1080/00405841.2010.510759,,,0,0
https://openalex.org/w276635091,https://doi.org/10.46743/2160-3715/2007.1617,,,0,0
https://openalex.org/w1768603719,,,,0,0
https://openalex.org/w1822109613,https://doi.org/10.1007/s10864-015-9238-8,,,0,0
https://openalex.org/w2109082120,https://doi.org/10.1037/a0036615,,,0,0
https://openalex.org/w213724887,,,,0,0
https://openalex.org/w2960780884,https://doi.org/10.3389/fpsyg.2019.01586,,,0,0
https://openalex.org/w2095556433,https://doi.org/10.1093/cs/29.3.145,,,0,0
https://openalex.org/w343717790,https://doi.org/10.1177/875687051002900406,,,0,0
https://openalex.org/w2130681269,https://doi.org/10.14507/epaa.v20n41.2012,,,0,0
https://openalex.org/w266529982,,,,0,0
https://openalex.org/w2525232945,https://doi.org/10.1177/0022219418789377,,,0,0
https://openalex.org/w2327201652,https://doi.org/10.1177/0731948712464034,,,0,0
https://openalex.org/w2020491541,https://doi.org/10.1007/s10566-010-9113-7,,,0,0
https://openalex.org/w2539276288,https://doi.org/10.1002/jcop.21822,,,0,0
https://openalex.org/w2320006166,https://doi.org/10.1002/trtr.1433,,,0,0
https://openalex.org/w3119212885,https://doi.org/10.58464/2155-5834.1382,,,0,0
https://openalex.org/w2001787189,https://doi.org/10.1037/a0028884,,,0,0
https://openalex.org/w612011204,,,,0,0
https://openalex.org/w2517451247,https://doi.org/10.1111/1467-9817.12081,,,0,0
https://openalex.org/w2792686544,https://doi.org/10.1016/j.jsp.2018.03.001,,,0,0
https://openalex.org/w1966864034,https://doi.org/10.1080/08856257.2015.1009700,,,0,0
https://openalex.org/w1972718616,https://doi.org/10.1007/s10566-013-9215-0,,,0,0
https://openalex.org/w2118786363,https://doi.org/10.1177/0022219413487407,,,0,0
https://openalex.org/w2890992078,https://doi.org/10.1016/j.learninstruc.2018.09.002,,,0,0
https://openalex.org/w1991829694,https://doi.org/10.1021/ed100632q,,,0,0
https://openalex.org/w2981926871,https://doi.org/10.1177/0022219419881646,,,0,0
https://openalex.org/w1965779246,https://doi.org/10.1080/10573560903396876,,,0,0
https://openalex.org/w2061375725,https://doi.org/10.1080/10349120701654613,,,0,0
https://openalex.org/w1993295373,https://doi.org/10.1016/j.learninstruc.2005.12.003,,,0,0
https://openalex.org/w2110953921,https://doi.org/10.14507/epaa.v23.1655,,,0,0
https://openalex.org/w2982727931,https://doi.org/10.2505/4/sc19_057_02_49,,,0,0
https://openalex.org/w2569528459,https://doi.org/10.1177/0731948716682689,,,0,0
https://openalex.org/w1973907561,https://doi.org/10.1080/1034912x.2014.905064,,,0,0
https://openalex.org/w3012367469,https://doi.org/10.1037/edu0000425,,,0,0
https://openalex.org/w2177604113,,,,0,0
https://openalex.org/w2161664690,https://doi.org/10.1111/j.1540-5826.2011.00335.x,,,0,0
https://openalex.org/w2340983814,,,,0,0
https://openalex.org/w2592329729,,,,0,0
https://openalex.org/w2065571524,https://doi.org/10.1111/j.1540-5826.2010.00321.x,,,0,0
https://openalex.org/w2148423983,https://doi.org/10.1177/1096250611435367,,,0,0
https://openalex.org/w2118227908,https://doi.org/10.1177/1365480208091103,,,0,0
https://openalex.org/w2062919272,https://doi.org/10.1080/1475939x.2010.491234,,,0,0
https://openalex.org/w3014898936,https://doi.org/10.1080/2372966x.2020.1717372,,,0,0
https://openalex.org/w1733465467,https://doi.org/10.1016/j.ecresq.2015.08.005,,,0,0
https://openalex.org/w1999280681,https://doi.org/10.1177/0016986213500070,,,0,0
https://openalex.org/w2098054021,https://doi.org/10.1093/arclin/acq015,,,0,0
https://openalex.org/w2161993742,https://doi.org/10.1177/0265659013487742,,,0,1
https://openalex.org/w2058773248,https://doi.org/10.1207/s10824669espr110304_8,,,0,0
https://openalex.org/w2050072454,https://doi.org/10.1080/00220671.2011.638679,,,0,1
https://openalex.org/w2799937664,https://doi.org/10.3390/educsci8020061,,,0,0
https://openalex.org/w1598397343,https://doi.org/10.1177/016264340902400305,,,0,0
https://openalex.org/w2908285248,https://doi.org/10.1007/s11881-018-00170-6,,,0,0
https://openalex.org/w1990887583,https://doi.org/10.1177/0731948712472186,,,0,0
https://openalex.org/w2789447262,https://doi.org/10.1080/10824669.2018.1438202,,,0,0
https://openalex.org/w2888922834,https://doi.org/10.1037/edu0000298,,,0,0
https://openalex.org/w2103037858,https://doi.org/10.1177/0741932510362490,,,0,0
https://openalex.org/w2044327780,https://doi.org/10.1080/10474410802463296,,,0,0
https://openalex.org/w2211255194,https://doi.org/10.1007/s12564-015-9405-6,,,0,0
https://openalex.org/w2018973728,https://doi.org/10.1080/10409280701610929,,,0,0
https://openalex.org/w2133899976,https://doi.org/10.3109/07434618.2011.644579,,,0,0
https://openalex.org/w2794469590,,,,0,0
https://openalex.org/w2945391315,,,,0,0
https://openalex.org/w2791816223,https://doi.org/10.1080/15377903.2018.1443984,,,0,0
https://openalex.org/w3168696943,,,,0,0
https://openalex.org/w2896001808,https://doi.org/10.1080/13632752.2018.1530499,,,0,0
https://openalex.org/w2099358443,https://doi.org/10.1177/215416471304800106,,,0,0
https://openalex.org/w2113390936,https://doi.org/10.1002/trtr.01094,,,0,0
https://openalex.org/w1964409482,https://doi.org/10.1016/j.tate.2007.11.008,,,0,0
https://openalex.org/w2020802712,https://doi.org/10.1177/1365480214562125,,,0,0
https://openalex.org/w2069817817,https://doi.org/10.1080/09362835.2011.562095,,,0,1
https://openalex.org/w2169619660,https://doi.org/10.1177/0741932510397763,,,0,0
https://openalex.org/w2015677671,https://doi.org/10.1080/02702711.2013.843065,,,0,0
https://openalex.org/w3034873791,https://doi.org/10.1080/09362835.2020.1772070,,,0,0
https://openalex.org/w2071195435,https://doi.org/10.2307/30035543,,,0,1
https://openalex.org/w2809152296,https://doi.org/10.1080/19345747.2018.1472357,,,0,0
https://openalex.org/w2139212596,,,,0,0
https://openalex.org/w2991508064,https://doi.org/10.1016/j.lindif.2019.101807,,,0,0
https://openalex.org/w2944718704,https://doi.org/10.1080/10573569.2019.1604278,,,0,0
https://openalex.org/w2170223557,https://doi.org/10.1080/08856257.2015.1022999,,,0,0
https://openalex.org/w2531435187,https://doi.org/10.1353/etc.2016.0026,,,0,0
https://openalex.org/w1564968693,https://doi.org/10.1080/02796015.2008.12087885,,,0,0
https://openalex.org/w2304073978,https://doi.org/10.1086/662116,,,0,0
https://openalex.org/w3018660695,https://doi.org/10.1080/07303084.2020.1720871,,,0,0
https://openalex.org/w2909146794,https://doi.org/10.1007/s11881-018-00171-5,,,0,0
https://openalex.org/w2110948916,https://doi.org/10.1177/1053815115579937,,,0,0
https://openalex.org/w2073936950,https://doi.org/10.1080/15377900802487151,,,0,0
https://openalex.org/w3088731934,https://doi.org/10.1111/jcal.12488,,,0,0
https://openalex.org/w2494932441,https://doi.org/10.1080/01425692.2016.1213158,,,0,0
https://openalex.org/w2079253258,https://doi.org/10.1177/073724770603100206,,,0,0
https://openalex.org/w1963889290,https://doi.org/10.1080/1034912x.2012.654934,,,0,0
https://openalex.org/w1983084289,https://doi.org/10.1016/j.lindif.2010.06.004,,,0,0
https://openalex.org/w3001631013,https://doi.org/10.1080/14643154.2020.1718320,,,0,0
https://openalex.org/w2911494405,https://doi.org/10.1017/s0954579418001426,,,0,0
https://openalex.org/w2803058935,https://doi.org/10.1002/trtr.1702,,,0,0
https://openalex.org/w2139700561,https://doi.org/10.1007/s10972-013-9343-2,,,0,0
https://openalex.org/w2560018927,https://doi.org/10.1037/spq0000157,,,0,0
https://openalex.org/w2483564825,,,,0,0
https://openalex.org/w2977855942,https://doi.org/10.58729/2167-3454.1087,,,0,0
https://openalex.org/w2914055551,https://doi.org/10.1007/s11881-019-00176-8,,,0,0
https://openalex.org/w316140316,https://doi.org/10.1177/016146811211400402,,,0,0
https://openalex.org/w2225753200,https://doi.org/10.1177/0040059915605640,,,0,0
https://openalex.org/w2965353554,https://doi.org/10.32601/ejal.599275,,,0,0
https://openalex.org/w1926229348,https://doi.org/10.1111/j.1540-5826.2011.00334.x,,,0,0
https://openalex.org/w2766310413,https://doi.org/10.1024/1422-4917/a000548,,,0,0
https://openalex.org/w2470849945,,,,0,0
https://openalex.org/w1992287036,https://doi.org/10.1007/s11145-012-9410-7,,,0,0
https://openalex.org/w2027705976,https://doi.org/10.1177/1525740111408714,,,0,0
https://openalex.org/w2152322382,https://doi.org/10.1002/rrq.45,,,0,0
https://openalex.org/w2052360944,https://doi.org/10.1598/rt.63.1.9,,,0,0
https://openalex.org/w2125542009,https://doi.org/10.1177/0022466908314869,,,0,0
https://openalex.org/w2136101280,https://doi.org/10.1598/rt.64.4.10,,,0,0
https://openalex.org/w2090584979,https://doi.org/10.1177/1468798406066448,,,0,0
https://openalex.org/w2972910707,https://doi.org/10.1111/ldrp.12207,,,0,0
https://openalex.org/w2610400900,https://doi.org/10.1086/691605,,,0,0
https://openalex.org/w2595956534,,,,0,0
https://openalex.org/w2043424609,https://doi.org/10.1080/10573560701753195,,,0,0
https://openalex.org/w2009487401,https://doi.org/10.1080/13603110903336817,,,0,0
https://openalex.org/w2120893924,https://doi.org/10.14434/pders.v33i2.13071,,,0,0
https://openalex.org/w2762660949,,,,0,0
https://openalex.org/w1686049058,https://doi.org/10.1177/073194871003300306,,,0,0
https://openalex.org/w2120100193,,,,0,0
https://openalex.org/w2045004872,https://doi.org/10.1177/1053451208330896,,,0,0
https://openalex.org/w2586667634,,,,0,0
https://openalex.org/w1898194616,https://doi.org/10.1111/josh.12343,,,0,0
https://openalex.org/w2887653271,,,,0,0
https://openalex.org/w2037617565,https://doi.org/10.1080/1045988x.2012.674575,,,0,0
https://openalex.org/w2159813844,https://doi.org/10.1080/03004430701379009,,,0,0
https://openalex.org/w2971427637,https://doi.org/10.1044/2019_lshss-19-0007,,,0,0
https://openalex.org/w2146710049,,,,0,0
https://openalex.org/w2095038679,https://doi.org/10.1080/00313831.2014.996594,,,0,0
https://openalex.org/w635668851,https://doi.org/10.1007/s10643-015-0710-9,,,0,0
https://openalex.org/w2901347292,,,,0,0
https://openalex.org/w1915965943,https://doi.org/10.1177/0731948711421761,,,0,0
https://openalex.org/w1949443157,,,,0,0
https://openalex.org/w3044683407,https://doi.org/10.58729/2167-3454.1105,,,0,0
https://openalex.org/w2583404487,,,,0,0
https://openalex.org/w2182139102,,,,0,0
https://openalex.org/w2103568359,https://doi.org/10.1177/00224669060400020301,,,0,0
https://openalex.org/w2153707980,https://doi.org/10.1177/0731948713507263,,,0,0
https://openalex.org/w2108475709,https://doi.org/10.1002/pits.20361,,,0,0
https://openalex.org/w1560458084,,,,0,0
https://openalex.org/w2794093240,https://doi.org/10.1080/10824669.2018.1428610,,,0,0
https://openalex.org/w2085261526,https://doi.org/10.1111/j.1467-8578.2007.00459.x,,,0,0
https://openalex.org/w2923234472,https://doi.org/10.5951/teacchilmath.25.6.0378,,,0,0
https://openalex.org/w2044838987,https://doi.org/10.1177/001440290607300104,,,0,0
https://openalex.org/w2146791610,https://doi.org/10.1177/0731948712457561,,,0,0
https://openalex.org/w2150607622,https://doi.org/10.1016/j.tate.2012.10.007,,,0,0
https://openalex.org/w141677603,https://doi.org/10.46743/2160-3715/2007.1635,,,0,0
https://openalex.org/w2090244632,https://doi.org/10.1016/j.pec.2006.11.005,,,0,0
https://openalex.org/w2732983364,,,,0,0
https://openalex.org/w2138928563,https://doi.org/10.1177/1053451211406545,,,0,0
https://openalex.org/w2973610668,,,,0,0
https://openalex.org/w2117749329,https://doi.org/10.1177/0022219412451131,,,0,0
https://openalex.org/w4253831700,https://doi.org/10.1080/10888430902769509,,,0,0
https://openalex.org/w2983508014,https://doi.org/10.1080/10888438.2019.1684925,,,0,0
https://openalex.org/w10706050,https://doi.org/10.58680/ee20086689,,,0,0
https://openalex.org/w2913530946,https://doi.org/10.1080/20473869.2018.1489994,,,0,0
https://openalex.org/w2119587501,https://doi.org/10.1177/00222194070400050801,,,0,0
https://openalex.org/w1926404681,https://doi.org/10.2307/27740376,,,0,0
https://openalex.org/w2966830527,https://doi.org/10.1080/19345747.2019.1615155,,,0,0
https://openalex.org/w2940814453,https://doi.org/10.1044/2018_lshss-18-0057,,,0,0
https://openalex.org/w2559349320,https://doi.org/10.1177/1053451216676801,,,0,0
https://openalex.org/w1865803627,,,,0,0
https://openalex.org/w2900297455,https://doi.org/10.1016/j.tate.2018.10.019,,,0,0
https://openalex.org/w2509018321,,,,0,0
https://openalex.org/w1512725609,https://doi.org/10.1044/2015_jslhr-l-14-0351,,,0,0
https://openalex.org/w2263989461,https://doi.org/10.1080/19388071.2015.1061623,,,0,0
https://openalex.org/w1978349022,https://doi.org/10.1353/etc.2014.0003,,,0,0
https://openalex.org/w2959871176,https://doi.org/10.1007/s10864-019-09335-8,,,0,0
https://openalex.org/w2606247886,https://doi.org/10.1177/0040059917691043,,,0,0
https://openalex.org/w1992705490,https://doi.org/10.1007/s11145-007-9085-7,,,0,0
https://openalex.org/w2058646209,https://doi.org/10.1111/josh.12199,,,0,0
https://openalex.org/w249237961,https://doi.org/10.5206/eei.v21i1.7667,,,0,0
https://openalex.org/w1988116448,https://doi.org/10.1016/j.appdev.2006.10.004,,,0,0
https://openalex.org/w1928771067,https://doi.org/10.1111/j.1748-0361.2011.00391.x,,,0,0
https://openalex.org/w2827082126,https://doi.org/10.1177/2381336918786887,,,0,0
https://openalex.org/w2903863736,https://doi.org/10.1016/j.aap.2018.12.003,,,0,0
https://openalex.org/w2315968791,https://doi.org/10.1177/1534508416634613,,,0,0
https://openalex.org/w2587386911,,,,0,0
https://openalex.org/w215524807,https://doi.org/10.1080/02796015.2012.12087513,,,0,0
https://openalex.org/w2119788001,https://doi.org/10.1080/18146627.2015.1036566,,,0,0
https://openalex.org/w2023662195,https://doi.org/10.1016/j.ypmed.2014.07.030,,,0,0
https://openalex.org/w2473801360,https://doi.org/10.1177/016146811411601008,,,0,0
https://openalex.org/w2790290471,https://doi.org/10.1037/spq0000214,,,0,0
https://openalex.org/w2022560317,https://doi.org/10.1353/etc.0.0020,,,0,0
https://openalex.org/w2897160613,https://doi.org/10.1080/03055698.2018.1534083,,,0,0
https://openalex.org/w3000707614,https://doi.org/10.1002/jaba.677,,,0,0
https://openalex.org/w1987877432,https://doi.org/10.1007/s10643-013-0580-y,,,0,0
https://openalex.org/w2794854987,,,,0,0
https://openalex.org/w1657758115,,,,0,0
https://openalex.org/w3094626811,https://doi.org/10.1891/jcep-d-20-00015,,,0,0
https://openalex.org/w2123410926,,,,0,0
https://openalex.org/w294193597,,,,0,0
https://openalex.org/w2138227326,https://doi.org/10.1177/0022219408331039,,,0,0
https://openalex.org/w4247464090,https://doi.org/10.2307/25474653,,,0,0
https://openalex.org/w2151682234,https://doi.org/10.1353/jef.2014.a546720,,,0,0
https://openalex.org/w1980192978,https://doi.org/10.1080/03323315.2011.569086,,,0,0
https://openalex.org/w2755813992,https://doi.org/10.1080/19345747.2017.1375582,,098-784-905-915-787,1,1
https://openalex.org/w2167101672,,,,0,0
https://openalex.org/w2795367657,https://doi.org/10.1080/10409289.2018.1442096,,,0,0
https://openalex.org/w2883644522,https://doi.org/10.1007/s10798-018-9463-2,,,0,0
https://openalex.org/w2557483308,https://doi.org/10.1016/j.lindif.2016.11.008,,,0,0
https://openalex.org/w2160492349,https://doi.org/10.1300/j370v23n01_05,,,0,0
https://openalex.org/w2037085988,https://doi.org/10.1080/00220671.2010.487080,,,0,0
https://openalex.org/w1991489685,https://doi.org/10.1002/pits.20569,,,0,0
https://openalex.org/w2135546368,https://doi.org/10.3102/0034654308325998,,,0,0
https://openalex.org/w2127229284,https://doi.org/10.1037/a0033215,,,0,0
https://openalex.org/w2155639674,,,,0,0
https://openalex.org/w2972205541,https://doi.org/10.1007/s10936-019-09671-w,,,0,0
https://openalex.org/w2783213298,https://doi.org/10.1007/s10763-017-9875-6,,,0,0
https://openalex.org/w2093405488,https://doi.org/10.1080/10573560500203574,,,0,0
https://openalex.org/w2431261407,https://doi.org/10.1080/07380569.2016.1181478,,,0,0
https://openalex.org/w2770877788,https://doi.org/10.1111/ldrp.12159,,,0,0
https://openalex.org/w1975005879,https://doi.org/10.1515/ijdhd-2012-0128,,,0,0
https://openalex.org/w2048518701,https://doi.org/10.1177/0734282913475779,,,0,0
https://openalex.org/w2065083655,https://doi.org/10.5014/ajot.63.2.160,,,0,0
https://openalex.org/w1555572199,https://doi.org/10.1007/bf03393098,,,0,0
https://openalex.org/w2164514635,,,,0,0
https://openalex.org/w1985837653,https://doi.org/10.1080/07351690.2013.743757,,,0,0
https://openalex.org/w2590396276,https://doi.org/10.58729/2167-3454.1053,,,0,0
https://openalex.org/w2551264041,https://doi.org/10.18666/ldmj-2016-v21-i2-7722,,,0,0
https://openalex.org/w2111655493,https://doi.org/10.1177/001440290707400103,,,0,0
https://openalex.org/w1611825446,https://doi.org/10.1177/004005991304500605,,,0,0
https://openalex.org/w2011235330,https://doi.org/10.1016/j.chc.2007.11.004,,,0,0
https://openalex.org/w2804819354,https://doi.org/10.1037/spq0000235,,,0,0
https://openalex.org/w2599757907,https://doi.org/10.1177/1540796917698830,,,0,0
https://openalex.org/w2800825613,https://doi.org/10.1007/s11145-018-9850-9,,,0,0
https://openalex.org/w2917867838,https://doi.org/10.1007/s11423-019-09658-3,,,0,0
https://openalex.org/w2087960354,https://doi.org/10.3200/joer.101.1.24-35,,,0,0
https://openalex.org/w2049550299,https://doi.org/10.1007/s10857-014-9286-3,,,0,0
https://openalex.org/w2265140155,https://doi.org/10.1177/0014402915585483,,,0,0
https://openalex.org/w2142436149,https://doi.org/10.1177/1048371313519645,,,0,0
https://openalex.org/w3007616485,https://doi.org/10.1353/aad.2020.0005,,,0,0
https://openalex.org/w3092387800,https://doi.org/10.1177/215416472005500305,,,0,0
https://openalex.org/w2287286710,https://doi.org/10.1080/02702711.2015.1055870,,,0,0
https://openalex.org/w2327386890,https://doi.org/10.1177/0022219416633865,,,0,0
https://openalex.org/w2736301440,https://doi.org/10.1007/s11145-017-9748-y,,,0,0
https://openalex.org/w2465402440,,,,0,0
https://openalex.org/w2341537976,https://doi.org/10.1007/s11881-016-0129-z,,,0,0
https://openalex.org/w2038505926,https://doi.org/10.1002/pits.20409,,,0,0
https://openalex.org/w2072656446,https://doi.org/10.1080/10665680903489338,,,0,0
https://openalex.org/w1816465591,https://doi.org/10.1177/073194871103400106,,,0,0
https://openalex.org/w2046588062,https://doi.org/10.1097/tld.0b013e3181a72044,,,0,0
https://openalex.org/w2784010713,https://doi.org/10.1111/ldrp.12160,,,0,0
https://openalex.org/w1985875258,https://doi.org/10.1007/s10864-006-9018-6,,,0,0
https://openalex.org/w2956480094,https://doi.org/10.1002/berj.3559,,,0,0
https://openalex.org/w2968263292,https://doi.org/10.1177/0022466919869978,,,0,0
https://openalex.org/w2011244426,https://doi.org/10.1080/1034912x.2011.547351,,,0,0
https://openalex.org/w3005086359,https://doi.org/10.1016/j.compedu.2020.103834,,,0,0
https://openalex.org/w2159489395,https://doi.org/10.17105/spr44-1.41-59,,,0,0
https://openalex.org/w1784064319,https://doi.org/10.1111/mbe.12016,,,0,0
https://openalex.org/w2585877574,https://doi.org/10.1002/ab.21696,,,0,0
https://openalex.org/w1972982004,https://doi.org/10.1016/j.lindif.2012.05.010,,,0,0
https://openalex.org/w1597394138,https://doi.org/10.1080/00940771.2009.11461686,,,0,0
https://openalex.org/w2970702471,https://doi.org/10.1080/10573569.2019.1650315,,,0,0
https://openalex.org/w2345987793,https://doi.org/10.1177/1534508415624648,,,0,0
https://openalex.org/w2142957327,,,,0,0
https://openalex.org/w3041552642,https://doi.org/10.1080/2372966x.2020.1766342,,,0,0
https://openalex.org/w1989304792,https://doi.org/10.1080/10573569.2011.560482,,,0,0
https://openalex.org/w2068238430,https://doi.org/10.1080/01425692.2013.829746,,,0,0
https://openalex.org/w2314419432,https://doi.org/10.1177/004005990904100306,,,0,0
https://openalex.org/w1507375650,,,,0,0
https://openalex.org/w153513378,,,,0,0
https://openalex.org/w2992680341,,,,0,0
https://openalex.org/w2070852062,https://doi.org/10.1080/10409289.2012.664763,,,0,0
https://openalex.org/w2892925866,https://doi.org/10.1080/09297049.2018.1526271,,,0,0
https://openalex.org/w2167792110,https://doi.org/10.1016/j.earlhumdev.2010.11.010,,,0,0
https://openalex.org/w2087875143,https://doi.org/10.1177/0731948714530967,,,0,0
https://openalex.org/w2780480980,,,,0,0
https://openalex.org/w2547551117,https://doi.org/10.1002/trtr.1542,,,0,1
https://openalex.org/w2101927144,https://doi.org/10.1080/10573569.2014.891449,,,0,0
https://openalex.org/w2729420740,,,,0,0
https://openalex.org/w2107255359,https://doi.org/10.1080/10824669.2015.1030077,,,0,0
https://openalex.org/w1981107300,https://doi.org/10.1017/s095457941400131x,,,0,0
https://openalex.org/w158167438,,,,0,0
https://openalex.org/w2143076092,https://doi.org/10.1037/a0021284,,,0,0
https://openalex.org/w2894070382,https://doi.org/10.1080/02702711.2018.1515135,,,0,0
https://openalex.org/w2086048941,https://doi.org/10.1177/1059840512443261,,,0,0
https://openalex.org/w2892410055,https://doi.org/10.1080/10573569.2018.1483788,,,0,0
https://openalex.org/w2046127829,https://doi.org/10.1177/0731948712464963,,,0,0
https://openalex.org/w2019686587,https://doi.org/10.1080/10573569.2012.676351,,,0,0
https://openalex.org/w2558320435,https://doi.org/10.7202/1038605ar,,,0,0
https://openalex.org/w2725827112,,,,0,0
https://openalex.org/w1999250005,https://doi.org/10.1901/jaba.2010.43-315,,,0,0
https://openalex.org/w2022596750,https://doi.org/10.1177/0829573510391642,,,0,0
https://openalex.org/w2021643150,https://doi.org/10.1016/j.ridd.2013.05.048,,,0,0
https://openalex.org/w3088013307,https://doi.org/10.1080/01587919.2020.1821610,,,0,0
https://openalex.org/w2912339627,https://doi.org/10.1002/pits.22242,,,0,0
https://openalex.org/w2063995981,https://doi.org/10.1080/00098655.2014.897927,,,0,0
https://openalex.org/w2145460749,https://doi.org/10.1177/10883576060210010501,,,0,0
https://openalex.org/w3040688005,https://doi.org/10.31299/hrri.56.1.8,,,0,0
https://openalex.org/w2017587321,https://doi.org/10.1080/19388070902923221,,,0,0
https://openalex.org/w2340980780,https://doi.org/10.1177/1468798415622610,,,0,0
https://openalex.org/w3172420654,,,,0,0
https://openalex.org/w2502951863,https://doi.org/10.1080/03004430.2016.1187604,,,0,0
https://openalex.org/w2799919050,https://doi.org/10.1177/0895904818773901,,,0,0
https://openalex.org/w2949257700,https://doi.org/10.1177/2158244019858445,,,0,0
https://openalex.org/w2065865836,https://doi.org/10.1080/02702710802411489,,,0,0
https://openalex.org/w2910378507,https://doi.org/10.1080/10573569.2018.1548952,,,0,0
https://openalex.org/w2037825088,https://doi.org/10.1177/1059840511426147,,,0,0
https://openalex.org/w2028773537,https://doi.org/10.1007/s12671-013-0238-2,,,0,0
https://openalex.org/w2793556690,https://doi.org/10.1002/tea.21441,,,0,0
https://openalex.org/w2768575438,https://doi.org/10.1080/10573569.2017.1390808,,,0,0
https://openalex.org/w3000669632,https://doi.org/10.1080/1068316x.2019.1708357,,,0,0
https://openalex.org/w2119741574,https://doi.org/10.1162/jocn_a_00710,,,0,0
https://openalex.org/w2161858288,https://doi.org/10.1002/trtr.1418,,,0,0
https://openalex.org/w117787772,https://doi.org/10.1177/016146811011200105,,,0,0
https://openalex.org/w2115715134,https://doi.org/10.1177/0022219407313587,,,0,1
https://openalex.org/w2126729074,https://doi.org/10.3102/0034654314522131,,,0,0
https://openalex.org/w2086171004,https://doi.org/10.1080/10665684.2015.991550,,,0,0
https://openalex.org/w2142942969,,,,0,0
https://openalex.org/w2914485198,https://doi.org/10.1080/10573569.2018.1510795,,,0,0
https://openalex.org/w1977447118,https://doi.org/10.1016/j.ecresq.2015.03.006,,,0,0
https://openalex.org/w4249256646,https://doi.org/10.1097/00004583-200603000-00019,,,0,0
https://openalex.org/w2885763069,https://doi.org/10.1177/215416471805300205,,,0,0
https://openalex.org/w1578128697,https://doi.org/10.1086/665817,,,0,0
https://openalex.org/w2993524797,,,,0,0
https://openalex.org/w1866982771,https://doi.org/10.1177/073194871003300407,,,0,0
https://openalex.org/w2994026068,https://doi.org/10.1007/s13394-019-00294-x,,,0,0
https://openalex.org/w2111513154,,,,0,0
https://openalex.org/w2729245232,https://doi.org/10.21891/jeseh.325792,,,0,0
https://openalex.org/w9386951,https://doi.org/10.1177/019874290603100306,,,0,0
https://openalex.org/w2087382604,https://doi.org/10.1097/tld.0b013e31820a22b4,,,0,0
https://openalex.org/w2417478039,https://doi.org/10.1177/1534508416652070,,,0,0
https://openalex.org/w2180397372,https://doi.org/10.1111/flan.12163,,,0,0
https://openalex.org/w2145683616,https://doi.org/10.1016/j.drugalcdep.2008.01.005,,,0,0
https://openalex.org/w3005591603,https://doi.org/10.70725/897684bqegeb,,,0,0
https://openalex.org/w2039188992,https://doi.org/10.2190/h43w-1n3u-027j-07v5,,,0,0
https://openalex.org/w1771689972,https://doi.org/10.1002/trtr.1282,,,0,0
https://openalex.org/w1938232615,,,,0,0
https://openalex.org/w1974525975,https://doi.org/10.1080/13603110500221495,,,0,0
https://openalex.org/w2891086319,https://doi.org/10.1177/0014402918796164,,,0,0
https://openalex.org/w2160248184,https://doi.org/10.1080/10409280903507261,,,0,0
https://openalex.org/w2085358407,https://doi.org/10.1044/0161-1461(2007/010),,,0,0
https://openalex.org/w3083932948,https://doi.org/10.1080/02568543.2020.1809577,,,0,0
https://openalex.org/w2098489733,https://doi.org/10.1002/trtr.1154,,,0,0
https://openalex.org/w2046528151,https://doi.org/10.1002/pits.21596,,,0,0
https://openalex.org/w2008813374,https://doi.org/10.1007/s10972-014-9406-z,,,0,0
https://openalex.org/w2556078919,https://doi.org/10.1002/rrq.171,,,0,0
https://openalex.org/w2602002481,https://doi.org/10.1080/10824669.2017.1295861,,,0,0
https://openalex.org/w3025276781,https://doi.org/10.53308/ide.v6i2.66,,,0,0
https://openalex.org/w2047095918,https://doi.org/10.1111/j.1540-5826.2006.00222.x,,,0,0
https://openalex.org/w2913793906,https://doi.org/10.1111/ldrp.12193,,,0,0
https://openalex.org/w2913094321,https://doi.org/10.1037/edu0000337,,,0,0
https://openalex.org/w3007338644,https://doi.org/10.1111/ldrp.12216,,,0,0
https://openalex.org/w2026383775,https://doi.org/10.1044/0161-1461(2012/12-0042),,,0,1
https://openalex.org/w2159052265,https://doi.org/10.1177/0022219414538520,,,0,0
https://openalex.org/w2378248426,https://doi.org/10.17105/spr45-1.73-92,,,0,0
https://openalex.org/w2067091308,https://doi.org/10.1007/s12564-014-9349-2,,,0,0
https://openalex.org/w1541826369,https://doi.org/10.1080/15289168.2015.1014990,,,0,0
https://openalex.org/w2948829072,https://doi.org/10.1007/s10826-019-01462-0,,,0,0
https://openalex.org/w2466058221,https://doi.org/10.1080/1045988x.2016.1196643,,,0,0
https://openalex.org/w2338999690,https://doi.org/10.1177/0022219415605194,,,0,0
https://openalex.org/w164634830,https://doi.org/10.1080/02796015.2014.12087454,,,0,0
https://openalex.org/w2111402935,https://doi.org/10.1080/00220671.2011.629693,,,0,1
https://openalex.org/w2974376707,,,,0,0
https://openalex.org/w2568334263,https://doi.org/10.1016/j.ridd.2016.12.003,,,0,0
https://openalex.org/w2618911696,https://doi.org/10.1080/03004430.2017.1328416,,,0,0
https://openalex.org/w2942728338,https://doi.org/10.1024/1422-4917/a000662,,,0,0
https://openalex.org/w2789702910,https://doi.org/10.58729/2167-3454.1063,,,0,0
https://openalex.org/w2038484961,https://doi.org/10.1080/10573569.2014.951502,,,0,0
https://openalex.org/w1985327385,https://doi.org/10.1016/j.ecresq.2006.05.001,,,0,0
https://openalex.org/w121786009,,,,0,0
https://openalex.org/w2132805506,https://doi.org/10.1016/j.neuropsychologia.2007.01.009,,,0,0
https://openalex.org/w2072421055,https://doi.org/10.1177/0022219412442170,,,0,0
https://openalex.org/w1845558752,https://doi.org/10.1111/j.2044-8279.2011.02053.x,,,0,0
https://openalex.org/w2182605385,https://doi.org/10.1177/1942775115584013,,,0,0
https://openalex.org/w2593787745,https://doi.org/10.1177/0022219417691835,,,0,0
https://openalex.org/w2159705377,https://doi.org/10.1080/15374416.2012.680189,,,0,0
https://openalex.org/w2519453529,https://doi.org/10.1080/02667363.2016.1206848,,,0,0
https://openalex.org/w1986554548,https://doi.org/10.1080/19388070902875173,,015-159-174-980-379,1,1
https://openalex.org/w1988048078,https://doi.org/10.1016/j.earlhumdev.2014.09.011,,,0,0
https://openalex.org/w1994555167,https://doi.org/10.1177/1534508409333879,,,0,0
https://openalex.org/w1580012532,https://doi.org/10.1080/02796015.2008.12087912,,,0,0
https://openalex.org/w2789780036,https://doi.org/10.1159/000484139,,,0,0
https://openalex.org/w2022180857,https://doi.org/10.1177/0731948714526999,,,0,0
https://openalex.org/w3006148395,,,,0,0
https://openalex.org/w2007941360,https://doi.org/10.1016/j.jaac.2010.03.018,,,0,0
https://openalex.org/w2589985750,https://doi.org/10.1007/s40617-017-0174-z,,,0,0
https://openalex.org/w2108631932,https://doi.org/10.1080/02796015.2010.12087787,,,0,0
https://openalex.org/w2088160039,https://doi.org/10.1353/aad.0.0113,,,0,0
https://openalex.org/w2981923560,https://doi.org/10.1007/s11145-019-09988-x,,,0,0
https://openalex.org/w1480661868,,,,0,0
https://openalex.org/w2950231534,https://doi.org/10.1080/09650792.2019.1627229,,,0,0
https://openalex.org/w2336192095,https://doi.org/10.1177/0022219416635068,,,0,0
https://openalex.org/w2954621638,https://doi.org/10.1111/josh.12805,,,0,0
https://openalex.org/w1994308998,https://doi.org/10.1080/19388070902943245,,,0,0
https://openalex.org/w2581304680,https://doi.org/10.1080/1045988x.2016.1275504,,,0,0
https://openalex.org/w2946919677,https://doi.org/10.1177/8756870519847466,,,0,0
https://openalex.org/w2010901482,https://doi.org/10.1016/j.ridd.2012.08.022,,,0,0
https://openalex.org/w1994996839,https://doi.org/10.1111/j.1540-5826.2012.00353.x,,,0,0
https://openalex.org/w3126050271,https://doi.org/10.1177/016146811711900903,,,0,0
https://openalex.org/w15377408,https://doi.org/10.1177/0145482x1310700105,,,0,0
https://openalex.org/w2616712556,https://doi.org/10.1007/s40688-017-0132-3,,,0,0
https://openalex.org/w2110160181,https://doi.org/10.2752/175303713x13534238631560,,,0,0
https://openalex.org/w3025859810,,,,0,0
https://openalex.org/w2770812077,https://doi.org/10.1007/s10648-017-9429-z,,,0,0
https://openalex.org/w1967687286,https://doi.org/10.1177/0022219414529334,,,0,0
https://openalex.org/w2464980995,https://doi.org/10.1177/2332858418799085,,,0,0
https://openalex.org/w2473229376,https://doi.org/10.1080/00219266.2016.1202489,,,0,0
https://openalex.org/w2157063236,https://doi.org/10.1007/s11145-013-9433-8,,,0,0
https://openalex.org/w2573291471,https://doi.org/10.1111/jnu.12277,,,0,0
https://openalex.org/w2132371499,https://doi.org/10.1080/10862960709336757,,,0,0
https://openalex.org/w2034728895,https://doi.org/10.1080/10573569.2011.532722,,,0,0
https://openalex.org/w2900348454,https://doi.org/10.1111/josh.12703,,,0,0
https://openalex.org/w1928719087,,,,0,0
https://openalex.org/w2953850879,https://doi.org/10.1002/cad.20302,,,0,0
https://openalex.org/w2006965231,https://doi.org/10.1080/19404150802093703,,,0,0
https://openalex.org/w2789453089,https://doi.org/10.1080/02568543.2017.1418771,,115-132-957-497-24X,1,1
https://openalex.org/w3015699427,https://doi.org/10.1016/j.jsp.2020.01.003,,,0,0
https://openalex.org/w1510656324,https://doi.org/10.1086/510653,,,0,0
https://openalex.org/w2981191698,https://doi.org/10.1177/1088357619881216,,,0,0
https://openalex.org/w2949416018,https://doi.org/10.1558/wap.30045,,,0,0
https://openalex.org/w2562874745,https://doi.org/10.1515/ijdhd-2015-0007,,,0,0
https://openalex.org/w2020247141,https://doi.org/10.1080/10573569.2012.702040,,,0,0
https://openalex.org/w2908718979,https://doi.org/10.1080/00094056.2019.1565806,,,0,0
https://openalex.org/w2973212165,https://doi.org/10.3102/0002831219872977,,,0,0
https://openalex.org/w2464511884,https://doi.org/10.1086/683986,,,0,0
https://openalex.org/w2608466656,https://doi.org/10.1007/s11145-017-9743-3,,,0,0
https://openalex.org/w2064951067,https://doi.org/10.1002/pits.20557,,,0,0
https://openalex.org/w2792798494,https://doi.org/10.1080/03323315.2018.1449001,,,0,0
https://openalex.org/w2949864049,,,,0,0
https://openalex.org/w2756485056,https://doi.org/10.1177/0741932517727865,,,0,0
https://openalex.org/w2890708921,https://doi.org/10.1037/rep0000237,,,0,0
https://openalex.org/w2008926507,https://doi.org/10.1300/j029v16n04_01,,,0,0
https://openalex.org/w1546871054,https://doi.org/10.1002/pam.21658,,,0,0
https://openalex.org/w2808504455,https://doi.org/10.1186/s12888-018-1769-9,,,0,0
https://openalex.org/w157989156,,,,0,0
https://openalex.org/w1954911987,https://doi.org/10.1111/j.1471-3802.2011.01227.x,,,0,0
https://openalex.org/w2140431480,,,,0,0
https://openalex.org/w2619711963,https://doi.org/10.1080/19463014.2017.1328701,,,0,0
https://openalex.org/w2027047057,https://doi.org/10.1080/10573560802683531,,,0,0
https://openalex.org/w1964786913,https://doi.org/10.3102/0091732x08328267,,,0,0
https://openalex.org/w2282648574,https://doi.org/10.1080/10573569.2014.986592,,,0,1
https://openalex.org/w1269948090,,,,0,0
https://openalex.org/w2751483675,https://doi.org/10.1177/0145482x1711100403,,,0,0
https://openalex.org/w1967467695,https://doi.org/10.1080/10573561003769582,,,0,0
https://openalex.org/w2052536421,https://doi.org/10.1080/13682820600693013,,,0,0
https://openalex.org/w3082255527,https://doi.org/10.1111/fcsr.12375,,,0,0
https://openalex.org/w1963858852,https://doi.org/10.1177/030802260606900507,,,0,0
https://openalex.org/w2578724434,https://doi.org/10.1177/016146811611801104,,,0,0
https://openalex.org/w1526799468,,,,0,0
https://openalex.org/w3002641459,https://doi.org/10.37134/saecj.vol8.no2.2.2019,,,0,0
https://openalex.org/w2922035563,https://doi.org/10.1891/1945-8959.17.2.164,,,0,0
https://openalex.org/w2614658905,https://doi.org/10.1080/10888438.2017.1318393,,,0,0
https://openalex.org/w3023153311,https://doi.org/10.1177/0040059920906455,,,0,0
https://openalex.org/w1985634625,https://doi.org/10.1080/10573569.2012.702044,,,0,0
https://openalex.org/w3005246669,https://doi.org/10.1177/0022466920903114,,,0,0
https://openalex.org/w2075185500,https://doi.org/10.1080/1034912x.2014.932579,,,0,0
https://openalex.org/w3082502866,,,,0,0
https://openalex.org/w2017350900,https://doi.org/10.1016/j.lindif.2011.01.008,,,0,0
https://openalex.org/w1556155604,https://doi.org/10.1080/00043125.2009.11519037,,,0,0
https://openalex.org/w2760515545,https://doi.org/10.5330/1096-2409-21.1.37,,,0,0
https://openalex.org/w2165634534,https://doi.org/10.1177/1540796914534634,,,0,0
https://openalex.org/w1495926367,,,,0,0
https://openalex.org/w2152859347,https://doi.org/10.1177/00222194060390010601,,,0,0
https://openalex.org/w3044602830,https://doi.org/10.58729/2167-3454.1107,,,0,0
https://openalex.org/w3025560706,https://doi.org/10.34190/jel.17.3.004,,,0,0
https://openalex.org/w2166257460,https://doi.org/10.1177/0741932510361265,,,0,0
https://openalex.org/w2973191219,https://doi.org/10.1177/0888406419873060,,,0,0
https://openalex.org/w2790318759,https://doi.org/10.1177/1525740118763063,,,0,0
https://openalex.org/w1975079263,https://doi.org/10.3200/tchs.82.6.275-280,,,0,0
https://openalex.org/w2020415648,https://doi.org/10.1177/1098300713484064,,,0,0
https://openalex.org/w1966962104,https://doi.org/10.1037/h0100329,,,0,0
https://openalex.org/w2083478896,https://doi.org/10.1007/s11881-012-0073-5,,,0,0
https://openalex.org/w1975756742,https://doi.org/10.1007/s10864-011-9145-6,,,0,0
https://openalex.org/w2994976256,https://doi.org/10.1007/s12310-019-09353-x,,,0,0
https://openalex.org/w240902425,https://doi.org/10.1007/s11145-016-9694-0,,,0,0
https://openalex.org/w2111642540,https://doi.org/10.3102/0034654310364063,,,0,0
https://openalex.org/w2154854423,https://doi.org/10.1016/j.lindif.2009.07.005,,,0,0
https://openalex.org/w2150651371,https://doi.org/10.1177/1053451210389606,,,0,0
https://openalex.org/w2797721580,https://doi.org/10.1037/spq0000256,,,0,0
https://openalex.org/w2132148014,https://doi.org/10.1177/02711214070270020301,,,0,0
https://openalex.org/w2563783257,https://doi.org/10.1037/dev0000268,,,0,0
https://openalex.org/w2470323238,https://doi.org/10.1111/1467-9604.12123,,,0,0
https://openalex.org/w1997113666,https://doi.org/10.1007/s10643-015-0693-6,,,0,0
https://openalex.org/w2274752056,https://doi.org/10.1080/24727466.2014.11790337,,,0,0
https://openalex.org/w2047296058,https://doi.org/10.1080/10349120701330503,,,0,0
https://openalex.org/w1804519343,https://doi.org/10.1080/09362835.2015.1064417,,,0,0
https://openalex.org/w2164201068,https://doi.org/10.1177/1088357613475811,,,0,0
https://openalex.org/w2754113559,https://doi.org/10.1080/10573569.2017.1357156,,,0,0
https://openalex.org/w2041508766,https://doi.org/10.1177/1525740112455432,,,0,0
https://openalex.org/w2602788021,https://doi.org/10.1177/1086296x17699856,,,0,0
https://openalex.org/w2511971569,https://doi.org/10.1016/j.appet.2016.08.098,,,0,0
https://openalex.org/w2014091809,https://doi.org/10.1598/rt.60.4.9,,,0,0
https://openalex.org/w2918542084,https://doi.org/10.1177/0145482x19833801,,,0,0
https://openalex.org/w3025146580,https://doi.org/10.1177/0829573520916610,,,0,0
https://openalex.org/w1979122639,https://doi.org/10.1080/00220270500363703,,,0,0
https://openalex.org/w167028811,https://doi.org/10.1177/016146810911100806,,,0,0
https://openalex.org/w2131434411,https://doi.org/10.1177/0022219412459354,,,0,0
https://openalex.org/w2791146315,,,,0,0
https://openalex.org/w1996914748,https://doi.org/10.1177/1534508411413913,,,0,0
https://openalex.org/w201533117,,,,0,0
https://openalex.org/w2146928041,https://doi.org/10.1111/j.1469-7610.2011.02418.x,,,0,0
https://openalex.org/w2007288125,https://doi.org/10.1080/08856250701430919,,,0,0
https://openalex.org/w1504854462,https://doi.org/10.1177/019874291003600303,,,0,0
https://openalex.org/w1999144576,https://doi.org/10.1177/1534508411407761,,,0,0
https://openalex.org/w2282709391,,,,0,0
https://openalex.org/w2781054985,https://doi.org/10.64546/jaasep.150,,,0,0
https://openalex.org/w2048380695,https://doi.org/10.1177/001440290807400204,,,0,1
https://openalex.org/w2150777288,https://doi.org/10.1080/19388070802226329,,,0,0
https://openalex.org/w2272013747,https://doi.org/10.1080/10573569.2014.973984,,,0,0
https://openalex.org/w2325739178,https://doi.org/10.1177/0731948715580437,,,0,0
https://openalex.org/w1990090606,https://doi.org/10.1207/s15324818ame2001_5,,,0,0
https://openalex.org/w2133700044,https://doi.org/10.5430/wje.v1n2p161,,,0,0
https://openalex.org/w1605292493,,,,0,0
https://openalex.org/w1988088553,https://doi.org/10.1080/19345747.2010.530127,,,0,1
https://openalex.org/w2340692742,https://doi.org/10.1177/0741932516644054,,,0,0
https://openalex.org/w2513649784,https://doi.org/10.1177/0162643416660834,,,0,0
https://openalex.org/w2031736512,https://doi.org/10.1080/09362830801981369,,,0,0
https://openalex.org/w2984021822,https://doi.org/10.1111/jcal.12400,,,0,0
https://openalex.org/w2589549524,https://doi.org/10.1177/215416471605100403,,,0,0
https://openalex.org/w2612895953,https://doi.org/10.1177/0022219417708171,,,0,0
https://openalex.org/w2344511175,https://doi.org/10.14689/ejer.2016.63.13,,,0,0
https://openalex.org/w2052025220,https://doi.org/10.1177/1534508412456729,,,0,0
https://openalex.org/w2902619482,https://doi.org/10.1097/jan.0000000000000254,,,0,0
https://openalex.org/w2889158814,https://doi.org/10.1002/tea.21468,,,0,0
https://openalex.org/w1994229793,https://doi.org/10.1159/000375504,,,0,0
https://openalex.org/w2981026553,https://doi.org/10.1044/2019_ajslp-18-0299,,,0,0
https://openalex.org/w2045914557,https://doi.org/10.1037/a0033826,,,0,0
https://openalex.org/w2127734407,https://doi.org/10.1177/1098300709332067,,,0,0
https://openalex.org/w3016275208,https://doi.org/10.1080/2331186x.2020.1748469,,,0,0
https://openalex.org/w1976389212,https://doi.org/10.1016/j.tate.2006.11.009,,,0,0
https://openalex.org/w2131730776,https://doi.org/10.1177/0022219413495451,,,0,0
https://openalex.org/w2794722584,https://doi.org/10.3102/0162373718764828,,,0,0
https://openalex.org/w2598936590,https://doi.org/10.1111/bjep.12154,,,0,0
https://openalex.org/w1980545843,https://doi.org/10.1080/13502930701679734,,,0,0
https://openalex.org/w2003450747,https://doi.org/10.1177/15345084070320040201,,,0,0
https://openalex.org/w1988109928,https://doi.org/10.1002/pits.21618,,,0,0
https://openalex.org/w2006233021,https://doi.org/10.1016/j.appdev.2012.07.005,,,0,0
https://openalex.org/w2022573109,https://doi.org/10.1080/13670050.2013.866626,,,0,0
https://openalex.org/w2136449218,https://doi.org/10.3102/0034654310377087,,,0,0
https://openalex.org/w2994231917,,,,0,0
https://openalex.org/w2069217297,https://doi.org/10.1080/09362835.2014.865952,,042-422-612-150-901,1,1
https://openalex.org/w2018982139,https://doi.org/10.1044/0161-1461(2009/08-0037),,,0,0
https://openalex.org/w2516574553,https://doi.org/10.1080/00940771.2016.1202654,,,0,0
https://openalex.org/w2038472154,https://doi.org/10.1080/19404158.2011.586711,,,0,0
https://openalex.org/w1987299263,https://doi.org/10.1598/rt.64.4.6,,,0,0
https://openalex.org/w2027384466,https://doi.org/10.1080/1034912x.2014.878538,,,0,0
https://openalex.org/w1932253182,https://doi.org/10.2307/27740365,,,0,0
https://openalex.org/w2480719618,https://doi.org/10.1111/jpc.13169,,,0,0
https://openalex.org/w2766179363,https://doi.org/10.1007/s11145-017-9788-3,,,0,0
https://openalex.org/w1964953155,https://doi.org/10.1080/19404158.2014.979525,,,0,0
https://openalex.org/w2561193009,,,,0,0
https://openalex.org/w2019862803,https://doi.org/10.1111/bjep.12020,,,0,0
https://openalex.org/w1982899715,https://doi.org/10.3200/psfl.53.2.113-128,,,0,0
https://openalex.org/w2273069575,,,,0,0
https://openalex.org/w1939075394,https://doi.org/10.1007/s10643-015-0747-9,,,0,0
https://openalex.org/w3023573882,https://doi.org/10.3102/0162373716685824,,,0,0
https://openalex.org/w2944199270,https://doi.org/10.1177/1053451219842237,,,0,0
https://openalex.org/w1594287884,https://doi.org/10.4148/0146-9282.1153,,,0,0
https://openalex.org/w1988744099,https://doi.org/10.4018/ijgbl.2012100105,,,0,0
https://openalex.org/w2047622623,https://doi.org/10.1016/j.childyouth.2010.08.030,,,0,0
https://openalex.org/w1539225021,,,,0,0
https://openalex.org/w2588218345,https://doi.org/10.1177/0162643417690606,,,0,0
https://openalex.org/w2791021024,https://doi.org/10.1080/10824669.2018.1438898,,,0,0
https://openalex.org/w2155209799,https://doi.org/10.1177/215416471304800308,,,0,0
https://openalex.org/w2897569448,https://doi.org/10.1080/10824669.2018.1496023,,,0,0
https://openalex.org/w110323738,,,,0,0
https://openalex.org/w1976413287,https://doi.org/10.1080/19404158.2011.605154,,,0,0
https://openalex.org/w2993170119,https://doi.org/10.58464/2155-5834.1274,,,0,0
https://openalex.org/w2734967473,,,,0,0
https://openalex.org/w2584992767,https://doi.org/10.1177/0731948717690141,,,0,0
https://openalex.org/w3012433662,,,,0,0
https://openalex.org/w2160625785,https://doi.org/10.1177/1098300712457421,,,0,0
https://openalex.org/w3008890521,https://doi.org/10.32865/fire202061179,,,0,0
https://openalex.org/w2914586691,https://doi.org/10.1007/s11881-018-00174-2,,,0,0
https://openalex.org/w3216340157,https://doi.org/10.1079/hai.2020.0019,,,0,0
https://openalex.org/w1913203997,https://doi.org/10.1007/s12646-013-0225-7,,,0,0
https://openalex.org/w2294558673,https://doi.org/10.1080/19388071.2016.1135390,,,0,0
https://openalex.org/w2033144462,https://doi.org/10.1598/rt.61.1.10,,,0,0
https://openalex.org/w2767631160,https://doi.org/10.1002/trtr.1655,,,0,0
https://openalex.org/w2165577924,https://doi.org/10.1016/j.ecresq.2011.02.001,,,0,0
https://openalex.org/w2736211082,https://doi.org/10.1016/j.jsp.2017.05.001,,,0,0
https://openalex.org/w2119991486,https://doi.org/10.1177/001440290807500105,,,0,0
https://openalex.org/w1982400421,https://doi.org/10.1177/0731948714566120,,,0,0
https://openalex.org/w95964791,https://doi.org/10.5555/muvo.11.1.h4643n0242235427,,,0,0
https://openalex.org/w3042802935,https://doi.org/10.1044/2020_lshss-19-00050,,,0,0
https://openalex.org/w1990846995,https://doi.org/10.1080/10573569.2012.632736,,,0,0
https://openalex.org/w344564428,,,,0,0
https://openalex.org/w1558762577,https://doi.org/10.1002/dys.437,,,0,0
https://openalex.org/w2010520810,https://doi.org/10.1080/13611267.2013.855861,,,0,0
https://openalex.org/w15333316,https://doi.org/10.2105/ajph.94.9.1567,,,0,0
https://openalex.org/w2543777646,https://doi.org/10.1097/tld.0000000000000102,,,0,0
https://openalex.org/w2080887421,https://doi.org/10.1002/pits.20280,,,0,0
https://openalex.org/w2004765035,https://doi.org/10.1016/j.jsp.2005.12.003,,,0,0
https://openalex.org/w2131783428,https://doi.org/10.3102/0034654307309917,,,0,0
https://openalex.org/w1573975950,https://doi.org/10.1177/105268461002000107,,,0,0
https://openalex.org/w1145301439,https://doi.org/10.1080/10888691.2015.1074050,,,0,0
https://openalex.org/w2083207450,https://doi.org/10.1016/j.ecresq.2007.03.001,,,0,0
https://openalex.org/w2100227371,https://doi.org/10.1002/j.1556-6678.2011.tb00083.x,,,0,0
https://openalex.org/w2901926443,,,,0,0
https://openalex.org/w2414838980,https://doi.org/10.17499/jsser.16693,,,0,0
https://openalex.org/w3116219402,,,,0,0
https://openalex.org/w2045605390,https://doi.org/10.1177/001440291107700205,,,0,0
https://openalex.org/w2763710378,https://doi.org/10.1007/s10826-017-0878-2,,,0,0
https://openalex.org/w2099502473,https://doi.org/10.1207/s15326942dn2901_12,,,0,0
https://openalex.org/w2013085265,https://doi.org/10.1080/02568543.2012.712084,,,0,0
https://openalex.org/w2472740899,,,,0,0
https://openalex.org/w2603961178,https://doi.org/10.3389/fpsyg.2017.00425,,,0,0
https://openalex.org/w1936711476,,,,0,0
https://openalex.org/w2300134543,https://doi.org/10.1007/s11145-016-9627-y,,,0,0
https://openalex.org/w3021145748,https://doi.org/10.1044/2020_lshss-19-00087,,,0,0
https://openalex.org/w5480900,https://doi.org/10.5951/tcm.16.4.0238,,,0,0
https://openalex.org/w2000888539,https://doi.org/10.1177/1053451211423814,,,0,0
https://openalex.org/w2745700252,https://doi.org/10.1037/spq0000220,,,0,0
https://openalex.org/w1975430662,https://doi.org/10.1080/02568543.2011.580211,,,0,0
https://openalex.org/w2128290354,https://doi.org/10.1007/s11145-013-9452-5,,,0,1
https://openalex.org/w2989910799,https://doi.org/10.1007/s11881-019-00188-4,,,0,0
https://openalex.org/w1503746290,,,,0,0
https://openalex.org/w2596785805,https://doi.org/10.18844/wjet.v9i1.993,,,0,0
https://openalex.org/w1970611219,https://doi.org/10.1037/a0014701,,,0,0
https://openalex.org/w3003363936,https://doi.org/10.14507/epaa.28.4200,,,0,0
https://openalex.org/w2151060985,https://doi.org/10.1177/0022466907312895,,,0,0
https://openalex.org/w2793832866,https://doi.org/10.64546/jaasep.300,,,0,0
https://openalex.org/w1499892995,https://doi.org/10.14507/epaa.v23.1716,,,0,0
https://openalex.org/w2000844022,https://doi.org/10.1080/10901027.2011.622244,,,0,0
https://openalex.org/w2970305224,https://doi.org/10.1016/j.erap.2019.100471,,,0,0
https://openalex.org/w3117329629,https://doi.org/10.26858/ijole.v4i3.14758,,,0,0
https://openalex.org/w1702637883,https://doi.org/10.1086/661525,,,0,0
https://openalex.org/w2061456160,https://doi.org/10.1016/j.lindif.2012.09.008,,,0,0
https://openalex.org/w2293177410,,,,0,0
https://openalex.org/w1522806294,https://doi.org/10.1080/02796015.2007.12087951,,,0,0
https://openalex.org/w2606493772,https://doi.org/10.1080/10824669.2017.1286591,,,0,1
https://openalex.org/w2068422853,https://doi.org/10.1111/j.1540-5826.2007.00261.x,,,0,0
https://openalex.org/w1990422122,https://doi.org/10.1007/s10862-014-9418-1,,,0,0
https://openalex.org/w2769318517,https://doi.org/10.1080/15377903.2017.1394949,,,0,0
https://openalex.org/w2778769750,https://doi.org/10.1037/edu0000252,,,0,0
https://openalex.org/w1545705608,,,,0,0
https://openalex.org/w2094631718,https://doi.org/10.17105/spr44-1.60-75,,,0,0
https://openalex.org/w2239162705,,,,0,0
https://openalex.org/w1491923166,https://doi.org/10.1163/9789401206815_010,,,0,0
https://openalex.org/w2992418317,,,,0,0
https://openalex.org/w1487641834,,,,0,0
https://openalex.org/w2962309160,https://doi.org/10.3102/0002831219861945,,,0,0
https://openalex.org/w2108228108,https://doi.org/10.1177/1098214006291103,,,0,0
https://openalex.org/w2953551100,https://doi.org/10.1002/cad.20303,,,0,0
https://openalex.org/w2074029565,https://doi.org/10.1016/j.jcomdis.2010.05.004,,,0,0
https://openalex.org/w2021534313,https://doi.org/10.1007/s10583-012-9177-0,,,0,0
https://openalex.org/w2122728652,https://doi.org/10.1177/0016986215569275,,,0,0
https://openalex.org/w1500700422,,,,0,0
https://openalex.org/w1970910713,https://doi.org/10.1177/1534508407313242,,,0,0
https://openalex.org/w2341795222,https://doi.org/10.1080/10714413.2015.1091258,,,0,0
https://openalex.org/w2502402433,https://doi.org/10.1002/rrq.156,,,0,0
https://openalex.org/w2674077699,https://doi.org/10.13189/ujer.2017.050704,,,0,0
https://openalex.org/w2136687421,https://doi.org/10.1111/j.1540-5826.2010.00316.x,,,0,1
https://openalex.org/w61638476,https://doi.org/10.1177/019874290603100207,,,0,0
https://openalex.org/w1539726905,,,,0,0
https://openalex.org/w2353680003,https://doi.org/10.1086/686304,,,0,0
https://openalex.org/w2107978159,https://doi.org/10.1016/j.addbeh.2005.12.006,,,0,0
https://openalex.org/w2085454277,https://doi.org/10.1080/19388070802226238,,,0,1
https://openalex.org/w2091940757,https://doi.org/10.1002/jaal.157,,,0,0
https://openalex.org/w2407588600,https://doi.org/10.1177/0162643416650024,,,0,0
https://openalex.org/w2811493274,https://doi.org/10.1007/s10802-018-0451-5,,,0,0
https://openalex.org/w1495083208,,,,0,0
https://openalex.org/w1968472225,https://doi.org/10.14448/jsesd.04.0003,,,0,0
https://openalex.org/w2041853698,https://doi.org/10.1177/0022219408317859,,,0,1
https://openalex.org/w2548281137,https://doi.org/10.1177/0734282916676130,,,0,0
https://openalex.org/w2015260107,https://doi.org/10.1159/000326911,,,0,0
https://openalex.org/w2142264991,https://doi.org/10.1177/1098214012452715,,,0,0
https://openalex.org/w2733801959,,,,0,0
https://openalex.org/w2607344221,https://doi.org/10.1080/15235882.2017.1309719,,,0,0
https://openalex.org/w2521118696,https://doi.org/10.18546/lre.14.2.02,,,0,0
https://openalex.org/w2993311781,,,,0,0
https://openalex.org/w2048923170,https://doi.org/10.1080/00094056.2009.10521383,,,0,0
https://openalex.org/w2131307419,https://doi.org/10.1111/j.1469-7610.2007.01837.x,,,0,0
https://openalex.org/w2051704163,https://doi.org/10.1097/00011363-200607000-00008,,,0,0
https://openalex.org/w2336090434,https://doi.org/10.1177/0022219416642188,,,0,0
https://openalex.org/w1551050774,,,,0,0
https://openalex.org/w2318127669,https://doi.org/10.1177/0741932516631115,,,0,0
https://openalex.org/w2898258720,https://doi.org/10.1037/edu0000311,,,0,0
https://openalex.org/w3049540419,https://doi.org/10.1080/03054985.2020.1793545,,,0,0
https://openalex.org/w1976156977,https://doi.org/10.1177/0734282910385645,,,0,0
https://openalex.org/w2207010959,,,,0,0
https://openalex.org/w2414624888,https://doi.org/10.1080/19345747.2015.1116032,,,0,0
https://openalex.org/w2548350388,,,,0,0
https://openalex.org/w2500715884,https://doi.org/10.1177/0014402916651846,,,0,0
https://openalex.org/w2089387164,https://doi.org/10.1016/j.lindif.2008.04.004,,,0,0
https://openalex.org/w2153880012,,,,0,0
https://openalex.org/w2155694724,https://doi.org/10.1093/sw/sws049,,,0,0
https://openalex.org/w2777377596,https://doi.org/10.1177/8756870517748662,,,0,0
https://openalex.org/w1979633911,https://doi.org/10.1177/1053451210376359,,,0,0
https://openalex.org/w2589996590,https://doi.org/10.64546/jaasep.301,,,0,0
https://openalex.org/w2156361537,https://doi.org/10.1177/1534508411430321,,,0,0
https://openalex.org/w2093371775,https://doi.org/10.1016/j.ridd.2012.07.003,,,0,0
https://openalex.org/w2334347878,https://doi.org/10.1177/0013124513508979,,,0,0
https://openalex.org/w2160516091,https://doi.org/10.1177/1088357614559212,,,0,0
https://openalex.org/w2580370231,https://doi.org/10.1177/1090198116684757,,,0,0
https://openalex.org/w88322315,,,,0,0
https://openalex.org/w2978290517,https://doi.org/10.1177/8756870519873873,,,0,0
https://openalex.org/w2106170520,https://doi.org/10.1146/annurev.psych.093008.100412,,,0,0
https://openalex.org/w2146443549,https://doi.org/10.1177/0022219412442155,,,0,0
https://openalex.org/w2104376403,https://doi.org/10.1177/0022219412442150,,,0,0
https://openalex.org/w2898238898,https://doi.org/10.1177/0022466918806494,,,0,0
https://openalex.org/w2117179013,https://doi.org/10.1007/s11145-012-9409-0,,,0,0
https://openalex.org/w2759255279,https://doi.org/10.1177/1365480217732632,,,0,0
https://openalex.org/w2161355080,https://doi.org/10.1177/0741932508315377,,,0,0
https://openalex.org/w2104552374,https://doi.org/10.2307/30035507,,,0,0
https://openalex.org/w3094096153,https://doi.org/10.1177/1088357616681281,,,0,0
https://openalex.org/w3023072368,https://doi.org/10.1177/1540796920911152,,,0,0
https://openalex.org/w114764089,,,,0,0
https://openalex.org/w3099629060,https://doi.org/10.1177/016146811912101204,,,0,0
https://openalex.org/w2050496294,https://doi.org/10.1016/j.tate.2009.04.001,,,0,0
https://openalex.org/w3001592255,https://doi.org/10.1111/bld.12313,,,0,0
https://openalex.org/w2509100329,https://doi.org/10.1037/dev0000188,,,0,0
https://openalex.org/w1907206198,https://doi.org/10.1016/j.jpeds.2015.07.045,,,0,0
https://openalex.org/w2989752170,,,,0,0
https://openalex.org/w2767117719,https://doi.org/10.1177/0014402917698008,,,0,0
https://openalex.org/w1970156628,https://doi.org/10.1177/15345084060320010601,,,0,0
https://openalex.org/w2913724032,https://doi.org/10.1111/ldrp.12191,,,0,0
https://openalex.org/w2730983495,,,,0,0
https://openalex.org/w2117183638,https://doi.org/10.1111/j.1467-9345.2007.00453.x,,,0,0
https://openalex.org/w1981005961,https://doi.org/10.1080/00228958.2008.10516495,,,0,0
https://openalex.org/w2107353575,https://doi.org/10.1177/1098300711403153,,,0,0
https://openalex.org/w2778965043,,,,0,0
https://openalex.org/w2044665085,https://doi.org/10.1177/0731948712451976,,,0,0
https://openalex.org/w2508587419,https://doi.org/10.1177/1525740116660817,,,0,1
https://openalex.org/w2939760313,https://doi.org/10.1044/2018_lshss-17-0149,,,0,0
https://openalex.org/w2967410532,https://doi.org/10.1016/j.dr.2019.100870,,,0,0
https://openalex.org/w2969136038,https://doi.org/10.1177/0956797619864601,,,0,0
https://openalex.org/w2762843236,https://doi.org/10.1080/20473869.2017.1290022,,,0,0
https://openalex.org/w100403372,,,,0,0
https://openalex.org/w2077659752,https://doi.org/10.1177/0731948714564574,,,0,0
https://openalex.org/w2054464144,https://doi.org/10.1016/j.ridd.2010.08.002,,,0,0
https://openalex.org/w2005890069,https://doi.org/10.1111/j.1540-5826.2009.00291.x,,,0,0
https://openalex.org/w2183816246,,,,0,1
https://openalex.org/w2541387617,https://doi.org/10.15241/rs.6.1.76,,,0,0
https://openalex.org/w2910679112,https://doi.org/10.21909/sp.2018.04.765,,,0,0
https://openalex.org/w2519816258,https://doi.org/10.1177/1534508416665324,,,0,0
https://openalex.org/w3119887020,https://doi.org/10.1177/016146811411600606,,,0,0
https://openalex.org/w2087129347,https://doi.org/10.1007/s11145-009-9183-9,,,0,0
https://openalex.org/w2014283650,https://doi.org/10.1016/j.appdev.2008.12.012,,,0,0
https://openalex.org/w2101910146,https://doi.org/10.1177/0741932510383162,,,0,0
https://openalex.org/w2561683511,https://doi.org/10.1111/1467-9817.12093,,,0,0
https://openalex.org/w2053505720,https://doi.org/10.1016/j.ridd.2009.07.004,,,0,0
https://openalex.org/w2030009229,https://doi.org/10.1177/15257401060270040701,,,0,0
https://openalex.org/w2125543099,https://doi.org/10.1002/pits.20592,,,0,0
https://openalex.org/w2043735628,https://doi.org/10.1007/s10993-011-9227-2,,,0,0
https://openalex.org/w2768741259,https://doi.org/10.1177/0192636517743788,,,0,0
https://openalex.org/w1965037317,https://doi.org/10.1111/j.1540-5826.2012.00366.x,,,0,0
https://openalex.org/w2019771292,https://doi.org/10.1080/03004430.2012.682728,,,0,0
https://openalex.org/w2791131252,https://doi.org/10.1177/0731948717749935,,,0,0
https://openalex.org/w69225125,https://doi.org/10.1177/0145482x0910300507,,,0,0
https://openalex.org/w2745211596,https://doi.org/10.3928/00485713-20170703-01,,,0,0
https://openalex.org/w1554594706,https://doi.org/10.1111/ldrp.12012,,,0,0
https://openalex.org/w2159183077,https://doi.org/10.1177/0017896913485742,,,0,0
https://openalex.org/w2978409327,https://doi.org/10.1017/thg.2019.86,,,0,0
https://openalex.org/w3022507859,https://doi.org/10.1177/8756870520914281,,,0,0
https://openalex.org/w2994681602,https://doi.org/10.5206/eei.v29i3.9386,,,0,0
https://openalex.org/w2171489322,https://doi.org/10.1093/her/cyn031,,,0,0
https://openalex.org/w2132180718,https://doi.org/10.1016/j.chiabu.2008.05.011,,,0,0
https://openalex.org/w255739421,,,,0,0
https://openalex.org/w4250718692,https://doi.org/10.1177/1534508418775805,,,0,0
https://openalex.org/w2751554869,https://doi.org/10.1080/10573569.2017.1344943,,,0,0
https://openalex.org/w2140533557,,,,0,0
https://openalex.org/w2163105770,https://doi.org/10.1177/001440290907500401,,,0,0
https://openalex.org/w2894307513,https://doi.org/10.26822/iejee.2018143959,,,0,0
https://openalex.org/w3004363328,https://doi.org/10.1177/2165143419900952,,,0,0
https://openalex.org/w4253692608,https://doi.org/10.1097/00004583-201007000-00003,,,0,0
https://openalex.org/w2530549673,https://doi.org/10.1080/02702711.2016.1235648,,,0,0
https://openalex.org/w3172435083,,,,0,0
https://openalex.org/w2061209121,https://doi.org/10.1080/15700763.2014.997939,,,0,0
https://openalex.org/w2167056773,https://doi.org/10.1017/s0954579414001308,,,0,0
https://openalex.org/w2171997018,https://doi.org/10.1111/j.1540-5826.2012.00357.x,,,0,0
https://openalex.org/w2909407639,https://doi.org/10.1177/2158244018820387,,,0,0
https://openalex.org/w1975944286,https://doi.org/10.1037/0022-0663.100.1.192,,,0,0
https://openalex.org/w2966727425,https://doi.org/10.1111/bjep.12308,,,0,0
https://openalex.org/w2965407568,https://doi.org/10.1080/02568543.2019.1642970,,,0,0
https://openalex.org/w63085505,,,,0,0
https://openalex.org/w824077617,https://doi.org/10.1080/24727466.2013.11790329,,,0,0
https://openalex.org/w2886382588,https://doi.org/10.1093/heapro/day050,,,0,0
https://openalex.org/w2980155803,https://doi.org/10.1353/etc.2019.0026,,,0,0
https://openalex.org/w2869106544,https://doi.org/10.1080/10888438.2018.1491582,,,0,0
https://openalex.org/w4322697680,https://doi.org/10.1080/02796015.2011.12087725,,,0,0
https://openalex.org/w2127877857,https://doi.org/10.1177/0731948713487179,,,0,0
https://openalex.org/w2787774127,https://doi.org/10.1177/1063426617754082,,,0,0
https://openalex.org/w2088288839,https://doi.org/10.1080/02702710903256569,,,0,0
https://openalex.org/w1911048338,,,,0,0
https://openalex.org/w3008812575,https://doi.org/10.1177/0014402919893932,,,0,0
https://openalex.org/w2952825229,https://doi.org/10.1177/0022219419851757,,,0,0
https://openalex.org/w1977558807,https://doi.org/10.1080/10409280701610861,,,0,0
https://openalex.org/w2563403008,https://doi.org/10.26634/jpsy.2.3.322,,,0,0
https://openalex.org/w2096515475,https://doi.org/10.1177/0022219412468767,,,0,0
https://openalex.org/w2152633535,https://doi.org/10.1177/001440290807400202,,,0,0
https://openalex.org/w1869078811,https://doi.org/10.1111/ldrp.12043,,,0,0
https://openalex.org/w2904719746,https://doi.org/10.1111/bjep.12260,,,0,0
https://openalex.org/w2913754911,https://doi.org/10.1177/0731948718821091,,,0,0
https://openalex.org/w1975074667,https://doi.org/10.1080/10888430709336555,,,0,0
https://openalex.org/w2161984760,https://doi.org/10.1177/0022219413509966,,,0,0
https://openalex.org/w2415974888,https://doi.org/10.1080/19411243.2016.1176548,,,0,0
https://openalex.org/w2075788825,https://doi.org/10.1080/10824660802715429,,,0,0
https://openalex.org/w2159959873,https://doi.org/10.1093/geront/48.6.793,,,0,0
https://openalex.org/w2126238072,https://doi.org/10.1111/j.1467-9604.2009.01400.x,,,0,0
https://openalex.org/w1967638961,https://doi.org/10.1007/s11125-008-9079-5,,,0,0
https://openalex.org/w2746063006,https://doi.org/10.18666/ldmj-2017-v22-i2-8391,,,0,0
https://openalex.org/w1964550337,https://doi.org/10.1007/s11145-013-9472-1,,,0,0
https://openalex.org/w2008101611,https://doi.org/10.1080/01626620.2014.977750,,,0,0
https://openalex.org/w2625714348,https://doi.org/10.1177/1063426617712501,,,0,0
https://openalex.org/w2793510266,https://doi.org/10.1080/13603116.2018.1432081,,,0,0
https://openalex.org/w3212332817,https://doi.org/10.3916/c54-2018-07,,,0,0
https://openalex.org/w2893553051,https://doi.org/10.1080/10573569.2018.1490672,,,0,0
https://openalex.org/w2152235769,,,,0,0
https://openalex.org/w2804645739,https://doi.org/10.1177/0022219418775111,,,0,0
https://openalex.org/w2133462826,https://doi.org/10.1016/j.ridd.2012.03.021,,,0,0
https://openalex.org/w2908117549,https://doi.org/10.1080/10573569.2018.1521757,,,0,0
https://openalex.org/w3081945469,https://doi.org/10.18844/cjes.v15i4.5051,,,0,0
https://openalex.org/w34509476,https://doi.org/10.5555/muvo.11.1.gu04327p723217t0,,,0,0
https://openalex.org/w2118341258,https://doi.org/10.1017/s0142716412000422,,,0,0
https://openalex.org/w1982823125,https://doi.org/10.1007/s10802-007-9208-2,,,0,0
https://openalex.org/w2763394910,https://doi.org/10.5951/teacchilmath.24.2.0120,,,0,0
https://openalex.org/w2003137645,https://doi.org/10.1080/02702710903346873,,,0,0
https://openalex.org/w2077736623,https://doi.org/10.1080/09362835.2012.694612,,,0,0
https://openalex.org/w2603532711,,,,0,0
https://openalex.org/w2974036114,https://doi.org/10.1177/016146811912100304,,,0,0
https://openalex.org/w2969883669,https://doi.org/10.1016/j.ridd.2019.103456,,,0,0
https://openalex.org/w2546961977,,,,0,0
https://openalex.org/w2042895342,https://doi.org/10.1080/21683603.2013.782595,,,0,0
https://openalex.org/w2121055143,https://doi.org/10.1080/15377903.2015.1056924,,,0,0
https://openalex.org/w2150968182,https://doi.org/10.1007/s10864-011-9124-y,,,0,0
https://openalex.org/w2120323003,https://doi.org/10.5897/err.9000316,,,0,0
https://openalex.org/w2054478028,https://doi.org/10.3200/psfl.53.3.131-144,,,0,0
https://openalex.org/w2587217905,https://doi.org/10.1007/s10995-017-2286-z,,,0,0
https://openalex.org/w330364448,,,,0,0
https://openalex.org/w64836938,https://doi.org/10.5070/b85110048,,,0,0
https://openalex.org/w176150068,https://doi.org/10.1080/02796015.2006.12087966,,,0,0
https://openalex.org/w1979959110,https://doi.org/10.1007/s10566-014-9277-7,,,0,0
https://openalex.org/w2127632577,https://doi.org/10.1177/1053815113499611,,,0,0
https://openalex.org/w2067640316,https://doi.org/10.1111/j.1540-5826.2010.00310.x,,,0,0
https://openalex.org/w2023723113,https://doi.org/10.1177/1534508411398649,,,0,0
https://openalex.org/w1535580097,https://doi.org/10.1177/016264340902400302,,,0,0
https://openalex.org/w2111596857,https://doi.org/10.1080/19388071.2015.1062942,,,0,0
https://openalex.org/w2084554580,https://doi.org/10.1177/1053451209359078,,,0,0
https://openalex.org/w2148209980,https://doi.org/10.1080/10862960709336759,,,0,0
https://openalex.org/w2549906546,https://doi.org/10.1002/pits.21939,,,0,0
https://openalex.org/w3024658860,https://doi.org/10.1080/02643944.2020.1751685,,,0,0
https://openalex.org/w2023452295,https://doi.org/10.1111/j.1467-9620.2006.00663.x,,,0,0
https://openalex.org/w101931630,,,,0,0
https://openalex.org/w2148943680,https://doi.org/10.1037/a0018447,,,0,0
https://openalex.org/w2802548587,,,,0,0
https://openalex.org/w2734340111,https://doi.org/10.64546/jaasep.212,,,0,0
https://openalex.org/w2333118273,https://doi.org/10.1080/19345747.2016.1164779,,,0,0
https://openalex.org/w2913588621,https://doi.org/10.1086/701719,,,0,0
https://openalex.org/w2040955222,https://doi.org/10.3200/psfl.52.2.31-47,,,0,0
https://openalex.org/w2122328908,https://doi.org/10.1111/1460-6984.12159,,,0,0
https://openalex.org/w1988368704,https://doi.org/10.1007/s10935-007-0080-1,,,0,0
https://openalex.org/w3043784104,https://doi.org/10.1037/ort0000505,,,0,0
https://openalex.org/w2528712588,https://doi.org/10.17105/spr45-3.310-326,,,0,0
https://openalex.org/w2800032926,https://doi.org/10.1111/ldrp.12170,,,0,0
https://openalex.org/w2339168362,https://doi.org/10.1177/0022219415618495,,,0,0
https://openalex.org/w2041111139,https://doi.org/10.1037/h0100428,,,0,0
https://openalex.org/w1562414615,https://doi.org/10.1080/00098655.2010.496811,,,0,0
https://openalex.org/w2733180980,,,,0,0
https://openalex.org/w2435222935,https://doi.org/10.58729/2167-3454.1045,,,0,0
https://openalex.org/w2121223384,https://doi.org/10.1177/0741932511410072,,,0,0
https://openalex.org/w2293973916,https://doi.org/10.1177/1534508415619905,,,0,0
https://openalex.org/w2066374583,https://doi.org/10.1080/02702711.2013.876479,,,0,0
https://openalex.org/w2071211649,https://doi.org/10.1111/j.1746-1561.2008.00285.x,,,0,0
https://openalex.org/w3036564518,https://doi.org/10.1007/s11145-020-10064-y,,,0,0
https://openalex.org/w2339385472,https://doi.org/10.1177/1525740116644891,,,0,0
https://openalex.org/w1926905651,https://doi.org/10.1177/0014402914563706,,,0,0
https://openalex.org/w3049101239,https://doi.org/10.1080/03054985.2020.1770064,,,0,0
https://openalex.org/w2559795853,,,,0,0
https://openalex.org/w2283915532,https://doi.org/10.3233/wor-162247,,,0,0
https://openalex.org/w2903638351,https://doi.org/10.1177/1534508418815749,,,0,0
https://openalex.org/w2031089591,https://doi.org/10.1177/0265659007080685,,,0,0
https://openalex.org/w2753690404,https://doi.org/10.1016/j.cedpsych.2017.09.002,,,0,0
https://openalex.org/w2065225428,https://doi.org/10.1177/0731948714528806,,,0,0
https://openalex.org/w2053798615,https://doi.org/10.1007/s10643-013-0623-4,,,0,0
https://openalex.org/w2902142745,https://doi.org/10.1002/rrq.237,,,0,0
https://openalex.org/w2081464388,https://doi.org/10.1080/10824669.2010.495687,,,0,0
https://openalex.org/w1853293014,https://doi.org/10.1177/0731948711432510,,,0,0
https://openalex.org/w1974921544,https://doi.org/10.1177/10983007070090040601,,,0,0
https://openalex.org/w1981468094,https://doi.org/10.1177/0022487111434985,,,0,0
https://openalex.org/w2054726974,https://doi.org/10.1177/0022219414556121,,,0,0
https://openalex.org/w2049389224,https://doi.org/10.1108/he-06-2013-0023,,,0,0
https://openalex.org/w2943057266,https://doi.org/10.1080/10573569.2019.1598311,,,0,0
https://openalex.org/w2766843694,https://doi.org/10.1111/ldrp.12158,,,0,0
https://openalex.org/w2887152580,,,,0,0
https://openalex.org/w2079332083,https://doi.org/10.1111/j.1540-5826.2010.00306.x,,,0,0
https://openalex.org/w2125917067,https://doi.org/10.1177/0741932509338371,,,0,0
https://openalex.org/w180256156,,,,0,0
https://openalex.org/w3007745267,https://doi.org/10.7575/aiac.ijels.v.8n.1p.1,,,0,0
https://openalex.org/w2995111405,https://doi.org/10.1111/cch.12737,,,0,0
https://openalex.org/w2513976484,https://doi.org/10.1111/jcpp.12614,,,0,0
https://openalex.org/w2042544318,https://doi.org/10.1177/1063426609341645,,,0,0
https://openalex.org/w2897969194,https://doi.org/10.1080/03004279.2018.1531045,,,0,0
https://openalex.org/w2912920228,,,,0,0
https://openalex.org/w2616762699,https://doi.org/10.17161/jomr.v3i1.6458,,,0,0
https://openalex.org/w2156194280,https://doi.org/10.1598/rt.65.1.4,,,0,0
https://openalex.org/w2795999421,https://doi.org/10.21505/ajge.2016.0015,,,0,0
https://openalex.org/w2114222154,,,,0,0
https://openalex.org/w2138389016,https://doi.org/10.1002/pits.20481,,,0,0
https://openalex.org/w2512776978,https://doi.org/10.1080/19388071.2016.1219927,,,0,0
https://openalex.org/w2229560383,https://doi.org/10.1016/j.cedpsych.2015.11.002,,,0,0
https://openalex.org/w2523567633,https://doi.org/10.1007/s11881-017-0140-z,,,0,0
https://openalex.org/w2143773282,https://doi.org/10.1177/0731948712438556,,,0,0
https://openalex.org/w2797148946,https://doi.org/10.1093/eurpub/cky055,,,0,0
https://openalex.org/w2055988452,https://doi.org/10.1016/j.jecp.2012.12.001,,,0,0
https://openalex.org/w2309039982,https://doi.org/10.1002/rrq.139,,,0,0
https://openalex.org/w1535276486,https://doi.org/10.1080/10824669.2011.554140,,,0,0
https://openalex.org/w2135906523,https://doi.org/10.1016/j.jadohealth.2011.08.008,,,0,0
https://openalex.org/w2774677319,https://doi.org/10.1080/10888438.2017.1407321,,,0,0
https://openalex.org/w2055352796,https://doi.org/10.1177/07419325060270020101,,,0,0
https://openalex.org/w1559007631,,,,0,0
https://openalex.org/w1957711924,,,,0,0
https://openalex.org/w2766202592,https://doi.org/10.19044/ejes.v4no3a1,,,0,0
https://openalex.org/w2611106367,https://doi.org/10.1002/dys.1556,,,0,0
https://openalex.org/w2082596595,https://doi.org/10.1080/0305764x.2013.863829,,,0,0
https://openalex.org/w2793030859,https://doi.org/10.1080/09243453.2018.1433691,,,0,0
https://openalex.org/w2109191939,https://doi.org/10.1080/19404158.2013.842134,,,0,0
https://openalex.org/w2151868688,https://doi.org/10.1177/0731948715580438,,,0,0
https://openalex.org/w2028452774,https://doi.org/10.11114/jets.v2i4.496,,,0,0
https://openalex.org/w2111125173,https://doi.org/10.1007/s11881-009-0030-0,,,0,0
https://openalex.org/w2153346894,https://doi.org/10.1598/rt.61.4.6,,,0,0
https://openalex.org/w2797286063,https://doi.org/10.32890/mjli2017.14.2.5,,,0,0
https://openalex.org/w2052213406,https://doi.org/10.4102/rw.v4i1.33,,,0,0
https://openalex.org/w2192280612,,,,0,0
https://openalex.org/w2314096932,https://doi.org/10.1177/0022219416638028,,,0,0
https://openalex.org/w2777470757,https://doi.org/10.1177/215416471705200408,,,0,0
https://openalex.org/w80812011,,,,0,0
https://openalex.org/w2077538770,https://doi.org/10.1598/rt.61.8.1,,,0,0
https://openalex.org/w1977807025,https://doi.org/10.1097/chi.0b013e31813e5d39,,,0,0
https://openalex.org/w2167257705,https://doi.org/10.1177/1098300715578916,,,0,0
https://openalex.org/w2761952462,https://doi.org/10.1177/1063426611400082,,,0,0
https://openalex.org/w2891165670,https://doi.org/10.1017/s2045796018000483,,,0,0
https://openalex.org/w2113771879,https://doi.org/10.1177/0022219412466702,,,0,0
https://openalex.org/w126051406,https://doi.org/10.1177/004005991004300104,,,0,0
https://openalex.org/w4392572488,https://doi.org/10.58680/la201029425,,,0,0
https://openalex.org/w2138914635,https://doi.org/10.1598/rt.59.8.4,,,0,0
https://openalex.org/w2113237666,https://doi.org/10.1177/00222194060390050701,,,0,0
https://openalex.org/w2277285976,https://doi.org/10.1177/107429561302200305,,,0,0
https://openalex.org/w2108635100,https://doi.org/10.1177/1063426611433506,,,0,0
https://openalex.org/w2138507275,https://doi.org/10.1177/0741932510361249,,,0,0
https://openalex.org/w2023456978,https://doi.org/10.1177/00222194070400040401,,008-396-502-619-079,1,1
https://openalex.org/w2753689386,https://doi.org/10.17955/tvr.115.2.753,,,0,0
https://openalex.org/w2346674141,https://doi.org/10.1080/1475939x.2016.1174730,,,0,0
https://openalex.org/w3003590817,https://doi.org/10.1177/1074295620902471,,,0,0
https://openalex.org/w2773744023,https://doi.org/10.1080/10901027.2017.1388307,,,0,0
https://openalex.org/w2062457583,https://doi.org/10.1080/10573569.2012.702037,,,0,0
https://openalex.org/w2143595798,https://doi.org/10.3389/fpsyg.2014.01581,,,0,0
https://openalex.org/w2168022341,https://doi.org/10.1080/13682820701806308,,,0,0
https://openalex.org/w2995137754,https://doi.org/10.1177/1053451219881749,,,0,0
https://openalex.org/w51452671,,,,0,0
https://openalex.org/w1982786551,https://doi.org/10.1080/13603110802512484,,,0,0
https://openalex.org/w2808194762,https://doi.org/10.1016/j.lindif.2018.06.005,,,0,0
https://openalex.org/w2901036241,https://doi.org/10.1177/0731948718806654,,,0,0
https://openalex.org/w179154591,,,,0,0
https://openalex.org/w2112275628,https://doi.org/10.1080/10862960802695172,,,0,0
https://openalex.org/w2089135309,https://doi.org/10.1598/rt.60.6.7,,,0,0
https://openalex.org/w2124002550,,,,0,0
https://openalex.org/w182683061,,,,0,0
https://openalex.org/w2059757814,https://doi.org/10.1002/pits.20226,,,0,0
https://openalex.org/w1993180242,https://doi.org/10.1177/1476718x14548782,,,0,0
https://openalex.org/w2021499668,https://doi.org/10.1080/19404158.2012.674052,,,0,0
https://openalex.org/w2234602090,,,,0,0
https://openalex.org/w2915752313,https://doi.org/10.1080/08856257.2019.1580840,,,0,0
https://openalex.org/w1997250225,https://doi.org/10.1080/10888438.2013.800521,,,0,0
https://openalex.org/w2996620814,https://doi.org/10.1177/0022219419894563,,,0,0
https://openalex.org/w2760241800,https://doi.org/10.1353/etc.2017.0014,,,0,0
https://openalex.org/w2514442740,https://doi.org/10.1353/etc.2016.0014,,,0,0
https://openalex.org/w2109438331,https://doi.org/10.1177/0741932509338382,,,0,0
https://openalex.org/w265219360,,,,0,0
https://openalex.org/w2424914749,,,,0,0
https://openalex.org/w3048883460,,,,0,0
https://openalex.org/w2037720002,https://doi.org/10.1080/10824660802427611,,,0,1
https://openalex.org/w1996717128,https://doi.org/10.1016/j.puhe.2012.04.012,,,0,0
https://openalex.org/w2153912412,https://doi.org/10.1080/00940771.2014.11461901,,,0,0
https://openalex.org/w1967587450,https://doi.org/10.1007/s11145-008-9153-7,,,0,0
https://openalex.org/w2170513109,https://doi.org/10.1080/15374410701662741,,,0,0
https://openalex.org/w2905238150,https://doi.org/10.1016/j.learninstruc.2018.11.009,,,0,0
https://openalex.org/w1973923975,https://doi.org/10.1080/1045988x.2014.954513,,,0,0
https://openalex.org/w2027147547,https://doi.org/10.1080/01933920903219060,,,0,0
https://openalex.org/w2911392504,https://doi.org/10.1080/15377903.2019.1568333,,,0,0
https://openalex.org/w2338302617,https://doi.org/10.12973/iji.2016.9113a,,,0,0
https://openalex.org/w2990824512,https://doi.org/10.1080/1475939x.2019.1695657,,,0,0
https://openalex.org/w2500128481,https://doi.org/10.1007/s11422-016-9732-x,,,0,0
https://openalex.org/w91323883,,,,0,0
https://openalex.org/w2913359310,https://doi.org/10.1177/0022219419825855,,,0,0
https://openalex.org/w2031964657,https://doi.org/10.1016/j.jsp.2009.12.002,,,0,0
https://openalex.org/w2909814478,https://doi.org/10.1080/19345747.2018.1496500,,,0,0
https://openalex.org/w2051948911,https://doi.org/10.1002/trtr.01045,,,0,0
https://openalex.org/w2994590741,,,,0,0
https://openalex.org/w2346511644,https://doi.org/10.1037/edu0000107,,,0,0
https://openalex.org/w2156483020,https://doi.org/10.3102/0002831207302175,,,0,1
https://openalex.org/w2956118275,https://doi.org/10.1002/cad.20305,,,0,0
https://openalex.org/w2112321099,,,,0,0
https://openalex.org/w1992726753,https://doi.org/10.1080/10824660902754351,,,0,0
https://openalex.org/w2086209126,https://doi.org/10.1177/0022219408321126,,,0,0
https://openalex.org/w2260881313,https://doi.org/10.4102/sajce.v2i1.19,,,0,0
https://openalex.org/w2120150851,https://doi.org/10.1177/0741932513494020,,,0,0
https://openalex.org/w2139188816,https://doi.org/10.1177/1321103x08097502,,,0,0
https://openalex.org/w2900484546,https://doi.org/10.1177/0731948718806665,,,0,0
https://openalex.org/w1967033201,https://doi.org/10.1007/s10643-010-0433-x,,,0,0
https://openalex.org/w2612339932,https://doi.org/10.1016/j.socscimed.2017.05.027,,,0,0
https://openalex.org/w1505628151,https://doi.org/10.1002/pits.21697,,,0,0
https://openalex.org/w1968714025,https://doi.org/10.1177/1053451209359075,,,0,0
https://openalex.org/w2214397385,https://doi.org/10.1177/1476718x15577006,,,0,0
https://openalex.org/w203371258,https://doi.org/10.21977/d910119135,,,0,0
https://openalex.org/w2460072619,https://doi.org/10.1080/10573569.2016.1142914,,,0,0
https://openalex.org/w86514434,,,,0,0
https://openalex.org/w1119370710,https://doi.org/10.1007/s11881-015-0107-x,,,0,0
https://openalex.org/w2945339405,https://doi.org/10.1080/10573569.2019.1579011,,,0,0
https://openalex.org/w1997308863,https://doi.org/10.1080/19388070709558473,,,0,0
https://openalex.org/w2598978379,https://doi.org/10.1037/edu0000181,,,0,0
https://openalex.org/w2183192391,https://doi.org/10.1177/2332858415616358,,,0,0
https://openalex.org/w2411850839,,,,0,0
https://openalex.org/w2984106777,https://doi.org/10.1016/j.lindif.2019.101779,,,0,0
https://openalex.org/w2340177135,,,,0,1
https://openalex.org/w2606106912,https://doi.org/10.1177/0022219417704636,,,0,0
https://openalex.org/w1485591089,https://doi.org/10.1086/675635,,,0,0
https://openalex.org/w2145406967,https://doi.org/10.1111/ajop.12037,,,0,0
https://openalex.org/w2342470580,https://doi.org/10.1080/10573569.2015.1105763,,,0,0
https://openalex.org/w3018735204,https://doi.org/10.1177/0022219420914551,,,0,0
https://openalex.org/w2796624143,https://doi.org/10.1177/1525740118766477,,,0,0
https://openalex.org/w2095370904,https://doi.org/10.1080/13575279.2013.847056,,,0,0
https://openalex.org/w2728766608,https://doi.org/10.1353/etc.2017.0008,,,0,0
https://openalex.org/w3005184865,,,,0,0
https://openalex.org/w3080383850,,,,0,0
https://openalex.org/w2751385019,https://doi.org/10.1177/1534508417728695,,,0,0
https://openalex.org/w2765302492,https://doi.org/10.1080/10824669.2017.1364643,,,0,0
https://openalex.org/w2151448474,https://doi.org/10.1080/01425692.2014.948989,,,0,0
https://openalex.org/w2590344290,https://doi.org/10.1016/j.appdev.2017.01.007,,,0,0
https://openalex.org/w2172165496,https://doi.org/10.1080/1086296x.2010.524859,,,0,0
https://openalex.org/w106730302,https://doi.org/10.1080/02796015.2007.12087958,,,0,1
https://openalex.org/w2102819255,https://doi.org/10.1093/deafed/enp023,,,0,0
https://openalex.org/w3084884328,,,,0,0
https://openalex.org/w3022028198,https://doi.org/10.1111/ldrp.12218,,,0,0
https://openalex.org/w2311955182,https://doi.org/10.1177/0735633115626881,,,0,0
https://openalex.org/w1985547534,https://doi.org/10.1080/01612840701866821,,,0,0
https://openalex.org/w2320528922,https://doi.org/10.1177/0271121416642454,,,0,0
https://openalex.org/w162531776,,,,0,0
https://openalex.org/w2062030743,https://doi.org/10.4236/psych.2015.64034,,,0,0
https://openalex.org/w2116086221,https://doi.org/10.1177/0022466911404072,,,0,0
https://openalex.org/w2025340366,https://doi.org/10.1177/1534508410363127,,,0,0
https://openalex.org/w2006036771,https://doi.org/10.1016/j.ridd.2014.07.011,,,0,0
https://openalex.org/w2522796069,https://doi.org/10.1177/1525740115604592,,,0,0
https://openalex.org/w2019923327,https://doi.org/10.1016/j.tate.2009.02.010,,,0,0
https://openalex.org/w2794631224,https://doi.org/10.17105/spr-2017-0009.v47-1,,,0,0
https://openalex.org/w2122122283,https://doi.org/10.1037/1045-3830.23.2.199,,,0,0
https://openalex.org/w2469781939,,,,0,0
https://openalex.org/w2979105734,https://doi.org/10.26822/iejee.2019155341,,,0,0
https://openalex.org/w1976665084,https://doi.org/10.1111/j.1467-9604.2009.01401.x,,,0,0
https://openalex.org/w2564329195,https://doi.org/10.1080/10573569.2016.1238328,,,0,0
https://openalex.org/w3036067073,https://doi.org/10.1080/15391523.2020.1728448,,,0,0
https://openalex.org/w2909513099,https://doi.org/10.1080/10573569.2018.1515049,,,0,0
https://openalex.org/w2341181253,https://doi.org/10.1177/1321103x15613645,,,0,0
https://openalex.org/w2576984731,,,,0,0
https://openalex.org/w3006324343,https://doi.org/10.1515/mlt-2019-0003,,,0,0
https://openalex.org/w2105476911,https://doi.org/10.1353/etc.2015.0010,,,0,0
https://openalex.org/w67159263,https://doi.org/10.1177/004005990603800603,,,0,0
https://openalex.org/w305002149,,,,0,0
https://openalex.org/w2001506796,https://doi.org/10.1017/s1366728908003386,,,0,0
https://openalex.org/w863070165,,,,0,0
https://openalex.org/w2092990351,https://doi.org/10.1177/0022219414554228,,,0,0
https://openalex.org/w2339781714,,,,0,0
https://openalex.org/w1966150525,https://doi.org/10.1080/10409280802356661,,,0,0
https://openalex.org/w2096244074,https://doi.org/10.1177/0022219410369067,,,0,0
https://openalex.org/w1964156954,https://doi.org/10.1002/pits.20194,,,0,0
https://openalex.org/w2083380175,https://doi.org/10.1177/1534508410384478,,,0,0
https://openalex.org/w2047882707,https://doi.org/10.1348/000709905x39170,,,0,0
https://openalex.org/w2133683218,https://doi.org/10.1177/0016986209355974,,,0,0
https://openalex.org/w2950893124,https://doi.org/10.1177/0198742919843075,,,0,0
https://openalex.org/w2473795693,https://doi.org/10.1007/s13384-016-0207-6,,,0,0
https://openalex.org/w2127907378,https://doi.org/10.1080/10573569.2013.819181,,,0,0
https://openalex.org/w2512526139,https://doi.org/10.26634/jpsy.5.3.1656,,,0,0
https://openalex.org/w49767965,https://doi.org/10.1080/02796015.2010.12087780,,,0,0
https://openalex.org/w3010023351,,,,0,0
https://openalex.org/w2068500772,https://doi.org/10.1080/19345740701692449,,,0,0
https://openalex.org/w2070690403,https://doi.org/10.1007/s10864-014-9202-z,,,0,0
https://openalex.org/w2768019335,https://doi.org/10.1016/j.ecresq.2017.10.012,,,0,0
https://openalex.org/w2516469121,https://doi.org/10.1353/etc.2016.0015,,,0,0
https://openalex.org/w2940150805,https://doi.org/10.3389/fpsyg.2019.00805,,,0,0
https://openalex.org/w1843637924,,,,0,0
https://openalex.org/w1637328766,https://doi.org/10.4102/sajce.v2i1.21,,,0,0
https://openalex.org/w2007340336,https://doi.org/10.1177/073724770603100301,,,0,0
https://openalex.org/w22758422,,,,0,0
https://openalex.org/w2134539051,https://doi.org/10.1177/1053451211423811,,,0,0
https://openalex.org/w2106527983,,,,0,0
https://openalex.org/w2802524646,https://doi.org/10.1177/1098300718770804,,,0,0
https://openalex.org/w2953339849,https://doi.org/10.1080/1045988x.2019.1627998,,,0,0
https://openalex.org/w2156315379,https://doi.org/10.1177/0016986210382575,,,0,0
https://openalex.org/w1978029420,https://doi.org/10.17105/spr44-1.3-20,,,0,0
https://openalex.org/w2541268314,https://doi.org/10.1177/1059840516674053,,,0,0
https://openalex.org/w1941845078,https://doi.org/10.1080/14790718.2015.1079204,,,0,0
https://openalex.org/w2466270397,https://doi.org/10.23860/jmle-8-1-4,,,0,0
https://openalex.org/w2042296527,https://doi.org/10.1080/10824660802715403,,,0,0
https://openalex.org/w2045822641,https://doi.org/10.1353/aad.2011.0002,,,0,0
https://openalex.org/w2019473224,https://doi.org/10.5929/2014.4.1.3,,,0,0
https://openalex.org/w2591125994,,,,0,0
https://openalex.org/w2292101507,https://doi.org/10.1086/669937,,,0,0
https://openalex.org/w2016916929,https://doi.org/10.1002/rrq.98,,,0,0
https://openalex.org/w1849615342,,,,0,0
https://openalex.org/w1993004965,https://doi.org/10.1007/s11422-008-9117-x,,,0,0
https://openalex.org/w2018985252,https://doi.org/10.1177/001440291107700204,,054-016-051-367-335,1,1
https://openalex.org/w2790095305,https://doi.org/10.1080/10888438.2018.1427753,,,0,0
https://openalex.org/w2942862454,https://doi.org/10.5951/teacchilmath.25.7.0428,,,0,0
https://openalex.org/w2021324547,https://doi.org/10.1016/j.jsp.2013.12.005,,,0,0
https://openalex.org/w2138652182,https://doi.org/10.2190/ec.48.3.a,,,0,0
https://openalex.org/w2955139451,https://doi.org/10.1080/10409289.2019.1636353,,,0,0
https://openalex.org/w2114713490,https://doi.org/10.1177/0741932508315054,,,0,0
https://openalex.org/w2141694928,https://doi.org/10.1177/215416471304800105,,,0,0
https://openalex.org/w2969856181,https://doi.org/10.1177/2332858419870488,,,0,0
https://openalex.org/w2962985018,https://doi.org/10.33541/jet.v5i2.1063,,,0,0
https://openalex.org/w2748106680,https://doi.org/10.1177/0014402917708216,,,0,0
https://openalex.org/w2166234333,https://doi.org/10.1002/pits.20487,,,0,0
https://openalex.org/w2395733063,,,,0,0
https://openalex.org/w2021080657,https://doi.org/10.1080/19404150903264294,,,0,0
https://openalex.org/w2529853327,https://doi.org/10.1080/08856257.2016.1216635,,,0,0
https://openalex.org/w3004122158,https://doi.org/10.1016/j.jecp.2019.104789,,,0,0
https://openalex.org/w3102827370,https://doi.org/10.1177/016146812012200506,,,0,0
https://openalex.org/w1982872172,https://doi.org/10.1353/etc.2014.0007,,,0,0
https://openalex.org/w2885215156,https://doi.org/10.1177/1098300718793428,,,0,0
https://openalex.org/w2084894448,https://doi.org/10.1080/10888438.2010.501091,,,0,1
https://openalex.org/w2108174131,https://doi.org/10.5430/ijhe.v2n4p191,,,0,0
https://openalex.org/w2071821145,https://doi.org/10.1177/1534508413496836,,,0,0
https://openalex.org/w2536964984,https://doi.org/10.1177/0040059916662202,,,0,0
https://openalex.org/w2074594173,https://doi.org/10.2105/ajph.2008.142919,,,0,0
https://openalex.org/w4252007487,https://doi.org/10.1007/s10339-019-00901-6,,,0,0
https://openalex.org/w2090998518,https://doi.org/10.1097/dbp.0b013e31819b4176,,,0,0
https://openalex.org/w1993988452,https://doi.org/10.1080/19345740902979371,,,0,0
https://openalex.org/w1990776801,https://doi.org/10.1353/mpq.2008.0019,,,0,0
https://openalex.org/w2802222390,,,,0,0
https://openalex.org/w2005625964,https://doi.org/10.1016/j.lindif.2014.05.010,,,0,0
https://openalex.org/w2133678196,https://doi.org/10.1177/0022466909359425,,,0,1
https://openalex.org/w1495050882,,,,0,0
https://openalex.org/w2525036355,https://doi.org/10.9782/2159-4341-19.2.59,,,0,0
https://openalex.org/w2131770139,https://doi.org/10.1353/etc.2007.0026,,,0,0
https://openalex.org/w2147853043,https://doi.org/10.1187/cbe.10-08-0105,,,0,0
https://openalex.org/w1944825832,https://doi.org/10.3238/arztebl.2008.0413,,,0,0
https://openalex.org/w1988178878,https://doi.org/10.1177/1534508415573299,,,0,0
https://openalex.org/w2133911594,https://doi.org/10.1111/j.1540-5826.2008.01274.x,,,0,0
https://openalex.org/w2130154003,https://doi.org/10.1177/00222194070400060301,,070-772-585-154-223,1,1
https://openalex.org/w1926497533,https://doi.org/10.1111/1460-6984.12094,,,0,0
https://openalex.org/w1963777563,https://doi.org/10.1037/a0014698,,,0,0
https://openalex.org/w2143544764,,,,0,0
https://openalex.org/w2129126183,https://doi.org/10.1002/dys.325,,,0,0
https://openalex.org/w2130424339,https://doi.org/10.1044/0161-1461(2009/08-0043),,,0,0
https://openalex.org/w1999997749,https://doi.org/10.3928/02793695-20121219-10,,,0,0
https://openalex.org/w1946563345,,,,0,0
https://openalex.org/w2138685006,https://doi.org/10.1080/17439884.2013.756517,,,0,0
https://openalex.org/w2993352682,,,,0,0
https://openalex.org/w1998891340,https://doi.org/10.1598/rt.63.7.8,,,0,0
https://openalex.org/w189416049,,,,0,1
https://openalex.org/w2150951297,,,,0,0
https://openalex.org/w299591841,,,,0,0
https://openalex.org/w2140069983,,,,0,0
https://openalex.org/w2010599058,https://doi.org/10.1111/j.1540-5826.2008.01272.x,,,0,0
https://openalex.org/w2100927156,https://doi.org/10.1177/02711214070270030401,,,0,0
https://openalex.org/w2601911645,https://doi.org/10.1111/1467-8578.12162,,,0,0
https://openalex.org/w2124382315,https://doi.org/10.1177/0143034307085659,,,0,0
https://openalex.org/w247409786,https://doi.org/10.1177/105268460801800503,,,0,0
https://openalex.org/w2879053970,https://doi.org/10.1177/0027432118768383,,,0,0
https://openalex.org/w2152512473,https://doi.org/10.1080/10409289.2012.694352,,,0,0
https://openalex.org/w1999484543,https://doi.org/10.1007/s11881-010-0040-y,,,0,0
https://openalex.org/w2178636351,https://doi.org/10.1086/659036,,,0,0
https://openalex.org/w3044335169,,,,0,0
https://openalex.org/w2254566443,https://doi.org/10.1086/682902,,,0,0
https://openalex.org/w2117492714,https://doi.org/10.1038/ijo.2010.58,,,0,0
https://openalex.org/w2336408320,https://doi.org/10.1177/1063426615598767,,,0,0
https://openalex.org/w68300306,https://doi.org/10.5206/eei.v23i1.7705,,,0,0
https://openalex.org/w1917018089,,,,0,0
https://openalex.org/w1967914586,https://doi.org/10.1176/appi.ajp.2014.13060786,,,0,0
https://openalex.org/w1965687979,https://doi.org/10.1080/1045988x.2011.565385,,,0,0
https://openalex.org/w2888757050,https://doi.org/10.1177/1534508418791740,,,0,0
https://openalex.org/w2418302617,https://doi.org/10.1080/1743727x.2016.1189896,,,0,0
https://openalex.org/w2755352082,https://doi.org/10.1007/s10802-017-0344-z,,,0,0
https://openalex.org/w1546383343,,,,0,0
https://openalex.org/w2296466855,https://doi.org/10.1016/j.cedpsych.2016.01.004,,,0,0
https://openalex.org/w2113631383,https://doi.org/10.1177/0013124510381262,,,0,0
https://openalex.org/w2073427527,https://doi.org/10.1080/02671522.2014.919523,,,0,0
https://openalex.org/w2530892284,https://doi.org/10.3389/fpsyg.2016.01567,,,0,0
https://openalex.org/w3007385885,https://doi.org/10.1016/j.ridd.2020.103579,,,0,0
https://openalex.org/w262265172,,,,0,0
https://openalex.org/w2009963454,https://doi.org/10.5330/prsc.18.1.vtl5g6343m4130v7,,,0,0
https://openalex.org/w2726038782,,,,0,0
https://openalex.org/w2975107679,https://doi.org/10.1177/0022466919878470,,,0,0
https://openalex.org/w2978721319,https://doi.org/10.1111/bjep.12320,,,0,0
https://openalex.org/w3004514486,https://doi.org/10.1177/0022219420904343,,,0,0
https://openalex.org/w2472052287,https://doi.org/10.1080/00219266.2016.1202484,,,0,0
https://openalex.org/w2572410105,https://doi.org/10.1542/peds.2016-2651,,,0,0
https://openalex.org/w2104855911,https://doi.org/10.1007/s10643-010-0402-4,,,0,0
https://openalex.org/w1902054498,https://doi.org/10.1002/rrq.128,,,0,0
https://openalex.org/w2084271441,https://doi.org/10.1111/j.1365-2788.2008.01073.x,,,0,0
https://openalex.org/w1493037747,,,,0,0
https://openalex.org/w2867125371,https://doi.org/10.1002/berj.3454,,,0,0
https://openalex.org/w2162276058,https://doi.org/10.1080/10862961003796173,,,0,0
https://openalex.org/w2054456390,https://doi.org/10.3102/0162373711399148,,,0,0
https://openalex.org/w2761215363,https://doi.org/10.1111/1467-9604.12168,,,0,0
https://openalex.org/w71969970,,,,0,0
https://openalex.org/w2042921326,https://doi.org/10.1080/19404150902783419,,,0,0
https://openalex.org/w2124647297,,,,0,0
https://openalex.org/w2118567095,https://doi.org/10.1017/s1355617710000135,,,0,0
https://openalex.org/w2725544446,https://doi.org/10.1080/03004279.2017.1339723,,,0,0
https://openalex.org/w3024674660,,,,0,0
https://openalex.org/w1579169703,,,,0,0
https://openalex.org/w2521959055,https://doi.org/10.1016/j.ridd.2017.05.003,,,0,0
https://openalex.org/w2545841796,https://doi.org/10.26634/jsch.4.3.588,,,0,0
https://openalex.org/w64709800,,,,0,0
https://openalex.org/w3173899596,,,,0,0
https://openalex.org/w2102512705,https://doi.org/10.1177/1096250614535220,,,0,0
https://openalex.org/w80352743,https://doi.org/10.1177/107621750903200310,,,0,0
https://openalex.org/w2099699194,https://doi.org/10.1111/j.1467-9817.2009.01407.x,,,0,0
https://openalex.org/w2724622187,https://doi.org/10.26634/jpsy.8.2.2900,,,0,0
https://openalex.org/w2951312432,https://doi.org/10.1177/0145482x19854921,,,0,0
https://openalex.org/w1982164136,https://doi.org/10.1177/0040059915580028,,,0,0
https://openalex.org/w2888634828,https://doi.org/10.1177/8756870518795672,,,0,0
https://openalex.org/w3080716272,,,,0,0
https://openalex.org/w2795126430,,,,0,0
https://openalex.org/w2761388747,https://doi.org/10.1177/1098300718806650,,,0,0
https://openalex.org/w2790405844,https://doi.org/10.64546/jaasep.99,,,0,0
https://openalex.org/w2185529480,https://doi.org/10.18666/ldmj-2014-v20-i1-5151,,,0,0
https://openalex.org/w2944103371,,,,0,0
https://openalex.org/w909271270,,,,0,0
https://openalex.org/w2293377938,,,,0,0
https://openalex.org/w2803778709,https://doi.org/10.1016/j.braindev.2018.05.002,,,0,0
https://openalex.org/w120667821,https://doi.org/10.1177/019874290603100205,,,0,0
https://openalex.org/w2054515522,https://doi.org/10.1177/0734282910388598,,,0,0
https://openalex.org/w2804807335,https://doi.org/10.1177/1053451218767902,,,0,0
https://openalex.org/w1489525593,https://doi.org/10.18666/ldmj-2013-v19-i1-4789,,,0,0
https://openalex.org/w2005584114,https://doi.org/10.1007/s10864-009-9094-5,,,0,0
https://openalex.org/w3007107942,https://doi.org/10.17011/ht/urn.202002242164,,,0,0
https://openalex.org/w2980350047,https://doi.org/10.5296/jei.v5i2.15379,,,0,0
https://openalex.org/w345683403,,,,0,0
https://openalex.org/w2051542373,https://doi.org/10.1080/08856250802387299,,,0,0
https://openalex.org/w2117563947,https://doi.org/10.1080/19325037.2010.10599134,,,0,0
https://openalex.org/w2904426192,https://doi.org/10.1007/s10995-018-2666-z,,,0,0
https://openalex.org/w2497073061,https://doi.org/10.1177/0829573516658997,,,0,0
https://openalex.org/w2169006859,,,,0,0
https://openalex.org/w3029615762,https://doi.org/10.1111/1467-9817.12307,,,0,0
https://openalex.org/w2562532065,,,,0,0
https://openalex.org/w4462177,,,,0,0
https://openalex.org/w2993969898,,,,0,0
https://openalex.org/w2133029655,https://doi.org/10.1002/jaal.00103,,,0,0
https://openalex.org/w2764211477,https://doi.org/10.1891/1945-8959.16.3.227,,,0,0
https://openalex.org/w2005387352,https://doi.org/10.1111/j.1540-5826.2008.00278.x,,,0,0
https://openalex.org/w2070117032,https://doi.org/10.1111/flan.12124,,,0,0
https://openalex.org/w2949753786,https://doi.org/10.1080/02568543.2019.1613273,,,0,0
https://openalex.org/w1990114459,https://doi.org/10.1111/j.1469-7610.2008.01878.x,,,0,0
https://openalex.org/w2120553767,https://doi.org/10.1353/aad.2012.1602,,,0,0
https://openalex.org/w1679502152,,,,0,0
https://openalex.org/w1978765147,https://doi.org/10.1037/0022-0663.100.2.343,,,0,0
https://openalex.org/w1898129208,https://doi.org/10.1177/0022487115602311,,,0,0
https://openalex.org/w2555923421,https://doi.org/10.18666/ldmj-2016-v21-i2-7751,,,0,0
https://openalex.org/w2326210103,https://doi.org/10.1080/09362835.2014.986611,,,0,0
https://openalex.org/w2147202639,https://doi.org/10.64546/jaasep.112,,,0,0
https://openalex.org/w2030434472,https://doi.org/10.1080/02568540809594637,,,0,1
https://openalex.org/w2046310342,https://doi.org/10.1007/s10864-014-9201-0,,,0,0
https://openalex.org/w2100414621,https://doi.org/10.1111/j.1467-8624.2012.01854.x,,,0,0
https://openalex.org/w2908620299,https://doi.org/10.1080/00461520.2018.1537125,,,0,0
https://openalex.org/w2479347869,https://doi.org/10.1108/mgrj-04-2016-0004,,,0,0
https://openalex.org/w2994100407,,,,0,1
https://openalex.org/w2006679321,https://doi.org/10.1177/0741932507314021,,,0,0
https://openalex.org/w2058658257,https://doi.org/10.1002/pits.20482,,,0,0
https://openalex.org/w1487777975,,,,0,0
https://openalex.org/w2911496599,https://doi.org/10.1177/0014402918819426,,,0,0
https://openalex.org/w2903889064,https://doi.org/10.1177/1534508418796271,,,0,0
https://openalex.org/w2065223846,https://doi.org/10.1080/10888431003623546,,,0,1
https://openalex.org/w2171821320,https://doi.org/10.1037/a0032446,,,0,0
https://openalex.org/w2109299148,https://doi.org/10.1177/073194871003300304,,,0,0
https://openalex.org/w1481248941,,,,0,0
https://openalex.org/w2971015842,https://doi.org/10.5430/wje.v9n4p83,,,0,0
https://openalex.org/w2910695752,https://doi.org/10.1080/02702711.2018.1555365,,,0,0
https://openalex.org/w2894028197,https://doi.org/10.1111/bjet.12689,,,0,0
https://openalex.org/w2020004388,https://doi.org/10.1080/00094056.2012.741484,,,0,0
https://openalex.org/w2906837708,https://doi.org/10.1037/dev0000651,,,0,0
https://openalex.org/w2045106185,https://doi.org/10.1007/s10648-014-9295-x,,,0,0
https://openalex.org/w1967639154,https://doi.org/10.1542/peds.2009-0322,,,0,0
https://openalex.org/w2466781490,https://doi.org/10.1044/2016_lshss-15-0028,,,0,0
https://openalex.org/w2017701208,https://doi.org/10.1901/jaba.2006.13-05,,,0,0
https://openalex.org/w3081127748,https://doi.org/10.3389/fpsyg.2020.02059,,,0,0
https://openalex.org/w2008108463,https://doi.org/10.1179/1557069x14y.0000000039,,,0,0
https://openalex.org/w2606911034,https://doi.org/10.1097/tld.0000000000000118,,,0,0
https://openalex.org/w2811212328,https://doi.org/10.5604/01.3001.0011.7046,,,0,0
https://openalex.org/w2772447366,https://doi.org/10.1080/13603116.2017.1412507,,,0,0
https://openalex.org/w1578299332,https://doi.org/10.1177/004005991304500304,,,0,0
https://openalex.org/w2790208982,https://doi.org/10.1177/0040059918763562,,,0,0
https://openalex.org/w2907336178,https://doi.org/10.1177/0022057418818818,,,0,0
https://openalex.org/w2516982941,https://doi.org/10.1177/0022219416664866,,,0,0
https://openalex.org/w2156529254,https://doi.org/10.1123/apaq.30.3.235,,,0,0
https://openalex.org/w2791409169,https://doi.org/10.2505/4/sc18_055_05_48,,,0,0
https://openalex.org/w2054301806,https://doi.org/10.1177/1087054710378234,,,0,0
https://openalex.org/w2771589343,https://doi.org/10.1002/pam.22043,,,0,0
https://openalex.org/w1996646452,https://doi.org/10.1080/02702710701853625,,,0,0
https://openalex.org/w2406416348,https://doi.org/10.1086/686223,,,0,0
https://openalex.org/w2082308982,https://doi.org/10.1017/s0305000911000201,,,0,0
https://openalex.org/w1981596311,https://doi.org/10.1007/s11423-006-9007-4,,,0,0
https://openalex.org/w2731760382,,,,0,0
https://openalex.org/w2004613599,https://doi.org/10.1598/rrq.43.3.1,,,0,0
https://openalex.org/w1992881077,https://doi.org/10.1080/10573569.2013.818908,,,0,0
https://openalex.org/w2749923001,https://doi.org/10.64546/jaasep.275,,,0,0
https://openalex.org/w3169513080,,,,0,0
https://openalex.org/w2008424470,https://doi.org/10.1007/s11145-007-9057-y,,,0,0
https://openalex.org/w165912658,https://doi.org/10.1080/02796015.2007.12087919,,,0,0
https://openalex.org/w2507162058,,,,0,0
