openalex_id,doi,pmid,lens_id,label_included,label_abstract_included
https://openalex.org/w2073896953,https://doi.org/10.7326/0003-4819-144-6-200603210-00028,,,0,
https://openalex.org/w2025854590,https://doi.org/10.1007/s11926-007-0033-y,,,0,
https://openalex.org/w2076737697,https://doi.org/10.1016/j.rdc.2006.05.010,,,0,
https://openalex.org/w2169794094,https://doi.org/10.1111/j.1471-0528.1993.tb15105.x,,,0,
https://openalex.org/w1974656280,https://doi.org/10.3899/jrheum.140613,,021-699-771-139-371,0,
https://openalex.org/w2413748341,,,,0,
https://openalex.org/w1968058564,https://doi.org/10.1016/j.annfar.2014.02.021,,,0,
https://openalex.org/w2098663095,https://doi.org/10.3109/00016349209007966,,,0,
https://openalex.org/w1975922892,https://doi.org/10.1177/0961203307084724,,,1,
https://openalex.org/w2058674664,https://doi.org/10.3325/cmj.2013.54.346,,,0,
https://openalex.org/w2017687893,https://doi.org/10.1111/j.1365-2141.1990.tb07843.x,,,0,
https://openalex.org/w2133467330,https://doi.org/10.1053/j.semperi.2007.06.001,,,0,
https://openalex.org/w2592551608,https://doi.org/10.1016/s0049-3848(17)30084-1,,,0,
https://openalex.org/w1976405010,https://doi.org/10.3109/08880019809014016,,,0,
https://openalex.org/w1777055045,,,,0,
https://openalex.org/w1969680510,https://doi.org/10.1002/1529-0131(199906)12:3<212::aid-art9>3.0.co;2-m,,,0,
https://openalex.org/w2004368710,https://doi.org/10.1046/j.1365-2141.2001.03101.x,,,0,
https://openalex.org/w2079757482,https://doi.org/10.1016/j.thromres.2004.06.012,,,0,
https://openalex.org/w2766111686,https://doi.org/10.1016/j.chest.2017.08.304,,,0,
https://openalex.org/w1977847025,https://doi.org/10.1097/aog.0b013e3181ae9c64,,,0,
https://openalex.org/w2163702034,https://doi.org/10.1177/096120339200100204,,,0,
https://openalex.org/w1978225568,https://doi.org/10.1111/j.1600-0897.1999.tb00086.x,,,0,
https://openalex.org/w2171263423,https://doi.org/10.1681/asn.v13142,,,0,
https://openalex.org/w2768566026,https://doi.org/10.1016/j.genhosppsych.2017.11.005,,,0,
https://openalex.org/w1506022441,https://doi.org/10.1111/j.1538-7836.2004.00811.x,,,0,
https://openalex.org/w4239987606,https://doi.org/10.1182/asheducation-2013.1.675,,,0,
https://openalex.org/w2020377986,https://doi.org/10.3109/14767058.2010.511339,,,0,
https://openalex.org/w70050771,,,,0,
https://openalex.org/w2040134794,https://doi.org/10.1191/0961203303lu500oa,,,0,
https://openalex.org/w2317626911,https://doi.org/10.1093/ajcp/101.5.616,,,0,
https://openalex.org/w2074831257,https://doi.org/10.1007/s12016-012-8316-0,,,0,
https://openalex.org/w2312806370,https://doi.org/10.1164/ajrccm-conference.2010.181.1_meetingabstracts.a6090,,,0,
https://openalex.org/w2800562971,,,,0,
https://openalex.org/w1898504516,https://doi.org/10.1016/j.healun.2015.10.002,,,0,
https://openalex.org/w2094179503,https://doi.org/10.1016/j.fertnstert.2003.09.042,,,0,
https://openalex.org/w1967516704,https://doi.org/10.1016/j.autrev.2015.01.002,,,0,
https://openalex.org/w2055036721,https://doi.org/10.1007/s13312-011-0143-5,,,0,
https://openalex.org/w2084159014,https://doi.org/10.1007/s00296-009-0887-6,,,0,
https://openalex.org/w2994348115,,,,1,
https://openalex.org/w2415479846,,,,0,
https://openalex.org/w2523931097,,,,0,
https://openalex.org/w1981036143,https://doi.org/10.1046/j.1365-2516.2003.00712.x,,,0,
https://openalex.org/w2574378753,https://doi.org/10.1182/blood.v114.22.488.488,,,0,
https://openalex.org/w2026907726,https://doi.org/10.2177/jsci.28.357,,,0,
https://openalex.org/w2044484979,https://doi.org/10.1093/rheumatology/34.3.201,,,0,
https://openalex.org/w174584133,,,,0,
https://openalex.org/w1990364255,https://doi.org/10.1111/j.1538-7836.2004.00854.x,,,0,
https://openalex.org/w1979564563,https://doi.org/10.1007/bf03027719,,,0,
https://openalex.org/w1991137813,https://doi.org/10.1097/aco.0000000000000037,,,0,
https://openalex.org/w1983705165,https://doi.org/10.1016/j.lpm.2008.08.001,,,0,
https://openalex.org/w2032869088,https://doi.org/10.1111/j.1365-2141.1991.tb08632.x,,,0,
https://openalex.org/w378699104,https://doi.org/10.1177/0961203315587960,,,0,
https://openalex.org/w2052417118,https://doi.org/10.1016/j.humimm.2006.02.026,,,0,
https://openalex.org/w2412985487,,,,0,
https://openalex.org/w2064867114,https://doi.org/10.1191/096120301666383277,,,0,
https://openalex.org/w2397984585,https://doi.org/10.1055/s-0038-1642570,,,0,
https://openalex.org/w2021415171,https://doi.org/10.1191/096120399678840756,,,0,
https://openalex.org/w2093796906,https://doi.org/10.1111/jth.12570,,,0,
https://openalex.org/w2054250289,https://doi.org/10.3109/03009740903046668,,,0,
https://openalex.org/w2057034037,https://doi.org/10.1002/ana.410250304,,,0,
https://openalex.org/w2072898398,https://doi.org/10.1016/j.autrev.2010.05.017,,,0,
https://openalex.org/w2001611219,https://doi.org/10.1161/01.str.24.7.994,,,0,
https://openalex.org/w2007851217,https://doi.org/10.1097/md.0000000000000143,,,0,
https://openalex.org/w2090191591,https://doi.org/10.1111/j.1468-2982.2004.00752.x,,,0,
https://openalex.org/w2607498753,https://doi.org/10.1016/j.jacc.2017.03.281,,,0,
https://openalex.org/w2560944102,https://doi.org/10.17219/acem/63753,,,0,
https://openalex.org/w2097396829,https://doi.org/10.3109/08916939108997126,,,1,
https://openalex.org/w2315438892,https://doi.org/10.4103/0366-6999.178956,,,0,
https://openalex.org/w2337292960,https://doi.org/10.1177/0961203315608257,,,0,
https://openalex.org/w2038628560,https://doi.org/10.1016/s0046-8177(85)80212-4,,,0,
https://openalex.org/w2511959059,https://doi.org/10.1016/j.reuma.2016.06.004,,,0,
https://openalex.org/w2418480710,,,,0,
https://openalex.org/w2019740471,https://doi.org/10.1191/0961203304lu2005oa,,,0,
https://openalex.org/w2024607085,https://doi.org/10.1016/j.medcli.2009.05.027,,,0,
https://openalex.org/w2145868910,https://doi.org/10.2217/1750743x.1.2.171,,,0,
https://openalex.org/w2417432741,,,,0,
https://openalex.org/w2034635254,https://doi.org/10.1080/03009740252937630,,,0,
https://openalex.org/w2020696625,https://doi.org/10.1016/s0002-9378(11)91563-4,,,0,
https://openalex.org/w2032395523,https://doi.org/10.1385/criai:29:3:327,,,0,
https://openalex.org/w2415264124,,,,0,
https://openalex.org/w1970852256,https://doi.org/10.1016/j.gie.2010.03.711,,,0,
https://openalex.org/w2013400108,https://doi.org/10.1177/0961203311409273,,,0,
https://openalex.org/w2153690891,https://doi.org/10.1016/j.ajem.2013.04.015,,,0,
https://openalex.org/w2005255048,https://doi.org/10.1111/j.1440-1746.2004.3371.x,,,0,
https://openalex.org/w2398751380,,,,0,
https://openalex.org/w2121651485,https://doi.org/10.1093/humrep/26.s1.5,,,0,
https://openalex.org/w774729073,https://doi.org/10.1515/jpm-2013-2003,,,0,
https://openalex.org/w255282748,https://doi.org/10.1023/a:1021928903012,,,0,
https://openalex.org/w2075823688,https://doi.org/10.1177/0961203307087612,,,0,
https://openalex.org/w4240823244,https://doi.org/10.1007/s12098-008-0112-8,,,0,
https://openalex.org/w2321498074,https://doi.org/10.1016/s0735-1097(16)31111-1,,,0,
https://openalex.org/w2509233402,https://doi.org/10.1111/jth.13475,,,0,
https://openalex.org/w21403287,,,,0,
https://openalex.org/w1982812319,https://doi.org/10.1038/sj.jhh.1002020,,,0,
https://openalex.org/w1496534390,https://doi.org/10.1111/j.1365-2141.2008.07228.x,,,0,
https://openalex.org/w2008121811,https://doi.org/10.1016/j.semarthrit.2011.05.007,,,0,
https://openalex.org/w2107443847,https://doi.org/10.1016/j.jaad.2004.05.029,,,0,
https://openalex.org/w2404053027,,,,0,
https://openalex.org/w1999186690,https://doi.org/10.1016/0167-5273(94)90319-0,,,0,
https://openalex.org/w2012149563,https://doi.org/10.1055/s-2003-45413,,,0,
https://openalex.org/w1975645380,https://doi.org/10.1016/s0147-9563(03)00075-x,,,0,
https://openalex.org/w2549953294,https://doi.org/10.3329/bjog.v29i2.30487,,,0,
https://openalex.org/w2024257415,https://doi.org/10.2169/internalmedicine.49.3315,,,0,
https://openalex.org/w2063413967,https://doi.org/10.1177/0961203308094994,,,0,
https://openalex.org/w1977486046,https://doi.org/10.1016/s0140-6736(05)74552-9,,,0,
https://openalex.org/w1812735750,https://doi.org/10.1182/blood.v86.2.617.bloodjournal862617,,,0,
https://openalex.org/w2072770402,https://doi.org/10.1007/s00415-007-0568-x,,,0,
https://openalex.org/w2415337838,,,,0,
https://openalex.org/w4254799057,https://doi.org/10.1007/s12028-016-0301-7,,,0,
https://openalex.org/w2406281448,,,,0,
https://openalex.org/w50434151,,,,0,
https://openalex.org/w1978116898,https://doi.org/10.1038/ki.2011.477,,,0,
https://openalex.org/w2151779300,https://doi.org/10.2215/cjn.01480308,,,0,
https://openalex.org/w2059833420,https://doi.org/10.1002/acr.21670,,,0,
https://openalex.org/w2068646829,https://doi.org/10.1080/00365510310002086,,,0,
https://openalex.org/w2148288593,,,,0,
https://openalex.org/w2055916726,https://doi.org/10.1111/j.1552-6909.1997.tb02155.x,,,0,
https://openalex.org/w1999396916,https://doi.org/10.1007/bf00319714,,,0,
https://openalex.org/w2415213344,https://doi.org/10.1055/s-0037-1616204,,,0,
https://openalex.org/w2767223947,https://doi.org/10.1007/s00296-017-3878-z,,,0,
https://openalex.org/w2079038875,https://doi.org/10.1111/j.1747-0803.2008.00217.x,,,0,
https://openalex.org/w1866885943,https://doi.org/10.1002/bdrc.21107,,,0,
https://openalex.org/w2014359324,https://doi.org/10.1093/jac/dkv018,,,0,
https://openalex.org/w203063431,https://doi.org/10.1055/s-0037-1616090,,,0,
https://openalex.org/w2142170866,https://doi.org/10.1186/1749-8090-5-101,,,0,
https://openalex.org/w2081622469,https://doi.org/10.1155/2012/232390,,,0,
https://openalex.org/w2276367248,https://doi.org/10.1160/th15-08-0661,,,0,
https://openalex.org/w194953687,,,,0,
https://openalex.org/w1976115865,https://doi.org/10.1016/s0140-6736(88)92859-0,,,0,
https://openalex.org/w2186686452,,,,0,
https://openalex.org/w2002792756,https://doi.org/10.1191/096120399678847533,,,0,
https://openalex.org/w2032878259,https://doi.org/10.1016/j.amjopharm.2006.03.001,,,0,
https://openalex.org/w1998240692,https://doi.org/10.1038/sj.eye.6702313,,001-314-908-303-545,0,
https://openalex.org/w2057691191,https://doi.org/10.1016/j.jri.2012.03.487,,,0,
https://openalex.org/w2050668734,https://doi.org/10.1002/ajh.22157,,,0,
https://openalex.org/w2092720726,https://doi.org/10.1046/j.1365-2141.2003.04595.x,,,0,
https://openalex.org/w4252912826,https://doi.org/10.3899/jrheum.140420,,,0,
https://openalex.org/w114199118,,,,0,
https://openalex.org/w2169312417,https://doi.org/10.1177/107602960200800312,,,0,
https://openalex.org/w2789870852,https://doi.org/10.12659/mscr.907656,,,0,
https://openalex.org/w1974144497,https://doi.org/10.1016/0049-3848(91)90027-t,,,0,
https://openalex.org/w2020229570,https://doi.org/10.2174/187153006779025757,,,0,
https://openalex.org/w2072627741,https://doi.org/10.1007/s11940-012-0171-z,,,0,
https://openalex.org/w2138411176,,,,0,
https://openalex.org/w4300881212,https://doi.org/10.1177/09612033100190010101,,,0,
https://openalex.org/w2487060483,https://doi.org/10.1371/journal.pone.0158757,,,0,
https://openalex.org/w2045852320,https://doi.org/10.1016/s0002-9343(99)80078-3,,,0,
https://openalex.org/w2153171113,https://doi.org/10.2174/1381612043453441,,,0,
https://openalex.org/w1792934596,https://doi.org/10.1177/014107680109400110,,,0,
https://openalex.org/w1990240394,https://doi.org/10.1038/sj.thj.6200206,,,0,
https://openalex.org/w2064391792,https://doi.org/10.1016/s1526-0542(10)70039-7,,,0,
https://openalex.org/w2022536516,https://doi.org/10.1515/labmed.2004.009,,,0,
https://openalex.org/w2056617362,https://doi.org/10.1016/s1568-9972(03)00007-7,,,0,
https://openalex.org/w2103258308,https://doi.org/10.1093/rheumatology/kep270,,,0,
https://openalex.org/w2318075407,https://doi.org/10.1016/j.leukres.2016.02.005,,,0,
https://openalex.org/w2060300486,https://doi.org/10.2177/jsci.35.481,,,0,
https://openalex.org/w2551346291,https://doi.org/10.4103/0972-2327.194468,,,0,
https://openalex.org/w2094791074,https://doi.org/10.1161/01.str.0000135766.22285.dc,,,0,
https://openalex.org/w1979684636,https://doi.org/10.1002/art.23756,,,0,
https://openalex.org/w2349685434,,,,0,
https://openalex.org/w2014860066,https://doi.org/10.1111/j.1538-7836.2007.02734.x,,,0,
https://openalex.org/w1987115454,https://doi.org/10.3949/ccjm.68.5.425,,,0,
https://openalex.org/w15527742,https://doi.org/10.47102/annals-acadmedsg.v31n6p761,,,0,
https://openalex.org/w1984777557,https://doi.org/10.1016/j.revmed.2005.07.015,,,0,
https://openalex.org/w2038851808,https://doi.org/10.1016/j.thromres.2015.04.031,,,0,
https://openalex.org/w2097040146,https://doi.org/10.1034/j.1600-0897.2002.01103.x,,,0,
https://openalex.org/w2066451005,https://doi.org/10.1080/0891693031000067278,,,0,
https://openalex.org/w2019511528,https://doi.org/10.1191/096120399678847506,,,0,
https://openalex.org/w2150145408,https://doi.org/10.1016/j.jjcc.2014.02.030,,,0,
https://openalex.org/w1891636450,https://doi.org/10.1111/j.1610-0387.2010.07490.x,,,0,
https://openalex.org/w2001675693,https://doi.org/10.1177/0961203310361488,,,0,
https://openalex.org/w2009943380,https://doi.org/10.1016/0049-3848(93)90237-i,,,0,
https://openalex.org/w4235165328,https://doi.org/10.1002/ana.22206,,,0,
https://openalex.org/w2467040274,,,,0,
https://openalex.org/w1991170180,https://doi.org/10.1016/0049-3848(96)00047-3,,,0,
https://openalex.org/w1480703356,https://doi.org/10.1111/j.1751-553x.2012.01414.x,,,0,
https://openalex.org/w1018018345,,,,0,
https://openalex.org/w2032686441,https://doi.org/10.3109/03009742.2011.641580,,,0,
https://openalex.org/w2015878170,https://doi.org/10.1155/2014/704395,,,0,
https://openalex.org/w2471300592,https://doi.org/10.1371/journal.pone.0157756,,,0,
https://openalex.org/w2025385351,https://doi.org/10.1016/j.semarthrit.2008.01.001,,,0,
https://openalex.org/w2094586445,https://doi.org/10.1016/j.jgyn.2014.09.017,,,0,
https://openalex.org/w1923711292,https://doi.org/10.1093/ndt/7.12.1194,,,0,
https://openalex.org/w2015794125,https://doi.org/10.1007/s00296-008-0649-x,,,0,
https://openalex.org/w2165779220,https://doi.org/10.1161/01.atv.20.2.563,,,0,
https://openalex.org/w2083570241,https://doi.org/10.1016/j.semarthrit.2012.05.005,,,1,
https://openalex.org/w2108080004,https://doi.org/10.1016/j.imbio.2005.10.002,,,0,
https://openalex.org/w1980872695,https://doi.org/10.1007/s10067-006-0487-8,,,0,
https://openalex.org/w1976897214,https://doi.org/10.1016/j.pmrj.2013.08.462,,,0,
https://openalex.org/w112472784,,,,0,
https://openalex.org/w2399370538,,,,0,
https://openalex.org/w2175590563,,,,0,
https://openalex.org/w2420535572,https://doi.org/10.1097/rhu.0000000000000290,,,0,
https://openalex.org/w1976266112,https://doi.org/10.1016/j.jpeds.2006.01.041,,,0,
https://openalex.org/w51613818,,,,0,
https://openalex.org/w1851415903,https://doi.org/10.1080/21645515.2015.1061161,,,0,
https://openalex.org/w2153948152,https://doi.org/10.1177/0961203306075792,,,0,
https://openalex.org/w1968469280,https://doi.org/10.1055/s-2008-1047715,,,0,
https://openalex.org/w2025035277,https://doi.org/10.1016/0140-6736(92)91057-f,,,0,
https://openalex.org/w2564434414,https://doi.org/10.1016/j.humimm.2016.12.008,,,0,
https://openalex.org/w2559336198,https://doi.org/10.1136/annrheumdis-2016-210012,,,0,
https://openalex.org/w2328326888,https://doi.org/10.1016/j.jneuroim.2016.04.001,,,0,
https://openalex.org/w2157778986,https://doi.org/10.1182/blood.v86.10.3685.bloodjournal86103685,,,0,
https://openalex.org/w2467011172,https://doi.org/10.1055/s-0038-1661553,,,0,
https://openalex.org/w2021068204,https://doi.org/10.1160/th06-02-0090,,,1,
https://openalex.org/w2021589101,https://doi.org/10.1159/000054126,,,0,
https://openalex.org/w2073886537,https://doi.org/10.1177/096120339900800604,,,0,
https://openalex.org/w2086634391,https://doi.org/10.1007/s11926-013-0397-0,,,0,
https://openalex.org/w1507496901,https://doi.org/10.1016/s1877-1173(10)93019-6,,,0,
https://openalex.org/w2331710988,https://doi.org/10.1136/bcr-2013-202396,,,0,
https://openalex.org/w1526150545,https://doi.org/10.1055/s-0038-1655986,,,0,
https://openalex.org/w2079963792,https://doi.org/10.1161/01.str.23.2.189,,,0,
https://openalex.org/w2401605592,,,,0,
https://openalex.org/w281964024,https://doi.org/10.1007/978-1-4471-3666-8_14,,,0,
https://openalex.org/w2156503659,https://doi.org/10.1161/01.str.29.4.868,,047-229-887-903-332,0,
https://openalex.org/w2000922761,https://doi.org/10.1016/j.drudis.2013.05.009,,,0,
https://openalex.org/w4301247586,,,,0,
https://openalex.org/w1986921303,https://doi.org/10.1055/s-0038-1650296,,,0,
https://openalex.org/w233619469,,,,0,
https://openalex.org/w2039216628,https://doi.org/10.1002/ajh.20124,,,0,
https://openalex.org/w2418226004,,,,0,
https://openalex.org/w2082259317,https://doi.org/10.1161/circulationaha.109.927046,,,0,
https://openalex.org/w2054710984,https://doi.org/10.1159/000216887,,,0,
https://openalex.org/w2053081517,https://doi.org/10.1056/nejmoa035241,,,1,
https://openalex.org/w2098446062,https://doi.org/10.1017/s1462399408000562,,,0,
https://openalex.org/w2804747255,https://doi.org/10.1212/wnl.88.16_supplement.p2.374,,,0,
https://openalex.org/w2105628127,https://doi.org/10.1093/ndt/gfu379,,,0,
https://openalex.org/w192585591,,,,0,
https://openalex.org/w2183137177,,,,0,
https://openalex.org/w2126767646,https://doi.org/10.1136/ard.46.3.251,,,0,
https://openalex.org/w1696864759,https://doi.org/10.1177/096120339600500529,,,0,
https://openalex.org/w2786871900,https://doi.org/10.1002/art.40136,,,0,
https://openalex.org/w2410015004,https://doi.org/10.1055/s-0038-1650403,,,0,
https://openalex.org/w2442521459,,,,0,
https://openalex.org/w4301327611,https://doi.org/10.1093/rheumatology/kep721,,,0,
https://openalex.org/w2756377741,https://doi.org/10.1016/j.jaut.2017.09.004,,,0,
https://openalex.org/w2098941857,https://doi.org/10.1093/humrep/dem163,,005-089-393-404-976,0,
https://openalex.org/w2025509191,https://doi.org/10.2147/tcrm.s41598,,,0,
https://openalex.org/w4251173571,https://doi.org/10.1007/s12664-012-0265-2,,,0,
https://openalex.org/w2028833675,https://doi.org/10.1177/0961203307079502,,,0,
https://openalex.org/w4248145543,https://doi.org/10.1053/j.ajkd.2013.02.106,,,0,
https://openalex.org/w2330359827,https://doi.org/10.1093/ajcp/101.4.471,,,0,
https://openalex.org/w2170141679,https://doi.org/10.1016/s0741-5214(98)70335-0,,,0,
https://openalex.org/w2166451035,https://doi.org/10.1016/j.ejcts.2009.06.046,,,0,
https://openalex.org/w1987197787,https://doi.org/10.1016/j.bpobgyn.2004.11.005,,,0,
https://openalex.org/w2411081352,,,,0,
https://openalex.org/w2024107528,https://doi.org/10.1016/j.thromres.2009.05.019,,,0,
https://openalex.org/w2428264239,,,,0,
https://openalex.org/w2426340157,,,,0,
https://openalex.org/w2136649092,https://doi.org/10.1136/bcr.05.2011.4217,,,0,
https://openalex.org/w2061394912,https://doi.org/10.1136/ard.2005.035824,,,0,
https://openalex.org/w2162335530,https://doi.org/10.1016/s0002-9394(00)00565-1,,,0,
https://openalex.org/w2129657984,https://doi.org/10.1016/j.semarthrit.2009.05.001,,,0,
https://openalex.org/w2051260955,https://doi.org/10.1177/096120339400300418,,,0,
https://openalex.org/w2020657844,https://doi.org/10.1016/j.autrev.2007.11.008,,,0,
https://openalex.org/w2045376284,https://doi.org/10.1111/j.1600-0897.1998.tb00344.x,,,0,
https://openalex.org/w1971116533,https://doi.org/10.1056/nejm199707173370311,,000-774-781-368-480,0,
https://openalex.org/w2159484903,https://doi.org/,,,0,
https://openalex.org/w2052568485,https://doi.org/10.1002/ajh.2830360113,,,0,
https://openalex.org/w2025987461,https://doi.org/10.1016/j.jri.2009.11.007,,,0,
https://openalex.org/w1595015178,https://doi.org/10.1111/j.1600-0897.2009.00751.x,,,0,
https://openalex.org/w2071549344,https://doi.org/10.1007/s12016-008-8109-7,,,0,
https://openalex.org/w2054542615,https://doi.org/10.1191/0961203303lu393oa,,,0,
https://openalex.org/w2409483887,,,,0,
https://openalex.org/w1950415266,https://doi.org/10.1196/annals.1422.047,,,0,
https://openalex.org/w2965633543,https://doi.org/10.1182/blood.v130.suppl_1.5637.5637,,,0,
https://openalex.org/w2166795218,https://doi.org/10.1016/j.drudis.2006.02.009,,,0,
https://openalex.org/w2284354173,https://doi.org/10.1097/md.0000000000002818,,,0,
https://openalex.org/w2098256888,https://doi.org/10.1093/rheumatology/39.4.421,,,0,
https://openalex.org/w2017518629,https://doi.org/10.1016/0049-3848(91)90260-4,,,0,
https://openalex.org/w2054650295,https://doi.org/10.1016/j.ajog.2005.08.059,,,0,
https://openalex.org/w2016252589,https://doi.org/10.1159/000324308,,,0,
https://openalex.org/w2075849684,https://doi.org/10.1016/j.jbspin.2011.02.014,,,0,
https://openalex.org/w2073043771,https://doi.org/10.1177/0961203309105878,,,0,
https://openalex.org/w2155274784,https://doi.org/10.1136/ard.2010.134817,,,1,
https://openalex.org/w2048310016,https://doi.org/10.3949/ccjm.72.4.353,,012-613-298-305-453,0,
https://openalex.org/w2194406839,https://doi.org/10.1182/asheducation-2015.1.53,,,0,
https://openalex.org/w2335717886,https://doi.org/10.1097/00001721-200012000-00014,,,0,
https://openalex.org/w2397484797,,,,0,
https://openalex.org/w2078410572,https://doi.org/10.1177/0961203309361484,,,0,
https://openalex.org/w2149314252,https://doi.org/10.1136/ard.2004.026377,,,0,
https://openalex.org/w2006597853,https://doi.org/10.1016/s0002-9610(99)80285-2,,,0,
https://openalex.org/w2016486891,https://doi.org/10.1177/0961203308089988,,,0,
https://openalex.org/w2112210780,https://doi.org/10.1016/s0049-3848(98)00038-3,,,0,
https://openalex.org/w2113197903,https://doi.org/10.1093/rheumatology/keu360,,,0,
https://openalex.org/w2168066949,https://doi.org/10.1160/th12-05-0346,,,0,
https://openalex.org/w2100163008,https://doi.org/10.1530/eje.1.02002,,,0,
https://openalex.org/w2623903934,https://doi.org/10.1136/heartjnl-2017-311214,,,0,
https://openalex.org/w2400585856,https://doi.org/10.1097/smj.0b013e31817c13f0,,,0,
https://openalex.org/w2115418730,https://doi.org/10.15403/jgld.2014.1121.amb,,,0,
https://openalex.org/w2093124987,https://doi.org/10.1097/mbc.0b013e32832d6ce7,,,0,
https://openalex.org/w2131305074,https://doi.org/10.1080/14767050500275796,,,0,
https://openalex.org/w1992729130,https://doi.org/10.1007/s00296-009-1093-2,,,0,
https://openalex.org/w2758990600,https://doi.org/10.1177/0961203317731532,,,0,
https://openalex.org/w2172245336,https://doi.org/10.1093/rheumatology/ken421,,,0,
https://openalex.org/w4252955889,https://doi.org/10.1016/b978-012433901-9/50044-2,,,0,
https://openalex.org/w2123966850,https://doi.org/10.1111/j.1471-0528.1984.tb05923.x,,,0,
https://openalex.org/w1993823752,https://doi.org/10.1038/nrrheum.2014.15,,,0,
https://openalex.org/w2252739686,https://doi.org/10.1159/000441362,,,0,
https://openalex.org/w2078009585,https://doi.org/10.1136/ard.48.10.798,,,0,
https://openalex.org/w1675557918,https://doi.org/10.1542/peds.94.4.500,,,0,
https://openalex.org/w2034600242,https://doi.org/10.1016/j.transproceed.2013.01.024,,,0,
https://openalex.org/w4233606916,https://doi.org/10.1002/jca.20230,,,0,
https://openalex.org/w142048771,,,,0,
https://openalex.org/w1988480531,https://doi.org/10.1016/0020-7292(92)90727-z,,,0,
https://openalex.org/w1994598622,https://doi.org/10.1016/j.autrev.2009.01.010,,,0,
https://openalex.org/w2018846108,https://doi.org/10.1016/s1590-8658(07)80024-7,,,0,
https://openalex.org/w2400309452,,,,0,
https://openalex.org/w2040616968,https://doi.org/10.1016/0002-9343(92)90170-g,,,0,
https://openalex.org/w1593048367,https://doi.org/10.1186/1479-5876-3-43,,,0,
https://openalex.org/w2133302319,https://doi.org/10.1007/s10157-010-0377-x,,,0,
https://openalex.org/w1981645890,https://doi.org/10.1136/jnnp.62.3.229,,,0,
https://openalex.org/w2324133842,https://doi.org/10.1097/mbc.0000000000000247,,,0,
https://openalex.org/w2070789650,https://doi.org/10.1016/j.thromres.2015.02.018,,,0,
https://openalex.org/w2036918542,https://doi.org/10.1016/j.thromres.2004.12.012,,,0,
https://openalex.org/w2748928587,https://doi.org/10.1093/rheumatology/kex151,,,0,
https://openalex.org/w1964998308,https://doi.org/10.1016/j.thromres.2004.06.026,,,0,
https://openalex.org/w2112414380,https://doi.org/10.1093/ndtplus/sfq147,,,0,
https://openalex.org/w1978155303,https://doi.org/10.1093/humrep/15.5.1170,,,0,
https://openalex.org/w2399593054,,,,0,
https://openalex.org/w4211199036,https://doi.org/10.1016/j.semnephrol.2005.09.002,,,0,
https://openalex.org/w2059445320,https://doi.org/10.1016/j.hoc.2007.10.005,,,0,
https://openalex.org/w1540923285,https://doi.org/10.1111/j.1468-1331.2010.03086.x,,,0,
https://openalex.org/w2756468099,https://doi.org/10.1097/gco.0000000000000406,,,0,
https://openalex.org/w1989924681,https://doi.org/10.3109/03009749609069986,,,0,
https://openalex.org/w2092067678,https://doi.org/10.1177/096120339800700220,,,0,
https://openalex.org/w2094277822,https://doi.org/10.1358/dot.2010.46.1.1416982,,,0,
https://openalex.org/w2017176703,https://doi.org/10.1111/j.1538-7836.2009.03446.x,,,0,
https://openalex.org/w2560400149,https://doi.org/10.1136/bcr-2016-217281,,,0,
https://openalex.org/w2092584114,https://doi.org/10.1191/0961203303lu390oa,,,0,
https://openalex.org/w2405851433,https://doi.org/10.1055/s-0037-1613073,,,0,
https://openalex.org/w2423437210,https://doi.org/10.1097/mbc.0000000000000390,,,0,
https://openalex.org/w2003503606,https://doi.org/10.1016/j.jaad.2009.12.007,,,0,
https://openalex.org/w4239637490,https://doi.org/10.1177/107602960200800107,,,0,
https://openalex.org/w2765427930,https://doi.org/10.1007/s10067-017-3891-3,,,0,
https://openalex.org/w2052572175,https://doi.org/10.1586/erc.09.112,,,0,
https://openalex.org/w1975731727,https://doi.org/10.1007/s00535-012-0728-3,,,0,
https://openalex.org/w2185593340,,,,0,
https://openalex.org/w2044010089,https://doi.org/10.1172/jci119889,,,0,
https://openalex.org/w2008052216,https://doi.org/10.1007/bf00371825,,,0,
https://openalex.org/w1988918297,https://doi.org/10.1007/s13317-013-0056-5,,,0,
https://openalex.org/w2027258197,https://doi.org/10.2217/17455057.2.6.863,,,0,
https://openalex.org/w575686123,https://doi.org/10.1097/wno.0000000000000277,,,0,
https://openalex.org/w2098436327,https://doi.org/10.1378/chest.08-2084,,,0,
https://openalex.org/w2105361494,https://doi.org/10.1093/humupd/dmt019,,,0,
https://openalex.org/w2131647242,https://doi.org/10.1093/rheumatology/kes252,,,0,
https://openalex.org/w2035068993,https://doi.org/10.1016/s0002-9378(11)90785-6,,,0,
https://openalex.org/w1968888013,https://doi.org/10.1515/cclm.2005.002,,,0,
https://openalex.org/w2044042100,,,,1,
https://openalex.org/w2048712475,https://doi.org/10.1111/j.1440-1754.2011.02207.x,,,0,
https://openalex.org/w2280036456,https://doi.org/10.1016/j.thromres.2016.01.019,,,0,
https://openalex.org/w2089437432,https://doi.org/10.1016/s0950-821x(05)80259-2,,,0,
https://openalex.org/w1994517211,https://doi.org/10.4065/76.12.1204,,,0,
https://openalex.org/w2133473048,https://doi.org/10.1097/moh.0b013e3282a4a65f,,,0,
https://openalex.org/w2003500578,https://doi.org/10.1002/1529-0131(199910)42:10<2250::aid-anr32>3.0.co;2-7,,,0,
https://openalex.org/w2602566853,https://doi.org/10.1556/2060.104.2017.1.5,,,0,
https://openalex.org/w2123021602,https://doi.org/10.1016/s1875-9572(09)60052-8,,,0,
https://openalex.org/w2069343534,https://doi.org/10.1177/0961203308089695,,,0,
https://openalex.org/w2462301040,,,,0,
https://openalex.org/w4234257621,https://doi.org/10.1111/j.1538-7836.2005.01262.x,,,0,
https://openalex.org/w2484534871,https://doi.org/10.1097/mbc.0000000000000576,,080-683-981-282-292,0,
https://openalex.org/w2563807104,https://doi.org/10.1093/rheumatology/kew437,,,0,
https://openalex.org/w2398606777,,,,0,
https://openalex.org/w2012300884,https://doi.org/10.1016/j.jchromb.2014.11.005,,,0,
https://openalex.org/w2315578003,https://doi.org/10.1097/00001721-200010000-00014,,,0,
https://openalex.org/w2023735703,https://doi.org/10.1097/rhu.0b013e31820e6822,,,0,
https://openalex.org/w2013976183,https://doi.org/10.1016/j.clim.2013.08.009,,,0,
https://openalex.org/w1540906500,,,,0,
https://openalex.org/w2065122382,https://doi.org/10.1161/01.cir.91.1.23,,,0,
https://openalex.org/w1909395128,https://doi.org/10.1111/j.1600-0897.2011.01028.x,,,0,
https://openalex.org/w2135609198,https://doi.org/10.3109/08820139.2013.837918,,,0,
https://openalex.org/w1998973925,https://doi.org/10.1097/mbc.0000000000000210,,,0,
https://openalex.org/w2417318489,,,,0,
https://openalex.org/w2412181504,,,,0,
https://openalex.org/w2087136938,https://doi.org/10.1016/j.medcli.2009.05.010,,,0,
https://openalex.org/w2611047016,https://doi.org/10.1097/nrl.0000000000000120,,,0,
https://openalex.org/w2037917295,https://doi.org/10.1016/j.ccc.2012.04.009,,000-186-834-776-269,0,
https://openalex.org/w2086184917,https://doi.org/10.1177/1358863x07084729,,,0,
https://openalex.org/w2169002807,,,,1,
https://openalex.org/w2169170934,https://doi.org/10.1373/clinchem.2004.043414,,,0,
https://openalex.org/w1982115946,https://doi.org/10.1016/s0049-3848(11)70125-6,,,0,
https://openalex.org/w2127264088,https://doi.org/10.1016/j.ejogrb.2004.07.003,,,0,
https://openalex.org/w1991182546,https://doi.org/10.1016/j.autrev.2011.04.031,,,0,
https://openalex.org/w2073945239,https://doi.org/10.1191/0961203303lu530xx,,,0,
https://openalex.org/w1965080764,https://doi.org/10.1016/j.autrev.2013.10.004,,,0,
https://openalex.org/w1953029611,,,,0,
https://openalex.org/w2327171140,https://doi.org/10.5551/jat.34488,,,0,
https://openalex.org/w2611615732,https://doi.org/10.1182/blood.v128.22.4983.4983,,,0,
https://openalex.org/w2082922797,https://doi.org/10.1177/096120339800700233,,,0,
https://openalex.org/w2171607487,https://doi.org/10.1177/107602960100700405,,,1,
https://openalex.org/w2314459420,https://doi.org/,,,0,
https://openalex.org/w2039827475,https://doi.org/10.1253/circj.cj-15-0167,,,0,
https://openalex.org/w2617087217,https://doi.org/10.1016/j.autrev.2017.05.017,,,0,
https://openalex.org/w2405702699,https://doi.org/10.1055/s-0035-1571249,,,0,
https://openalex.org/w2272096179,https://doi.org/10.1016/s0022-2275(20)31631-x,,,0,
https://openalex.org/w2080226771,https://doi.org/10.1177/0961203311406308,,,0,
https://openalex.org/w2023628713,https://doi.org/10.1093/clinids/11.supplement_4.s705,,,0,
https://openalex.org/w1980841274,https://doi.org/10.1006/jaut.2000.0424,,,0,
https://openalex.org/w2329040238,https://doi.org/10.2174/157339711798221013,,,0,
https://openalex.org/w2492463860,https://doi.org/10.1542/hpeds.2015-0281,,,0,
https://openalex.org/w1513102126,,,,0,
https://openalex.org/w1982988473,https://doi.org/10.1007/s10067-004-0864-0,,,0,
https://openalex.org/w2420627871,,,,0,
https://openalex.org/w1600623815,,,,0,
https://openalex.org/w4210593746,https://doi.org/10.1038/nrdp.2017.103,,,0,
https://openalex.org/w2410444514,,,,1,
https://openalex.org/w2405930782,,,,0,
https://openalex.org/w2164761163,,,,0,
https://openalex.org/w2011203903,https://doi.org/10.1016/0002-9378(90)91296-o,,,0,
https://openalex.org/w1982737375,https://doi.org/10.1001/archinte.164.22.2472,,,0,
https://openalex.org/w2017784958,https://doi.org/10.1097/bor.0b013e328344c3f7,,,0,
https://openalex.org/w2586122390,https://doi.org/10.1016/j.thromres.2017.02.001,,,0,
https://openalex.org/w2460433796,,,,0,
https://openalex.org/w2085316276,https://doi.org/10.1111/1756-185x.12324,,,0,
https://openalex.org/w2069937769,https://doi.org/10.1586/17474086.2014.892413,,,0,
https://openalex.org/w2558348594,https://doi.org/10.1159/000318093,,,0,
https://openalex.org/w2099409593,https://doi.org/10.2478/v10039-009-0028-1,,,0,
https://openalex.org/w2043603764,https://doi.org/10.1016/j.semarthrit.2007.08.001,,,0,
https://openalex.org/w2028041516,https://doi.org/10.1111/jth.12540,,,0,
https://openalex.org/w1965710589,https://doi.org/10.1016/j.thromres.2004.06.033,,,0,
https://openalex.org/w2402018550,,,,0,
https://openalex.org/w1964827482,https://doi.org/10.1007/s00296-014-3209-6,,,0,
https://openalex.org/w1652218991,https://doi.org/10.1136/annrheumdis-2015-eular.6707,,,0,
https://openalex.org/w2103611654,https://doi.org/10.1093/rheumatology/keh490,,,0,
https://openalex.org/w2153286408,https://doi.org/10.1177/0885066609335756,,,0,
https://openalex.org/w2098727550,https://doi.org/10.1161/01.str.17.1.98,,,0,
https://openalex.org/w2074257059,https://doi.org/10.1016/j.thromres.2013.11.027,,,0,
https://openalex.org/w35678847,,,,0,
https://openalex.org/w1971688095,https://doi.org/10.1016/s0889-857x(07)70003-0,,,0,
https://openalex.org/w2095301153,https://doi.org/10.1002/ajh.20188,,,0,
https://openalex.org/w2330589592,https://doi.org/10.1097/00003081-200103000-00002,,,0,
https://openalex.org/w1991433622,https://doi.org/10.1007/s11926-010-0141-y,,,0,
https://openalex.org/w2115165293,https://doi.org/10.1097/01.mcp.0000174229.24854.2e,,,0,
https://openalex.org/w2083381075,https://doi.org/10.1016/0049-3848(89)90152-7,,,0,
https://openalex.org/w2098261358,https://doi.org/10.1093/rheumatology/ket126,,,0,
https://openalex.org/w2013617379,https://doi.org/10.1111/j.1365-2141.1993.tb03144.x,,,0,
https://openalex.org/w1969766269,https://doi.org/10.1111/j.1468-1331.2004.00833.x,,,0,
https://openalex.org/w2067597003,https://doi.org/10.3899/jrheum.080585,,074-028-844-712-067,0,
https://openalex.org/w2415491556,,,,0,
https://openalex.org/w2096652486,https://doi.org/10.1186/ar1876,,,0,
https://openalex.org/w2023929943,https://doi.org/10.1056/nejmra1112830,,047-612-365-565-251,0,
https://openalex.org/w2123017342,https://doi.org/10.1378/chest.12-0759,,,0,
https://openalex.org/w4245796320,https://doi.org/10.1016/j.fertnstert.2004.05.042,,,0,
https://openalex.org/w2074674463,https://doi.org/10.1191/0961203304lu1032oa,,,0,
https://openalex.org/w2079211220,https://doi.org/10.1007/s12011-007-8077-4,,,0,
https://openalex.org/w4248923399,https://doi.org/10.1016/j.autrev.2014.12.010,,,1,
https://openalex.org/w1959216194,https://doi.org/10.1007/s10787-015-0239-y,,,0,
https://openalex.org/w2011147899,https://doi.org/10.1159/000247529,,,0,
https://openalex.org/w2401167961,https://doi.org/10.1136/bcr-2015-211276,,,0,
https://openalex.org/w2609406728,https://doi.org/10.1177/0961203317704710,,,0,
https://openalex.org/w1984587506,https://doi.org/10.1159/000217099,,,0,
https://openalex.org/w2321758759,https://doi.org/10.1007/s10304-004-0096-z,,,0,
https://openalex.org/w2101092063,https://doi.org/10.1016/s1472-6483(10)60075-2,,,1,
https://openalex.org/w2410804530,,,,0,
https://openalex.org/w2159139818,https://doi.org/10.1016/j.bpobgyn.2008.06.004,,,0,
https://openalex.org/w115642794,https://doi.org/10.26719/2010.16.3.308,,,1,
https://openalex.org/w2290900023,https://doi.org/10.1159/000444535,,,0,
https://openalex.org/w2153873167,https://doi.org/10.1002/1529-0131(199804)41:4<751::aid-art31>3.0.co;2-t,,,0,
https://openalex.org/w2019168181,https://doi.org/10.1177/000331970405500409,,,0,
https://openalex.org/w2417654862,https://doi.org/10.1055/s-0035-1556725,,,0,
https://openalex.org/w2071592438,https://doi.org/10.1097/gco.0b013e3282f10e33,,,0,
https://openalex.org/w2781935993,https://doi.org/10.1016/j.semarthrit.2017.12.006,,,0,
https://openalex.org/w2004139364,https://doi.org/10.2169/internalmedicine.49.4107,,,0,
https://openalex.org/w2062504201,https://doi.org/10.1007/s00277-014-2245-3,,,0,
https://openalex.org/w2094274275,https://doi.org/10.1160/th07-08-0513,,,0,
https://openalex.org/w4230828095,https://doi.org/10.23736/s0026-4954.17.01777-1,,,0,
https://openalex.org/w4245448246,https://doi.org/10.1136/bmj.h1426,,085-820-958-550-682,0,
https://openalex.org/w2167634851,https://doi.org/10.1016/0049-0172(94)90073-6,,,0,
https://openalex.org/w2020025788,https://doi.org/10.1002/jmr.619,,,0,
https://openalex.org/w2419461746,,,,0,
https://openalex.org/w2067533511,https://doi.org/10.1177/096120339400300420,,,0,
https://openalex.org/w2028440353,https://doi.org/10.1016/0049-3848(88)90133-8,,,0,
https://openalex.org/w1994837536,https://doi.org/10.1159/000222430,,,0,
https://openalex.org/w1923759206,https://doi.org/10.1111/1756-185x.12654,,,0,
https://openalex.org/w1985181188,https://doi.org/10.1038/nrneph.2011.150,,,0,
https://openalex.org/w2409448977,https://doi.org/10.1055/s-2003-44467,,,0,
https://openalex.org/w2406541601,,,,0,
https://openalex.org/w4251020623,https://doi.org/10.1310/hpj4512-947,,000-236-989-706-049,0,
https://openalex.org/w2002937953,https://doi.org/10.1002/art.11101,,065-970-109-355-610,0,
https://openalex.org/w2156790432,https://doi.org/10.1016/j.jbspin.2006.07.002,,,0,
https://openalex.org/w2060359830,https://doi.org/10.1586/eci.12.36,,,0,
https://openalex.org/w1989133653,https://doi.org/10.1016/j.jstrokecerebrovasdis.2012.07.004,,,0,
https://openalex.org/w1986114335,https://doi.org/10.1111/j.1365-2141.2006.05960.x,,,0,
https://openalex.org/w157535844,https://doi.org/10.1055/s-0037-1613033,,,0,
https://openalex.org/w2050019577,https://doi.org/10.1046/j.1365-2141.2003.04161.x,,,0,
https://openalex.org/w2547791325,https://doi.org/10.1177/0004563216672248,,,0,
https://openalex.org/w2270009515,https://doi.org/10.1016/j.ejogrb.2016.01.035,,,0,
https://openalex.org/w1964673028,https://doi.org/10.1097/mbc.0000000000000235,,,0,
https://openalex.org/w2415505111,,,,0,
https://openalex.org/w1835538070,,,,0,
https://openalex.org/w2019105861,https://doi.org/10.1586/1744666x.2013.811183,,,0,
https://openalex.org/w1505076808,https://doi.org/10.1097/00007611-200406000-00019,,,0,
https://openalex.org/w2110024168,https://doi.org/10.1136/pgmj.2004.026369,,,0,
https://openalex.org/w2159231315,https://doi.org/10.1093/humrep/12.1.197,,,0,
https://openalex.org/w1988399227,https://doi.org/10.1007/s10067-007-0818-4,,,0,
https://openalex.org/w2031868046,https://doi.org/10.1016/s0049-3848(00)00314-5,,,0,
https://openalex.org/w2094000916,https://doi.org/10.1017/s0317167100010271,,,0,
https://openalex.org/w2026001673,https://doi.org/10.3899/jrheum.091420,,,0,
https://openalex.org/w1913291412,,,,0,
https://openalex.org/w2084030336,https://doi.org/10.1055/s-0033-1364185,,,0,
https://openalex.org/w2019564560,https://doi.org/10.1016/j.hoc.2007.10.001,,,0,
https://openalex.org/w2015087086,https://doi.org/10.1182/blood-2003-11-4085,,,0,
https://openalex.org/w2009609046,https://doi.org/10.1212/01.con.0000299988.78952.d9,,,0,
https://openalex.org/w2059495478,https://doi.org/10.1111/aji.12341,,,0,
https://openalex.org/w1975273203,https://doi.org/10.1177/096120339200100201,,,0,
https://openalex.org/w4298069177,https://doi.org/10.1055/s-0037-1615095,,,0,
https://openalex.org/w2070549354,https://doi.org/10.1016/s0049-3848(11)70011-1,,,0,
https://openalex.org/w2508609171,https://doi.org/10.1016/j.thromres.2016.09.004,,,0,
https://openalex.org/w1985508801,https://doi.org/10.1054/midw.2000.0242,,,0,
https://openalex.org/w2290610470,https://doi.org/10.1093/ndt/9.10.1482,,,0,
https://openalex.org/w2075476600,https://doi.org/10.1016/j.reuma.2010.06.002,,,0,
https://openalex.org/w1995441822,https://doi.org/10.1016/j.ejvs.2005.05.038,,,0,
https://openalex.org/w1687914218,https://doi.org/10.1055/s-0037-1614882,,,0,
https://openalex.org/w2154304926,,,,0,
https://openalex.org/w2112422400,https://doi.org/10.1067/mob.2000.106754,,,1,
https://openalex.org/w2000829542,https://doi.org/10.1191/0961203306lu2268cr,,,0,
https://openalex.org/w857577097,https://doi.org/10.1177/0961203315595128,,,0,
https://openalex.org/w2191711467,https://doi.org/10.3928/00904481-20150611-11,,,0,
https://openalex.org/w2315434631,https://doi.org/10.1055/s-0032-1304714,,,0,
https://openalex.org/w1966049677,https://doi.org/10.1136/ard.46.8.612,,,0,
https://openalex.org/w2131971933,https://doi.org/10.1177/1944451611408601,,,0,
https://openalex.org/w2599372965,https://doi.org/10.1182/blood.v128.22.2448.2448,,,0,
https://openalex.org/w2084878613,https://doi.org/10.1097/00000441-197901000-00005,,,0,
https://openalex.org/w2115393572,https://doi.org/10.1177/0961203314534307,,,0,
https://openalex.org/w2004184866,https://doi.org/10.1016/j.placenta.2006.10.001,,,0,
https://openalex.org/w2319795850,https://doi.org/10.1097/00062752-200009000-00011,,,0,
https://openalex.org/w2123027509,https://doi.org/10.1055/s-0031-1279831,,,0,
https://openalex.org/w2019166882,https://doi.org/10.1007/s10067-003-0846-7,,,0,
https://openalex.org/w2034391839,https://doi.org/10.1111/j.1365-2133.1991.tb14741.x,,,0,
https://openalex.org/w1990215895,https://doi.org/10.1016/0091-2182(94)90038-8,,,0,
https://openalex.org/w2132099411,https://doi.org/10.1161/01.str.29.11.2245,,,1,
https://openalex.org/w1990695263,https://doi.org/10.1007/s005990070023,,,0,
https://openalex.org/w2155321718,https://doi.org/10.1177/0961203311429554,,,0,
https://openalex.org/w2082280796,https://doi.org/10.4103/0970-2113.142133,,,0,
https://openalex.org/w1974518591,https://doi.org/10.1182/asheducation-2005.1.462,,,0,
https://openalex.org/w2413468817,,,,0,
https://openalex.org/w1535384969,https://doi.org/10.1002/art.37735,,,0,
https://openalex.org/w2329104075,https://doi.org/10.1097/mbc.0b013e328360c71b,,,0,
https://openalex.org/w2735251254,https://doi.org/10.1515/cclm-2017-0473,,,0,
https://openalex.org/w2004603769,https://doi.org/10.1016/j.ejim.2013.08.477,,,0,
https://openalex.org/w2582229663,https://doi.org/10.1111/aji.12634,,,0,
https://openalex.org/w2323812107,https://doi.org/10.1136/annrheumdis-2014-eular.6200,,,0,
https://openalex.org/w1509730841,https://doi.org/10.1111/epi.12012,,,0,
https://openalex.org/w2059119300,https://doi.org/10.1182/blood-2010-10-313072,,,0,
https://openalex.org/w1976108666,https://doi.org/10.1016/s0002-9378(96)70610-5,,,1,
https://openalex.org/w2056671091,https://doi.org/10.1111/bjh.12848,,,0,
https://openalex.org/w2018902003,https://doi.org/10.1111/j.1365-2362.1990.tb01908.x,,,0,
https://openalex.org/w2019504598,https://doi.org/10.1016/s0950-3579(05)80245-6,,,0,
https://openalex.org/w2024287736,https://doi.org/10.1016/0049-3848(94)90095-7,,,0,
https://openalex.org/w2594235118,https://doi.org/10.1007/s11910-017-0728-z,,,0,
https://openalex.org/w1963494811,https://doi.org/10.1177/0961203312465782,,,0,
https://openalex.org/w314207315,https://doi.org/10.5070/d3215027519,,,0,
https://openalex.org/w2413905942,https://doi.org/10.1136/annrheumdis-2015-eular.4734,,,0,
https://openalex.org/w2044043417,https://doi.org/10.1182/blood-2002-02-0441,,,0,
https://openalex.org/w2021930199,https://doi.org/10.2169/internalmedicine.51.6545,,,0,
https://openalex.org/w2163505364,https://doi.org/10.1177/2047487314546826,,,0,
https://openalex.org/w2592576678,https://doi.org/10.1007/s00108-017-0211-6,,,0,
https://openalex.org/w2750821363,https://doi.org/10.1136/bcr-2017-220001,,,0,
https://openalex.org/w2019537252,https://doi.org/10.1007/s11926-001-0021-6,,,0,
https://openalex.org/w2003210611,https://doi.org/10.1016/s0049-3848(02)00189-5,,,0,
https://openalex.org/w42705460,https://doi.org/10.1016/j.jacc.2007.11.080,,,0,
https://openalex.org/w2547605747,https://doi.org/10.1007/s11926-016-0623-7,,,1,
https://openalex.org/w2124263736,https://doi.org/10.1177/0961203312464803,,,0,
https://openalex.org/w2098946457,https://doi.org/10.1006/jaut.2000.0394,,,0,
https://openalex.org/w2548912661,https://doi.org/10.1177/1358863x16668588,,,1,
https://openalex.org/w2139100222,https://doi.org/10.1177/0961203311401458,,,0,
https://openalex.org/w2026271162,https://doi.org/10.1016/s0049-3848(97)00299-5,,,0,
https://openalex.org/w2166004610,https://doi.org/10.1111/j.1538-7836.2004.00904.x,,048-644-856-573-531,0,
https://openalex.org/w2077525997,https://doi.org/10.1177/0961203310361489,,,0,
https://openalex.org/w2765596482,https://doi.org/10.1111/ene.13499,,,0,
https://openalex.org/w2007687382,https://doi.org/10.2298/vsp1108705j,,,0,
https://openalex.org/w3092642076,https://doi.org/10.1046/j.1365-2141.2000.02069.x,,,0,
https://openalex.org/w2405119452,,,,0,
https://openalex.org/w2087315090,https://doi.org/10.1160/th12-06-0381,,,0,
https://openalex.org/w1980703369,https://doi.org/10.1007/bf00936890,,,0,
https://openalex.org/w2046537422,https://doi.org/10.1111/j.1365-2362.2010.02281.x,,,0,
https://openalex.org/w2409418092,,,,0,
https://openalex.org/w2061430740,https://doi.org/10.1093/rheumatology/30.6.471,,,0,
https://openalex.org/w2389097279,https://doi.org/10.1016/j.semarthrit.2016.05.001,,,0,
https://openalex.org/w2043764018,https://doi.org/10.1111/jth.12865,,,1,
https://openalex.org/w2111327353,https://doi.org/10.1093/qjmed/91.9.619,,,0,
https://openalex.org/w2036917673,https://doi.org/10.1177/0961203310392430,,,0,
https://openalex.org/w2099288634,https://doi.org/10.1074/jbc.m504172200,,,0,
https://openalex.org/w2073548166,https://doi.org/10.1016/0049-3848(93)90229-h,,,0,
https://openalex.org/w1963970819,https://doi.org/10.1002/art.21351,,,0,
https://openalex.org/w2051607310,https://doi.org/10.1177/0961203314537361,,,0,
https://openalex.org/w2099837334,https://doi.org/10.1177/0961203309104860,,,0,
https://openalex.org/w2019079519,https://doi.org/10.1111/j.1600-0609.1995.tb00707.x,,,0,
https://openalex.org/w1990904951,https://doi.org/10.1002/ana.410250303,,,0,
https://openalex.org/w2021634105,https://doi.org/10.1016/j.thromres.2009.12.006,,,0,
https://openalex.org/w2120015384,https://doi.org/10.1093/rheumatology/26.4.262,,,0,
https://openalex.org/w2116230005,https://doi.org/10.1345/aph.1h506,,,0,
https://openalex.org/w2093914882,https://doi.org/10.12968/hmed.2008.69.7.30413,,,0,
https://openalex.org/w2096642584,https://doi.org/10.1016/j.clineuro.2004.10.004,,,0,
https://openalex.org/w2122392786,https://doi.org/10.2174/157016111796642715,,,0,
https://openalex.org/w1978373732,https://doi.org/10.2177/jsci.31.152,,,0,
https://openalex.org/w2042569871,https://doi.org/10.1111/j.1600-0897.1998.tb00375.x,,,0,
https://openalex.org/w2197795239,,,,0,
https://openalex.org/w2333028510,https://doi.org/10.1093/rheumatology/ker436,,,0,
https://openalex.org/w1986378262,https://doi.org/10.1371/journal.pone.0055843,,,0,
https://openalex.org/w2170494317,https://doi.org/10.1093/ndt/gfq356,,,0,
https://openalex.org/w1923295262,https://doi.org/10.1684/ejd.2007.0280,,,0,
https://openalex.org/w2487085249,https://doi.org/10.1016/j.autrev.2016.07.028,,,0,
https://openalex.org/w1972425730,https://doi.org/10.1093/rheumatology/40.10.1195,,,0,
https://openalex.org/w2121501416,https://doi.org/10.1080/13697130903025449,,,0,
https://openalex.org/w1935104065,,,,0,
https://openalex.org/w1966692935,https://doi.org/10.1016/s0950-3552(05)80008-2,,,0,
https://openalex.org/w2460722726,https://doi.org/10.3390/antib5030017,,,0,
https://openalex.org/w1990291647,https://doi.org/10.1016/j.jri.2014.09.052,,,0,
https://openalex.org/w1845037068,https://doi.org/10.1017/s1355617797003779,,,0,
https://openalex.org/w2105482507,https://doi.org/10.1191/0961203303lu394oa,,,0,
https://openalex.org/w2048361605,https://doi.org/10.2169/internalmedicine.50.6342,,,0,
https://openalex.org/w2045483283,https://doi.org/10.1111/j.1365-3083.1992.tb03124.x,,,0,
https://openalex.org/w2077806147,https://doi.org/10.1182/blood-2008-03-144204,,,0,
https://openalex.org/w188184690,,,,0,
https://openalex.org/w2028039345,https://doi.org/10.1161/01.str.28.3.646,,,0,
https://openalex.org/w1976368570,https://doi.org/10.1111/j.1755-5922.2009.00077.x,,,0,
https://openalex.org/w2321393848,https://doi.org/10.1136/annrheumdis-2013-eular.132,,,0,
https://openalex.org/w2120449161,https://doi.org/10.3748/wjg.v17.i42.4704,,,0,
https://openalex.org/w2066794698,https://doi.org/10.1016/j.numecd.2009.10.016,,,0,
https://openalex.org/w4247932467,https://doi.org/10.1177/112972980700800207,,,0,
https://openalex.org/w2017573410,https://doi.org/10.1111/jth.12537,,,0,
https://openalex.org/w2000642067,https://doi.org/10.1016/0049-3848(82)90003-2,,,0,
https://openalex.org/w1986032308,https://doi.org/10.1016/j.jbspin.2006.09.003,,,0,
https://openalex.org/w2405455530,,,,0,
https://openalex.org/w2462553530,,,,0,
https://openalex.org/w2395319006,,,,0,
https://openalex.org/w1981916305,https://doi.org/10.1016/s0272-5231(03)00122-9,,,0,
https://openalex.org/w127284847,,,,0,
https://openalex.org/w2027467473,https://doi.org/10.1111/j.1538-7836.2005.01340.x,,,1,
https://openalex.org/w2128649547,https://doi.org/10.1093/rheumatology/keh708,,,0,
https://openalex.org/w323921662,https://doi.org/10.1007/0-306-48382-3_81,,016-498-473-907-262,0,
https://openalex.org/w2079704511,https://doi.org/10.1002/art.20120,,,0,
https://openalex.org/w1981523852,https://doi.org/10.1007/s003300101019,,,0,
https://openalex.org/w2125980624,https://doi.org/10.1590/s1516-31802005000100004,,,0,
https://openalex.org/w2148446738,https://doi.org/10.3109/09513590.2011.650754,,,0,
https://openalex.org/w1998706781,https://doi.org/10.1191/096120399678840819,,,0,
https://openalex.org/w2010742282,https://doi.org/10.4103/0971-4065.101266,,,0,
https://openalex.org/w2013042322,https://doi.org/10.1007/s11926-006-0048-9,,,0,
https://openalex.org/w2166667398,https://doi.org/10.1161/strokeaha.115.009528,,,0,
https://openalex.org/w2110142817,https://doi.org/10.1182/blood-2010-05-283507,,,0,
https://openalex.org/w2466740458,https://doi.org/10.1111/hae.12956,,,0,
https://openalex.org/w2114058254,https://doi.org/10.1530/eje-15-0308,,,0,
https://openalex.org/w1963388251,,,,0,
https://openalex.org/w2105721002,https://doi.org/10.2217/17460816.3.2.143,,,0,
https://openalex.org/w2094599744,https://doi.org/10.1097/01.rhu.0000250481.90932.7b,,,0,
https://openalex.org/w2313385537,https://doi.org/10.1164/ajrccm-conference.2012.185.1_meetingabstracts.a3178,,,0,
https://openalex.org/w2125741843,https://doi.org/10.1046/j.1440-1827.2000.01026.x,,,0,
https://openalex.org/w2022394338,https://doi.org/10.1160/th06-09-0537,,,0,
https://openalex.org/w2019684561,https://doi.org/10.1111/j.1365-2249.2008.03774.x,,,0,
https://openalex.org/w2095400406,https://doi.org/10.1111/jth.12208,,,0,
https://openalex.org/w2043203683,https://doi.org/10.2174/157340806777934775,,,0,
https://openalex.org/w2068594305,https://doi.org/10.1006/jaut.2000.0403,,,0,
https://openalex.org/w1977177093,https://doi.org/10.1097/00001721-200412000-00003,,,0,
https://openalex.org/w2324341582,https://doi.org/10.1097/mbc.0000000000000486,,,0,
https://openalex.org/w2096055336,https://doi.org/10.1002/pro.387,,,0,
https://openalex.org/w1982005130,https://doi.org/10.2217/17455057.2.6.873,,,0,
https://openalex.org/w2097966988,https://doi.org/10.1053/sarh.2001.19961,,,0,
https://openalex.org/w2142963531,https://doi.org/10.3899/jrheum.090872,,,0,
https://openalex.org/w2058614095,https://doi.org/10.1002/art.21549,,,0,
https://openalex.org/w2120164350,https://doi.org/10.1136/ard.62.6.540,,,0,
https://openalex.org/w1999590302,https://doi.org/10.1016/j.jaut.2007.02.013,,,0,
https://openalex.org/w2128792066,https://doi.org/10.3899/jrheum.120205,,,0,
https://openalex.org/w2047184949,https://doi.org/10.3899/jrheum.100568,,,0,
https://openalex.org/w2121019653,https://doi.org/10.3390/ijms160818185,,,0,
https://openalex.org/w2106636828,https://doi.org/10.1016/j.hoc.2009.08.010,,,0,
https://openalex.org/w2029590565,https://doi.org/10.1159/000117069,,,0,
https://openalex.org/w2110088747,https://doi.org/10.1093/rheumatology/kem219,,,0,
https://openalex.org/w2328233032,https://doi.org/10.1007/s11926-016-0573-0,,,0,
https://openalex.org/w2090867871,https://doi.org/10.1097/00001721-200306000-00011,,,0,
https://openalex.org/w2030347570,https://doi.org/10.1097/mbc.0b013e32809cc95a,,,0,
https://openalex.org/w2031004247,https://doi.org/10.1080/10245330500141309,,,0,
https://openalex.org/w1968350952,https://doi.org/10.1007/s003800200021,,,0,
https://openalex.org/w2416289099,,,,0,
https://openalex.org/w2409047424,,,,0,
https://openalex.org/w2114731649,https://doi.org/10.1007/s10067-011-1710-9,,,0,
https://openalex.org/w2409734937,,,,0,
https://openalex.org/w2121703546,https://doi.org/10.2174/1567202611666140522123504,,,0,
https://openalex.org/w2407222743,https://doi.org/10.1055/s-0038-1648530,,,0,
https://openalex.org/w2042081333,https://doi.org/10.1016/s0049-3848(00)00243-7,,,0,
https://openalex.org/w2043301733,https://doi.org/10.1177/096120330101001109,,,0,
https://openalex.org/w2062577681,https://doi.org/10.1177/1076029607306400,,,1,
https://openalex.org/w1989257876,https://doi.org/10.1177/0961203309360810,,,0,
https://openalex.org/w4211141228,https://doi.org/10.1016/j.survophthal.2005.04.001,,,0,
https://openalex.org/w2417179397,https://doi.org/10.1055/s-0038-1649811,,,0,
https://openalex.org/w2167210243,https://doi.org/10.1161/01.res.88.2.245,,,0,
https://openalex.org/w2329546136,https://doi.org/10.1097/01.ccm.0000440578.59344.a3,,,0,
https://openalex.org/w2097756182,https://doi.org/10.1191/0961203305lu2211oa,,,0,
https://openalex.org/w2100345855,https://doi.org/10.1186/ar4399,,,0,
https://openalex.org/w2158296779,https://doi.org/10.1016/s0049-3848(14)50359-3,,,0,
https://openalex.org/w2328956786,https://doi.org/10.1038/srep23839,,,0,
https://openalex.org/w4237240532,https://doi.org/10.1177/172460080802300105,,,0,
https://openalex.org/w2077559985,https://doi.org/10.1097/01.aog.0000136083.13544.02,,,0,
https://openalex.org/w3144549928,https://doi.org/10.1001/jama.291.22.2701-c,,,0,
https://openalex.org/w2396153568,,,,0,
https://openalex.org/w2281102156,,,,0,
https://openalex.org/w2252831296,,,,0,
https://openalex.org/w2034842502,https://doi.org/10.1385/criai:29:3:213,,,0,
https://openalex.org/w2337672312,https://doi.org/10.1177/1076029615594003,,,0,
https://openalex.org/w2344864653,https://doi.org/10.1007/s12185-016-2003-5,,,0,
https://openalex.org/w4206628437,https://doi.org/10.1111/j.1365-2362.2009.02244.x,,,0,
https://openalex.org/w1964874026,https://doi.org/10.1016/s0268-960x(97)90013-8,,,0,
https://openalex.org/w2021861410,https://doi.org/10.1016/j.autrev.2011.12.011,,,0,
https://openalex.org/w1990336377,https://doi.org/10.1007/s11926-009-0073-6,,,0,
https://openalex.org/w2120351080,https://doi.org/10.1080/10245330310001594216,,,1,
https://openalex.org/w2209616434,https://doi.org/10.2217/ijr.15.25,,,0,
https://openalex.org/w2140985069,https://doi.org/10.1016/j.ejcts.2004.12.062,,,0,
https://openalex.org/w2066761828,https://doi.org/10.1097/01.md.0000231955.08350.1b,,,0,
https://openalex.org/w2057171673,https://doi.org/10.1111/j.1600-0897.1996.tb00143.x,,,0,
https://openalex.org/w1523830478,,,,0,
https://openalex.org/w2109078735,https://doi.org/10.1191/096120398678920811,,,0,
https://openalex.org/w2188480534,,,,0,
https://openalex.org/w2118723791,,,,0,
https://openalex.org/w2085953444,https://doi.org/10.1016/j.autrev.2014.05.004,,,0,
https://openalex.org/w2097222555,https://doi.org/10.1016/j.transproceed.2004.12.151,,,0,
https://openalex.org/w2137493532,https://doi.org/10.1186/s13023-015-0288-8,,,0,
https://openalex.org/w2325816161,https://doi.org/10.1111/bjh.14043,,,0,
https://openalex.org/w1971707537,https://doi.org/10.1097/00007890-200203270-00026,,,0,
https://openalex.org/w2061076433,https://doi.org/10.1378/chest.127.3.922,,,0,
https://openalex.org/w1767365477,,,,0,
https://openalex.org/w2126713301,https://doi.org/10.1183/09031936.00087608,,,0,
https://openalex.org/w1936117952,https://doi.org/10.1093/oxfordjournals.humrep.a135907,,,0,
https://openalex.org/w2057104175,https://doi.org/10.1055/s-2001-14669,,,0,
https://openalex.org/w2332173067,https://doi.org/10.4999/uhod.10095,,176-211-955-306-719,0,
https://openalex.org/w2394919776,,,,0,
https://openalex.org/w2145788614,https://doi.org/10.1177/0961203307078973,,,0,
https://openalex.org/w2037981154,https://doi.org/10.1111/j.1365-2133.2008.08780.x,,,0,
https://openalex.org/w2011995978,https://doi.org/10.1097/md.0b013e3182a5cf71,,,0,
https://openalex.org/w75371896,https://doi.org/10.5070/d354f9m4sr,,,0,
https://openalex.org/w4211023937,https://doi.org/10.1016/s0140-6736(10)60709-x,,,0,
https://openalex.org/w2095639962,https://doi.org/10.1177/107602960300900209,,,0,
https://openalex.org/w2254380196,https://doi.org/10.20452/pamw.2025,,,0,
https://openalex.org/w2418553892,,,,0,
https://openalex.org/w4322702227,https://doi.org/10.1055/s-0037-1614491,,,0,
https://openalex.org/w2416483710,,,,0,
https://openalex.org/w1980076983,https://doi.org/10.1136/emj.2005.033233,,,0,
https://openalex.org/w99686889,,,,0,
https://openalex.org/w102809647,https://doi.org/10.1016/s0015-0282(16)58565-3,,,0,
https://openalex.org/w2326289659,https://doi.org/10.1016/j.chest.2016.02.542,,,0,
https://openalex.org/w2135719284,https://doi.org/10.1093/rheumatology/kep373,,,1,
https://openalex.org/w2408820274,https://doi.org/10.1055/s-0038-1649818,,,0,
https://openalex.org/w2323502063,https://doi.org/10.1097/00004836-200010000-00011,,,0,
https://openalex.org/w2019010656,https://doi.org/10.1097/tp.0b013e31816f60cf,,,0,
https://openalex.org/w2093329618,https://doi.org/10.1016/s0161-6420(90)32613-1,,,0,
https://openalex.org/w2418987774,https://doi.org/10.1056/nejm199711273372214,,,0,
https://openalex.org/w2132691514,https://doi.org/10.1093/rheumatology/kev371,,,0,
https://openalex.org/w2192526706,https://doi.org/10.1024/0040-5930/a000742,,,0,
https://openalex.org/w2013925195,https://doi.org/10.1007/s11239-014-1089-y,,,0,
https://openalex.org/w4237448251,https://doi.org/10.1016/j.periop.2008.12.001,,,0,
https://openalex.org/w1996953498,https://doi.org/10.1160/th11-08-0554,,,0,
https://openalex.org/w2398286418,,,,0,
https://openalex.org/w4321429537,https://doi.org/10.1055/s-0037-1614424,,,0,
https://openalex.org/w2043820649,https://doi.org/10.1016/s0272-6386(12)80986-3,,,0,
https://openalex.org/w2274020490,,,,0,
https://openalex.org/w2131754095,https://doi.org/10.1016/j.semnephrol.2006.09.006,,,0,
https://openalex.org/w2094357207,https://doi.org/10.1016/j.ijcard.2015.03.134,,,0,
https://openalex.org/w2013695634,https://doi.org/10.1097/dad.0b013e31827eaf0b,,,0,
https://openalex.org/w2417211773,,,,0,
https://openalex.org/w2466287388,,,,0,
https://openalex.org/w2005214515,https://doi.org/10.1177/096120339600500307,,,0,
https://openalex.org/w1987797684,https://doi.org/10.1136/ard.2003.012542,,022-657-884-598-495,0,
https://openalex.org/w2022623034,https://doi.org/10.1007/s12016-008-8110-1,,,0,
https://openalex.org/w2127200255,https://doi.org/10.1016/j.semarthrit.2008.12.001,,,0,
https://openalex.org/w2092457528,https://doi.org/10.1227/01.neu.0000325730.77263.7e,,,0,
https://openalex.org/w2003067949,https://doi.org/10.1515/jpme.1997.25.2.192,,,0,
https://openalex.org/w2068388876,https://doi.org/10.1016/j.clindermatol.2006.07.005,,,0,
https://openalex.org/w2104607571,https://doi.org/10.1111/j.1600-0897.2004.00215.x,,,0,
https://openalex.org/w2160595372,https://doi.org/10.1155/2014/704371,,,0,
https://openalex.org/w98097540,,,,0,
https://openalex.org/w202090115,,,,0,
https://openalex.org/w2089818243,https://doi.org/10.1016/j.hermed.2011.05.003,,,0,
https://openalex.org/w2160270037,https://doi.org/10.1191/0961203305lu2058oa,,,0,
https://openalex.org/w2044263580,https://doi.org/10.1016/j.ajog.2014.12.021,,,0,
https://openalex.org/w2075300067,https://doi.org/10.1016/0272-6386(95)90443-3,,,0,
https://openalex.org/w158300267,,,,0,
https://openalex.org/w2554729146,https://doi.org/10.1182/blood.v126.23.630.630,,,0,
https://openalex.org/w2002097520,https://doi.org/10.1016/s0022-510x(97)00137-8,,,0,
https://openalex.org/w2045424183,https://doi.org/10.1016/j.revmed.2011.09.018,,,0,
https://openalex.org/w2052905773,https://doi.org/10.1097/pat.0000000000000142,,,0,
https://openalex.org/w2061629710,https://doi.org/10.1007/s00394-004-0456-4,,,0,
https://openalex.org/w2280606676,https://doi.org/10.1093/oxfordjournals.humrep.a137617,,,0,
https://openalex.org/w2014173534,https://doi.org/10.1007/s10067-005-1166-x,,,0,
https://openalex.org/w1986600432,https://doi.org/10.1542/pir.32-4-135,,,0,
https://openalex.org/w1999555834,https://doi.org/10.1038/nrrheum.2011.52,,,0,
https://openalex.org/w2075286770,https://doi.org/10.1016/j.thromres.2006.05.015,,,0,
https://openalex.org/w2092394431,https://doi.org/10.1080/09537100903096676,,,0,
https://openalex.org/w2159378994,https://doi.org/10.1185/030079902125001371,,,0,
https://openalex.org/w2140255249,https://doi.org/10.1093/rheumatology/keh666,,,0,
https://openalex.org/w2016125572,https://doi.org/10.1007/s13317-010-0004-6,,,0,
https://openalex.org/w2067694766,https://doi.org/10.1006/jaut.2000.0365,,,0,
https://openalex.org/w1953041691,,,,0,
https://openalex.org/w2082908117,https://doi.org/10.1016/j.mehy.2012.10.015,,,0,
https://openalex.org/w2023543976,https://doi.org/10.1191/0961203303lu1058xx,,,0,
https://openalex.org/w2026537926,https://doi.org/10.1007/s11060-013-1261-9,,,0,
https://openalex.org/w2106289976,https://doi.org/10.1038/clpt.2011.332,,,0,
https://openalex.org/w2417778176,,,,0,
https://openalex.org/w1967554022,https://doi.org/10.1159/000217100,,,0,
https://openalex.org/w1994202576,https://doi.org/10.1016/j.thromres.2004.06.041,,,0,
https://openalex.org/w1910657553,https://doi.org/10.1177/030006059602400119,,,0,
https://openalex.org/w2020695878,https://doi.org/10.1016/j.revmed.2005.10.014,,,0,
https://openalex.org/w2410274124,,,,0,
https://openalex.org/w2400978312,,,,0,
https://openalex.org/w1970474501,https://doi.org/10.1007/s11239-005-3200-x,,,0,
https://openalex.org/w2087867389,https://doi.org/10.1016/s0889-857x(05)70351-3,,,0,
https://openalex.org/w2030156699,https://doi.org/10.1159/000236461,,,0,
https://openalex.org/w1988837024,https://doi.org/10.1038/mp.2014.110,,,0,
https://openalex.org/w2474091616,,,,0,
https://openalex.org/w1975887929,https://doi.org/10.1191/0961203306lu2337oa,,,0,
https://openalex.org/w2046351878,https://doi.org/10.1586/eci.12.48,,,0,
https://openalex.org/w2470480802,,,,0,
https://openalex.org/w2072246060,https://doi.org/10.1111/sdi.12175,,,0,
https://openalex.org/w2187411208,,,,0,
https://openalex.org/w2943417062,https://doi.org/10.1182/blood.v130.suppl_1.4860.4860,,,0,
https://openalex.org/w2066498194,https://doi.org/10.1097/00002281-199607000-00012,,,0,
https://openalex.org/w2162826039,https://doi.org/10.1093/humrep/14.6.1461,,,0,
https://openalex.org/w1943691726,,,,0,
https://openalex.org/w2415897957,,,,0,
https://openalex.org/w2087479520,https://doi.org/10.1191/096120399678847524,,,0,
https://openalex.org/w7190951,,,,0,
https://openalex.org/w4297918306,https://doi.org/10.2298/mpns1110471m,,,0,
https://openalex.org/w2001014075,https://doi.org/10.1016/s0002-8703(96)90094-0,,,0,
https://openalex.org/w2030293857,https://doi.org/10.1191/096120398678920163,,,0,
https://openalex.org/w2119933403,https://doi.org/10.1186/1472-6750-6-8,,,0,
https://openalex.org/w1972884569,https://doi.org/10.1191/0961203306lu2276rr,,,0,
https://openalex.org/w1998812559,https://doi.org/10.1177/0961203312457210,,,0,
https://openalex.org/w2052413901,https://doi.org/10.1016/j.autrev.2014.10.019,,,1,
https://openalex.org/w2092559858,https://doi.org/10.1016/0028-2243(90)90066-a,,,0,
https://openalex.org/w1980503850,https://doi.org/10.1016/s0009-9260(65)80004-6,,,0,
https://openalex.org/w2012628297,https://doi.org/10.1007/bf02772251,,,0,
https://openalex.org/w2100941048,https://doi.org/10.1196/annals.1422.011,,,0,
https://openalex.org/w2061529866,https://doi.org/10.1016/s0002-9343(01)01048-8,,,0,
https://openalex.org/w2081211743,https://doi.org/10.3109/08916939209083130,,054-281-764-235-188,0,
https://openalex.org/w2067162949,https://doi.org/10.1016/j.cqn.2014.11.003,,,0,
https://openalex.org/w2405145638,,,,0,
https://openalex.org/w2055581363,https://doi.org/10.1016/j.semarthrit.2006.09.002,,,0,
https://openalex.org/w2151257471,https://doi.org/10.1016/s0015-0282(99)00133-8,,,0,
https://openalex.org/w2071994944,https://doi.org/10.1111/j.1600-0404.2004.00241.x,,,0,
https://openalex.org/w2509385090,https://doi.org/10.1016/j.achaem.2015.07.171,,,0,
https://openalex.org/w2092237867,https://doi.org/10.1002/1529-0131(200111)44:11<2467::aid-art426>3.0.co;2-u,,,0,
https://openalex.org/w2168004569,https://doi.org/10.2174/1874303x01508010002,,,0,
https://openalex.org/w2072205801,https://doi.org/10.2169/internalmedicine.48.2363,,,0,
https://openalex.org/w2566186434,https://doi.org/10.1002/acr.23168,,151-910-527-867-523,0,
https://openalex.org/w2057442640,https://doi.org/10.1080/01443610410001685646,,,0,
https://openalex.org/w2093202793,https://doi.org/10.1177/096120339600500527,,,0,
https://openalex.org/w1973639200,https://doi.org/10.1111/j.1749-6632.2009.04876.x,,,0,
https://openalex.org/w2160198109,https://doi.org/10.1002/art.23109,,,1,
https://openalex.org/w1979711017,https://doi.org/10.1160/th09-01-0043,,,0,
https://openalex.org/w26067623,,,,0,
https://openalex.org/w2131243365,https://doi.org/10.1093/humrep/12.1.13,,,0,
https://openalex.org/w2116763826,https://doi.org/10.1001/jama.299.8.925,,,0,
https://openalex.org/w2124185588,https://doi.org/10.1177/0961203307085260,,,0,
https://openalex.org/w2338953598,https://doi.org/10.17116/terarkh201587917-25,,,0,
https://openalex.org/w176082256,,,,0,
https://openalex.org/w1987876062,https://doi.org/10.7326/0003-4819-120-6-199403150-00004,,,0,
https://openalex.org/w2238951949,https://doi.org/10.1002/jca.21441,,,0,
https://openalex.org/w2760117699,https://doi.org/10.1111/jocs.13216,,,0,
https://openalex.org/w2076274343,https://doi.org/10.1196/annals.1361.083,,,0,
https://openalex.org/w1965443995,https://doi.org/10.1111/j.1600-0609.1994.tb00672.x,,,0,
https://openalex.org/w2620409251,https://doi.org/10.1182/blood.v128.22.2542.2542,,,0,
https://openalex.org/w2001181087,https://doi.org/10.1007/s11926-996-0019-1,,,0,
https://openalex.org/w2084263089,https://doi.org/10.1136/jcp.45.4.332,,,0,
https://openalex.org/w2225720492,,,,0,
https://openalex.org/w2117313947,https://doi.org/10.1067/mob.2003.14,,,0,
https://openalex.org/w2975062019,https://doi.org/10.1177/000313481708301235,,,0,
https://openalex.org/w2253466606,,,,0,
https://openalex.org/w2085313255,https://doi.org/10.1007/s101940200011,,,0,
https://openalex.org/w1975206080,https://doi.org/10.1016/s0749-0704(02)00026-x,,,0,
https://openalex.org/w2091205985,https://doi.org/10.1016/j.jemermed.2014.06.031,,,0,
https://openalex.org/w2547508588,https://doi.org/10.1016/j.jpba.2016.11.002,,,0,
https://openalex.org/w2013194989,https://doi.org/10.1002/art.37759,,,0,
https://openalex.org/w2300275000,https://doi.org/10.1542/pir.33-2-62,,,0,
https://openalex.org/w2003220102,https://doi.org/10.1191/0961203303lu461oa,,,0,
https://openalex.org/w2073790013,https://doi.org/10.1007/bf02772243,,,0,
https://openalex.org/w2112605842,https://doi.org/10.1016/j.thromres.2007.12.028,,,0,
https://openalex.org/w2419444932,,,,0,
https://openalex.org/w2044696294,https://doi.org/10.1177/0961203313493487,,,0,
https://openalex.org/w2264266332,,,,0,
https://openalex.org/w2604192486,https://doi.org/10.1016/j.rdc.2016.12.001,,,0,
https://openalex.org/w2346764248,https://doi.org/10.1097/tp.0000000000001199,,,0,
https://openalex.org/w2100005552,https://doi.org/10.1177/1538574407306242,,,0,
https://openalex.org/w2088071042,https://doi.org/10.1016/s0140-6736(98)10362-8,,,0,
https://openalex.org/w2038919957,https://doi.org/10.1515/cclm.2011.111,,,0,
https://openalex.org/w2013316344,https://doi.org/10.1159/000354109,,,0,
https://openalex.org/w1964831532,https://doi.org/10.1055/s-2007-1001886,,,0,
https://openalex.org/w2077855234,https://doi.org/10.1007/s00296-010-1559-2,,,0,
https://openalex.org/w1970353209,https://doi.org/10.1007/s11886-004-0011-1,,,0,
https://openalex.org/w2042048553,https://doi.org/10.1007/s10072-010-0408-0,,,0,
https://openalex.org/w2011951138,https://doi.org/10.1038/ncprheum0484,,,0,
https://openalex.org/w1971859936,https://doi.org/10.1016/j.autrev.2012.11.007,,,0,
https://openalex.org/w2156994920,https://doi.org/10.1136/ard.2004.020743,,,0,
https://openalex.org/w1240556293,https://doi.org/10.1007/s00059-013-4038-1,,,0,
https://openalex.org/w2045327427,https://doi.org/10.1046/j.1365-2362.2000.00673.x,,,0,
https://openalex.org/w2083677825,https://doi.org/10.1111/aji.12114,,,0,
https://openalex.org/w2121650373,https://doi.org/10.1016/j.jns.2011.02.004,,,0,
https://openalex.org/w2599754396,https://doi.org/10.1007/s12028-017-0392-9,,,0,
https://openalex.org/w2047746658,https://doi.org/10.1002/ajh.2830290115,,,0,
https://openalex.org/w2083203774,https://doi.org/10.1111/j.1365-2141.2006.05994.x,,,0,
https://openalex.org/w2413462652,,,,0,
https://openalex.org/w1977946624,https://doi.org/10.1016/j.jaut.2013.08.005,,,0,
https://openalex.org/w2041341169,https://doi.org/10.1016/j.jaut.2007.02.009,,,0,
https://openalex.org/w1999841034,https://doi.org/10.1177/096120339800700212,,,0,
https://openalex.org/w2058723982,https://doi.org/10.1002/art.24262,,,0,
https://openalex.org/w2100955888,https://doi.org/10.1016/j.autrev.2011.10.023,,,0,
https://openalex.org/w2610895871,https://doi.org/10.3899/jrheum.170256,,,0,
https://openalex.org/w2012329511,https://doi.org/10.1016/j.ajog.2003.12.042,,,0,
https://openalex.org/w2160597832,https://doi.org/10.1111/j.1365-2141.2012.09037.x,,,0,
https://openalex.org/w2017284856,https://doi.org/10.1016/j.clim.2013.04.001,,,0,
https://openalex.org/w2114714115,https://doi.org/10.1186/1740-2557-6-3,,,0,
https://openalex.org/w117123541,https://doi.org/10.1111/j.1398-9995.2010.02393.x,,,0,
https://openalex.org/w1974179017,https://doi.org/10.1016/s0002-9343(99)00112-6,,,0,
https://openalex.org/w2135382382,https://doi.org/10.1093/intimm/dxm052,,,0,
https://openalex.org/w2009179141,https://doi.org/10.1097/mbc.0b013e328304e056,,,0,
https://openalex.org/w1986712911,https://doi.org/10.1016/j.revmed.2006.10.003,,,0,
https://openalex.org/w2093671368,https://doi.org/10.1111/j.1365-2796.1994.tb01036.x,,,0,
https://openalex.org/w2418467963,,,,0,
https://openalex.org/w1763926601,,,,0,
https://openalex.org/w2153911249,https://doi.org/10.1172/jci36089,,,0,
https://openalex.org/w4301803921,,,,0,
https://openalex.org/w2528544145,https://doi.org/10.1007/s00296-016-3569-1,,,0,
https://openalex.org/w2024804378,https://doi.org/10.1111/j.1365-2249.2004.02497.x,,038-287-402-120-962,0,
https://openalex.org/w2050510591,https://doi.org/10.1111/j.1479-8077.2006.00246.x,,,0,
https://openalex.org/w2339926357,https://doi.org/10.1177/0961203315611495,,,0,
https://openalex.org/w1983166037,https://doi.org/10.3810/pgm.2014.11.2830,,,0,
https://openalex.org/w2168748433,https://doi.org/10.1158/1078-0432.ccr-11-1074,,,0,
https://openalex.org/w1984124526,https://doi.org/10.1177/107602960100700205,,,0,
https://openalex.org/w1975414830,https://doi.org/10.1016/j.transproceed.2013.07.017,,,0,
https://openalex.org/w2068208668,https://doi.org/10.1016/0049-3848(95)00070-8,,,0,
https://openalex.org/w2055972628,https://doi.org/10.1016/j.jaut.2011.11.002,,,0,
https://openalex.org/w1970570184,https://doi.org/10.1016/s0161-5890(02)00115-3,,,0,
https://openalex.org/w2980220116,https://doi.org/10.1182/blood.v118.21.4663.4663,,,0,
https://openalex.org/w976269522,https://doi.org/10.1007/s00392-015-0893-5,,,0,
https://openalex.org/w1793765028,https://doi.org/10.1177/0961203315603141,,,0,
https://openalex.org/w2072372698,https://doi.org/10.1007/s10072-014-1914-2,,,0,
https://openalex.org/w2046903518,https://doi.org/10.1016/s0272-6386(85)80019-6,,,0,
https://openalex.org/w80256036,,,,0,
https://openalex.org/w2465124518,,,,0,
https://openalex.org/w1993560095,https://doi.org/10.1097/md.0000000000000496,,,0,
https://openalex.org/w2014581469,https://doi.org/10.1159/000246828,,,0,
https://openalex.org/w2552212362,https://doi.org/10.1007/s10067-016-3492-6,,,0,
https://openalex.org/w1982571485,https://doi.org/10.1016/j.jaad.2008.09.038,,,0,
https://openalex.org/w2089024808,https://doi.org/10.1182/blood-2003-01-0180,,,0,
https://openalex.org/w2768296368,https://doi.org/10.24875/gmm.17003124,,,0,
https://openalex.org/w117106843,,,,0,
https://openalex.org/w2595302723,https://doi.org/10.1111/jth.13678,,,0,
https://openalex.org/w2094350214,https://doi.org/10.1191/096120398678920190,,,0,
https://openalex.org/w1997478424,https://doi.org/10.1191/0961203305lu2174rr,,,0,
https://openalex.org/w2334348774,https://doi.org/10.1136/lupus-2015-000117,,,0,
https://openalex.org/w2914347194,,,,0,
https://openalex.org/w4407385349,https://doi.org/10.1177/0973369820110209,,,0,
https://openalex.org/w2202593810,https://doi.org/10.1182/blood.v94.11.3814,,,0,
https://openalex.org/w2153035126,https://doi.org/10.1046/j.1365-2141.1998.00876.x,,,0,
https://openalex.org/w1992605623,https://doi.org/10.1016/s0002-9343(88)80229-8,,,0,
https://openalex.org/w2331860564,https://doi.org/10.1055/s-0032-1311687,,,0,
https://openalex.org/w2043003926,https://doi.org/10.1053/sarh.2001.22498,,,0,
https://openalex.org/w2064926777,https://doi.org/10.1161/01.str.25.5.1071,,,0,
https://openalex.org/w2016642143,https://doi.org/10.1002/art.10957,,,1,
https://openalex.org/w1956587177,https://doi.org/10.1111/j.1538-7836.2011.04484.x,,,0,
https://openalex.org/w2114971553,https://doi.org/10.1177/0961203312438631,,,0,
https://openalex.org/w2317649766,https://doi.org/10.1007/s00129-004-1522-y,,,0,
https://openalex.org/w2064326053,https://doi.org/10.1007/s10067-009-1210-3,,078-187-743-696-313,0,
https://openalex.org/w2415548299,https://doi.org/10.1136/annrheumdis-2015-eular.3849,,,0,
https://openalex.org/w48738972,,,,0,
https://openalex.org/w1996168597,https://doi.org/10.1378/chest.1699645,,,0,
https://openalex.org/w2051480595,https://doi.org/10.1191/0961203303lu493ed,,,0,
https://openalex.org/w1975646696,https://doi.org/10.4046/trd.2013.74.4.151,,,0,
https://openalex.org/w1973467557,https://doi.org/10.1159/000022492,,,0,
https://openalex.org/w2394869028,,,,0,
https://openalex.org/w2072191956,https://doi.org/10.1161/01.str.20.5.583,,,0,
https://openalex.org/w1958185366,https://doi.org/10.1055/s-0037-1616156,,,0,
https://openalex.org/w2395374841,,,,0,
https://openalex.org/w2102513558,,,,0,
https://openalex.org/w4230930953,https://doi.org/10.1002/14651858.cd012534,,,0,
https://openalex.org/w4211212002,https://doi.org/10.1016/j.hoc.2013.03.001,,,0,
https://openalex.org/w2092349632,https://doi.org/10.1016/j.ejpn.2009.07.005,,,0,
https://openalex.org/w2331146575,https://doi.org/10.1097/00003081-199906000-00021,,,0,
https://openalex.org/w1529869941,,,,0,
https://openalex.org/w2076080752,https://doi.org/10.1586/ecp.11.23,,,0,
https://openalex.org/w2431477843,,,,0,
https://openalex.org/w2111330617,https://doi.org/10.1111/j.1749-6632.2009.04648.x,,,0,
https://openalex.org/w2079032364,https://doi.org/10.1191/0961203303lu400oa,,,0,
https://openalex.org/w2002018871,https://doi.org/10.1111/j.1479-8077.2004.00096.x,,,0,
https://openalex.org/w2050920610,https://doi.org/10.1016/j.rdc.2007.07.001,,,0,
https://openalex.org/w2464621341,https://doi.org/10.1182/blood.v122.21.4797.4797,,,0,
https://openalex.org/w2162051878,https://doi.org/10.1002/cncr.11042,,,0,
https://openalex.org/w1968235062,https://doi.org/10.1016/j.transci.2004.10.025,,,0,
https://openalex.org/w2040444272,https://doi.org/10.1097/00006205-200307000-00020,,,0,
https://openalex.org/w2515774415,https://doi.org/10.1055/s-0036-1587600,,,0,
https://openalex.org/w1978713576,https://doi.org/10.12659/ajcr.892380,,,0,
https://openalex.org/w2105940302,https://doi.org/10.1093/humupd/dms020,,,0,
https://openalex.org/w2409353433,,,,0,
https://openalex.org/w2416636197,https://doi.org/10.1371/journal.pone.0156407,,,0,
https://openalex.org/w2205473428,,,,0,
https://openalex.org/w154035729,https://doi.org/10.5754/hge11064,,,0,
https://openalex.org/w2018087511,https://doi.org/10.1055/s-0030-1270341,,,0,
https://openalex.org/w4237633929,https://doi.org/10.1097/jim.0000000000000173,,,0,
https://openalex.org/w2464693735,,,,0,
https://openalex.org/w886214913,https://doi.org/10.1016/j.intimp.2015.06.006,,,0,
https://openalex.org/w2147179244,https://doi.org/10.1016/j.ccm.2010.05.005,,,0,
https://openalex.org/w2152114119,https://doi.org/10.1177/107602960300900211,,,0,
https://openalex.org/w2081839533,https://doi.org/10.2174/1874312901206010315,,,0,
https://openalex.org/w2207472790,https://doi.org/10.1182/blood-2015-04-638684,,,0,
https://openalex.org/w2138494604,https://doi.org/10.1177/096120339500400412,,,0,
https://openalex.org/w2064101069,https://doi.org/10.1016/s0163-7827(02)00048-6,,,0,
https://openalex.org/w2739500846,,,,0,
https://openalex.org/w1969170354,https://doi.org/10.1016/j.autrev.2011.10.014,,,0,
https://openalex.org/w201109084,,,,0,
https://openalex.org/w1980683130,https://doi.org/10.1016/j.ajog.2011.06.019,,,0,
https://openalex.org/w2092657047,https://doi.org/10.1177/1759720x14554793,,,0,
https://openalex.org/w2032530052,https://doi.org/10.1111/j.0105-2896.2005.00326.x,,,0,
https://openalex.org/w2141304131,https://doi.org/10.1093/molehr/gah058,,,0,
https://openalex.org/w2135531678,,,,0,
https://openalex.org/w2060913984,https://doi.org/10.1007/s00404-010-1612-0,,,1,
https://openalex.org/w2120019146,https://doi.org/10.1016/s0022-3476(99)70416-6,,,0,
https://openalex.org/w2089480539,https://doi.org/10.4070/kcj.2012.42.2.118,,,0,
https://openalex.org/w61240975,,,,0,
https://openalex.org/w1868114428,https://doi.org/10.1055/s-0037-1616083,,,0,
https://openalex.org/w2152230586,https://doi.org/10.3109/00016349509024403,,,0,
https://openalex.org/w2287792823,,,,0,
https://openalex.org/w2418667885,,,,0,
https://openalex.org/w2133969610,https://doi.org/10.1177/1076029610368670,,,0,
https://openalex.org/w2018934493,https://doi.org/10.1006/jaut.2000.0406,,,0,
https://openalex.org/w1965696873,https://doi.org/10.1016/0002-9394(86)90206-0,,,0,
https://openalex.org/w2422447087,https://doi.org/10.1016/s0015-0282(97)00489-5,,,0,
https://openalex.org/w2418129918,https://doi.org/10.1136/annrheumdis-2015-eular.3775,,,0,
https://openalex.org/w2474387579,,,,0,
https://openalex.org/w4229519787,https://doi.org/10.1017/thg.2017.63,,,0,
https://openalex.org/w4239942957,https://doi.org/10.1016/j.berh.2009.04.003,,,0,
https://openalex.org/w1990578413,https://doi.org/10.1007/s12016-009-8144-z,,,0,
https://openalex.org/w2140653778,https://doi.org/10.1016/s0889-8588(02)00086-2,,,0,
https://openalex.org/w1991201151,https://doi.org/10.1111/j.1538-7836.2005.01168.x,,,0,
https://openalex.org/w1965536458,https://doi.org/10.1034/j.1600-0560.2001.028005235.x,,,0,
https://openalex.org/w1524482950,https://doi.org/10.4049/jimmunol.177.11.8219,,,0,
https://openalex.org/w2063854370,https://doi.org/10.1196/annals.1422.057,,,0,
https://openalex.org/w2123051496,https://doi.org/10.1177/0961203312439335,,,0,
https://openalex.org/w2160352444,https://doi.org/10.1016/j.ijoa.2007.12.002,,,0,
https://openalex.org/w2148687052,https://doi.org/10.1016/s0301-2115(98)00312-1,,,0,
https://openalex.org/w2130274226,https://doi.org/10.1016/j.athoracsur.2013.01.020,,,0,
https://openalex.org/w2099282744,https://doi.org/10.1016/j.thromres.2004.05.006,,,0,
https://openalex.org/w2028983471,https://doi.org/10.1046/j.1365-2133.2003.05459.x,,,0,
https://openalex.org/w4254905279,https://doi.org/10.1097/01.aog.0000248537.89739.96,,,0,
https://openalex.org/w2054418724,https://doi.org/10.1034/j.1600-0420.2000.078005523.x,,,0,
https://openalex.org/w2074185276,https://doi.org/10.1016/j.jaut.2007.02.008,,,0,
https://openalex.org/w2135433033,,,,1,
https://openalex.org/w2592927257,https://doi.org/10.1159/000447505,,,0,
https://openalex.org/w2164263504,https://doi.org/10.1182/asheducation-2003.1.497,,,0,
https://openalex.org/w2152475898,,,,0,
https://openalex.org/w2395592908,,,,0,
https://openalex.org/w1549226126,https://doi.org/10.1177/107602960000600301,,,0,
https://openalex.org/w1573257249,https://doi.org/10.1155/2015/975704,,,0,
https://openalex.org/w2323768312,https://doi.org/10.1177/0961203315606983,,,0,
https://openalex.org/w2615467629,https://doi.org/10.1093/ajcp/aqx035,,,0,
https://openalex.org/w2025156863,https://doi.org/10.1111/j.1600-0897.1992.tb00794.x,,,0,
https://openalex.org/w2666084315,https://doi.org/10.1007/s11926-017-0669-1,,,0,
https://openalex.org/w1837405814,,,,0,
https://openalex.org/w2026348651,https://doi.org/10.1016/j.autrev.2012.12.001,,,0,
https://openalex.org/w1977838572,https://doi.org/10.2169/internalmedicine.48.1760,,,0,
https://openalex.org/w1579473088,,,,0,
https://openalex.org/w1550350302,https://doi.org/10.1111/jth.13020,,,0,
https://openalex.org/w2099342785,https://doi.org/10.1093/ndt/17.10.1771,,,0,
https://openalex.org/w2410035136,,,,0,
https://openalex.org/w2054793470,https://doi.org/10.1016/j.autrev.2009.02.025,,,0,
https://openalex.org/w2324649995,https://doi.org/10.1097/ipc.0b013e318234c350,,,0,
https://openalex.org/w2606010390,https://doi.org/10.1177/0961203316688784,,,0,
https://openalex.org/w2314426662,https://doi.org/10.1055/s-0031-1280130,,,0,
https://openalex.org/w2171106226,https://doi.org/10.3899/jrheum.110521,,014-276-232-099-819,0,
https://openalex.org/w2142100057,https://doi.org/10.1016/s0049-3848(97)00183-7,,,0,
https://openalex.org/w1971259056,https://doi.org/10.1053/gast.2001.27227,,,0,
https://openalex.org/w262785762,,,,0,
https://openalex.org/w1969748007,https://doi.org/10.1111/j.1365-2141.2005.05902.x,,046-344-735-754-152,0,
https://openalex.org/w2118474670,https://doi.org/10.2217/17460816.2.3.251,,011-152-534-998-787,0,
https://openalex.org/w2132568297,https://doi.org/10.1136/annrheumdis-2015-207259.124,,,0,
https://openalex.org/w2064508936,https://doi.org/10.1055/s-0028-1082268,,,0,
https://openalex.org/w1907939195,https://doi.org/10.1016/j.ejogrb.2015.09.021,,,0,
https://openalex.org/w2048483890,https://doi.org/10.1097/mbc.0b013e3281eec977,,,0,
https://openalex.org/w2059435465,https://doi.org/10.1177/0961203308101719,,,0,
https://openalex.org/w2100567310,https://doi.org/10.1177/0961203312442260,,,0,
https://openalex.org/w2314384443,https://doi.org/10.1093/geronj/11.4.397,,,0,
https://openalex.org/w1985388914,https://doi.org/10.1161/01.cir.0000160361.73423.23,,133-451-752-219-44X,0,
https://openalex.org/w1963928969,https://doi.org/10.1111/aji.12196,,,0,
https://openalex.org/w2155433659,https://doi.org/10.1001/jama.295.9.1050,,,0,
https://openalex.org/w2806242274,https://doi.org/10.10.1136/annrheumdis-2015-eular.6648,,,0,
https://openalex.org/w1967363556,https://doi.org/10.1182/blood-2005-01-0404,,,0,
https://openalex.org/w2086180463,https://doi.org/10.1002/art.20434,,,0,
https://openalex.org/w2137304121,https://doi.org/10.1186/ar4016,,,0,
https://openalex.org/w2064835580,https://doi.org/10.4081/itjm.2014.s2,,,0,
https://openalex.org/w2143583499,https://doi.org/10.1177/0961203314525865,,,0,
https://openalex.org/w2012756015,https://doi.org/10.1016/s0029-7844(97)10363-5,,,0,
https://openalex.org/w2076107598,https://doi.org/10.1093/oxfordjournals.ndt.a027812,,,0,
https://openalex.org/w2088330697,https://doi.org/10.1002/micr.20518,,,0,
https://openalex.org/w2039156567,https://doi.org/10.3109/07853890.2014.959559,,,0,
https://openalex.org/w2760373880,https://doi.org/10.1111/ctr.13127,,,0,
https://openalex.org/w2434336890,https://doi.org/10.1080/03009740252937667,,,0,
https://openalex.org/w2078789444,https://doi.org/10.1055/s-0032-1304720,,,0,
https://openalex.org/w2119653886,https://doi.org/10.1016/j.autrev.2010.08.005,,,0,
https://openalex.org/w4245447184,https://doi.org/10.1002/jca.21385,,,0,
https://openalex.org/w7367008,,,,0,
https://openalex.org/w2066721748,https://doi.org/10.1002/ccd.10754,,,0,
https://openalex.org/w2133084023,https://doi.org/10.1038/bmt.2010.148,,,0,
https://openalex.org/w2045720718,https://doi.org/10.1016/s0140-6736(83)92141-4,,,0,
https://openalex.org/w2144202723,https://doi.org/10.1016/s0889-857x(05)70226-x,,,0,
https://openalex.org/w2134933456,https://doi.org/10.1161/01.cir.0000087598.05977.45,,,0,
https://openalex.org/w2139233749,https://doi.org/10.1177/0961203312437810,,,0,
https://openalex.org/w2038610371,https://doi.org/10.1177/0961203308095329,,,0,
https://openalex.org/w1985132628,https://doi.org/10.1002/ajh.20131,,,0,
https://openalex.org/w2075233544,https://doi.org/10.1016/j.autrev.2006.03.001,,,0,
https://openalex.org/w1530872697,https://doi.org/10.1111/j.1432-2277.2012.01483.x,,,0,
https://openalex.org/w1985344691,https://doi.org/10.1080/03009740701339976,,046-031-858-150-861,0,
https://openalex.org/w2317132554,https://doi.org/10.1111/ijlh.12466,,,0,
https://openalex.org/w2096391682,https://doi.org/10.1016/s1010-7940(98)00102-x,,,0,
https://openalex.org/w2069453154,https://doi.org/10.1111/j.1600-0609.2006.00668.x,,,0,
https://openalex.org/w2395363635,,,,0,
https://openalex.org/w2076776609,https://doi.org/10.1177/0961203312437439,,,0,
https://openalex.org/w2018867239,https://doi.org/10.1007/s00408-015-9720-z,,,0,
https://openalex.org/w4243878686,https://doi.org/10.2165/00042310-199608010-00002,,,0,
https://openalex.org/w2149913815,https://doi.org/10.1136/ard.2004.021444,,,0,
https://openalex.org/w4249653623,https://doi.org/10.1093/humrep/dei369,,,0,
https://openalex.org/w2160589034,https://doi.org/10.1111/1756-185x.12479,,,0,
https://openalex.org/w2039454583,https://doi.org/10.1191/0961203302lu132oa,,,0,
https://openalex.org/w2100634699,https://doi.org/10.1177/0961203314529469,,,0,
https://openalex.org/w2095584166,https://doi.org/10.1016/j.echo.2009.06.023,,,0,
https://openalex.org/w194822415,https://doi.org/10.1023/a:1012798713607,,,0,
https://openalex.org/w2228604428,https://doi.org/10.1182/blood.v93.10.3401.410k36_3401_3407,,,0,
https://openalex.org/w2058616836,https://doi.org/10.1016/j.cct.2011.09.009,,,0,
https://openalex.org/w2414076919,https://doi.org/10.1097/lbr.0000000000000286,,,0,
https://openalex.org/w2090469286,https://doi.org/10.1191/096120301668183556,,,0,
https://openalex.org/w1981590129,https://doi.org/10.1007/s00277-015-2374-3,,,0,
https://openalex.org/w1995278649,https://doi.org/10.1016/0952-7915(89)90052-6,,,0,
https://openalex.org/w1968033899,https://doi.org/10.1177/0961203314550223,,,0,
https://openalex.org/w2403113669,https://doi.org/10.1055/s-0038-1656067,,,0,
https://openalex.org/w2129075194,https://doi.org/10.1002/ajh.2830480407,,,0,
https://openalex.org/w2114076955,https://doi.org/10.1172/jci39828,,,0,
https://openalex.org/w4240185280,https://doi.org/10.2310/7750.2013.wound2,,,0,
https://openalex.org/w2066771265,https://doi.org/10.1053/sarh.2001.23499,,,0,
https://openalex.org/w1974175515,https://doi.org/10.1097/ogx.0b013e3181c97809,,,0,
https://openalex.org/w2034396695,https://doi.org/10.1056/nejme038131,,076-778-392-435-585,0,
https://openalex.org/w139252773,,,,0,
https://openalex.org/w2034455595,https://doi.org/10.1055/s-2007-994942,,,0,
https://openalex.org/w2405879595,,,,0,
https://openalex.org/w2553653267,https://doi.org/10.1016/j.pop.2016.07.001,,,0,
https://openalex.org/w2037162987,https://doi.org/10.1016/0002-9378(88)90411-5,,,0,
https://openalex.org/w2331557412,https://doi.org/10.1016/s0924-8579(13)70245-0,,,0,
https://openalex.org/w2140864247,https://doi.org/10.1161/01.atv.0000174800.78362.ec,,,0,
https://openalex.org/w2121661452,https://doi.org/10.1080/00313029800169536,,,0,
https://openalex.org/w2113809290,https://doi.org/10.1191/0961203304lu1082oa,,,0,
https://openalex.org/w2012354011,https://doi.org/10.1191/0961203302lu256oa,,,0,
https://openalex.org/w2112324455,,,,0,
https://openalex.org/w2091612290,https://doi.org/10.1016/j.hoc.2007.10.008,,,0,
https://openalex.org/w2028563506,https://doi.org/10.1007/s11926-003-0030-8,,,0,
https://openalex.org/w2058947225,https://doi.org/10.1007/s12185-010-0508-x,,,0,
https://openalex.org/w2064312919,https://doi.org/10.1136/ard.2006.063909,,,0,
https://openalex.org/w2019670739,https://doi.org/10.1002/art.30383,,,0,
https://openalex.org/w4299806639,,,,0,
https://openalex.org/w2405482645,https://doi.org/10.1055/s-0038-1651625,,,0,
https://openalex.org/w107074444,https://doi.org/10.1007/s00115-015-4263-3,,,0,
https://openalex.org/w2284160862,https://doi.org/10.1128/aac.00700-15,,,0,
https://openalex.org/w2407374776,,,,0,
https://openalex.org/w2119314798,https://doi.org/10.1093/ndt/13.12.3261,,,0,
https://openalex.org/w4233681098,https://doi.org/10.1177/0961203310397082,,,0,
https://openalex.org/w4292804044,https://doi.org/10.1007/s00467-016-3467-5,,,0,
https://openalex.org/w2583670313,https://doi.org/10.1016/j.crvasa.2017.01.005,,,0,
https://openalex.org/w2555361997,https://doi.org/10.1136/annrheumdis-2016-eular.4684,,,0,
https://openalex.org/w2585539786,https://doi.org/10.3324/haematol.2016.148965,,,0,
https://openalex.org/w4232943399,https://doi.org/10.1111/j.1365-2516.2009.02013.x,,,0,
https://openalex.org/w1846075936,https://doi.org/10.1055/s-0037-1614977,,,0,
https://openalex.org/w1983620158,https://doi.org/10.1177/096120339800700216,,,0,
https://openalex.org/w2023735924,https://doi.org/10.1007/s10072-004-0363-8,,,0,
https://openalex.org/w1487187118,https://doi.org/10.1111/j.1742-1241.2010.02466.x,,,0,
https://openalex.org/w4255499480,https://doi.org/10.2165/00128071-200304110-00008,,,0,
https://openalex.org/w2024770846,https://doi.org/10.1016/j.jbspin.2014.01.002,,,0,
https://openalex.org/w2074985515,https://doi.org/10.1007/bf03350914,,,0,
https://openalex.org/w2068476516,https://doi.org/10.1378/chest.08-0670,,,0,
https://openalex.org/w2412936095,https://doi.org/10.1055/s-0038-1642454,,,0,
https://openalex.org/w2438601074,,,,0,
https://openalex.org/w1988584817,https://doi.org/10.1016/s0041-1345(98)01514-0,,,0,
https://openalex.org/w2072314237,https://doi.org/10.1016/0002-9378(90)91201-m,,,0,
https://openalex.org/w2395812141,,,,0,
https://openalex.org/w2001384017,https://doi.org/10.1007/s00277-014-2220-z,,,0,
https://openalex.org/w2020436721,https://doi.org/10.2298/vsp1408742c,,,1,
https://openalex.org/w2041511477,https://doi.org/10.1055/s-2001-14070,,,0,
https://openalex.org/w2076646461,https://doi.org/10.1111/j.1523-1755.2005.00515.x,,,0,
https://openalex.org/w1990584834,https://doi.org/10.1002/ajh.20691,,,0,
https://openalex.org/w2056227311,https://doi.org/10.1016/j.thromres.2010.05.018,,,0,
https://openalex.org/w1499806342,,,,0,
https://openalex.org/w2252446512,https://doi.org/10.1055/s-0038-1655903,,,0,
https://openalex.org/w2037220287,https://doi.org/10.1111/j.1365-2141.1988.tb06207.x,,,0,
https://openalex.org/w2005844105,https://doi.org/10.1016/j.bbapap.2005.12.020,,,0,
https://openalex.org/w2150521767,https://doi.org/10.1111/j.1572-0241.2003.07220.x,,,0,
https://openalex.org/w2125487206,https://doi.org/10.1186/ar3856,,,0,
https://openalex.org/w2116524635,https://doi.org/10.1177/0961203314536480,,,0,
https://openalex.org/w2436823313,,,,0,
https://openalex.org/w1990808121,https://doi.org/10.1016/s0033-0620(94)80051-0,,,0,
https://openalex.org/w2117056251,https://doi.org/10.1034/j.1600-0412.2001.800704.x,,,0,
https://openalex.org/w2416488810,,,,0,
https://openalex.org/w2045777349,https://doi.org/10.1055/s-0028-1085479,,,0,
https://openalex.org/w2059943793,https://doi.org/10.1007/s100670200115,,,0,
https://openalex.org/w110166994,https://doi.org/10.4137/cmbd.s13401,,,0,
https://openalex.org/w2413457268,,,,0,
https://openalex.org/w1981661667,https://doi.org/10.1111/j.1749-6632.2009.04744.x,,,0,
https://openalex.org/w2084897695,https://doi.org/10.1016/j.thromres.2004.06.015,,,0,
https://openalex.org/w2015021549,https://doi.org/10.2165/11539590-000000000-00000,,,0,
https://openalex.org/w2089725124,https://doi.org/10.1111/j.1538-7836.2005.01397.x,,,0,
https://openalex.org/w2139315553,https://doi.org/10.1016/j.rdc.2013.10.003,,,0,
https://openalex.org/w2273675260,https://doi.org/10.1371/journal.pone.0146990,,,0,
https://openalex.org/w1995437448,https://doi.org/10.3109/00016349609055029,,,1,
https://openalex.org/w2072196555,https://doi.org/10.1136/annrheumdis-2013-204600,,,0,
https://openalex.org/w1995992199,https://doi.org/10.1136/ard.2005.037911,,059-932-143-557-721,0,
https://openalex.org/w2002584840,https://doi.org/10.2217/ijr.09.43,,,0,
https://openalex.org/w2142233457,https://doi.org/10.1177/096120339600500532,,,0,
https://openalex.org/w2084203150,https://doi.org/10.1159/000217470,,,0,
https://openalex.org/w2152615674,https://doi.org/10.1016/j.atherosclerosis.2013.01.044,,,0,
https://openalex.org/w4302374086,,,,0,
https://openalex.org/w2097970013,https://doi.org/10.1016/j.jaut.2010.06.015,,,0,
https://openalex.org/w4255958852,https://doi.org/10.1055/s-0036-1586408,,,0,
https://openalex.org/w2025373742,https://doi.org/10.1182/blood-2009-03-206367,,,0,
https://openalex.org/w2157384824,https://doi.org/10.1160/th04-05-0297,,,0,
https://openalex.org/w2533293758,https://doi.org/10.1002/acr.23128,,,1,
https://openalex.org/w2429820794,,,,0,
https://openalex.org/w2326200939,https://doi.org/10.1038/sj.bmt.1701411,,,0,
https://openalex.org/w2137758465,https://doi.org/10.1161/01.str.25.3.689,,,0,
https://openalex.org/w2003743657,https://doi.org/10.1111/1756-185x.12150,,,0,
https://openalex.org/w2765633152,https://doi.org/10.1016/j.rdc.2017.06.004,,,0,
https://openalex.org/w2739493374,https://doi.org/10.1016/j.blre.2017.07.006,,,0,
https://openalex.org/w2334612737,https://doi.org/10.5414/cnp64073,,,0,
https://openalex.org/w2049739626,https://doi.org/10.1097/md.0000000000000007,,,0,
https://openalex.org/w1990845085,https://doi.org/10.1159/000323386,,,0,
https://openalex.org/w2050117403,https://doi.org/10.1002/art.24232,,,1,
https://openalex.org/w2518653361,https://doi.org/10.1111/imj.13245,,,0,
https://openalex.org/w2039957152,https://doi.org/10.1007/s00404-007-0409-2,,,0,
https://openalex.org/w1974697773,https://doi.org/10.1016/j.pt.2009.12.002,,,0,
https://openalex.org/w4300789983,,,,0,
https://openalex.org/w2068967361,https://doi.org/10.1007/s00404-003-0510-0,,,0,
https://openalex.org/w1969374993,https://doi.org/10.1016/j.thromres.2012.08.273,,,0,
https://openalex.org/w2415346754,,,,0,
https://openalex.org/w1988273779,https://doi.org/10.1046/j.1538-7836.2003.00108.x,,,0,
https://openalex.org/w1993617463,https://doi.org/10.1007/s00011-013-0652-x,,,0,
https://openalex.org/w2028404031,https://doi.org/10.1177/096120339700600810,,,0,
https://openalex.org/w4254952457,https://doi.org/10.1097/00006250-200302000-00011,,,0,
https://openalex.org/w2090434341,https://doi.org/10.1159/000108052,,,0,
https://openalex.org/w2041297457,https://doi.org/10.1016/s0002-9343(96)00060-5,,,0,
https://openalex.org/w2171640963,https://doi.org/10.1016/j.jri.2008.11.001,,,0,
https://openalex.org/w2051598643,https://doi.org/10.1046/j.1365-2141.2002.03729.x,,,0,
https://openalex.org/w68838377,,,,0,
https://openalex.org/w2130404545,https://doi.org/10.1007/bf02000443,,,0,
https://openalex.org/w2032982730,https://doi.org/10.1016/j.berh.2012.07.005,,,0,
https://openalex.org/w2467766180,https://doi.org/10.1055/s-0037-1614216,,,0,
https://openalex.org/w2252997920,https://doi.org/10.1111/ijd.13226,,,0,
https://openalex.org/w2018238057,https://doi.org/10.1016/j.placenta.2005.09.007,,,0,
https://openalex.org/w2002586162,https://doi.org/10.1016/j.autrev.2006.06.013,,,0,
https://openalex.org/w2334498170,https://doi.org/10.1097/00003081-200103000-00004,,,0,
https://openalex.org/w1475670,,,,0,
https://openalex.org/w2049415615,https://doi.org/10.1093/humupd/dmu049,,,0,
https://openalex.org/w2095317210,https://doi.org/10.1161/01.cir.84.2.920,,,0,
https://openalex.org/w2128433657,https://doi.org/10.1371/journal.pone.0015345,,,0,
https://openalex.org/w2084481093,https://doi.org/10.1007/s11926-008-0011-z,,,0,
https://openalex.org/w2007050503,https://doi.org/10.1583/05-1741.1,,,0,
https://openalex.org/w25541472,https://doi.org/10.1161/str.23.4.611b,,,0,
https://openalex.org/w2109975128,https://doi.org/10.1111/j.1651-2227.1996.tb14098.x,,,0,
https://openalex.org/w2067533331,https://doi.org/10.1007/s12026-013-8421-z,,,0,
https://openalex.org/w2040961078,https://doi.org/10.1016/s0889-857x(05)70221-0,,,0,
https://openalex.org/w2312790769,https://doi.org/10.1097/gco.0b013e32835585dc,,,0,
https://openalex.org/w2030797449,https://doi.org/10.1007/s00296-009-0946-z,,,0,
https://openalex.org/w2090116905,https://doi.org/10.1159/000175795,,,0,
https://openalex.org/w2521855977,https://doi.org/10.1055/s-0036-1592336,,,0,
https://openalex.org/w1964808816,https://doi.org/10.1177/096120339600500205,,,0,
https://openalex.org/w2125463854,https://doi.org/10.1002/art.1780371018,,,0,
https://openalex.org/w154422902,,,,0,
https://openalex.org/w2158178564,https://doi.org/10.1046/j.1440-0960.2003.00670.x,,,0,
https://openalex.org/w2059817169,https://doi.org/10.1053/j.seminhematol.2008.12.005,,,0,
https://openalex.org/w2329805889,https://doi.org/10.1007/bf02772247,,,0,
https://openalex.org/w2783685146,https://doi.org/10.1016/j.autrev.2017.10.016,,,0,
https://openalex.org/w2087627785,https://doi.org/10.1007/s12026-015-8649-x,,,0,
https://openalex.org/w1245017621,https://doi.org/10.1016/j.thromres.2015.09.002,,,0,
https://openalex.org/w2075889039,https://doi.org/10.1038/ki.1991.155,,,0,
https://openalex.org/w1977883659,https://doi.org/10.1016/s0248-8663(97)89303-4,,,0,
https://openalex.org/w2522895431,https://doi.org/10.1016/j.phrs.2016.09.025,,,0,
https://openalex.org/w2166893972,https://doi.org/10.1177/0961203312440058,,,0,
https://openalex.org/w1905119588,https://doi.org/10.4038/slja.v23i2.8087,,,0,
https://openalex.org/w2112900449,,,,0,
https://openalex.org/w20137041,https://doi.org/10.1023/a:1008817116524,,,0,
https://openalex.org/w2052013730,https://doi.org/10.1159/000028830,,,0,
https://openalex.org/w1814173359,https://doi.org/10.3109/03009742.2015.1013982,,,0,
https://openalex.org/w1974980972,https://doi.org/10.1191/0961203303lu389oa,,,0,
https://openalex.org/w2077478361,https://doi.org/10.1016/s0041-1345(98)01629-7,,,0,
https://openalex.org/w2464870564,https://doi.org/10.1016/j.anai.2016.06.023,,,0,
https://openalex.org/w2418275366,,,,0,
https://openalex.org/w1947149338,https://doi.org/10.1542/peds.92.6.849,,,0,
https://openalex.org/w2010998307,https://doi.org/10.1007/s11926-014-0440-9,,,0,
https://openalex.org/w2111577857,,,,0,
https://openalex.org/w2060235689,https://doi.org/10.1111/j.1538-7836.2008.02960.x,,,0,
https://openalex.org/w2038181025,https://doi.org/10.1038/nrneph.2012.195,,,0,
https://openalex.org/w2406025367,,,,0,
https://openalex.org/w2279107937,https://doi.org/10.1586/17474086.2016.1140034,,,0,
https://openalex.org/w2115646220,https://doi.org/10.1046/j.8755-8920.2003.00105.x,,,0,
https://openalex.org/w2029126814,https://doi.org/10.1055/s-2008-1039248,,,0,
https://openalex.org/w2026957178,https://doi.org/10.1111/j.1479-828x.1993.tb02079.x,,,0,
https://openalex.org/w2084077324,https://doi.org/10.1007/s00296-009-1310-z,,,0,
https://openalex.org/w2781335308,https://doi.org/10.1080/14767058.2017.1422715,,,0,
https://openalex.org/w2004598150,https://doi.org/10.1016/s0014-2565(09)71481-x,,,0,
https://openalex.org/w2159194548,https://doi.org/10.1093/cid/ciu189,,,0,
https://openalex.org/w2195858768,https://doi.org/10.12669/pjms.315.7975,,,0,
https://openalex.org/w2395212644,,,,0,
https://openalex.org/w2029241547,https://doi.org/10.1002/art.10165,,,0,
https://openalex.org/w2414684647,,,,0,
https://openalex.org/w2076437935,https://doi.org/10.1097/00124743-199910000-00008,,,0,
https://openalex.org/w2004401897,https://doi.org/10.1016/j.jbspin.2009.12.006,,,0,
https://openalex.org/w1975402116,https://doi.org/10.1016/j.autrev.2011.10.006,,,0,
https://openalex.org/w2089372731,https://doi.org/10.1159/000013526,,,0,
https://openalex.org/w2145414076,https://doi.org/10.1111/j.1600-0897.2006.00437.x,,,0,
https://openalex.org/w2429725138,,,,0,
https://openalex.org/w4246978093,https://doi.org/10.1016/j.frad.2011.01.006,,,0,
https://openalex.org/w2345526741,https://doi.org/10.1111/sji.12445,,,0,
https://openalex.org/w1966559901,https://doi.org/10.1159/000022502,,,0,
https://openalex.org/w1970383994,https://doi.org/10.1097/mpa.0b013e3180325bc1,,,0,
https://openalex.org/w2336877490,https://doi.org/10.1017/s0317167100033515,,,0,
https://openalex.org/w2012949949,https://doi.org/10.1016/j.jaad.2013.01.043,,,0,
https://openalex.org/w2109139396,https://doi.org/10.1177/0961203312451335,,,1,
https://openalex.org/w2123052764,https://doi.org/10.1111/j.1745-7599.2001.tb00006.x,,,0,
https://openalex.org/w2097457988,https://doi.org/10.1309/298h-nlbu-e47g-8pyl,,,0,
https://openalex.org/w2052110060,https://doi.org/10.1007/bf02772252,,,0,
https://openalex.org/w2022599673,https://doi.org/10.1016/j.contraception.2010.08.012,,,0,
https://openalex.org/w2178109188,https://doi.org/10.4103/0028-3886.170107,,,0,
https://openalex.org/w1999858438,https://doi.org/10.1016/s0140-6736(84)90902-4,,,0,
https://openalex.org/w2394784834,,,,0,
https://openalex.org/w2071787628,https://doi.org/10.1016/j.thromres.2012.08.283,,,0,
https://openalex.org/w2016651115,https://doi.org/10.1007/s00296-003-0291-6,,,0,
https://openalex.org/w2074315379,https://doi.org/10.2169/internalmedicine.39.966,,,0,
https://openalex.org/w2031823069,https://doi.org/10.1007/s00296-007-0410-x,,,0,
https://openalex.org/w2030210438,https://doi.org/10.1006/jaut.2000.0401,,,0,
https://openalex.org/w4205925625,https://doi.org/10.1038/bmt.2014.44,,,0,
https://openalex.org/w2582902096,https://doi.org/10.20452/pamw.3906,,,0,
https://openalex.org/w1983410783,https://doi.org/10.1177/096120339800700205,,,0,
https://openalex.org/w2050193376,https://doi.org/10.1046/j.1365-2796.2003.01189.x,,,0,
https://openalex.org/w2062905800,https://doi.org/10.1177/0961203309360986,,,0,
https://openalex.org/w2085315713,https://doi.org/10.1016/s0002-9343(99)80016-3,,,0,
https://openalex.org/w4247998436,https://doi.org/10.1310/hpj4911-1044,,,0,
https://openalex.org/w2072538128,https://doi.org/10.1111/j.1538-7836.2005.01348.x,,013-140-956-186-142,0,
https://openalex.org/w2155756002,https://doi.org/10.1177/1076029613514130,,,0,
https://openalex.org/w1964926874,https://doi.org/10.1161/circinterventions.114.001658,,002-988-281-398-807,0,
https://openalex.org/w2341556838,https://doi.org/10.1080/03009742.1998.11720777,,,0,
https://openalex.org/w1930926314,https://doi.org/10.1160/th14-03-0191,,,1,
https://openalex.org/w2008594207,https://doi.org/10.1002/ajh.21417,,,0,
https://openalex.org/w1969411454,https://doi.org/10.1179/2295333714y.0000000060,,,0,
https://openalex.org/w2021946210,https://doi.org/10.1016/j.berh.2012.01.006,,,0,
https://openalex.org/w2078277823,https://doi.org/10.1093/oxfordjournals.humrep.a019316,,,0,
https://openalex.org/w2067313065,https://doi.org/10.1182/blood-2004-03-0793,,,0,
https://openalex.org/w2317642397,https://doi.org/10.1016/j.oftal.2016.03.003,,,0,
https://openalex.org/w3188407618,https://doi.org/10.1007/s10067-015-2994-y,,,0,
https://openalex.org/w2082125228,https://doi.org/10.1093/qjmed/93.7.457,,,0,
https://openalex.org/w2073645312,https://doi.org/10.1016/0028-2243(91)90021-c,,,0,
https://openalex.org/w2141494770,https://doi.org/10.1111/j.1600-0897.1989.tb00639.x,,,0,
https://openalex.org/w794087441,,,,0,
https://openalex.org/w2036840176,https://doi.org/10.1111/j.1365-2249.2009.03979.x,,,0,
https://openalex.org/w2056095112,https://doi.org/10.1186/1546-0096-11-s2-p283,,,0,
https://openalex.org/w2413814883,https://doi.org/10.1007/bf01738153,,,0,
https://openalex.org/w2129233041,https://doi.org/10.1111/j.1538-7836.2007.02605.x,,,0,
https://openalex.org/w2044448813,https://doi.org/10.4081/reumatismo.2012.35,,,0,
https://openalex.org/w2038940866,https://doi.org/10.1007/bf02243009,,,0,
https://openalex.org/w1982766235,https://doi.org/10.1024/0301-1526/a000124,,,0,
https://openalex.org/w1964802497,https://doi.org/10.1016/s0140-6736(87)92584-0,,,0,
https://openalex.org/w2073557608,https://doi.org/10.1016/j.coph.2012.06.002,,,0,
https://openalex.org/w2327567676,https://doi.org/10.1136/annrheumdis-2012-eular.1505,,,0,
https://openalex.org/w2149482247,https://doi.org/10.1016/s0049-3848(98)00074-7,,,0,
https://openalex.org/w2011393862,https://doi.org/10.1007/bf00918853,,,0,
https://openalex.org/w4254954877,https://doi.org/10.1002/jca.21314,,,0,
https://openalex.org/w2090449180,https://doi.org/10.1371/journal.pone.0029660,,,0,
https://openalex.org/w1976928839,https://doi.org/10.1016/j.thromres.2013.07.023,,,0,
https://openalex.org/w2002290522,https://doi.org/10.1016/s1473-0502(12)70089-7,,,0,
https://openalex.org/w1981223808,https://doi.org/10.1007/s00404-009-1153-6,,,0,
https://openalex.org/w2327234045,https://doi.org/10.1097/icb.0000000000000161,,,0,
https://openalex.org/w2080401956,https://doi.org/10.1093/ejechocard/jep003,,,0,
https://openalex.org/w1929153173,https://doi.org/10.1093/clinchem/47.6.985,,013-803-899-219-562,0,
https://openalex.org/w2407241302,https://doi.org/10.1016/s0889-857x(21)00209-x,,,0,
https://openalex.org/w1989797655,https://doi.org/10.2340/00015555-0951,,,0,
https://openalex.org/w4292438516,https://doi.org/10.1002/lt.23661,,,0,
https://openalex.org/w1837041025,https://doi.org/10.1177/096120339600500516,,,1,
https://openalex.org/w2290663599,https://doi.org/10.3748/wjg.v21.i22.6952,,,0,
https://openalex.org/w2139871782,https://doi.org/10.1016/j.bpobgyn.2013.08.002,,,0,
https://openalex.org/w1985052921,https://doi.org/10.1007/s12288-014-0348-6,,,0,
https://openalex.org/w2151222624,https://doi.org/10.1378/chest.1703383,,,0,
https://openalex.org/w163093062,,,,0,
https://openalex.org/w2110229848,https://doi.org/10.1177/096120339200100305,,,0,
https://openalex.org/w2606778108,https://doi.org/10.5704/moj.1703.009,,,0,
https://openalex.org/w2063814201,https://doi.org/10.1007/bf02208692,,,0,
https://openalex.org/w2006567364,https://doi.org/10.1177/096120339400300413,,,0,
https://openalex.org/w1984098206,https://doi.org/10.1016/j.vph.2011.03.003,,,0,
https://openalex.org/w2018599603,https://doi.org/10.1002/art.20177,,,0,
https://openalex.org/w2028257068,https://doi.org/10.1002/ajh.1186,,,0,
https://openalex.org/w2065249307,https://doi.org/10.1067/mob.2003.486,,,0,
https://openalex.org/w2991395197,https://doi.org/10.1024/1661-8157/a001994,,,0,
https://openalex.org/w2016534093,https://doi.org/10.1177/0961203310361490,,,0,
https://openalex.org/w2029446580,https://doi.org/10.1016/s0272-6386(12)80543-9,,,0,
https://openalex.org/w2017506779,https://doi.org/10.1016/j.revmed.2006.05.019,,,0,
https://openalex.org/w2087020937,https://doi.org/10.1097/mbc.0b013e328201c8b7,,,0,
https://openalex.org/w1995418030,https://doi.org/10.1016/j.autrev.2010.10.006,,,0,
https://openalex.org/w2070803494,,,,0,
https://openalex.org/w92888181,,,,1,
https://openalex.org/w2268075447,https://doi.org/10.1111/jth.13257,,,0,
https://openalex.org/w2015993255,https://doi.org/10.1016/j.autrev.2012.07.008,,,0,
https://openalex.org/w1991094802,https://doi.org/10.1213/ane.0b013e3181994f88,,,0,
https://openalex.org/w2065202504,https://doi.org/10.1016/s0889-8588(05)70175-1,,,0,
https://openalex.org/w2148261626,https://doi.org/10.1378/chest.12-1044,,,0,
https://openalex.org/w1981829747,https://doi.org/10.1016/j.ogc.2013.10.007,,,0,
https://openalex.org/w2420778803,,,,0,
https://openalex.org/w2140040924,https://doi.org/10.1155/2015/292851,,,0,
https://openalex.org/w2033130025,https://doi.org/10.7326/0003-4819-132-2-200001180-00007,,,0,
https://openalex.org/w2398644527,,,,0,
https://openalex.org/w2002606676,https://doi.org/10.1007/s11926-002-0083-0,,,0,
https://openalex.org/w2136594380,https://doi.org/10.1182/blood-2010-07-271445,,,0,
https://openalex.org/w2009468587,https://doi.org/10.1016/s0889-857x(05)70141-1,,,0,
https://openalex.org/w1973361365,https://doi.org/10.1001/archinte.157.18.2101,,,1,
https://openalex.org/w2073578275,https://doi.org/10.1177/0961203315576858,,,0,
https://openalex.org/w2039790361,https://doi.org/10.1016/0002-9378(93)90410-k,,,1,
https://openalex.org/w2049698133,https://doi.org/10.1046/j.1365-2249.2001.01578.x,,,0,
https://openalex.org/w2154419533,https://doi.org/10.1093/humupd/dmn031,,,0,
https://openalex.org/w2324935053,,,,0,
https://openalex.org/w2095645790,https://doi.org/10.1093/ndt/gfh1045,,,0,
https://openalex.org/w1989357713,https://doi.org/10.1177/1759720x13480280,,,0,
https://openalex.org/w2139249381,https://doi.org/10.1177/0961203313491852,,003-540-803-353-683,0,
https://openalex.org/w2086330918,https://doi.org/10.1007/s10072-014-1823-4,,,0,
https://openalex.org/w2075230706,https://doi.org/10.1016/j.hoc.2007.10.010,,,0,
https://openalex.org/w2282564845,https://doi.org/10.1016/j.semarthrit.2016.02.002,,,1,
https://openalex.org/w2034747934,https://doi.org/10.1177/0961203311427552,,,0,
https://openalex.org/w2408865081,https://doi.org/10.1055/s-0038-1648170,,,0,
https://openalex.org/w2139092598,https://doi.org/10.3748/wjg.v19.i30.5025,,,0,
https://openalex.org/w1964403387,https://doi.org/10.1055/s-0032-1301420,,,0,
https://openalex.org/w2410689170,https://doi.org/10.1055/s-0038-1650320,,,0,
https://openalex.org/w2404452243,https://doi.org/10.7860/jcdr/2016/16623.7532,,,0,
https://openalex.org/w2057883703,https://doi.org/10.1177/0961203310374336,,,0,
https://openalex.org/w2021058283,https://doi.org/10.1002/ajh.10180,,,0,
https://openalex.org/w2187365269,,,,0,
https://openalex.org/w2327431314,https://doi.org/10.1055/s-0041-108739,,,0,
https://openalex.org/w2170555033,https://doi.org/10.1093/humrep/17.11.2981,,,1,
https://openalex.org/w2168105670,https://doi.org/10.1016/j.fertnstert.2012.01.110,,,0,
https://openalex.org/w1980545147,https://doi.org/10.1055/s-2006-939533,,,0,
https://openalex.org/w1994287964,https://doi.org/10.1016/j.rmr.2010.01.003,,,0,
https://openalex.org/w1975757685,https://doi.org/10.1378/chest.1412s3,,030-841-765-213-644,0,
https://openalex.org/w2273970402,,,,0,
https://openalex.org/w1946061630,https://doi.org/10.4049/jimmunol.178.8.5351,,,0,
https://openalex.org/w2010346212,https://doi.org/10.1016/0896-8411(91)90159-a,,,0,
https://openalex.org/w2133872135,https://doi.org/10.1016/j.thromres.2014.10.012,,,0,
https://openalex.org/w1993309117,https://doi.org/10.1002/1096-8652(200010)65:2<154::aid-ajh11>3.0.co;2-a,,,0,
https://openalex.org/w1976861264,https://doi.org/10.1016/s1081-1206(10)63439-4,,,0,
https://openalex.org/w2059346835,https://doi.org/10.1007/s11926-013-0367-6,,,0,
https://openalex.org/w2329488674,https://doi.org/10.1136/annrheumdis-2014-eular.1451,,,0,
https://openalex.org/w2156364422,https://doi.org/10.1016/j.jaut.2014.01.006,,,0,
https://openalex.org/w1736784029,https://doi.org/10.3233/ch-2009-1179,,,0,
https://openalex.org/w2146728398,https://doi.org/10.1016/j.ejcts.2007.11.004,,,0,
https://openalex.org/w1986844204,https://doi.org/10.2146/ajhp070582,,,0,
https://openalex.org/w2168467517,https://doi.org/10.1586/1744666x.2014.968129,,,0,
https://openalex.org/w90854472,https://doi.org/10.1055/s-0037-1613754,,,0,
https://openalex.org/w2431052232,,,,0,
https://openalex.org/w2010514761,https://doi.org/10.1016/0049-3848(95)00048-v,,,0,
https://openalex.org/w2053734531,https://doi.org/10.1006/jaut.2000.0439,,,0,
https://openalex.org/w2080342926,https://doi.org/10.1007/s11239-014-1050-0,,,0,
https://openalex.org/w1973154010,https://doi.org/10.1007/s00415-014-7506-5,,,0,
https://openalex.org/w2100527075,https://doi.org/10.1177/096120339400300202,,,0,
https://openalex.org/w2514539105,https://doi.org/10.1016/s2352-3026(16)30079-5,,,1,
https://openalex.org/w1987065176,https://doi.org/10.1016/j.jns.2011.11.029,,,0,
https://openalex.org/w2409790974,,,,0,
https://openalex.org/w2050428104,https://doi.org/10.1016/j.autrev.2006.09.006,,,0,
https://openalex.org/w2042413564,https://doi.org/10.1111/j.1529-8019.2006.00097.x,,,0,
https://openalex.org/w2736053262,https://doi.org/10.2174/187152307781368238,,,0,
https://openalex.org/w2122347001,https://doi.org/10.1093/rheumatology/38.7.591,,,0,
https://openalex.org/w2409661332,https://doi.org/10.1136/annrheumdis-2016-209522,,,0,
https://openalex.org/w2025202728,https://doi.org/10.1177/096120339400300405,,,0,
https://openalex.org/w4240178855,https://doi.org/10.1309/0b06-y93e-ge6t-q36y,,,0,
https://openalex.org/w2106421596,https://doi.org/10.1191/096120301669209574,,,0,
https://openalex.org/w2012170918,https://doi.org/10.1016/j.clim.2004.02.012,,,0,
https://openalex.org/w2013908722,https://doi.org/10.3899/jrheum.100650,,,0,
https://openalex.org/w2328448739,https://doi.org/10.1164/ajrccm-conference.2011.183.1_meetingabstracts.a2425,,,0,
https://openalex.org/w2064806361,https://doi.org/10.1053/j.seminhematol.2007.01.005,,,0,
https://openalex.org/w2065920434,https://doi.org/10.1160/th11-05-0330,,,0,
https://openalex.org/w2046836374,https://doi.org/10.1002/art.22766,,,0,
https://openalex.org/w2094369951,https://doi.org/10.1007/s12016-007-8055-9,,,0,
https://openalex.org/w2029444930,https://doi.org/10.1016/j.thromres.2006.07.014,,,0,
https://openalex.org/w2538345017,https://doi.org/10.1016/j.jaut.2016.10.004,,,0,
https://openalex.org/w2030528942,https://doi.org/10.1016/s0889-857x(05)70218-0,,,0,
https://openalex.org/w1826436091,,,,0,
https://openalex.org/w1976003645,https://doi.org/10.1055/s-2007-994935,,,0,
https://openalex.org/w2141044291,https://doi.org/10.1007/s10067-010-1506-3,,,0,
https://openalex.org/w2089047664,https://doi.org/10.1160/th05-11-0753,,,0,
https://openalex.org/w2011034929,https://doi.org/10.1016/j.amjmed.2004.01.017,,,0,
https://openalex.org/w2110368350,https://doi.org/10.1191/0267659104pf725oa,,,0,
https://openalex.org/w2130225311,https://doi.org/10.1177/1076029614541516,,,0,
https://openalex.org/w2092772284,https://doi.org/10.1016/j.lpm.2011.02.035,,,0,
https://openalex.org/w2005116074,https://doi.org/10.1097/00130404-200311000-00005,,,0,
https://openalex.org/w2424719076,,,,0,
https://openalex.org/w4251600046,https://doi.org/10.1080/10790268.2016.1207963,,,0,
https://openalex.org/w2018843063,https://doi.org/10.1002/art.23334,,,0,
https://openalex.org/w2600313979,https://doi.org/10.1177/0961203317701841,,,1,
https://openalex.org/w2123671097,https://doi.org/10.1016/j.jcrc.2015.01.022,,,0,
https://openalex.org/w1980784832,https://doi.org/10.7326/0003-4819-117-4-303,,,1,
https://openalex.org/w2079288376,https://doi.org/10.1191/096120300678828785,,,0,
https://openalex.org/w2027255852,https://doi.org/10.1007/s004670100569,,,0,
https://openalex.org/w2040310048,https://doi.org/10.1007/s12016-009-8183-5,,,0,
https://openalex.org/w2320463695,https://doi.org/10.1358/dot.2011.47.4.1583186,,,0,
https://openalex.org/w72689367,,,,0,
https://openalex.org/w2044236711,https://doi.org/10.2165/00023210-200216110-00005,,,0,
https://openalex.org/w2090651000,https://doi.org/10.1111/j.1600-0609.2005.00620.x,,,0,
https://openalex.org/w2608081665,https://doi.org/10.1016/j.transproceed.2017.03.007,,,0,
https://openalex.org/w2088765703,https://doi.org/10.1016/j.semarthrit.2006.09.003,,,0,
https://openalex.org/w1983867945,https://doi.org/10.1016/s1297-319x(03)00133-7,,,0,
https://openalex.org/w2083893310,https://doi.org/10.1007/s10067-005-1156-z,,,0,
https://openalex.org/w2553024926,https://doi.org/10.1515/cclm-2016-0638,,,0,
https://openalex.org/w2064948253,https://doi.org/10.1007/bf02772250,,,0,
https://openalex.org/w2470085497,https://doi.org/10.1055/s-0037-1614466,,,0,
https://openalex.org/w2040946163,https://doi.org/10.1016/j.fertnstert.2009.08.062,,,0,
https://openalex.org/w2111651138,https://doi.org/10.2217/ijr.13.48,,,0,
https://openalex.org/w2342230545,https://doi.org/10.1159/000365062,,,0,
https://openalex.org/w2322793448,https://doi.org/10.1097/00003081-200103000-00003,,,0,
https://openalex.org/w2084941793,https://doi.org/10.1002/ajh.2830460233,,,0,
https://openalex.org/w2192587622,https://doi.org/10.1016/j.autrev.2015.08.010,,,0,
https://openalex.org/w1977089056,https://doi.org/10.1586/1744666x.3.4.517,,,0,
https://openalex.org/w2021852712,https://doi.org/10.1177/0961203314545410,,,1,
https://openalex.org/w2418083907,https://doi.org/10.1007/s11239-016-1382-z,,,0,
https://openalex.org/w2024643306,https://doi.org/10.1177/0961203308090032,,,0,
https://openalex.org/w1580706769,https://doi.org/10.1007/978-1-4020-8830-8_12,,,0,
https://openalex.org/w2579896770,https://doi.org/10.1016/j.ijep.2017.01.003,,,0,
https://openalex.org/w2243277882,https://doi.org/10.1007/s11845-014-1153-9,,,0,
https://openalex.org/w2290134191,https://doi.org/10.1182/blood.v94.3.895.415k01_895_901,,,0,
https://openalex.org/w2124126532,https://doi.org/10.1177/0961203309360542,,,0,
https://openalex.org/w2011661356,https://doi.org/10.1007/s11926-009-0072-7,,,0,
https://openalex.org/w1997905228,https://doi.org/10.3899/jrheum.141407,,045-455-767-440-006,0,
https://openalex.org/w2494545820,https://doi.org/10.1172/jci86957,,,0,
https://openalex.org/w2420105064,https://doi.org/10.3760/cma.j.issn.0529-567x.2016.04.006,,,0,
https://openalex.org/w2031613336,https://doi.org/10.1111/j.1526-4610.1991.hed3110666.x,,,0,
https://openalex.org/w2133067884,https://doi.org/10.1016/j.medcli.2013.02.014,,,0,
https://openalex.org/w2008982852,https://doi.org/10.1097/prs.0b013e3181de22f3,,,0,
https://openalex.org/w2053119216,https://doi.org/10.1196/annals.1422.050,,,0,
https://openalex.org/w1987702880,https://doi.org/10.1016/j.imbio.2005.10.012,,,0,
https://openalex.org/w2486270119,https://doi.org/10.1212/wnl.86.16_supplement.p3.232,,,0,
https://openalex.org/w2160005976,https://doi.org/10.1177/0961203312441269,,,1,
https://openalex.org/w2552477084,https://doi.org/10.1182/blood.v120.21.3423.3423,,,0,
https://openalex.org/w2538170380,https://doi.org/10.1042/bcj20160603,,,0,
https://openalex.org/w2729498987,https://doi.org/10.1177/0961203317716787,,,0,
https://openalex.org/w2334566112,https://doi.org/10.1136/archdischild-2012-302404,,,0,
https://openalex.org/w1986831771,https://doi.org/10.1016/j.ogc.2010.02.004,,,0,
https://openalex.org/w4376545126,https://doi.org/10.1111/j.1365-3148.2010.01029.x,,,0,
https://openalex.org/w2015125805,https://doi.org/10.1097/00000658-199410000-00012,,,0,
https://openalex.org/w2134000567,,,,0,
https://openalex.org/w1993397056,https://doi.org/10.1097/01.grf.0000211955.61121.3b,,,0,
https://openalex.org/w4246935794,https://doi.org/10.1038/ajg.2016.371,,,0,
https://openalex.org/w1981173098,https://doi.org/10.1177/096120339700600901,,,0,
https://openalex.org/w2026356647,https://doi.org/10.1016/j.biomaterials.2014.01.025,,,0,
https://openalex.org/w1972004396,https://doi.org/10.1177/0961203314531347,,,0,
https://openalex.org/w2108521174,https://doi.org/10.1177/0961203312440348,,,0,
https://openalex.org/w2118100603,https://doi.org/10.4103/0972-5229.164808,,,0,
https://openalex.org/w2594306885,,,,0,
https://openalex.org/w2065927548,https://doi.org/10.1517/14740338.3.1.47,,,0,
https://openalex.org/w2403994366,,,,0,
https://openalex.org/w2221446755,https://doi.org/10.1097/tp.0000000000000975,,,0,
https://openalex.org/w1995416075,https://doi.org/10.1016/0140-6736(90)91914-v,,,0,
https://openalex.org/w2524008134,https://doi.org/10.1177/0961203316669242,,,0,
https://openalex.org/w2336960648,,,,0,
https://openalex.org/w2089755118,https://doi.org/10.1002/(sici)1098-2825(1999)13:2<59::aid-jcla3>3.0.co;2-q,,,0,
https://openalex.org/w3030517665,https://doi.org/10.1111/all.12478,,,0,
https://openalex.org/w42078093,,,,0,
https://openalex.org/w117666081,https://doi.org/10.1016/s1701-2163(16)30644-2,,,1,
https://openalex.org/w2115714837,https://doi.org/10.1076/ocii.6.4.269.4025,,,0,
https://openalex.org/w2162322342,https://doi.org/10.1016/j.rbmo.2010.04.016,,,0,
https://openalex.org/w2074632966,https://doi.org/10.1177/096120339300200501,,,0,
https://openalex.org/w2411648701,https://doi.org/10.1055/s-0037-1613036,,041-349-172-544-549,0,
https://openalex.org/w1983987449,https://doi.org/10.1016/0049-3848(90)90185-f,,,0,
https://openalex.org/w2000121950,https://doi.org/10.1007/s11926-000-0086-7,,,0,
https://openalex.org/w2016697448,https://doi.org/10.1191/0961203303lu497oa,,,0,
https://openalex.org/w2120025192,https://doi.org/10.1177/0961203315581207,,,0,
https://openalex.org/w88324712,https://doi.org/10.33140/mcr.08.08.02,,,0,
https://openalex.org/w2181718785,,,,0,
https://openalex.org/w2535612980,https://doi.org/10.1016/j.chest.2016.08.1313,,,0,
https://openalex.org/w2049621797,https://doi.org/10.1007/s10067-009-1188-x,,,0,
https://openalex.org/w2612835974,https://doi.org/10.2146/ajhp160753,,045-669-938-353-171,0,
https://openalex.org/w2047060426,https://doi.org/10.1148/radiology.202.2.9015050,,,0,
https://openalex.org/w4244923263,https://doi.org/10.1097/00006250-200107000-00030,,041-960-817-832-705,0,
https://openalex.org/w2065610213,https://doi.org/10.1002/art.22265,,,0,
https://openalex.org/w2400637881,,,,0,
https://openalex.org/w2071596964,https://doi.org/10.1016/s0002-9378(97)70457-5,,,0,
https://openalex.org/w2529424882,https://doi.org/10.1007/s00467-012-2232-7,,,0,
https://openalex.org/w1963828824,https://doi.org/10.1007/s11239-014-1166-2,,,0,
https://openalex.org/w2162450604,https://doi.org/10.1097/01.aog.0000423816.39542.0f,,,0,
https://openalex.org/w2776854847,https://doi.org/10.1097/01.ccm.0000528584.06658.14,,,0,
https://openalex.org/w2041598066,https://doi.org/10.1007/s10067-002-0670-5,,,0,
https://openalex.org/w2073723226,https://doi.org/10.1111/j.1365-2796.2008.01942.x,,,0,
https://openalex.org/w1964412810,https://doi.org/10.1007/s11926-009-0075-4,,,0,
https://openalex.org/w1660256439,https://doi.org/10.1182/blood-2015-01-622787,,,0,
https://openalex.org/w2584721196,https://doi.org/10.1016/j.gofs.2016.12.010,,,1,
https://openalex.org/w2734717767,https://doi.org/10.1182/blood.v128.22.1452.1452,,,0,
https://openalex.org/w1976061007,https://doi.org/10.1111/j.1651-2227.2008.01182.x,,,0,
https://openalex.org/w2911902585,https://doi.org/10.1007/s00393-007-0155-7,,,0,
https://openalex.org/w2395707154,,,,0,
https://openalex.org/w2006554488,https://doi.org/10.1111/j.1365-2230.1996.tb00007.x,,,0,
https://openalex.org/w209619654,,,,0,
https://openalex.org/w2604942010,https://doi.org/10.1016/j.avsg.2017.02.008,,,0,
https://openalex.org/w1991753709,https://doi.org/10.1007/s11239-013-0968-y,,,0,
https://openalex.org/w2096484097,https://doi.org/10.1006/jaut.1994.1033,,,0,
https://openalex.org/w2418332813,,,,0,
https://openalex.org/w2431891431,https://doi.org/10.1161/circulationaha.116.022288,,030-661-855-322-504,0,
https://openalex.org/w2295170052,https://doi.org/10.1136/ard.2003.017939,,,0,
https://openalex.org/w2099681518,https://doi.org/10.2174/138161212799504759,,,0,
https://openalex.org/w2396082567,,,,0,
https://openalex.org/w1980144693,https://doi.org/10.1016/j.echo.2005.12.014,,,0,
https://openalex.org/w2538454775,https://doi.org/10.1177/0961203316672927,,,0,
https://openalex.org/w1993450847,https://doi.org/10.1191/096120398678920424,,,0,
https://openalex.org/w2037767124,https://doi.org/10.3899/jrheum.140863,,,0,
https://openalex.org/w2079630566,https://doi.org/10.1002/art.10771,,,0,
https://openalex.org/w2007147462,https://doi.org/10.1055/s-2005-925469,,,0,
https://openalex.org/w2409265287,https://doi.org/10.20452/pamw.272,,,0,
https://openalex.org/w123397941,,,,0,
https://openalex.org/w2407312215,,,,0,
https://openalex.org/w2056321559,https://doi.org/10.1007/s10067-007-0687-x,,,0,
https://openalex.org/w2159125921,https://doi.org/10.1586/1744666x.4.1.53,,,0,
https://openalex.org/w2161120415,https://doi.org/10.1161/strokeaha.108.514687,,,0,
https://openalex.org/w2047986798,https://doi.org/10.1056/nejmoa054444,,,0,
https://openalex.org/w2044728282,https://doi.org/10.1016/j.ejogrb.2003.09.040,,,1,
https://openalex.org/w2145873603,https://doi.org/10.1136/ard.59.6.462,,,0,
https://openalex.org/w2039918852,https://doi.org/10.1016/0002-9378(94)90476-6,,,0,
https://openalex.org/w1989217064,https://doi.org/10.1007/s00296-002-0207-x,,,0,
https://openalex.org/w2082240959,https://doi.org/10.1055/s-0028-1082270,,,0,
https://openalex.org/w2432952827,https://doi.org/10.1111/ijlh.12523,,,0,
https://openalex.org/w2011785911,https://doi.org/10.1177/0961203309360539,,,0,
https://openalex.org/w2063956854,https://doi.org/10.1016/j.ijgo.2008.11.010,,,1,
https://openalex.org/w2062264890,https://doi.org/10.1016/j.thromres.2012.01.011,,,0,
https://openalex.org/w2005744903,https://doi.org/10.1016/j.surg.2010.07.007,,,0,
https://openalex.org/w2005462660,https://doi.org/10.1016/j.jri.2009.10.005,,,0,
https://openalex.org/w2053207101,https://doi.org/10.1111/jth.12722,,,0,
https://openalex.org/w2112038129,https://doi.org/10.1093/humupd/dml051,,,0,
https://openalex.org/w2327627356,https://doi.org/10.1097/00005176-199611000-00021,,,0,
https://openalex.org/w2074960786,https://doi.org/10.1111/j.1445-5994.1993.tb01809.x,,,1,
https://openalex.org/w2163455085,https://doi.org/10.1016/j.thromres.2011.12.034,,,0,
https://openalex.org/w1970347077,https://doi.org/10.1111/j.1538-7836.2005.01689.x,,,0,
https://openalex.org/w2617955219,https://doi.org/10.1177/1352458516663086,,,0,
https://openalex.org/w2064826613,https://doi.org/10.4250/jcu.2014.22.3.148,,,0,
https://openalex.org/w2073571665,https://doi.org/10.1111/j.1365-2141.1991.tb04464.x,,,0,
https://openalex.org/w1973832434,https://doi.org/10.1016/j.atherosclerosis.2015.04.802,,,0,
https://openalex.org/w2229704018,https://doi.org/10.1055/s-0037-1614082,,,0,
https://openalex.org/w2044707852,https://doi.org/10.1182/blood-2007-01-070631,,,0,
https://openalex.org/w1668264153,https://doi.org/10.1111/j.1365-2796.2011.02362.x,,,0,
https://openalex.org/w2003584270,https://doi.org/10.1016/s0002-9378(85)80124-1,,,0,
https://openalex.org/w2018582298,https://doi.org/10.1159/000217316,,,0,
https://openalex.org/w2267100999,https://doi.org/10.2298/sarh10s1069a,,,0,
https://openalex.org/w2057023770,https://doi.org/10.1016/j.hoc.2007.11.001,,,0,
https://openalex.org/w2151017170,https://doi.org/10.1136/ard.2010.135186,,,0,
https://openalex.org/w74512842,,,,0,
https://openalex.org/w2084430096,https://doi.org/10.1179/016164109x12445505689526,,,0,
https://openalex.org/w2443862152,,,,0,
https://openalex.org/w2165194566,https://doi.org/10.1016/j.thromres.2014.09.005,,,0,
https://openalex.org/w2001659711,https://doi.org/10.1016/j.semarthrit.2007.08.002,,,0,
https://openalex.org/w2137653438,https://doi.org/10.1007/s11926-003-0038-0,,,0,
https://openalex.org/w1990746986,https://doi.org/10.1111/j.1440-1827.2005.01798.x,,,0,
https://openalex.org/w2116303846,https://doi.org/10.1001/jamadermatol.2013.709,,,0,
https://openalex.org/w2047123513,https://doi.org/10.1093/ndt/6.8.543,,,0,
https://openalex.org/w2073224796,https://doi.org/10.1111/j.1468-1331.2004.00915.x,,,0,
https://openalex.org/w2399135809,https://doi.org/10.20452/pamw.618,,,0,
https://openalex.org/w1990229579,https://doi.org/10.1016/j.hoc.2010.05.005,,,0,
https://openalex.org/w2047716060,https://doi.org/10.1160/th03-03-0151,,,0,
https://openalex.org/w1799072125,https://doi.org/10.1080/08916930902828254,,,0,
https://openalex.org/w1984657210,https://doi.org/10.1055/s-2007-996059,,,0,
https://openalex.org/w2263488828,https://doi.org/10.1016/j.cmi.2016.01.005,,,0,
https://openalex.org/w2420547240,https://doi.org/10.1016/s0022-5347(17)32616-2,,,0,
https://openalex.org/w4231527416,https://doi.org/10.1157/13052794,,,0,
https://openalex.org/w2162085609,,,,0,
https://openalex.org/w2049127318,https://doi.org/10.1056/nejm199504133321510,,060-269-076-714-498,0,
https://openalex.org/w2130757164,https://doi.org/10.1182/asheducation-2007.1.136,,,0,
https://openalex.org/w121398446,,,,0,
https://openalex.org/w2158481733,https://doi.org/10.1016/s0168-8278(98)80130-x,,,0,
https://openalex.org/w1007175850,https://doi.org/10.1007/s00330-015-3922-x,,,0,
https://openalex.org/w2109060641,https://doi.org/10.1182/blood-2005-03-1319,,,0,
https://openalex.org/w2343498417,,,,0,
https://openalex.org/w2079685139,https://doi.org/10.1007/s00296-003-0296-1,,,0,
https://openalex.org/w2093462613,https://doi.org/10.1007/s11926-001-0029-y,,,0,
https://openalex.org/w2119397960,https://doi.org/10.1016/s0165-0378(98)00003-5,,,0,
https://openalex.org/w2021548964,https://doi.org/10.1159/000236634,,,0,
https://openalex.org/w4236649832,https://doi.org/10.1038/labinvest.2016.9,,,0,
https://openalex.org/w1978922994,https://doi.org/10.1136/bmj.39161.665579.be,,,0,
https://openalex.org/w2773841912,https://doi.org/10.1016/j.dld.2017.11.018,,,0,
https://openalex.org/w1999598556,https://doi.org/10.1097/00005792-198801000-00002,,,0,
https://openalex.org/w2080300966,https://doi.org/10.1016/j.jns.2005.06.008,,,0,
https://openalex.org/w2051503997,https://doi.org/10.1007/s12664-013-0368-4,,,0,
https://openalex.org/w2002285465,https://doi.org/10.1016/j.autrev.2010.05.012,,,0,
https://openalex.org/w2172254577,https://doi.org/10.12860/jnp.2014.03,,,0,
https://openalex.org/w2047020529,https://doi.org/10.1002/ajh.20408,,,0,
https://openalex.org/w2112756727,https://doi.org/10.1046/j.1365-2141.1997.d01-2147.x,,,0,
https://openalex.org/w2331695529,https://doi.org/10.1097/00041552-200105000-00009,,,0,
https://openalex.org/w2395990967,https://doi.org/10.1016/s0049-3848(16)30365-6,,,0,
https://openalex.org/w4254718147,https://doi.org/10.1093/qjmed/hcu100,,,0,
https://openalex.org/w3187837017,https://doi.org/10.1002/eji.200990224,,,0,
https://openalex.org/w1997113795,https://doi.org/10.1016/j.jaut.2009.02.006,,,0,
https://openalex.org/w1972437702,https://doi.org/10.1007/s00417-008-0987-0,,,0,
https://openalex.org/w2039402603,https://doi.org/10.1016/0049-3848(95)91522-m,,,0,
https://openalex.org/w2023419322,https://doi.org/10.1002/acr.20439,,,0,
https://openalex.org/w2323544259,https://doi.org/10.1097/bor.0000000000000240,,,0,
https://openalex.org/w2033123284,https://doi.org/10.1016/j.autrev.2008.12.018,,,0,
https://openalex.org/w1992107281,https://doi.org/10.1177/0961203309360544,,,0,
https://openalex.org/w2055282464,https://doi.org/10.1007/s11926-014-0494-8,,,0,
https://openalex.org/w2136178364,https://doi.org/10.1136/ard.2010.137281,,,0,
https://openalex.org/w1996229698,https://doi.org/10.3899/jrheum.111334,,,0,
https://openalex.org/w114357024,https://doi.org/10.1111/bjh.12263,,,0,
https://openalex.org/w2137221463,https://doi.org/10.1160/th14-05-0416,,,0,
https://openalex.org/w329577119,,,,1,
https://openalex.org/w2062171368,https://doi.org/10.1046/j.1525-1594.1999.06250.x,,,0,
https://openalex.org/w2014873778,https://doi.org/10.1177/0961203306071872,,,1,
https://openalex.org/w2098420608,https://doi.org/10.1111/nyas.12080,,,0,
https://openalex.org/w2626318416,https://doi.org/10.1159/000477161,,,0,
https://openalex.org/w2102401211,https://doi.org/10.1586/1744666x.2013.837261,,,0,
https://openalex.org/w2058712786,https://doi.org/10.1007/s100670200103,,,0,
https://openalex.org/w3166577893,https://doi.org/10.1038/sj.thj.6200412,,,0,
https://openalex.org/w2430548579,,,,0,
https://openalex.org/w1979247836,https://doi.org/10.1016/s1568-9972(02)00084-8,,,0,
https://openalex.org/w1995431992,https://doi.org/10.1002/art.21048,,,0,
https://openalex.org/w2110250395,https://doi.org/10.1016/j.semarthrit.2012.03.011,,,0,
https://openalex.org/w2015760004,https://doi.org/10.1016/j.thromres.2011.08.020,,,0,
https://openalex.org/w2132558412,https://doi.org/10.1111/j.1749-6632.2009.04655.x,,,0,
https://openalex.org/w2055439729,https://doi.org/10.1001/archinte.163.22.2771,,,0,
https://openalex.org/w2062574863,https://doi.org/10.1111/jth.12447,,,0,
https://openalex.org/w2318810506,https://doi.org/10.12669/pjms.303.4680,,,0,
https://openalex.org/w1990510145,https://doi.org/10.1016/0049-3848(93)90176-o,,,0,
https://openalex.org/w2138462666,https://doi.org/10.2174/157339706778019629,,,0,
https://openalex.org/w2108466009,https://doi.org/10.1007/s10067-007-0742-7,,,0,
https://openalex.org/w2322994539,https://doi.org/10.1097/mbc.0000000000000218,,,0,
https://openalex.org/w1872823335,https://doi.org/10.1055/s-0037-1616739,,,1,
https://openalex.org/w1993331725,https://doi.org/10.1182/blood-2009-09-244426,,,0,
https://openalex.org/w2022126716,https://doi.org/10.1001/archophthalmol.2009.124,,,0,
https://openalex.org/w4245714684,https://doi.org/10.1097/01.dad.0000245195.35106.3c,,,0,
https://openalex.org/w2167364314,https://doi.org/10.1182/blood-2010-08-300715,,,0,
https://openalex.org/w2164619095,https://doi.org/10.1093/humrep/14.8.2106,,,0,
https://openalex.org/w2098700337,,,,0,
https://openalex.org/w2054552524,https://doi.org/10.1177/096120339400300412,,,0,
https://openalex.org/w2751133429,,,,0,
https://openalex.org/w2436022297,,,,0,
https://openalex.org/w2134407598,https://doi.org/10.3324/haematol.10577,,,0,
https://openalex.org/w2724717645,https://doi.org/10.1177/2396987317705236,,,0,
https://openalex.org/w2034762877,https://doi.org/10.1016/j.semarthrit.2006.01.001,,,0,
https://openalex.org/w2337689850,https://doi.org/10.1177/0961203315603146,,,0,
https://openalex.org/w2003643453,https://doi.org/10.1055/s-2006-949663,,,0,
https://openalex.org/w2074683983,https://doi.org/10.1160/th06-03-0132,,069-036-096-904-491,0,
https://openalex.org/w1992159512,https://doi.org/10.1046/j.1538-7836.2004.00698.x,,,0,
https://openalex.org/w1831488443,,,,0,
https://openalex.org/w2024596003,https://doi.org/10.1159/000188671,,,0,
https://openalex.org/w2022187583,https://doi.org/10.1111/j.1365-3083.1995.tb03588.x,,,0,
https://openalex.org/w2041043272,https://doi.org/10.1590/s0066-782x2012000400014,,010-032-657-883-16X,0,
https://openalex.org/w2015307806,https://doi.org/10.1016/j.cca.2012.02.004,,,0,
https://openalex.org/w2043451614,https://doi.org/10.1007/bf00197519,,,0,
https://openalex.org/w1997719246,https://doi.org/10.3949/ccjm.75.4.258,,,0,
https://openalex.org/w1967977017,https://doi.org/10.1177/0961203312446627,,,0,
https://openalex.org/w2076673968,https://doi.org/10.1097/rhu.0b013e3181639aaa,,,0,
https://openalex.org/w2149694362,,,,0,
https://openalex.org/w2766186139,https://doi.org/10.1016/j.chest.2017.08.1029,,,0,
https://openalex.org/w2471232184,,,,0,
https://openalex.org/w2051631526,https://doi.org/10.1191/0961203304lu2016cr,,,0,
https://openalex.org/w2081626369,https://doi.org/10.1016/s0749-0704(02)00025-8,,,0,
https://openalex.org/w2018372617,https://doi.org/10.1002/art.20210,,,0,
https://openalex.org/w2146614808,https://doi.org/10.1182/blood-2010-03-259325,,,0,
https://openalex.org/w1976529770,https://doi.org/10.4103/0378-6323.82412,,,0,
https://openalex.org/w2414933645,,,,0,
https://openalex.org/w1954967105,https://doi.org/10.1055/s-0037-1615688,,,0,
https://openalex.org/w2152081807,https://doi.org/10.1002/art.39453,,,0,
https://openalex.org/w2116251205,https://doi.org/10.1067/msy.2003.8,,,0,
https://openalex.org/w2339523494,https://doi.org/10.3899/jrheum.160272,,,0,
https://openalex.org/w2036136063,https://doi.org/10.1111/tri.12037,,,0,
https://openalex.org/w2412791533,https://doi.org/10.12968/denu.2013.40.10.805,,,0,
https://openalex.org/w2027576621,https://doi.org/10.1016/j.repc.2014.01.007,,,0,
https://openalex.org/w2607810279,https://doi.org/10.1182/blood.v128.22.3732.3732,,,0,
https://openalex.org/w2122946938,https://doi.org/10.1016/j.ijcard.2006.07.197,,,0,
https://openalex.org/w2602533312,https://doi.org/10.1016/j.semarthrit.2017.03.012,,,0,
https://openalex.org/w2588278737,https://doi.org/10.1093/ndt/gfw189.19,,,0,
https://openalex.org/w14111259,https://doi.org/10.1097/smj.0b013e3181a82a46,,,0,
https://openalex.org/w3045932255,https://doi.org/10.1177/0961203393002001041,,,0,
https://openalex.org/w2015885704,https://doi.org/10.1097/maj.0b013e318191436e,,,0,
https://openalex.org/w2021882317,https://doi.org/10.1177/096120339400300419,,,0,
https://openalex.org/w2081409842,https://doi.org/10.1161/01.cir.82.2.636,,,0,
https://openalex.org/w2752296305,https://doi.org/10.1093/rheumatology/kex062.002,,,0,
https://openalex.org/w2169214909,https://doi.org/10.1016/j.thromres.2007.07.014,,,0,
https://openalex.org/w2036371614,https://doi.org/10.1111/j.1600-0897.1995.tb01133.x,,,0,
https://openalex.org/w2104266044,https://doi.org/10.1136/ard.2010.142042,,,1,
https://openalex.org/w2123221489,https://doi.org/10.1093/rheumatology/keg345,,047-316-856-357-274,0,
https://openalex.org/w2031197267,https://doi.org/10.1016/0049-3848(94)90058-2,,,0,
https://openalex.org/w2031310058,https://doi.org/10.1111/j.1756-185x.2008.00334.x,,,0,
https://openalex.org/w4250519673,https://doi.org/10.1016/s1071-5576(97)00069-5,,,0,
https://openalex.org/w2147202831,https://doi.org/10.1016/j.prrv.2011.05.005,,,0,
https://openalex.org/w2007614128,https://doi.org/10.1016/j.thromres.2015.01.028,,,0,
https://openalex.org/w4235852237,https://doi.org/10.1210/endo-meetings.2011.part2.p17.p1-675,,,0,
https://openalex.org/w2128297221,https://doi.org/10.1160/th05-06-0400,,,0,
https://openalex.org/w2076372191,https://doi.org/10.1191/0961203303lu458oa,,,0,
https://openalex.org/w2404196738,https://doi.org/10.1055/s-0037-1613776,,066-148-796-933-610,0,
https://openalex.org/w2108789795,https://doi.org/10.2217/ahe.13.36,,,0,
https://openalex.org/w2013629064,https://doi.org/10.1177/0961203308091633,,,0,
https://openalex.org/w2060907209,https://doi.org/10.1007/s11926-008-0013-x,,,0,
https://openalex.org/w2035922913,https://doi.org/10.1111/j.1538-7836.2004.00910.x,,,0,
https://openalex.org/w2002332777,https://doi.org/10.1006/jaut.2000.0416,,,0,
https://openalex.org/w2314576167,https://doi.org/10.1136/annrheumdis-2013-eular.139,,,0,
https://openalex.org/w2045800967,https://doi.org/10.1111/j.1365-2982.2005.00728.x,,,0,
https://openalex.org/w1976154467,https://doi.org/10.1016/s0272-6386(03)00352-4,,,0,
https://openalex.org/w2125730400,https://doi.org/10.1016/j.rdc.2005.09.004,,,0,
https://openalex.org/w2056841344,https://doi.org/10.1055/s-2000-9808,,,0,
https://openalex.org/w2160239222,https://doi.org/10.1111/j.1365-2567.2009.03225.x,,,0,
https://openalex.org/w54842636,https://doi.org/10.1111/j.1742-1241.2000.tb10923.x,,,0,
https://openalex.org/w2528471363,https://doi.org/10.1182/blood.v114.22.2979.2979,,,0,
https://openalex.org/w2102067932,,,,0,
https://openalex.org/w2101085536,https://doi.org/10.1016/j.thromres.2008.12.032,,,0,
https://openalex.org/w4292679828,https://doi.org/10.3233/jad-169002,,,0,
https://openalex.org/w2178399281,,,,0,
https://openalex.org/w2494693507,https://doi.org/10.1016/j.jaut.2016.07.003,,,0,
https://openalex.org/w2003010897,https://doi.org/10.2146/ajhp060269,,,0,
https://openalex.org/w2027000078,https://doi.org/10.1016/j.jmv.2009.11.004,,,0,
https://openalex.org/w2021870378,https://doi.org/10.1016/j.rce.2013.01.012,,,0,
https://openalex.org/w2076733126,https://doi.org/10.1111/ejh.12554,,,0,
https://openalex.org/w2415163006,https://doi.org/10.1056/nejm200303063481021,,,0,
https://openalex.org/w2032531039,https://doi.org/10.1002/art.27621,,,0,
https://openalex.org/w2758795254,https://doi.org/10.1093/rheumatology/kex357,,,1,
https://openalex.org/w2127740453,https://doi.org/10.1093/rheumatology/ker290,,,0,
https://openalex.org/w2173263491,https://doi.org/10.1016/j.semnephrol.2015.08.009,,,0,
https://openalex.org/w2004538033,https://doi.org/10.1159/000093564,,,0,
https://openalex.org/w4414569132,https://doi.org/10.1016/j.aohep.2025.102008,,,0,
https://openalex.org/w2104120815,https://doi.org/10.1213/ane.0b013e31828a4b54,,,0,
https://openalex.org/w2332638099,https://doi.org/10.1016/s0025-7125(16)31266-4,,,0,
https://openalex.org/w2121556116,https://doi.org/10.1160/th12-09-0663,,022-903-369-072-019,0,
https://openalex.org/w1983858352,https://doi.org/10.1016/j.jri.2004.09.005,,,0,
https://openalex.org/w2077526962,https://doi.org/10.1055/s-0032-1321490,,,0,
https://openalex.org/w1978595953,https://doi.org/10.1055/s-0032-1311801,,,0,
https://openalex.org/w2036187514,https://doi.org/10.1111/j.1538-7836.2005.01173.x,,,0,
https://openalex.org/w2171272882,https://doi.org/10.1177/1076029607303537,,,0,
https://openalex.org/w2126869900,https://doi.org/10.1177/1076029610369797,,,0,
https://openalex.org/w100383332,,,,0,
https://openalex.org/w2123130467,https://doi.org/10.1161/01.atv.17.11.3159,,,0,
https://openalex.org/w2134508442,https://doi.org/10.1016/j.transproceed.2009.12.016,,,0,
https://openalex.org/w2049176424,https://doi.org/10.1053/j.ajkd.2005.05.023,,,0,
https://openalex.org/w2400975046,,,,0,
https://openalex.org/w2000931975,https://doi.org/10.1016/s0889-857x(05)70225-8,,,0,
https://openalex.org/w1980308510,https://doi.org/10.1007/s11926-006-0051-1,,,0,
https://openalex.org/w2074387257,https://doi.org/10.1160/th12-11-0850,,,0,
https://openalex.org/w2070783410,https://doi.org/10.1253/circj.67.46,,,0,
https://openalex.org/w2087386009,https://doi.org/10.1016/s0950-3536(05)80194-5,,,0,
https://openalex.org/w2082509766,https://doi.org/10.1080/15476910802129638,,,0,
https://openalex.org/w4231095444,https://doi.org/10.1001/archinte.154.2.164,,,0,
https://openalex.org/w2115958851,https://doi.org/10.1177/0961203313520061,,,0,
https://openalex.org/w2116119814,https://doi.org/10.1586/ehm.12.56,,,0,
https://openalex.org/w2164195892,https://doi.org/10.4081/reumatismo.2012.307,,,1,
https://openalex.org/w1982518890,https://doi.org/10.1016/j.jsgi.2004.02.007,,,0,
https://openalex.org/w2417404268,,,,0,
https://openalex.org/w2418238476,https://doi.org/10.1016/s1073-4449(12)80045-8,,,0,
https://openalex.org/w2137918416,https://doi.org/10.1093/qjmed/hcv088,,,0,
https://openalex.org/w2139886079,https://doi.org/10.1093/qjmed/93.8.523,,,1,
https://openalex.org/w2050503859,https://doi.org/10.1007/s11926-010-0148-4,,,0,
https://openalex.org/w2048713887,https://doi.org/10.1097/01.rhu.0000200420.67262.04,,,0,
https://openalex.org/w2048340291,https://doi.org/10.1055/s-2008-1041075,,,0,
https://openalex.org/w2095503414,https://doi.org/10.1136/pgmj.65.769.837,,,0,
https://openalex.org/w2133155436,https://doi.org/10.1148/radiographics.13.2.8460227,,,0,
https://openalex.org/w1496085984,https://doi.org/10.1001/jamapediatrics.2015.0345,,091-325-910-553-242,0,
https://openalex.org/w2416974613,,,,0,
https://openalex.org/w2054197704,https://doi.org/10.1191/096120398678919967,,,0,
https://openalex.org/w2171214621,https://doi.org/10.1016/s0022-510x(02)00271-x,,,0,
https://openalex.org/w2070758167,https://doi.org/10.1081/jdi-120026040,,,0,
https://openalex.org/w2504472281,https://doi.org/10.1182/blood.v126.23.2328.2328,,,0,
https://openalex.org/w2411656729,https://doi.org/10.1016/j.annfar.2012.07.013,,,0,
https://openalex.org/w2256854917,https://doi.org/10.1182/blood.v124.21.4274.4274,,,0,
https://openalex.org/w2429232124,https://doi.org/10.1007/s00393-016-0107-1,,,0,
https://openalex.org/w2100532945,https://doi.org/10.1111/ajt.13336,,,0,
https://openalex.org/w2066929104,https://doi.org/10.1016/0002-9343(90)90368-n,,,0,
https://openalex.org/w2068310703,https://doi.org/10.1007/s00467-004-1734-3,,,0,
https://openalex.org/w2166392580,https://doi.org/10.1136/jcp.46.1.37,,,0,
https://openalex.org/w2165512393,https://doi.org/10.1007/s00467-009-1137-6,,,0,
https://openalex.org/w1966201208,https://doi.org/10.1136/gut.2003.037135,,,0,
https://openalex.org/w1975284138,https://doi.org/10.1002/acr.21846,,,0,
https://openalex.org/w2037409202,https://doi.org/10.1097/01.tp.0000149894.95435.7f,,,0,
https://openalex.org/w2096567785,,,,0,
https://openalex.org/w2006096707,https://doi.org/10.1038/nrrheum.2010.42,,,0,
https://openalex.org/w2059678133,https://doi.org/10.1093/eurheartj/ehv073,,037-708-046-128-250,0,
https://openalex.org/w1903920296,https://doi.org/10.1177/0961203312440057,,,0,
https://openalex.org/w2582997876,https://doi.org/10.1536/ihj.16-617,,,0,
https://openalex.org/w2418448987,https://doi.org/10.1016/j.molimm.2016.05.022,,,0,
https://openalex.org/w1989478112,https://doi.org/10.1046/j.1365-2249.2001.01520.x,,,0,
https://openalex.org/w2096428341,https://doi.org/10.1182/blood-2009-12-260976,,,0,
https://openalex.org/w2004340915,https://doi.org/10.1016/s0140-6736(88)92642-6,,,0,
https://openalex.org/w2398596716,,,,0,
https://openalex.org/w2754337380,https://doi.org/10.1016/j.jri.2017.09.007,,,0,
https://openalex.org/w2108987267,https://doi.org/10.1016/j.hoc.2007.10.006,,,0,
https://openalex.org/w2187210483,https://doi.org/10.1007/s10157-015-1179-y,,,0,
https://openalex.org/w2147120656,https://doi.org/10.1186/ar1977,,,0,
https://openalex.org/w2041200137,https://doi.org/10.1002/art.20578,,,0,
https://openalex.org/w1982786699,https://doi.org/10.1016/s1472-6483(10)62013-5,,,0,
https://openalex.org/w2058000737,https://doi.org/10.1179/102453312x13336169156654,,,0,
https://openalex.org/w1590347310,https://doi.org/10.1177/096120339600500526,,,0,
https://openalex.org/w2005997603,https://doi.org/10.1177/0961203313490433,,,0,
https://openalex.org/w2057538030,https://doi.org/10.1016/j.rmr.2010.01.004,,,0,
https://openalex.org/w2037256181,https://doi.org/10.1007/s11739-008-0169-4,,,0,
https://openalex.org/w2050781183,https://doi.org/10.1038/nrrheum.2011.171,,,0,
https://openalex.org/w2045811703,https://doi.org/10.1136/ard.49.6.421-b,,006-748-044-831-024,0,
https://openalex.org/w4290884927,https://doi.org/10.1016/j.molimm.2014.07.010,,,0,
https://openalex.org/w1979904797,https://doi.org/10.1097/00005792-198911000-00003,,,0,
https://openalex.org/w2291554886,https://doi.org/10.1007/s11926-016-0568-x,,,0,
https://openalex.org/w2059091896,https://doi.org/10.1177/096120339500400406,,,0,
https://openalex.org/w2410010434,,,,0,
https://openalex.org/w1989864314,https://doi.org/10.1007/bf02724290,,,0,
https://openalex.org/w1997978290,https://doi.org/10.1016/s0049-3848(97)00002-9,,,0,
https://openalex.org/w2738729587,https://doi.org/10.1007/s11239-017-1526-9,,,0,
https://openalex.org/w184946603,,,,0,
https://openalex.org/w2030192648,https://doi.org/10.1111/aji.12099,,,0,
https://openalex.org/w2164637339,https://doi.org/10.1136/jnnp.70.1.105,,,0,
https://openalex.org/w2298560593,https://doi.org/10.1182/blood.v81.5.1255.1255,,,0,
https://openalex.org/w2115853654,https://doi.org/10.1016/j.thromres.2011.11.029,,,0,
https://openalex.org/w1992631495,https://doi.org/10.1002/art.33340,,,0,
https://openalex.org/w2024678137,https://doi.org/10.1007/s10067-003-0766-6,,,0,
https://openalex.org/w2123960799,https://doi.org/10.1016/j.semarthrit.2008.01.016,,,0,
https://openalex.org/w2088435917,https://doi.org/10.1016/s1053-0770(05)80327-1,,,0,
https://openalex.org/w2051862217,https://doi.org/10.1016/j.autrev.2005.03.001,,,0,
https://openalex.org/w2027614286,https://doi.org/10.1016/s0049-3848(13)70064-1,,,0,
https://openalex.org/w2594388866,https://doi.org/10.1159/000367674,,,0,
https://openalex.org/w2417339210,,,,0,
https://openalex.org/w2587181988,https://doi.org/10.1182/blood.v128.22.86.86,,,0,
https://openalex.org/w2081149712,https://doi.org/10.1097/pat.0b013e32834d7bee,,,0,
https://openalex.org/w2094691603,https://doi.org/10.1161/01.cir.0000137123.55051.9b,,,0,
https://openalex.org/w2078838686,https://doi.org/10.1177/0961203310395052,,,0,
https://openalex.org/w2416089098,https://doi.org/10.1177/096120339600500515,,,0,
https://openalex.org/w2143176537,https://doi.org/10.1191/0961203303lu403oa,,,0,
https://openalex.org/w2116768531,https://doi.org/10.1002/bdra.23063,,,0,
https://openalex.org/w2057482001,https://doi.org/10.1016/s0272-6386(97)90195-5,,,0,
https://openalex.org/w2151578280,https://doi.org/10.1007/s11926-009-0079-0,,,0,
https://openalex.org/w2136603226,https://doi.org/10.1177/0961203307086503,,,0,
https://openalex.org/w2040385484,https://doi.org/10.1159/000190178,,062-045-012-333-207,0,
https://openalex.org/w164677790,,,,0,
https://openalex.org/w1985450644,https://doi.org/10.1016/j.ejvs.2004.03.027,,,0,
https://openalex.org/w2000205521,https://doi.org/10.1016/j.jri.2007.02.007,,,0,
https://openalex.org/w2168833049,https://doi.org/10.1038/nrneph.2014.38,,,0,
https://openalex.org/w2022886598,https://doi.org/10.1016/j.autrev.2009.03.007,,,0,
https://openalex.org/w2029374099,https://doi.org/10.1111/j.1538-7836.2004.00856.x,,,0,
https://openalex.org/w1983239580,https://doi.org/10.1111/j.1365-2249.1994.tb06065.x,,,0,
https://openalex.org/w1984134882,https://doi.org/10.1007/s00296-011-1875-1,,,0,
https://openalex.org/w1978712586,https://doi.org/10.1016/j.ajog.2004.05.014,,,0,
https://openalex.org/w2185913383,,,,0,
https://openalex.org/w2005912816,https://doi.org/10.1111/j.1538-7836.2007.02582.x,,,0,
https://openalex.org/w2005105087,https://doi.org/10.1016/j.rdc.2006.05.005,,,0,
https://openalex.org/w2011156075,https://doi.org/10.2169/internalmedicine.36.882,,,0,
https://openalex.org/w2407816864,,,,0,
https://openalex.org/w2008294183,https://doi.org/10.1016/s0140-6736(81)91580-4,,,0,
https://openalex.org/w2332041133,https://doi.org/10.1016/j.thromres.2016.03.014,,,0,
https://openalex.org/w1565966142,https://doi.org/10.1111/j.1538-7836.2005.01444.x,,,0,
https://openalex.org/w2070169581,https://doi.org/10.1038/nrrheum.2010.47,,,0,
https://openalex.org/w2411532490,,,,0,
https://openalex.org/w2048414727,https://doi.org/10.1016/s0015-0282(03)01175-0,,,0,
https://openalex.org/w2440701858,https://doi.org/10.1111/jth.13389,,,0,
https://openalex.org/w4297409492,https://doi.org/10.1136/ard.2009.123885,,,0,
https://openalex.org/w2035746846,https://doi.org/10.1191/0961203303lu401oa,,,0,
https://openalex.org/w2058944516,https://doi.org/10.1592/phco.30.12.1292,,,0,
https://openalex.org/w2409577647,,,,0,
https://openalex.org/w2317406963,https://doi.org/10.1093/humrep/de.25.s1.18,,,0,
https://openalex.org/w2023424846,https://doi.org/10.1007/s11936-996-0017-7,,,0,
https://openalex.org/w2416349044,,,,0,
https://openalex.org/w2280728265,https://doi.org/10.1002/mus.25019,,,0,
https://openalex.org/w2071609692,https://doi.org/10.1016/s0049-3848(97)00083-2,,,0,
https://openalex.org/w2100802862,https://doi.org/10.1371/journal.pone.0088548,,,0,
https://openalex.org/w350246837,,,,0,
https://openalex.org/w2000896195,https://doi.org/10.1097/00001721-200301000-00010,,,0,
https://openalex.org/w2491432000,https://doi.org/10.1016/j.semarthrit.2016.05.006,,,0,
https://openalex.org/w4237522571,https://doi.org/10.1182/blood.v118.21.2295.2295,,,0,
https://openalex.org/w1973621586,https://doi.org/10.1016/j.jvs.2014.01.051,,,0,
https://openalex.org/w2175768684,https://doi.org/10.1146/annurev.me.39.020188.001401,,,0,
https://openalex.org/w2156599585,https://doi.org/10.1111/j.1399-0012.2012.01625.x,,,0,
https://openalex.org/w2084997574,https://doi.org/10.1160/th08-03-0196,,,0,
https://openalex.org/w2070688542,https://doi.org/10.1016/0002-9149(85)90548-x,,,0,
https://openalex.org/w2143542343,https://doi.org/10.1002/acr.22589,,,0,
https://openalex.org/w1978672330,https://doi.org/10.7326/0003-4819-110-6-495_2,,049-004-172-124-47X,0,
https://openalex.org/w1566672148,https://doi.org/10.1111/j.1432-2277.2012.01447.x,,,0,
https://openalex.org/w4293247993,https://doi.org/10.1111/j.1398-9995.2009.02076.x,,,0,
https://openalex.org/w2068492012,https://doi.org/10.1002/art.22663,,,1,
https://openalex.org/w2168665805,https://doi.org/10.1111/bjh.12627,,,0,
https://openalex.org/w178610898,,,,0,
https://openalex.org/w1997181018,https://doi.org/10.1213/01.ane.0000246355.56699.28,,,0,
https://openalex.org/w2012974169,https://doi.org/10.7326/0003-4819-125-9-199611010-00008,,,0,
https://openalex.org/w2141849039,https://doi.org/10.1177/0897190008322246,,,0,
https://openalex.org/w2068222601,https://doi.org/10.1046/j.1468-1331.1998.530287.x,,,0,
https://openalex.org/w2418965316,https://doi.org/10.1055/s-0038-1642698,,,0,
https://openalex.org/w2017698310,https://doi.org/10.1006/jaut.1996.0106,,,0,
https://openalex.org/w2044577790,https://doi.org/10.1007/bf02731669,,,0,
https://openalex.org/w2162734099,https://doi.org/10.1191/0961203303lu504oa,,,0,
https://openalex.org/w2586078927,https://doi.org/10.4274/tjh.2016.0411,,,0,
https://openalex.org/w2163311798,https://doi.org/10.1177/096120339600500217,,,0,
https://openalex.org/w2019658990,https://doi.org/10.3109/14397595.2014.882222,,,0,
https://openalex.org/w43627215,,,,0,
https://openalex.org/w2109793252,https://doi.org/10.1111/j.1538-7836.2005.01350.x,,,0,
https://openalex.org/w1836479959,,,,0,
https://openalex.org/w2079873230,https://doi.org/10.1007/s13730-014-0161-y,,,0,
https://openalex.org/w174643237,,,,0,
https://openalex.org/w1992306412,https://doi.org/10.1177/088307380201700702,,,0,
https://openalex.org/w1995275495,https://doi.org/10.1007/s11999-010-1514-2,,,0,
https://openalex.org/w2055623707,https://doi.org/10.1016/j.ncl.2009.09.014,,,0,
https://openalex.org/w4234892542,https://doi.org/10.1182/blood.v91.6.1999.1999_1999_2004,,,0,
https://openalex.org/w2027668178,https://doi.org/10.1016/j.autrev.2012.03.002,,,0,
https://openalex.org/w2580421302,https://doi.org/10.1016/j.semarthrit.2017.01.011,,,0,
https://openalex.org/w2151983841,https://doi.org/10.1093/humupd/8.5.463,,,0,
https://openalex.org/w2412837248,,,,0,
https://openalex.org/w2759567918,https://doi.org/10.1038/nrd3657,,,0,
https://openalex.org/w2423715988,https://doi.org/10.1055/s-0038-1656365,,,0,
https://openalex.org/w2038612127,https://doi.org/10.1002/acr.20402,,,0,
https://openalex.org/w2188503269,https://doi.org/10.3121/cmr.2014.1225,,,0,
https://openalex.org/w2025131925,https://doi.org/10.1001/archneur.1995.00540270063020,,,0,
https://openalex.org/w1966815029,https://doi.org/10.1016/s0733-8627(02)00016-0,,,0,
https://openalex.org/w2023569640,https://doi.org/10.1515/cclm-2014-0039,,,0,
https://openalex.org/w2100128741,https://doi.org/10.1016/j.jns.2009.03.011,,,0,
https://openalex.org/w1974467255,https://doi.org/10.1016/j.thromres.2004.08.009,,,0,
https://openalex.org/w1992863265,https://doi.org/10.1177/1076029606296423,,,0,
https://openalex.org/w2081666085,https://doi.org/10.1007/s10067-014-2671-6,,,0,
https://openalex.org/w2148025649,https://doi.org/10.1111/j.1538-7836.2010.04015.x,,,1,
https://openalex.org/w1526273880,https://doi.org/10.1111/nyas.12794,,,0,
https://openalex.org/w2142932947,https://doi.org/10.1681/asn.2014050429,,,0,
https://openalex.org/w2013574109,https://doi.org/10.2174/187221309789257405,,,0,
https://openalex.org/w2007653518,https://doi.org/10.1007/s11926-014-0481-0,,,0,
https://openalex.org/w2589187715,https://doi.org/10.1016/j.thromres.2017.02.019,,,0,
https://openalex.org/w2443097299,,,,0,
https://openalex.org/w28354593,,,,0,
https://openalex.org/w2419514610,https://doi.org/10.1055/s-0038-1646534,,,0,
https://openalex.org/w2079137103,https://doi.org/10.1016/j.jbspin.2014.10.016,,,0,
https://openalex.org/w1978077683,https://doi.org/10.1159/000085567,,,0,
https://openalex.org/w2299662273,https://doi.org/10.1007/s12519-016-0009-y,,,0,
https://openalex.org/w2049873044,https://doi.org/10.1378/chest.10792,,,0,
https://openalex.org/w2318827363,https://doi.org/10.1055/s-2004-817938,,,0,
https://openalex.org/w1519758751,https://doi.org/10.1111/ijlh.12409,,,0,
https://openalex.org/w2041695193,https://doi.org/10.1046/j.1365-2141.1997.3283145.x,,,0,
https://openalex.org/w2154145582,https://doi.org/10.1111/j.1600-0897.2005.00322.x,,,0,
https://openalex.org/w2036681190,https://doi.org/10.1155/2012/854941,,,0,
https://openalex.org/w2401898166,,,,0,
https://openalex.org/w2157842571,https://doi.org/10.1093/ejcts/ezt572,,,0,
https://openalex.org/w2094872917,https://doi.org/10.1002/art.23387,,,0,
https://openalex.org/w1764456279,https://doi.org/10.1177/039463200802100217,,,0,
https://openalex.org/w1964818909,https://doi.org/10.1177/096120339800700226,,,0,
https://openalex.org/w1934871311,https://doi.org/10.1111/j.1600-0897.2007.00570.x,,,1,
https://openalex.org/w2396779905,,,,0,
https://openalex.org/w2921550010,https://doi.org/10.14309/00000434-201010001-00743,,,0,
https://openalex.org/w2035726535,https://doi.org/10.1016/j.humimm.2012.04.003,,,0,
https://openalex.org/w2009370411,https://doi.org/10.1160/th07-05-0348,,,0,
https://openalex.org/w2260148905,https://doi.org/10.1007/978-1-4939-0326-9_17,,,0,
https://openalex.org/w2395741984,,,,0,
https://openalex.org/w2088798141,https://doi.org/10.1191/0961203304lu2030oa,,,0,
https://openalex.org/w2025241572,https://doi.org/10.1016/j.ajem.2013.09.032,,,0,
https://openalex.org/w2103538394,https://doi.org/10.1136/pmj.78.924.599,,,0,
https://openalex.org/w2418566095,,,,0,
https://openalex.org/w2161336617,https://doi.org/10.1194/jlr.m200329-jlr200,,,0,
https://openalex.org/w2151200309,https://doi.org/10.1007/s11239-012-0763-1,,,0,
https://openalex.org/w1977255225,https://doi.org/10.2215/cjn.00460110,,,0,
https://openalex.org/w2402856729,,,,0,
https://openalex.org/w2620836171,https://doi.org/10.1016/j.rmed.2017.06.003,,,0,
https://openalex.org/w2133112187,https://doi.org/10.1191/0961203303lu413oa,,,0,
https://openalex.org/w2119330779,https://doi.org/10.1002/1529-0131(199805)41:5<800::aid-art5>3.0.co;2-j,,,0,
https://openalex.org/w1571382230,https://doi.org/10.1111/j.1751-2980.2012.00614.x,,,0,
https://openalex.org/w2399615756,https://doi.org/10.1007/s40620-016-0317-2,,,0,
https://openalex.org/w1969138100,https://doi.org/10.3810/pgm.1997.05.252,,,0,
https://openalex.org/w2098645384,https://doi.org/10.1542/peds.2009-2939,,,0,
https://openalex.org/w2398688624,https://doi.org/10.1097/01.blo.0000092972.12414.a5,,,0,
https://openalex.org/w2610557084,https://doi.org/10.1016/j.mayocp.2017.02.007,,,0,
https://openalex.org/w2004263903,https://doi.org/10.1080/10428190600731972,,,0,
https://openalex.org/w2029938920,https://doi.org/10.1007/s100720050014,,,0,
https://openalex.org/w2129951147,https://doi.org/10.4081/gi.2010.e2,,,0,
https://openalex.org/w2055436780,https://doi.org/10.1177/096120339700600401,,,0,
https://openalex.org/w1978993474,https://doi.org/10.1016/j.thromres.2010.09.006,,,0,
https://openalex.org/w2152602934,https://doi.org/10.1177/0961203312438116,,,0,
https://openalex.org/w1980392542,https://doi.org/10.2298/vsp1003216l,,,0,
https://openalex.org/w2602922099,https://doi.org/10.1159/000318098,,,0,
https://openalex.org/w1975066749,https://doi.org/10.1055/s-2004-820919,,,0,
https://openalex.org/w2429252837,,,,0,
https://openalex.org/w2285759981,,,,0,
https://openalex.org/w2096839637,https://doi.org/10.1186/cc5778,,,0,
https://openalex.org/w4232364875,https://doi.org/10.1111/all.12978,,,0,
https://openalex.org/w146672875,https://doi.org/10.1007/s00393-005-0701-0,,,0,
https://openalex.org/w2165996061,https://doi.org/10.1001/archinte.160.3.382,,,0,
https://openalex.org/w2065278880,https://doi.org/10.1002/art.20586,,,0,
https://openalex.org/w3176667993,https://doi.org/10.1515/cclm-2015-5027,,,0,
https://openalex.org/w1872106660,https://doi.org/10.1016/j.jaut.2015.06.002,,,0,
https://openalex.org/w2412887449,https://doi.org/10.1136/annrheumdis-2015-eular.4445,,,0,
https://openalex.org/w2331475731,https://doi.org/10.1097/mbc.0000000000000523,,,0,
https://openalex.org/w2013820717,https://doi.org/10.1016/s0049-3848(99)00241-8,,,0,
https://openalex.org/w40606879,,,,0,
https://openalex.org/w2463823840,,,,0,
https://openalex.org/w2010986455,https://doi.org/10.2217/ijr.09.73,,,0,
https://openalex.org/w1595695935,https://doi.org/10.1111/j.1751-553x.2010.01259.x,,,0,
https://openalex.org/w1659381654,https://doi.org/10.1111/j.1538-7836.2007.02686.x,,,0,
https://openalex.org/w2056108146,https://doi.org/10.1177/0961203313500548,,,0,
https://openalex.org/w1992733761,https://doi.org/10.1160/th04-03-0138,,,0,
https://openalex.org/w2408156390,,,,0,
https://openalex.org/w2084239274,https://doi.org/10.7326/0003-4819-126-9-199705010-00006,,,0,
https://openalex.org/w2168146313,https://doi.org/10.1212/wnl.56.1.137,,051-911-765-929-645,0,
https://openalex.org/w2420261306,,,,0,
https://openalex.org/w1987455942,https://doi.org/10.1016/j.thromres.2004.06.030,,,0,
https://openalex.org/w2413235691,,,,0,
https://openalex.org/w1985936726,,,,1,
https://openalex.org/w2417448091,,,,0,
https://openalex.org/w2027921794,https://doi.org/10.1007/s10067-007-0673-3,,,0,
https://openalex.org/w1570607783,,,,0,
https://openalex.org/w2142296863,https://doi.org/10.1586/eci.10.104,,,0,
https://openalex.org/w1980232573,https://doi.org/10.1076/jcen.24.4.527.1038,,,0,
https://openalex.org/w48374264,,,,0,
https://openalex.org/w2025458993,https://doi.org/10.2169/internalmedicine.45.1567,,,0,
https://openalex.org/w4236523288,https://doi.org/10.1515/cclm-2016-0723,,,0,
https://openalex.org/w4233424861,https://doi.org/10.1002/ajh.23759,,,0,
https://openalex.org/w2152616004,https://doi.org/10.1161/hypertensionaha.112.201459,,003-485-457-683-989,0,
https://openalex.org/w1972380856,https://doi.org/10.1159/000314274,,,0,
https://openalex.org/w4242465468,https://doi.org/10.1177/1708538116673764,,,0,
https://openalex.org/w2039135703,https://doi.org/10.1055/s-2006-931800,,,0,
https://openalex.org/w2024343545,https://doi.org/10.1002/art.21009,,,0,
https://openalex.org/w1980745486,https://doi.org/10.1016/j.autrev.2010.07.018,,,0,
https://openalex.org/w2050407989,https://doi.org/10.1046/j.1537-2995.1982.22583017463.x,,,0,
https://openalex.org/w2124504048,https://doi.org/10.1378/chest.07-0247,,,0,
https://openalex.org/w2057110535,https://doi.org/10.1007/s100670170040,,,0,
https://openalex.org/w2077250506,https://doi.org/10.1006/jaut.2000.0411,,,0,
https://openalex.org/w4254903680,https://doi.org/10.1002/ajh.23168,,,0,
https://openalex.org/w2051648182,https://doi.org/10.1016/j.jaut.2008.10.003,,,0,
https://openalex.org/w2148657551,https://doi.org/10.1191/0961203303lu278cr,,,0,
https://openalex.org/w2090205890,https://doi.org/10.1016/j.jaut.2011.11.018,,,0,
https://openalex.org/w1966467647,https://doi.org/10.4081/reumatismo.2010.65,,,0,
https://openalex.org/w2140916553,https://doi.org/10.1093/rheumatology/kes225,,,0,
https://openalex.org/w2465902425,,,,0,
https://openalex.org/w120945959,,,,0,
https://openalex.org/w4256049515,https://doi.org/10.1016/j.cardfail.2014.06.246,,,0,
https://openalex.org/w2332669325,https://doi.org/10.1097/inf.0b013e3182843d7e,,,0,
https://openalex.org/w2007855938,https://doi.org/10.1191/096120398678920253,,,0,
https://openalex.org/w1995175726,https://doi.org/10.1016/s0165-0378(98)00091-6,,,0,
https://openalex.org/w2087967308,https://doi.org/10.1016/j.thromres.2011.06.003,,,0,
https://openalex.org/w2088887888,https://doi.org/10.1002/art.27300,,,0,
https://openalex.org/w2153485290,https://doi.org/10.1016/j.jvsv.2015.03.002,,,0,
https://openalex.org/w1964489615,https://doi.org/10.3810/pgm.2002.04.1177,,060-620-836-321-01X,0,
https://openalex.org/w2760622465,https://doi.org/10.1016/j.rmcr.2017.09.012,,,0,
https://openalex.org/w2001468952,https://doi.org/10.1016/j.jaut.2004.01.002,,,0,
https://openalex.org/w2118486001,https://doi.org/10.1155/2014/641962,,,0,
https://openalex.org/w2116291585,https://doi.org/10.3899/jrheum.120157,,,1,
https://openalex.org/w2093394297,https://doi.org/10.1136/heartjnl-2013-304613.550,,,0,
https://openalex.org/w2008482880,https://doi.org/10.1111/ijlh.12209,,,0,
https://openalex.org/w1991081246,https://doi.org/10.1002/ccd.1810310208,,,0,
https://openalex.org/w2154869316,https://doi.org/10.1191/096120300678828712,,,0,
https://openalex.org/w2017454836,https://doi.org/10.1016/j.molimm.2014.02.012,,,0,
https://openalex.org/w2539172113,https://doi.org/10.1016/j.revmed.2016.09.016,,,0,
https://openalex.org/w2475260445,https://doi.org/10.1055/s-0038-1649628,,,0,
https://openalex.org/w4300693889,https://doi.org/10.1097/01.tp.0000490147.72544.1a,,,0,
https://openalex.org/w2592865172,https://doi.org/10.1182/blood.v126.23.4470.4470,,,0,
https://openalex.org/w2110129239,https://doi.org/10.1177/107602960200800206,,,0,
https://openalex.org/w2135687987,https://doi.org/10.1086/424664,,,0,
https://openalex.org/w2083642082,https://doi.org/10.1016/s0003-4975(03)01039-7,,,0,
https://openalex.org/w2095435958,https://doi.org/10.1007/s00228-013-1518-4,,,0,
https://openalex.org/w2244447345,https://doi.org/10.1093/humrep/dev278,,,0,
https://openalex.org/w2408142909,,,,0,
https://openalex.org/w2106067520,https://doi.org/10.1136/ard.2008.091538,,,0,
https://openalex.org/w2413177490,,,,0,
https://openalex.org/w1972640698,https://doi.org/10.1001/jama.291.5.621,,028-444-474-748-808,0,
https://openalex.org/w1969755539,https://doi.org/10.2169/internalmedicine.45.6042,,057-293-336-741-372,0,
https://openalex.org/w2034232577,https://doi.org/10.1007/s12288-012-0204-5,,,0,
https://openalex.org/w1492249588,https://doi.org/10.1007/978-3-642-30726-3_20,,,0,
https://openalex.org/w1983528234,https://doi.org/10.1177/000992280504400302,,,0,
https://openalex.org/w2013550520,https://doi.org/10.1016/j.jinf.2006.03.031,,,0,
https://openalex.org/w2088649397,https://doi.org/10.1001/jamadermatol.2014.4872,,020-178-094-129-175,0,
https://openalex.org/w2089730703,https://doi.org/10.1016/j.pediatrneurol.2012.05.024,,,0,
https://openalex.org/w2088448769,https://doi.org/10.1191/0961203304lu2001oa,,,0,
https://openalex.org/w2015435235,https://doi.org/10.1055/s-2007-984406,,,0,
https://openalex.org/w2336271131,https://doi.org/10.1080/03009742.1998.11720760,,,0,
https://openalex.org/w2087791517,https://doi.org/10.1191/0961203303lu388oa,,,0,
https://openalex.org/w2409352453,,,,0,
https://openalex.org/w1963931499,https://doi.org/10.1002/1529-0131(199808)41:8<1513::aid-art28>3.0.co;2-7,,,0,
https://openalex.org/w1991588153,https://doi.org/10.1007/s10067-007-0721-z,,,1,
https://openalex.org/w2513301021,https://doi.org/10.1093/rheumatology/kew307,,,0,
https://openalex.org/w2106815532,https://doi.org/10.1016/s0121-8123(13)70130-0,,,0,
https://openalex.org/w2086084179,https://doi.org/10.1007/s00296-011-1859-1,,,0,
https://openalex.org/w2088437050,https://doi.org/10.1007/bf00175260,,,0,
https://openalex.org/w2416361098,,,,0,
https://openalex.org/w2109603343,https://doi.org/10.1016/j.reuma.2011.03.001,,023-377-596-296-265,0,
https://openalex.org/w2539956624,https://doi.org/10.1159/000452229,,,0,
https://openalex.org/w2032188717,https://doi.org/10.1016/j.jgyn.2014.06.002,,,0,
https://openalex.org/w2598714519,https://doi.org/10.1177/0961203317699285,,,1,
https://openalex.org/w1122612402,https://doi.org/10.1097/tp.0000000000000835,,,0,
https://openalex.org/w2440099149,,,,0,
https://openalex.org/w2026943369,https://doi.org/10.1177/0883073809344622,,,0,
https://openalex.org/w2442942697,,,,0,
https://openalex.org/w1996195830,https://doi.org/10.1016/j.thromres.2006.10.015,,,0,
https://openalex.org/w2734870714,https://doi.org/10.1016/j.thromres.2017.07.010,,,0,
https://openalex.org/w2256219379,https://doi.org/10.1111/jth.13263,,,0,
https://openalex.org/w2076698103,https://doi.org/10.1007/s11936-004-0036-1,,,0,
https://openalex.org/w1982209968,https://doi.org/10.1097/mbc.0b013e3282f2b5a9,,,0,
https://openalex.org/w2404689438,,,,0,
https://openalex.org/w945203368,https://doi.org/10.1097/md.0000000000001183,,,0,
https://openalex.org/w2137285700,https://doi.org/10.2217/ijr.11.18,,,0,
https://openalex.org/w2091744747,https://doi.org/10.1097/00124743-199802000-00008,,,0,
https://openalex.org/w4230752612,https://doi.org/10.1002/jca.20193,,,0,
https://openalex.org/w1507049883,https://doi.org/10.1111/j.1538-7836.2007.02680.x,,,0,
https://openalex.org/w1988412818,https://doi.org/10.1111/j.1526-4610.1993.hed3308421.x,,,0,
https://openalex.org/w2041194529,https://doi.org/10.1111/bjh.12587,,,0,
https://openalex.org/w1982835997,https://doi.org/10.1002/1529-0131(200003)43:3<550::aid-anr10>3.0.co;2-y,,,0,
https://openalex.org/w2133103331,https://doi.org/10.1093/rheumatology/33.1.20,,,0,
https://openalex.org/w2604257382,https://doi.org/10.1186/s13256-017-1249-8,,,0,
https://openalex.org/w2098064917,https://doi.org/10.1093/rheumatology/ket173,,,1,
https://openalex.org/w2030416478,https://doi.org/10.1055/s-2007-996042,,,0,
https://openalex.org/w2151955649,https://doi.org/10.1136/ard.60.7.717a,,020-987-397-230-457,0,
https://openalex.org/w2154338493,https://doi.org/10.1191/0961203306lu2258cr,,,0,
https://openalex.org/w1996886336,https://doi.org/10.1016/j.fertnstert.2014.07.002,,,0,
https://openalex.org/w2159106071,https://doi.org/10.2217/pgs.09.153,,,0,
https://openalex.org/w2220783933,https://doi.org/10.3109/09513590.2016.1152239,,,0,
https://openalex.org/w2154214115,https://doi.org/10.1016/j.ejim.2006.12.005,,,0,
https://openalex.org/w2000280076,https://doi.org/10.1002/art.1780350908,,,0,
https://openalex.org/w4238405604,https://doi.org/10.1177/0961203316664645,,,0,
https://openalex.org/w2127478138,https://doi.org/10.1016/j.fertnstert.2005.07.1288,,,0,
https://openalex.org/w1888200383,,,,0,
https://openalex.org/w2125189646,https://doi.org/10.1093/rheumatology/41.8.924,,,1,
https://openalex.org/w1961093741,https://doi.org/10.1177/096120339600500506,,,0,
https://openalex.org/w2049531811,https://doi.org/10.1016/j.jccase.2011.04.006,,,0,
https://openalex.org/w2134559991,,,,0,
https://openalex.org/w2041094342,https://doi.org/10.1111/j.1600-0897.2012.01119.x,,,0,
https://openalex.org/w2043383287,https://doi.org/10.1177/0961203309347794,,,1,
https://openalex.org/w1968185804,https://doi.org/10.1159/000360473,,,0,
https://openalex.org/w2119349990,https://doi.org/10.1007/s12026-014-8577-1,,,0,
https://openalex.org/w2064134371,https://doi.org/10.1177/0961203308096662,,,0,
https://openalex.org/w1863461785,,,,0,
https://openalex.org/w1558121833,https://doi.org/10.1097/00001721-200501000-00008,,,0,
https://openalex.org/w2003305605,https://doi.org/10.1016/s0272-2712(03)00022-2,,,0,
https://openalex.org/w2108191887,https://doi.org/10.1093/rheumatology/kem335,,,0,
https://openalex.org/w2249761143,,,,0,
https://openalex.org/w2026914561,https://doi.org/10.1177/096120339400300410,,,0,
https://openalex.org/w2002393164,https://doi.org/10.1136/ard.48.12.1023,,,0,
https://openalex.org/w2423269492,,,,0,
https://openalex.org/w2033795695,https://doi.org/10.1016/0887-8994(96)00152-x,,,0,
https://openalex.org/w2084831642,https://doi.org/10.1097/00001703-200404000-00006,,,0,
https://openalex.org/w2036735410,https://doi.org/10.1002/ajh.20212,,,0,
https://openalex.org/w2004956152,https://doi.org/10.1016/j.contraception.2011.06.008,,,0,
https://openalex.org/w2139754773,https://doi.org/10.1177/0961203314534306,,,0,
https://openalex.org/w2300528890,,,,0,
https://openalex.org/w2332371941,https://doi.org/10.1097/00003081-200103000-00007,,,0,
https://openalex.org/w2049766627,https://doi.org/10.1007/s11926-011-0218-2,,,0,
https://openalex.org/w2017097248,https://doi.org/10.1097/00006982-199010000-00005,,,0,
https://openalex.org/w1989305546,https://doi.org/10.2176/nmc.47.258,,,0,
https://openalex.org/w2168344673,https://doi.org/10.1186/1752-1947-5-24,,,0,
https://openalex.org/w2396159485,,,,0,
https://openalex.org/w2105014952,https://doi.org/10.1196/annals.1423.069,,,0,
https://openalex.org/w53194731,https://doi.org/10.3760/cma.j.issn.0366-6999.2011.15.026,,,0,
https://openalex.org/w2116458939,,,,0,
https://openalex.org/w2080928439,https://doi.org/10.1136/ard.2005.038430,,063-274-980-593-714,0,
https://openalex.org/w2093720199,https://doi.org/10.1097/01.mbc.0000240921.50059.f2,,,0,
https://openalex.org/w1970187277,https://doi.org/10.1016/0049-3848(88)90136-3,,,0,
https://openalex.org/w2142404441,https://doi.org/10.1111/j.1365-2516.2008.01745.x,,,0,
https://openalex.org/w2131506768,,,,0,
https://openalex.org/w4246952881,https://doi.org/10.1111/bjd.15384,,,0,
https://openalex.org/w2012297809,https://doi.org/10.1177/096120339600500615,,,0,
https://openalex.org/w2329006675,https://doi.org/10.1097/bor.0000000000000269,,,0,
https://openalex.org/w2007503469,https://doi.org/10.1016/j.gene.2013.02.032,,,0,
https://openalex.org/w2026073407,https://doi.org/10.1007/s12185-012-1006-0,,,0,
https://openalex.org/w2064240467,https://doi.org/10.1002/art.21162,,,0,
https://openalex.org/w2048326114,https://doi.org/10.1038/nrrheum.2011.61,,,0,
https://openalex.org/w4301627541,https://doi.org/10.1515/jpm-2015-2001,,,0,
https://openalex.org/w2591930475,https://doi.org/10.1186/s13256-017-1236-0,,,0,
https://openalex.org/w2016334081,https://doi.org/10.1016/j.jcrc.2014.02.005,,,0,
https://openalex.org/w2419485941,,,,0,
https://openalex.org/w2022631529,https://doi.org/10.1038/nrrheum.2012.118,,,0,
https://openalex.org/w1758502430,https://doi.org/10.1111/j.1469-0691.2011.03677.x,,,0,
https://openalex.org/w2151865694,https://doi.org/10.1191/0961203304lu479oa,,,0,
https://openalex.org/w2032683322,https://doi.org/10.1002/ajh.2830420409,,003-454-253-495-706,0,
https://openalex.org/w2044367600,https://doi.org/10.1111/j.1365-4362.1992.tb02726.x,,,0,
https://openalex.org/w2142133149,https://doi.org/10.1016/j.jaci.2013.12.661,,,0,
https://openalex.org/w2151545258,https://doi.org/10.1002/ana.410370712,,,0,
https://openalex.org/w2529197152,https://doi.org/10.1177/0961203316671815,,,0,
https://openalex.org/w2523431476,https://doi.org/10.1053/j.ajkd.2016.07.026,,,0,
https://openalex.org/w4322702510,https://doi.org/10.1002/1097-0142(19940315)73:6<1621::aid-cncr2820730613>3.0.co;2-e,,,0,
https://openalex.org/w2112709215,https://doi.org/10.5455/aim.2012.20.190-191,,,0,
https://openalex.org/w4251776529,https://doi.org/10.1016/s0973-3698(09)60116-3,,,0,
https://openalex.org/w2066409076,https://doi.org/10.1016/j.thromres.2011.11.048,,,0,
https://openalex.org/w2088108318,https://doi.org/10.1191/096120300678828659,,,0,
https://openalex.org/w2004868771,https://doi.org/10.1016/j.imbio.2005.10.005,,,0,
https://openalex.org/w2124454292,https://doi.org/10.1177/1060028014546361,,,0,
https://openalex.org/w4234569145,https://doi.org/10.1097/00006250-200103000-00014,,,0,
https://openalex.org/w2161580096,https://doi.org/10.1016/j.blre.2005.12.001,,,0,
https://openalex.org/w2102496795,https://doi.org/10.1016/j.jri.2012.03.403,,,0,
https://openalex.org/w2519488819,https://doi.org/10.1161/strokeaha.116.013760,,,0,
https://openalex.org/w2166316027,https://doi.org/10.1586/1744666x.3.4.531,,,0,
https://openalex.org/w2331427464,https://doi.org/10.1136/bcr-2013-010304,,014-949-973-056-772,0,
https://openalex.org/w90987071,,,,0,
https://openalex.org/w2426118706,,,,0,
https://openalex.org/w2143952286,https://doi.org/10.1093/rheumatology/keh698,,,0,
https://openalex.org/w2737936804,https://doi.org/10.1371/journal.pone.0178889,,,1,
https://openalex.org/w2019131648,https://doi.org/10.1097/iae.0b013e318192f574,,,0,
https://openalex.org/w2020722604,https://doi.org/10.1016/j.thromres.2004.07.021,,,0,
https://openalex.org/w2085298139,https://doi.org/10.1310/hpj4903-273,,,0,
https://openalex.org/w2033593467,https://doi.org/10.1177/096120339800700201,,,0,
https://openalex.org/w1997107258,https://doi.org/10.1007/s12288-014-0428-7,,,0,
https://openalex.org/w2404793919,,,,0,
https://openalex.org/w1995568412,https://doi.org/10.1016/j.jneuroim.2007.08.002,,,0,
https://openalex.org/w2025256994,https://doi.org/10.1016/j.cppeds.2007.02.001,,,0,
https://openalex.org/w2094403792,https://doi.org/10.1007/s10165-008-0042-3,,,0,
https://openalex.org/w2104983887,https://doi.org/10.1177/096120339400300414,,,0,
https://openalex.org/w403795409,https://doi.org/10.1007/s10557-015-6596-3,,,0,
https://openalex.org/w2300696042,https://doi.org/10.1159/000421685,,,0,
https://openalex.org/w2284679946,https://doi.org/10.1111/j.1445-5994.2011.02486.x,,,0,
https://openalex.org/w2416230108,https://doi.org/10.1055/s-0038-1657504,,,0,
https://openalex.org/w2396385786,https://doi.org/10.1182/blood.v77.12.2655.2655,,,0,
https://openalex.org/w1990672226,https://doi.org/10.1177/0961203308099233,,,0,
https://openalex.org/w2084147197,https://doi.org/10.1097/aog.0b013e31823234ad,,,0,
https://openalex.org/w3026985891,https://doi.org/10.1157/13043648,,,0,
https://openalex.org/w2018307266,https://doi.org/10.1097/md.0b013e3182115508,,,0,
https://openalex.org/w2092555680,https://doi.org/10.1016/s0049-0172(97)80041-8,,,0,
https://openalex.org/w2031078791,https://doi.org/10.2169/internalmedicine.52.0185,,071-772-650-139-350,0,
https://openalex.org/w2084747606,https://doi.org/10.1002/art.24921,,,0,
https://openalex.org/w2048723083,https://doi.org/10.1136/ard.2004.031856,,,0,
https://openalex.org/w2040269771,https://doi.org/10.1016/j.ejvs.2008.03.005,,,0,
https://openalex.org/w2724239490,https://doi.org/10.1097/mbc.0000000000000645,,,0,
https://openalex.org/w2609041160,https://doi.org/10.1159/000452734,,,0,
https://openalex.org/w2027946779,https://doi.org/10.1111/eci.12449,,,0,
https://openalex.org/w1604402572,https://doi.org/10.1111/j.1538-7836.2010.04068.x,,,0,
https://openalex.org/w2059163354,https://doi.org/10.1160/th06-05-0287,,,0,
https://openalex.org/w2021810906,https://doi.org/10.1097/bor.0b013e328354ae8c,,,0,
https://openalex.org/w2106417263,https://doi.org/10.1080/jmf.11.5.339.344,,,0,
https://openalex.org/w2075942089,https://doi.org/10.1007/s10620-006-9356-1,,,0,
https://openalex.org/w2155329527,https://doi.org/10.5858/2005-129-61-paccoa,,,0,
https://openalex.org/w2046587842,https://doi.org/10.1136/hrt.70.3.279,,,0,
https://openalex.org/w2094904744,https://doi.org/10.1007/s002770050305,,,0,
https://openalex.org/w2049089306,https://doi.org/10.1016/j.cyto.2011.05.001,,,0,
https://openalex.org/w1982222983,https://doi.org/10.1007/s00296-003-0405-1,,,0,
https://openalex.org/w2092991094,https://doi.org/10.1016/j.reuma.2009.04.013,,,0,
https://openalex.org/w2513043212,https://doi.org/10.1007/s11239-016-1420-x,,,0,
https://openalex.org/w2005438371,https://doi.org/10.1016/s0022-2143(99)90005-7,,,0,
https://openalex.org/w2326644680,https://doi.org/10.1177/0961203315624555,,,0,
https://openalex.org/w2072747660,https://doi.org/10.2217/whe.10.2,,,0,
https://openalex.org/w2271340602,https://doi.org/10.5472/mmjcr.2901.07,,,0,
https://openalex.org/w1545718989,https://doi.org/10.1177/096120339600500508,,,0,
https://openalex.org/w2754892553,https://doi.org/10.1186/s13052-017-0401-9,,,0,
https://openalex.org/w2084832350,https://doi.org/10.1007/s10165-008-0101-9,,,0,
https://openalex.org/w2032818675,https://doi.org/10.1007/s10067-005-0032-1,,,0,
https://openalex.org/w2137951823,https://doi.org/10.1373/clinchem.2005.054312,,050-629-910-917-662,0,
https://openalex.org/w171985565,,,,0,
https://openalex.org/w2149323829,https://doi.org/10.1002/art.20105,,,0,
https://openalex.org/w2091416771,https://doi.org/10.1016/s0889-8588(05)70048-4,,,0,
https://openalex.org/w1996433458,https://doi.org/10.1177/0961203313490241,,,0,
https://openalex.org/w2047162124,https://doi.org/10.1097/00001721-199803000-00008,,,0,
https://openalex.org/w2123497121,https://doi.org/10.1378/chest.08-0761,,,0,
https://openalex.org/w2122253925,https://doi.org/10.1136/ard.2005.041673,,,0,
https://openalex.org/w2000448250,https://doi.org/10.1002/art.1780350616,,,0,
https://openalex.org/w1538102269,,,,0,
https://openalex.org/w2081365474,https://doi.org/10.1097/00001721-200301000-00001,,,0,
https://openalex.org/w1926091065,,,,0,
https://openalex.org/w2138869304,https://doi.org/10.1111/j.1365-2249.2005.02727.x,,,0,
https://openalex.org/w2077307906,https://doi.org/10.1007/s11239-007-0093-x,,,0,
https://openalex.org/w2094750641,https://doi.org/10.1024/0301-1526/a000296,,,0,
https://openalex.org/w1977645254,https://doi.org/10.1159/000236883,,,0,
https://openalex.org/w2024299082,https://doi.org/10.1007/s11239-014-1061-x,,,0,
https://openalex.org/w2157930869,https://doi.org/10.1093/rheumatology/kem040,,,0,
https://openalex.org/w2035193481,https://doi.org/10.1016/j.jaci.2010.02.025,,,0,
https://openalex.org/w4210748152,https://doi.org/10.1038/ajg.2011.336_4,,,0,
https://openalex.org/w2417909505,,,,0,
https://openalex.org/w2080605094,https://doi.org/10.1007/s11926-011-0227-1,,,0,
https://openalex.org/w2108044881,https://doi.org/10.1016/s0889-8588(05)70174-x,,,0,
https://openalex.org/w2166976945,https://doi.org/10.1136/ard.2010.135525,,,0,
https://openalex.org/w2117953659,https://doi.org/10.1093/rheumatology/33.7.686,,,0,
https://openalex.org/w1195357081,,,,0,
https://openalex.org/w2037142972,https://doi.org/10.1016/s0049-3848(97)00043-1,,,0,
https://openalex.org/w2100176961,https://doi.org/10.1093/qjmed/90.3.183,,,0,
https://openalex.org/w2412321802,,,,0,
https://openalex.org/w3169749184,,,,0,
https://openalex.org/w2138715903,,,,0,
https://openalex.org/w1986703193,https://doi.org/10.1046/j.1365-2141.2002.03928.x,,,0,
https://openalex.org/w2122771101,https://doi.org/10.1182/asheducation-2009.1.247,,,0,
https://openalex.org/w2142311091,https://doi.org/10.1586/eog.10.57,,,0,
https://openalex.org/w2271406662,https://doi.org/10.1093/oxfordjournals.qjmed.a068400,,,0,
https://openalex.org/w1585763575,https://doi.org/10.1111/j.1600-6143.2010.03233.x,,,0,
https://openalex.org/w2118007711,https://doi.org/10.1093/rheumatology/kep159,,,0,
https://openalex.org/w1966319500,https://doi.org/10.1007/s00296-011-2296-x,,,0,
https://openalex.org/w1993574232,https://doi.org/10.1007/s00296-004-0501-x,,,0,
https://openalex.org/w2314859596,https://doi.org/10.1055/s-0034-1395158,,,0,
https://openalex.org/w2066129614,https://doi.org/10.1191/096120301671920760,,,0,
https://openalex.org/w2105596229,https://doi.org/10.1177/1753193409102474,,,0,
https://openalex.org/w1986291810,https://doi.org/10.1016/j.thromres.2013.04.012,,,1,
https://openalex.org/w2044341259,https://doi.org/10.1191/096120398678919688,,,0,
https://openalex.org/w1984612642,https://doi.org/10.1097/01.bor.0000133659.14482.59,,,0,
https://openalex.org/w2398959139,,,,0,
https://openalex.org/w2426975785,https://doi.org/10.1177/0961203316652948,,,0,
https://openalex.org/w2142237458,https://doi.org/10.1378/chest.11-2300,,,0,
https://openalex.org/w2412414083,https://doi.org/10.1177/039139889902200804,,,0,
https://openalex.org/w2075491158,https://doi.org/10.1177/0961203311425520,,,0,
https://openalex.org/w2078189209,https://doi.org/10.1177/0961203315578765,,,1,
https://openalex.org/w2087247122,https://doi.org/10.1177/0961203313501402,,,0,
https://openalex.org/w2066938286,https://doi.org/10.1177/0961203306073166,,,0,
https://openalex.org/w2076113459,https://doi.org/10.1016/j.autrev.2015.03.007,,,1,
https://openalex.org/w2032746220,https://doi.org/10.1016/s0049-3848(96)00200-9,,,0,
https://openalex.org/w2468427378,https://doi.org/10.1097/00007611-200194120-00020,,,0,
https://openalex.org/w138702938,,,,0,
https://openalex.org/w2077045787,https://doi.org/10.2165/00002018-200730090-00005,,,0,
https://openalex.org/w2107803598,,,,0,
https://openalex.org/w4244065273,https://doi.org/10.1016/j.pcl.2013.09.004,,,0,
https://openalex.org/w4322702503,https://doi.org/10.1055/s-0037-1616518,,,0,
https://openalex.org/w2260559763,,,,0,
https://openalex.org/w2140382882,https://doi.org/10.1007/s001470050280,,,0,
https://openalex.org/w2077034452,https://doi.org/10.1097/00002030-199907090-00024,,,0,
https://openalex.org/w4244882017,https://doi.org/10.1007/s12288-014-0467-0,,,0,
https://openalex.org/w2579251532,https://doi.org/10.1182/blood.v114.22.3989.3989,,,0,
https://openalex.org/w2410132041,https://doi.org/10.1111/jth.13379,,,0,
https://openalex.org/w2108096122,https://doi.org/10.12659/msm.890469,,,0,
https://openalex.org/w2047483400,https://doi.org/10.1177/096120339500400307,,,0,
https://openalex.org/w2002123854,https://doi.org/10.1136/ard.51.10.1180-b,,,0,
https://openalex.org/w2050464063,https://doi.org/10.1007/s11926-001-0031-4,,,0,
https://openalex.org/w2120945493,https://doi.org/10.1182/blood-2005-05-1943,,,0,
https://openalex.org/w2081375276,https://doi.org/10.1016/0002-8703(92)90420-z,,,0,
https://openalex.org/w1969423895,https://doi.org/10.1055/s-0028-1085478,,,0,
https://openalex.org/w2010952068,https://doi.org/10.1016/j.semarthrit.2012.01.001,,,0,
https://openalex.org/w4298340585,https://doi.org/10.1002/art.38216,,,0,
https://openalex.org/w2738445839,https://doi.org/10.1016/j.thromres.2017.07.017,,,0,
https://openalex.org/w2027465389,https://doi.org/10.1046/j.1365-2516.2001.00473.x,,,0,
https://openalex.org/w2408887141,,,,0,
https://openalex.org/w2094664768,https://doi.org/10.1177/107602960200800213,,,0,
https://openalex.org/w1642151404,https://doi.org/10.1160/th09-05-0331,,,0,
https://openalex.org/w2091568042,https://doi.org/10.1055/s-0029-1145261,,,1,
https://openalex.org/w2471427300,,,,0,
https://openalex.org/w2022864916,https://doi.org/10.1016/j.autrev.2011.04.011,,,0,
https://openalex.org/w2414743106,,,,0,
https://openalex.org/w139046554,,,,0,
https://openalex.org/w2071271291,https://doi.org/10.1136/bmj.f7491,,030-273-320-649-653,0,
https://openalex.org/w2113652301,https://doi.org/10.1093/ehjci/jeu143,,,0,
https://openalex.org/w2414818121,https://doi.org/10.11613/bm.2016.032,,,0,
https://openalex.org/w2002827544,https://doi.org/10.1002/clc.4960181009,,,0,
https://openalex.org/w68866559,https://doi.org/10.2741/2297,,,0,
https://openalex.org/w1969476575,https://doi.org/10.1191/0961203303lu386sr,,,0,
https://openalex.org/w2031551539,https://doi.org/10.1161/01.cir.95.6.1425,,,0,
https://openalex.org/w2507722016,https://doi.org/10.1111/aji.12551,,,0,
https://openalex.org/w3012760982,https://doi.org/10.1016/0020-7292(94)90437-5,,,0,
https://openalex.org/w2106168248,https://doi.org/10.1177/0961203314536250,,,0,
https://openalex.org/w2583758704,,,,0,
https://openalex.org/w2016095274,https://doi.org/10.1007/s10067-013-2244-0,,,0,
https://openalex.org/w2091325015,https://doi.org/10.1007/s100720050036,,,0,
https://openalex.org/w1965771173,https://doi.org/10.1111/j.1538-7836.2005.01359.x,,,0,
https://openalex.org/w1856856308,https://doi.org/10.1111/j.1538-7836.2006.02253.x,,,0,
https://openalex.org/w2336712832,https://doi.org/10.1177/0961203315611496,,,0,
https://openalex.org/w2413894747,,,,0,
https://openalex.org/w1541211132,https://doi.org/10.1111/jgh.12140,,,0,
https://openalex.org/w2400359043,https://doi.org/10.1111/j.1742-1241.1999.tb11658.x,,,0,
https://openalex.org/w4250002635,https://doi.org/10.1016/j.jns.2009.02.050,,,0,
https://openalex.org/w2084525871,https://doi.org/10.1007/s13665-012-0028-7,,,0,
https://openalex.org/w2335674284,https://doi.org/10.1097/00001721-200204000-00005,,,0,
https://openalex.org/w2134956070,https://doi.org/10.1177/0268355513477286,,,0,
https://openalex.org/w2011992704,https://doi.org/10.1111/j.1365-2141.2012.09112.x,,,0,
https://openalex.org/w2027816304,https://doi.org/10.1016/s0301-2115(00)00404-8,,,0,
https://openalex.org/w1573603050,https://doi.org/10.1016/s0049-3848(99)00105-x,,,0,
https://openalex.org/w2042255815,https://doi.org/10.1007/s11926-004-0024-1,,,0,
https://openalex.org/w2083315571,https://doi.org/10.2174/157339706776876026,,,0,
https://openalex.org/w2157591930,https://doi.org/10.1590/s0066-782x2002001200008,,,0,
https://openalex.org/w2181424134,,,,0,
https://openalex.org/w2017666590,https://doi.org/10.1002/acr.20340,,,0,
https://openalex.org/w2086374030,https://doi.org/10.1385/criai:23:3:263,,,0,
https://openalex.org/w1761583553,,,,0,
https://openalex.org/w2104116599,https://doi.org/10.1093/humrep/des288,,,0,
https://openalex.org/w2092302396,https://doi.org/10.1016/j.bjps.2012.05.009,,,0,
https://openalex.org/w2072531176,https://doi.org/10.1177/096120339800700213,,,0,
https://openalex.org/w2080280470,https://doi.org/10.1038/sj.eye.6701348,,,0,
https://openalex.org/w2300758794,https://doi.org/10.1182/blood.v96.4.1594,,,0,
https://openalex.org/w2411766893,,,,0,
https://openalex.org/w2331433535,https://doi.org/10.1177/1076029612437578,,,0,
https://openalex.org/w2033996232,https://doi.org/10.1191/096120301667486047,,,0,
https://openalex.org/w2472258846,https://doi.org/10.1191/0961203304lu1005xx,,,0,
https://openalex.org/w2056744824,https://doi.org/10.1136/ard.51.4.495,,,0,
https://openalex.org/w2322020141,https://doi.org/10.1097/01.ccm.0000475103.84345.2c,,,0,
https://openalex.org/w3187224778,,,,0,
https://openalex.org/w2275284371,,,,0,
https://openalex.org/w2343302245,https://doi.org/10.1016/j.autrev.2016.04.008,,,0,
https://openalex.org/w2066594256,https://doi.org/10.12659/msm.889819,,,0,
https://openalex.org/w2551780159,https://doi.org/10.1097/01.ccm.0000510404.83353.94,,,0,
https://openalex.org/w1974455076,https://doi.org/10.1182/blood-2012-06-389445,,,0,
https://openalex.org/w2033011835,https://doi.org/10.3109/13645706.2010.536245,,,0,
https://openalex.org/w2008651799,https://doi.org/10.1016/j.ajog.2010.10.251,,,0,
https://openalex.org/w2415859361,,,,1,
https://openalex.org/w2024914958,https://doi.org/10.1097/00041552-200103000-00004,,,0,
https://openalex.org/w1978061082,https://doi.org/10.1097/aog.0b013e31818f52d1,,,0,
https://openalex.org/w1590642849,https://doi.org/10.1111/j.1538-7836.2006.02291.x,,,0,
https://openalex.org/w2128891978,https://doi.org/10.1097/00007890-199901150-00015,,092-981-008-624-87X,0,
https://openalex.org/w2137526330,https://doi.org/10.1001/2013.jamaneurol.469,,,0,
https://openalex.org/w2212106419,https://doi.org/10.1016/j.autrev.2015.11.001,,,0,
https://openalex.org/w2135546135,https://doi.org/10.1191/096120399678847470,,,0,
https://openalex.org/w2508889976,https://doi.org/10.1111/bjh.14019,,,0,
https://openalex.org/w1904703878,,,,0,
https://openalex.org/w2118794209,https://doi.org/10.1093/rheumatology/ket020,,,0,
https://openalex.org/w1977758737,https://doi.org/10.1055/s-0032-1304719,,,0,
https://openalex.org/w97426746,https://doi.org/10.5754/hge11013,,,0,
https://openalex.org/w2028467045,https://doi.org/10.1056/nejm198511213132109,,,0,
https://openalex.org/w2016633042,https://doi.org/10.1097/00002281-199701000-00011,,,0,
https://openalex.org/w2014410419,https://doi.org/10.1016/s1297-319x(14)70020-x,,,0,
https://openalex.org/w4230661721,https://doi.org/10.1097/00006250-200108000-00010,,,1,
https://openalex.org/w2602479434,https://doi.org/10.1007/s11926-017-0647-7,,,0,
https://openalex.org/w2003808955,https://doi.org/10.2165/00002512-200724090-00001,,,0,
https://openalex.org/w2267461420,https://doi.org/10.1055/s-0037-1614293,,,0,
https://openalex.org/w2007524749,https://doi.org/10.1191/0961203304lu2011oa,,,0,
https://openalex.org/w1968143689,https://doi.org/10.1016/j.semarthrit.2010.07.010,,,0,
https://openalex.org/w2084583810,https://doi.org/10.1111/j.1445-5994.2000.tb04364.x,,,0,
https://openalex.org/w2326659197,https://doi.org/10.1097/mbc.0000000000000541,,,0,
https://openalex.org/w2427676650,,,,0,
https://openalex.org/w2002771606,https://doi.org/10.1053/j.scds.2005.04.012,,,0,
https://openalex.org/w2036858645,https://doi.org/10.1191/0961203304lu1092oa,,,0,
https://openalex.org/w2323315436,https://doi.org/10.1016/s0020-7292(12)61805-0,,,0,
https://openalex.org/w1608391010,https://doi.org/10.1111/j.1476-5381.2011.01811.x,,,0,
https://openalex.org/w2094425559,https://doi.org/10.1007/s10620-006-9599-x,,,0,
https://openalex.org/w2086418850,https://doi.org/10.1007/bf02983995,,,0,
https://openalex.org/w2085703419,https://doi.org/10.1177/107602960601200201,,062-894-380-156-650,0,
https://openalex.org/w2085878233,https://doi.org/10.1111/j.1445-5994.1989.tb00276.x,,,0,
https://openalex.org/w1996381870,https://doi.org/10.1177/0961203311430220,,,0,
https://openalex.org/w2998845524,https://doi.org/10.1093/rheumatology/kex060.001,,,0,
https://openalex.org/w2034793947,https://doi.org/10.1177/096120339500400413,,,0,
https://openalex.org/w2161920503,https://doi.org/10.1007/s00431-011-1548-9,,,0,
https://openalex.org/w1987480297,https://doi.org/10.1097/00001721-199212000-00010,,,0,
https://openalex.org/w2073901264,https://doi.org/10.1067/mva.2001.115163,,,0,
https://openalex.org/w2012243827,https://doi.org/10.1007/s11739-008-0203-6,,,0,
https://openalex.org/w2007889425,https://doi.org/10.1016/j.revmed.2008.09.013,,,0,
https://openalex.org/w1997360212,https://doi.org/10.1111/j.1749-6632.2009.04799.x,,,0,
https://openalex.org/w2416822367,https://doi.org/10.1055/s-0038-1649891,,,0,
https://openalex.org/w4243897210,https://doi.org/10.1016/s0027-9684(15)30716-1,,,0,
https://openalex.org/w2032544559,https://doi.org/10.1159/000065580,,049-126-546-067-066,0,
https://openalex.org/w2048674615,https://doi.org/10.1177/0961203313497120,,,0,
https://openalex.org/w4247901893,https://doi.org/10.1136/pgmj.65.767.691,,166-186-233-854-946,0,
https://openalex.org/w2299953530,https://doi.org/10.1093/oxfordjournals.humrep.a137446,,,0,
https://openalex.org/w2108755921,,,,0,
https://openalex.org/w2062467631,https://doi.org/10.1002/1529-0131(200106)44:6<1466::aid-art242>3.0.co;2-c,,,1,
https://openalex.org/w2957175996,https://doi.org/10.1080/17843286.2017.1401314,,,0,
https://openalex.org/w1984766178,https://doi.org/10.2174/157016110791330852,,,0,
https://openalex.org/w2334370787,https://doi.org/10.1016/s0049-3848(14)50368-4,,,0,
https://openalex.org/w2004379901,https://doi.org/10.1007/s13317-011-0017-9,,,0,
https://openalex.org/w2088687405,https://doi.org/10.1055/s-0035-1548557,,,0,
https://openalex.org/w2047751770,https://doi.org/10.1016/j.autrev.2011.04.030,,,0,
https://openalex.org/w2052281139,https://doi.org/10.4081/reumatismo.2010.51,,,0,
https://openalex.org/w2331738267,https://doi.org/10.4274/npa.y6337,,,0,
https://openalex.org/w2002303994,https://doi.org/10.2169/internalmedicine.52.8253,,,0,
https://openalex.org/w2025934703,https://doi.org/10.1016/j.fertnstert.2012.08.006,,,0,
https://openalex.org/w1968827838,https://doi.org/10.1111/j.1445-5994.1993.tb01808.x,,,0,
https://openalex.org/w2075006957,https://doi.org/10.2298/vsp0912961p,,,0,
https://openalex.org/w1982011035,https://doi.org/10.1007/s11926-011-0222-6,,,0,
https://openalex.org/w4234958744,https://doi.org/10.1038/ajg.2012.273,,,0,
https://openalex.org/w4254502994,https://doi.org/10.1007/s00393-006-0127-3,,,0,
https://openalex.org/w2131121730,https://doi.org/10.1093/humrep/14.6.1483,,,0,
https://openalex.org/w2302869418,,,,0,
https://openalex.org/w175921513,,,,0,
https://openalex.org/w2048454060,https://doi.org/10.1097/mbc.0b013e328360a52c,,,0,
https://openalex.org/w2013278685,https://doi.org/10.1590/s0004-282x2012000100012,,,0,
https://openalex.org/w2063939385,https://doi.org/10.1111/j.1538-7836.2006.01970.x,,,0,
https://openalex.org/w1993440589,https://doi.org/10.1159/000093565,,,0,
https://openalex.org/w1988177067,https://doi.org/10.1016/s0049-3848(99)00057-2,,,0,
https://openalex.org/w2398620119,https://doi.org/10.1007/s00296-016-3502-7,,,0,
https://openalex.org/w4239221272,https://doi.org/10.1177/1358863x17737374,,,0,
https://openalex.org/w2083359471,https://doi.org/10.1177/0961203311402245,,,0,
https://openalex.org/w1978037800,https://doi.org/10.1160/th10-08-0511,,,0,
https://openalex.org/w2023381465,https://doi.org/10.1002/1098-1101(2000)15:4<262::aid-jca8>3.0.co;2-o,,,0,
https://openalex.org/w2414585286,https://doi.org/10.1177/0961203316640366,,,0,
https://openalex.org/w2315728765,https://doi.org/10.1056/nejmcpc0910931,,,0,
https://openalex.org/w2007412213,https://doi.org/10.1053/berh.1999.0083,,,0,
https://openalex.org/w195196884,,,,0,
https://openalex.org/w2115709990,https://doi.org/10.1111/j.1600-0897.1998.tb00394.x,,,0,
https://openalex.org/w4254951317,https://doi.org/10.1080/0891693031000067313,,,0,
https://openalex.org/w2159753628,https://doi.org/10.1586/eci.09.34,,,0,
https://openalex.org/w2410778883,,,,0,
https://openalex.org/w2003410007,https://doi.org/10.1016/s1568-9972(02)00067-8,,,0,
https://openalex.org/w2415499894,,,,0,
https://openalex.org/w4244575512,https://doi.org/10.1111/j.1538-7836.2007.02862.x,,,0,
https://openalex.org/w2165544559,https://doi.org/10.1136/annrheumdis-2012-201760,,,0,
https://openalex.org/w4246544988,https://doi.org/10.3109/00016348909015752,,,0,
https://openalex.org/w2062696527,https://doi.org/10.1097/00041327-200112000-00006,,,0,
https://openalex.org/w4234400372,https://doi.org/10.1002/jhm.806,,,0,
https://openalex.org/w2040801894,https://doi.org/10.1053/pcad.2000.0420247,,,0,
https://openalex.org/w1991153412,https://doi.org/10.1097/00001721-199610000-00007,,,0,
https://openalex.org/w1975534632,https://doi.org/10.1161/circulationaha.111.028522,,,0,
https://openalex.org/w2584838438,https://doi.org/10.1542/peds.2016-0794,,,0,
https://openalex.org/w2043486872,https://doi.org/10.1097/aog.0b013e31816c9079,,,0,
https://openalex.org/w2193896657,https://doi.org/10.1016/j.ijgo.2015.09.004,,,0,
https://openalex.org/w2164178004,https://doi.org/10.1016/j.semarthrit.2014.05.006,,,0,
https://openalex.org/w2006917303,https://doi.org/10.1007/s11926-009-0070-9,,,0,
https://openalex.org/w4232541841,https://doi.org/10.1055/s-0037-1613606,,,1,
https://openalex.org/w2104449790,https://doi.org/10.1191/096120399678847669,,,0,
https://openalex.org/w2593569601,https://doi.org/10.1016/s0049-3848(17)30183-4,,,0,
https://openalex.org/w2625433878,https://doi.org/10.5152/eurjrheum.2017.160073,,,0,
https://openalex.org/w2065010742,https://doi.org/10.1006/clin.1996.0089,,,0,
https://openalex.org/w1805647899,https://doi.org/10.26719/2009.15.1.235,,058-040-235-641-410,0,
https://openalex.org/w2042246014,https://doi.org/10.1510/icvts.2009.221630,,,0,
https://openalex.org/w4252327693,https://doi.org/10.1016/j.jaad.2012.12.857,,,0,
https://openalex.org/w2087391430,https://doi.org/10.1046/j.1365-2141.2001.03178.x,,,0,
https://openalex.org/w2102520886,https://doi.org/10.1177/0961203314559632,,,0,
https://openalex.org/w2555614298,https://doi.org/10.1007/s00246-016-1504-6,,,0,
https://openalex.org/w2418743070,,,,0,
https://openalex.org/w2111287812,,,,0,
https://openalex.org/w1969171402,https://doi.org/10.1182/blood-2014-02-554980,,,0,
https://openalex.org/w1582207019,https://doi.org/10.1684/epd.2013.0604,,,0,
https://openalex.org/w1970763364,https://doi.org/10.1385/criai:29:3:229,,,0,
https://openalex.org/w2067917869,https://doi.org/10.1182/blood-2013-11-537704,,,0,
https://openalex.org/w2163428021,https://doi.org/10.1136/ard.52.9.689,,,1,
https://openalex.org/w2100396309,https://doi.org/10.1136/ard.2011.150268,,,1,
https://openalex.org/w2037965327,https://doi.org/10.1515/cclm.2011.162,,,0,
https://openalex.org/w2329673156,https://doi.org/10.1136/bcr-2013-201339,,,0,
https://openalex.org/w69483867,https://doi.org/10.2340/0001555577181183,,,0,
https://openalex.org/w2046606160,https://doi.org/10.1016/j.hoc.2007.06.001,,,0,
https://openalex.org/w2093873189,https://doi.org/10.1016/s0015-0282(99)00573-7,,,0,
https://openalex.org/w2151606809,https://doi.org/10.1177/096120339400300506,,,0,
https://openalex.org/w2022431926,https://doi.org/10.2169/internalmedicine.31.1169,,,0,
https://openalex.org/w2469023517,,,,0,
https://openalex.org/w2121060717,https://doi.org/10.1016/j.ajo.2006.08.034,,,0,
https://openalex.org/w2016867326,https://doi.org/10.1016/j.jri.2008.11.005,,,0,
https://openalex.org/w2086389772,https://doi.org/10.1016/0741-5214(92)70024-f,,,0,
https://openalex.org/w2149290757,https://doi.org/10.3892/ol.2013.1585,,,0,
https://openalex.org/w2126207556,https://doi.org/10.1016/j.ijcard.2006.08.083,,,0,
https://openalex.org/w2052423432,https://doi.org/10.1097/01.wco.0000137533.53620.59,,,0,
https://openalex.org/w2030225045,https://doi.org/10.1097/01376517-200208000-00002,,,0,
https://openalex.org/w2292542931,,,,0,
https://openalex.org/w2000720570,https://doi.org/10.1177/0961203310396748,,,0,
https://openalex.org/w1982724935,https://doi.org/10.1590/s1807-59322005000300012,,111-457-247-930-547,0,
https://openalex.org/w2055494600,https://doi.org/10.4065/71.11.1118,,,0,
https://openalex.org/w2148920525,https://doi.org/10.1136/ard.2004.029694,,,0,
https://openalex.org/w2398112451,,,,0,
https://openalex.org/w2228999989,,,,0,
https://openalex.org/w2030933556,https://doi.org/10.1002/art.22018,,,0,
https://openalex.org/w2092833137,https://doi.org/10.1161/hh0102.102795,,,0,
https://openalex.org/w2033237346,https://doi.org/10.1038/sj.bmt.1703794,,,0,
https://openalex.org/w2043095872,https://doi.org/10.1016/j.jbspin.2011.07.001,,,0,
https://openalex.org/w2314033877,https://doi.org/10.1055/s-0032-1313564,,,0,
https://openalex.org/w2085311523,https://doi.org/10.1172/jci108566,,,0,
https://openalex.org/w2129478709,https://doi.org/10.1093/rheumatology/ket394,,115-746-590-521-536,0,
https://openalex.org/w2160732874,https://doi.org/10.3904/kjim.2011.26.4.449,,,0,
https://openalex.org/w2766494323,https://doi.org/10.1093/rheumatology/kex378,,,0,
https://openalex.org/w2025494375,https://doi.org/10.1016/s1473-0502(10)70034-3,,,0,
https://openalex.org/w2253749451,https://doi.org/10.1159/000421701,,,0,
https://openalex.org/w2436872490,,,,0,
https://openalex.org/w2119085128,https://doi.org/10.1177/0961203314540354,,,0,
https://openalex.org/w2061547537,https://doi.org/10.4103/0022-3859.74285,,,1,
https://openalex.org/w2133052451,https://doi.org/10.1111/j.1600-0897.1993.tb00581.x,,,0,
https://openalex.org/w1988793403,https://doi.org/10.1097/bor.0000000000000051,,,0,
https://openalex.org/w2022765272,https://doi.org/10.1055/s-0028-1085477,,,0,
https://openalex.org/w2148027562,https://doi.org/10.1177/0961203310395053,,,0,
https://openalex.org/w2417930880,https://doi.org/10.1093/milmed/165.6.489,,,0,
https://openalex.org/w2519931494,https://doi.org/10.1016/j.lpm.2016.07.023,,,0,
https://openalex.org/w1480545875,https://doi.org/10.1016/s0065-2776(08)60393-4,,,0,
https://openalex.org/w2036544860,https://doi.org/10.1007/s005990050015,,,0,
https://openalex.org/w2055822947,https://doi.org/10.1159/000217098,,,0,
https://openalex.org/w2183134179,,,,0,
https://openalex.org/w2063470653,https://doi.org/10.1016/j.intimp.2008.10.004,,,0,
https://openalex.org/w2065361267,https://doi.org/10.1016/s0735-1097(99)00024-8,,,0,
https://openalex.org/w2150517706,https://doi.org/10.1111/aji.12387,,,0,
https://openalex.org/w2580605271,https://doi.org/10.4103/0366-6999.198934,,,0,
https://openalex.org/w1991269015,https://doi.org/10.1097/mbc.0b013e32833b2b84,,,0,
https://openalex.org/w2113738930,https://doi.org/10.1093/rheumatology/keu307,,,0,
https://openalex.org/w2472472959,,,,0,
https://openalex.org/w2103037063,https://doi.org/10.4097/kjae.2014.66.2.164,,,0,
https://openalex.org/w2610870285,https://doi.org/10.1159/000467385,,,0,
https://openalex.org/w2066808671,https://doi.org/10.1177/0961203313504637,,,0,
https://openalex.org/w2078140131,https://doi.org/10.1161/circulationaha.113.005663,,,0,
https://openalex.org/w2081207816,https://doi.org/10.1111/j.1756-185x.2012.01732.x,,,0,
https://openalex.org/w1983566918,https://doi.org/10.2174/138161207782023748,,,0,
https://openalex.org/w2053639119,https://doi.org/10.1006/jaut.1995.0053,,,0,
https://openalex.org/w2147572582,https://doi.org/10.1161/01.str.0000088642.07691.15,,,0,
https://openalex.org/w1990362725,https://doi.org/10.1055/s-2007-994957,,,0,
https://openalex.org/w2413015817,,,,0,
https://openalex.org/w2153406119,https://doi.org/10.3889/oamjms.2015.114,,,0,
https://openalex.org/w1584881347,,,,0,
https://openalex.org/w2747653616,https://doi.org/10.1093/rheumatology/kex095,,,0,
https://openalex.org/w2499298634,https://doi.org/10.5114/reum.2016.61217,,,1,
https://openalex.org/w1547995737,,,,0,
https://openalex.org/w2099872324,https://doi.org/10.4103/1319-3767.70633,,,0,
https://openalex.org/w2125234927,https://doi.org/10.1093/humrep/15.10.2220,,,0,
https://openalex.org/w1970983909,https://doi.org/10.1212/01.wnl.0000244493.13898.5b,,,0,
https://openalex.org/w2006867193,https://doi.org/10.1046/j.1538-7836.2003.00303.x,,,0,
https://openalex.org/w2069183461,https://doi.org/10.1161/01.str.21.1.66,,,0,
https://openalex.org/w2410926902,,,,0,
https://openalex.org/w2017632710,https://doi.org/10.1016/s0025-6196(11)63123-6,,,0,
https://openalex.org/w2110891636,https://doi.org/10.1016/s0140-6736(03)14111-6,,,0,
https://openalex.org/w1510702074,https://doi.org/10.3233/hab-140280,,,0,
https://openalex.org/w2405113729,,,,0,
https://openalex.org/w2019934121,https://doi.org/10.3109/07853899709113704,,,0,
https://openalex.org/w1630341904,https://doi.org/10.4049/jimmunol.172.9.5765,,,0,
https://openalex.org/w2409712078,,,,0,
https://openalex.org/w1982079463,https://doi.org/10.1530/eje.0.1360001,,,0,
https://openalex.org/w2106011474,,,,0,
https://openalex.org/w2051266349,https://doi.org/10.1038/ncpneph0133,,,0,
https://openalex.org/w2741260688,https://doi.org/10.1002/ajh.24875,,,1,
https://openalex.org/w1533881891,https://doi.org/10.1177/096120339600500528,,,0,
https://openalex.org/w2078927142,https://doi.org/10.1016/j.thromres.2004.07.017,,,0,
https://openalex.org/w2129952144,https://doi.org/10.1002/art.22360,,,0,
https://openalex.org/w2021015583,https://doi.org/10.1007/s00296-012-2531-0,,,0,
https://openalex.org/w1482120346,https://doi.org/10.1046/j.1365-2141.1998.00841.x,,,0,
https://openalex.org/w2076701996,https://doi.org/10.1016/s0165-0378(00)00061-9,,,0,
https://openalex.org/w1977143513,https://doi.org/10.1016/j.medcli.2009.11.027,,,0,
https://openalex.org/w1991838493,https://doi.org/10.1097/mpg.0000000000000404,,,0,
https://openalex.org/w2091094200,https://doi.org/10.1007/s004040100179,,,1,
https://openalex.org/w2605646901,https://doi.org/10.1007/s11926-017-0651-y,,,0,
https://openalex.org/w2410829729,https://doi.org/10.1056/nejm198511213132110,,,0,
https://openalex.org/w2030894427,https://doi.org/10.1177/0961203309360985,,,0,
https://openalex.org/w2058863250,https://doi.org/10.1177/0961203309361353,,,0,
https://openalex.org/w2058062134,https://doi.org/10.1093/rheumatology/38.7.675,,,0,
https://openalex.org/w2426959445,,,,0,
https://openalex.org/w2107082672,https://doi.org/10.26719/2004.10.4-5.627,,,0,
https://openalex.org/w2065807569,https://doi.org/10.1016/0049-0172(87)90003-5,,,0,
https://openalex.org/w2401507080,https://doi.org/10.1016/j.ejim.2016.05.013,,,0,
https://openalex.org/w2611413478,https://doi.org/10.1136/annrheumdis-2016-211001,,,0,
https://openalex.org/w2370725364,https://doi.org/10.1016/j.jaut.2016.04.008,,,0,
https://openalex.org/w2017750373,https://doi.org/10.2217/17410541.5.1.11,,,0,
https://openalex.org/w2012017464,https://doi.org/10.1007/s12026-014-8578-0,,,0,
https://openalex.org/w2107977452,https://doi.org/10.1177/0961203312445229,,,0,
https://openalex.org/w3144768040,https://doi.org/10.1001/jama.291.22.2701-a,,160-937-816-531-31X,0,
https://openalex.org/w2006485604,https://doi.org/10.1177/1076029613513320,,,0,
https://openalex.org/w2006745686,https://doi.org/10.1016/j.cca.2015.04.033,,,0,
https://openalex.org/w2000541637,https://doi.org/10.1212/wnl.53.1.233,,,0,
https://openalex.org/w2029381182,https://doi.org/10.1007/s12016-009-8146-x,,,0,
https://openalex.org/w2143760187,https://doi.org/10.1093/humrep/12.6.1171,,,0,
https://openalex.org/w2088189329,https://doi.org/10.1191/096120301667789546,,,0,
https://openalex.org/w38330646,https://doi.org/10.1177/096120339600500501,,,0,
https://openalex.org/w4229490014,https://doi.org/10.1111/j.1532-5415.1998.tb01540.x,,,0,
https://openalex.org/w1963848685,https://doi.org/10.2217/ijr.11.44,,,0,
https://openalex.org/w1994162452,https://doi.org/10.1515/cclm-2012-0382,,,0,
https://openalex.org/w2040093486,https://doi.org/10.1016/s0003-4975(98)00910-2,,,0,
https://openalex.org/w2268819472,https://doi.org/10.3899/jrheum.150460,,,0,
https://openalex.org/w2094288757,https://doi.org/10.1007/s11926-009-0074-5,,,0,
https://openalex.org/w2048545198,https://doi.org/10.1253/jcj.64.214,,,0,
https://openalex.org/w2110593602,https://doi.org/10.1093/rheumatology/keu003,,,0,
https://openalex.org/w1201864796,https://doi.org/10.1007/s40256-015-0141-4,,,0,
https://openalex.org/w2046247002,https://doi.org/10.1002/jca.21248,,,0,
https://openalex.org/w2018074514,https://doi.org/10.1111/echo.12703,,,0,
https://openalex.org/w2094907478,https://doi.org/10.1155/2014/746192,,,0,
https://openalex.org/w2509868449,https://doi.org/10.1051/ject/201648083,,,0,
https://openalex.org/w213257873,https://doi.org/10.1016/s0889-857x(21)01072-3,,,0,
https://openalex.org/w2155080306,https://doi.org/10.1093/humrep/14.8.1956,,,0,
https://openalex.org/w2089962484,https://doi.org/10.1016/0049-0172(94)90072-8,,,0,
https://openalex.org/w2024497921,https://doi.org/10.1080/030097402320817112,,,0,
https://openalex.org/w2306212574,https://doi.org/10.1016/j.placenta.2016.03.011,,,0,
https://openalex.org/w2023487909,https://doi.org/10.1007/bf02231584,,,0,
https://openalex.org/w2039156488,https://doi.org/10.1001/archdermatol.2008.570,,,0,
https://openalex.org/w1964480022,https://doi.org/10.1038/ncprheum1017,,,0,
https://openalex.org/w2561779766,https://doi.org/10.4081/reumatismo.2016.891,,,0,
https://openalex.org/w2029036561,https://doi.org/10.1196/annals.1361.073,,,0,
https://openalex.org/w2403531826,,,,0,
https://openalex.org/w2002769495,https://doi.org/10.1007/s10227-004-0755-7,,,0,
https://openalex.org/w2420891347,,,,0,
https://openalex.org/w1966311976,https://doi.org/10.1191/09612033043lu1091oa,,,0,
https://openalex.org/w2397380289,,,,0,
https://openalex.org/w2411037124,,,,0,
https://openalex.org/w4292679668,https://doi.org/10.3109/02699052.2016.1162060,,,0,
https://openalex.org/w2080787526,https://doi.org/10.1016/j.mpmed.2007.06.008,,,0,
https://openalex.org/w42651854,https://doi.org/10.1007/978-1-4612-0417-6_9,,,0,
https://openalex.org/w2170686017,https://doi.org/10.1161/01.atv.0000150415.18759.36,,,0,
https://openalex.org/w788637623,https://doi.org/10.1177/0961203315595129,,,0,
https://openalex.org/w2084712312,https://doi.org/10.1093/rheumatology/32.3.227,,,0,
https://openalex.org/w1645961713,,,,0,
https://openalex.org/w1966816249,https://doi.org/10.1309/6mpulfbl24fm9b50,,,0,
https://openalex.org/w2753653131,https://doi.org/10.1007/s11926-017-0687-z,,,0,
https://openalex.org/w2114954514,https://doi.org/10.1016/s0894-7317(96)90486-1,,,0,
https://openalex.org/w2002517927,https://doi.org/10.1310/l9kd-n5n8-69x0-08qk,,,0,
https://openalex.org/w4206318393,https://doi.org/10.2165/11641370-000000000-00000,,,0,
https://openalex.org/w2131342968,https://doi.org/10.1016/j.autrev.2008.04.018,,,0,
https://openalex.org/w176647869,,,,0,
https://openalex.org/w1994597578,https://doi.org/10.1161/01.str.21.9.1370,,002-133-821-134-674,0,
https://openalex.org/w2005803762,https://doi.org/10.1093/rheumatology/kes106,,,0,
https://openalex.org/w2049681766,https://doi.org/10.1016/1054-8807(94)00044-r,,,0,
https://openalex.org/w1966430830,https://doi.org/10.1517/13543784.10.1.111,,,0,
https://openalex.org/w4245094594,https://doi.org/10.1111/j.1432-2277.2011.01348.x,,,0,
https://openalex.org/w2070296149,https://doi.org/10.1177/0961203309360808,,,0,
https://openalex.org/w2061379207,https://doi.org/10.1007/s11926-000-0088-5,,,0,
https://openalex.org/w4235737578,https://doi.org/10.1002/pbc.24133,,,0,
https://openalex.org/w2116261314,https://doi.org/10.1016/j.ejogrb.2006.08.018,,,0,
https://openalex.org/w2080376968,https://doi.org/10.4103/0028-3886.65923,,,0,
https://openalex.org/w759956886,https://doi.org/10.1016/j.bcmd.2015.06.011,,,0,
https://openalex.org/w2038568722,https://doi.org/10.1016/s0272-6386(99)70009-0,,,0,
https://openalex.org/w2001976130,https://doi.org/10.1161/01.cir.96.12.4380,,,0,
https://openalex.org/w2043812861,https://doi.org/10.1016/j.autrev.2006.06.008,,,0,
https://openalex.org/w1884785630,https://doi.org/10.1177/096120339600500509,,,0,
https://openalex.org/w1963604255,https://doi.org/10.1055/s-0028-1085473,,,0,
https://openalex.org/w2276929937,,,,0,
https://openalex.org/w2073422277,https://doi.org/10.1016/j.berh.2009.04.004,,,0,
https://openalex.org/w2112607749,https://doi.org/10.3109/08916934.2014.917372,,,0,
https://openalex.org/w2046466778,https://doi.org/10.1007/bf01956999,,,0,
https://openalex.org/w2343601449,https://doi.org/10.1182/blood.v86.8.3083.3083,,,0,
https://openalex.org/w1982965555,https://doi.org/10.1007/s12028-007-0045-5,,,0,
https://openalex.org/w2401001782,,,,0,
https://openalex.org/w2006226202,https://doi.org/10.1055/s-0029-1245334,,,0,
https://openalex.org/w2018283605,https://doi.org/10.1016/j.rbr.2014.08.016,,,0,
https://openalex.org/w4322697217,https://doi.org/10.1093/rheumatology/37.10.1089,,,0,
https://openalex.org/w2418666271,,,,0,
https://openalex.org/w32819271,,,,0,
https://openalex.org/w1856034726,https://doi.org/10.1016/j.tips.2015.07.007,,,0,
https://openalex.org/w2040222397,https://doi.org/10.1002/1529-0131(200008)43:8<1891::aid-anr28>3.0.co;2-r,,,0,
https://openalex.org/w2036434652,https://doi.org/10.1191/0961203303lu391oa,,,0,
https://openalex.org/w2022289823,https://doi.org/10.1177/096120330000900712,,,0,
https://openalex.org/w2182931596,,,,0,
https://openalex.org/w1994815971,https://doi.org/10.1182/blood-2011-01-325266,,,0,
https://openalex.org/w2075608148,https://doi.org/10.1097/01.aog.0000258281.22296.de,,,0,
https://openalex.org/w2104173958,https://doi.org/10.1053/j.jvca.2009.04.017,,,0,
https://openalex.org/w2039396151,https://doi.org/10.4269/ajtmh.2012.11-0692,,,0,
https://openalex.org/w2471124590,https://doi.org/10.1016/j.cca.2016.06.025,,,0,
https://openalex.org/w2101134238,https://doi.org/10.2174/157339707779815768,,,0,
https://openalex.org/w2182946446,https://doi.org/10.1016/j.ogc.2014.10.002,,,0,
https://openalex.org/w2000167798,https://doi.org/10.1007/s10545-007-0513-2,,,0,
https://openalex.org/w2139990725,https://doi.org/10.1002/art.1780400823,,,0,
https://openalex.org/w2031998262,https://doi.org/10.1136/jcp.46.8.781-b,,004-891-551-634-665,0,
https://openalex.org/w2081165872,https://doi.org/10.3899/jrheum.081194,,,1,
https://openalex.org/w2001377957,https://doi.org/10.1055/s-2005-863814,,,0,
https://openalex.org/w2413228130,,,,0,
https://openalex.org/w2594014620,https://doi.org/10.1016/s0049-3848(17)30156-1,,,0,
https://openalex.org/w5008859,,,,0,
https://openalex.org/w2116923609,https://doi.org/10.1111/j.1538-7836.2005.01405.x,,059-189-523-786-384,0,
https://openalex.org/w1988426612,https://doi.org/10.1016/s0002-9378(11)90692-9,,,0,
https://openalex.org/w2016668254,https://doi.org/10.1308/003588406x106496,,,0,
https://openalex.org/w2050809459,https://doi.org/10.1177/096120330000900112,,,0,
https://openalex.org/w1971541305,https://doi.org/10.1016/s0140-6736(87)90810-5,,,0,
https://openalex.org/w2074920464,https://doi.org/10.1097/00000637-199611000-00017,,,0,
https://openalex.org/w2131315209,https://doi.org/10.1177/000331979604700317,,,0,
https://openalex.org/w2551390205,https://doi.org/10.1182/blood.v118.21.1238.1238,,,0,
https://openalex.org/w1772129688,https://doi.org/10.1111/j.1744-9987.2010.00832.x,,,0,
https://openalex.org/w1994715165,https://doi.org/10.1182/blood-2011-03-344671,,,0,
https://openalex.org/w2137536896,https://doi.org/10.1177/0961203312446974,,,0,
https://openalex.org/w1560582296,https://doi.org/10.1177/096120339600500525,,,0,
https://openalex.org/w935629257,https://doi.org/10.1016/j.semarthrit.2015.07.008,,,0,
https://openalex.org/w2053134616,https://doi.org/10.1007/s11239-005-3204-6,,,0,
https://openalex.org/w2009768381,https://doi.org/10.1053/j.jvca.2014.02.006,,,0,
https://openalex.org/w2625539117,,,,0,
https://openalex.org/w2016644016,https://doi.org/10.1007/bf01400665,,,0,
https://openalex.org/w1976284668,https://doi.org/10.1097/01.rhu.0000135627.88021.d1,,,0,
https://openalex.org/w4213331593,https://doi.org/10.1111/j.1538-7836.2011.04380_4.x,,,0,
https://openalex.org/w2514886409,https://doi.org/10.1080/17512433.2016.1230495,,,0,
https://openalex.org/w245819966,,,,0,
https://openalex.org/w114643804,,,,0,
https://openalex.org/w2417745092,,,,0,
https://openalex.org/w2736534602,https://doi.org/10.1002/mds.27087,,,0,
https://openalex.org/w2058346202,https://doi.org/10.1007/s00296-007-0348-z,,,0,
https://openalex.org/w4253873350,https://doi.org/10.1002/ppul.23066,,,0,
https://openalex.org/w2073309988,https://doi.org/10.1097/iae.0000000000000366,,,0,
https://openalex.org/w2059356826,https://doi.org/10.1093/qjmed/hcl017,,083-028-912-182-800,0,
https://openalex.org/w2069406198,https://doi.org/10.1007/s10620-005-1588-y,,,0,
https://openalex.org/w2623135139,,,,0,
https://openalex.org/w2094713760,https://doi.org/10.1136/ard.54.1.73,,,0,
https://openalex.org/w2044538505,https://doi.org/10.1016/0140-6736(90)93208-7,,,0,
https://openalex.org/w2418161883,,,,0,
https://openalex.org/w2316296525,https://doi.org/10.7861/clinmedicine.1-1-14,,056-051-978-792-800,0,
https://openalex.org/w2606912957,https://doi.org/10.1371/journal.pone.0174572,,,0,
https://openalex.org/w2144445818,https://doi.org/10.1111/j.1749-6632.2009.04815.x,,,0,
https://openalex.org/w2119698778,https://doi.org/10.1146/annurev.me.44.020193.001103,,,0,
https://openalex.org/w3190421869,https://doi.org/10.1007/s11926-013-0355-x,,,0,
https://openalex.org/w2037037169,https://doi.org/10.1515/jpme.1996.24.5.489,,,0,
https://openalex.org/w2004822759,https://doi.org/10.1007/s12016-007-0008-9,,,0,
https://openalex.org/w2414354051,https://doi.org/10.1055/s-0037-1615183,,,0,
https://openalex.org/w2344114084,https://doi.org/10.2177/jsci.38.457,,,0,
https://openalex.org/w2412253861,,,,0,
https://openalex.org/w2025466455,https://doi.org/10.1007/s10067-009-1364-z,,,0,
https://openalex.org/w2151864315,,,,0,
https://openalex.org/w2049884388,https://doi.org/10.1016/0049-3848(90)90297-p,,,0,
https://openalex.org/w1968561200,https://doi.org/10.1159/000070427,,076-905-476-702-379,0,
https://openalex.org/w2031407899,https://doi.org/10.5606/tjr.2013.2717,,,0,
https://openalex.org/w1947741202,https://doi.org/10.1111/j.1468-1331.2010.03208.x,,,0,
https://openalex.org/w2413755438,,,,0,
https://openalex.org/w3152830213,https://doi.org/10.5578/tt.7360,,064-058-116-102-329,0,
https://openalex.org/w2467570418,https://doi.org/10.1515/cclm-2016-0245,,,0,
https://openalex.org/w2011804563,https://doi.org/10.1002/pbc.21878,,,0,
https://openalex.org/w2161151577,https://doi.org/10.2174/157488609789006949,,,0,
https://openalex.org/w2329392965,https://doi.org/10.1164/ajrccm-conference.2012.185.1_meetingabstracts.a5200,,,0,
https://openalex.org/w37920763,https://doi.org/10.20452/pamw.266,,,0,
https://openalex.org/w1997610571,https://doi.org/10.1016/j.semarthrit.2007.10.001,,,0,
https://openalex.org/w2063032263,https://doi.org/10.1016/j.jbspin.2008.04.019,,,0,
https://openalex.org/w2043420809,https://doi.org/10.1007/s100720200005,,,0,
https://openalex.org/w2144063654,https://doi.org/10.2174/157339712801318975,,,0,
https://openalex.org/w2107835127,https://doi.org/10.1186/1752-1947-6-349,,,0,
https://openalex.org/w2125493041,,,,0,
https://openalex.org/w2166663402,https://doi.org/10.1177/0009922808315216,,,0,
https://openalex.org/w2151107434,https://doi.org/10.1111/j.1365-2141.2004.05314.x,,,0,
https://openalex.org/w2751189399,https://doi.org/10.1111/hae.13232,,,0,
https://openalex.org/w2168120041,https://doi.org/10.1161/circulationaha.113.002033,,,0,
https://openalex.org/w2041081859,https://doi.org/10.1191/096120399678840909,,,0,
https://openalex.org/w1976387495,https://doi.org/10.1111/j.1365-2141.1994.tb05126.x,,,0,
https://openalex.org/w2414652162,,,,0,
https://openalex.org/w1989605819,https://doi.org/10.1159/000218106,,,0,
https://openalex.org/w4214861615,https://doi.org/10.1097/jsm.0b013e31824ee01a,,,0,
https://openalex.org/w2462431312,https://doi.org/10.1016/j.ajem.2016.06.086,,,0,
https://openalex.org/w2033657622,https://doi.org/10.1053/j.ajkd.2004.05.047,,,0,
https://openalex.org/w2060622164,https://doi.org/10.1097/00002281-199110000-00008,,,0,
https://openalex.org/w2568639925,https://doi.org/10.1007/s11239-016-1469-6,,,0,
https://openalex.org/w1956467878,https://doi.org/10.1093/rheumatology/kei159,,,0,
https://openalex.org/w2038826213,https://doi.org/10.1111/j.1538-7836.2008.02900.x,,,0,
https://openalex.org/w2400827974,https://doi.org/10.1177/0961203316651747,,,0,
https://openalex.org/w2411398649,,,,0,
https://openalex.org/w1986681637,https://doi.org/10.1021/bi9921081,,,0,
https://openalex.org/w2048584879,https://doi.org/10.1016/j.reuma.2012.10.018,,,0,
https://openalex.org/w166555176,https://doi.org/10.1055/s-0038-1656023,,,0,
https://openalex.org/w1994402873,https://doi.org/10.1016/j.autrev.2004.03.007,,,0,
https://openalex.org/w2147372311,https://doi.org/10.1016/j.thromres.2011.01.014,,,0,
https://openalex.org/w1970659312,https://doi.org/10.1016/j.autrev.2014.11.003,,,0,
https://openalex.org/w2425938828,https://doi.org/10.1055/s-0037-1613220,,,0,
https://openalex.org/w2733845184,https://doi.org/10.1016/j.ajoc.2017.07.005,,,0,
https://openalex.org/w2116289477,https://doi.org/10.1136/pgmj.2005.042648,,,0,
https://openalex.org/w2403233880,https://doi.org/10.1055/s-0038-1645192,,,0,
https://openalex.org/w2165889998,https://doi.org/10.1111/ced.12089,,,0,
https://openalex.org/w1982709222,https://doi.org/10.1016/j.jaut.2009.05.002,,,0,
https://openalex.org/w2112055413,https://doi.org/10.1177/0961203314540351,,,0,
https://openalex.org/w2057897272,https://doi.org/10.1007/s11926-001-0030-5,,,0,
https://openalex.org/w2071285049,https://doi.org/10.1016/j.thromres.2007.04.014,,,0,
https://openalex.org/w2406908081,https://doi.org/10.1016/s0272-5231(21)01132-1,,,0,
https://openalex.org/w2523290206,https://doi.org/10.1097/rhu.0000000000000446,,,0,
https://openalex.org/w1970955758,https://doi.org/10.1016/s1568-9972(01)00005-2,,,0,
https://openalex.org/w2466954926,https://doi.org/10.1002/ejhf.539,,,0,
https://openalex.org/w2030684251,https://doi.org/10.1016/j.autrev.2014.01.053,,,0,
https://openalex.org/w2014542141,https://doi.org/10.1191/096120301701549651,,,0,
https://openalex.org/w2045250923,https://doi.org/10.1046/j.1365-2141.2000.01964.x,,,0,
https://openalex.org/w2316224082,https://doi.org/10.1136/annrheumdis-2012-eular.1171,,,0,
https://openalex.org/w2413426763,https://doi.org/10.1055/s-0038-1650644,,,0,
https://openalex.org/w2471972528,,,,0,
https://openalex.org/w2418898279,,,,0,
https://openalex.org/w2566189478,https://doi.org/10.1016/j.jbspin.2016.12.002,,,0,
https://openalex.org/w2097487666,https://doi.org/10.1182/blood-2007-12-129627,,,0,
https://openalex.org/w1976446606,https://doi.org/10.3346/jkms.2001.16.3.351,,,0,
https://openalex.org/w2404268105,https://doi.org/10.1177/0310057x1003800220,,,0,
https://openalex.org/w2398190271,,,,0,
https://openalex.org/w1548346841,https://doi.org/10.1002/14651858.cd002859.pub2,,,1,
https://openalex.org/w1965778236,https://doi.org/10.1055/s-0028-1082269,,,0,
https://openalex.org/w2110803155,https://doi.org/10.1177/0961203308093460,,,0,
https://openalex.org/w1512088449,https://doi.org/10.1111/jth.13038,,,0,
https://openalex.org/w2025824625,https://doi.org/10.1002/art.27361,,,0,
https://openalex.org/w2153235435,,,,0,
https://openalex.org/w2003605460,https://doi.org/10.1016/j.bbapap.2013.06.009,,,0,
https://openalex.org/w2065908812,https://doi.org/10.1177/0961203309360841,,,0,
https://openalex.org/w2065241145,https://doi.org/10.1002/cbf.1389,,,0,
https://openalex.org/w1989841507,https://doi.org/10.1007/s11926-013-0318-2,,,0,
https://openalex.org/w2474737217,https://doi.org/10.1016/j.jaut.2016.06.013,,,0,
https://openalex.org/w3024357771,https://doi.org/10.1186/s12969-017-0186-9,,,0,
https://openalex.org/w2523120517,https://doi.org/10.1016/j.rehab.2016.07.251,,,0,
https://openalex.org/w1994207318,https://doi.org/10.4103/0022-3859.76350,,,0,
https://openalex.org/w2281899782,https://doi.org/10.1182/blood.v91.6.1999,,,0,
https://openalex.org/w2123034398,https://doi.org/10.1053/j.jvca.2008.01.021,,,0,
https://openalex.org/w2618866254,,,,0,
https://openalex.org/w36063046,,,,0,
https://openalex.org/w2075055686,https://doi.org/10.1002/art.34545,,,0,
https://openalex.org/w2283366147,https://doi.org/10.1007/s11239-015-1316-1,,,0,
https://openalex.org/w2418700200,,,,1,
https://openalex.org/w2119266650,https://doi.org/10.1111/j.1538-7836.2009.03674.x,,,1,
https://openalex.org/w2341766326,https://doi.org/10.1080/21548331.1998.11443641,,,0,
https://openalex.org/w2052776637,https://doi.org/10.1097/00003081-200103000-00006,,,0,
https://openalex.org/w2582076048,,,,0,
https://openalex.org/w44247342,,,,0,
https://openalex.org/w3082386179,https://doi.org/10.1182/blood.v130.suppl_1.1059.1059,,,0,
https://openalex.org/w2467232801,,,,0,
https://openalex.org/w2051413144,https://doi.org/10.1160/th13-11-0925,,087-713-051-696-244,0,
https://openalex.org/w2473758220,,,,0,
https://openalex.org/w2120211079,https://doi.org/10.1053/sarh.2001.20266,,,0,
https://openalex.org/w1522628610,,,,0,
https://openalex.org/w2436914983,,,,0,
https://openalex.org/w2015167407,https://doi.org/10.1055/s-0032-1311992,,,0,
https://openalex.org/w2050810047,https://doi.org/10.1177/1076029608325544,,,0,
https://openalex.org/w2168235818,https://doi.org/10.1186/ar3326,,,0,
https://openalex.org/w2090998019,https://doi.org/10.1177/0961203314555539,,,0,
https://openalex.org/w2054392925,https://doi.org/10.1172/jci20309,,,0,
https://openalex.org/w2171416452,https://doi.org/10.1161/01.atv.20.1.204,,,0,
https://openalex.org/w1795023098,,,,0,
https://openalex.org/w2119097440,https://doi.org/10.2174/1389557511313070006,,,0,
https://openalex.org/w2095398342,https://doi.org/10.1111/j.1365-2141.1989.tb04298.x,,,0,
https://openalex.org/w2499198889,,,,0,
https://openalex.org/w2418568060,,,,0,
https://openalex.org/w2171169724,https://doi.org/10.3899/jrheum.080268,,,0,
https://openalex.org/w3153672514,https://doi.org/10.1111/eci.12258,,,0,
https://openalex.org/w2537838220,https://doi.org/10.2174/1871527315666160920122750,,,0,
https://openalex.org/w2141209340,https://doi.org/10.1016/j.iac.2012.08.001,,,0,
https://openalex.org/w2010047387,https://doi.org/10.1016/s0025-7125(05)70509-5,,,0,
https://openalex.org/w2556689280,https://doi.org/10.1161/01.atv.0000319737.80976.26,,,0,
https://openalex.org/w2004700798,https://doi.org/10.1097/01.tp.0000119157.81765.46,,,0,
https://openalex.org/w1981998573,https://doi.org/10.1016/s0952-3278(96)90121-0,,,0,
https://openalex.org/w2042735941,https://doi.org/10.1016/j.clim.2004.02.014,,,0,
https://openalex.org/w2410957573,,,,0,
https://openalex.org/w4250889302,https://doi.org/10.1097/01.moh.0000239713.01287.e8,,022-905-638-272-553,0,
https://openalex.org/w2553216192,https://doi.org/10.1177/0961203316678672,,,0,
https://openalex.org/w2586102463,https://doi.org/10.1111/nep.12936,,,0,
https://openalex.org/w2075174274,https://doi.org/10.1073/pnas.90.14.6464,,,0,
https://openalex.org/w2038015395,https://doi.org/10.1097/01.ta.0000243386.77986.dd,,,0,
https://openalex.org/w2676053760,https://doi.org/10.1097/bor.0000000000000426,,,0,
https://openalex.org/w2069953491,https://doi.org/10.1016/s0304-3940(98)00793-9,,,0,
https://openalex.org/w61641937,,,,0,
https://openalex.org/w2058464136,https://doi.org/10.1182/blood-2013-04-496257,,,0,
https://openalex.org/w1978095071,https://doi.org/10.1136/pn.2007.134585,,,0,
https://openalex.org/w2105441779,https://doi.org/10.1016/s0190-9622(97)80283-6,,,0,
https://openalex.org/w2018568578,https://doi.org/10.1185/03007990902929104,,,0,
https://openalex.org/w2417495548,,,,0,
https://openalex.org/w2313076763,https://doi.org/10.1097/00055735-200006000-00011,,,0,
https://openalex.org/w2061071054,https://doi.org/10.1136/bmj.314.7076.253,,,1,
https://openalex.org/w2011297399,https://doi.org/10.1136/bmj.309.6949.239,,047-799-270-588-402,0,
https://openalex.org/w2133926184,https://doi.org/10.1161/atvbaha.108.182428,,,0,
https://openalex.org/w2138947154,https://doi.org/10.1093/humrep/13.5.1180,,,0,
https://openalex.org/w178727349,,,,0,
https://openalex.org/w1012739711,https://doi.org/10.1111/jth.12993,,,0,
https://openalex.org/w1980001666,https://doi.org/10.1007/s10067-006-0328-9,,,0,
https://openalex.org/w2148838644,https://doi.org/10.1186/s13075-015-0757-4,,,0,
https://openalex.org/w1599113761,,,,1,
https://openalex.org/w2345866823,https://doi.org/10.1080/17843286.2016.1177265,,,0,
https://openalex.org/w164178911,https://doi.org/10.1055/s-0032-1305025,,,0,
https://openalex.org/w2012679721,https://doi.org/10.1016/j.atherosclerosis.2005.06.021,,,0,
https://openalex.org/w2036857507,https://doi.org/10.1196/annals.1351.032,,,0,
https://openalex.org/w2360640350,,,,0,
https://openalex.org/w2052497105,https://doi.org/10.1016/0140-6736(93)91213-6,,,0,
https://openalex.org/w1968712225,https://doi.org/10.1007/s12185-012-1108-8,,037-060-120-361-271,0,
https://openalex.org/w2016124241,https://doi.org/10.1016/0020-7292(91)90548-j,,,1,
https://openalex.org/w139877815,,,,0,
https://openalex.org/w1995446864,https://doi.org/10.1016/j.revmed.2014.04.012,,,0,
https://openalex.org/w2295770487,https://doi.org/10.1055/s-0038-1657678,,,0,
https://openalex.org/w2087351532,https://doi.org/10.1007/s10067-013-2229-z,,,0,
https://openalex.org/w2606913421,https://doi.org/10.12890/2017_000614,,,0,
https://openalex.org/w2081332553,https://doi.org/10.1016/j.thromres.2013.08.015,,,0,
https://openalex.org/w2751345233,https://doi.org/10.1093/rheumatology/kex061.002,,,0,
https://openalex.org/w2146146405,https://doi.org/10.1111/j.1538-7836.2006.02002.x,,,0,
https://openalex.org/w2620779998,https://doi.org/10.4049/jimmunol.1600305,,,0,
https://openalex.org/w2147830654,https://doi.org/10.3109/01443615.2010.518651,,,1,
https://openalex.org/w2068106248,https://doi.org/10.1006/jaut.2000.0409,,,0,
https://openalex.org/w2591963447,https://doi.org/10.1016/j.bcmd.2017.02.009,,,0,
https://openalex.org/w2162010802,https://doi.org/10.1177/0961203311418267,,,0,
https://openalex.org/w2248797930,https://doi.org/10.1515/cclm.2011.500,,,0,
https://openalex.org/w2043595887,https://doi.org/10.3109/14767058.2011.592875,,,0,
https://openalex.org/w2563996226,https://doi.org/10.1007/s12288-016-0767-7,,,0,
https://openalex.org/w2415411665,https://doi.org/10.1055/s-0038-1657733,,,0,
https://openalex.org/w2085509869,https://doi.org/10.1016/j.thromres.2014.05.030,,,0,
https://openalex.org/w2331915197,https://doi.org/10.1097/mbc.0b013e328358e899,,,0,
https://openalex.org/w2092569403,https://doi.org/10.1191/0961203302lu230xx,,,0,
https://openalex.org/w1980615815,https://doi.org/10.1371/journal.pone.0099302,,,0,
https://openalex.org/w2468135474,https://doi.org/10.1159/000445260,,,0,
https://openalex.org/w1696487200,https://doi.org/10.1023/a:1025321617304,,,0,
https://openalex.org/w2402200315,https://doi.org/10.1023/a:1005675921664,,,0,
https://openalex.org/w2183215244,,,,0,
https://openalex.org/w2048370365,https://doi.org/10.1046/j.1365-2141.2002.03821.x,,,0,
https://openalex.org/w2056471336,https://doi.org/10.1111/j.1529-8019.2007.00142.x,,,0,
https://openalex.org/w774654570,https://doi.org/10.1016/j.bcmd.2015.06.008,,,0,
https://openalex.org/w1999269591,https://doi.org/10.1080/03009740510026689,,,0,
https://openalex.org/w1978103292,https://doi.org/10.1136/ard.2003.016204,,,0,
https://openalex.org/w2067117199,https://doi.org/10.1016/j.cppeds.2014.10.005,,,0,
https://openalex.org/w987806396,https://doi.org/10.1007/s10067-015-3030-y,,,0,
https://openalex.org/w2023431216,https://doi.org/10.1182/blood-2014-11-611129,,,1,
https://openalex.org/w2511408873,https://doi.org/10.12816/0027460,,,0,
https://openalex.org/w1986436024,https://doi.org/10.1055/s-0028-1082265,,,0,
https://openalex.org/w2140676436,https://doi.org/10.1016/j.jclinane.2010.07.007,,,0,
https://openalex.org/w2416886411,,,,0,
https://openalex.org/w1987065888,https://doi.org/10.1177/0961203309346906,,,0,
https://openalex.org/w2412152285,https://doi.org/10.1016/j.revmed.2011.10.008,,,0,
https://openalex.org/w1975159399,https://doi.org/10.1177/0961203313491024,,,0,
https://openalex.org/w2011220565,https://doi.org/10.1016/s0049-3848(09)70002-7,,,0,
https://openalex.org/w2091601257,https://doi.org/10.1007/s11239-005-3206-4,,,0,
https://openalex.org/w2019201795,https://doi.org/10.1046/j.1365-2249.1998.00562.x,,,0,
https://openalex.org/w1696896561,https://doi.org/10.5114/aoms.2012.31613,,,0,
https://openalex.org/w1991407222,https://doi.org/10.1515/jbcpp.2006.17.4.269,,,0,
https://openalex.org/w2332175550,https://doi.org/10.1097/00062752-200309000-00009,,,0,
https://openalex.org/w3144110514,,,,0,
https://openalex.org/w2582368519,https://doi.org/10.2340/00015555-2626,,,0,
https://openalex.org/w2003405679,https://doi.org/10.1177/096120339700600606,,,1,
https://openalex.org/w2046822955,https://doi.org/10.1053/sarh.2001.27660,,,0,
https://openalex.org/w2044183048,https://doi.org/10.1111/jth.12238,,,0,
https://openalex.org/w1971733159,https://doi.org/10.1007/s00296-009-1107-0,,,0,
https://openalex.org/w2066208768,https://doi.org/10.1177/096120339400300206,,,1,
https://openalex.org/w2119717114,https://doi.org/10.1016/j.berh.2008.12.006,,,0,
https://openalex.org/w4327670390,https://doi.org/10.1055/s-0038-1646331,,,0,
https://openalex.org/w2346695096,https://doi.org/10.1016/j.thromres.2016.05.004,,,0,
https://openalex.org/w2042615520,https://doi.org/10.1055/s-0032-1304716,,,0,
https://openalex.org/w4229995727,https://doi.org/10.1097/00006250-200303000-00009,,,0,
https://openalex.org/w2130463007,https://doi.org/10.1016/0268-960x(93)90006-p,,,0,
https://openalex.org/w2022226231,https://doi.org/10.3899/jrheum.080763,,,1,
https://openalex.org/w69940763,https://doi.org/10.20452/pamw.1415,,,0,
https://openalex.org/w4246128196,https://doi.org/10.26226/morressier.56e174cfd462b8028d88a378,,,0,
https://openalex.org/w2044390641,https://doi.org/10.1002/art.23081,,,0,
https://openalex.org/w1979641445,https://doi.org/10.1136/ard.2005.037671,,,0,
https://openalex.org/w2410800273,,,,0,
https://openalex.org/w2084109190,https://doi.org/10.1097/00005792-199709000-00003,,,0,
https://openalex.org/w1999940767,https://doi.org/10.1016/s0741-5214(96)70068-x,,,0,
https://openalex.org/w131344735,,,,0,
https://openalex.org/w1969799426,https://doi.org/10.1016/j.thromres.2008.01.002,,,0,
https://openalex.org/w2474964126,,,,0,
https://openalex.org/w2079204174,https://doi.org/10.1177/0961203314538687,,,0,
https://openalex.org/w1978140460,https://doi.org/10.1076/noph.25.3.135.7127,,,0,
https://openalex.org/w1504781586,,,,0,
https://openalex.org/w2047819904,https://doi.org/10.1159/000235941,,,0,
https://openalex.org/w2068880643,https://doi.org/10.3121/cmr.2008.775,,,0,
https://openalex.org/w1971883899,https://doi.org/10.1542/peds.2006-1340,,,0,
https://openalex.org/w2484882202,https://doi.org/10.1172/jci89137,,,0,
https://openalex.org/w2314886641,https://doi.org/10.1097/mbc.0b013e32833ceaef,,,0,
https://openalex.org/w1573826699,https://doi.org/10.1111/j.1538-7836.2004.00810.x,,,0,
https://openalex.org/w2550383555,https://doi.org/10.1016/j.medcli.2016.09.017,,,0,
https://openalex.org/w1992747969,https://doi.org/10.1358/dot.2002.38.2.820106,,,0,
https://openalex.org/w2404735541,,,,0,
https://openalex.org/w1601698574,https://doi.org/10.4049/jimmunol.168.8.4209,,,0,
https://openalex.org/w2014181987,https://doi.org/10.1016/0165-1781(95)02682-m,,,0,
https://openalex.org/w1988963495,https://doi.org/10.1097/01.tp.0000174168.00730.b4,,,0,
https://openalex.org/w2519465127,https://doi.org/10.1016/j.preghy.2016.08.211,,,0,
https://openalex.org/w1963560327,https://doi.org/10.1016/s0002-9378(96)70453-2,,,0,
https://openalex.org/w2785533038,https://doi.org/10.1016/s0755-4982(06)74667-x,,,0,
https://openalex.org/w2070082179,https://doi.org/10.1016/j.autrev.2005.01.001,,,0,
https://openalex.org/w2739372137,https://doi.org/10.1097/md.0000000000007578,,,0,
https://openalex.org/w2032470152,https://doi.org/10.1016/j.placenta.2003.12.006,,,0,
https://openalex.org/w2404219697,,,,0,
https://openalex.org/w2395123065,,,,0,
https://openalex.org/w2582162798,https://doi.org/10.1016/j.reuma.2016.04.011,,,0,
https://openalex.org/w123080891,,,,0,
https://openalex.org/w2122482049,https://doi.org/10.1177/0961203312441983,,,0,
https://openalex.org/w2099994495,https://doi.org/10.1093/rheumatology/ker139,,,1,
https://openalex.org/w1991590993,https://doi.org/10.1002/(sici)1096-8652(199612)53:4<272::aid-ajh14>3.0.co;2-e,,,0,
https://openalex.org/w2020077071,https://doi.org/10.1536/ihj.38.769,,,0,
https://openalex.org/w2415920722,,,,0,
https://openalex.org/w2035754058,https://doi.org/10.1034/j.1600-0609.2000.9l125.x,,,0,
https://openalex.org/w2023381272,https://doi.org/10.1016/j.reaurg.2005.10.008,,,0,
https://openalex.org/w2329186893,https://doi.org/10.1136/annrheumdis-2014-eular.6312,,,0,
https://openalex.org/w1984767455,https://doi.org/10.1016/j.jaut.2014.06.001,,,0,
https://openalex.org/w2115164989,https://doi.org/10.1016/j.gyobfe.2010.05.003,,,0,
https://openalex.org/w2119249025,https://doi.org/10.1136/bcr-2014-205072,,,0,
https://openalex.org/w2079519590,https://doi.org/10.1097/01.aog.0000278597.40292.32,,,0,
https://openalex.org/w2102727554,https://doi.org/10.1016/j.thromres.2004.07.013,,,0,
https://openalex.org/w2125864147,https://doi.org/10.1038/ncprheum0740,,,0,
https://openalex.org/w1985752816,https://doi.org/10.1016/j.jaad.2008.03.018,,,0,
https://openalex.org/w2009783347,https://doi.org/10.2174/187152007784111304,,,0,
https://openalex.org/w2409041493,,,,0,
https://openalex.org/w2146934555,https://doi.org/10.1097/mpg.0b013e3181b99c72,,,0,
https://openalex.org/w1997834908,https://doi.org/10.1586/erc.09.137,,,0,
https://openalex.org/w2131212916,https://doi.org/10.1345/aph.1c249,,,0,
https://openalex.org/w1965080396,https://doi.org/10.1078/0171-2985-00212,,,0,
https://openalex.org/w1965207074,https://doi.org/10.1046/j.1523-1755.1999.00435.x,,,0,
https://openalex.org/w2410734495,,,,0,
https://openalex.org/w2011111201,https://doi.org/10.1258/175404507780796433,,,0,
https://openalex.org/w1975826337,https://doi.org/10.1097/rhu.0b013e318156bbf5,,,0,
https://openalex.org/w2088631292,https://doi.org/10.1177/0961203309360842,,,0,
https://openalex.org/w2147087121,https://doi.org/10.1378/chest.10120,,,0,
https://openalex.org/w1966201605,https://doi.org/10.1055/s-0028-1082272,,,0,
https://openalex.org/w1969783454,https://doi.org/10.1007/s11255-011-9989-7,,,0,
https://openalex.org/w2070717739,https://doi.org/10.1016/j.jocn.2003.10.032,,,0,
https://openalex.org/w2599921260,https://doi.org/10.1016/j.phrs.2017.03.026,,,0,
https://openalex.org/w2091876460,https://doi.org/10.1016/j.transproceed.2013.02.043,,,0,
https://openalex.org/w1711041951,https://doi.org/10.1055/s-0037-1614453,,,0,
https://openalex.org/w2072604943,https://doi.org/10.1136/bcr-2013-200474,,,0,
https://openalex.org/w2409369552,,,,0,
https://openalex.org/w2084750321,https://doi.org/10.1097/mbc.0b013e3281420398,,,0,
https://openalex.org/w2012665720,https://doi.org/10.3899/jrheum.090306,,,0,
https://openalex.org/w2386175382,https://doi.org/10.1097/mbc.0000000000000504,,,0,
https://openalex.org/w2010539101,https://doi.org/10.1179/2045772312y.0000000047,,,0,
https://openalex.org/w2107049519,https://doi.org/10.1016/s0753-3322(03)00083-0,,,0,
https://openalex.org/w2077094496,https://doi.org/10.1046/j.1365-2249.2001.01555.x,,,0,
https://openalex.org/w2402824063,,,,0,
https://openalex.org/w2168863608,https://doi.org/10.1016/j.reuma.2014.02.002,,,0,
https://openalex.org/w2090013429,https://doi.org/10.1177/096120339500400304,,,0,
https://openalex.org/w2037123060,https://doi.org/10.1067/mob.2001.117659,,,0,
https://openalex.org/w2082524658,https://doi.org/10.1111/j.1538-7836.2006.01857.x,,,0,
https://openalex.org/w2749714204,https://doi.org/10.1093/rheumatology/kex094,,,0,
https://openalex.org/w2411537946,,,,0,
https://openalex.org/w2080746456,https://doi.org/10.1160/th08-01-0015,,,0,
https://openalex.org/w1973042812,https://doi.org/10.1016/s0022-2143(97)90097-4,,,0,
https://openalex.org/w2147687084,https://doi.org/10.1053/j.ajkd.2005.01.038,,,0,
https://openalex.org/w2094632171,https://doi.org/10.1007/s00296-009-1269-9,,,0,
https://openalex.org/w2032143325,https://doi.org/10.1093/rheumatology/36.1.113,,,0,
https://openalex.org/w2028852972,https://doi.org/10.1006/jaut.2000.0395,,,0,
https://openalex.org/w1978425244,https://doi.org/10.1080/17402520600554930,,,0,
https://openalex.org/w2395898763,,,,0,
https://openalex.org/w1993357456,https://doi.org/10.1586/1744666x.2013.849440,,,0,
https://openalex.org/w1973237426,https://doi.org/10.2146/ajhp070638,,,0,
https://openalex.org/w2419352120,,,,0,
https://openalex.org/w2048823030,https://doi.org/10.1007/s00296-012-2587-x,,,0,
https://openalex.org/w1990658518,https://doi.org/10.1002/ppul.20158,,,0,
https://openalex.org/w1968725114,https://doi.org/10.1517/14656560902971003,,,0,
https://openalex.org/w2091811571,https://doi.org/10.2217/ijr.10.25,,,0,
https://openalex.org/w1966396677,https://doi.org/10.1016/j.ijgo.2007.05.045,,,0,
https://openalex.org/w1986003106,https://doi.org/10.1155/2011/248243,,,0,
https://openalex.org/w1990862509,https://doi.org/10.1136/pgmj.70.830.863,,,0,
https://openalex.org/w2144827646,https://doi.org/10.1373/clinchem.2009.133678,,,0,
https://openalex.org/w2065238867,https://doi.org/10.1016/j.cll.2009.06.001,,,0,
https://openalex.org/w2415910476,https://doi.org/10.52964/amja.0373,,,0,
https://openalex.org/w2137609153,https://doi.org/10.1177/107602960401000311,,,0,
https://openalex.org/w2058021273,https://doi.org/10.1191/0961203306lu2315oa,,,0,
https://openalex.org/w2168453892,https://doi.org/10.1191/0961203303lu335oa,,,0,
https://openalex.org/w2054617585,https://doi.org/10.1046/j.1538-7836.2003.00125.x,,,0,
https://openalex.org/w2587555705,https://doi.org/10.1371/journal.pone.0171474,,,0,
https://openalex.org/w150924101,,,,0,
https://openalex.org/w2040389318,https://doi.org/10.1182/blood-2005-07-2669,,,0,
https://openalex.org/w1985469886,https://doi.org/10.1155/2014/672603,,,0,
https://openalex.org/w1676030587,https://doi.org/10.1097/01.smj.0000166748.90089.65,,,0,
https://openalex.org/w2120492526,https://doi.org/10.1136/annrheumdis-2013-204838,,,0,
https://openalex.org/w2108845205,https://doi.org/10.1016/s0002-9378(99)70457-6,,,0,
https://openalex.org/w2123913255,https://doi.org/10.1161/strokeaha.108.539171,,,0,
https://openalex.org/w2001996907,https://doi.org/10.1007/s00296-014-3038-7,,,1,
https://openalex.org/w2023551899,https://doi.org/10.1172/jci119401,,,0,
https://openalex.org/w1933639867,https://doi.org/10.1196/annals.1398.059,,,0,
https://openalex.org/w2021492084,https://doi.org/10.1067/j.cpradiol.2014.01.002,,,0,
https://openalex.org/w2101581719,https://doi.org/10.1002/anr.1780320326,,,0,
https://openalex.org/w2045726386,https://doi.org/10.2169/internalmedicine.43.346,,,0,
https://openalex.org/w2398569696,,,,0,
https://openalex.org/w1518349915,https://doi.org/10.3889/mjms.1857-5773.2011.0178,,,0,
https://openalex.org/w2153802696,https://doi.org/10.7326/0003-4819-151-3-200908040-00004,,,0,
https://openalex.org/w2751816785,https://doi.org/10.1016/j.ejr.2017.07.003,,,0,
https://openalex.org/w4236140818,https://doi.org/10.1016/j.ogc.2013.10.004,,,0,
https://openalex.org/w2081832994,https://doi.org/10.1191/0961203306lu2270oa,,,0,
https://openalex.org/w4251115188,https://doi.org/10.1038/ajg.2014.279,,,0,
https://openalex.org/w2134205218,https://doi.org/10.1136/ard.62.6.530,,,1,
https://openalex.org/w2046636255,https://doi.org/10.1080/08035250510025842,,,0,
https://openalex.org/w1998711888,https://doi.org/10.1191/0961203303lu1040oa,,,0,
https://openalex.org/w2415003915,,,,0,
https://openalex.org/w2074401880,https://doi.org/10.1160/th06-08-0440,,047-976-222-643-416,0,
https://openalex.org/w1993351955,https://doi.org/10.1177/096120339800700221,,,0,
https://openalex.org/w2064373173,https://doi.org/10.3109/08916939409014679,,,0,
https://openalex.org/w2416341087,,,,0,
https://openalex.org/w4246311080,https://doi.org/10.1093/humrep/deg283,,,0,
https://openalex.org/w1574784326,https://doi.org/10.1111/j.1600-0897.2009.00759.x,,,0,
https://openalex.org/w2073389642,https://doi.org/10.1097/00005792-199907000-00001,,,0,
https://openalex.org/w1964724987,https://doi.org/10.1196/annals.1313.026,,,0,
https://openalex.org/w2124458314,https://doi.org/10.1016/j.clineuro.2013.11.009,,,0,
https://openalex.org/w2316710385,https://doi.org/10.1056/nejm199707173370303,,,0,
https://openalex.org/w4249276631,https://doi.org/10.3109/14767051003802503,,,0,
https://openalex.org/w2076418184,https://doi.org/10.1016/j.thromres.2010.11.013,,,0,
https://openalex.org/w2408706351,,,,0,
https://openalex.org/w2597995473,https://doi.org/10.1111/bjh.14632,,,0,
https://openalex.org/w2092313657,https://doi.org/10.1093/ndtplus/sfn193,,123-909-353-471-401,0,
https://openalex.org/w1989713925,https://doi.org/10.1055/s-2002-33210,,,0,
https://openalex.org/w2402916099,,,,0,
https://openalex.org/w2029060489,https://doi.org/10.1177/096120339300200508,,,0,
https://openalex.org/w2333290486,https://doi.org/10.1097/00001721-200103000-00013,,,0,
https://openalex.org/w2001998306,https://doi.org/10.1016/j.rdc.2006.05.001,,,0,
https://openalex.org/w2072641594,https://doi.org/10.1016/0049-3848(90)90327-9,,,0,
https://openalex.org/w2144702545,https://doi.org/10.2174/1874303x01508020027,,,0,
https://openalex.org/w1993239392,https://doi.org/10.1177/0961203306074767,,,1,
https://openalex.org/w2015847169,https://doi.org/10.1007/s10067-005-1111-z,,,0,
https://openalex.org/w1994413526,https://doi.org/10.1038/eye.1994.17,,,0,
https://openalex.org/w2076160653,https://doi.org/10.1007/s11926-015-0504-5,,,0,
https://openalex.org/w1975298930,https://doi.org/10.1159/000176898,,,0,
https://openalex.org/w2036954323,https://doi.org/10.1177/096120339700600615,,,0,
https://openalex.org/w2315600383,https://doi.org/10.1055/s-0034-1390003,,,0,
https://openalex.org/w2134201563,https://doi.org/10.1093/molehr/gal048,,,0,
https://openalex.org/w2110074555,https://doi.org/10.1016/0952-8180(95)00175-1,,,0,
https://openalex.org/w158721957,,,,0,
https://openalex.org/w2163956218,https://doi.org/10.1136/jclinpath-2013-201830,,,0,
https://openalex.org/w2466434937,https://doi.org/10.1007/bf02983775,,,0,
https://openalex.org/w2411094327,https://doi.org/10.1055/s-0038-1648930,,,0,
https://openalex.org/w2073604625,https://doi.org/10.1182/blood.v98.6.1760,,,0,
https://openalex.org/w1669899243,https://doi.org/10.1182/blood-2014-09-551978,,,0,
https://openalex.org/w2482811854,https://doi.org/10.1111/jocs.12811,,,0,
https://openalex.org/w1738770577,,,,0,
https://openalex.org/w2297794063,https://doi.org/10.1177/0961203316637431,,,0,
https://openalex.org/w4294350677,https://doi.org/10.1002/art.39977,,,0,
https://openalex.org/w2138796330,https://doi.org/10.1177/096120339600500519,,,0,
https://openalex.org/w2782106690,https://doi.org/10.4103/ijccm.ijccm_308_17,,,0,
https://openalex.org/w2027816939,https://doi.org/10.1016/s0002-9343(99)80188-0,,,0,
https://openalex.org/w4254134692,https://doi.org/10.1093/ehjci/jex267,,,0,
https://openalex.org/w2007415123,https://doi.org/10.2174/157339706776876099,,,0,
https://openalex.org/w2007295989,https://doi.org/10.1016/j.thromres.2014.02.002,,,0,
https://openalex.org/w1964874434,https://doi.org/10.1007/s12016-007-0003-1,,,0,
https://openalex.org/w2023544956,https://doi.org/10.1016/s0022-2143(98)90096-8,,,0,
https://openalex.org/w2023890054,https://doi.org/10.1055/s-2006-932128,,,0,
https://openalex.org/w4300704378,https://doi.org/10.1111/j.1742-4658.2010.07680.x,,,0,
https://openalex.org/w2019234708,https://doi.org/10.1016/0049-3848(96)00067-9,,,0,
https://openalex.org/w2000237214,https://doi.org/10.1016/s0049-3848(98)00115-7,,,0,
https://openalex.org/w1965215229,https://doi.org/10.1097/md.0b013e31826b971f,,,0,
https://openalex.org/w2747405420,https://doi.org/10.1097/md.0000000000007374,,,0,
https://openalex.org/w2060020587,https://doi.org/10.1177/0961203314540968,,,0,
https://openalex.org/w2031041858,https://doi.org/10.1016/j.arbr.2012.11.017,,,0,
https://openalex.org/w2147311826,https://doi.org/10.1046/j.1365-2141.2001.03028.x,,,0,
https://openalex.org/w2032107656,https://doi.org/10.1016/j.autrev.2011.12.007,,,0,
https://openalex.org/w2004868980,https://doi.org/10.1016/0272-6386(95)90504-9,,,0,
https://openalex.org/w2394620182,https://doi.org/10.1093/oxfordjournals.qjmed.a068623,,,0,
https://openalex.org/w2096768341,https://doi.org/10.3348/kjr.2000.1.1.5,,,0,
https://openalex.org/w2015680279,https://doi.org/10.1016/j.autrev.2006.11.005,,,0,
https://openalex.org/w4211034452,https://doi.org/10.1783/1471189053629428,,,0,
https://openalex.org/w2145069981,https://doi.org/10.1191/0961203305lu2067oa,,,0,
https://openalex.org/w4253304560,https://doi.org/10.1080/10245330512331389845,,,0,
https://openalex.org/w2024158672,https://doi.org/10.1111/j.1471-0528.1999.tb08208.x,,,1,
https://openalex.org/w125667030,https://doi.org/10.1177/039463200601900210,,,0,
https://openalex.org/w2342327577,,,,0,
https://openalex.org/w1567256096,https://doi.org/10.1177/096120339600500524,,,0,
https://openalex.org/w1604288160,https://doi.org/10.1111/j.1365-2362.2010.02443.x,,,0,
https://openalex.org/w2321708482,https://doi.org/10.1016/j.ijcac.2016.03.002,,,0,
https://openalex.org/w2097046783,https://doi.org/10.1084/jem.200116116,,,0,
https://openalex.org/w2011040271,https://doi.org/10.1055/s-0032-1311990,,,0,
https://openalex.org/w2030129235,https://doi.org/10.1007/s00296-001-0157-8,,,0,
https://openalex.org/w2062739892,https://doi.org/10.1191/096120398678919868,,,0,
https://openalex.org/w4255959040,https://doi.org/10.1053/j.ajkd.2014.01.249,,,0,
https://openalex.org/w1969089984,https://doi.org/10.1111/j.1442-200x.2009.02805.x,,,0,
https://openalex.org/w2321108107,https://doi.org/10.1097/00043426-200103000-00007,,,0,
https://openalex.org/w2050658763,https://doi.org/10.1160/th08-02-0069,,,0,
https://openalex.org/w2035074335,https://doi.org/10.1055/s-2006-939767,,,0,
https://openalex.org/w2076404431,https://doi.org/10.3109/08916939309115752,,006-913-157-615-121,0,
https://openalex.org/w2507057972,https://doi.org/10.1055/s-0034-1371537,,,0,
https://openalex.org/w2089365687,https://doi.org/10.1191/0961203305lu2132xx,,,0,
https://openalex.org/w2074010596,https://doi.org/10.1196/annals.1361.089,,,0,
https://openalex.org/w2099911099,https://doi.org/10.1358/dot.2012.48.10.1855760,,,0,
https://openalex.org/w2081597555,https://doi.org/10.1136/ard.61.suppl_2.ii46,,041-736-538-849-84X,0,
https://openalex.org/w2064404915,https://doi.org/10.5482/ha-1165,,,0,
https://openalex.org/w2520715074,https://doi.org/10.1016/j.autrev.2016.09.010,,,1,
https://openalex.org/w4292634325,https://doi.org/10.1002/art.39448,,,0,
https://openalex.org/w1984757031,https://doi.org/10.1016/j.jim.2015.04.002,,,0,
https://openalex.org/w2407325906,https://doi.org/10.1016/j.jri.2016.05.006,,,0,
https://openalex.org/w2007695162,https://doi.org/10.1046/j.1399-0039.2003.00138.x,,,0,
https://openalex.org/w1966789636,https://doi.org/10.1212/wnl.40.8.1190,,,0,
https://openalex.org/w1978755612,https://doi.org/10.2169/internalmedicine.50.4300,,,0,
https://openalex.org/w2427044162,https://doi.org/10.1055/s-0038-1647288,,,0,
https://openalex.org/w4290139815,https://doi.org/10.1056/nejm199204023261411,,,0,
https://openalex.org/w2029273266,https://doi.org/10.1016/j.autrev.2009.04.001,,,0,
https://openalex.org/w2010855626,https://doi.org/10.1378/chest.1386133,,,0,
https://openalex.org/w46737776,,,,0,
https://openalex.org/w2520079006,https://doi.org/10.1007/s11926-016-0611-y,,,0,
https://openalex.org/w2030952860,https://doi.org/10.1016/j.trsl.2014.12.003,,,0,
https://openalex.org/w2474262494,https://doi.org/10.1111/aji.12534,,,0,
https://openalex.org/w2001546492,https://doi.org/10.1007/s11926-003-0023-7,,,0,
https://openalex.org/w1892508179,,,,0,
https://openalex.org/w2406754651,,,,0,
https://openalex.org/w1581154560,https://doi.org/10.1159/000111261,,,0,
https://openalex.org/w2154469744,https://doi.org/10.1080/09546630701386993,,,0,
https://openalex.org/w2607493518,https://doi.org/10.1093/rheumatology/kex086,,,0,
https://openalex.org/w2141334529,https://doi.org/10.1016/j.transci.2007.01.004,,,0,
https://openalex.org/w2086915928,https://doi.org/10.1111/j.1468-3083.2006.01921.x,,,0,
https://openalex.org/w1986802451,https://doi.org/10.1016/s0020-7292(98)00007-1,,,0,
https://openalex.org/w2025812666,https://doi.org/10.1016/j.transproceed.2005.10.049,,,0,
https://openalex.org/w2085256069,https://doi.org/10.1007/s11926-011-0223-5,,,0,
https://openalex.org/w2148815794,https://doi.org/10.1097/00004647-199909000-00008,,,0,
https://openalex.org/w31569089,https://doi.org/10.1016/j.preghy.2014.10.105,,,0,
https://openalex.org/w1985759485,https://doi.org/10.1067/mlc.2002.123950,,,0,
https://openalex.org/w2148619874,https://doi.org/10.1093/rheumatology/35.11.1132,,,0,
https://openalex.org/w2169151982,https://doi.org/10.1177/0961203306072390,,,0,
https://openalex.org/w129939585,,,,0,
https://openalex.org/w2410874450,,,,0,
https://openalex.org/w2072010460,https://doi.org/10.1016/s0095-5108(05)70042-7,,,0,
https://openalex.org/w2128555414,https://doi.org/10.1111/j.1756-185x.2010.01590.x,,,0,
https://openalex.org/w2169242706,https://doi.org/10.1136/ard.62.10.999,,,0,
https://openalex.org/w1980856117,https://doi.org/10.1016/j.jpsychires.2008.09.009,,,0,
https://openalex.org/w1841054687,https://doi.org/10.1556/oh.2012.29425,,,0,
https://openalex.org/w1494996819,,,,0,
https://openalex.org/w2072671933,https://doi.org/10.1097/00002281-199809000-00005,,,0,
https://openalex.org/w2068559293,https://doi.org/10.1016/j.bpobgyn.2011.10.002,,,0,
https://openalex.org/w2561342004,https://doi.org/10.1007/s11739-016-1596-2,,,0,
https://openalex.org/w4211003672,https://doi.org/10.1016/j.lpm.2016.10.007,,,0,
https://openalex.org/w2171406118,https://doi.org/10.1093/rheumatology/kep067,,,0,
https://openalex.org/w2756774203,https://doi.org/10.1155/2017/9475180,,,0,
https://openalex.org/w2134611299,https://doi.org/10.1007/s11926-013-0324-4,,,0,
https://openalex.org/w2418743208,https://doi.org/10.1055/s-0035-1556587,,,0,
https://openalex.org/w2013192767,https://doi.org/10.2174/1874312901206010175,,,0,
https://openalex.org/w2468674053,,,,0,
https://openalex.org/w2054031033,https://doi.org/10.1016/j.autrev.2003.11.004,,,0,
https://openalex.org/w2065370078,https://doi.org/10.1371/journal.pone.0099386,,,0,
https://openalex.org/w2021359600,https://doi.org/10.1191/0961203303lu448rr,,,0,
https://openalex.org/w2203908678,https://doi.org/10.1159/000421696,,,0,
https://openalex.org/w4232501235,https://doi.org/10.1007/s00112-016-0099-6,,,0,
https://openalex.org/w57097834,,,,1,
https://openalex.org/w2181383775,,,,0,
https://openalex.org/w2131338115,https://doi.org/10.1111/j.1751-553x.2011.01376.x,,,0,
https://openalex.org/w1991320908,https://doi.org/10.1016/j.thromres.2010.09.019,,,0,
https://openalex.org/w2421132850,,,,0,
https://openalex.org/w2051635571,https://doi.org/10.1161/01.atv.12.2.196,,,0,
https://openalex.org/w2126670506,https://doi.org/10.1161/01.cir.93.8.1579,,,0,
https://openalex.org/w2419182847,,,,0,
https://openalex.org/w1987178686,https://doi.org/10.1016/0049-3848(88)90104-1,,,0,
https://openalex.org/w2085861005,https://doi.org/10.1177/1076029615581364,,,0,
https://openalex.org/w1964759892,https://doi.org/10.1177/0961203309106951,,,0,
https://openalex.org/w2014568527,https://doi.org/10.1007/s11239-005-2459-2,,,0,
https://openalex.org/w2082336315,https://doi.org/10.1016/j.transproceed.2010.09.070,,,0,
https://openalex.org/w2406721759,,,,0,
https://openalex.org/w1991773401,https://doi.org/10.1177/096120339800700211,,,0,
https://openalex.org/w2067132624,https://doi.org/10.1358/dnp.2005.18.2.886480,,,0,
https://openalex.org/w2018005845,https://doi.org/10.1111/bjh.13030,,,0,
https://openalex.org/w1977291776,https://doi.org/10.1517/13543770802608048,,,0,
https://openalex.org/w1997122424,https://doi.org/10.1177/8755122513500923,,,0,
https://openalex.org/w2473142214,https://doi.org/10.1146/annurev-med-042915-102529,,,0,
https://openalex.org/w4298283432,https://doi.org/10.1111/j.1538-7836.2011.04380_3.x,,,0,
https://openalex.org/w2937602092,,,,0,
https://openalex.org/w1214222013,,,,0,
https://openalex.org/w2466935744,,,,0,
https://openalex.org/w1924333547,,,,0,
https://openalex.org/w2586280035,https://doi.org/10.1177/0961203317692432,,,1,
https://openalex.org/w2111858004,https://doi.org/10.1191/0961203305lu2071oa,,,0,
https://openalex.org/w2072176330,https://doi.org/10.1592/phco.31.12.1221,,,0,
https://openalex.org/w213718173,,,,0,
https://openalex.org/w2152839588,https://doi.org/10.1007/s00296-007-0512-5,,,0,
https://openalex.org/w2010012477,https://doi.org/10.1074/jbc.m212655200,,,0,
https://openalex.org/w1569146517,https://doi.org/10.1159/000075690,,,0,
https://openalex.org/w2144273599,https://doi.org/10.1016/j.clineuro.2013.09.016,,,0,
https://openalex.org/w1972896592,https://doi.org/10.1097/00002281-199409000-00007,,015-159-471-471-749,0,
https://openalex.org/w2051525038,https://doi.org/10.1016/s1089-3261(03)00022-9,,,0,
https://openalex.org/w2001946821,https://doi.org/10.1016/0002-9343(87)90772-8,,,0,
https://openalex.org/w2328125051,https://doi.org/10.2169/internalmedicine.55.5536,,,0,
https://openalex.org/w2014456545,https://doi.org/10.1016/j.genhosppsych.2011.08.006,,,0,
https://openalex.org/w2412827967,https://doi.org/10.1136/annrheumdis-2015-eular.4802,,,0,
https://openalex.org/w2226191221,,,,0,
https://openalex.org/w1898107393,https://doi.org/10.1002/ana.24382,,,0,
https://openalex.org/w2047785562,https://doi.org/10.1080/080352598750013716,,,0,
https://openalex.org/w2164922254,https://doi.org/10.1136/ard.2006.065037,,,0,
https://openalex.org/w2086206843,https://doi.org/10.1155/2012/406273,,,0,
https://openalex.org/w2050209643,https://doi.org/10.1016/j.blre.2010.12.001,,,0,
https://openalex.org/w1974914666,https://doi.org/10.1007/s11239-009-0317-3,,,0,
https://openalex.org/w2047089135,https://doi.org/10.1182/blood-2006-07-030148,,,0,
https://openalex.org/w1972213191,https://doi.org/10.1111/1756-185x.12424,,,0,
https://openalex.org/w2442707916,https://doi.org/10.1016/s0733-8619(18)30237-8,,,0,
https://openalex.org/w38293225,https://doi.org/10.1055/s-2003-44640,,,0,
https://openalex.org/w2092120672,https://doi.org/10.1016/j.jvsv.2015.01.001,,,0,
https://openalex.org/w1963033020,https://doi.org/10.1002/mus.23657,,,0,
https://openalex.org/w2009074577,https://doi.org/10.1177/1076029607305099,,,0,
https://openalex.org/w2032757026,https://doi.org/10.1007/bf02282899,,,0,
https://openalex.org/w1976130574,https://doi.org/10.1016/j.jri.2010.05.002,,,0,
https://openalex.org/w2345791816,https://doi.org/10.1111/jth.13314,,,0,
https://openalex.org/w2003644108,https://doi.org/10.1160/th04-08-0519,,,0,
https://openalex.org/w2344014234,https://doi.org/10.1161/circresaha.116.306925,,,0,
https://openalex.org/w2125546865,https://doi.org/10.1186/ar4111,,,0,
https://openalex.org/w2059263686,https://doi.org/10.3329/bjmed.v23i2.14992,,,0,
https://openalex.org/w1985773947,https://doi.org/10.1182/blood-2014-08-593624,,,0,
https://openalex.org/w2768848965,https://doi.org/10.4103/0970-258x.218672,,,0,
https://openalex.org/w2092288278,https://doi.org/10.1159/000047970,,,0,
https://openalex.org/w2041615034,https://doi.org/10.1097/psy.0b013e31828acfbc,,,0,
https://openalex.org/w2143969890,https://doi.org/10.1177/1076029610379397,,,0,
https://openalex.org/w2150092880,https://doi.org/10.1177/0961203309345795,,,0,
https://openalex.org/w2411088366,https://doi.org/10.1055/s-0038-1646878,,,0,
https://openalex.org/w101652387,,,,0,
https://openalex.org/w2316377494,https://doi.org/10.1136/archdischild-2014-307384.1182,,,0,
https://openalex.org/w2068067478,https://doi.org/10.1007/s00296-011-2313-0,,,0,
https://openalex.org/w2395645217,,,,0,
https://openalex.org/w2013476176,https://doi.org/10.2169/internalmedicine.51.6592,,,0,
https://openalex.org/w2024314380,https://doi.org/10.1097/mbc.0b013e3283436401,,,0,
https://openalex.org/w2109999459,https://doi.org/10.1177/0961203312442581,,,0,
https://openalex.org/w1984699466,https://doi.org/10.1046/j.1538-7836.2003.00253.x,,,0,
https://openalex.org/w1506029494,https://doi.org/10.1023/a:1021792125123,,,0,
https://openalex.org/w2129821255,https://doi.org/10.1177/0961203312446388,,,0,
https://openalex.org/w1980729316,https://doi.org/10.1007/s12026-013-8407-x,,,0,
https://openalex.org/w2462070670,,,,0,
https://openalex.org/w2261548040,,,,0,
https://openalex.org/w2517623366,https://doi.org/10.1212/wnl.86.16_supplement.p1.123,,,0,
https://openalex.org/w2004599468,https://doi.org/10.1007/s004390100593,,,0,
https://openalex.org/w1123543704,https://doi.org/10.1371/journal.pone.0135738,,,0,
https://openalex.org/w2467588669,,,,0,
https://openalex.org/w1520771483,https://doi.org/10.1186/1471-2334-5-74,,,0,
https://openalex.org/w2417628371,,,,0,
https://openalex.org/w2070981289,https://doi.org/10.1097/00008480-199110000-00013,,,0,
https://openalex.org/w2516547264,https://doi.org/10.1016/j.ijcard.2016.08.166,,,0,
https://openalex.org/w2607283723,https://doi.org/10.3233/jad-161267,,,0,
https://openalex.org/w2326672899,https://doi.org/10.1164/ajrccm-conference.2012.185.1_meetingabstracts.a6168,,,0,
https://openalex.org/w2142948946,https://doi.org/10.1007/s10067-006-0398-8,,,0,
https://openalex.org/w2030408953,https://doi.org/10.1007/bf02850315,,,0,
https://openalex.org/w1964557426,https://doi.org/10.1097/01.mbc.0000188413.32859.b2,,,0,
https://openalex.org/w2028113836,https://doi.org/10.2174/1389450054545999,,,0,
https://openalex.org/w2133740664,https://doi.org/10.7150/ijms.7.15,,,1,
https://openalex.org/w2436196277,,,,0,
https://openalex.org/w2000219284,https://doi.org/10.1016/0952-3278(93)90035-u,,,0,
https://openalex.org/w2153870562,https://doi.org/10.1160/th14-11-0943,,,0,
https://openalex.org/w2108799280,https://doi.org/10.1182/blood-2012-03-378646,,,0,
https://openalex.org/w2034686952,https://doi.org/10.1002/art.20433,,,0,
https://openalex.org/w2078830663,https://doi.org/10.1002/acr.21691,,,0,
https://openalex.org/w2417187650,,,,0,
https://openalex.org/w2614076432,https://doi.org/10.2169/internalmedicine.56.7806,,,0,
https://openalex.org/w2026369938,https://doi.org/10.1002/art.33341,,,0,
https://openalex.org/w1975236691,https://doi.org/10.1203/00006450-199809000-00014,,,0,
https://openalex.org/w149418877,,,,0,
https://openalex.org/w2017916426,https://doi.org/10.1177/0961203310397080,,,1,
https://openalex.org/w2000529272,https://doi.org/10.1093/humupd/5.3.267,,,0,
https://openalex.org/w2085238967,https://doi.org/10.1177/0961203314567751,,,0,
https://openalex.org/w2415951326,,,,0,
https://openalex.org/w2066719903,https://doi.org/10.1016/j.autrev.2014.08.040,,,1,
https://openalex.org/w2320554770,https://doi.org/10.1055/s-0032-1304718,,,0,
https://openalex.org/w1994097646,https://doi.org/10.1016/j.aller.2011.03.003,,,0,
https://openalex.org/w2012514919,https://doi.org/10.1097/ccm.0b013e3181c9e363,,,0,
https://openalex.org/w2411472266,,,,0,
https://openalex.org/w80616478,,,,0,
https://openalex.org/w2306311814,https://doi.org/10.1016/j.thromres.2016.03.025,,,0,
https://openalex.org/w2091843322,https://doi.org/10.1159/000092190,,,0,
https://openalex.org/w2011662627,https://doi.org/10.1002/art.22855,,,0,
https://openalex.org/w2127086678,https://doi.org/10.1136/jnnp.74.8.1113,,,0,
https://openalex.org/w2007748130,https://doi.org/10.1016/s0029-7844(02)02165-8,,,1,
https://openalex.org/w2147384144,https://doi.org/10.1016/s0889-857x(05)70331-8,,,0,
https://openalex.org/w1988309191,https://doi.org/10.1016/s0198-8859(02)00789-9,,,0,
https://openalex.org/w2278198811,,,,1,
https://openalex.org/w1797198143,https://doi.org/10.1055/s-0037-1615891,,,0,
https://openalex.org/w2050437644,https://doi.org/10.1177/096120339800700231,,,0,
https://openalex.org/w2010633868,https://doi.org/10.1002/art.20622,,,0,
https://openalex.org/w2178540982,https://doi.org/10.1016/j.ajog.2015.09.078,,,0,
https://openalex.org/w2318756213,https://doi.org/10.1093/icvts/ivu276.62,,,0,
https://openalex.org/w2116551318,https://doi.org/10.1093/clinchem/47.9.1597,,,0,
https://openalex.org/w1978455469,https://doi.org/10.1111/j.1538-7836.2009.03335.x,,,0,
https://openalex.org/w2405470231,,,,0,
https://openalex.org/w2400383048,,,,0,
https://openalex.org/w2087392743,https://doi.org/10.1016/j.autrev.2006.06.012,,,0,
https://openalex.org/w2003999282,https://doi.org/10.1016/s0049-3848(14)50341-6,,,0,
https://openalex.org/w2038026532,https://doi.org/10.1016/j.autrev.2006.06.010,,,0,
https://openalex.org/w2064257051,https://doi.org/10.1186/1741-7015-9-1,,,0,
https://openalex.org/w2062466582,https://doi.org/10.1182/blood-2006-04-001206,,,0,
https://openalex.org/w2143193067,https://doi.org/10.1136/ard.62.10.1016,,086-620-866-337-892,0,
https://openalex.org/w2080143722,https://doi.org/10.1358/dot.2010.46.12.1543301,,,0,
https://openalex.org/w2013355217,https://doi.org/10.1016/j.vaccine.2004.07.029,,,0,
https://openalex.org/w2016974503,https://doi.org/10.2169/internalmedicine.39.83,,,0,
https://openalex.org/w2028776205,https://doi.org/10.1038/ncprheum0432,,,0,
https://openalex.org/w2142444723,https://doi.org/10.1111/jth.12264,,,0,
https://openalex.org/w2328360026,https://doi.org/10.1510/icvts.2011.277921a,,,0,
https://openalex.org/w2021473664,https://doi.org/10.1038/ncpendmet0791,,,0,
https://openalex.org/w2085746347,https://doi.org/10.4103/0253-7184.55480,,,0,
https://openalex.org/w2160957830,https://doi.org/10.1093/emboj/18.22.6228,,,0,
https://openalex.org/w2097269969,https://doi.org/10.1111/j.1537-2995.2008.01877.x,,,0,
https://openalex.org/w2142231669,https://doi.org/10.1186/1546-0096-12-s1-i19,,,0,
https://openalex.org/w1998907515,https://doi.org/10.1515/cclm-2014-1129,,,0,
https://openalex.org/w2092333439,https://doi.org/10.1097/mbc.0b013e328304dffc,,,0,
https://openalex.org/w2070760531,https://doi.org/10.1007/s11926-000-0089-4,,,0,
https://openalex.org/w2398116540,,,,0,
https://openalex.org/w2021422415,https://doi.org/10.1155/2014/239398,,,0,
https://openalex.org/w1970982094,https://doi.org/10.1177/0961203310361491,,,0,
https://openalex.org/w1973529329,https://doi.org/10.1046/j.1365-2141.2001.02776.x,,,0,
https://openalex.org/w2039483996,https://doi.org/10.1097/00002281-200101000-00003,,,0,
https://openalex.org/w2626026527,https://doi.org/10.1055/s-0037-1603359,,,0,
https://openalex.org/w2138126173,https://doi.org/10.1016/j.cct.2009.11.006,,,0,
https://openalex.org/w2012733763,https://doi.org/10.1007/s12016-008-8102-1,,,0,
https://openalex.org/w2042567209,https://doi.org/10.1542/peds.2005-1461,,,0,
https://openalex.org/w2015129950,https://doi.org/10.1016/j.hrtlng.2007.06.004,,,0,
https://openalex.org/w327860210,https://doi.org/10.1055/s-2004-815630,,,0,
https://openalex.org/w2157151132,https://doi.org/10.1136/ard.60.12.1149,,,0,
https://openalex.org/w2029207578,https://doi.org/10.1016/s0022-3476(97)70291-9,,,0,
https://openalex.org/w1988248923,https://doi.org/10.1016/j.jdiacomp.2004.09.004,,,0,
https://openalex.org/w2079500129,https://doi.org/10.1016/j.thromres.2010.01.004,,,0,
https://openalex.org/w66115561,https://doi.org/10.1007/s00063-003-1230-8,,,0,
https://openalex.org/w1967047938,https://doi.org/10.1111/j.1479-8077.2006.00230.x,,,0,
https://openalex.org/w1563498978,https://doi.org/10.1111/j.1742-1241.2007.01478.x,,,0,
https://openalex.org/w2021097940,https://doi.org/10.1016/s0272-5231(02)00076-x,,,0,
https://openalex.org/w2342239822,,,,0,
https://openalex.org/w2321411153,,,,0,
https://openalex.org/w2528381108,https://doi.org/10.1016/j.mayocp.2016.06.026,,,0,
https://openalex.org/w2003087317,https://doi.org/10.1001/jamasurgery.2013.406,,,0,
https://openalex.org/w2330414521,https://doi.org/10.1016/j.jri.2016.03.004,,,0,
https://openalex.org/w2065676486,https://doi.org/10.1179/016164103101202101,,,0,
https://openalex.org/w2044445295,https://doi.org/10.3899/jrheum.120576,,,1,
https://openalex.org/w2033021885,https://doi.org/10.1007/s11926-013-0320-8,,,0,
https://openalex.org/w2181806596,https://doi.org/10.1038/nrrheum.2015.150,,,0,
https://openalex.org/w1841747584,https://doi.org/10.1160/th05-03-0687,,,0,
https://openalex.org/w2464246282,,,,0,
https://openalex.org/w1975775758,https://doi.org/10.1016/j.ajog.2015.02.018,,,0,
https://openalex.org/w4241121314,https://doi.org/10.1001/jama.1992.03490110089036,,,0,
https://openalex.org/w2443941861,https://doi.org/10.1055/s-0038-1657211,,,0,
https://openalex.org/w2559940438,https://doi.org/10.1161/01.str.21.9.1268,,,0,
https://openalex.org/w2088507593,https://doi.org/10.1016/j.thromres.2007.01.010,,,0,
https://openalex.org/w2033863224,https://doi.org/10.1080/10245330500226860,,,0,
https://openalex.org/w2078119649,https://doi.org/10.1097/01.mbc.0000256022.01900.c2,,,0,
https://openalex.org/w2030423135,https://doi.org/10.1111/j.1600-0897.1992.tb00781.x,,,0,
https://openalex.org/w1979717925,https://doi.org/10.1038/gene.2013.3,,,0,
https://openalex.org/w2010738009,https://doi.org/10.1055/s-2005-863801,,,0,
https://openalex.org/w2063467527,https://doi.org/10.1007/bf02206835,,,0,
https://openalex.org/w1990849520,https://doi.org/10.1002/(sici)1096-8652(199703)54:3<209::aid-ajh6>3.0.co;2-#,,,0,
https://openalex.org/w2567538246,https://doi.org/10.1016/j.autrev.2016.12.010,,,0,
https://openalex.org/w2403937668,,,,0,
https://openalex.org/w1966721764,https://doi.org/10.4103/0378-6323.95483,,,0,
https://openalex.org/w2070297701,https://doi.org/10.1016/j.ajog.2013.01.002,,,0,
https://openalex.org/w1880474234,https://doi.org/10.4049/jimmunol.0902765,,,0,
https://openalex.org/w1997901249,https://doi.org/10.1016/s0002-9378(99)70507-7,,,0,
https://openalex.org/w1977031815,https://doi.org/10.1002/acr.22273,,,0,
https://openalex.org/w2072457042,https://doi.org/10.1016/j.parkreldis.2013.07.025,,017-889-921-982-245,0,
https://openalex.org/w4231983795,https://doi.org/10.1097/icu.0b013e328358b937,,,0,
https://openalex.org/w1975293949,https://doi.org/10.1016/j.jaut.2012.07.002,,,0,
https://openalex.org/w1973301880,https://doi.org/10.1177/0961203310370343,,,0,
https://openalex.org/w1976560087,https://doi.org/10.1097/mbc.0b013e32836466b5,,,0,
https://openalex.org/w2460302646,,,,0,
https://openalex.org/w2082246479,https://doi.org/10.1177/107602960100700105,,,0,
https://openalex.org/w2414860444,,,,0,
https://openalex.org/w2061309528,https://doi.org/10.1182/asheducation-2010.1.166,,,0,
https://openalex.org/w2113578160,https://doi.org/10.1007/bf02932117,,,0,
https://openalex.org/w2007914723,https://doi.org/10.1172/jci117657,,,0,
https://openalex.org/w1733126352,https://doi.org/10.4103/0377-4929.91507,,,0,
https://openalex.org/w2024072212,https://doi.org/10.1046/j.1365-2141.2001.02923.x,,,0,
https://openalex.org/w9818807,https://doi.org/10.1016/j.preghy.2014.10.234,,,0,
https://openalex.org/w2593025600,https://doi.org/10.1016/s0049-3848(17)30148-2,,,0,
https://openalex.org/w2411625707,,,,0,
https://openalex.org/w3150198407,https://doi.org/10.1177/0885066606287041,,,0,
https://openalex.org/w2098416330,https://doi.org/10.1183/09031936.00182813,,,0,
https://openalex.org/w2443962873,,,,1,
https://openalex.org/w84686513,,,,0,
https://openalex.org/w4248042563,https://doi.org/10.1515/jpm-2015-2002,,,0,
https://openalex.org/w2054309365,https://doi.org/10.1016/j.jstrokecerebrovasdis.2010.01.004,,,0,
https://openalex.org/w2033325158,https://doi.org/10.1177/0961203309360543,,,0,
https://openalex.org/w2034712069,https://doi.org/10.1002/art.1780390902,,,0,
https://openalex.org/w2091727117,https://doi.org/10.1016/j.ccr.2010.01.022,,,0,
https://openalex.org/w2187261560,,,,0,
https://openalex.org/w165240030,https://doi.org/10.1111/j.1365-2362.2012.02650.x,,,0,
https://openalex.org/w1989505850,https://doi.org/10.1046/j.1468-2982.1992.1202069.x,,,0,
https://openalex.org/w2073214706,https://doi.org/10.3109/10428194.2011.580474,,,0,
https://openalex.org/w2411555199,,,,0,
https://openalex.org/w2084743598,https://doi.org/10.1111/j.1365-4632.2004.02326.x,,,0,
https://openalex.org/w1983806777,https://doi.org/10.1046/j.1538-7836.2003.t01-2-00397.x,,,0,
https://openalex.org/w2408384977,,,,0,
https://openalex.org/w2058555142,https://doi.org/10.2217/17460816.3.1.85,,,0,
https://openalex.org/w2006242485,https://doi.org/10.1517/13543784.11.6.819,,,0,
https://openalex.org/w2056790476,https://doi.org/10.1016/s0049-3848(13)70063-x,,,0,
https://openalex.org/w2054416239,https://doi.org/10.1007/s11926-013-0405-4,,,0,
https://openalex.org/w2028698186,https://doi.org/10.1016/s0049-3848(15)50445-3,,,0,
https://openalex.org/w4251814542,https://doi.org/10.1038/labinvest.2008.130,,,0,
https://openalex.org/w1973256669,https://doi.org/10.1017/s1462399407000506,,,0,
https://openalex.org/w3099691024,https://doi.org/10.1016/j.jaad.2010.06.017,,,0,
https://openalex.org/w2042100224,https://doi.org/10.1016/j.cll.2013.03.026,,,0,
https://openalex.org/w2152761229,https://doi.org/10.1161/strokeaha.108.527283,,,0,
https://openalex.org/w1588788580,https://doi.org/10.2307/25549720,,,1,
https://openalex.org/w227391040,https://doi.org/10.1182/blood.v122.21.1711.1711,,,0,
https://openalex.org/w2056930258,https://doi.org/10.1517/13543784.2012.636350,,,0,
https://openalex.org/w2064007967,https://doi.org/10.1016/j.thromres.2005.03.005,,,0,
https://openalex.org/w2032879944,https://doi.org/10.1111/j.1468-1331.2006.01519.x,,,0,
https://openalex.org/w2173797561,https://doi.org/10.1111/trf.13406,,,0,
https://openalex.org/w2395151889,,,,0,
https://openalex.org/w1994238439,https://doi.org/10.1016/j.jri.2005.01.006,,,0,
https://openalex.org/w2331497531,https://doi.org/10.1055/s-0032-1315771,,,0,
https://openalex.org/w1227102447,https://doi.org/10.1016/j.jmv.2015.07.106,,,0,
https://openalex.org/w2724434596,https://doi.org/10.1111/ced.13158,,,0,
https://openalex.org/w2042684852,https://doi.org/10.1016/j.ogc.2006.05.012,,,0,
https://openalex.org/w2416646223,,,,0,
https://openalex.org/w2094254044,https://doi.org/10.1136/bcr-2014-205355,,,0,
https://openalex.org/w2139944170,https://doi.org/10.1160/th11-10-0719,,,0,
https://openalex.org/w2750854224,https://doi.org/10.1016/j.autrev.2017.09.004,,,0,
https://openalex.org/w2021548557,https://doi.org/10.1016/s0020-7292(09)60102-8,,,0,
https://openalex.org/w2020515235,https://doi.org/10.1111/j.1600-0609.1998.tb01041.x,,,0,
https://openalex.org/w2415075198,,,,0,
https://openalex.org/w2144292625,https://doi.org/10.1093/rheumatology/ken210,,,0,
https://openalex.org/w2411399944,,,,0,
https://openalex.org/w2097468114,https://doi.org/10.1177/0961203309106919,,,0,
https://openalex.org/w2527768444,https://doi.org/10.1161/atvbaha.114.303569,,,0,
https://openalex.org/w2004135257,https://doi.org/10.1136/ard.2008.101766,,,0,
https://openalex.org/w2781765289,https://doi.org/10.1183/13993003.01202-2017,,,0,
https://openalex.org/w2144315116,https://doi.org/10.3324/haematol.2009.015487,,,0,
https://openalex.org/w2098834735,https://doi.org/10.1177/0961203312460722,,,0,
https://openalex.org/w2009730921,https://doi.org/10.1016/j.thromres.2004.06.011,,,0,
https://openalex.org/w2085767984,https://doi.org/10.1016/j.ogc.2006.05.006,,,0,
https://openalex.org/w2592638973,https://doi.org/10.1182/blood.v128.22.2427.2427,,,0,
https://openalex.org/w2014120519,https://doi.org/10.1038/sj.eye.6700452,,,0,
https://openalex.org/w2015361913,https://doi.org/10.1016/j.clindermatol.2013.05.037,,,0,
https://openalex.org/w2135942300,https://doi.org/10.1177/0961203312444773,,,0,
https://openalex.org/w2165139684,https://doi.org/10.1136/ard.60.5.527,,,0,
https://openalex.org/w2394811454,,,,0,
https://openalex.org/w2070922983,https://doi.org/10.1016/j.autrev.2014.07.004,,,0,
https://openalex.org/w2412296951,,,,0,
https://openalex.org/w2010743622,https://doi.org/10.1016/j.jbspin.2010.02.022,,,0,
https://openalex.org/w2045472588,https://doi.org/10.3109/09537104.2013.828029,,,0,
https://openalex.org/w2100203253,https://doi.org/10.1517/14740338.7.4.411,,,0,
https://openalex.org/w2127367379,https://doi.org/10.1177/000331970505600512,,,0,
https://openalex.org/w2604329102,https://doi.org/10.1007/s12185-017-2228-y,,,0,
https://openalex.org/w3026573377,https://doi.org/10.1016/s0029-7844(02)03132-0,,,0,
https://openalex.org/w2093133889,https://doi.org/10.1191/0961203304lu1046cr,,,0,
https://openalex.org/w4205439982,https://doi.org/10.1002/jhm.920,,,0,
https://openalex.org/w178990009,,,,0,
https://openalex.org/w2132184281,https://doi.org/10.1093/rheumatology/ken156,,,0,
https://openalex.org/w2010252780,https://doi.org/10.1007/s12016-007-8052-z,,,0,
https://openalex.org/w2005464831,https://doi.org/10.1111/bjh.12976,,,0,
https://openalex.org/w2108748211,https://doi.org/10.1161/hypertensionaha.114.03115,,119-005-550-792-726,0,
https://openalex.org/w2154285900,https://doi.org/10.1016/s0190-9622(97)70274-3,,,0,
https://openalex.org/w2049751505,https://doi.org/10.1016/j.cll.2013.01.001,,,0,
https://openalex.org/w2615390224,https://doi.org/10.3899/jrheum.161351,,,1,
https://openalex.org/w2109692252,https://doi.org/10.1097/00006254-199306000-00004,,,0,
https://openalex.org/w2394936612,,,,0,
https://openalex.org/w2060742473,https://doi.org/10.1016/j.autrev.2007.10.001,,,0,
https://openalex.org/w1992161307,https://doi.org/10.1097/00001721-199112000-00001,,,0,
https://openalex.org/w2113864921,https://doi.org/10.7326/0003-4819-142-12_part_1-200506210-00004,,,0,
https://openalex.org/w1970161238,https://doi.org/10.1046/j.1365-2141.2003.04151_5.x,,,0,
https://openalex.org/w2095213028,https://doi.org/10.1016/j.jri.2010.03.007,,,0,
https://openalex.org/w2038662880,https://doi.org/10.1016/j.intimp.2010.10.018,,,0,
https://openalex.org/w2009059350,https://doi.org/10.1111/j.1440-1827.2009.02484.x,,,0,
https://openalex.org/w3199387324,,,,0,
https://openalex.org/w2024084386,https://doi.org/10.1016/s0002-8703(96)90313-0,,,0,
https://openalex.org/w2403886283,,,,0,
https://openalex.org/w2018571672,https://doi.org/10.1111/1756-185x.12494,,,0,
https://openalex.org/w2423678806,https://doi.org/10.1002/acr.22272,,,0,
https://openalex.org/w2112488886,https://doi.org/10.1017/s1047951112001126,,,0,
https://openalex.org/w2598680742,https://doi.org/10.1007/s00393-004-0593-4,,,0,
https://openalex.org/w2287298144,https://doi.org/10.1093/oxfordjournals.humrep.a137038,,,0,
https://openalex.org/w2027280296,https://doi.org/10.1007/s11926-002-0082-1,,,0,
https://openalex.org/w2094462645,https://doi.org/10.1002/ajh.2830220315,,,0,
https://openalex.org/w2015858332,https://doi.org/10.1016/j.berh.2007.09.005,,,0,
https://openalex.org/w4297933724,https://doi.org/10.1177/193371912011183s067,,,0,
https://openalex.org/w2108797827,https://doi.org/10.1007/s11926-008-0012-y,,,0,
https://openalex.org/w1956377141,https://doi.org/10.1136/bcr.02.2011.3799,,,0,
https://openalex.org/w2168053999,https://doi.org/10.1177/2324709614527812,,,0,
https://openalex.org/w170551571,https://doi.org/10.1055/s-0038-1650552,,,0,
https://openalex.org/w2418239936,https://doi.org/10.4274/tjh.2015.0197,,,0,
https://openalex.org/w1994475937,https://doi.org/10.1038/ncponc1007,,,0,
https://openalex.org/w4243412264,https://doi.org/10.1016/s0049-3848(16)30387-5,,,0,
https://openalex.org/w2414819927,,,,0,
https://openalex.org/w31822405,https://doi.org/10.20452/pamw.1891,,,0,
https://openalex.org/w2062446760,https://doi.org/10.1136/annrheumdis-2014-205663,,,0,
https://openalex.org/w1781827117,https://doi.org/10.3233/npm-1370113,,,0,
https://openalex.org/w2170531607,https://doi.org/10.4049/jimmunol.174.1.485,,,0,
https://openalex.org/w2043896234,https://doi.org/10.1016/0029-7844(96)00098-1,,,0,
https://openalex.org/w4255459665,https://doi.org/10.1177/1120672103013009-1018,,,0,
https://openalex.org/w2028230033,https://doi.org/10.1016/j.rce.2012.04.003,,,0,
https://openalex.org/w2060752996,https://doi.org/10.1159/000080658,,,0,
https://openalex.org/w2044408040,https://doi.org/10.1097/rhu.0b013e318247caf0,,,0,
https://openalex.org/w2147134626,https://doi.org/10.1093/rheumatology/37.8.883,,,0,
https://openalex.org/w2110502968,https://doi.org/10.1001/jama.291.5.576,,,1,
https://openalex.org/w2017489674,https://doi.org/10.1016/j.reaurg.2006.07.007,,,0,
https://openalex.org/w2086367136,https://doi.org/10.1046/j.1523-1755.2001.0590041520.x,,,0,
https://openalex.org/w2046308965,https://doi.org/10.1016/s0049-3848(00)00374-1,,,0,
https://openalex.org/w2013222773,https://doi.org/10.1002/ajh.21061,,,0,
https://openalex.org/w2050939290,https://doi.org/10.1111/j.1600-0897.1997.tb00301.x,,,0,
https://openalex.org/w2082223513,,,,0,
https://openalex.org/w2598367755,https://doi.org/10.3389/fimmu.2017.00337,,,0,
https://openalex.org/w2054735374,https://doi.org/10.1164/ajrccm-conference.2010.181.1_meetingabstracts.a6884,,,0,
https://openalex.org/w1970941503,https://doi.org/10.1111/j.1600-0897.1989.tb01016.x,,,0,
https://openalex.org/w1975944614,https://doi.org/10.1160/th07-02-0143,,,0,
https://openalex.org/w2101326680,https://doi.org/10.1111/j.1538-7836.2009.03588.x,,,0,
https://openalex.org/w2045905565,https://doi.org/10.1191/0961203403lu2002oa,,,0,
https://openalex.org/w2131999673,https://doi.org/10.1155/2013/710365,,,0,
https://openalex.org/w13575343,,,,0,
https://openalex.org/w2039668401,https://doi.org/10.1160/th12-07-0527,,,0,
https://openalex.org/w2075189521,https://doi.org/10.1160/th13-11-0980,,,0,
https://openalex.org/w2158309683,https://doi.org/10.1111/j.1749-6632.2009.04745.x,,,0,
https://openalex.org/w2586206170,https://doi.org/10.1016/j.nephro.2016.07.455,,,0,
https://openalex.org/w2802219865,,,,0,
https://openalex.org/w2404038241,,,,0,
https://openalex.org/w318082953,,,,1,
https://openalex.org/w95407268,,,,0,
https://openalex.org/w2416264741,,,,0,
https://openalex.org/w2136200234,https://doi.org/10.1007/s11926-009-0008-2,,,0,
https://openalex.org/w2065557464,https://doi.org/10.2217/clp.13.85,,,0,
https://openalex.org/w2412779556,,,,0,
https://openalex.org/w1818409119,https://doi.org/10.1016/j.thromres.2015.10.029,,,0,
https://openalex.org/w2126945338,https://doi.org/10.1002/14651858.cd004734.pub4,,,1,
https://openalex.org/w101078847,https://doi.org/10.2165/11208180-000000000-00000,,,0,
https://openalex.org/w2067611247,https://doi.org/10.1016/j.molimm.2014.06.035,,,0,
https://openalex.org/w2066683298,https://doi.org/10.1016/s0041-1345(98)01479-1,,,0,
https://openalex.org/w2147540090,https://doi.org/10.1111/j.1365-2141.1990.tb06372.x,,,0,
https://openalex.org/w2530699933,https://doi.org/10.1007/s10067-016-3438-z,,,0,
https://openalex.org/w1998235304,https://doi.org/10.1007/s10067-007-0718-7,,,0,
https://openalex.org/w1971547345,https://doi.org/10.1016/s0002-9378(00)70497-2,,,0,
https://openalex.org/w2327206601,https://doi.org/10.1097/mph.0000000000000234,,,0,
https://openalex.org/w1966289731,https://doi.org/10.1155/2012/981519,,,0,
https://openalex.org/w2410158429,https://doi.org/10.1016/s0095-5108(18)30288-4,,,0,
https://openalex.org/w1994720417,https://doi.org/10.1177/096120339700600616,,,0,
https://openalex.org/w2055775702,https://doi.org/10.1097/00001721-199811000-00005,,,0,
https://openalex.org/w1838182495,https://doi.org/10.1002/pbc.25732,,,0,
https://openalex.org/w2095095750,https://doi.org/10.1136/ard.51.5.671,,,0,
https://openalex.org/w2106564378,https://doi.org/10.1136/ard.49.4.268-a,,,0,
https://openalex.org/w2161710465,https://doi.org/10.2147/imcrj.s36129,,,0,
https://openalex.org/w3190631367,https://doi.org/10.1007/s00296-009-1175-1,,,0,
https://openalex.org/w2068681043,https://doi.org/10.1055/s-0028-1082271,,,0,
https://openalex.org/w4238529042,https://doi.org/10.1515/cclm-2014-4001,,,0,
https://openalex.org/w4244946671,https://doi.org/10.4081/itjm.2015.s2,,,0,
https://openalex.org/w4256472457,https://doi.org/10.1111/hae.13217,,,0,
https://openalex.org/w2112969541,https://doi.org/10.1046/j.8755-8920.2003.00140.x,,,0,
https://openalex.org/w1546514447,https://doi.org/10.1111/j.1365-2141.2010.08234.x,,,0,
https://openalex.org/w3052833950,https://doi.org/10.1177/0961203313476777,,,0,
https://openalex.org/w2161677223,https://doi.org/10.1097/01.wcb.0000037880.62590.28,,,0,
https://openalex.org/w2052368532,https://doi.org/10.1016/s0140-6736(13)61499-3,,,0,
https://openalex.org/w2000054082,https://doi.org/10.1016/j.autrev.2011.10.009,,,0,
https://openalex.org/w1838865206,https://doi.org/10.1055/s-0037-1613291,,,0,
https://openalex.org/w2246101091,,,,1,
https://openalex.org/w2052618629,https://doi.org/10.1038/sj.thj.6200377,,,0,
https://openalex.org/w2053862146,https://doi.org/10.1016/j.ccm.2010.05.001,,,0,
https://openalex.org/w2142542018,https://doi.org/10.1016/j.ejogrb.2011.09.047,,,0,
https://openalex.org/w200054212,,,,0,
https://openalex.org/w1712202293,https://doi.org/10.3109/08880018.2015.1065302,,,0,
https://openalex.org/w2157572517,https://doi.org/10.1016/s0003-4975(99)00458-0,,,0,
https://openalex.org/w3080136470,https://doi.org/10.37285/ijpsn.2012.5.2.1,,,0,
https://openalex.org/w2768138737,https://doi.org/10.1053/j.gastro.2017.05.034,,,0,
https://openalex.org/w2025270908,https://doi.org/10.1191/0961203304lu517rr,,,0,
https://openalex.org/w1984095367,https://doi.org/10.1177/096120339400400107,,,0,
https://openalex.org/w2337493922,https://doi.org/10.1093/rheumatology/kew196,,,0,
https://openalex.org/w1601869359,https://doi.org/10.1111/j.1538-7836.2011.04334.x,,,0,
https://openalex.org/w2051503806,https://doi.org/10.1016/j.ejr.2012.11.003,,,0,
https://openalex.org/w2617994076,https://doi.org/10.1016/j.braindev.2017.05.009,,,0,
https://openalex.org/w4299993546,https://doi.org/10.1177/2396987317705242,,,0,
https://openalex.org/w1688650330,https://doi.org/10.1055/s-0037-1613894,,,0,
https://openalex.org/w2581754397,https://doi.org/10.1007/s10916-017-0688-5,,,0,
https://openalex.org/w2124247204,https://doi.org/10.1161/str.0000000000000024,,,0,
https://openalex.org/w1998639487,https://doi.org/10.1016/0002-9343(90)90458-p,,,0,
https://openalex.org/w2050002674,https://doi.org/10.1016/j.autrev.2010.09.023,,,0,
https://openalex.org/w1972312414,https://doi.org/10.1055/s-2007-994054,,,0,
https://openalex.org/w1958972835,https://doi.org/10.7863/jum.2003.22.1.27,,,0,
https://openalex.org/w1492769522,https://doi.org/10.1111/j.1538-7836.2008.03021.x,,,0,
https://openalex.org/w2152719935,https://doi.org/10.1016/s0015-0282(01)01832-5,,,0,
https://openalex.org/w2068583643,https://doi.org/10.1177/0961203309106833,,,0,
https://openalex.org/w2088291652,https://doi.org/10.4103/0022-3859.57387,,,0,
https://openalex.org/w1909427596,https://doi.org/10.4049/jimmunol.163.5.2922,,,0,
https://openalex.org/w2557511911,https://doi.org/10.1080/14737175.2017.1268053,,,0,
https://openalex.org/w1591277344,https://doi.org/10.4103/0972-5229.156489,,094-684-087-942-332,0,
https://openalex.org/w2078904608,https://doi.org/10.3727/096368911x582769,,,0,
https://openalex.org/w1982537301,https://doi.org/10.1007/s12016-012-8327-x,,,0,
https://openalex.org/w2065105249,https://doi.org/10.1016/j.mcna.2013.07.004,,,0,
https://openalex.org/w1988848567,https://doi.org/10.1191/096120398678919831,,,0,
https://openalex.org/w2424564425,,,,0,
https://openalex.org/w2116355717,https://doi.org/10.1016/s0015-0282(99)00360-x,,,0,
https://openalex.org/w67298142,https://doi.org/10.1055/s-0038-1646310,,,0,
https://openalex.org/w124634062,https://doi.org/10.1017/s0317167100028183,,,0,
https://openalex.org/w2091684655,https://doi.org/10.1016/0268-960x(87)90015-4,,,0,
https://openalex.org/w2045711502,https://doi.org/10.1111/bjh.12318,,,0,
https://openalex.org/w2535836766,https://doi.org/10.1016/j.chest.2016.08.100,,,0,
https://openalex.org/w1963904717,https://doi.org/10.1024/0301-1526.37.1.19,,,0,
https://openalex.org/w2040296792,https://doi.org/10.1212/wnl.51.2.535,,,0,
https://openalex.org/w4252173576,https://doi.org/10.1016/j.jaad.2009.11.258,,,0,
https://openalex.org/w2412767936,,,,0,
https://openalex.org/w2041840742,https://doi.org/10.1046/j.1523-1755.2002.00500.x,,,0,
https://openalex.org/w2042374602,https://doi.org/10.1046/j.1365-2362.2001.00866.x,,,0,
https://openalex.org/w2155850185,,,,0,
https://openalex.org/w3037485660,https://doi.org/10.1097/01.hjh.0000468508.58652.80,,,0,
https://openalex.org/w2048807628,https://doi.org/10.1016/s1521-6942(03)00048-2,,,0,
https://openalex.org/w2002776039,https://doi.org/10.1371/journal.pone.0114452,,,0,
https://openalex.org/w2161048162,https://doi.org/10.1016/j.cccn.2005.02.002,,,0,
https://openalex.org/w2112023063,https://doi.org/10.1016/j.lpm.2014.03.001,,,0,
https://openalex.org/w2168037724,https://doi.org/10.1016/s0002-9343(00)00753-1,,,0,
https://openalex.org/w153639741,,,,0,
https://openalex.org/w2018100489,https://doi.org/10.1177/0961203312443721,,,0,
https://openalex.org/w3148832087,https://doi.org/10.1111/1756-185x.12962,,,0,
https://openalex.org/w2411765207,,,,0,
https://openalex.org/w2045280600,https://doi.org/10.1093/rheumatology/31.3.179,,,0,
https://openalex.org/w2100222785,https://doi.org/10.3310/hta10310,,,0,
https://openalex.org/w2069091785,https://doi.org/10.1177/0961203306071669,,,0,
https://openalex.org/w1991365922,https://doi.org/10.1177/2040622310380100,,,0,
https://openalex.org/w1992525889,https://doi.org/10.1111/aji.12084,,,0,
https://openalex.org/w1978327195,https://doi.org/10.1016/j.thromres.2004.04.013,,,0,
https://openalex.org/w2064568183,https://doi.org/10.1182/blood-2013-08-522623,,,1,
https://openalex.org/w2610299824,https://doi.org/10.1097/md.0000000000006338,,,0,
https://openalex.org/w2160785180,https://doi.org/10.1093/ndt/gfq791,,,0,
https://openalex.org/w2048544691,https://doi.org/10.1016/j.autrev.2008.08.001,,,0,
https://openalex.org/w1991696714,https://doi.org/10.1038/srep00827,,,0,
https://openalex.org/w2056391868,https://doi.org/10.1111/j.1600-0897.1992.tb00795.x,,,1,
https://openalex.org/w137273772,https://doi.org/10.1016/s0002-9440(10)63479-7,,,0,
https://openalex.org/w4248378790,https://doi.org/10.1016/j.jhsa.2010.07.003,,,0,
https://openalex.org/w2053728726,https://doi.org/10.1007/s11926-014-0424-9,,,0,
https://openalex.org/w2037888711,https://doi.org/10.1046/j.1365-2249.1997.4601357.x,,,0,
https://openalex.org/w2064418496,https://doi.org/10.2174/157340310791658749,,,0,
https://openalex.org/w2027650818,https://doi.org/10.1136/ard.53.5.355-a,,,0,
https://openalex.org/w2128557272,https://doi.org/10.1182/blood-2010-11-319087,,,0,
https://openalex.org/w2403726203,,,,0,
https://openalex.org/w2615050121,https://doi.org/10.1016/s2255-5021(13)70021-x,,,0,
https://openalex.org/w2092061167,https://doi.org/10.3928/00904481-20080301-05,,084-869-159-976-311,0,
https://openalex.org/w85298741,,,,0,
https://openalex.org/w1813274605,,,,0,
https://openalex.org/w5812864,,,,0,
https://openalex.org/w2141181956,https://doi.org/10.2174/138920112798868755,,,0,
https://openalex.org/w2342096292,,,,0,
https://openalex.org/w2026136468,https://doi.org/10.1016/j.bpobgyn.2011.10.006,,,0,
https://openalex.org/w2001800559,https://doi.org/10.1016/s0049-3848(11)70014-7,,,0,
https://openalex.org/w2411291233,,,,0,
https://openalex.org/w2066290080,https://doi.org/10.1007/s00281-011-0280-x,,,0,
https://openalex.org/w1636991369,https://doi.org/10.1111/j.1538-7836.2011.04475.x,,,0,
https://openalex.org/w1976473662,https://doi.org/10.2169/internalmedicine.48.2063,,122-663-515-888-995,0,
https://openalex.org/w2410833468,https://doi.org/10.1016/s0925-5710(96)00550-6,,,0,
https://openalex.org/w2103886741,https://doi.org/10.1067/mob.2002.126849,,,0,
https://openalex.org/w2417856118,https://doi.org/10.1016/j.jclinane.2016.04.013,,,0,
https://openalex.org/w2093296665,https://doi.org/10.1097/00001721-200401000-00015,,,0,
https://openalex.org/w2391816831,https://doi.org/10.1177/0961203315617538,,,1,
https://openalex.org/w134848946,,,,0,
https://openalex.org/w1974566368,https://doi.org/10.1097/00004836-200003000-00016,,,0,
https://openalex.org/w2003444812,https://doi.org/10.1002/ajh.20350,,,0,
https://openalex.org/w2179951463,https://doi.org/10.1055/s-0037-1614556,,,0,
https://openalex.org/w2178961765,https://doi.org/10.7196/samj.2015.v105i12.10221,,,0,
https://openalex.org/w2030713013,https://doi.org/10.1515/jpm.1999.025,,,0,
https://openalex.org/w1974552427,https://doi.org/10.2174/157015911796557984,,,0,
https://openalex.org/w2046696250,https://doi.org/10.1007/s10067-007-0634-x,,,1,
https://openalex.org/w2043506207,https://doi.org/10.1016/j.semarthrit.2011.11.001,,,0,
https://openalex.org/w2328364630,https://doi.org/10.1097/00001721-200112000-00007,,,0,
https://openalex.org/w1971498975,https://doi.org/10.1111/j.1365-2141.2006.06385.x,,,0,
https://openalex.org/w1985681949,https://doi.org/10.1016/s0041-1345(00)02410-6,,,0,
https://openalex.org/w2130604889,https://doi.org/10.1177/0961203310397410,,,0,
https://openalex.org/w2079580454,https://doi.org/10.4103/0971-9784.81571,,045-831-549-733-122,0,
https://openalex.org/w2070478773,https://doi.org/10.1093/rheumatology/32.7.646-a,,,0,
https://openalex.org/w2015615388,https://doi.org/10.1136/jnnp.74.4.542,,,0,
https://openalex.org/w2398214977,,,,0,
https://openalex.org/w2102713190,https://doi.org/10.1093/rheumatology/kem197,,,0,
https://openalex.org/w2330692824,https://doi.org/10.1097/moh.0000000000000067,,,0,
https://openalex.org/w1968519251,https://doi.org/10.1073/pnas.96.9.5164,,,0,
https://openalex.org/w2507625373,https://doi.org/10.1016/j.jns.2016.08.024,,,0,
https://openalex.org/w2034631355,https://doi.org/10.4103/0972-5229.128716,,013-853-694-127-07X,0,
https://openalex.org/w2577449262,https://doi.org/10.1038/cddis.2016.235,,,0,
https://openalex.org/w2108509377,https://doi.org/10.1160/th15-02-0156,,,0,
https://openalex.org/w1500684952,https://doi.org/10.1160/th03-10-0608,,,0,
https://openalex.org/w2100972629,https://doi.org/10.4314/njm.v15i1.37108,,,0,
https://openalex.org/w2018939781,https://doi.org/10.1046/j.1365-2249.1999.00930.x,,,0,
https://openalex.org/w1975283708,https://doi.org/10.1007/s00404-014-3536-6,,,0,
https://openalex.org/w2066099140,https://doi.org/10.1111/j.1365-2141.2005.05400.x,,,0,
https://openalex.org/w2052092518,https://doi.org/10.1097/mpg.0b013e318261814d,,,0,
https://openalex.org/w2320927975,https://doi.org/10.1097/01.jpn.0000341360.37822.7d,,,0,
https://openalex.org/w2033615254,https://doi.org/10.1016/s0002-9343(89)80496-6,,,0,
https://openalex.org/w2057107547,https://doi.org/10.1067/mhl.2000.108361,,,0,
https://openalex.org/w1995241845,https://doi.org/10.1097/00002281-200009000-00004,,,0,
https://openalex.org/w2072455553,https://doi.org/10.1111/j.1365-2141.1991.tb08583.x,,,0,
https://openalex.org/w2133663653,https://doi.org/10.1111/j.1365-2141.2004.04858.x,,,0,
https://openalex.org/w1991774154,https://doi.org/10.1001/archdermatol.2011.207,,,0,
https://openalex.org/w1968925132,https://doi.org/10.1097/ccm.0b013e3181c9cce9,,,0,
https://openalex.org/w2252943105,https://doi.org/10.1093/rheumatology/kev226,,,0,
https://openalex.org/w1879937896,https://doi.org/10.1111/j.1600-0897.2007.00554.x,,,0,
https://openalex.org/w2065080301,https://doi.org/10.1016/j.ijcard.2007.01.117,,,0,
https://openalex.org/w2025301637,https://doi.org/10.1182/blood.v97.4.844,,,0,
https://openalex.org/w1981878612,https://doi.org/10.1378/chest.108.4_supplement.305s,,,0,
https://openalex.org/w2072585312,https://doi.org/10.2177/jsci.36.63,,,0,
https://openalex.org/w2077346848,https://doi.org/10.1046/j.1365-2249.1997.d01-1008.x,,,0,
https://openalex.org/w2494419698,https://doi.org/10.1177/0961203316658557,,,0,
https://openalex.org/w2121859989,https://doi.org/10.1155/2010/747946,,,0,
https://openalex.org/w2063051268,https://doi.org/10.1007/bf01450963,,,0,
https://openalex.org/w2048478487,https://doi.org/10.1161/circulationaha.114.012479,,,0,
https://openalex.org/w2099504159,https://doi.org/10.1191/1358863x02vm452oa,,,0,
https://openalex.org/w2021570195,https://doi.org/10.1001/archderm.123.5.590,,,0,
https://openalex.org/w153414799,,,,0,
https://openalex.org/w1964715660,https://doi.org/10.1196/annals.1361.105,,,0,
https://openalex.org/w2096791202,https://doi.org/10.1093/neuonc/not246,,,0,
https://openalex.org/w2152482553,https://doi.org/10.1177/0961203307079036,,,0,
https://openalex.org/w2138118119,https://doi.org/10.1111/nep.12217,,,0,
https://openalex.org/w2086022116,https://doi.org/10.1159/000045391,,,0,
https://openalex.org/w1979512936,https://doi.org/10.1016/s0165-0378(02)00041-4,,,0,
https://openalex.org/w2021918289,https://doi.org/10.1196/annals.1361.072,,,0,
https://openalex.org/w2038532533,https://doi.org/10.1111/j.1365-2133.2007.08309.x,,,0,
https://openalex.org/w2165897466,https://doi.org/10.1093/rheumatology/kei014,,,0,
https://openalex.org/w1992760505,https://doi.org/10.1016/s0301-2115(02)00464-5,,,0,
https://openalex.org/w2052053604,https://doi.org/10.1093/brain/89.4.747,,,0,
https://openalex.org/w2040573805,https://doi.org/10.1016/j.thromres.2014.11.027,,,0,
https://openalex.org/w1975668253,https://doi.org/10.1097/mbc.0b013e32830f1b85,,,0,
https://openalex.org/w2017362833,https://doi.org/10.3343/kjlm.2009.29.6.497,,,0,
https://openalex.org/w194996653,,,,0,
https://openalex.org/w1975751800,https://doi.org/10.3109/08916939908994054,,,0,
https://openalex.org/w2165075230,https://doi.org/10.1053/euje.2002.0144,,,0,
https://openalex.org/w2087565417,https://doi.org/10.1016/s0002-8703(99)70424-2,,,0,
https://openalex.org/w2029497230,https://doi.org/10.1002/hep.510310307,,,0,
https://openalex.org/w2111342674,https://doi.org/10.1001/archneur.56.8.967,,,0,
https://openalex.org/w2328064796,https://doi.org/10.1016/j.ejim.2013.08.117,,,0,
https://openalex.org/w2058866927,https://doi.org/10.2165/00063030-200418050-00002,,,0,
https://openalex.org/w2121914099,https://doi.org/10.1177/0961203311403022,,,0,
https://openalex.org/w68122770,,,,0,
https://openalex.org/w1998537704,https://doi.org/10.1111/j.1538-7836.2010.03747.x,,,0,
https://openalex.org/w2079180127,https://doi.org/10.1002/ajh.2830190308,,,1,
https://openalex.org/w1979266186,https://doi.org/10.1002/art.30382,,011-427-923-576-350,0,
https://openalex.org/w2132116387,https://doi.org/10.1172/jci67390,,,0,
https://openalex.org/w1566298520,https://doi.org/10.1111/j.1600-0897.2008.00618.x,,,0,
https://openalex.org/w2101351841,https://doi.org/10.2217/ahe.13.15,,,0,
https://openalex.org/w1978591558,https://doi.org/10.1155/2014/621270,,,0,
https://openalex.org/w2017540433,https://doi.org/10.1016/j.imbio.2006.01.004,,,0,
https://openalex.org/w2024228574,https://doi.org/10.1002/art.27289,,,1,
https://openalex.org/w2076450964,https://doi.org/10.1177/0961203309358599,,,0,
https://openalex.org/w2562348408,,,,0,
https://openalex.org/w2022333206,https://doi.org/10.1007/s00467-004-1454-8,,,0,
https://openalex.org/w2067175918,https://doi.org/10.1038/nrrheum.2011.188,,,0,
https://openalex.org/w1988378259,https://doi.org/10.1111/j.1552-6569.2006.00071.x,,,0,
https://openalex.org/w2063057259,https://doi.org/10.1186/1546-0096-10-s1-a20,,,0,
https://openalex.org/w2064471489,https://doi.org/10.1097/01.pai.0000160730.54062.6d,,,0,
https://openalex.org/w2009250454,https://doi.org/10.1136/bcr-2013-201130,,,0,
https://openalex.org/w2020778344,https://doi.org/10.1016/j.autrev.2013.11.004,,,1,
https://openalex.org/w1978771401,https://doi.org/10.1111/j.1538-7836.2008.02917.x,,,0,
https://openalex.org/w1990120810,https://doi.org/10.1016/s0029-7844(97)00065-3,,012-799-660-282-476,0,
https://openalex.org/w2160022765,https://doi.org/10.1161/01.cir.0000078464.82671.78,,,0,
https://openalex.org/w1970500598,https://doi.org/10.1097/00002826-199510000-00011,,,0,
https://openalex.org/w2047836250,https://doi.org/10.4103/0022-3859.62417,,,0,
https://openalex.org/w4376544262,https://doi.org/10.1177/0961203311399817,,,0,
https://openalex.org/w2049816971,https://doi.org/10.1016/j.jbspin.2006.05.006,,,0,
https://openalex.org/w2109108818,https://doi.org/10.1016/s0889-857x(03)00109-1,,,0,
https://openalex.org/w2023372748,https://doi.org/10.1016/j.thromres.2009.07.011,,,0,
https://openalex.org/w2724769671,https://doi.org/10.1161/atvbaha.117.309225,,,0,
https://openalex.org/w2042228034,https://doi.org/10.1177/0961203310361355,,,0,
https://openalex.org/w2061975883,https://doi.org/10.1385/criai:25:1:61,,,0,
https://openalex.org/w2048562681,https://doi.org/10.1097/01.tp.0000091119.03828.17,,,0,
https://openalex.org/w2036626095,https://doi.org/10.1111/ejh.12265,,,0,
https://openalex.org/w2061884946,https://doi.org/10.5551/jat.10.79,,,0,
https://openalex.org/w2421636757,https://doi.org/10.1007/s11239-016-1389-5,,,0,
https://openalex.org/w2079127176,https://doi.org/10.1093/emboj/18.19.5166,,,0,
https://openalex.org/w2021169372,https://doi.org/10.1001/archderm.143.10.1342,,,0,
https://openalex.org/w4238341375,https://doi.org/10.1002/jca.20286,,,0,
https://openalex.org/w2409866639,,,,0,
https://openalex.org/w2045395562,https://doi.org/10.1097/00001721-200501000-00005,,,0,
https://openalex.org/w1966809065,https://doi.org/10.1191/0961203305lu2096oa,,,0,
https://openalex.org/w1995530534,https://doi.org/10.1046/j.1365-2133.2002.04680.x,,,0,
https://openalex.org/w2092815162,https://doi.org/10.1136/annrheumdis-2013-205159,,,0,
https://openalex.org/w2121449264,https://doi.org/10.1136/ard.2004.023952,,,0,
https://openalex.org/w2005406386,https://doi.org/10.1177/096120330000900708,,,0,
https://openalex.org/w2113610700,https://doi.org/10.1182/asheducation.v2012.1.455.3806865,,,0,
https://openalex.org/w23513321,,,,0,
https://openalex.org/w2137739728,https://doi.org/10.1191/0961203303lu445cr,,,0,
https://openalex.org/w1991601721,https://doi.org/10.4103/0378-6323.60541,,,0,
https://openalex.org/w1547124448,https://doi.org/10.1007/5584_2016_121,,,0,
https://openalex.org/w2060772557,https://doi.org/10.1055/s-0034-1376153,,,0,
https://openalex.org/w2425031988,,,,0,
https://openalex.org/w2408667336,,,,0,
https://openalex.org/w2160699544,https://doi.org/10.1177/096120339400300205,,,1,
https://openalex.org/w182711855,https://doi.org/10.1093/ajcp/103.1.103,,,0,
https://openalex.org/w2064697339,https://doi.org/10.1159/000054159,,,0,
https://openalex.org/w1521272580,,,,0,
https://openalex.org/w2067459854,https://doi.org/10.1002/pd.1970150603,,,0,
https://openalex.org/w2046689592,https://doi.org/10.3109/08916934.2013.783025,,,0,
https://openalex.org/w2079813932,https://doi.org/10.1161/01.str.32.8.1707,,,0,
https://openalex.org/w2082416213,https://doi.org/10.1191/0961203305lu2167cr,,,0,
https://openalex.org/w2036297375,https://doi.org/10.1016/s0049-3848(13)70016-1,,,0,
https://openalex.org/w1980553923,https://doi.org/10.1016/s1297-319x(03)00014-9,,,0,
https://openalex.org/w2055576362,https://doi.org/10.1016/0002-9378(93)90100-w,,,0,
https://openalex.org/w2089063901,https://doi.org/10.1182/blood-2013-03-490318,,,0,
https://openalex.org/w2145472094,https://doi.org/10.1136/jnnp.2007.116939,,,0,
https://openalex.org/w2063835211,https://doi.org/10.1111/j.1600-0897.2006.00421.x,,,0,
https://openalex.org/w2079925473,https://doi.org/10.1007/s00296-006-0209-1,,,0,
https://openalex.org/w2173388046,https://doi.org/10.1055/s-2001-14539,,,0,
https://openalex.org/w2016810960,https://doi.org/10.1055/s-0029-1242716,,,0,
https://openalex.org/w55135762,https://doi.org/10.18926/amo/32096,,,0,
https://openalex.org/w2156039654,https://doi.org/10.3109/03009742.2010.507220,,,0,
https://openalex.org/w2238287072,https://doi.org/10.1189/jlb.5bt0615-247r,,,0,
https://openalex.org/w2035630485,https://doi.org/10.1159/000054164,,,0,
https://openalex.org/w2333688516,https://doi.org/10.1055/s-0031-1297165,,,0,
https://openalex.org/w2119620755,https://doi.org/10.1186/s13075-015-0568-7,,,0,
https://openalex.org/w2138771172,https://doi.org/10.1016/s0002-9378(97)70559-3,,,0,
https://openalex.org/w1989933331,https://doi.org/10.1172/jci37243,,,0,
https://openalex.org/w4254767153,https://doi.org/10.1001/archinte.145.8.1389,,,0,
https://openalex.org/w2058091416,https://doi.org/10.1016/s0140-6736(14)60793-5,,,1,
https://openalex.org/w2145560823,,,,0,
https://openalex.org/w912505484,,,,0,
https://openalex.org/w2299591345,https://doi.org/10.1136/bmjopen-2015-008213,,,0,
https://openalex.org/w2168673038,https://doi.org/10.1055/s-0031-1279827,,,0,
https://openalex.org/w2022950618,https://doi.org/10.1097/aog.0000000000000071,,,0,
https://openalex.org/w2319586933,https://doi.org/10.1093/ajcp/102.6.797,,,0,
https://openalex.org/w2002082610,https://doi.org/10.1067/mob.2001.115108,,,0,
https://openalex.org/w2151633695,https://doi.org/10.1111/j.1600-0897.1999.tb00443.x,,,0,
https://openalex.org/w2084666612,https://doi.org/10.1177/0961203309361483,,,0,
https://openalex.org/w4252123806,https://doi.org/10.1097/rhu.0b013e3181db7b64,,,0,
https://openalex.org/w2012407987,https://doi.org/10.1055/s-0033-1334864,,,0,
https://openalex.org/w2160026248,https://doi.org/10.1080/01443610600719974,,,0,
https://openalex.org/w2418081286,,,,0,
https://openalex.org/w1990982884,https://doi.org/10.1007/s11739-009-0316-6,,,0,
https://openalex.org/w2052514849,https://doi.org/10.1067/mjd.2003.340,,,0,
https://openalex.org/w2163384287,https://doi.org/10.1177/0961203308096344,,,0,
https://openalex.org/w2039705509,https://doi.org/10.1007/s12016-007-0001-3,,,0,
https://openalex.org/w2399584176,,,,0,
https://openalex.org/w2156660036,https://doi.org/10.1177/1759720x13502919,,,0,
https://openalex.org/w1596249994,https://doi.org/10.1182/blood-2004-03-1107,,,0,
https://openalex.org/w4239048688,https://doi.org/10.1002/1529-0131(199802)41:2<205::aid-art4>3.3.co;2-s,,,0,
https://openalex.org/w2146618038,https://doi.org/10.1111/j.0001-6349.2005.00762.x,,,0,
https://openalex.org/w2040554027,https://doi.org/10.1159/000236646,,,0,
https://openalex.org/w1536231206,https://doi.org/10.1097/00007611-198911000-00021,,,0,
https://openalex.org/w2532422459,https://doi.org/10.1155/2016/5375080,,,0,
https://openalex.org/w1982797955,https://doi.org/10.3109/08916934.2014.988329,,,0,
https://openalex.org/w1965326062,https://doi.org/10.1001/archderm.1956.01550040001001,,053-670-643-496-229,0,
https://openalex.org/w2050903512,https://doi.org/10.1177/096120339800700229,,,0,
https://openalex.org/w2395526362,https://doi.org/10.1056/nejm200312253492620,,,0,
https://openalex.org/w2337392307,https://doi.org/10.1080/03009742.1998.11720704,,,0,
https://openalex.org/w2079656726,https://doi.org/10.1016/j.lpm.2014.01.021,,,0,
https://openalex.org/w2006370493,https://doi.org/10.1191/096120300677692516,,,0,
https://openalex.org/w1986649679,https://doi.org/10.1007/s12185-009-0447-6,,,0,
https://openalex.org/w2234139640,https://doi.org/10.2165/00129784-200404030-00001,,,0,
https://openalex.org/w4250142948,https://doi.org/10.1007/s00464-011-1604-6,,,0,
https://openalex.org/w2021703718,https://doi.org/10.1016/j.hoc.2007.10.004,,,0,
https://openalex.org/w2023004472,https://doi.org/10.1007/s12016-009-8187-1,,,0,
https://openalex.org/w2418279387,,,,0,
https://openalex.org/w2037865903,https://doi.org/10.1007/bf02342452,,,0,
https://openalex.org/w2084774418,https://doi.org/10.1016/0002-9343(91)90505-r,,,0,
https://openalex.org/w2095850914,https://doi.org/10.2217/ijr.14.1,,,0,
https://openalex.org/w4211048710,https://doi.org/10.1016/j.ccm.2006.11.009,,,0,
https://openalex.org/w2262492734,https://doi.org/10.1007/s11926-015-0556-6,,,0,
https://openalex.org/w2472935090,,,,0,
https://openalex.org/w2412618344,,,,0,
https://openalex.org/w2598788098,https://doi.org/10.12659/ajcr.902391,,,0,
https://openalex.org/w2013725827,https://doi.org/10.1177/0961203307087406,,,0,
https://openalex.org/w2034787765,https://doi.org/10.1111/j.1365-2141.1993.tb04672.x,,,0,
https://openalex.org/w1880693302,https://doi.org/10.1111/j.1538-7836.2005.01536.x,,,0,
https://openalex.org/w2000198923,https://doi.org/10.1089/rej.2011.1243,,,0,
https://openalex.org/w1482317494,https://doi.org/10.1182/blood.v74.7.2426.2426,,,0,
https://openalex.org/w36230533,https://doi.org/10.2174/138161282004140213121733,,,0,
https://openalex.org/w2010526369,https://doi.org/10.1148/radiology.192.2.8029427,,,0,
https://openalex.org/w333099395,https://doi.org/10.1007/s00508-007-0901-5,,,0,
https://openalex.org/w1635457043,https://doi.org/10.1002/art.39187,,,0,
https://openalex.org/w1971076479,https://doi.org/10.1016/j.autrev.2015.01.008,,,0,
https://openalex.org/w3021728509,https://doi.org/10.1016/j.revmed.2012.09.012,,,0,
https://openalex.org/w2414784657,https://doi.org/10.1016/s0140-6736(07)60279-7,,,0,
https://openalex.org/w2395760538,,,,0,
https://openalex.org/w2040205333,https://doi.org/10.1111/eci.12101,,,0,
https://openalex.org/w2552240090,https://doi.org/10.2169/internalmedicine.55.7314,,,0,
https://openalex.org/w1943469710,https://doi.org/10.5603/arm.27782,,,0,
https://openalex.org/w2468343452,,,,0,
https://openalex.org/w2158752737,https://doi.org/10.1046/j.1365-2141.2003.04304.x,,017-422-341-595-768,0,
https://openalex.org/w2314017188,https://doi.org/10.2174/157339710803140210193833,,,0,
https://openalex.org/w2768595972,https://doi.org/10.1097/md.0000000000008392,,,0,
https://openalex.org/w48233250,,,,0,
https://openalex.org/w2288185552,,,,0,
https://openalex.org/w1991637817,https://doi.org/10.1016/s0272-6386(12)80378-7,,,0,
https://openalex.org/w1999321480,https://doi.org/10.1097/00002281-200009000-00005,,,0,
https://openalex.org/w2054330426,https://doi.org/10.1111/j.1538-7836.2006.01753.x,,,0,
https://openalex.org/w1985846745,https://doi.org/10.1007/s10067-004-1017-1,,,0,
https://openalex.org/w4247925320,https://doi.org/10.1093/ehjci/jex266,,,0,
https://openalex.org/w2416250596,https://doi.org/10.1055/s-0038-1650355,,,0,
https://openalex.org/w2109463545,https://doi.org/10.5387/fms.51.11,,,0,
https://openalex.org/w2085649386,https://doi.org/10.1097/mbc.0b013e328340e690,,,1,
https://openalex.org/w1833690364,,,,0,
https://openalex.org/w2138985259,https://doi.org/10.1161/01.cir.0000122869.59485.36,,,0,
https://openalex.org/w2154902696,https://doi.org/10.1016/s2173-5743(07)70203-4,,,0,
https://openalex.org/w2132421890,https://doi.org/10.1309/yvq6-px76-xmym-3j29,,,0,
https://openalex.org/w2306444305,https://doi.org/10.1093/rheumatology/kew054,,,0,
https://openalex.org/w2061980890,https://doi.org/10.1016/s0049-3848(97)00015-7,,,0,
https://openalex.org/w2397930464,,,,0,
https://openalex.org/w2025054431,https://doi.org/10.1007/s11926-010-0149-3,,,0,
https://openalex.org/w118112367,https://doi.org/10.1016/s0307-742x(21)00204-6,,,0,
https://openalex.org/w2327141264,https://doi.org/10.1056/nejm199504133321504,,,1,
https://openalex.org/w2156558634,https://doi.org/10.1093/rheumatology/ket313,,,1,
https://openalex.org/w2127808622,https://doi.org/10.1007/s11926-014-0482-z,,,0,
https://openalex.org/w800885300,https://doi.org/10.1016/j.jri.2015.05.008,,,0,
https://openalex.org/w2145148139,https://doi.org/10.1517/14728222.2010.530900,,,0,
https://openalex.org/w2000125809,https://doi.org/10.1067/mob.2001.113846,,,0,
https://openalex.org/w2119425288,https://doi.org/10.1016/j.rdc.2006.05.007,,,0,
https://openalex.org/w2033986547,https://doi.org/10.1016/s0029-7844(95)80028-x,,,0,
https://openalex.org/w4390508109,https://doi.org/10.1211/pj.2023.1.204574,,,0,
https://openalex.org/w2412835183,,,,0,
https://openalex.org/w1551898734,https://doi.org/10.1111/j.1538-7836.2010.03987.x,,,0,
https://openalex.org/w2546557012,https://doi.org/10.1007/s11239-016-1439-z,,,0,
https://openalex.org/w2038010658,https://doi.org/10.1016/j.semarthrit.2005.05.002,,,0,
https://openalex.org/w2313233806,https://doi.org/10.1097/00007890-201211271-00416,,,0,
https://openalex.org/w2104365518,https://doi.org/10.1046/j.1365-2249.1997.d01-1019.x,,,0,
https://openalex.org/w2099054332,https://doi.org/10.1016/j.thromres.2008.05.009,,,0,
https://openalex.org/w2047779407,https://doi.org/10.1007/s11926-009-0062-9,,,0,
https://openalex.org/w2033092231,https://doi.org/10.1016/0735-1097(93)90448-a,,,0,
https://openalex.org/w2410719320,https://doi.org/10.1191/0961203303lu428xx,,,0,
https://openalex.org/w2169875920,https://doi.org/10.1093/ndt/gfm304,,,0,
https://openalex.org/w2141738739,https://doi.org/10.1016/j.thromres.2008.03.012,,,1,
https://openalex.org/w2177377894,https://doi.org/10.1016/j.semarthrit.2015.09.005,,,0,
https://openalex.org/w2090449846,https://doi.org/10.1136/ard.52.3.247-b,,059-972-024-451-955,0,
https://openalex.org/w2330458763,https://doi.org/10.1055/s-0033-1353149,,,0,
https://openalex.org/w2305409522,https://doi.org/10.1111/jth.13320,,,0,
https://openalex.org/w1995359331,https://doi.org/10.1007/s11926-009-0010-8,,,0,
https://openalex.org/w2008600361,https://doi.org/10.1002/art.34546,,,0,
https://openalex.org/w2017814342,https://doi.org/10.1016/j.jinf.2006.08.007,,,0,
https://openalex.org/w2085017979,https://doi.org/10.1002/ajh.23562,,,0,
https://openalex.org/w2021972577,https://doi.org/10.1097/00001721-199506000-00005,,,0,
https://openalex.org/w2103511572,https://doi.org/10.1111/j.1751-553x.2007.00916.x,,,0,
https://openalex.org/w2464135727,https://doi.org/10.5144/0256-4947.2015.383,,,0,
https://openalex.org/w2414001764,,,,0,
https://openalex.org/w24105859,,,,0,
https://openalex.org/w2434476167,https://doi.org/10.1097/smj.0b013e318046583f,,,0,
https://openalex.org/w1608660933,https://doi.org/10.1111/j.1600-6143.2006.01363.x,,,0,
https://openalex.org/w2084766535,https://doi.org/10.5152/tjh.2011.79,,,0,
https://openalex.org/w2330869934,https://doi.org/10.2310/7750.2008.07085,,,0,
https://openalex.org/w2041163319,https://doi.org/10.1177/0961203315575588,,,0,
https://openalex.org/w2096052154,https://doi.org/10.1136/ard.2007.074476,,,0,
https://openalex.org/w2120167687,https://doi.org/10.1177/1076029613497424,,,0,
https://openalex.org/w2067510837,https://doi.org/10.1016/s0165-0378(01)00144-9,,,0,
https://openalex.org/w2063571654,https://doi.org/10.1177/096120339100100108,,,0,
https://openalex.org/w2063652026,https://doi.org/10.1007/bf01698134,,,0,
https://openalex.org/w2104687120,https://doi.org/10.1093/rheumatology/kei118,,,0,
https://openalex.org/w4247297006,https://doi.org/10.5606/tjr.2011.042,,,0,
https://openalex.org/w2123977764,https://doi.org/10.1093/ndt/gfi282,,,0,
https://openalex.org/w2431972750,https://doi.org/10.1016/s0889-857x(21)00179-4,,,0,
https://openalex.org/w2115471245,https://doi.org/10.1177/107602960401000308,,,0,
https://openalex.org/w2089548154,https://doi.org/10.1177/0961203314529170,,,0,
https://openalex.org/w2982875461,https://doi.org/10.1182/blood.v128.22.1367.1367,,,0,
https://openalex.org/w2146466204,https://doi.org/10.1016/j.jaut.2007.11.014,,,0,
https://openalex.org/w259236244,https://doi.org/10.1097/00007611-199104000-00030,,,0,
https://openalex.org/w2058185122,https://doi.org/10.1007/s11926-000-0085-8,,,0,
https://openalex.org/w1996136378,https://doi.org/10.1007/s11926-013-0403-6,,,0,
https://openalex.org/w2066166288,https://doi.org/10.1111/j.1600-0897.1991.tb00715.x,,,0,
https://openalex.org/w2054773481,https://doi.org/10.1046/j.1365-2141.1996.390969.x,,,0,
https://openalex.org/w2120112817,https://doi.org/10.12659/ajcr.895124,,,0,
https://openalex.org/w2338615481,https://doi.org/10.2169/internalmedicine.54.5150,,,0,
https://openalex.org/w1967862302,https://doi.org/10.1016/j.autrev.2013.02.001,,,0,
https://openalex.org/w1538863044,https://doi.org/10.1111/j.1751-553x.2011.01310.x,,,0,
https://openalex.org/w2085537010,https://doi.org/10.1136/bcr-2012-006731,,,0,
https://openalex.org/w2026309384,https://doi.org/10.4314/eamj.v80i11.8764,,,0,
https://openalex.org/w2036374805,https://doi.org/10.1007/s00404-015-3669-2,,,0,
https://openalex.org/w2415257563,,,,0,
https://openalex.org/w2782948683,https://doi.org/10.1111/vox.12429,,,0,
https://openalex.org/w2411487456,https://doi.org/10.1055/s-0038-1650380,,,0,
https://openalex.org/w2156160493,https://doi.org/10.1093/rheumatology/ken382,,,0,
https://openalex.org/w2102038897,https://doi.org/10.1586/ehm.13.18,,,0,
https://openalex.org/w2109938414,https://doi.org/10.1093/intimm/11.12.1917,,,0,
https://openalex.org/w2414033347,,,,0,
https://openalex.org/w2046754506,https://doi.org/10.1007/s00296-011-2267-2,,,0,
https://openalex.org/w2028715858,https://doi.org/10.1067/mai.2001.117821,,,0,
https://openalex.org/w38317120,https://doi.org/10.1016/j.nephro.2013.07.368,,,0,
https://openalex.org/w1981004726,https://doi.org/10.1093/rheumatology/ket167,,,0,
https://openalex.org/w2157733244,https://doi.org/10.1016/s1474-4422(15)00249-5,,,0,
https://openalex.org/w4237550561,https://doi.org/10.1111/jth.12443,,,0,
https://openalex.org/w2415578379,,,,0,
https://openalex.org/w2135711030,https://doi.org/10.1016/j.berh.2008.08.008,,,0,
https://openalex.org/w2176278444,https://doi.org/10.1111/jth.13208,,,0,
https://openalex.org/w2057471404,https://doi.org/10.1016/j.carrev.2014.09.004,,,0,
https://openalex.org/w2132522367,https://doi.org/10.1016/s1054-8807(97)00004-5,,,0,
https://openalex.org/w2088147103,https://doi.org/10.1191/0961203305lu2145rr,,,0,
https://openalex.org/w2002420785,https://doi.org/10.1016/j.semarthrit.2008.01.007,,,0,
https://openalex.org/w2150438914,https://doi.org/10.1111/ceo.12062,,,0,
https://openalex.org/w3000881747,https://doi.org/10.1186/s12969-017-0185-x,,,0,
https://openalex.org/w2048932515,https://doi.org/10.1177/0961203311414098,,,0,
https://openalex.org/w1895755450,https://doi.org/10.1111/j.1529-8019.2012.01489.x,,,0,
https://openalex.org/w2132631372,https://doi.org/10.1016/s0049-3848(05)80006-4,,,0,
https://openalex.org/w2761733520,https://doi.org/10.2147/dddt.s139248,,,0,
https://openalex.org/w118835135,,,,0,
https://openalex.org/w2126517188,https://doi.org/10.1016/j.berh.2007.10.003,,,0,
https://openalex.org/w2008200685,https://doi.org/10.1007/s00296-009-1219-6,,055-967-916-026-565,0,
https://openalex.org/w2125483945,https://doi.org/10.1001/jamaophthalmol.2014.4847,,040-371-900-164-38X,0,
https://openalex.org/w2053672845,https://doi.org/10.1159/000058415,,,0,
https://openalex.org/w1992311484,https://doi.org/10.1097/00002281-199509000-00005,,,0,
https://openalex.org/w2013200656,https://doi.org/10.1111/j.1523-1755.2000.00399.x,,003-507-347-671-703,0,
https://openalex.org/w2169530542,https://doi.org/10.1016/s0003-4975(10)60038-0,,,0,
https://openalex.org/w2144551217,https://doi.org/10.1080/02699050701253111,,,0,
https://openalex.org/w2562443888,https://doi.org/10.1111/ijlh.12611,,,0,
https://openalex.org/w2028919076,https://doi.org/10.1177/0961203314540764,,,0,
https://openalex.org/w2162806706,https://doi.org/10.1080/10641950701521601,,,0,
https://openalex.org/w2060353654,https://doi.org/10.1016/j.cll.2013.01.003,,,0,
https://openalex.org/w1993295284,https://doi.org/10.1161/01.cir.99.15.1997,,,0,
https://openalex.org/w1995183389,https://doi.org/10.1212/wnl.51.4.1185,,,0,
https://openalex.org/w2121674045,https://doi.org/10.1146/annurev.med.47.1.533,,,0,
https://openalex.org/w1945562144,,,,0,
https://openalex.org/w2143033389,https://doi.org/10.3349/ymj.2007.48.6.901,,,0,
https://openalex.org/w2069233959,https://doi.org/10.1007/s10067-014-2561-y,,,0,
https://openalex.org/w1851052710,https://doi.org/10.1038/nrrheum.2015.88,,,0,
https://openalex.org/w3022873246,https://doi.org/10.1016/s0248-8663(01)00393-9,,,0,
https://openalex.org/w1991947849,https://doi.org/10.1016/0301-2115(95)02358-5,,,0,
https://openalex.org/w2073529512,https://doi.org/10.1016/j.survophthal.2007.12.008,,,0,
https://openalex.org/w2039747510,https://doi.org/10.1016/j.jocn.2013.05.016,,,0,
https://openalex.org/w2435596284,https://doi.org/10.1007/s40265-016-0603-2,,,0,
https://openalex.org/w1986217323,https://doi.org/10.1016/j.hoc.2007.10.009,,,0,
https://openalex.org/w2028463109,https://doi.org/10.1080/014436102762062312,,,0,
https://openalex.org/w2035182969,https://doi.org/10.1111/j.1582-4934.2009.00940.x,,,0,
https://openalex.org/w2032072034,https://doi.org/10.1016/j.thromres.2006.12.011,,,0,
https://openalex.org/w1969399030,https://doi.org/10.1016/j.schres.2014.08.011,,,0,
https://openalex.org/w2120953516,https://doi.org/10.3109/14397595.2015.1023978,,,0,
https://openalex.org/w2415380170,https://doi.org/10.1016/0049-3848(93)90060-2,,,0,
https://openalex.org/w1994967806,https://doi.org/10.1007/s11926-014-0489-5,,,0,
https://openalex.org/w2618099851,https://doi.org/10.1080/15622975.2017.1333146,,,0,
https://openalex.org/w2067957411,https://doi.org/10.1007/s002770050291,,,0,
https://openalex.org/w1764536869,,,,0,
https://openalex.org/w2468627657,https://doi.org/10.1097/00001721-199604000-00009,,,0,
https://openalex.org/w2400560349,,,,0,
https://openalex.org/w2025382888,https://doi.org/10.1007/s00277-005-1004-x,,,0,
https://openalex.org/w1985074349,https://doi.org/10.1177/0961203307083443,,,0,
https://openalex.org/w2328443866,https://doi.org/10.1097/pat.0000000000000070,,,0,
https://openalex.org/w2249609522,https://doi.org/10.1177/096120339700600803,,029-789-946-989-491,0,
https://openalex.org/w1996894458,https://doi.org/10.1016/s0029-7844(01)01646-5,,,1,
https://openalex.org/w2088207957,https://doi.org/10.1515/cclm.2003.087,,,0,
https://openalex.org/w1972901029,https://doi.org/10.1177/0961203310361352,,,0,
https://openalex.org/w2476172137,https://doi.org/10.1177/0961203316652491,,,0,
https://openalex.org/w2436044568,,,,0,
https://openalex.org/w2412099477,,,,0,
https://openalex.org/w2101946700,https://doi.org/10.1093/ndt/13.4.991,,037-648-606-157-198,0,
https://openalex.org/w2005940634,https://doi.org/10.1038/ncprheum0069,,,0,
https://openalex.org/w2036314008,https://doi.org/10.1177/0961203309360545,,,0,
https://openalex.org/w1978514470,https://doi.org/10.1111/j.8755-8920.2001.450309.x,,,1,
https://openalex.org/w1979407644,https://doi.org/10.1159/000360904,,,0,
https://openalex.org/w2172080364,https://doi.org/10.1093/humrep/deh346,,,0,
https://openalex.org/w191524293,https://doi.org/10.1055/s-0038-1650614,,,0,
https://openalex.org/w2010670044,https://doi.org/10.3109/03009742.2014.965741,,057-928-144-203-605,0,
https://openalex.org/w2150757044,https://doi.org/10.1002/acr.22109,,,0,
https://openalex.org/w2120967366,https://doi.org/10.1161/strokeaha.111.619577,,,0,
https://openalex.org/w2072930688,https://doi.org/10.1097/01.tp.0000107185.50838.ee,,,0,
https://openalex.org/w1988979536,https://doi.org/10.1007/s11926-015-0502-7,,,0,
https://openalex.org/w2000771959,https://doi.org/10.1016/s0046-8177(97)90038-1,,,0,
https://openalex.org/w2062001372,https://doi.org/10.1093/oxfordjournals.ndt.a027822,,,0,
https://openalex.org/w1993259709,https://doi.org/10.1111/j.1440-1746.2007.05129.x,,,0,
https://openalex.org/w2156597637,https://doi.org/10.1007/bf00865490,,,0,
https://openalex.org/w2080325337,https://doi.org/10.1093/rheumatology/ket194,,,0,
https://openalex.org/w2169803087,https://doi.org/10.1136/ard.47.8.681,,,0,
https://openalex.org/w1998060814,https://doi.org/10.1016/j.fertnstert.2004.11.002,,,1,
https://openalex.org/w1563286730,https://doi.org/10.1097/01.moh.0000239710.47921.d2,,,0,
https://openalex.org/w1974704179,https://doi.org/10.2174/138161212799504740,,,0,
https://openalex.org/w2413729993,,,,0,
https://openalex.org/w2088564145,https://doi.org/10.1016/s0889-857x(05)70227-1,,,0,
https://openalex.org/w2019789419,https://doi.org/10.1182/blood-2006-10-053199,,,0,
https://openalex.org/w2054627677,https://doi.org/10.1001/jama.296.1.42,,,0,
https://openalex.org/w2597362717,https://doi.org/10.1111/ped.13224,,,0,
https://openalex.org/w4250806482,https://doi.org/10.1111/bjd.15518,,,0,
https://openalex.org/w2407092205,https://doi.org/10.1055/s-0037-1614217,,,0,
https://openalex.org/w2135522862,https://doi.org/10.1136/ard.60.7.699,,,0,
https://openalex.org/w2602000859,https://doi.org/10.1007/s13317-017-0092-7,,,0,
https://openalex.org/w2122646363,https://doi.org/10.4049/jimmunol.182.3.1674,,,0,
https://openalex.org/w1973386720,https://doi.org/10.1055/s-2008-1043773,,,0,
https://openalex.org/w333588114,https://doi.org/10.1186/1939-4551-8-s1-a219,,,0,
https://openalex.org/w2053477639,https://doi.org/10.1016/s0002-9378(99)70092-x,,,0,
https://openalex.org/w2103054058,https://doi.org/10.1016/j.jns.2014.08.010,,,0,
https://openalex.org/w123338797,,,,0,
https://openalex.org/w2061648047,https://doi.org/10.1016/s0140-6736(02)08298-3,,,0,
https://openalex.org/w1963752281,https://doi.org/10.1182/blood-2005-05-2048,,,0,
https://openalex.org/w1972368562,https://doi.org/10.1111/j.1749-6632.2002.tb04242.x,,,0,
https://openalex.org/w2032776083,https://doi.org/10.1097/00001721-199703000-00010,,,0,
https://openalex.org/w2049040665,https://doi.org/10.1007/s00296-013-2900-3,,,0,
https://openalex.org/w2411263389,https://doi.org/10.1182/blood.v90.10.3931,,,0,
https://openalex.org/w2519454240,https://doi.org/10.1080/17474086.2016.1235969,,,0,
https://openalex.org/w2582927381,https://doi.org/10.3324/haematol.2016.155184,,,0,
https://openalex.org/w2313235121,https://doi.org/10.1055/s-0034-1367327,,,0,
https://openalex.org/w15012813,https://doi.org/10.1097/smj.0b013e3182126d3b,,,0,
https://openalex.org/w2409205058,https://doi.org/10.1097/rlu.0000000000001006,,,0,
https://openalex.org/w2131572116,https://doi.org/10.5152/tjg.2015.5738,,,0,
https://openalex.org/w1999464637,https://doi.org/10.1007/s00415-003-1045-9,,,0,
https://openalex.org/w2036259692,https://doi.org/10.1016/0049-3848(90)90427-e,,,0,
https://openalex.org/w4254538965,https://doi.org/10.1007/s00234-011-0913-8,,,0,
https://openalex.org/w1985527588,https://doi.org/10.1007/s12185-012-1047-4,,,0,
https://openalex.org/w2074490348,https://doi.org/10.1191/0961203302lu266oa,,,0,
https://openalex.org/w2341825472,,,,0,
https://openalex.org/w2076733817,https://doi.org/10.1097/00003081-199103000-00006,,,0,
https://openalex.org/w111519702,,,,0,
https://openalex.org/w1987709033,https://doi.org/10.1016/j.hoc.2011.01.004,,,0,
https://openalex.org/w1492123646,https://doi.org/10.1111/j.1600-0897.2010.00922.x,,,0,
https://openalex.org/w1998761103,https://doi.org/10.1016/j.blre.2008.03.005,,,0,
https://openalex.org/w2029481148,https://doi.org/10.1177/096120339500400301,,,0,
https://openalex.org/w2109554221,https://doi.org/10.1161/01.str.28.12.2363,,,0,
https://openalex.org/w2467694620,,,,0,
https://openalex.org/w2050835573,https://doi.org/10.1196/annals.1361.071,,,0,
https://openalex.org/w2037711844,https://doi.org/10.1212/wnl.62.2.194,,,0,
https://openalex.org/w1497928300,,,,0,
https://openalex.org/w1968606917,https://doi.org/10.1016/0002-9378(91)90496-e,,,0,
https://openalex.org/w2425142256,,,,0,
https://openalex.org/w1486269567,https://doi.org/10.1155/2015/983094,,,0,
https://openalex.org/w1589234555,https://doi.org/10.1177/096120339600500521,,,0,
https://openalex.org/w2074828229,https://doi.org/10.1161/circulationaha.107.726943,,038-870-143-054-670,0,
https://openalex.org/w2402015844,https://doi.org/10.1080/00325481.1992.11701257,,,0,
https://openalex.org/w2042137573,https://doi.org/10.1016/j.rdc.2006.05.002,,,0,
https://openalex.org/w2557951476,https://doi.org/10.1182/asheducation-2016.1.707,,,0,
https://openalex.org/w1981734728,https://doi.org/10.3109/00016349309021136,,,0,
https://openalex.org/w2401553377,,,,0,
https://openalex.org/w3008960149,https://doi.org/10.1177/107602969900500103,,,0,
https://openalex.org/w1796841972,https://doi.org/10.1161/01.str.32.8.1786,,,0,
https://openalex.org/w2077770322,https://doi.org/10.1097/rti.0b013e3181820867,,,0,
https://openalex.org/w2155969635,https://doi.org/10.1093/ndt/gft420,,,0,
https://openalex.org/w2138844585,https://doi.org/10.1517/14728214.2012.672559,,,0,
https://openalex.org/w44154982,,,,0,
https://openalex.org/w2265334376,https://doi.org/10.1177/1076029615615960,,,0,
https://openalex.org/w2000534340,https://doi.org/10.1016/s1577-3566(09)70937-6,,,0,
https://openalex.org/w2060038876,https://doi.org/10.1093/humupd/dmv006,,,0,
https://openalex.org/w1965043080,https://doi.org/10.1038/eye.2000.143,,,0,
https://openalex.org/w2755238052,https://doi.org/10.1007/s00198-017-4189-7,,,0,
https://openalex.org/w2556945970,https://doi.org/10.1007/s10067-016-3486-4,,,0,
https://openalex.org/w2148191976,https://doi.org/10.1002/(sici)1098-1101(1999)14:4<171::aid-jca3>3.0.co;2-5,,,0,
https://openalex.org/w1996877463,https://doi.org/10.1097/jcn.0b013e31827f0d53,,,0,
https://openalex.org/w2081171256,https://doi.org/10.1111/j.1600-0897.1992.tb00789.x,,,0,
https://openalex.org/w2041321091,https://doi.org/10.1097/01.meg.0000230085.45674.84,,,0,
https://openalex.org/w2086478918,https://doi.org/10.1515/jbcpp.2008.19.1.37,,,0,
https://openalex.org/w2137138055,https://doi.org/10.3109/14397595.2013.874751,,,0,
https://openalex.org/w2096395131,https://doi.org/10.1016/s0950-3579(05)80243-2,,,0,
https://openalex.org/w2411366609,,,,0,
https://openalex.org/w52671841,https://doi.org/10.1016/s0925-5710(96)00537-3,,,0,
https://openalex.org/w2409753411,https://doi.org/10.1136/annrheumdis-2015-eular.3530,,,0,
https://openalex.org/w2152982785,https://doi.org/10.1016/j.healun.2012.05.007,,,0,
https://openalex.org/w2020294005,https://doi.org/10.1002/1529-0131(200009)43:9<1982::aid-anr9>3.0.co;2-2,,,0,
https://openalex.org/w2063916787,https://doi.org/10.1136/bmj.c2541,,029-786-589-851-609,0,
https://openalex.org/w2004062676,https://doi.org/10.1177/096120339400400103,,,0,
https://openalex.org/w2093142543,https://doi.org/10.1002/hep.510230201,,,0,
https://openalex.org/w2128108792,https://doi.org/10.1007/s00467-005-2009-3,,,0,
https://openalex.org/w2041117378,https://doi.org/10.1007/bf02242455,,,0,
https://openalex.org/w1971341315,https://doi.org/10.1111/j.1365-2133.2004.06154.x,,,0,
https://openalex.org/w2329647950,https://doi.org/10.1136/annrheumdis-2012-eular.1512,,,0,
https://openalex.org/w2048420521,https://doi.org/10.1016/s1474-4422(09)70263-7,,,0,
https://openalex.org/w1988478131,https://doi.org/10.1196/annals.1361.055,,,0,
https://openalex.org/w1994384381,https://doi.org/10.1055/s-2007-994958,,,0,
https://openalex.org/w2437069680,,,,0,
https://openalex.org/w2109291042,https://doi.org/10.1177/0961203312438235,,,0,
https://openalex.org/w1944677955,https://doi.org/10.1111/j.1744-9987.2012.01105.x,,,0,
https://openalex.org/w4244891577,https://doi.org/10.1177/0961203312436866,,,0,
https://openalex.org/w3525889,,,,0,
https://openalex.org/w2108731342,https://doi.org/10.1684/abc.2011.0592,,,0,
https://openalex.org/w3007308047,https://doi.org/10.1177/2048872616663431,,,0,
https://openalex.org/w2107871522,https://doi.org/10.1097/01.md.0000091181.93122.55,,,0,
https://openalex.org/w2029814553,https://doi.org/10.1016/j.autrev.2011.10.016,,,0,
https://openalex.org/w1966813794,https://doi.org/10.1136/pgmj.66.775.356,,,0,
https://openalex.org/w1983219867,https://doi.org/10.1016/0002-9343(92)90760-9,,,0,
https://openalex.org/w2404362313,https://doi.org/10.1016/j.amjmed.2016.05.002,,,0,
https://openalex.org/w2403219088,,,,0,
https://openalex.org/w2072635751,https://doi.org/10.1055/s-0028-1082275,,,0,
https://openalex.org/w2037329633,https://doi.org/10.1111/j.1600-0897.1999.tb00070.x,,,0,
https://openalex.org/w2117482305,https://doi.org/10.2350/09-06-0667-oa.1,,,0,
https://openalex.org/w4245797547,https://doi.org/10.1038/labinvest.2010.24,,,0,
https://openalex.org/w1997429153,https://doi.org/10.1159/000096046,,,0,
https://openalex.org/w2001793420,https://doi.org/10.2143/ac.63.5.2033233,,,0,
https://openalex.org/w2407305914,,,,0,
https://openalex.org/w1985878380,https://doi.org/10.1007/s10067-007-0683-1,,,0,
https://openalex.org/w2019555881,https://doi.org/10.1160/th09-12-0849,,,0,
https://openalex.org/w4230459002,https://doi.org/10.1038/ajg.2015.270,,,0,
https://openalex.org/w2322070032,https://doi.org/10.1093/ajcp/60.3.364,,007-879-475-135-190,0,
https://openalex.org/w2088499746,https://doi.org/10.1159/000188236,,,0,
https://openalex.org/w2000760303,https://doi.org/10.1191/0961203305lu2146rr,,,0,
https://openalex.org/w2332681937,https://doi.org/10.1097/00002281-200205000-00007,,,0,
https://openalex.org/w2101727819,https://doi.org/10.1016/s1474-4422(09)70239-x,,,1,
https://openalex.org/w2059176458,https://doi.org/10.1016/j.thromres.2003.11.012,,,0,
https://openalex.org/w2323291834,https://doi.org/10.1055/s-0032-1307161,,,0,
https://openalex.org/w2612942603,https://doi.org/10.1182/blood.v128.22.4807.4807,,,0,
https://openalex.org/w162353961,,,,0,
https://openalex.org/w2417650732,,,,0,
https://openalex.org/w2047722384,https://doi.org/10.1177/096120339800700215,,,0,
https://openalex.org/w1545047818,https://doi.org/10.4049/jimmunol.181.7.4807,,,0,
https://openalex.org/w2509738936,https://doi.org/10.1016/j.kint.2016.06.026,,,0,
https://openalex.org/w2616490803,https://doi.org/10.1136/ard.2008.093179,,,1,
https://openalex.org/w2413486823,https://doi.org/10.1136/annrheumdis-2015-eular.3942,,,0,
https://openalex.org/w2397462619,,,,0,
https://openalex.org/w2018073715,https://doi.org/10.1097/01.ogx.0000150346.42901.07,,,0,
https://openalex.org/w2019636374,https://doi.org/10.1016/j.autrev.2014.09.002,,,1,
https://openalex.org/w2589906937,https://doi.org/10.1007/s13224-017-0974-7,,,0,
https://openalex.org/w2125259000,https://doi.org/10.1093/humrep/16.9.2005,,,0,
https://openalex.org/w2123780397,https://doi.org/10.1373/clinchem.2007.089524,,,0,
https://openalex.org/w2419531397,,,,0,
https://openalex.org/w2010978470,https://doi.org/10.1038/ajg.2012.231,,,0,
https://openalex.org/w4251502693,https://doi.org/10.1111/j.1751-553x.2012.01436.x,,,0,
https://openalex.org/w1984052221,https://doi.org/10.1159/000217317,,,0,
https://openalex.org/w2400028489,,,,0,
https://openalex.org/w2538372849,https://doi.org/10.1016/j.chest.2016.08.246,,,0,
https://openalex.org/w1987991996,https://doi.org/10.1111/jth.12732,,,0,
https://openalex.org/w2765804655,https://doi.org/10.4103/0366-6999.216410,,059-485-721-490-783,0,
https://openalex.org/w2001864923,https://doi.org/10.1111/j.1538-7836.2008.02965.x,,,0,
https://openalex.org/w101816881,https://doi.org/10.1097/00029330-200801020-00008,,,0,
https://openalex.org/w1997846247,https://doi.org/10.1038/nrneph.2009.14,,,0,
https://openalex.org/w2755962330,https://doi.org/10.1177/1538574417729273,,,0,
https://openalex.org/w2085480372,https://doi.org/10.1159/000338347,,,0,
https://openalex.org/w2031796988,https://doi.org/10.1016/j.pop.2010.07.006,,,0,
https://openalex.org/w2132053014,https://doi.org/10.1136/ard.2008.093013,,,1,
https://openalex.org/w2565122632,https://doi.org/10.1016/j.thromres.2016.12.009,,,1,
https://openalex.org/w1967190822,https://doi.org/10.1016/j.ijcard.2008.04.020,,,0,
https://openalex.org/w2066767099,https://doi.org/10.1136/ard.62.10.1003,,,0,
https://openalex.org/w2092031424,https://doi.org/10.14503/thij-12-2964,,,0,
https://openalex.org/w2337763056,https://doi.org/10.1007/s00277-016-2665-3,,,0,
https://openalex.org/w2046211002,https://doi.org/10.1002/art.21172,,,0,
https://openalex.org/w1980329384,https://doi.org/10.1038/nrrheum.2014.39,,,0,
https://openalex.org/w2338538901,https://doi.org/10.1093/oxfordjournals.qjmed.a068706,,,0,
https://openalex.org/w2395861538,,,,0,
https://openalex.org/w2034396074,https://doi.org/10.1007/s11926-014-0478-8,,,0,
https://openalex.org/w2090400518,https://doi.org/10.1136/bjo.2010.182857,,,0,
https://openalex.org/w1997177087,https://doi.org/10.1007/s10067-005-0174-1,,,0,
https://openalex.org/w2068503261,https://doi.org/10.1111/j.1442-9071.2006.01212.x,,,0,
https://openalex.org/w190033982,https://doi.org/10.1055/s-0037-1614324,,,0,
https://openalex.org/w2467066114,,,,0,
https://openalex.org/w143231162,,,,0,
https://openalex.org/w2051431366,https://doi.org/10.1111/j.1538-7836.2005.01194.x,,,0,
https://openalex.org/w2080810,,,,0,
https://openalex.org/w4240624900,https://doi.org/10.1111/j.1600-0897.2012.01144.x,,,0,
https://openalex.org/w1995337111,https://doi.org/10.1177/0961203310395054,,,0,
https://openalex.org/w1968170961,https://doi.org/10.1024/0301-1526/a000288,,,0,
https://openalex.org/w2610631172,https://doi.org/10.1016/j.jacc.2017.02.058,,,0,
https://openalex.org/w2142487525,https://doi.org/10.1093/rheumatology/39.12.1437,,,0,
https://openalex.org/w4391123924,,,,0,
https://openalex.org/w2442283304,,,,0,
https://openalex.org/w2053912749,https://doi.org/10.1007/s11940-012-0210-9,,,0,
https://openalex.org/w2127769026,https://doi.org/10.1177/0961203312447866,,,0,
https://openalex.org/w2163508557,https://doi.org/10.1016/s0015-0282(00)01529-6,,,0,
https://openalex.org/w2057844687,https://doi.org/10.1016/j.cqn.2015.02.001,,,0,
https://openalex.org/w2120617741,https://doi.org/10.1136/ard.60.1.1,,017-343-531-584-589,0,
https://openalex.org/w2087107236,https://doi.org/10.1177/0961203310361356,,,0,
https://openalex.org/w2067110846,https://doi.org/10.1016/j.thromres.2015.01.001,,,0,
https://openalex.org/w4236568097,https://doi.org/10.1007/s12288-011-0125-8,,,0,
https://openalex.org/w2037303815,https://doi.org/10.1191/0961203305lu2056oa,,,0,
https://openalex.org/w2402925572,,,,0,
https://openalex.org/w1982699580,https://doi.org/10.1177/0961203306071004,,,0,
https://openalex.org/w1551561270,https://doi.org/10.1111/j.1529-8019.2011.01392.x,,,0,
https://openalex.org/w2017382783,https://doi.org/10.1007/bf00320240,,,0,
https://openalex.org/w2141269111,https://doi.org/10.1586/17474086.1.2.183,,,0,
https://openalex.org/w4236822141,https://doi.org/10.1024/0301-1526.34.s67.3,,,0,
https://openalex.org/w1996240946,https://doi.org/10.1191/096120399678840918,,,0,
https://openalex.org/w2475012107,https://doi.org/10.1186/s12948-016-0043-2,,,0,
https://openalex.org/w4248873016,https://doi.org/10.1159/000089285,,,0,
https://openalex.org/w2069513756,https://doi.org/10.1016/j.biopha.2003.08.001,,,0,
https://openalex.org/w2378004691,,,,0,
https://openalex.org/w2017583272,https://doi.org/10.1093/tropej/fml016,,,0,
https://openalex.org/w2187364284,,,,0,
https://openalex.org/w2342851962,https://doi.org/10.1097/nrl.0000000000000079,,,0,
https://openalex.org/w2202968527,,,,0,
https://openalex.org/w2023219289,https://doi.org/10.1182/blood-2013-11-538314,,,0,
https://openalex.org/w1981177602,https://doi.org/10.1177/0961203309360541,,,0,
https://openalex.org/w2428850801,,,,0,
https://openalex.org/w2014973242,https://doi.org/10.1016/j.thromres.2008.05.015,,,0,
https://openalex.org/w2080165292,https://doi.org/10.1001/jama.1985.03350460078025,,,0,
https://openalex.org/w2034743912,https://doi.org/10.1016/j.medcli.2008.09.044,,,0,
https://openalex.org/w2160962307,https://doi.org/10.1002/lt.21282,,,0,
https://openalex.org/w2141851524,https://doi.org/10.1177/0961203310395051,,,0,
https://openalex.org/w2057799088,https://doi.org/10.1097/00001703-199712000-00010,,,0,
https://openalex.org/w2165644298,,,,0,
https://openalex.org/w4237958624,https://doi.org/10.1182/asheducation-2009.1.233,,,0,
https://openalex.org/w2003825147,https://doi.org/10.1006/jaut.2000.0421,,,0,
https://openalex.org/w2411343526,,,,0,
https://openalex.org/w2002116958,https://doi.org/10.3109/08916939908994766,,,0,
https://openalex.org/w2024030235,https://doi.org/10.1016/j.jaut.2005.10.002,,,0,
https://openalex.org/w1999898230,https://doi.org/10.1111/j.1538-7836.2006.02036.x,,,0,
https://openalex.org/w2001955212,https://doi.org/10.1016/j.autrev.2012.05.006,,,0,
https://openalex.org/w2737917337,https://doi.org/10.1515/cclm-2014-0890,,,0,
https://openalex.org/w4235982907,https://doi.org/10.1002/ana.25024,,,0,
https://openalex.org/w2002788659,https://doi.org/10.1046/j.1365-2141.2002.03642.x,,,0,
https://openalex.org/w2122626653,https://doi.org/10.1002/ana.410440408,,,0,
https://openalex.org/w17597111,,,,0,
https://openalex.org/w2014324758,https://doi.org/10.1097/dad.0b013e318293f620,,,0,
https://openalex.org/w1999368588,https://doi.org/10.1016/j.autrev.2011.12.006,,,0,
https://openalex.org/w2012407292,https://doi.org/10.1016/j.thromres.2014.11.011,,,0,
https://openalex.org/w2022054499,https://doi.org/10.1097/00001721-200312000-00007,,,0,
https://openalex.org/w2770972309,https://doi.org/10.1053/j.semperi.2017.11.006,,,0,
https://openalex.org/w2401921091,,,,0,
https://openalex.org/w2115367102,https://doi.org/10.1002/jcla.20131,,,0,
https://openalex.org/w2119908224,https://doi.org/,,,0,
https://openalex.org/w4251028172,https://doi.org/10.2165/00042310-200824060-00004,,,0,
https://openalex.org/w2034487103,https://doi.org/10.1159/000263469,,,0,
https://openalex.org/w2418573661,,,,0,
https://openalex.org/w2166589150,https://doi.org/10.1586/1744666x.3.3.277,,,0,
https://openalex.org/w2049342473,https://doi.org/10.1007/s13546-010-0108-z,,,0,
https://openalex.org/w2535043553,https://doi.org/10.1016/j.chest.2016.08.530,,,0,
https://openalex.org/w1998988407,https://doi.org/10.1055/s-0028-1082274,,,0,
https://openalex.org/w2405663632,,,,0,
https://openalex.org/w2075854621,https://doi.org/10.1007/s11916-013-0381-4,,,0,
https://openalex.org/w1813712402,https://doi.org/10.1111/j.1365-2133.2005.06764.x,,,0,
https://openalex.org/w2169078884,https://doi.org/10.1160/th12-11-0865,,,0,
https://openalex.org/w2042748903,https://doi.org/10.1371/journal.pone.0033824,,,0,
https://openalex.org/w2621312629,https://doi.org/10.3899/jrheum.161364,,,1,
https://openalex.org/w2134718222,https://doi.org/10.1016/j.ijcard.2007.08.078,,,0,
https://openalex.org/w2522769545,https://doi.org/10.1016/j.pmrj.2016.07.469,,,0,
https://openalex.org/w2556147058,https://doi.org/10.1111/j.1445-5994.2010.02187.x,,,0,
https://openalex.org/w1594501512,https://doi.org/10.1093/humrep/de.25.s1.117,,,0,
https://openalex.org/w2404510582,,,,0,
https://openalex.org/w2472197231,https://doi.org/10.1007/s10238-016-0430-5,,,0,
https://openalex.org/w2090382095,https://doi.org/10.1177/096120339800700214,,,0,
https://openalex.org/w1567044188,https://doi.org/10.4049/jimmunol.153.3.1328,,,0,
https://openalex.org/w2011688949,https://doi.org/10.1177/0961203311429816,,,0,
https://openalex.org/w4241096572,https://doi.org/10.2174/157339710790827740,,,0,
https://openalex.org/w2051067744,https://doi.org/10.1016/j.thromres.2011.04.004,,,0,
https://openalex.org/w2155618811,https://doi.org/10.1136/annrheumdis-2013-consensusapp,,,0,
https://openalex.org/w1620602303,https://doi.org/10.1080/17843286.1990.11718114,,,0,
https://openalex.org/w1820159475,https://doi.org/10.1111/j.1471-0528.2011.03037.x,,,0,
https://openalex.org/w2080084358,https://doi.org/10.1182/blood-2011-09-378851,,,0,
https://openalex.org/w2088993337,https://doi.org/10.1016/j.autrev.2006.06.011,,,0,
https://openalex.org/w2024415488,https://doi.org/10.1016/j.rcreu.2015.02.001,,,0,
https://openalex.org/w2066885083,https://doi.org/10.1111/aji.12071,,,0,
https://openalex.org/w2014479232,https://doi.org/10.1177/0961203314531635,,,0,
https://openalex.org/w2156498694,https://doi.org/10.1136/bcr.12.2010.3561,,,0,
https://openalex.org/w2417106453,,,,0,
https://openalex.org/w3144852444,,,,0,
https://openalex.org/w4253666675,https://doi.org/10.1016/s0065-2423(16)30010-5,,,0,
https://openalex.org/w1982808974,https://doi.org/10.1055/s-2007-996096,,,0,
https://openalex.org/w2593422565,https://doi.org/10.1111/1756-185x.13045,,,0,
https://openalex.org/w1779515121,,,,0,
https://openalex.org/w4250289234,https://doi.org/10.1016/j.jaad.2017.04.924,,,0,
https://openalex.org/w2438948861,,,,0,
https://openalex.org/w2026389940,https://doi.org/10.1016/j.autrev.2013.08.001,,,0,
https://openalex.org/w2072211871,https://doi.org/10.1001/2013.jamasurg.356,,003-619-666-914-641,0,
https://openalex.org/w2563628618,https://doi.org/10.17219/acem/65853,,,0,
https://openalex.org/w2121369321,https://doi.org/10.1093/qjmed/92.4.211,,,0,
https://openalex.org/w2591808047,https://doi.org/10.1016/s0049-3848(17)30157-3,,,0,
https://openalex.org/w2469927335,https://doi.org/10.1016/s0015-0282(16)54708-6,,,0,
https://openalex.org/w1965428387,https://doi.org/10.1111/j.1479-828x.1992.tb02844.x,,039-192-383-308-306,0,
https://openalex.org/w1552170947,https://doi.org/10.1001/jamapediatrics.2015.0349,,,0,
https://openalex.org/w2401555869,,,,0,
https://openalex.org/w2011653265,https://doi.org/10.1016/j.bjps.2013.04.037,,,0,
https://openalex.org/w2001899027,https://doi.org/10.1016/0029-7844(95)00452-1,,,0,
https://openalex.org/w1985222101,https://doi.org/10.1097/00042560-200208010-00006,,,0,
https://openalex.org/w2375461302,https://doi.org/10.1093/oxfordjournals.humrep.a138108,,,0,
https://openalex.org/w2056708575,https://doi.org/10.1111/j.1538-7836.2007.02454.x,,,0,
https://openalex.org/w2112723932,https://doi.org/10.1016/j.ejim.2009.12.010,,,1,
https://openalex.org/w97475239,,,,0,
https://openalex.org/w74364177,,,,0,
https://openalex.org/w2484696510,https://doi.org/10.1024/0301-1526/a000545,,,0,
https://openalex.org/w2036805409,https://doi.org/10.1177/0961203307081847,,,0,
https://openalex.org/w2053702722,https://doi.org/10.1196/annals.1422.048,,,0,
https://openalex.org/w1989933491,https://doi.org/10.1016/j.semarthrit.2014.10.013,,,0,
https://openalex.org/w2323779207,https://doi.org/10.1097/mop.0b013e328346198f,,,0,
https://openalex.org/w2118844326,https://doi.org/10.1080/03009740410005386,,,0,
https://openalex.org/w2143958485,https://doi.org/10.1097/ftd.0b013e31827d76b0,,,0,
https://openalex.org/w2531296157,https://doi.org/10.1007/s13760-016-0707-1,,,0,
https://openalex.org/w2083740774,https://doi.org/10.1016/s0029-7844(03)00866-4,,,0,
https://openalex.org/w2439420359,https://doi.org/10.1093/ndt/8.11.1277,,,0,
https://openalex.org/w2084646496,https://doi.org/10.1007/s005350170063,,,0,
https://openalex.org/w4255620012,https://doi.org/10.1161/circulationaha.105.548495,,154-589-787-707-252,0,
https://openalex.org/w2395322384,,,,0,
https://openalex.org/w2165242883,https://doi.org/10.1196/annals.1361.043,,,0,
https://openalex.org/w4240586936,https://doi.org/10.1002/14651858.cd012169,,,0,
https://openalex.org/w2127282891,https://doi.org/10.1016/j.rmed.2011.05.012,,,0,
https://openalex.org/w2004479978,https://doi.org/10.1093/ndtplus/sfn145,,,0,
https://openalex.org/w2150825368,https://doi.org/10.1111/j.1365-2990.1989.tb01256.x,,,0,
https://openalex.org/w2133835447,https://doi.org/10.1586/ern.09.126,,,0,
https://openalex.org/w2604913198,https://doi.org/10.1212/wnl.0000000000003792,,038-527-664-414-40X,0,
https://openalex.org/w2089387804,https://doi.org/10.3109/14767058.2011.633670,,,0,
https://openalex.org/w4238086496,https://doi.org/10.1016/j.jaad.2010.09.713,,,0,
https://openalex.org/w2140506044,,,,0,
https://openalex.org/w4231533802,https://doi.org/10.1177/0961203310365200,,,0,
https://openalex.org/w2461303152,,,,0,
https://openalex.org/w1977286952,https://doi.org/10.1111/ijlh.12138,,,0,
https://openalex.org/w120343659,,,,0,
https://openalex.org/w2135784803,https://doi.org/10.1177/0961203314536479,,,0,
https://openalex.org/w2563349659,https://doi.org/10.1007/s10067-016-3498-0,,,0,
https://openalex.org/w2089893027,https://doi.org/10.1111/j.1365-2141.2008.07577.x,,,0,
https://openalex.org/w1994937284,https://doi.org/10.1002/1529-0131(200003)43:3<557::aid-anr11>3.0.co;2-o,,,0,
https://openalex.org/w2078432697,https://doi.org/10.1177/096120339700600707,,,0,
https://openalex.org/w2104377719,https://doi.org/10.1007/s10165-009-0168-y,,,0,
https://openalex.org/w2043754360,https://doi.org/10.1007/s12016-008-8107-9,,,0,
https://openalex.org/w2105257002,https://doi.org/10.1093/ndt/gfl027,,,0,
https://openalex.org/w1954743756,https://doi.org/10.1111/jth.13072,,,0,
https://openalex.org/w1997176755,https://doi.org/10.1111/j.1538-7836.2009.03689.x,,,0,
https://openalex.org/w1969416147,https://doi.org/10.1007/s00277-002-0500-5,,,0,
https://openalex.org/w2442711285,https://doi.org/10.3899/jrheum.151373,,,0,
https://openalex.org/w2403849501,,,,0,
https://openalex.org/w2024526976,https://doi.org/10.1055/s-2007-995830,,,0,
https://openalex.org/w2426284262,,,,0,
https://openalex.org/w2129940058,https://doi.org/10.1177/0961203309361351,,,0,
https://openalex.org/w1979599639,https://doi.org/10.1016/j.placenta.2005.04.006,,,0,
https://openalex.org/w2556023274,https://doi.org/10.1007/s00011-016-1010-6,,,0,
https://openalex.org/w180390055,,,,0,
https://openalex.org/w2030101198,https://doi.org/10.3899/jrheum.080872,,053-850-204-060-253,0,
https://openalex.org/w2171971949,https://doi.org/10.1080/00365540802179691,,,0,
https://openalex.org/w1987591788,https://doi.org/10.3109/10641950902968700,,,0,
https://openalex.org/w4240224515,https://doi.org/10.1016/j.pcad.2009.06.005,,,0,
https://openalex.org/w73766550,https://doi.org/10.1016/s1701-2163(16)30593-x,,,0,
https://openalex.org/w2979360510,https://doi.org/10.1182/blood.v116.21.3185.3185,,,0,
https://openalex.org/w2073253757,https://doi.org/10.1007/s00595-009-4015-8,,,0,
https://openalex.org/w2058919093,https://doi.org/10.1177/0961203307076697,,,0,
https://openalex.org/w2062952399,https://doi.org/10.1046/j.1365-2141.2001.0115_1cr.x,,,0,
https://openalex.org/w2032097852,https://doi.org/10.1111/jth.12363,,,0,
https://openalex.org/w2429927204,,,,0,
https://openalex.org/w2056792031,https://doi.org/10.1177/0961203310361485,,,0,
https://openalex.org/w2023899934,https://doi.org/10.2174/1568010054022060,,,0,
https://openalex.org/w2083779542,https://doi.org/10.1097/aog.0b013e3181deba40,,,0,
https://openalex.org/w2328311451,https://doi.org/10.1164/ajrccm-conference.2010.181.1_meetingabstracts.a6869,,,0,
https://openalex.org/w2130794902,https://doi.org/10.1016/j.thromres.2004.06.034,,,0,
https://openalex.org/w1966574182,https://doi.org/10.1046/j.1365-2141.2001.02950.x,,,0,
https://openalex.org/w13756155,,,,0,
https://openalex.org/w4255225463,https://doi.org/10.7326/0003-4819-119-8-199310150-00008,,,0,
https://openalex.org/w1972118276,https://doi.org/10.3109/14397595.2014.942503,,,0,
https://openalex.org/w1969435601,https://doi.org/10.1586/1744666x.4.5.549,,,0,
https://openalex.org/w2529357672,https://doi.org/10.1016/j.thromres.2016.10.001,,,0,
https://openalex.org/w2081921443,https://doi.org/10.1160/th05-05-0310,,,0,
https://openalex.org/w2410364239,,,,0,
https://openalex.org/w2003358567,https://doi.org/10.1111/febs.13185,,,0,
https://openalex.org/w2048647774,https://doi.org/10.1078/0171-2985-00207,,,0,
https://openalex.org/w2395379067,,,,0,
https://openalex.org/w2177986284,https://doi.org/10.1016/j.semarthrit.2015.10.007,,,0,
https://openalex.org/w2089622218,https://doi.org/10.1517/14656560902772302,,,0,
https://openalex.org/w4300092098,https://doi.org/10.1111/1756-185x.13178,,,0,
https://openalex.org/w2416048862,https://doi.org/10.1055/s-0038-1653866,,,0,
https://openalex.org/w1964121527,https://doi.org/10.1111/j.1365-2796.1993.tb00990.x,,,0,
https://openalex.org/w2681136189,https://doi.org/10.1093/rheumatology/kex019,,,0,
https://openalex.org/w1833438133,https://doi.org/10.1016/j.atherosclerosis.2015.10.105,,,0,
https://openalex.org/w2060509574,https://doi.org/10.1002/art.23662,,,0,
https://openalex.org/w4246074216,https://doi.org/10.1002/pbc.26591,,,0,
https://openalex.org/w2480561335,https://doi.org/10.1111/tri.12700,,,0,
https://openalex.org/w2076793497,https://doi.org/10.2217/17455057.3.4.417,,077-762-875-451-723,0,
https://openalex.org/w2411583152,,,,0,
https://openalex.org/w1975309310,https://doi.org/10.1007/s00439-004-1172-0,,,0,
https://openalex.org/w1965070460,https://doi.org/10.1016/j.avsg.2014.04.017,,,0,
https://openalex.org/w2312996543,https://doi.org/10.1016/j.revmed.2011.02.012,,,0,
https://openalex.org/w2140865695,https://doi.org/10.1172/jci18817,,,0,
https://openalex.org/w2460276105,,,,0,
https://openalex.org/w2212383343,https://doi.org/10.1378/chest.2265755,,,0,
https://openalex.org/w2094104737,https://doi.org/10.1111/j.1445-5994.2006.01113.x,,,0,
https://openalex.org/w2430057474,,,,0,
https://openalex.org/w1974222492,https://doi.org/10.1007/s11926-004-0025-0,,,0,
https://openalex.org/w1993974097,https://doi.org/10.1007/s10067-010-1662-5,,,0,
https://openalex.org/w2004601301,https://doi.org/10.1002/art.20387,,,0,
https://openalex.org/w2462253778,https://doi.org/10.1177/0961203316659547,,,0,
https://openalex.org/w1940591286,https://doi.org/10.1002/art.38131,,,0,
https://openalex.org/w2006728613,https://doi.org/10.1016/j.transproceed.2012.07.063,,,0,
https://openalex.org/w3021852519,https://doi.org/10.1056/nejmra002974,,,0,
https://openalex.org/w2077264542,https://doi.org/10.1016/j.thromres.2004.06.031,,,0,
https://openalex.org/w2049561149,https://doi.org/10.1016/j.jaut.2007.11.011,,,0,
https://openalex.org/w2049665490,https://doi.org/10.1182/blood-2010-11-316158,,,0,
https://openalex.org/w2162668361,https://doi.org/10.1016/j.hoc.2012.02.007,,,0,
https://openalex.org/w11886530,https://doi.org/10.1007/978-1-4684-3231-2_6,,022-271-878-604-041,0,
https://openalex.org/w1990674468,https://doi.org/10.1097/01.mbc.0000164426.75298.c6,,,0,
https://openalex.org/w4292524659,https://doi.org/10.1002/art.38914,,,0,
https://openalex.org/w1985680022,https://doi.org/10.1016/0165-0378(94)00912-q,,,0,
https://openalex.org/w2151970374,https://doi.org/10.4070/kcj.2013.43.2.132,,,0,
https://openalex.org/w2340997891,https://doi.org/10.1016/j.jaad.2015.08.072,,,0,
https://openalex.org/w2052438099,https://doi.org/10.1016/j.jstrokecerebrovasdis.2011.05.004,,,0,
https://openalex.org/w2091318160,https://doi.org/10.1016/j.autrev.2006.06.007,,,1,
https://openalex.org/w2168935865,https://doi.org/10.1136/ard.57.9.540,,,0,
https://openalex.org/w2067621583,https://doi.org/10.1001/archinte.165.9.978,,,0,
https://openalex.org/w2570444014,https://doi.org/10.1016/j.jstrokecerebrovasdis.2016.12.001,,,0,
https://openalex.org/w2750032015,https://doi.org/10.1111/jth.13325,,,0,
https://openalex.org/w2046625860,https://doi.org/10.1007/bf02088055,,,0,
https://openalex.org/w2461643606,https://doi.org/10.1016/j.jstrokecerebrovasdis.2016.04.023,,,0,
https://openalex.org/w1974346501,https://doi.org/10.1161/01.cir.0000095030.44185.6a,,,0,
https://openalex.org/w3027392395,https://doi.org/10.1097/00000441-199603000-00009,,,0,
https://openalex.org/w2556711056,https://doi.org/10.1136/annrheumdis-2016-eular.3506,,,0,
https://openalex.org/w2108029635,https://doi.org/10.1159/000354614,,,0,
https://openalex.org/w1859533616,https://doi.org/10.1111/j.1742-1241.2012.02892.x,,,0,
https://openalex.org/w2604211508,https://doi.org/10.1016/j.vaccine.2017.04.001,,,0,
https://openalex.org/w2060511493,https://doi.org/10.1016/j.amjmed.2015.01.002,,,0,
https://openalex.org/w2172272472,https://doi.org/10.1186/1740-2557-5-6,,,0,
https://openalex.org/w2019368671,https://doi.org/10.1111/j.1600-0897.1999.tb00084.x,,,0,
https://openalex.org/w2121592726,https://doi.org/10.1111/j.1749-6632.1994.tb55776.x,,,0,
https://openalex.org/w1965258695,https://doi.org/10.1177/096120339700600501,,,0,
https://openalex.org/w2409719433,,,,0,
https://openalex.org/w2050715871,https://doi.org/10.2177/jsci.37.183,,,0,
https://openalex.org/w2003718787,https://doi.org/10.1016/j.neurobiolaging.2009.02.007,,,0,
https://openalex.org/w2473427026,,,,0,
https://openalex.org/w2123510105,https://doi.org/10.4081/reumatismo.2005.262,,,0,
https://openalex.org/w1968850389,https://doi.org/10.1007/bf02208038,,,0,
https://openalex.org/w1913258085,https://doi.org/10.1111/cei.12573,,,0,
https://openalex.org/w2130029422,https://doi.org/10.1093/rheumatology/kem377,,,0,
https://openalex.org/w2038069098,https://doi.org/10.1016/j.autrev.2014.02.003,,,1,
https://openalex.org/w2101690352,https://doi.org/10.1016/j.clineuro.2005.03.005,,,0,
https://openalex.org/w110201625,,,,0,
https://openalex.org/w2141316401,https://doi.org/10.1192/bjp.190.1.81,,068-838-050-474-156,0,
https://openalex.org/w2562320630,https://doi.org/10.2147/oarrr.s123549,,,0,
https://openalex.org/w2089425871,https://doi.org/10.1213/01.ane.0000246350.35872.0b,,,0,
https://openalex.org/w132558844,,,,0,
https://openalex.org/w2181482028,https://doi.org/10.1161/circulationaha.114.003902,,038-143-251-017-569,0,
https://openalex.org/w2049326681,https://doi.org/10.1182/blood-2011-02-339234,,,1,
https://openalex.org/w2011535128,https://doi.org/10.1016/j.rdc.2014.09.009,,,0,
https://openalex.org/w2005650949,https://doi.org/10.1191/0961203304lu1011oa,,,0,
https://openalex.org/w1484206193,https://doi.org/10.1586/1744666x.2015.1080121,,,0,
https://openalex.org/w2131958861,https://doi.org/10.1055/s-0031-1279830,,,0,
https://openalex.org/w2137727699,https://doi.org/10.1007/s00296-013-2736-x,,,0,
https://openalex.org/w1996485133,https://doi.org/10.2165/00003495-200363030-00002,,,0,
https://openalex.org/w2051073578,https://doi.org/10.1097/01.rhu.0000173219.85208.aa,,,0,
https://openalex.org/w2071075889,https://doi.org/10.1177/0961203307079039,,,0,
https://openalex.org/w2038920352,https://doi.org/10.1191/0961203304lu1089oa,,,0,
https://openalex.org/w2413146804,,,,0,
https://openalex.org/w2014736300,https://doi.org/10.1016/0140-6736(92)90966-7,,,0,
https://openalex.org/w2351825040,https://doi.org/10.1146/annurev.med.54.101601.152412,,,0,
https://openalex.org/w2044602153,https://doi.org/10.1111/j.1471-0528.1994.tb13209.x,,,0,
https://openalex.org/w1788345440,https://doi.org/10.1902/jop.2015.140664,,,0,
https://openalex.org/w2159148784,https://doi.org/10.1155/2010/607084,,,0,
https://openalex.org/w2414881033,,,,0,
https://openalex.org/w2069797332,https://doi.org/10.1111/j.1538-7836.2009.03555.x,,,0,
https://openalex.org/w141921956,https://doi.org/10.1016/j.autrev.2007.11.017,,,0,
https://openalex.org/w2322444542,https://doi.org/10.1136/annrheumdis-2014-eular.6263,,,0,
https://openalex.org/w2007136092,https://doi.org/10.1016/s0140-6736(88)92554-8,,,0,
https://openalex.org/w1975272274,https://doi.org/10.1159/000075791,,,0,
https://openalex.org/w2418336661,,,,0,
https://openalex.org/w4205678147,https://doi.org/10.1007/s00702-013-1028-7,,,0,
https://openalex.org/w2592903022,https://doi.org/10.1161/circulationaha.116.025992,,,0,
https://openalex.org/w2169612822,https://doi.org/10.1080/08916930410001708706,,,0,
https://openalex.org/w2340375722,https://doi.org/10.1016/j.jvir.2015.11.052,,,0,
https://openalex.org/w4255288403,https://doi.org/10.1016/j.mpmed.2013.12.001,,,0,
https://openalex.org/w2765713943,https://doi.org/10.3349/ymj.2017.58.6.1128,,,1,
https://openalex.org/w2055603975,https://doi.org/10.1177/0961203314527370,,,0,
https://openalex.org/w1985822850,https://doi.org/10.1002/art.1780300404,,,0,
https://openalex.org/w1583453065,,,,0,
https://openalex.org/w1569242858,https://doi.org/10.1111/j.1538-7836.2011.04553.x,,,0,
https://openalex.org/w2983839055,,,,0,
https://openalex.org/w2254782384,,,,0,
https://openalex.org/w2093330017,https://doi.org/10.1016/j.thromres.2004.08.006,,,0,
https://openalex.org/w2104541155,https://doi.org/10.1034/j.1600-0609.2002.01526.x,,,0,
https://openalex.org/w2122755842,https://doi.org/10.1136/ard.2008.096669,,,1,
https://openalex.org/w1973925870,https://doi.org/10.1111/j.1538-7836.2005.01396.x,,,0,
https://openalex.org/w2055421968,https://doi.org/10.1111/j.1600-0897.1995.tb00890.x,,,0,
https://openalex.org/w2050007901,https://doi.org/10.1191/0961203306lu2318rr,,,0,
https://openalex.org/w2004603594,https://doi.org/10.1136/ard.46.5.422,,,0,
https://openalex.org/w2736370326,https://doi.org/10.23736/s0031-0808.17.03324-9,,,0,
https://openalex.org/w2415115674,,,,0,
https://openalex.org/w1995930470,https://doi.org/10.1016/s0022-2143(99)90101-4,,,0,
https://openalex.org/w2233118079,,,,0,
https://openalex.org/w2003235442,https://doi.org/10.1006/jaut.2000.0404,,,0,
https://openalex.org/w1880884681,https://doi.org/10.3899/jrheum.150185,,,0,
https://openalex.org/w2196180483,https://doi.org/10.1358/dot.2015.51.6.2358889,,,0,
https://openalex.org/w2152663768,https://doi.org/10.1016/s1521-6926(02)00094-4,,,0,
https://openalex.org/w1574729428,https://doi.org/10.1177/096120339600500523,,,0,
https://openalex.org/w2550173988,https://doi.org/10.1136/annrheumdis-2016-eular.4445,,,0,
https://openalex.org/w119045161,,,,0,
https://openalex.org/w2063940186,https://doi.org/10.1007/s00277-005-1074-9,,,0,
https://openalex.org/w198532540,,,,0,
https://openalex.org/w1526234206,https://doi.org/10.1155/2015/540738,,,0,
https://openalex.org/w2083277617,https://doi.org/10.2174/092986707780090945,,,0,
https://openalex.org/w2044922497,https://doi.org/10.1111/aji.12130,,,0,
https://openalex.org/w2417851150,,,,0,
https://openalex.org/w2022447658,https://doi.org/10.2169/internalmedicine.42.549,,,0,
https://openalex.org/w1752745855,https://doi.org/10.1111/j.1742-1241.2011.02887.x,,,0,
https://openalex.org/w2317304839,https://doi.org/10.1056/nejm199607113350207,,033-823-886-697-630,0,
https://openalex.org/w14366917,https://doi.org/10.7754/clin.lab.2014.140616,,,0,
https://openalex.org/w2132995106,https://doi.org/10.1093/rheumatology/keh408,,,0,
https://openalex.org/w1991073056,https://doi.org/10.1016/s0140-6736(94)90549-5,,,0,
https://openalex.org/w1959181807,https://doi.org/10.4049/jimmunol.177.7.4794,,,0,
https://openalex.org/w1991617636,https://doi.org/10.1007/s00405-004-0877-y,,,0,
https://openalex.org/w2025560223,https://doi.org/10.4103/0019-5359.33712,,,0,
https://openalex.org/w1994605416,https://doi.org/10.1002/ddr.20466,,,0,
https://openalex.org/w2533192670,,,,0,
https://openalex.org/w2045607534,https://doi.org/10.1111/j.1538-7836.2006.02080.x,,,0,
https://openalex.org/w2316376194,https://doi.org/10.1097/mbc.0b013e3283403537,,,0,
https://openalex.org/w1982207491,https://doi.org/10.1182/blood-2002-08-2349,,,0,
https://openalex.org/w2156364960,https://doi.org/10.1111/j.1365-2133.2006.07536.x,,,0,
https://openalex.org/w2344761417,https://doi.org/10.1080/1744666x.2016.1178573,,,0,
https://openalex.org/w2177368405,https://doi.org/10.1016/j.autrev.2009.10.003,,,0,
https://openalex.org/w2013299813,https://doi.org/10.1016/j.gcb.2009.11.006,,,0,
https://openalex.org/w2065379900,https://doi.org/10.1002/mds.23863,,,0,
https://openalex.org/w2104572714,https://doi.org/10.1155/2013/794383,,,0,
https://openalex.org/w2269554558,https://doi.org/10.1016/j.ejogrb.2015.12.011,,,1,
https://openalex.org/w2077800201,https://doi.org/10.1160/th08-06-0393,,,0,
https://openalex.org/w2139315560,https://doi.org/10.1001/jamaneurol.2013.3105,,,0,
https://openalex.org/w4236353214,https://doi.org/10.1016/j.ccm.2010.07.004,,,0,
https://openalex.org/w1981815082,https://doi.org/10.1177/096120339600500602,,,0,
https://openalex.org/w2073566753,https://doi.org/10.3923/jms.2006.468.473,,,0,
https://openalex.org/w2739854214,https://doi.org/10.1007/s12016-017-8627-2,,,0,
https://openalex.org/w2047844358,https://doi.org/10.1177/0961203310376523,,,0,
https://openalex.org/w2091189087,https://doi.org/10.1002/art.1780400925,,,0,
https://openalex.org/w2756248492,https://doi.org/10.1111/imj.13426,,,0,
https://openalex.org/w2168006437,https://doi.org/10.1111/aogs.12038,,,0,
https://openalex.org/w2252405547,https://doi.org/10.1093/rheumatology/kev445,,,0,
https://openalex.org/w2396906328,,,,0,
https://openalex.org/w1971513081,https://doi.org/10.1016/j.cccn.2004.01.008,,,0,
https://openalex.org/w2109861965,https://doi.org/10.1016/j.plefa.2009.09.006,,,0,
https://openalex.org/w1974640470,https://doi.org/10.1016/j.autrev.2007.01.003,,,0,
https://openalex.org/w2005750417,https://doi.org/10.1016/j.thromres.2011.04.021,,,0,
https://openalex.org/w2559469168,https://doi.org/10.1136/heartjnl-2016-310872,,032-765-145-909-633,0,
https://openalex.org/w2000251864,https://doi.org/10.1016/j.autrev.2010.10.008,,,0,
https://openalex.org/w1897094044,https://doi.org/10.1160/th15-06-0491,,,1,
https://openalex.org/w1992063622,https://doi.org/10.1177/0961203308091541,,,0,
https://openalex.org/w2085054184,https://doi.org/10.1016/s0190-9622(03)01561-5,,,0,
https://openalex.org/w40524265,,,,0,
https://openalex.org/w1972091446,https://doi.org/10.1002/jcla.20093,,,0,
https://openalex.org/w2040325009,https://doi.org/10.1016/j.jstrokecerebrovasdis.2013.10.008,,,0,
https://openalex.org/w2012534464,https://doi.org/10.1111/j.1445-5994.1999.tb01607.x,,,0,
https://openalex.org/w2013340805,https://doi.org/10.1182/blood-2008-06-163279,,,0,
https://openalex.org/w2116214665,https://doi.org/10.1016/j.thromres.2006.04.007,,,0,
https://openalex.org/w2100230942,https://doi.org/10.15403/jgld.2014.1121.cpa,,,0,
https://openalex.org/w2029207164,https://doi.org/10.1016/j.preteyeres.2008.11.005,,,0,
https://openalex.org/w2125218019,https://doi.org/10.1053/j.ajkd.2003.09.011,,,0,
https://openalex.org/w2017707005,https://doi.org/10.1016/j.fertnstert.2009.06.033,,,0,
https://openalex.org/w325553294,https://doi.org/10.1182/blood.v78.11.2894.2894,,,0,
https://openalex.org/w2015256503,https://doi.org/10.1182/blood-2009-04-213520,,,0,
https://openalex.org/w2330114085,https://doi.org/10.1136/annrheumdis-2014-eular.4909,,,0,
https://openalex.org/w1978206910,https://doi.org/10.1159/000088541,,,0,
https://openalex.org/w2078158044,https://doi.org/10.1097/rhu.0b013e3181a64e9c,,,0,
https://openalex.org/w1738362035,https://doi.org/10.1111/j.1365-2362.2012.02697.x,,,0,
https://openalex.org/w2022540373,https://doi.org/10.1007/bf02079082,,,0,
https://openalex.org/w2073263219,https://doi.org/10.1111/j.1365-2362.2010.02263.x,,,0,
https://openalex.org/w2107818468,https://doi.org/10.1177/0961203307080224,,,0,
https://openalex.org/w2297978012,https://doi.org/10.1182/asheducation-2015.1.125,,,0,
https://openalex.org/w1981847321,https://doi.org/10.1016/j.thromres.2008.01.019,,,0,
https://openalex.org/w2088946550,https://doi.org/10.1080/08916930500124312,,,0,
https://openalex.org/w1993446979,https://doi.org/10.1111/j.1399-3038.2006.00510.x,,,0,
https://openalex.org/w2290641366,https://doi.org/10.1007/s11684-015-0426-7,,,0,
https://openalex.org/w2519314032,,,,0,
https://openalex.org/w2001839123,https://doi.org/10.1016/j.autrev.2008.11.006,,,0,
https://openalex.org/w1970643115,https://doi.org/10.1191/0961203302lu283xx,,,0,
https://openalex.org/w2034926455,https://doi.org/10.1007/s11926-007-0035-9,,,0,
https://openalex.org/w2009218410,https://doi.org/10.1111/j.1468-1331.2008.02373.x,,,0,
https://openalex.org/w1965561813,https://doi.org/10.1016/s0049-3848(13)70120-8,,,0,
https://openalex.org/w2516874514,https://doi.org/10.1016/j.semarthrit.2016.08.002,,015-579-684-569-089,0,
https://openalex.org/w1922557247,https://doi.org/10.1002/acr.22066,,,0,
https://openalex.org/w2416058780,,,,0,
https://openalex.org/w4292195787,https://doi.org/10.1007/s00415-009-5161-z,,,0,
https://openalex.org/w2100610641,https://doi.org/10.1160/th10-11-0724,,031-702-697-754-196,0,
https://openalex.org/w2327965887,https://doi.org/10.1515/cclm-2014-0569,,,0,
https://openalex.org/w2342019558,https://doi.org/10.1159/000421700,,,0,
https://openalex.org/w2113801790,https://doi.org/10.1017/s0965539511000131,,075-962-118-318-312,0,
https://openalex.org/w2091231128,https://doi.org/10.1177/096120339800700234,,,0,
https://openalex.org/w1996924412,https://doi.org/10.1155/2013/915309,,,0,
https://openalex.org/w2139979276,https://doi.org/10.1161/atvbaha.107.153536,,003-455-163-912-048,1,
https://openalex.org/w2091171762,https://doi.org/10.1097/ogx.0b013e31815e8731,,,0,
https://openalex.org/w2098824980,https://doi.org/10.1093/rheumatology/keh213,,,0,
https://openalex.org/w2003142837,https://doi.org/10.1111/j.1600-0609.2009.01243.x,,,0,
https://openalex.org/w1931143834,https://doi.org/10.1111/j.1468-1331.2010.03001.x,,,0,
https://openalex.org/w2346431637,https://doi.org/10.1016/j.neurol.2016.04.001,,,0,
https://openalex.org/w2084209220,https://doi.org/10.1016/0272-6386(95)90499-9,,,0,
https://openalex.org/w1992245783,https://doi.org/10.1053/j.jvca.2009.05.017,,,0,
https://openalex.org/w2596440192,https://doi.org/10.1080/17474086.2017.1300522,,,0,
https://openalex.org/w2076912624,https://doi.org/10.1177/096120339500400609,,,0,
https://openalex.org/w2530879673,https://doi.org/10.1111/apt.13815,,,0,
https://openalex.org/w2413613438,,,,0,
https://openalex.org/w2096698984,https://doi.org/10.1378/chest.126.3_suppl.204s,,,0,
https://openalex.org/w2000441109,https://doi.org/10.1159/000051789,,,0,
https://openalex.org/w2031862586,https://doi.org/10.1016/j.imbio.2005.10.006,,,0,
https://openalex.org/w2121913828,https://doi.org/10.1160/th14-04-0323,,,0,
https://openalex.org/w2054680378,https://doi.org/10.1016/j.thromres.2014.02.023,,,0,
https://openalex.org/w4296463886,https://doi.org/10.1177/2396987316642909,,,0,
https://openalex.org/w1942839341,,,,0,
https://openalex.org/w2129807202,,,,0,
https://openalex.org/w4245093480,https://doi.org/10.1007/s12288-017-0893-x,,,0,
https://openalex.org/w2296419251,https://doi.org/10.3109/14767058.2016.1152254,,,1,
https://openalex.org/w1514675308,https://doi.org/10.1002/ajh.20233,,,0,
https://openalex.org/w2340947171,https://doi.org/10.1160/th15-12-0947,,,0,
https://openalex.org/w2415557010,,,,0,
https://openalex.org/w1995879983,https://doi.org/10.1378/chest.14-1884,,,0,
https://openalex.org/w2333477412,https://doi.org/10.1056/nejmc1112230,,100-543-002-157-340,0,
https://openalex.org/w1967477555,https://doi.org/10.1007/s00296-007-0471-x,,,0,
https://openalex.org/w2031057149,https://doi.org/10.1002/art.21063,,,0,
https://openalex.org/w2094033136,https://doi.org/10.1016/j.ijoa.2003.12.005,,,0,
https://openalex.org/w1908263675,https://doi.org/10.1111/j.1365-2141.2010.08418.x,,,0,
https://openalex.org/w2019685037,https://doi.org/10.1016/j.ajog.2006.10.879,,,0,
https://openalex.org/w2044440425,https://doi.org/10.1136/pgmj.69.815.748,,,0,
https://openalex.org/w4240240100,https://doi.org/10.1093/rheumatology/kex062,,,0,
https://openalex.org/w2081684310,https://doi.org/10.1097/00005792-199805000-00005,,,0,
https://openalex.org/w2094539145,https://doi.org/10.1007/s00277-004-0910-7,,,0,
https://openalex.org/w2026435634,https://doi.org/10.1016/j.semarthrit.2007.10.003,,,0,
https://openalex.org/w2000206297,https://doi.org/10.1007/s10067-010-1513-4,,,0,
https://openalex.org/w2078789755,https://doi.org/10.1055/s-2003-38835,,,0,
https://openalex.org/w1968898408,https://doi.org/10.1016/s0198-8859(99)00035-x,,,0,
https://openalex.org/w165617374,,,,0,
https://openalex.org/w2223936841,https://doi.org/10.1155/2015/216362,,,0,
https://openalex.org/w2416456843,,,,0,
https://openalex.org/w3139375503,https://doi.org/10.1177/0961203396005001051,,,0,
https://openalex.org/w2027127576,https://doi.org/10.1111/j.1445-5994.1993.tb01735.x,,,0,
https://openalex.org/w2127565509,https://doi.org/10.1093/rheumatology/kes388,,,0,
https://openalex.org/w1964941905,https://doi.org/10.1111/j.1525-1470.2012.01832.x,,,0,
https://openalex.org/w2409761003,,,,0,
https://openalex.org/w2336527163,https://doi.org/10.1097/rhu.0000000000000208,,,0,
https://openalex.org/w2066400756,https://doi.org/10.2214/ajr.167.6.8956600,,,0,
https://openalex.org/w2488366592,,,,0,
https://openalex.org/w2064420122,https://doi.org/10.1177/096120339600500216,,,0,
https://openalex.org/w2757015556,https://doi.org/10.1016/j.ijrobp.2017.06.2071,,,0,
https://openalex.org/w2054631575,https://doi.org/10.1007/s11926-002-0081-2,,,0,
https://openalex.org/w1989338967,https://doi.org/10.3109/08880019309029507,,,0,
https://openalex.org/w2462912879,,,,0,
https://openalex.org/w4244920567,https://doi.org/10.1007/s00108-017-0235-y,,,0,
https://openalex.org/w2411271062,,,,0,
https://openalex.org/w352311056,https://doi.org/10.1007/s10067-015-2978-y,,,0,
https://openalex.org/w1968279976,https://doi.org/10.1177/0961203310386276,,,0,
https://openalex.org/w4246387170,https://doi.org/10.1007/s10165-013-0868-1,,,0,
https://openalex.org/w113327545,https://doi.org/10.1093/ajcp/96.6.755,,,0,
https://openalex.org/w2151971760,https://doi.org/,,,0,
https://openalex.org/w2075361529,https://doi.org/10.1007/s00404-011-2055-y,,,1,
https://openalex.org/w1996165465,https://doi.org/10.1046/j.1365-2249.2003.02180.x,,,0,
https://openalex.org/w2097620384,https://doi.org/10.4065/81.5.593,,,0,
https://openalex.org/w2092859296,https://doi.org/10.1016/j.autrev.2010.08.004,,,0,
https://openalex.org/w4247135939,https://doi.org/10.1136/annrheumdis-2013-203348,,,0,
https://openalex.org/w1548908354,https://doi.org/10.1055/s-0037-1616071,,,0,
https://openalex.org/w2156556638,https://doi.org/10.1016/j.imbio.2007.01.001,,,0,
https://openalex.org/w2580180163,https://doi.org/10.3760/cma.j.issn.0253-3758.2017.01.009,,,0,
https://openalex.org/w1992325618,https://doi.org/10.1016/j.autrev.2014.05.001,,,0,
https://openalex.org/w2090902351,https://doi.org/10.1007/bf02772245,,,0,
https://openalex.org/w2074160967,https://doi.org/10.1016/j.thromres.2014.11.034,,,0,
https://openalex.org/w2119990555,https://doi.org/10.1161/01.str.26.3.492,,,0,
https://openalex.org/w1967269239,https://doi.org/10.1034/j.1399-3003.2000.15b28.x,,,0,
https://openalex.org/w2042000176,https://doi.org/10.1097/00008480-200312000-00007,,,0,
https://openalex.org/w2554889830,https://doi.org/10.1016/j.jpag.2017.03.046,,,0,
https://openalex.org/w1990767332,https://doi.org/10.1002/art.1780291221,,025-661-462-712-228,0,
https://openalex.org/w1980128079,https://doi.org/10.1016/j.semarthrit.2014.10.005,,,0,
https://openalex.org/w2130677799,https://doi.org/10.1016/j.transci.2014.08.018,,,0,
https://openalex.org/w4211246758,https://doi.org/10.1016/j.ccc.2011.09.007,,,0,
https://openalex.org/w2406361720,,,,0,
https://openalex.org/w2414730724,,,,0,
https://openalex.org/w2479455987,https://doi.org/10.1186/s12969-016-0098-0,,,0,
https://openalex.org/w1965744549,https://doi.org/10.1007/s00234-003-0990-4,,,0,
https://openalex.org/w2132103149,https://doi.org/10.1177/0961203310395803,,,1,
https://openalex.org/w2161116994,https://doi.org/10.1016/j.pediatrneurol.2014.03.027,,,0,
https://openalex.org/w234637121,https://doi.org/10.1007/978-1-62703-339-8_32,,,0,
https://openalex.org/w2087870742,https://doi.org/10.1016/j.jaut.2011.11.010,,,0,
https://openalex.org/w2040237074,https://doi.org/10.1046/j.1365-2141.2002.03447.x,,,0,
https://openalex.org/w2145967015,https://doi.org/10.1177/107602969900500307,,,0,
https://openalex.org/w2038535975,https://doi.org/10.1006/jaut.2000.0407,,,0,
https://openalex.org/w1969231745,https://doi.org/10.1016/j.transproceed.2005.02.062,,,0,
https://openalex.org/w2320456519,https://doi.org/10.3109/14767058.2016.1160047,,,0,
https://openalex.org/w2155832334,https://doi.org/10.1136/fn.78.2.f121,,,0,
https://openalex.org/w2462913556,,,,0,
https://openalex.org/w2101635252,https://doi.org/10.1016/j.jvs.2008.12.017,,,0,
https://openalex.org/w1992094249,https://doi.org/10.1136/jcp.36.3.357,,,0,
https://openalex.org/w1981180563,https://doi.org/10.1111/j.1365-2133.1989.tb04170.x,,,0,
https://openalex.org/w2987598984,,,,0,
https://openalex.org/w2188301723,https://doi.org/10.1016/j.autrev.2015.11.009,,,0,
https://openalex.org/w1964644057,https://doi.org/10.1177/096120339700600706,,,0,
https://openalex.org/w2112364213,https://doi.org/10.1177/0961203312446386,,,1,
https://openalex.org/w1979538829,https://doi.org/10.1016/s0049-3848(97)00265-x,,,0,
https://openalex.org/w4313347858,https://doi.org/10.4049/jimmunol.163.8.4604,,,0,
https://openalex.org/w1990934262,https://doi.org/10.1001/archdermatol.2009.340,,,0,
https://openalex.org/w167774609,https://doi.org/10.1055/s-0038-1649940,,,0,
https://openalex.org/w1986911697,https://doi.org/10.1016/j.cair.2004.01.001,,,0,
https://openalex.org/w2000697838,https://doi.org/10.1111/j.1479-8077.2006.00160.x,,,0,
https://openalex.org/w2000542611,https://doi.org/10.1016/s0002-9394(99)00311-6,,,0,
https://openalex.org/w2090422523,https://doi.org/10.1016/j.jri.2012.02.004,,,1,
https://openalex.org/w2020464644,https://doi.org/10.1016/s1068-607x(97)00003-6,,,0,
https://openalex.org/w1980642012,https://doi.org/10.1016/j.ijcard.2009.02.019,,,0,
https://openalex.org/w1607072193,https://doi.org/10.1001/jama.291.22.2701-b,,,0,
https://openalex.org/w2753382111,https://doi.org/10.2169/internalmedicine.7937-16,,,0,
https://openalex.org/w2153962106,https://doi.org/10.1016/j.jtcvs.2003.07.016,,,0,
https://openalex.org/w2007945858,https://doi.org/10.1007/s11239-006-5570-0,,,0,
https://openalex.org/w2319442761,https://doi.org/10.2174/156800912800190893,,,0,
https://openalex.org/w2034698166,https://doi.org/10.1016/s1521-6934(03)00013-0,,,0,
https://openalex.org/w2002239776,https://doi.org/10.1182/blood-2002-05-1310,,,0,
https://openalex.org/w1981529343,https://doi.org/10.1111/jth.12518,,,0,
https://openalex.org/w2122820294,https://doi.org/10.1016/0049-0172(90)90021-7,,,0,
https://openalex.org/w2004649074,https://doi.org/10.1080/00016340600608477,,037-157-652-771-635,0,
https://openalex.org/w2071671121,https://doi.org/10.1097/01.md.0000133622.03370.07,,,0,
https://openalex.org/w4241534537,https://doi.org/10.1001/jama.2017.4854,,,0,
https://openalex.org/w2410999492,,,,0,
https://openalex.org/w2157724327,https://doi.org/10.1097/01.mcp.0000170520.63874.fb,,,0,
https://openalex.org/w2126408227,https://doi.org/10.1093/rheumatology/ken181,,,0,
https://openalex.org/w2409208910,https://doi.org/10.1136/annrheumdis-2015-eular.2131,,,0,
https://openalex.org/w2316286363,https://doi.org/10.3899/jrheum.140737,,,0,
https://openalex.org/w2015324865,https://doi.org/10.1007/s11940-012-0204-7,,,0,
https://openalex.org/w2565513620,https://doi.org/10.12890/2016_000534,,,0,
https://openalex.org/w1965188414,https://doi.org/10.1111/j.1365-2141.2009.07718.x,,,0,
https://openalex.org/w2068842689,https://doi.org/10.1016/s0049-3848(99)00096-1,,,0,
https://openalex.org/w2091148061,https://doi.org/10.1191/0961203305lu2124oa,,,0,
https://openalex.org/w2615085236,https://doi.org/10.1016/j.revmed.2012.01.003,,,0,
https://openalex.org/w2071331716,https://doi.org/10.1179/acb.2002.017,,,0,
https://openalex.org/w2302815210,,,,0,
https://openalex.org/w1847204890,https://doi.org/10.1016/j.rmcr.2015.04.001,,,0,
https://openalex.org/w2593693237,https://doi.org/10.1016/s0049-3848(17)30121-4,,,0,
https://openalex.org/w2076955945,https://doi.org/10.1046/j.1365-2133.2001.04361.x,,,0,
https://openalex.org/w2082545002,https://doi.org/10.1007/s00547-005-2023-0,,,0,
https://openalex.org/w2139815238,https://doi.org/10.1542/peds.2005-0433,,,0,
https://openalex.org/w4251768598,https://doi.org/10.1097/01.tp.0000466756.12953.0b,,,0,
https://openalex.org/w1498611050,https://doi.org/10.1182/blood-2014-06-576983,,009-011-203-471-736,0,
https://openalex.org/w2049535959,https://doi.org/10.1016/s0161-6420(99)90450-5,,,0,
https://openalex.org/w2587434729,https://doi.org/10.1182/blood.v116.21.805.805,,,0,
https://openalex.org/w1978402214,https://doi.org/10.1159/000009930,,,0,
https://openalex.org/w2079616466,https://doi.org/10.3109/08916939609001953,,044-346-840-815-945,0,
https://openalex.org/w2247673330,,,,0,
https://openalex.org/w1991962916,https://doi.org/10.1055/s-0031-1293206,,,0,
https://openalex.org/w2024208771,https://doi.org/10.3109/01658109109036956,,,0,
https://openalex.org/w2054495051,https://doi.org/10.1191/0961203303lu409oa,,,0,
https://openalex.org/w2014368662,https://doi.org/10.1016/s0049-0172(99)80029-8,,,1,
https://openalex.org/w2009620865,https://doi.org/10.1016/j.jmv.2012.11.003,,,0,
https://openalex.org/w2019934651,https://doi.org/10.1016/s0741-5214(00)90170-8,,,0,
https://openalex.org/w2009311659,https://doi.org/10.1038/nrrheum.2010.62,,,0,
https://openalex.org/w2076062730,https://doi.org/10.1055/s-2005-836796,,,0,
https://openalex.org/w1976565454,https://doi.org/10.1034/j.1600-0897.2003.00069.x,,,0,
https://openalex.org/w2313898516,https://doi.org/10.1097/00043426-199705000-00005,,,0,
https://openalex.org/w2084234423,https://doi.org/10.1182/blood-2007-01-066043,,,0,
https://openalex.org/w1827811237,https://doi.org/10.1177/039463201402700313,,,0,
https://openalex.org/w2148488675,https://doi.org/10.1080/10446670410001722186,,,0,
https://openalex.org/w2166521431,https://doi.org/10.1007/s11926-013-0360-0,,,0,
https://openalex.org/w2120968517,https://doi.org/10.1517/14728222.2010.524207,,,0,
https://openalex.org/w2056054822,https://doi.org/10.1016/s0015-0282(99)00498-7,,,0,
https://openalex.org/w2035383410,https://doi.org/10.1016/j.mehy.2012.11.011,,,0,
https://openalex.org/w2101876148,https://doi.org/10.1172/jci116396,,,0,
https://openalex.org/w2142659101,https://doi.org/10.1186/ar3910,,,0,
https://openalex.org/w1973354852,https://doi.org/10.1136/ard.48.11.933,,,0,
https://openalex.org/w2026596736,https://doi.org/10.1182/blood-2005-01-0330,,,0,
https://openalex.org/w2147329330,https://doi.org/10.1177/153857440503900201,,,0,
https://openalex.org/w2027389605,https://doi.org/10.1016/j.thromres.2004.06.010,,,0,
https://openalex.org/w2749416759,https://doi.org/10.1515/jpm-2017-0092,,,0,
https://openalex.org/w2099148034,https://doi.org/10.3109/08916939809003861,,,0,
https://openalex.org/w1975383264,https://doi.org/10.1007/s11926-010-0144-8,,,0,
https://openalex.org/w2087617568,https://doi.org/10.1097/00001622-200307000-00002,,,0,
https://openalex.org/w2027520912,https://doi.org/10.1007/s11926-007-0004-3,,,0,
https://openalex.org/w2028831024,https://doi.org/10.1002/art.11332,,,0,
https://openalex.org/w4300569428,https://doi.org/10.1111/j.1538-7836.2011.04380_2.x,,,0,
https://openalex.org/w2052178194,https://doi.org/10.1007/bf02591406,,,0,
https://openalex.org/w2091995060,https://doi.org/10.1007/s12016-007-0009-8,,,0,
https://openalex.org/w2052273944,https://doi.org/10.1111/j.1346-8138.2000.tb02231.x,,,0,
https://openalex.org/w2081010201,https://doi.org/10.1007/bf01696561,,,0,
https://openalex.org/w2328081586,https://doi.org/10.1097/aog.0b013e3181f4e012,,091-571-347-048-83X,0,
https://openalex.org/w2067806816,https://doi.org/10.1210/jc.2013-1804,,,0,
https://openalex.org/w2034955380,https://doi.org/10.1007/s11239-010-0511-3,,,0,
https://openalex.org/w2588110643,https://doi.org/10.1016/j.autrev.2017.02.004,,,1,
https://openalex.org/w2135644141,https://doi.org/10.1186/1750-1172-8-10,,,0,
https://openalex.org/w2027317739,https://doi.org/10.1007/s13311-011-0096-3,,,0,
https://openalex.org/w2058137376,https://doi.org/10.1177/0883073809339060,,,0,
https://openalex.org/w1987705835,https://doi.org/10.1002/ajh.23196,,,0,
https://openalex.org/w2016956976,https://doi.org/10.1191/0961203306lu2341oa,,,0,
https://openalex.org/w2413124283,,,,0,
https://openalex.org/w2396944239,,,,0,
https://openalex.org/w1488742384,https://doi.org/10.1111/j.1538-7836.2005.01295.x,,,1,
https://openalex.org/w1989143954,https://doi.org/10.1097/01.blo.0000238848.41670.41,,,0,
https://openalex.org/w2068143477,https://doi.org/10.1007/s00247-006-0183-5,,,0,
https://openalex.org/w2012923240,https://doi.org/10.1378/chest.119.1_suppl.22s,,,0,
https://openalex.org/w2092125033,https://doi.org/10.1016/j.thromres.2004.06.029,,,0,
https://openalex.org/w2042911445,https://doi.org/10.1017/s0965539504001317,,021-971-587-801-273,0,
https://openalex.org/w1999192897,https://doi.org/10.1002/art.21437,,,0,
https://openalex.org/w1990413716,https://doi.org/10.2169/internalmedicine.49.3570,,,0,
https://openalex.org/w2413729035,,,,0,
https://openalex.org/w2168572364,https://doi.org/10.1093/ndt/16.1.12,,083-390-393-905-000,0,
https://openalex.org/w2087207343,https://doi.org/10.1016/j.autrev.2013.05.004,,,1,
https://openalex.org/w1993111202,https://doi.org/10.1160/th14-02-0122,,,0,
https://openalex.org/w2088919861,https://doi.org/10.1016/s1297-319x(01)00330-x,,,0,
https://openalex.org/w2419065454,,,,0,
https://openalex.org/w206784804,,,,0,
https://openalex.org/w2050563921,https://doi.org/10.1016/j.autrev.2005.02.005,,,0,
https://openalex.org/w2145485952,https://doi.org/10.1016/0190-9622(93)70254-q,,,0,
https://openalex.org/w2114599901,https://doi.org/10.1016/j.fertnstert.2007.01.026,,,0,
https://openalex.org/w2172032024,https://doi.org/10.1097/00001703-200312000-00008,,,0,
https://openalex.org/w2397696167,,,,0,
https://openalex.org/w2725043889,https://doi.org/10.1097/md.0000000000007308,,,0,
https://openalex.org/w2156967456,https://doi.org/10.1177/0961203312446387,,,0,
https://openalex.org/w2060366265,https://doi.org/10.1097/01.mbc.0000114442.59147.8d,,,0,
https://openalex.org/w2018768587,https://doi.org/10.1177/175114371301400216,,,0,
https://openalex.org/w2416185973,https://doi.org/10.1097/00007611-197007000-00007,,,0,
https://openalex.org/w2411782901,,,,0,
https://openalex.org/w2342385502,https://doi.org/10.1002/acr.22921,,,0,
https://openalex.org/w2070651514,https://doi.org/10.1177/1076029614553023,,,0,
https://openalex.org/w1880061062,https://doi.org/10.1177/096120339600500511,,,0,
https://openalex.org/w2087266162,https://doi.org/10.1160/th04-11-0723,,,1,
https://openalex.org/w2121214216,https://doi.org/10.1016/j.cppeds.2013.05.005,,,0,
https://openalex.org/w2040428956,https://doi.org/10.1016/0002-9343(94)90108-2,,,0,
https://openalex.org/w2409456402,,,,0,
https://openalex.org/w2550930294,https://doi.org/10.1080/21678707.2017.1257937,,,0,
https://openalex.org/w2734845466,https://doi.org/10.1016/j.autrev.2017.07.012,,,0,
https://openalex.org/w2066304602,https://doi.org/10.1016/j.semarthrit.2005.07.003,,,0,
https://openalex.org/w1995177596,https://doi.org/10.1186/1546-0096-11-s2-i10,,,0,
https://openalex.org/w4231870659,https://doi.org/10.1177/0961203310365206,,,0,
https://openalex.org/w2052925499,https://doi.org/10.1182/blood-2009-05-220756,,,0,
https://openalex.org/w105975759,https://doi.org/10.14670/hh-25.527,,,0,
https://openalex.org/w1983984631,https://doi.org/10.1093/humupd/dmv005,,,0,
https://openalex.org/w2526193012,https://doi.org/10.1111/jdv.13986,,,0,
https://openalex.org/w2161234546,https://doi.org/10.1590/1806-9282.60.02.016,,,0,
https://openalex.org/w2401967365,,,,0,
https://openalex.org/w2278093194,https://doi.org/10.1136/annrheumdis-2016-209770,,,1,
https://openalex.org/w1963838572,https://doi.org/10.1111/jth.12917,,,0,
https://openalex.org/w2032932299,https://doi.org/10.1016/s0973-3698(10)60094-5,,,0,
https://openalex.org/w2401457086,https://doi.org/10.1111/jdv.13724,,,0,
https://openalex.org/w2118000022,,,,0,
https://openalex.org/w2417996629,https://doi.org/10.1055/s-0038-1649646,,,0,
https://openalex.org/w2611424230,https://doi.org/10.1007/s00296-017-3727-0,,,0,
https://openalex.org/w2203663529,https://doi.org/10.1189/jlb.5bt0615-234r,,,0,
https://openalex.org/w2469465587,,,,0,
https://openalex.org/w1822338637,https://doi.org/10.1111/j.1538-7836.2010.03909.x,,,0,
https://openalex.org/w1998601114,https://doi.org/10.1002/art.10510,,,0,
https://openalex.org/w2186289584,,,,0,
https://openalex.org/w2140406255,https://doi.org/10.1136/jcp.54.9.693,,,0,
https://openalex.org/w2779739178,https://doi.org/10.2169/internalmedicine.9820-17,,,0,
https://openalex.org/w1964751558,https://doi.org/10.1016/0002-9378(89)90681-9,,,0,
https://openalex.org/w2168721331,https://doi.org/10.1191/096120300678828532,,,0,
https://openalex.org/w2325463982,https://doi.org/10.1164/ajrccm-conference.2010.181.1_meetingabstracts.a4722,,,0,
https://openalex.org/w2917581429,https://doi.org/10.1186/s13054-017-1630-4,,,0,
https://openalex.org/w2123915953,https://doi.org/10.1684/abc.2012.0765,,,0,
https://openalex.org/w2591837133,https://doi.org/10.1161/hypertensionaha.117.09036,,,0,
https://openalex.org/w1976786306,https://doi.org/10.1016/j.thromres.2004.06.019,,,0,
https://openalex.org/w2141141867,https://doi.org/10.1136/ard.2006.061671,,,0,
https://openalex.org/w2012212503,https://doi.org/10.1002/ajh.2830470404,,,0,
https://openalex.org/w2075595968,https://doi.org/10.1002/art.34440,,,0,
https://openalex.org/w2104066106,https://doi.org/10.1160/th14-10-0848,,,0,
https://openalex.org/w2012049363,https://doi.org/10.1078/0171-2985-00213,,,0,
https://openalex.org/w4240842129,https://doi.org/10.1111/j.1365-2141.1990.tb02530.x,,,0,
https://openalex.org/w1994367646,https://doi.org/10.2165/00024677-200403010-00003,,,0,
https://openalex.org/w2417691192,https://doi.org/10.1136/ejhpharm-2016-000875.114,,,0,
https://openalex.org/w1985802022,https://doi.org/10.1007/s11936-009-0012-x,,,0,
https://openalex.org/w2056788755,https://doi.org/10.1111/j.1538-7836.2005.01185.x,,046-713-136-879-317,1,
https://openalex.org/w1978091022,https://doi.org/10.1177/0961203310389099,,,0,
https://openalex.org/w1156669805,https://doi.org/10.2165/11591670-000000000-00000,,,0,
https://openalex.org/w2041889018,https://doi.org/10.1007/s10067-006-0231-4,,,0,
https://openalex.org/w2098272040,https://doi.org/10.1016/j.rdc.2007.02.003,,,0,
https://openalex.org/w2000190133,https://doi.org/10.1177/0961203314531842,,,0,
https://openalex.org/w2026699825,https://doi.org/10.1182/blood-2011-12-400986,,,0,
https://openalex.org/w2014136441,https://doi.org/10.1016/j.autrev.2012.11.008,,,0,
https://openalex.org/w2727017182,https://doi.org/10.1016/j.ejim.2017.06.022,,,0,
https://openalex.org/w2086380144,https://doi.org/10.1046/j.1538-7836.2003.00102.x,,,0,
https://openalex.org/w2046514624,https://doi.org/10.1016/j.berh.2009.01.009,,,0,
https://openalex.org/w2103369794,https://doi.org/10.1177/096120339500400210,,,0,
https://openalex.org/w2033453953,https://doi.org/10.1378/chest.129.2.452,,,0,
https://openalex.org/w2057904606,https://doi.org/10.1136/ard.52.8.623-a,,031-526-991-001-830,0,
https://openalex.org/w2079919453,https://doi.org/10.1007/s11926-009-0011-7,,,0,
https://openalex.org/w1648490306,https://doi.org/10.1542/peds.96.6.1040,,,0,
https://openalex.org/w2417851578,,,,0,
https://openalex.org/w59068952,,,,0,
https://openalex.org/w2067587754,https://doi.org/10.1007/s11739-008-0170-y,,,0,
https://openalex.org/w2334075918,https://doi.org/10.1097/mbc.0000000000000072,,,0,
https://openalex.org/w2060104467,https://doi.org/10.1002/acr.20098,,,0,
https://openalex.org/w2152893744,https://doi.org/10.1177/0961203312437440,,,0,
https://openalex.org/w2001143440,https://doi.org/10.1007/bf02207930,,,0,
https://openalex.org/w98544827,https://doi.org/10.1182/blood.v84.12.4203.bloodjournal84124203,,,0,
https://openalex.org/w2168665411,https://doi.org/10.1111/j.1538-7836.2005.01612.x,,066-863-544-789-985,0,
https://openalex.org/w2083060040,https://doi.org/10.1002/art.10552,,,0,
https://openalex.org/w2039200195,https://doi.org/10.1002/art.34402,,,1,
https://openalex.org/w2600001655,https://doi.org/10.1080/17843286.2016.1250435,,,0,
https://openalex.org/w2134193091,https://doi.org/10.1038/sj.gene.6364443,,,0,
https://openalex.org/w2169257879,https://doi.org/10.1038/nrneurol.2014.72,,,0,
https://openalex.org/w2062122755,https://doi.org/10.1002/acr.21701,,,0,
https://openalex.org/w2404132994,https://doi.org/10.1055/s-0038-1655994,,,0,
https://openalex.org/w2312762465,https://doi.org/10.5414/cnp71575,,,0,
https://openalex.org/w1508854767,,,,0,
https://openalex.org/w193984596,https://doi.org/10.1007/978-1-62703-586-6_4,,,0,
https://openalex.org/w1711327946,https://doi.org/10.1111/ajt.12540,,,0,
https://openalex.org/w2146383731,https://doi.org/10.1034/j.1399-0012.2002.02024.x,,,0,
https://openalex.org/w2419620923,,,,0,
https://openalex.org/w1167373269,https://doi.org/10.2169/internalmedicine.54.4058,,,0,
https://openalex.org/w2621426447,https://doi.org/10.1016/j.autrev.2014.03.002,,,1,
https://openalex.org/w1590519603,https://doi.org/10.3389/fimmu.2015.00205,,,0,
https://openalex.org/w2395748728,,,,0,
https://openalex.org/w2156066122,https://doi.org/10.1155/2015/161497,,,0,
https://openalex.org/w4254350532,https://doi.org/10.1016/j.reuma.2008.09.008,,,0,
https://openalex.org/w2008931114,https://doi.org/10.1053/j.semperi.2009.02.004,,,0,
https://openalex.org/w2037140213,https://doi.org/10.1177/096120339700600502,,,0,
https://openalex.org/w2418550408,https://doi.org/10.1055/s-0038-1646306,,,0,
https://openalex.org/w4233059664,https://doi.org/10.1007/s10238-003-0016-x,,,0,
https://openalex.org/w1183998256,https://doi.org/10.20452/pamw.3051,,,0,
https://openalex.org/w2413498721,https://doi.org/10.1016/s0015-0282(16)60188-7,,,0,
https://openalex.org/w2039525222,https://doi.org/10.1161/01.cir.97.22.2195,,053-669-841-475-367,0,
https://openalex.org/w2043541492,https://doi.org/10.1136/annrheumdis-2012-202470,,,0,
https://openalex.org/w2061375905,https://doi.org/10.1371/journal.pone.0071402,,,0,
https://openalex.org/w2001209831,https://doi.org/10.1097/00007890-199907270-00014,,,0,
https://openalex.org/w2048272256,https://doi.org/10.1016/j.annder.2012.01.019,,,0,
https://openalex.org/w2462309301,,,,0,
https://openalex.org/w2006054455,https://doi.org/10.1007/s13224-015-0682-0,,,0,
https://openalex.org/w2053576633,https://doi.org/10.1097/00003081-199409000-00025,,,0,
https://openalex.org/w2114638396,https://doi.org/10.1136/ard.2010.130476,,,0,
https://openalex.org/w2041890463,https://doi.org/10.1080/00015550310016553,,,0,
https://openalex.org/w2335257583,https://doi.org/10.1093/ajcp/106.4.549,,,0,
https://openalex.org/w4241778516,https://doi.org/10.1007/s11606-011-1730-9,,,0,
https://openalex.org/w2314175319,https://doi.org/10.1016/j.amjcard.2015.01.381,,,0,
https://openalex.org/w2581016341,https://doi.org/10.1182/blood.v114.22.2972.2972,,,0,
https://openalex.org/w2106464585,https://doi.org/10.1136/ard.47.11.947,,,0,
https://openalex.org/w2069794594,https://doi.org/10.1182/blood-2002-11-3334,,004-166-941-531-539,0,
https://openalex.org/w2474516005,https://doi.org/10.1055/s-0038-1651023,,,0,
https://openalex.org/w2518708931,https://doi.org/10.1016/j.berh.2016.07.004,,,0,
https://openalex.org/w2394607819,https://doi.org/10.1056/nejm199509073331016,,,0,
https://openalex.org/w2413595463,https://doi.org/10.1136/annrheumdis-2015-eular.3603,,,0,
https://openalex.org/w2033544466,https://doi.org/10.1016/j.autrev.2012.12.006,,,0,
https://openalex.org/w2004364164,https://doi.org/10.1016/s0889-857x(05)70317-3,,,0,
https://openalex.org/w1979983157,https://doi.org/10.1002/art.20957,,,0,
https://openalex.org/w2117814062,https://doi.org/10.1111/j.1600-0897.2006.00376.x,,,0,
https://openalex.org/w2465716011,,,,0,
https://openalex.org/w2150329253,https://doi.org/10.3109/08830185.2013.863304,,,0,
https://openalex.org/w2076312044,https://doi.org/10.1016/s0015-0282(03)00610-1,,,0,
https://openalex.org/w2076239901,https://doi.org/10.1097/mbc.0b013e3282f09de2,,,0,
https://openalex.org/w2426221128,,,,0,
https://openalex.org/w2018802373,https://doi.org/10.1007/s11926-014-0426-7,,,0,
https://openalex.org/w2556090243,https://doi.org/10.1097/mbc.0000000000000608,,,0,
https://openalex.org/w1972437914,https://doi.org/10.1191/096120398678920262,,,0,
https://openalex.org/w2069540608,https://doi.org/10.1182/blood-2010-07-299099,,,0,
https://openalex.org/w2129732598,https://doi.org/10.1136/ard.2011.153817,,,1,
https://openalex.org/w1988460329,https://doi.org/10.1136/bmj.326.7380.93,,103-960-155-775-023,0,
https://openalex.org/w2886314447,,,,0,
https://openalex.org/w2062243940,https://doi.org/10.1016/s2210-7789(10)60107-9,,,0,
https://openalex.org/w2071923098,https://doi.org/10.1097/md.0b013e31818ec711,,,0,
https://openalex.org/w2018393573,https://doi.org/10.1097/mbc.0b013e328331e664,,,0,
https://openalex.org/w2170040390,https://doi.org/10.1542/peds.2011-1694,,,0,
https://openalex.org/w1994128502,https://doi.org/10.1160/th05-11-0737,,,0,
https://openalex.org/w2005862031,https://doi.org/10.1097/nrl.0b013e3181f954a7,,,0,
https://openalex.org/w4247754266,https://doi.org/10.1097/01.bor.0000218943.89365.13,,,0,
https://openalex.org/w2414769544,https://doi.org/10.1177/0961203316641772,,,0,
https://openalex.org/w3143214826,https://doi.org/10.1177/0961203317707829,,,0,
https://openalex.org/w1988648588,https://doi.org/10.1016/j.purol.2008.11.007,,,0,
https://openalex.org/w2054341977,https://doi.org/10.1016/j.jbspin.2012.08.014,,,0,
https://openalex.org/w2183432746,,,,0,
https://openalex.org/w1996245349,https://doi.org/10.1159/000255968,,,0,
https://openalex.org/w2143284579,https://doi.org/10.1136/gut.49.6.852,,,0,
https://openalex.org/w2409140625,,,,0,
https://openalex.org/w2035927086,https://doi.org/10.1016/s0140-6736(84)90517-8,,,0,
https://openalex.org/w2093373139,https://doi.org/10.3899/jrheum.140760,,064-184-389-664-009,0,
https://openalex.org/w2090469992,https://doi.org/10.1177/096120339600500103,,,0,
https://openalex.org/w2328599007,https://doi.org/10.1097/iae.0b013e318207ceab,,,0,
https://openalex.org/w2003559303,https://doi.org/10.1016/j.jstrokecerebrovasdis.2014.05.025,,,0,
https://openalex.org/w2117648402,https://doi.org/10.1111/j.1526-4610.1991.hed3108537.x,,,0,
https://openalex.org/w2433503938,,,,0,
https://openalex.org/w4239671562,https://doi.org/10.1007/s11606-010-1338-5,,,0,
https://openalex.org/w1606985221,https://doi.org/10.1542/peds.90.1.96,,013-782-210-709-01X,0,
https://openalex.org/w2140446394,https://doi.org/10.1111/j.1600-0412.2011.01236.x,,,1,
https://openalex.org/w2156101921,https://doi.org/10.1517/14656566.2012.678834,,,0,
https://openalex.org/w2332970600,https://doi.org/10.1097/mph.0000000000000116,,,0,
https://openalex.org/w2346862712,https://doi.org/10.3760/cma.j.issn.0578-1426.2016.05.011,,,0,
https://openalex.org/w2671554439,https://doi.org/10.1186/s12865-017-0213-0,,,0,
https://openalex.org/w2749209292,https://doi.org/10.1093/rheumatology/kex130,,,0,
https://openalex.org/w2000908911,https://doi.org/10.1253/circj.66.425,,,0,
https://openalex.org/w2038361482,https://doi.org/10.1016/j.ijgo.2010.09.010,,,1,
https://openalex.org/w2083000761,https://doi.org/10.2169/internalmedicine.36.528,,,0,
https://openalex.org/w2067102306,https://doi.org/10.1016/s0973-3698(10)60373-1,,,0,
https://openalex.org/w2100050089,,,,0,
https://openalex.org/w2031568673,https://doi.org/10.1007/s12016-008-8101-2,,,0,
https://openalex.org/w2083924408,https://doi.org/10.3899/jrheum.081079,,,0,
https://openalex.org/w2068873137,https://doi.org/10.1016/s0002-9378(11)91619-6,,,0,
https://openalex.org/w1837874984,,,,0,
https://openalex.org/w2034503606,https://doi.org/10.1007/s12016-008-8096-8,,,0,
https://openalex.org/w4253250311,https://doi.org/10.2174/1874303x01508010022,,,0,
https://openalex.org/w1985587515,https://doi.org/10.1055/s-2007-994176,,,0,
https://openalex.org/w2093329957,https://doi.org/10.1002/art.34661,,,0,
https://openalex.org/w2322550083,https://doi.org/10.1177/0961203316640912,,,0,
https://openalex.org/w2032152641,https://doi.org/10.1177/0961203309103303,,,1,
https://openalex.org/w2332828582,https://doi.org/10.1097/00001721-200212000-00006,,,0,
https://openalex.org/w2036248013,https://doi.org/10.1016/j.autrev.2007.11.004,,,0,
https://openalex.org/w2082418959,https://doi.org/10.3109/01443615.2014.948403,,053-190-728-651-387,0,
https://openalex.org/w2330483810,https://doi.org/10.1097/mbc.0000000000000518,,,0,
https://openalex.org/w1980689054,https://doi.org/10.1111/j.1365-2141.1993.tb03220.x,,,0,
https://openalex.org/w2418106187,,,,0,
https://openalex.org/w1841914001,https://doi.org/10.1055/s-0037-1613087,,,0,
https://openalex.org/w2024192783,https://doi.org/10.1007/s11882-012-0333-9,,,0,
https://openalex.org/w2094720282,https://doi.org/10.1111/j.1600-0897.1998.tb00066.x,,,0,
https://openalex.org/w2135360484,https://doi.org/10.1002/ajh.23128,,,0,
https://openalex.org/w2164929666,https://doi.org/10.1016/s0168-8278(05)80622-1,,,0,
https://openalex.org/w2324233271,https://doi.org/10.1136/annrheumdis-2012-eular.1504,,,0,
https://openalex.org/w2070587608,https://doi.org/10.1191/0961203306lu2293rr,,,0,
https://openalex.org/w1983157452,https://doi.org/10.1016/j.hlc.2005.01.003,,,0,
https://openalex.org/w2411425907,https://doi.org/10.1055/s-0038-1642503,,,0,
https://openalex.org/w2007994513,https://doi.org/10.4161/derm.2.2.13372,,,0,
https://openalex.org/w177481628,https://doi.org/10.5114/aoms.2012.32426,,,0,
https://openalex.org/w1997575452,https://doi.org/10.1046/j.1365-2141.2003.04187.x,,,0,
https://openalex.org/w2125912665,https://doi.org/10.3109/00313020903257731,,,0,
https://openalex.org/w2021057609,https://doi.org/10.1007/s12016-008-8113-y,,,0,
https://openalex.org/w2555918156,https://doi.org/10.1097/01.ccm.0000510423.61375.59,,,0,
https://openalex.org/w2058663872,https://doi.org/10.1111/hae.12027,,,0,
https://openalex.org/w2118264247,,,,0,
https://openalex.org/w2019106656,https://doi.org/10.1038/sj.jp.7211052,,,0,
https://openalex.org/w2119711245,https://doi.org/10.1016/0011-3840(85)90015-2,,,0,
https://openalex.org/w777183297,https://doi.org/10.1016/j.autrev.2015.07.001,,,0,
https://openalex.org/w2028571150,https://doi.org/10.1111/j.1538-7836.2007.02384.x,,,0,
https://openalex.org/w2075937023,https://doi.org/10.1191/0961203302lu178oa,,,0,
https://openalex.org/w2136099689,https://doi.org/10.1097/00062752-199704050-00007,,,0,
https://openalex.org/w2523673178,https://doi.org/10.5603/kp.2016.0074,,,0,
https://openalex.org/w2169704618,https://doi.org/10.1111/j.1365-2516.2009.02034.x,,,0,
https://openalex.org/w4255301081,https://doi.org/10.1111/ijs.12375,,,0,
https://openalex.org/w2330452065,https://doi.org/10.1093/ajcp/93.6.771,,,0,
https://openalex.org/w2004095203,https://doi.org/10.1002/1529-0131(199912)42:12<2689::aid-anr27>3.0.co;2-x,,,0,
https://openalex.org/w2755614930,https://doi.org/10.1016/j.jisp.2017.02.001,,,0,
https://openalex.org/w2190915712,,,,0,
https://openalex.org/w2048520108,https://doi.org/10.1016/s1568-9972(01)00006-4,,,0,
https://openalex.org/w2604799236,https://doi.org/10.1002/prp2.307,,,0,
https://openalex.org/w2110922004,https://doi.org/10.1177/0961203312444172,,,1,
https://openalex.org/w2043721693,https://doi.org/10.1111/j.1365-2141.1991.tb08087.x,,,0,
https://openalex.org/w2333235427,https://doi.org/10.2174/138161282004140213125951,,,0,
https://openalex.org/w2403848741,,,,0,
https://openalex.org/w2005477697,https://doi.org/10.1016/j.jaut.2011.02.008,,,0,
https://openalex.org/w2103671940,https://doi.org/10.1093/rheumatology/ker353,,,0,
https://openalex.org/w2420878734,,,,0,
https://openalex.org/w2073110122,https://doi.org/10.1007/s10067-006-0417-9,,,0,
https://openalex.org/w4252956206,https://doi.org/10.1097/00006250-200511000-00056,,175-277-285-810-048,0,
https://openalex.org/w122537507,https://doi.org/10.1007/978-1-4419-8216-2_6,,,0,
https://openalex.org/w2024761692,https://doi.org/10.1055/s-2007-985755,,,0,
https://openalex.org/w2402169155,,,,0,
https://openalex.org/w2145152201,https://doi.org/10.1111/j.1600-6143.2009.02855.x,,,0,
https://openalex.org/w1986913965,https://doi.org/10.1016/j.rdc.2006.05.008,,,0,
https://openalex.org/w2004888846,https://doi.org/10.1016/0002-9378(92)91596-3,,,1,
https://openalex.org/w2062672509,https://doi.org/10.1007/s00296-011-1886-y,,,0,
https://openalex.org/w103507736,https://doi.org/10.1016/s0889-857x(21)00207-6,,,0,
https://openalex.org/w1964697705,https://doi.org/10.1016/s0049-3848(02)00055-5,,,0,
https://openalex.org/w2320130322,https://doi.org/10.1136/annrheumdis-2014-eular.2537,,,0,
https://openalex.org/w2093275036,https://doi.org/10.1007/bf01452251,,,0,
https://openalex.org/w50137095,,,,0,
https://openalex.org/w2025182171,https://doi.org/10.1111/j.1538-7836.2005.01417.x,,,0,
https://openalex.org/w2084026328,https://doi.org/10.1055/s-2007-1001887,,,0,
https://openalex.org/w2132129692,https://doi.org/10.1007/s00776-008-1266-y,,,0,
https://openalex.org/w2110832637,https://doi.org/10.1016/j.blre.2007.09.001,,,0,
https://openalex.org/w2513739762,https://doi.org/10.4103/1596-3519.188894,,,0,
https://openalex.org/w2325445566,https://doi.org/10.1016/s0025-7125(16)30152-3,,,0,
https://openalex.org/w2063318144,https://doi.org/10.1136/jclinpath-2011-200613,,,0,
https://openalex.org/w2033560033,https://doi.org/10.1038/nm1121,,,0,
https://openalex.org/w2408012753,,,,0,
https://openalex.org/w2519310784,https://doi.org/10.1002/14651858.cd012198,,,0,
https://openalex.org/w2125576199,,,,0,
https://openalex.org/w1895443625,,,,0,
https://openalex.org/w2065904428,https://doi.org/10.1136/ewjm.172.5.325,,,0,
https://openalex.org/w11606147,https://doi.org/10.1055/s-0038-1650316,,,0,
https://openalex.org/w2335259150,https://doi.org/10.1097/mbc.0b013e32835a72aa,,,0,
https://openalex.org/w2088021101,https://doi.org/10.1007/s12019-996-0003-8,,,0,
https://openalex.org/w2591996356,https://doi.org/10.1016/s0049-3848(17)30189-5,,,0,
https://openalex.org/w2125074713,https://doi.org/10.1016/j.thromres.2015.03.030,,,0,
https://openalex.org/w2180695567,https://doi.org/10.3390/ijms161226104,,,0,
https://openalex.org/w2098489187,https://doi.org/10.2174/138161282004140213143843,,,0,
https://openalex.org/w1973794302,https://doi.org/10.1016/j.placenta.2012.07.019,,,0,
https://openalex.org/w2133124988,https://doi.org/10.1016/j.plipres.2006.05.001,,,0,
https://openalex.org/w2087655759,https://doi.org/10.1159/000096521,,,0,
https://openalex.org/w2567683866,https://doi.org/10.1161/atvbaha.113.302680,,,0,
https://openalex.org/w2064300823,https://doi.org/10.1136/jcp.47.6.497,,,0,
https://openalex.org/w1567004238,https://doi.org/10.1155/2015/951424,,,0,
https://openalex.org/w2028611341,https://doi.org/10.7326/0003-4819-153-7-201010050-00027,,,0,
https://openalex.org/w2594719477,https://doi.org/10.1016/s0049-3848(17)30178-0,,,0,
https://openalex.org/w3044552835,https://doi.org/10.1515/jpm-2015-2003,,,0,
https://openalex.org/w2410804763,,,,0,
https://openalex.org/w2009878562,https://doi.org/10.1016/s0002-9343(99)00053-4,,,0,
https://openalex.org/w2163687090,https://doi.org/10.1097/mcp.0b013e32832d0463,,,0,
https://openalex.org/w4230037487,https://doi.org/10.1002/14651858.cd012852,,,0,
https://openalex.org/w2414253260,https://doi.org/10.1055/s-0038-1642719,,,0,
https://openalex.org/w2113736324,https://doi.org/10.1016/j.fertnstert.2010.02.032,,,0,
https://openalex.org/w2422323483,https://doi.org/10.1111/cei.12762,,,0,
https://openalex.org/w2109028547,https://doi.org/10.1016/0002-9378(91)91459-a,,,0,
https://openalex.org/w1996624969,https://doi.org/10.1111/j.1479-8077.2006.00202.x,,,0,
https://openalex.org/w2062610752,https://doi.org/10.1038/sj.clpt.6100436,,,0,
https://openalex.org/w1974289033,https://doi.org/10.1046/j.1523-1755.2003.00155.x,,,0,
https://openalex.org/w2069565357,https://doi.org/10.1093/humrep/15.7.1649,,003-686-814-056-205,0,
https://openalex.org/w2017803211,https://doi.org/10.1016/s0009-9260(97)80055-4,,,0,
https://openalex.org/w1991929097,https://doi.org/10.1016/j.autrev.2007.02.010,,,0,
https://openalex.org/w2593398156,https://doi.org/10.1016/j.autrev.2017.03.008,,,0,
https://openalex.org/w2089675851,https://doi.org/10.1007/s10067-014-2695-y,,,0,
https://openalex.org/w1998190895,https://doi.org/10.5414/cnp59040,,,0,
https://openalex.org/w1984327861,https://doi.org/10.1093/rheumatology/kel050,,,0,
https://openalex.org/w2109496219,https://doi.org/10.1177/0961203309355300,,,0,
https://openalex.org/w20724425,,,,0,
https://openalex.org/w2405519872,https://doi.org/10.1016/j.amjmed.2016.04.032,,,0,
https://openalex.org/w1974877612,https://doi.org/10.1046/j.1365-2141.2000.02251.x,,,0,
https://openalex.org/w2097253122,https://doi.org/10.1177/1076029611412360,,,0,
https://openalex.org/w2035755203,https://doi.org/10.1016/s0029-7844(98)00437-2,,,0,
https://openalex.org/w2030754300,https://doi.org/10.1055/s-0028-1085482,,,0,
https://openalex.org/w74005507,,,,0,
https://openalex.org/w2041919675,https://doi.org/10.1160/th04-12-0839,,,1,
https://openalex.org/w4236335263,https://doi.org/10.5858/2010-0325-rsr.1,,,0,
https://openalex.org/w1980181602,https://doi.org/10.1016/j.jcv.2004.07.013,,,0,
https://openalex.org/w2139172088,https://doi.org/10.1191/0961203306lu2267oa,,,0,
https://openalex.org/w4299388064,https://doi.org/10.1177/1933719116641257,,,0,
https://openalex.org/w2069029685,https://doi.org/10.1097/moh.0b013e3283497f3e,,,0,
https://openalex.org/w1986294700,https://doi.org/10.1007/s10067-012-2019-z,,,0,
https://openalex.org/w1527254053,https://doi.org/10.1590/s0482-50042009000400002,,,0,
https://openalex.org/w2322568780,https://doi.org/10.5152/akd.2014.5279,,,0,
https://openalex.org/w1975122342,https://doi.org/10.1055/s-0032-1304717,,,0,
https://openalex.org/w1999788837,https://doi.org/10.1159/000175151,,,0,
https://openalex.org/w2911303190,https://doi.org/10.1177/10760296990050s112,,,0,
https://openalex.org/w2023784503,https://doi.org/10.1002/art.38712,,,0,
https://openalex.org/w2105534574,https://doi.org/10.1055/s-0037-1614601,,,0,
https://openalex.org/w1979123906,https://doi.org/10.1007/s10787-010-0071-3,,,0,
https://openalex.org/w2043265749,https://doi.org/10.1007/s10067-007-0566-5,,,0,
https://openalex.org/w2016331388,https://doi.org/10.1007/bf01954739,,,0,
https://openalex.org/w2141484551,https://doi.org/10.2217/17460816.2.2.203,,,0,
https://openalex.org/w1990250708,https://doi.org/10.1016/s0920-1211(01)00273-x,,,0,
https://openalex.org/w2038299264,https://doi.org/10.1016/s0165-0378(97)00059-4,,,0,
https://openalex.org/w1999571582,https://doi.org/10.1191/0961203303lu404oa,,,0,
https://openalex.org/w2461848377,,,,0,
https://openalex.org/w2102939002,https://doi.org/10.2174/1573397111309010010,,,0,
https://openalex.org/w2091100070,https://doi.org/10.1016/j.jjcc.2007.12.003,,,0,
https://openalex.org/w1589795788,https://doi.org/10.1177/096120339600500111,,,0,
https://openalex.org/w2314997457,https://doi.org/10.1016/j.rbre.2014.09.007,,,0,
https://openalex.org/w2341683938,https://doi.org/10.1093/rheumatology/kew040,,006-986-898-653-00X,0,
https://openalex.org/w2123109881,https://doi.org/10.1016/s0049-3848(11)70013-5,,,0,
https://openalex.org/w4251396507,https://doi.org/10.1002/dat.20575,,148-013-157-243-458,0,
https://openalex.org/w2177050807,https://doi.org/10.1177/1076029615615972,,,0,
https://openalex.org/w2054981605,https://doi.org/10.1007/s00467-004-1761-0,,,0,
https://openalex.org/w2006192038,https://doi.org/10.1016/s0272-5231(03)00100-x,,,0,
https://openalex.org/w2611257046,https://doi.org/10.1016/j.jhep.2017.04.021,,,0,
https://openalex.org/w2407017917,,,,0,
https://openalex.org/w2086581793,https://doi.org/10.1016/j.cca.2014.01.047,,,0,
https://openalex.org/w2051488151,https://doi.org/10.1016/s1078-5884(05)80159-5,,031-033-245-568-442,0,
https://openalex.org/w2421107561,,,,0,
https://openalex.org/w1976537150,https://doi.org/10.1038/ncprheum0481,,,0,
https://openalex.org/w1977320652,https://doi.org/10.1016/s0022-2143(99)90149-x,,,0,
https://openalex.org/w1993621345,https://doi.org/10.1097/mbc.0b013e3282eff771,,,0,
https://openalex.org/w2123849774,https://doi.org/10.1136/ard.62.7.607,,,0,
https://openalex.org/w2074788260,https://doi.org/10.1191/096120399678840837,,,0,
https://openalex.org/w2185085038,,,,0,
https://openalex.org/w2154779305,https://doi.org/10.1017/s095925980999044x,,,0,
https://openalex.org/w1993730975,https://doi.org/10.1002/1529-0131(200104)44:4<984::aid-anr159>3.0.co;2-p,,,0,
https://openalex.org/w2022750616,https://doi.org/10.1111/j.1600-0897.1993.tb00588.x,,,0,
https://openalex.org/w1969887574,https://doi.org/10.1097/bor.0b013e3283060a8c,,,0,
https://openalex.org/w1972995905,https://doi.org/10.1046/j.1468-3083.2000.00084-10.x,,,0,
https://openalex.org/w2417566969,https://doi.org/10.1055/s-0038-1656363,,,0,
https://openalex.org/w2385186104,https://doi.org/10.1097/00002281-199110000-00007,,,0,
https://openalex.org/w2054810489,https://doi.org/10.1055/s-0028-1104540,,,0,
https://openalex.org/w2397977680,,,,0,
https://openalex.org/w2071673388,https://doi.org/10.1016/0741-5214(88)90036-5,,,1,
https://openalex.org/w2462440810,,,,0,
https://openalex.org/w2029600115,https://doi.org/10.1172/jci12337,,,0,
https://openalex.org/w1982022347,https://doi.org/10.7326/0003-4819-116-4-293,,,0,
https://openalex.org/w2016656255,https://doi.org/10.1016/s0967-2109(97)00092-6,,,0,
https://openalex.org/w2100147962,https://doi.org/10.1160/th08-01-0024,,,0,
https://openalex.org/w2180885553,https://doi.org/10.1016/j.transci.2015.11.006,,,1,
https://openalex.org/w2397879189,,,,0,
https://openalex.org/w2149046204,https://doi.org/10.1093/infdis/jiu250,,,0,
https://openalex.org/w4234062007,https://doi.org/10.1111/jth.13668,,,0,
https://openalex.org/w2570137241,https://doi.org/10.47102/annals-acadmedsg.v45n9p424,,069-585-405-803-769,0,
https://openalex.org/w4241178036,https://doi.org/10.1111/j.1756-185x.2010.01524.x,,,0,
https://openalex.org/w2548398804,https://doi.org/10.1111/jth.13560,,,0,
https://openalex.org/w2091013325,https://doi.org/10.1007/s00296-007-0503-6,,,0,
https://openalex.org/w2022623772,https://doi.org/10.1053/ajkd.1998.v31.pm9506691,,,0,
https://openalex.org/w2580867287,https://doi.org/10.1016/j.ajog.2017.01.026,,,1,
https://openalex.org/w2587484980,https://doi.org/10.1016/j.ejogrb.2017.01.056,,,0,
https://openalex.org/w2053351891,https://doi.org/10.1038/ncprheum0017,,,0,
https://openalex.org/w2416043447,,,,0,
https://openalex.org/w2049610860,https://doi.org/10.1007/s004670000426,,,0,
https://openalex.org/w2027943582,https://doi.org/10.1002/art.30411,,,0,
https://openalex.org/w2402410017,https://doi.org/10.5694/j.1326-5377.2004.tb06015.x,,,0,
https://openalex.org/w2396829725,,,,0,
https://openalex.org/w1980461685,https://doi.org/10.1161/atvbaha.108.182204,,,0,
https://openalex.org/w2209800418,https://doi.org/10.1016/s0065-2776(08)60777-4,,,0,
https://openalex.org/w2027210468,https://doi.org/10.1002/lary.20050,,,0,
https://openalex.org/w2581272300,https://doi.org/10.1177/0961203317690616,,,0,
https://openalex.org/w2005984404,https://doi.org/10.1016/s0002-9394(99)00359-1,,,0,
https://openalex.org/w1806785735,https://doi.org/10.3109/00365513.2015.1050690,,,0,
https://openalex.org/w2741174708,https://doi.org/10.1038/nrrheum.2017.124,,,0,
https://openalex.org/w2147429911,https://doi.org/10.1016/s2173-5743(08)70170-9,,,0,
https://openalex.org/w1994709706,https://doi.org/10.2177/jsci.33.24,,,0,
https://openalex.org/w2137977289,https://doi.org/10.1002/art.1780380118,,,0,
https://openalex.org/w2109629533,https://doi.org/10.1161/01.cir.0000141728.23033.b5,,,0,
https://openalex.org/w2006249517,https://doi.org/10.1038/eye.1991.15,,,0,
https://openalex.org/w2144154226,https://doi.org/10.1016/s0049-3848(00)00391-1,,,0,
https://openalex.org/w4245020860,https://doi.org/10.1111/j.1471-4159.2009.05927.x,,,0,
https://openalex.org/w3022138781,https://doi.org/10.1016/j.revmed.2012.02.011,,,0,
https://openalex.org/w1977423231,https://doi.org/10.1093/qjmed/91.2.125,,,0,
https://openalex.org/w2152585874,https://doi.org/10.1177/096120339600500212,,,0,
https://openalex.org/w2474785512,,,,0,
https://openalex.org/w2163388566,https://doi.org/10.1016/s0161-6420(01)00842-9,,,0,
https://openalex.org/w2076986351,https://doi.org/10.1016/j.ijcard.2015.03.291,,,0,
https://openalex.org/w1602112607,https://doi.org/10.1111/j.1365-2141.2011.08665.x,,,0,
https://openalex.org/w1972009135,https://doi.org/10.1007/s11940-008-0014-0,,,0,
https://openalex.org/w2067251422,https://doi.org/10.1007/s00261-013-9988-5,,,0,
https://openalex.org/w2126523771,https://doi.org/10.1093/humrep/17.4.1067,,,0,
https://openalex.org/w2143463341,https://doi.org/10.1016/j.lpm.2012.02.010,,,0,
https://openalex.org/w2156826091,https://doi.org/10.1136/ard.52.10.742,,,0,
https://openalex.org/w2151052964,https://doi.org/10.2174/15733971113099990003,,,0,
https://openalex.org/w2080659789,https://doi.org/10.1182/blood-2011-09-381913,,,1,
https://openalex.org/w2013133810,https://doi.org/10.3899/jrheum.080212,,,0,
https://openalex.org/w2008230408,https://doi.org/10.1006/jaut.2000.0417,,,0,
https://openalex.org/w2035149923,https://doi.org/10.1191/0961203303lu328oa,,,0,
https://openalex.org/w2731020786,https://doi.org/10.12659/aot.902791,,,0,
https://openalex.org/w2030992311,https://doi.org/10.1016/s0889-857x(05)70314-8,,,0,
https://openalex.org/w2320881668,https://doi.org/10.1097/mbc.0000000000000550,,,0,
https://openalex.org/w2014640516,https://doi.org/10.1016/j.clindermatol.2004.06.013,,,0,
https://openalex.org/w2587510793,https://doi.org/10.1182/blood.v118.21.1242.1242,,,0,
https://openalex.org/w1495740329,https://doi.org/10.4049/jimmunol.167.12.7192,,,0,
https://openalex.org/w4205842253,https://doi.org/10.1016/j.mpmed.2008.12.002,,,0,
https://openalex.org/w1599430751,,,,0,
https://openalex.org/w251408748,https://doi.org/10.3233/ch-151937,,,0,
https://openalex.org/w2073431152,https://doi.org/10.1016/j.jri.2006.12.003,,,0,
https://openalex.org/w1992017140,https://doi.org/10.2217/17460816.2.3.297,,,0,
https://openalex.org/w2364200298,https://doi.org/10.1016/j.metabol.2016.05.003,,,0,
https://openalex.org/w1969255662,https://doi.org/10.1002/art.11359,,,0,
https://openalex.org/w2141062748,https://doi.org/10.1136/ard.50.11.805,,,1,
https://openalex.org/w2096871086,https://doi.org/10.1016/j.fertnstert.2012.09.002,,,0,
https://openalex.org/w2335439615,,,,0,
https://openalex.org/w2029613484,https://doi.org/10.2174/138161212799504731,,,0,
https://openalex.org/w2146679703,https://doi.org/10.1007/s00415-003-0223-0,,,0,
https://openalex.org/w4367622552,,,,0,
https://openalex.org/w2462920094,https://doi.org/10.1371/journal.pone.0158076,,,0,
https://openalex.org/w2090884503,https://doi.org/10.1002/ajh.2830500109,,,0,
https://openalex.org/w2086228973,https://doi.org/10.1002/1529-0131(199906)42:6<1189::aid-anr15>3.0.co;2-8,,,0,
https://openalex.org/w2016995964,https://doi.org/10.1002/art.23160,,,0,
https://openalex.org/w2047946364,https://doi.org/10.1016/s0272-6386(12)80383-0,,,0,
https://openalex.org/w2594879804,https://doi.org/10.1055/s-0036-1597282,,,0,
https://openalex.org/w2070954196,https://doi.org/10.1177/0961203310368409,,,0,
https://openalex.org/w2003324584,https://doi.org/10.1111/j.1552-6909.1997.tb02129.x,,,0,
https://openalex.org/w2088075275,https://doi.org/10.1016/s0889-857x(05)70340-9,,,0,
https://openalex.org/w2280771769,https://doi.org/10.1093/oxfordjournals.qjmed.a068246,,,0,
https://openalex.org/w2040611300,https://doi.org/10.1097/gco.0000000000000086,,,0,
https://openalex.org/w2085148854,https://doi.org/10.1034/j.1399-0012.2001.150102.x,,,0,
https://openalex.org/w2404948226,,,,0,
https://openalex.org/w2016356045,https://doi.org/10.1034/j.1600-0897.2001.d01-13.x,,,0,
https://openalex.org/w136987002,,,,1,
https://openalex.org/w2059011818,https://doi.org/10.1191/0961203302lu269oa,,,0,
https://openalex.org/w2315135804,https://doi.org/10.1097/rhu.0b013e31829cef33,,,0,
https://openalex.org/w166498682,,,,0,
https://openalex.org/w1939960775,https://doi.org/10.1111/j.1600-0897.2011.01007.x,,,0,
https://openalex.org/w2056612274,https://doi.org/10.1177/0961203308095140,,,0,
https://openalex.org/w2002960251,https://doi.org/10.1177/096120339200100205,,,0,
https://openalex.org/w2153278588,https://doi.org/10.1016/j.amjmed.2007.10.042,,,0,
https://openalex.org/w2315289043,https://doi.org/10.1097/01.ccm.0000458743.73314.dd,,,0,
https://openalex.org/w1999381981,https://doi.org/10.1097/mbc.0b013e32809cc922,,,0,
https://openalex.org/w1780342909,https://doi.org/10.1016/j.placenta.2015.10.006,,,0,
https://openalex.org/w1980589173,https://doi.org/10.1055/s-2003-37947,,,0,
https://openalex.org/w2062269863,https://doi.org/10.1016/j.rdc.2005.01.003,,,0,
https://openalex.org/w1964762293,https://doi.org/10.1176/appi.psy.49.5.438,,,0,
https://openalex.org/w2529250082,https://doi.org/10.1089/end.2016.0496,,,0,
https://openalex.org/w2128022832,,,,0,
https://openalex.org/w2039284734,https://doi.org/10.4081/reumatismo.2007.187,,033-786-573-704-908,0,
https://openalex.org/w2057499866,https://doi.org/10.1055/s-2008-1041238,,,0,
https://openalex.org/w1553283462,https://doi.org/10.1111/j.1399-0012.2008.00825.x,,,0,
https://openalex.org/w2158105745,https://doi.org/10.1111/j.1538-7836.2011.04395.x,,,0,
https://openalex.org/w2151319957,https://doi.org/10.1056/nejmoa1312890,,,0,
https://openalex.org/w2074735065,https://doi.org/10.1055/s-0028-1082267,,,0,
https://openalex.org/w169025750,https://doi.org/10.4414/smw.2003.09947,,,0,
https://openalex.org/w2590564118,https://doi.org/10.1177/1759720x17690474,,,0,
https://openalex.org/w2171945913,https://doi.org/10.1177/0961203312436864,,,0,
https://openalex.org/w2032162517,https://doi.org/10.1542/peds.2008-1209,,,0,
https://openalex.org/w165844242,,,,0,
https://openalex.org/w2010704103,https://doi.org/10.1007/s00415-005-0660-z,,,0,
https://openalex.org/w1956223695,https://doi.org/10.1093/ndt/10.2.247,,,0,
https://openalex.org/w2166607371,https://doi.org/10.1007/s00234-003-1049-2,,,0,
https://openalex.org/w2153113454,https://doi.org/10.1093/humrep/del150,,,0,
https://openalex.org/w4230581232,https://doi.org/10.1002/ana.410260312,,,0,
https://openalex.org/w1967687820,https://doi.org/10.1177/096120339800700235,,,0,
https://openalex.org/w2023800221,https://doi.org/10.1007/bf02187767,,,0,
https://openalex.org/w2069059720,https://doi.org/10.1191/0961203306lu2254xx,,,0,
https://openalex.org/w2002681159,https://doi.org/10.1097/grf.0b013e3181eb658c,,,0,
https://openalex.org/w2109090714,https://doi.org/10.1191/0961203302lu254oa,,,0,
https://openalex.org/w2084057880,https://doi.org/10.1016/j.autrev.2006.06.005,,,0,
https://openalex.org/w2180894277,https://doi.org/10.2217/ijr.15.33,,,0,
https://openalex.org/w2035425054,https://doi.org/10.1016/0049-3848(92)90154-3,,,0,
https://openalex.org/w4240998376,https://doi.org/10.1111/hae.12083,,,0,
https://openalex.org/w2330591247,https://doi.org/10.1097/01.aog.0000194205.95870.86,,,0,
https://openalex.org/w1977434195,https://doi.org/10.1111/j.1468-1331.1996.tb00207.x,,,0,
https://openalex.org/w2537785903,https://doi.org/10.1177/0961203316671812,,,0,
https://openalex.org/w2024185734,https://doi.org/10.1136/pgmj.66.781.889,,072-332-087-269-814,0,
https://openalex.org/w2158042059,,,,1,
https://openalex.org/w2068265433,https://doi.org/10.1016/j.autrev.2014.12.006,,,0,
https://openalex.org/w2413495437,,,,0,
https://openalex.org/w1792876526,https://doi.org/10.1515/jpm-2014-0118,,,1,
https://openalex.org/w2158480921,https://doi.org/10.5935/0103-507x.20140026,,,0,
https://openalex.org/w4231342133,https://doi.org/10.1016/j.itjm.2012.04.004,,,0,
https://openalex.org/w2048532203,https://doi.org/10.1177/0961203311429815,,,0,
https://openalex.org/w2766350601,https://doi.org/10.1016/j.rdc.2017.06.001,,,0,
https://openalex.org/w2148189573,https://doi.org/10.1016/j.berh.2005.11.003,,,0,
https://openalex.org/w2155192212,https://doi.org/10.1093/qjmed/92.1.57,,,0,
https://openalex.org/w1495633182,https://doi.org/10.1182/blood.v93.7.2149.407a33_2149_2157,,066-925-749-106-237,0,
https://openalex.org/w2413468316,,,,0,
https://openalex.org/w1986947899,https://doi.org/10.1016/j.ejim.2013.08.601,,,0,
https://openalex.org/w2068607282,https://doi.org/10.4155/cli.13.2,,,0,
https://openalex.org/w1974348086,https://doi.org/10.1016/s0140-6736(01)06512-6,,,0,
https://openalex.org/w2766510251,https://doi.org/10.1080/14397595.2017.1386845,,,0,
https://openalex.org/w2106124707,https://doi.org/10.1093/rheumatology/ker176,,,0,
https://openalex.org/w1986369027,https://doi.org/10.3109/03009749209095083,,,0,
https://openalex.org/w4317524010,https://doi.org/10.4076/1757-1626-2-6609,,,0,
https://openalex.org/w133649565,,,,0,
https://openalex.org/w2077915204,https://doi.org/10.1016/s1726-4901(09)70258-8,,,0,
https://openalex.org/w2159126866,https://doi.org/10.1517/14712598.2011.548798,,,0,
https://openalex.org/w2313711652,https://doi.org/10.2174/187152810793938026,,,0,
https://openalex.org/w148853830,,,,0,
https://openalex.org/w2097587266,https://doi.org/10.1016/s0140-6736(05)67571-x,,,0,
https://openalex.org/w2395159199,https://doi.org/10.5694/j.1326-5377.1994.tb126607.x,,,0,
https://openalex.org/w2412816814,https://doi.org/10.26719/2001.7.1-2.95,,,0,
https://openalex.org/w1993536862,https://doi.org/10.1016/j.jvs.2004.11.015,,,0,
https://openalex.org/w2424116174,,,,0,
https://openalex.org/w1965888845,https://doi.org/10.4103/0019-5359.37787,,091-507-679-209-939,0,
https://openalex.org/w2563899515,https://doi.org/10.1016/j.arcped.2016.11.005,,,0,
https://openalex.org/w1983683096,https://doi.org/10.1007/bf02285202,,,0,
https://openalex.org/w2049179400,https://doi.org/10.1097/01.mbc.0000252600.09777.2b,,,0,
https://openalex.org/w2146907889,https://doi.org/10.1177/0961203308101436,,,0,
https://openalex.org/w2341162876,https://doi.org/10.1080/03009742.1998.11720761,,,0,
https://openalex.org/w2094456879,https://doi.org/10.1016/j.jaci.2009.08.018,,,0,
https://openalex.org/w2022249594,https://doi.org/10.1080/03009740410010290,,,0,
https://openalex.org/w2406351636,,,,0,
https://openalex.org/w2171924539,https://doi.org/10.1160/th12-05-0350,,,0,
https://openalex.org/w1973637683,https://doi.org/10.1111/ijlh.12072,,,0,
https://openalex.org/w2180712642,https://doi.org/10.1089/108729101460065,,,0,
https://openalex.org/w2397088073,,,,0,
https://openalex.org/w2001007367,https://doi.org/10.1177/096120339400300411,,,0,
https://openalex.org/w2069039035,https://doi.org/10.1016/0049-3848(94)90159-7,,,0,
https://openalex.org/w1857719271,https://doi.org/10.1160/th14-06-0566,,,0,
https://openalex.org/w1949659195,,,,0,
https://openalex.org/w2076127201,,,,1,
https://openalex.org/w2028245267,https://doi.org/10.1007/s11239-006-5583-8,,,0,
https://openalex.org/w4254912941,https://doi.org/10.3899/jrheum.110506,,,0,
https://openalex.org/w2528340820,https://doi.org/10.1136/bcr-2016-215914,,,0,
https://openalex.org/w2036878775,https://doi.org/10.1111/j.1365-2141.2005.05438.x,,,0,
https://openalex.org/w1993871310,https://doi.org/10.1055/s-0028-1085474,,,0,
https://openalex.org/w2160882902,https://doi.org/10.1136/bcr-2013-010081,,,0,
https://openalex.org/w1628075576,https://doi.org/10.1111/j.1538-7836.2011.04212.x,,,0,
https://openalex.org/w2194016602,,,,0,
https://openalex.org/w2031534496,https://doi.org/10.1016/s0049-3848(97)00030-3,,,0,
https://openalex.org/w1582935822,,,,0,
https://openalex.org/w2071123871,https://doi.org/10.1159/000083810,,,0,
https://openalex.org/w2134417781,https://doi.org/10.1016/s1701-2163(16)32893-6,,,0,
https://openalex.org/w2594390723,https://doi.org/10.1016/s0049-3848(17)30186-x,,,0,
https://openalex.org/w2135293213,https://doi.org/10.1161/01.str.0000199147.30016.74,,,0,
https://openalex.org/w2044327066,https://doi.org/10.1111/j.1755-3768.2009.01760.x,,,0,
https://openalex.org/w2435955343,https://doi.org/10.1177/096120339600500533,,,0,
https://openalex.org/w2001426910,https://doi.org/10.3109/03009740902832753,,110-576-569-097-530,0,
https://openalex.org/w2145438137,,,,0,
https://openalex.org/w1993534186,https://doi.org/10.3109/00016349409006249,,,0,
https://openalex.org/w2414285839,,,,0,
https://openalex.org/w2004910860,https://doi.org/10.1055/s-0034-1371004,,,0,
https://openalex.org/w2411313051,,,,0,
https://openalex.org/w2141114679,https://doi.org/10.1161/strokeaha.115.010153,,,0,
https://openalex.org/w1910864775,https://doi.org/10.1111/tme.12012,,,0,
https://openalex.org/w2535757664,https://doi.org/10.1016/j.chest.2016.08.288,,,0,
https://openalex.org/w2025919151,https://doi.org/10.1182/blood-2002-01-0329,,,0,
https://openalex.org/w4300538257,https://doi.org/10.1007/s11096-013-9801-0,,,0,
https://openalex.org/w138515961,https://doi.org/10.1182/blood.v59.4.787.787,,,0,
https://openalex.org/w2022161543,https://doi.org/10.1097/mbc.0b013e328338dbfa,,,0,
https://openalex.org/w1980549061,https://doi.org/10.1177/0961203314529468,,,0,
https://openalex.org/w1964951112,https://doi.org/10.1016/j.thromres.2004.06.018,,,0,
https://openalex.org/w5745949,https://doi.org/10.1055/s-0038-1642516,,,0,
https://openalex.org/w118446441,https://doi.org/10.1097/01.ccm.0000365439.11849.a2,,,0,
https://openalex.org/w2412055394,https://doi.org/10.1055/s-0037-1612904,,,0,
https://openalex.org/w2059544188,https://doi.org/10.1097/00001721-199306000-00005,,,0,
https://openalex.org/w2110686378,https://doi.org/10.1002/art.1780341005,,,0,
https://openalex.org/w4289257252,https://doi.org/10.1016/s0140-6736(00)04239-2,,,0,
https://openalex.org/w1987472172,https://doi.org/10.1016/j.autrev.2010.11.002,,,0,
https://openalex.org/w2084803912,https://doi.org/10.1097/00005792-200111000-00002,,,0,
https://openalex.org/w2247903245,,,,0,
https://openalex.org/w2121983308,https://doi.org/10.1177/107602960300900407,,,0,
https://openalex.org/w2006964779,https://doi.org/10.1016/j.spinee.2011.08.322,,,0,
https://openalex.org/w2009511929,https://doi.org/10.1089/lap.2005.15.357,,,0,
https://openalex.org/w2050526430,https://doi.org/10.3949/ccjm.73.2.161,,,0,
https://openalex.org/w2782472377,https://doi.org/10.1111/eci.12435,,,0,
https://openalex.org/w2413299630,,,,0,
https://openalex.org/w83899719,,,,0,
https://openalex.org/w1979943765,https://doi.org/10.1016/s0049-3848(00)00380-7,,,0,
https://openalex.org/w2109203796,https://doi.org/10.1136/annrheumdis-2011-200614,,,0,
https://openalex.org/w2409904527,,,,0,
https://openalex.org/w4211151340,https://doi.org/10.1016/j.disamonth.2003.10.001,,,0,
https://openalex.org/w2463822182,,,,0,
https://openalex.org/w2104979859,https://doi.org/10.2217/17460816.2.3.313,,,0,
https://openalex.org/w1978025395,https://doi.org/10.1097/00132980-200504000-00004,,,0,
https://openalex.org/w2765363246,https://doi.org/10.1002/art.40195,,,0,
https://openalex.org/w1981611021,https://doi.org/10.1182/blood-2012-08-448944,,,0,
https://openalex.org/w2405071417,,,,0,
https://openalex.org/w2149228355,https://doi.org/10.1097/00005537-200401000-00015,,,0,
https://openalex.org/w1969926476,https://doi.org/10.1016/j.medcli.2015.02.007,,,0,
https://openalex.org/w2594125415,https://doi.org/10.1016/j.thromres.2017.03.006,,,0,
https://openalex.org/w2048048909,https://doi.org/10.1002/art.21149,,,0,
https://openalex.org/w2074974725,https://doi.org/10.1046/j.1365-2362.1998.00254.x,,,0,
https://openalex.org/w2166215555,https://doi.org/10.1590/s1516-31802002000500006,,,0,
https://openalex.org/w2298976522,https://doi.org/10.1016/s0272-2712(18)30344-5,,,0,
https://openalex.org/w1966451334,https://doi.org/10.1016/s0015-0282(01)02971-5,,,0,
https://openalex.org/w1998344369,https://doi.org/10.5414/cn108129,,,0,
https://openalex.org/w2034957051,https://doi.org/10.1006/jaut.2000.0410,,,0,
https://openalex.org/w1990017320,https://doi.org/10.1007/s00296-010-1654-4,,,0,
https://openalex.org/w1985147004,https://doi.org/10.1016/j.copbio.2009.07.002,,,0,
https://openalex.org/w2016882577,https://doi.org/10.1159/000206027,,,0,
https://openalex.org/w2463606345,,,,0,
https://openalex.org/w2084282830,https://doi.org/10.4103/1319-2442.113868,,,0,
https://openalex.org/w2012890342,https://doi.org/10.1007/s12016-007-0002-2,,,0,
https://openalex.org/w2394630068,,,,0,
https://openalex.org/w2033176424,https://doi.org/10.1136/ard.50.8.553,,,0,
https://openalex.org/w2001057192,https://doi.org/10.1055/s-0031-1273090,,,0,
https://openalex.org/w2433436895,,,,0,
https://openalex.org/w2792174160,https://doi.org/10.1267/hÃ¤mo05020200,,,0,
https://openalex.org/w2307844287,https://doi.org/10.1007/s11926-016-0566-z,,,0,
https://openalex.org/w2039361009,https://doi.org/10.1136/ard.2005.040279,,059-907-155-336-008,0,
https://openalex.org/w4242117210,https://doi.org/10.1002/jhm.1927,,,0,
https://openalex.org/w1965235863,https://doi.org/10.3109/03009742.2014.964305,,,0,
https://openalex.org/w649835682,https://doi.org/10.2450/2015.0002-15,,,0,
https://openalex.org/w2084085262,https://doi.org/10.1016/j.thromres.2012.08.270,,,0,
https://openalex.org/w2004780981,https://doi.org/10.3390/ph3010300,,,0,
https://openalex.org/w2137045058,https://doi.org/10.1161/01.str.0000031927.25510.d1,,,0,
https://openalex.org/w2398058631,,,,0,
https://openalex.org/w2104763018,https://doi.org/10.2174/092986708785909139,,,0,
https://openalex.org/w2151632782,https://doi.org/10.1136/ard.61.1.85,,083-916-429-106-993,0,
https://openalex.org/w2028645199,https://doi.org/10.1177/107602960401000201,,,0,
https://openalex.org/w2335760179,https://doi.org/10.1097/00001721-200201000-00002,,,0,
https://openalex.org/w2110358819,https://doi.org/10.1111/j.1538-7836.2011.04301.x,,,0,
https://openalex.org/w2167095513,https://doi.org/10.1016/j.semnephrol.2004.06.004,,,0,
https://openalex.org/w2091025523,https://doi.org/10.1007/s11926-000-0087-6,,,0,
https://openalex.org/w2032128054,https://doi.org/10.1136/bcr-2013-009892,,,0,
https://openalex.org/w4210980415,https://doi.org/10.1016/j.berh.2016.04.002,,,0,
https://openalex.org/w1975074770,https://doi.org/10.1182/blood-2011-03-340232,,,1,
https://openalex.org/w2070369965,https://doi.org/10.1097/00002281-199809000-00007,,,0,
https://openalex.org/w2035160119,https://doi.org/10.1111/j.1751-553x.2012.01448.x,,,0,
https://openalex.org/w2117922241,https://doi.org/10.1161/hs1201.099650,,,0,
https://openalex.org/w1537023805,https://doi.org/10.1111/j.1600-6143.2011.03696.x,,,0,
https://openalex.org/w2058647879,https://doi.org/10.1007/s00296-009-1346-0,,,0,
https://openalex.org/w1965590849,https://doi.org/10.1177/096120330000900702,,,0,
https://openalex.org/w2018336542,https://doi.org/10.1097/bcr.0b013e318233fad6,,,0,
https://openalex.org/w2414424967,,,,0,
https://openalex.org/w2060443702,https://doi.org/10.1097/mbc.0b013e328304e01d,,,0,
https://openalex.org/w1969042065,https://doi.org/10.4103/0378-6323.95477,,,0,
https://openalex.org/w2018673095,https://doi.org/10.1016/j.mefs.2013.12.004,,,1,
https://openalex.org/w2081677487,https://doi.org/10.1159/000184984,,,0,
https://openalex.org/w2034526786,https://doi.org/10.1016/j.imbio.2011.05.008,,,0,
https://openalex.org/w2111499909,https://doi.org/10.1016/j.thromres.2012.08.269,,,0,
https://openalex.org/w2017686281,https://doi.org/10.1007/s12016-008-8100-3,,,0,
https://openalex.org/w2095741166,https://doi.org/10.1016/s0140-6736(09)60250-6,,,0,
https://openalex.org/w2111718702,https://doi.org/10.1097/01.moh.0000130313.95291.4a,,,0,
https://openalex.org/w1980793014,https://doi.org/10.1007/s00430-007-0040-7,,,0,
https://openalex.org/w2142314116,https://doi.org/10.2217/ijr.12.80,,,0,
https://openalex.org/w2109150694,https://doi.org/10.1177/107602960501100101,,,0,
https://openalex.org/w2097620083,https://doi.org/10.3109/09537104.2011.634931,,,0,
https://openalex.org/w1990345513,https://doi.org/10.1016/j.addr.2005.02.001,,,0,
https://openalex.org/w2322541408,https://doi.org/10.3923/pjbs.2013.92.96,,,0,
https://openalex.org/w2464684064,https://doi.org/10.1016/j.jaut.2016.06.010,,,0,
https://openalex.org/w2129908850,https://doi.org/10.14309/crj.2015.44,,,0,
https://openalex.org/w1963708993,https://doi.org/10.1179/atp.2002.22.1.109,,056-461-866-509-929,0,
https://openalex.org/w2013770345,https://doi.org/10.1532/lh96.07016,,,0,
https://openalex.org/w2037108451,https://doi.org/10.1016/j.autrev.2013.10.014,,,1,
https://openalex.org/w2417372885,,,,0,
https://openalex.org/w2318299159,https://doi.org/10.1097/01.ccm.0000440359.74169.ab,,,0,
https://openalex.org/w2101790498,https://doi.org/10.2215/cjn.03860412,,,0,
https://openalex.org/w1977057127,https://doi.org/10.1111/j.1538-7836.2008.03121.x,,,0,
https://openalex.org/w2055168697,https://doi.org/10.1016/j.autrev.2006.02.002,,,0,
https://openalex.org/w1963879593,https://doi.org/10.1161/circulationaha.113.007664,,048-086-257-169-525,0,
https://openalex.org/w2069236182,https://doi.org/10.1053/beog.2000.0136,,,0,
https://openalex.org/w1981374027,https://doi.org/10.1002/ajh.21466,,,0,
https://openalex.org/w2157575017,https://doi.org/10.1097/moh.0b013e3280dce531,,,0,
https://openalex.org/w2409229667,https://doi.org/10.1097/rhu.0000000000000112,,,0,
https://openalex.org/w2065330668,https://doi.org/10.1378/chest.129.2.412,,,0,
