openalex_id,doi,pmid,lens_id,label_included,label_abstract_included
https://openalex.org/w2036460854,https://doi.org/10.1074/jbc.274.40.28491,,,0,0
https://openalex.org/w2053907218,https://doi.org/10.1080/09537100701882038,https://pubmed.ncbi.nlm.nih.gov/18432520,,0,0
https://openalex.org/w2167063718,https://doi.org/10.5603/ep.2015.0002,https://pubmed.ncbi.nlm.nih.gov/25754275,,0,0
https://openalex.org/w4300092098,https://doi.org/10.1111/1756-185x.13178,,,0,0
https://openalex.org/w2014917105,https://doi.org/10.1016/j.jpeds.2009.06.009,,,0,0
https://openalex.org/w2320632428,https://doi.org/10.1136/annrheumdis-2014-eular.5951,,,0,0
https://openalex.org/w1986937032,https://doi.org/10.1590/s0100-879x2008001200016,https://pubmed.ncbi.nlm.nih.gov/19148379,,0,0
https://openalex.org/w2070113718,https://doi.org/10.1097/00005792-199905000-00001,https://pubmed.ncbi.nlm.nih.gov/10352646,,0,0
https://openalex.org/w1593105017,https://doi.org/10.1128/jvi.63.6.2758-2767.1989,,,0,0
https://openalex.org/w2585898138,https://doi.org/10.1038/srep41539,https://pubmed.ncbi.nlm.nih.gov/28148962,,0,0
https://openalex.org/w2626857062,https://doi.org/10.1183/13993003.02396-2016,https://pubmed.ncbi.nlm.nih.gov/28619957,,0,0
https://openalex.org/w156444041,,https://pubmed.ncbi.nlm.nih.gov/8075001,,0,0
https://openalex.org/w2741194768,https://doi.org/10.7861/clinmedicine.17-4-322,,,0,1
https://openalex.org/w2160068201,https://doi.org/10.1016/j.rmed.2008.12.018,https://pubmed.ncbi.nlm.nih.gov/19201182,,0,0
https://openalex.org/w2147129391,https://doi.org/10.1136/jclinpath-2011-200336,https://pubmed.ncbi.nlm.nih.gov/22011444,,0,0
https://openalex.org/w2909714697,https://doi.org/10.1136/annrheumdis-2018-eular.1761,,,0,1
https://openalex.org/w2584600220,https://doi.org/10.1038/srep41686,https://pubmed.ncbi.nlm.nih.gov/28150715,,0,0
https://openalex.org/w2759454165,https://doi.org/10.5858/arpa.2017-0010-oa,https://pubmed.ncbi.nlm.nih.gov/28967806,,1,1
https://openalex.org/w2564509922,https://doi.org/10.1182/blood.v116.21.1483.1483,,,0,0
https://openalex.org/w2230326141,,,,0,0
https://openalex.org/w2106742532,https://doi.org/10.1177/0049475513480774,https://pubmed.ncbi.nlm.nih.gov/23550203,,0,0
https://openalex.org/w1974582792,https://doi.org/10.18388/abp.2014_1881,,,0,0
https://openalex.org/w2162295519,https://doi.org/10.1074/jbc.c100250200,https://pubmed.ncbi.nlm.nih.gov/11390368,,0,0
https://openalex.org/w3191258567,https://doi.org/10.1007/s11910-008-0011-4,,,0,0
https://openalex.org/w2281716033,https://doi.org/10.2500/ajra.2015.29.4147,https://pubmed.ncbi.nlm.nih.gov/25975251,,0,0
https://openalex.org/w2285056448,https://doi.org/10.1093/rheumatology/kev204,,,0,0
https://openalex.org/w1864490548,https://doi.org/10.1007/978-1-4612-3966-6_4,https://pubmed.ncbi.nlm.nih.gov/9040968,,0,0
https://openalex.org/w2511420679,,https://pubmed.ncbi.nlm.nih.gov/27537715,,0,0
https://openalex.org/w1482850806,https://doi.org/10.1038/ncomms7931,https://pubmed.ncbi.nlm.nih.gov/25959047,,0,0
https://openalex.org/w1966064185,https://doi.org/10.1055/s-0033-1348462,,,0,0
https://openalex.org/w2021759422,https://doi.org/10.1111/j.1525-1470.1985.tb00465.x,https://pubmed.ncbi.nlm.nih.gov/4011505,,0,0
https://openalex.org/w2745314355,https://doi.org/10.1111/ene.13357,https://pubmed.ncbi.nlm.nih.gov/28816394,,0,0
https://openalex.org/w2546959556,https://doi.org/10.1016/j.rmed.2016.10.017,https://pubmed.ncbi.nlm.nih.gov/28137497,,0,0
https://openalex.org/w2891073925,https://doi.org/10.4081/monaldi.2018.970,https://pubmed.ncbi.nlm.nih.gov/30183156,,0,0
https://openalex.org/w2004917979,https://doi.org/10.1007/s00256-010-0986-1,https://pubmed.ncbi.nlm.nih.gov/20552358,,0,0
https://openalex.org/w2772453905,https://doi.org/10.1016/s2213-2600(17)30478-2,https://pubmed.ncbi.nlm.nih.gov/29241977,,0,0
https://openalex.org/w2676312350,https://doi.org/10.1016/s2213-2600(17)30219-9,https://pubmed.ncbi.nlm.nih.gov/28664861,,0,0
https://openalex.org/w2165911231,https://doi.org/10.1016/s0140-6736(00)03540-6,https://pubmed.ncbi.nlm.nih.gov/11197446,,0,0
https://openalex.org/w2005437138,https://doi.org/10.1007/s00417-014-2696-1,https://pubmed.ncbi.nlm.nih.gov/25007956,,0,0
https://openalex.org/w2159417210,https://doi.org/10.1136/ard.2008.088302,https://pubmed.ncbi.nlm.nih.gov/18504289,,0,0
https://openalex.org/w1719086548,,,,0,0
https://openalex.org/w2016315055,https://doi.org/10.1016/s0140-6736(95)90817-x,https://pubmed.ncbi.nlm.nih.gov/7715339,,0,0
https://openalex.org/w2005257697,https://doi.org/10.1212/wnl.0b013e3181dad605,https://pubmed.ncbi.nlm.nih.gov/20421578,,0,0
https://openalex.org/w2147432938,https://doi.org/10.1148/radiology.174.3.2305053,https://pubmed.ncbi.nlm.nih.gov/2305053,,0,0
https://openalex.org/w3153022324,https://doi.org/10.1016/j.revmed.2003.10.013,,,0,0
https://openalex.org/w1993217920,https://doi.org/10.1016/j.rmr.2014.07.013,https://pubmed.ncbi.nlm.nih.gov/26231412,,0,1
https://openalex.org/w1970791305,https://doi.org/10.1152/ajplung.00335.2011,https://pubmed.ncbi.nlm.nih.gov/22180659,,0,0
https://openalex.org/w2155064518,https://doi.org/10.1183/09031936.00152607,https://pubmed.ncbi.nlm.nih.gov/19336591,,0,0
https://openalex.org/w2591454692,,https://pubmed.ncbi.nlm.nih.gov/28079843,,0,0
https://openalex.org/w2591840587,https://doi.org/10.1159/000381736,,,0,0
https://openalex.org/w2040142196,https://doi.org/10.1016/s0272-6386(12)80131-4,https://pubmed.ncbi.nlm.nih.gov/8203360,,0,0
https://openalex.org/w2140545605,https://doi.org/10.1136/thx.53.7.535,https://pubmed.ncbi.nlm.nih.gov/9797750,043-093-932-071-753,0,0
https://openalex.org/w2588357699,https://doi.org/10.1089/jpm.2016.0432,https://pubmed.ncbi.nlm.nih.gov/28437202,,0,0
https://openalex.org/w2051235325,https://doi.org/10.1097/qai.0b013e3181776255,https://pubmed.ncbi.nlm.nih.gov/18580344,,0,0
https://openalex.org/w2331050376,https://doi.org/10.1136/annrheumdis-2014-eular.5810,,,0,0
https://openalex.org/w2588930001,,,,0,0
https://openalex.org/w2143580138,https://doi.org/10.1155/2013/121578,https://pubmed.ncbi.nlm.nih.gov/24171031,,0,0
https://openalex.org/w2073955705,https://doi.org/10.1007/s40257-015-0120-1,https://pubmed.ncbi.nlm.nih.gov/25721032,,0,0
https://openalex.org/w2810990278,,,,0,0
https://openalex.org/w2099958058,https://doi.org/10.1084/jem.20071239,https://pubmed.ncbi.nlm.nih.gov/18070936,,0,0
https://openalex.org/w2054784071,https://doi.org/10.1371/journal.ppat.0030111,https://pubmed.ncbi.nlm.nih.gov/17696608,,0,0
https://openalex.org/w2444115711,,https://pubmed.ncbi.nlm.nih.gov/1306601,,0,0
https://openalex.org/w2460617447,https://doi.org/10.1212/wnl.0000000000002863,https://pubmed.ncbi.nlm.nih.gov/27343066,,0,0
https://openalex.org/w121695500,https://doi.org/10.1055/s-2003-41619,https://pubmed.ncbi.nlm.nih.gov/12931269,,0,0
https://openalex.org/w1990383211,https://doi.org/10.1016/s1297-319x(03)00019-8,,,0,0
https://openalex.org/w4255528403,https://doi.org/10.1183/13993003.51565-2015,,,0,0
https://openalex.org/w2117041698,https://doi.org/10.1016/j.rmed.2014.09.003,https://pubmed.ncbi.nlm.nih.gov/25269710,,1,1
https://openalex.org/w2132377553,https://doi.org/10.1158/1055-9965.epi-11-0326,https://pubmed.ncbi.nlm.nih.gov/21828236,,0,0
https://openalex.org/w2313694596,https://doi.org/10.1164/ajrccm-conference.2012.185.1_meetingabstracts.a1056,,,0,0
https://openalex.org/w2151296455,https://doi.org/10.1006/jsre.1998.5325,https://pubmed.ncbi.nlm.nih.gov/9733623,,0,0
https://openalex.org/w2102579227,https://doi.org/10.1309/kgrx-tc9t-pphm-1j46,https://pubmed.ncbi.nlm.nih.gov/11789736,135-105-324-827-714,0,0
https://openalex.org/w2802363594,https://doi.org/10.1016/j.radonc.2018.04.018,https://pubmed.ncbi.nlm.nih.gov/29747873,,0,0
https://openalex.org/w2171487873,https://doi.org/10.4049/jimmunol.1000803,https://pubmed.ncbi.nlm.nih.gov/20802146,,0,0
https://openalex.org/w1911795967,https://doi.org/10.1111/j.1445-5994.2010.02164.x,https://pubmed.ncbi.nlm.nih.gov/20059602,,0,1
https://openalex.org/w1508849064,https://doi.org/10.1111/resp.12322,,,0,0
https://openalex.org/w2909756924,https://doi.org/10.1136/annrheumdis-2018-eular.3493,,,0,1
https://openalex.org/w237967504,https://doi.org/10.1177/014556139207100913,https://pubmed.ncbi.nlm.nih.gov/1425382,,0,0
https://openalex.org/w2329588928,https://doi.org/10.1097/00001433-200212000-00006,,,0,0
https://openalex.org/w1565880869,https://doi.org/10.1111/resp.12317,https://pubmed.ncbi.nlm.nih.gov/24903079,,0,0
https://openalex.org/w2001700233,https://doi.org/10.1111/j.1440-1843.2007.01031.x,https://pubmed.ncbi.nlm.nih.gov/17539849,,0,0
https://openalex.org/w1975807940,https://doi.org/10.1378/chest.12-0741,,,0,1
https://openalex.org/w2321602362,https://doi.org/10.1056/nejm199202063260602,https://pubmed.ncbi.nlm.nih.gov/1729618,,0,0
https://openalex.org/w4239785274,https://doi.org/10.1016/j.jaad.2014.02.027,,,0,0
https://openalex.org/w2023681358,https://doi.org/10.1007/bf02231557,https://pubmed.ncbi.nlm.nih.gov/8467611,,0,0
https://openalex.org/w4244939206,https://doi.org/10.1186/s42358-018-0019-7,,,0,1
https://openalex.org/w2156429746,https://doi.org/10.1136/oem.2005.020834,https://pubmed.ncbi.nlm.nih.gov/16299098,,0,0
https://openalex.org/w2001123285,https://doi.org/10.1016/j.bioeng.2003.10.004,https://pubmed.ncbi.nlm.nih.gov/15113560,,0,0
https://openalex.org/w4289259346,https://doi.org/10.1091/mbc.e16-10-0736,,,0,0
https://openalex.org/w2017302232,https://doi.org/10.1212/01.wnl.0000435298.80023.7a,https://pubmed.ncbi.nlm.nih.gov/24107862,,0,0
https://openalex.org/w2001809959,https://doi.org/10.1016/j.clim.2008.08.011,https://pubmed.ncbi.nlm.nih.gov/18819842,,0,0
https://openalex.org/w1985409505,https://doi.org/10.1002/mus.20603,,,0,0
https://openalex.org/w2460374992,,,,0,0
https://openalex.org/w2143598769,https://doi.org/10.1183/09031936.00060107,,,0,1
https://openalex.org/w2742802120,https://doi.org/10.1183/16000617.0072-2017,,014-348-069-731-625,0,0
https://openalex.org/w2001944153,https://doi.org/10.1007/s10067-010-1467-6,https://pubmed.ncbi.nlm.nih.gov/20405301,,0,0
https://openalex.org/w2034630242,https://doi.org/10.1016/j.ajhg.2012.05.008,https://pubmed.ncbi.nlm.nih.gov/22748209,,0,0
https://openalex.org/w2009029587,https://doi.org/10.1136/oem.48.2.122,https://pubmed.ncbi.nlm.nih.gov/1998606,,0,0
https://openalex.org/w2739142914,https://doi.org/10.1016/j.meegid.2017.07.021,https://pubmed.ncbi.nlm.nih.gov/28734763,,0,0
https://openalex.org/w2045507676,https://doi.org/10.1378/chest.115.6.1758,https://pubmed.ncbi.nlm.nih.gov/10378589,,0,0
https://openalex.org/w2277220289,https://doi.org/10.3760/cma.j.issn.0366-6999.20141346,https://pubmed.ncbi.nlm.nih.gov/25189961,,0,0
https://openalex.org/w4301858249,https://doi.org/10.1111/resp.13268,,,0,0
https://openalex.org/w1905502586,,,,0,1
https://openalex.org/w2002821854,https://doi.org/10.1159/000246577,,,0,0
https://openalex.org/w2092885153,https://doi.org/10.2169/internalmedicine.50.4508,,,0,0
https://openalex.org/w2790725739,https://doi.org/10.1111/febs.14431,https://pubmed.ncbi.nlm.nih.gov/29542865,,0,0
https://openalex.org/w2004459981,https://doi.org/10.1055/s-2007-1006333,,,0,0
https://openalex.org/w2054116014,https://doi.org/10.1097/phm.0b013e31818a50e2,https://pubmed.ncbi.nlm.nih.gov/18936555,,0,0
https://openalex.org/w1991978326,https://doi.org/10.1016/0042-6822(87)90418-1,,,0,0
https://openalex.org/w2610489037,https://doi.org/10.1136/lupus-2017-000215.26,,,0,1
https://openalex.org/w2580472403,https://doi.org/10.1186/s13075-017-1219-y,https://pubmed.ncbi.nlm.nih.gov/28122635,,1,1
https://openalex.org/w2010454575,https://doi.org/10.1210/jc.2014-1962,https://pubmed.ncbi.nlm.nih.gov/25077899,,0,0
https://openalex.org/w1965401173,https://doi.org/10.1016/0738-081x(88)90046-6,,,0,0
https://openalex.org/w2761218690,https://doi.org/10.1016/j.cca.2017.10.002,https://pubmed.ncbi.nlm.nih.gov/28986052,,0,1
https://openalex.org/w4231527141,https://doi.org/10.1046/j.1440-1843.2000.00269.x,,,0,0
https://openalex.org/w2163773162,https://doi.org/10.1183/16000617.00002015,,,0,1
https://openalex.org/w2280489649,https://doi.org/10.1111/ane.12576,,,0,1
https://openalex.org/w2053867590,https://doi.org/10.1021/bi0202676,https://pubmed.ncbi.nlm.nih.gov/12600211,,0,0
https://openalex.org/w1970607652,https://doi.org/10.1007/s12026-014-8581-5,https://pubmed.ncbi.nlm.nih.gov/25391613,,0,0
https://openalex.org/w2068185520,https://doi.org/10.14348/molcells.2014.0104,https://pubmed.ncbi.nlm.nih.gov/24850149,,0,0
https://openalex.org/w2624389816,https://doi.org/10.1183/13993003.01934-2016,https://pubmed.ncbi.nlm.nih.gov/28596432,,0,0
https://openalex.org/w1501891348,,https://pubmed.ncbi.nlm.nih.gov/21834269,,0,0
https://openalex.org/w2324304598,https://doi.org/10.1158/1538-7445.am10-1053,,,0,0
https://openalex.org/w2103169413,,,,0,0
https://openalex.org/w2081031295,https://doi.org/10.1097/md.0000000000000015,https://pubmed.ncbi.nlm.nih.gov/24378741,,0,0
https://openalex.org/w2615276560,https://doi.org/10.3390/ijms18051084,,,0,1
https://openalex.org/w2566796740,https://doi.org/10.1016/j.lungcan.2016.12.016,,,0,0
https://openalex.org/w2007778958,https://doi.org/10.1073/pnas.0813368106,https://pubmed.ncbi.nlm.nih.gov/19237567,,0,0
https://openalex.org/w4302394934,https://doi.org/10.1007/s10875-014-0013-8,,,0,0
https://openalex.org/w2131712109,https://doi.org/10.1093/infdis/162.1.266,,,0,0
https://openalex.org/w2612003046,https://doi.org/10.1007/s11548-017-1603-8,https://pubmed.ncbi.nlm.nih.gov/28493110,,0,0
https://openalex.org/w150004616,,,,0,0
https://openalex.org/w2060649861,https://doi.org/10.1016/s0264-410x(99)00135-8,,,0,0
https://openalex.org/w2468346663,https://doi.org/10.1016/j.cellimm.2016.07.007,https://pubmed.ncbi.nlm.nih.gov/27423466,,0,0
https://openalex.org/w174261756,,https://pubmed.ncbi.nlm.nih.gov/9450166,,0,0
https://openalex.org/w2052319992,https://doi.org/10.1097/00002281-199411000-00006,,,0,0
https://openalex.org/w2089714303,https://doi.org/10.1073/pnas.1016814108,https://pubmed.ncbi.nlm.nih.gov/21118981,,0,0
https://openalex.org/w2417423927,,https://pubmed.ncbi.nlm.nih.gov/11506245,,0,0
https://openalex.org/w2084799267,https://doi.org/10.1515/cclm.2007.096,https://pubmed.ncbi.nlm.nih.gov/17439329,,0,0
https://openalex.org/w2267841437,https://doi.org/10.1016/j.prro.2016.01.009,https://pubmed.ncbi.nlm.nih.gov/27068780,,0,0
https://openalex.org/w1998778854,https://doi.org/10.1159/000358098,https://pubmed.ncbi.nlm.nih.gov/24576910,,0,0
https://openalex.org/w2087242696,https://doi.org/10.1016/s0190-9622(97)70109-9,https://pubmed.ncbi.nlm.nih.gov/9366818,,0,0
https://openalex.org/w1996449447,https://doi.org/10.1016/j.ajo.2005.08.029,https://pubmed.ncbi.nlm.nih.gov/16458699,,0,0
https://openalex.org/w1965449675,https://doi.org/10.1016/s0264-410x(01)00490-x,,,0,0
https://openalex.org/w1986614167,https://doi.org/10.1097/pas.0b013e3182785a2d,,,0,0
https://openalex.org/w1970415693,https://doi.org/10.3109/14397595.2013.843748,,,0,0
https://openalex.org/w15017595,https://doi.org/10.1016/j.autrev.2010.05.004,https://pubmed.ncbi.nlm.nih.gov/20457283,,0,0
https://openalex.org/w2790630248,,,,0,1
https://openalex.org/w3152256175,,https://pubmed.ncbi.nlm.nih.gov/2691769,,0,0
https://openalex.org/w1748732253,https://doi.org/10.1159/000319050,,,0,0
https://openalex.org/w2796473635,https://doi.org/10.1016/j.clindermatol.2018.04.008,,,0,1
https://openalex.org/w2407056861,,https://pubmed.ncbi.nlm.nih.gov/1983741,,0,0
https://openalex.org/w2402438875,,https://pubmed.ncbi.nlm.nih.gov/8386739,,0,0
https://openalex.org/w2023729581,https://doi.org/10.1001/archderm.1991.01680100145036,https://pubmed.ncbi.nlm.nih.gov/1952995,083-687-563-267-492,0,0
https://openalex.org/w2875435990,https://doi.org/10.4081/reumatismo.2018.1028,,,0,0
https://openalex.org/w2168701006,https://doi.org/10.1128/cvi.05133-11,https://pubmed.ncbi.nlm.nih.gov/21795462,,0,0
https://openalex.org/w1902382784,https://doi.org/10.1111/j.1399-0012.2010.01248.x,https://pubmed.ncbi.nlm.nih.gov/20394635,,0,0
https://openalex.org/w2000426670,https://doi.org/10.1128/jb.06660-11,https://pubmed.ncbi.nlm.nih.gov/22307755,,0,0
https://openalex.org/w2065190485,https://doi.org/10.1093/ndt/14.7.1789,https://pubmed.ncbi.nlm.nih.gov/10435900,051-704-923-539-780,0,0
https://openalex.org/w2165467019,https://doi.org/10.2165/00002018-200528020-00002,,,0,0
https://openalex.org/w2799957935,https://doi.org/10.1111/imj.8-13197,,,0,0
https://openalex.org/w2067518365,https://doi.org/10.1091/mbc.6.11.1459,,,0,0
https://openalex.org/w2519098687,https://doi.org/10.3899/jrheum.151355,https://pubmed.ncbi.nlm.nih.gov/27633822,,0,0
https://openalex.org/w2894149931,https://doi.org/10.1111/nan.12519,https://pubmed.ncbi.nlm.nih.gov/30267437,,1,1
https://openalex.org/w3150008608,,https://pubmed.ncbi.nlm.nih.gov/1310156,,0,0
https://openalex.org/w2412398753,,https://pubmed.ncbi.nlm.nih.gov/7558778,,0,0
https://openalex.org/w1970209407,https://doi.org/10.1016/s0889-857x(02)00023-6,,,0,1
https://openalex.org/w999510951,https://doi.org/10.1007/s00296-015-3328-8,https://pubmed.ncbi.nlm.nih.gov/26223808,,0,0
https://openalex.org/w2161516003,https://doi.org/10.1093/pcp/pcm157,https://pubmed.ncbi.nlm.nih.gov/18003671,,0,0
https://openalex.org/w2077134987,https://doi.org/10.1017/s0950268800049347,,,0,0
https://openalex.org/w2443565878,,https://pubmed.ncbi.nlm.nih.gov/10961254,,0,0
https://openalex.org/w1989682389,https://doi.org/10.1002/cncr.20229,,,0,0
https://openalex.org/w2774483348,https://doi.org/10.1038/s41467-017-02266-w,https://pubmed.ncbi.nlm.nih.gov/29263322,,0,0
https://openalex.org/w2112053402,https://doi.org/10.1093/rheumatology/keg040,,,0,0
https://openalex.org/w2419091929,,https://pubmed.ncbi.nlm.nih.gov/2899957,,0,0
https://openalex.org/w2425554925,https://doi.org/10.1016/j.revmed.2015.05.014,,,0,0
https://openalex.org/w2013392004,https://doi.org/10.1016/s0009-9260(98)80191-8,https://pubmed.ncbi.nlm.nih.gov/9833783,,0,0
https://openalex.org/w2090826640,https://doi.org/10.1016/j.survophthal.2008.04.007,https://pubmed.ncbi.nlm.nih.gov/18572052,,0,0
https://openalex.org/w1988619959,https://doi.org/10.1371/journal.pone.0055715,https://pubmed.ncbi.nlm.nih.gov/23468849,,0,0
https://openalex.org/w2120854440,https://doi.org/10.1136/oem.2004.018531,https://pubmed.ncbi.nlm.nih.gov/16169910,,0,0
https://openalex.org/w4300532087,https://doi.org/10.3121/cmr.2013.1173-8-a,https://pubmed.ncbi.nlm.nih.gov/24224189,028-597-434-798-947,0,0
https://openalex.org/w303657450,https://doi.org/10.1007/5584_2015_118,,,0,0
https://openalex.org/w4243920451,https://doi.org/10.7326/0003-4819-142-8-200504190-00004,https://pubmed.ncbi.nlm.nih.gov/15838062,060-618-230-062-524,0,0
https://openalex.org/w2083819985,https://doi.org/10.1007/s10147-013-0554-5,https://pubmed.ncbi.nlm.nih.gov/23592279,,0,0
https://openalex.org/w2663082314,https://doi.org/10.1091/mbc.e12-10-0757,,,0,0
https://openalex.org/w2072293006,https://doi.org/10.1016/j.jneuroim.2008.07.019,,,0,0
https://openalex.org/w2108651302,https://doi.org/10.1093/rheumatology/keu385,https://pubmed.ncbi.nlm.nih.gov/25288783,,0,0
https://openalex.org/w2538771555,https://doi.org/10.1002/jcsm.12129,,,0,0
https://openalex.org/w1647030289,https://doi.org/10.1177/1479972310393758,https://pubmed.ncbi.nlm.nih.gov/21339375,,0,1
https://openalex.org/w818313350,https://doi.org/10.1016/j.revmed.2015.05.012,https://pubmed.ncbi.nlm.nih.gov/26094129,,0,0
https://openalex.org/w2888094296,https://doi.org/10.1007/s10067-018-4267-z,https://pubmed.ncbi.nlm.nih.gov/30145635,,0,1
https://openalex.org/w1887505871,,https://pubmed.ncbi.nlm.nih.gov/23482799,,0,0
https://openalex.org/w2060880571,https://doi.org/10.1111/j.1440-1843.2006.01004.x,,024-930-399-645-769,0,0
https://openalex.org/w1578396116,https://doi.org/10.1186/s12967-015-0614-x,https://pubmed.ncbi.nlm.nih.gov/26231702,,0,0
https://openalex.org/w2055597828,https://doi.org/10.1016/j.medcli.2009.12.015,https://pubmed.ncbi.nlm.nih.gov/20227733,,0,0
https://openalex.org/w2026426852,https://doi.org/10.1016/j.semarthrit.2014.03.004,https://pubmed.ncbi.nlm.nih.gov/24684974,,0,0
https://openalex.org/w2129546916,https://doi.org/10.1111/j.1348-0421.2000.tb02549.x,,,0,0
https://openalex.org/w2051216497,https://doi.org/10.1016/j.semarthrit.2014.05.004,,,0,0
https://openalex.org/w2245989159,https://doi.org/10.1177/1352458514563659,,,0,0
https://openalex.org/w2146089552,https://doi.org/10.1084/jem.183.1.13,https://pubmed.ncbi.nlm.nih.gov/8551216,,0,0
https://openalex.org/w2766006652,https://doi.org/10.3899/jrheum.161040,,,0,0
https://openalex.org/w2041114103,https://doi.org/10.1016/j.vaccine.2012.10.065,https://pubmed.ncbi.nlm.nih.gov/23107591,,0,0
https://openalex.org/w2135403213,https://doi.org/10.2106/jbjs.g.00774,https://pubmed.ncbi.nlm.nih.gov/18245597,,0,0
https://openalex.org/w1989983544,https://doi.org/10.1021/bi1004377,https://pubmed.ncbi.nlm.nih.gov/20672865,,0,0
https://openalex.org/w2164021414,https://doi.org/10.2217/ijr.12.24,,,0,0
https://openalex.org/w2081630362,https://doi.org/10.1067/mjd.2002.122196,https://pubmed.ncbi.nlm.nih.gov/12271292,,0,0
https://openalex.org/w2344307926,https://doi.org/10.1093/rheumatology/kew146,https://pubmed.ncbi.nlm.nih.gov/27121778,,0,1
https://openalex.org/w2037213556,https://doi.org/10.1007/bf01318994,,,0,0
https://openalex.org/w2794157908,https://doi.org/10.1183/13993003.02519-2017,https://pubmed.ncbi.nlm.nih.gov/29496758,060-790-047-006-422,0,0
https://openalex.org/w2079758570,https://doi.org/10.1093/glycob/7.7.987,,,0,0
https://openalex.org/w2578098121,https://doi.org/10.1093/rheumatology/kew426,,,0,0
https://openalex.org/w2737205782,https://doi.org/10.1016/j.kint.2017.04.027,https://pubmed.ncbi.nlm.nih.gov/28729032,,0,0
https://openalex.org/w2335578596,https://doi.org/10.3899/jrheum.130549,,020-261-253-614-66X,0,0
https://openalex.org/w1885286373,,,,0,0
https://openalex.org/w2003769379,https://doi.org/10.1007/s00330-010-1712-z,https://pubmed.ncbi.nlm.nih.gov/20157817,,0,0
https://openalex.org/w1986194017,https://doi.org/10.1016/j.otorri.2011.12.002,https://pubmed.ncbi.nlm.nih.gov/22439922,,0,0
https://openalex.org/w2152842365,https://doi.org/10.1093/intimm/dxp017,,,0,0
https://openalex.org/w2200881126,https://doi.org/10.1016/j.ijrobp.2015.11.044,https://pubmed.ncbi.nlm.nih.gov/26883561,,0,0
https://openalex.org/w1970473362,https://doi.org/10.1016/j.jaci.2013.01.015,https://pubmed.ncbi.nlm.nih.gov/23453796,,0,0
https://openalex.org/w2033446860,https://doi.org/10.1016/0736-5748(92)90028-x,,,0,0
https://openalex.org/w2557739875,https://doi.org/10.1183/13993003.01259-2016,https://pubmed.ncbi.nlm.nih.gov/27903692,037-610-889-650-56X,0,1
https://openalex.org/w2083617728,https://doi.org/10.1016/j.autrev.2009.03.005,https://pubmed.ncbi.nlm.nih.gov/19285154,,0,0
https://openalex.org/w2598122779,https://doi.org/10.1016/j.rmed.2017.03.028,https://pubmed.ncbi.nlm.nih.gov/28385573,,0,1
https://openalex.org/w2076848310,https://doi.org/10.1046/j.1365-2796.1998.00378.x,https://pubmed.ncbi.nlm.nih.gov/9797497,,0,0
https://openalex.org/w2169458482,https://doi.org/10.1510/icvts.2006.129338,,,0,0
https://openalex.org/w2282025793,https://doi.org/10.1096/fasebj.24.1_supplement.687.1,,,0,0
https://openalex.org/w2414428241,https://doi.org/10.1136/annrheumdis-2015-eular.3134,,,0,0
https://openalex.org/w1968182403,https://doi.org/10.1016/j.coi.2007.09.002,https://pubmed.ncbi.nlm.nih.gov/17977705,,0,0
https://openalex.org/w2577492147,https://doi.org/10.1016/j.jstrokecerebrovasdis.2016.12.022,https://pubmed.ncbi.nlm.nih.gov/28089561,,0,0
https://openalex.org/w2130270835,https://doi.org/10.2214/ajr.167.1.8659350,,,0,0
https://openalex.org/w1528739806,https://doi.org/10.1111/resp.12207,https://pubmed.ncbi.nlm.nih.gov/25198924,,0,0
https://openalex.org/w2080146896,https://doi.org/10.1002/art.10725,https://pubmed.ncbi.nlm.nih.gov/12687573,,0,0
https://openalex.org/w2103831964,https://doi.org/10.1016/j.neurobiolaging.2013.12.013,,,0,0
https://openalex.org/w2338714174,https://doi.org/10.1016/j.chest.2016.04.007,https://pubmed.ncbi.nlm.nih.gov/27102182,,0,0
https://openalex.org/w2051095776,https://doi.org/10.1007/s002960050045,,,0,0
https://openalex.org/w2755847723,https://doi.org/10.1136/annrheumdis-2017-eular.5218,,,0,1
https://openalex.org/w2011823165,https://doi.org/10.1378/chest.1679497,,,0,0
https://openalex.org/w2415667186,,,,0,0
https://openalex.org/w2058691999,https://doi.org/10.1136/bjo.71.9.694,https://pubmed.ncbi.nlm.nih.gov/3663563,,0,0
https://openalex.org/w2010161820,https://doi.org/10.1016/j.ejrad.2008.07.008,https://pubmed.ncbi.nlm.nih.gov/18722728,,0,0
https://openalex.org/w1578777423,https://doi.org/10.1515/cclm-2014-0863,,,0,0
https://openalex.org/w1981592931,https://doi.org/10.1007/bf00051675,https://pubmed.ncbi.nlm.nih.gov/7718740,,0,0
https://openalex.org/w2156305166,https://doi.org/10.1002/ajim.4700280505,https://pubmed.ncbi.nlm.nih.gov/8561170,,0,0
https://openalex.org/w2611322325,https://doi.org/10.1186/s12885-017-3285-6,https://pubmed.ncbi.nlm.nih.gov/28464801,,0,0
https://openalex.org/w1974744480,https://doi.org/10.1016/j.coi.2009.12.004,https://pubmed.ncbi.nlm.nih.gov/20060699,,0,0
https://openalex.org/w2049425162,https://doi.org/10.1016/j.rmed.2013.01.014,https://pubmed.ncbi.nlm.nih.gov/23485097,,0,0
https://openalex.org/w4297630970,https://doi.org/10.1093/glycob/cwq137,,,0,0
https://openalex.org/w2036866336,https://doi.org/10.1016/s0886-3350(13)80519-6,https://pubmed.ncbi.nlm.nih.gov/8523273,,0,0
https://openalex.org/w2001094206,https://doi.org/10.1007/s11914-011-0046-3,https://pubmed.ncbi.nlm.nih.gov/21340697,,0,0
https://openalex.org/w2587404681,https://doi.org/10.1159/000447416,,,0,0
https://openalex.org/w2109931837,https://doi.org/10.4067/s0034-98872005000300001,https://pubmed.ncbi.nlm.nih.gov/15880180,,0,0
https://openalex.org/w75985149,,https://pubmed.ncbi.nlm.nih.gov/9923063,,0,0
https://openalex.org/w2786098490,https://doi.org/10.3899/jrheum.171084,,013-378-037-316-487,0,0
https://openalex.org/w2743435434,https://doi.org/10.1093/rheumatology/kex267,https://pubmed.ncbi.nlm.nih.gov/28957568,,0,0
https://openalex.org/w2170801195,https://doi.org/10.1136/thx.41.8.596,https://pubmed.ncbi.nlm.nih.gov/3787543,,0,0
https://openalex.org/w2225116307,,https://pubmed.ncbi.nlm.nih.gov/11211478,,0,0
https://openalex.org/w1557474750,https://doi.org/10.1023/a:1008845332422,https://pubmed.ncbi.nlm.nih.gov/10334642,,0,0
https://openalex.org/w2091671249,https://doi.org/10.7326/0003-4819-158-6-201303190-00015,https://pubmed.ncbi.nlm.nih.gov/23552975,,0,0
https://openalex.org/w2134531786,https://doi.org/10.4049/jimmunol.165.4.1984,,,0,0
https://openalex.org/w1969417704,https://doi.org/10.1002/cbic.201200128,https://pubmed.ncbi.nlm.nih.gov/22692979,,0,0
https://openalex.org/w2154840352,https://doi.org/10.1136/thx.41.1.6,https://pubmed.ncbi.nlm.nih.gov/3704968,,0,0
https://openalex.org/w2563309802,https://doi.org/10.1111/crj.12602,https://pubmed.ncbi.nlm.nih.gov/28026113,,0,0
https://openalex.org/w1967362853,https://doi.org/10.1016/j.cyto.2008.07.013,https://pubmed.ncbi.nlm.nih.gov/18715799,,0,0
https://openalex.org/w2465610795,https://doi.org/10.1080/00034983.1988.11812301,https://pubmed.ncbi.nlm.nih.gov/3256280,028-427-630-895-224,0,0
https://openalex.org/w4389022426,https://doi.org/10.1096/fasebj.31.1_supplement.912.1,,,0,0
https://openalex.org/w2890390702,https://doi.org/10.1200/jco.2016.34.15_suppl.e14551,,,0,0
https://openalex.org/w2064640483,https://doi.org/10.1097/00005382-198710000-00010,https://pubmed.ncbi.nlm.nih.gov/3682046,,0,0
https://openalex.org/w2410772104,,https://pubmed.ncbi.nlm.nih.gov/9784948,,0,0
https://openalex.org/w2418181202,,https://pubmed.ncbi.nlm.nih.gov/9660008,,0,0
https://openalex.org/w2790138131,https://doi.org/10.1128/jvi.00114-18,https://pubmed.ncbi.nlm.nih.gov/29563292,,0,0
https://openalex.org/w2068565315,https://doi.org/10.1016/0248-4900(91)90055-r,https://pubmed.ncbi.nlm.nih.gov/1912951,,0,0
https://openalex.org/w2884135231,https://doi.org/10.1007/s10067-018-4211-2,https://pubmed.ncbi.nlm.nih.gov/30006917,,0,0
https://openalex.org/w1992876536,https://doi.org/10.3109/03009742.2010.533693,https://pubmed.ncbi.nlm.nih.gov/21231798,,0,0
https://openalex.org/w2211616580,https://doi.org/10.1152/ajprenal.1995.268.3.f514,,,0,0
https://openalex.org/w2120044408,https://doi.org/10.1183/09031936.00226911,https://pubmed.ncbi.nlm.nih.gov/22743676,,0,0
https://openalex.org/w2771166606,https://doi.org/10.1097/rhu.0000000000000650,https://pubmed.ncbi.nlm.nih.gov/29239932,,0,0
https://openalex.org/w2023114187,https://doi.org/10.1016/j.ccm.2011.12.003,,,0,0
https://openalex.org/w2117933257,https://doi.org/10.3349/ymj.2006.47.4.519,https://pubmed.ncbi.nlm.nih.gov/16941742,,0,0
https://openalex.org/w2623765059,https://doi.org/10.1371/journal.pone.0178703,https://pubmed.ncbi.nlm.nih.gov/28582436,,0,0
https://openalex.org/w2401994568,https://doi.org/10.2119/molmed.2014.00232,,,0,0
https://openalex.org/w2784006802,https://doi.org/10.1007/s00296-017-3916-x,,,0,0
https://openalex.org/w2023014801,https://doi.org/10.1007/s00405-012-2240-z,https://pubmed.ncbi.nlm.nih.gov/23132127,,0,0
https://openalex.org/w2507656227,https://doi.org/10.1016/j.ram.2016.03.009,https://pubmed.ncbi.nlm.nih.gov/27615713,,0,0
https://openalex.org/w1611974981,https://doi.org/10.1111/cge.12000,https://pubmed.ncbi.nlm.nih.gov/22909335,,0,0
https://openalex.org/w1532759201,https://doi.org/10.1186/2050-6511-13-s1-a50,,,0,0
https://openalex.org/w175264952,,https://pubmed.ncbi.nlm.nih.gov/8950078,,0,0
https://openalex.org/w2010036566,https://doi.org/10.1111/j.1365-2133.2006.07593.x,,,1,1
https://openalex.org/w2051631483,https://doi.org/10.1016/j.febslet.2012.07.057,https://pubmed.ncbi.nlm.nih.gov/22841549,,0,0
https://openalex.org/w2808209436,https://doi.org/10.1136/annrheumdis-2018-eular.6830,,,0,0
https://openalex.org/w2011044016,https://doi.org/10.1164/arrd.1986.133.1.5,https://pubmed.ncbi.nlm.nih.gov/3510581,,0,0
https://openalex.org/w2126925638,https://doi.org/10.1136/thoraxjnl-2013-204245,https://pubmed.ncbi.nlm.nih.gov/24043637,083-531-599-274-52X,0,0
https://openalex.org/w2152780873,https://doi.org/10.1186/s12931-014-0087-0,https://pubmed.ncbi.nlm.nih.gov/25085021,,0,0
https://openalex.org/w2741833304,,,,0,0
https://openalex.org/w4313385225,https://doi.org/10.4049/jimmunol.198.supp.55.15,,,0,0
https://openalex.org/w2061268855,https://doi.org/10.1111/j.1365-2230.1996.tb00161.x,https://pubmed.ncbi.nlm.nih.gov/9167352,,0,1
https://openalex.org/w2147735899,https://doi.org/10.1128/cvi.00500-07,https://pubmed.ncbi.nlm.nih.gov/18385459,,0,0
https://openalex.org/w2754776100,https://doi.org/10.1136/annrheumdis-2017-eular.7050,,,0,1
https://openalex.org/w2061464271,https://doi.org/10.1164/rccm.2312006,,,0,0
https://openalex.org/w2086480132,https://doi.org/10.1016/j.rmed.2015.01.021,https://pubmed.ncbi.nlm.nih.gov/25698651,,0,0
https://openalex.org/w2808663395,https://doi.org/10.1136/bcr-2018-224968,,,0,0
https://openalex.org/w4251260017,https://doi.org/10.1164/ajrccm.171.5.951,https://pubmed.ncbi.nlm.nih.gov/15722420,,0,0
https://openalex.org/w2009756837,https://doi.org/10.1016/j.amjmed.2012.05.018,,,0,0
https://openalex.org/w2004089161,https://doi.org/10.1590/s1806-37132011000100015,https://pubmed.ncbi.nlm.nih.gov/21390438,,0,1
https://openalex.org/w4397998,https://doi.org/10.7883/yoken.63.8,,,0,0
https://openalex.org/w2088426478,https://doi.org/10.1097/01.bpb.0000248563.18595.6b,https://pubmed.ncbi.nlm.nih.gov/17314640,,0,0
https://openalex.org/w2131976675,https://doi.org/10.1111/j.1479-8077.2007.00306.x,,,0,1
https://openalex.org/w2024952803,https://doi.org/10.3899/jrheum.101213,https://pubmed.ncbi.nlm.nih.gov/21724729,096-208-567-289-665,0,0
https://openalex.org/w2169974863,https://doi.org/10.1183/09059180.00001813,,,0,0
https://openalex.org/w2893821351,https://doi.org/10.1097/bor.0000000000000548,https://pubmed.ncbi.nlm.nih.gov/30234722,,0,1
https://openalex.org/w2020588519,https://doi.org/10.1111/j.1462-5822.2008.01177.x,https://pubmed.ncbi.nlm.nih.gov/18503637,,0,0
https://openalex.org/w2146322343,https://doi.org/10.1002/ajim.4700160102,https://pubmed.ncbi.nlm.nih.gov/2665481,,0,0
https://openalex.org/w1998367843,https://doi.org/10.1046/j.1365-2265.2000.01125.x,https://pubmed.ncbi.nlm.nih.gov/11012577,,0,0
https://openalex.org/w1967776440,https://doi.org/10.1002/1097-0142(197806)41:6<2292::aid-cncr2820410630>3.0.co;2-2,https://pubmed.ncbi.nlm.nih.gov/657093,015-937-296-004-50X,0,0
https://openalex.org/w2148435209,https://doi.org/10.1016/s0140-6736(05)64340-1,,,0,0
https://openalex.org/w2042101527,https://doi.org/10.1097/00063198-199909000-00011,,,0,0
https://openalex.org/w2029654925,https://doi.org/10.1016/j.vaccine.2010.01.046,https://pubmed.ncbi.nlm.nih.gov/20132920,,0,0
https://openalex.org/w2289116930,,https://pubmed.ncbi.nlm.nih.gov/10897856,,0,0
https://openalex.org/w1776152333,https://doi.org/10.11152/mu.2013.2066.163.2hh,https://pubmed.ncbi.nlm.nih.gov/25110759,,0,0
https://openalex.org/w2317218120,https://doi.org/10.3949/ccjm.80b.10013,https://pubmed.ncbi.nlm.nih.gov/24085802,040-241-949-213-431,0,0
https://openalex.org/w2315028483,https://doi.org/10.1136/annrheumdis-2013-eular.1355,,,0,0
https://openalex.org/w2325637746,https://doi.org/10.1136/annrheumdis-2014-eular.3597,,,0,1
https://openalex.org/w2113981042,https://doi.org/10.4049/jimmunol.1202817,https://pubmed.ncbi.nlm.nih.gov/23460746,,0,0
https://openalex.org/w3187827015,https://doi.org/10.1007/s11926-011-0176-8,https://pubmed.ncbi.nlm.nih.gov/21455765,,0,1
https://openalex.org/w2605019743,https://doi.org/10.1097/qai.0000000000001394,https://pubmed.ncbi.nlm.nih.gov/28394855,,0,0
https://openalex.org/w2137563386,https://doi.org/10.1002/mus.20652,https://pubmed.ncbi.nlm.nih.gov/16967485,,0,0
https://openalex.org/w2060876488,https://doi.org/10.1097/md.0b013e318156f9c2,https://pubmed.ncbi.nlm.nih.gov/17873759,,0,0
https://openalex.org/w2090796612,https://doi.org/10.1055/s-2007-991527,,,0,0
https://openalex.org/w2067437514,https://doi.org/10.1002/ajim.4700200106,https://pubmed.ncbi.nlm.nih.gov/1867218,,0,0
https://openalex.org/w2143015455,https://doi.org/10.1093/aje/kwr159,https://pubmed.ncbi.nlm.nih.gov/21828370,,0,0
https://openalex.org/w2070243355,https://doi.org/10.1016/j.celrep.2014.06.028,https://pubmed.ncbi.nlm.nih.gov/25043180,,0,0
https://openalex.org/w2156240486,https://doi.org/10.1093/hmg/ddq157,https://pubmed.ncbi.nlm.nih.gov/20410287,,0,0
https://openalex.org/w2064835580,https://doi.org/10.4081/itjm.2014.s2,,,0,0
https://openalex.org/w2603520355,https://doi.org/10.1007/s00296-017-3707-4,https://pubmed.ncbi.nlm.nih.gov/28331982,,0,0
https://openalex.org/w2417921047,https://doi.org/,https://pubmed.ncbi.nlm.nih.gov/22369297,,0,0
https://openalex.org/w81550344,,,,0,0
https://openalex.org/w1972331467,https://doi.org/10.1177/0961203308089693,https://pubmed.ncbi.nlm.nih.gov/18755865,,0,0
https://openalex.org/w2768963572,https://doi.org/10.1111/cen3.12423,,,0,1
https://openalex.org/w2067863108,https://doi.org/10.1016/j.exer.2006.08.011,,,0,0
https://openalex.org/w2143985878,https://doi.org/10.1016/j.ccm.2013.01.012,,,0,0
https://openalex.org/w2117446981,https://doi.org/10.1136/pgmj.65.765.437,https://pubmed.ncbi.nlm.nih.gov/2690042,049-636-140-400-72X,0,0
https://openalex.org/w2617574728,https://doi.org/10.1186/s12969-017-0141-9,,,0,0
https://openalex.org/w4249408259,https://doi.org/10.1111/j.1365-2362.2012.02649.x,,,0,0
https://openalex.org/w2558303123,https://doi.org/10.1186/s12890-016-0325-y,https://pubmed.ncbi.nlm.nih.gov/27903248,,1,1
https://openalex.org/w1988257442,https://doi.org/10.1001/jamaoto.2013.1135,https://pubmed.ncbi.nlm.nih.gov/23329095,,0,0
https://openalex.org/w1997035324,https://doi.org/10.1158/1538-7445.am2011-2710,,,0,0
https://openalex.org/w2411822894,,,,0,0
https://openalex.org/w2760271679,https://doi.org/10.1136/annrheumdis-2017-212368,https://pubmed.ncbi.nlm.nih.gov/28970214,,0,1
https://openalex.org/w2413062779,,,,0,0
https://openalex.org/w2612426754,https://doi.org/10.1371/journal.pone.0176407,https://pubmed.ncbi.nlm.nih.gov/28493882,,0,0
https://openalex.org/w2070767324,https://doi.org/10.1002/ajim.4700260311,https://pubmed.ncbi.nlm.nih.gov/7977411,,0,0
https://openalex.org/w2021964428,https://doi.org/10.2106/jbjs.h.00554,https://pubmed.ncbi.nlm.nih.gov/19487531,006-888-653-635-330,0,0
https://openalex.org/w2084392102,https://doi.org/10.1016/0092-8674(84)90460-4,,,0,0
https://openalex.org/w2144791448,https://doi.org/10.1186/1471-2377-11-143,https://pubmed.ncbi.nlm.nih.gov/22070623,,0,0
https://openalex.org/w2224816141,https://doi.org/10.1371/journal.pone.0146410,https://pubmed.ncbi.nlm.nih.gov/26741365,,0,0
https://openalex.org/w2167300992,https://doi.org/10.1136/annrheumdis-2013-203605,https://pubmed.ncbi.nlm.nih.gov/23644669,,0,1
https://openalex.org/w2115898291,https://doi.org/10.4187/respcare.01734,,,0,0
https://openalex.org/w2064384617,https://doi.org/10.1016/s0005-2736(98)00118-7,,,0,0
https://openalex.org/w2765878974,https://doi.org/10.5152/eurjrheum.2017.17036,https://pubmed.ncbi.nlm.nih.gov/29308284,,0,0
https://openalex.org/w2072918411,https://doi.org/10.1002/lary.21883,https://pubmed.ncbi.nlm.nih.gov/21952921,,0,0
https://openalex.org/w2737672526,https://doi.org/10.13140/rg.2.2.25753.01120,,,0,0
https://openalex.org/w2321396728,https://doi.org/10.1002/ibd.21172,,,0,0
https://openalex.org/w2802383413,https://doi.org/10.3389/fphys.2018.00428,https://pubmed.ncbi.nlm.nih.gov/29740340,,0,0
https://openalex.org/w1992023754,https://doi.org/10.1378/chest.06-2929,https://pubmed.ncbi.nlm.nih.gov/17550935,,0,0
https://openalex.org/w2023192032,https://doi.org/10.1177/1759720x11415306,,,0,1
https://openalex.org/w2159208256,https://doi.org/10.1099/0022-1317-83-12-3067,,,0,0
https://openalex.org/w2205391572,https://doi.org/10.1007/s10067-015-3140-6,https://pubmed.ncbi.nlm.nih.gov/26676808,,0,0
https://openalex.org/w2121883473,https://doi.org/10.1183/09031936.98.11030702,https://pubmed.ncbi.nlm.nih.gov/9596124,,0,0
https://openalex.org/w2742891217,https://doi.org/10.1136/annrheumdis-2017-211868,https://pubmed.ncbi.nlm.nih.gov/28855174,,1,1
https://openalex.org/w2098814976,https://doi.org/10.1128/mbio.00117-11,https://pubmed.ncbi.nlm.nih.gov/21771913,,0,0
https://openalex.org/w2528597183,https://doi.org/10.1007/s00296-016-3571-7,https://pubmed.ncbi.nlm.nih.gov/27722793,,0,0
https://openalex.org/w2054256245,https://doi.org/10.1002/pbc.20676,https://pubmed.ncbi.nlm.nih.gov/16276522,,0,0
https://openalex.org/w2170200935,https://doi.org/10.1046/j.1365-2249.1997.4081308.x,,,0,1
https://openalex.org/w2000944238,https://doi.org/10.1378/chest.103.6.1759,https://pubmed.ncbi.nlm.nih.gov/8404097,,0,0
https://openalex.org/w2293271628,https://doi.org/10.4103/0970-2113.173055,https://pubmed.ncbi.nlm.nih.gov/26933302,,1,1
https://openalex.org/w2152428858,https://doi.org/10.1093/jrr/rrv049,https://pubmed.ncbi.nlm.nih.gov/26338993,,0,0
https://openalex.org/w116405246,https://doi.org/10.1016/j.berh.2006.08.005,,,0,0
https://openalex.org/w2490927065,https://doi.org/10.1371/journal.ppat.1005803,https://pubmed.ncbi.nlm.nih.gov/27482714,,0,0
https://openalex.org/w2158428006,https://doi.org/10.4049/jimmunol.1001058,https://pubmed.ncbi.nlm.nih.gov/20566831,,0,0
https://openalex.org/w2167701209,https://doi.org/10.1017/s0022215109991952,https://pubmed.ncbi.nlm.nih.gov/19930784,,0,0
https://openalex.org/w1968919506,https://doi.org/10.1016/j.cyto.2009.07.254,,,0,0
https://openalex.org/w1520263474,https://doi.org/10.1111/j.1479-8301.2010.00328.x,https://pubmed.ncbi.nlm.nih.gov/20860571,,0,0
https://openalex.org/w2012858553,https://doi.org/10.1016/s0264-410x(03)00078-1,,,0,0
https://openalex.org/w2512400480,https://doi.org/10.1183/16000617.0090-2015,https://pubmed.ncbi.nlm.nih.gov/27581827,,0,0
https://openalex.org/w2282514635,https://doi.org/10.2174/0929867322666150514094935,,,0,1
https://openalex.org/w2407974705,,,,0,0
https://openalex.org/w1994940875,https://doi.org/10.1007/s11926-013-0349-8,,,0,1
https://openalex.org/w1999061808,https://doi.org/10.1097/00006231-200205000-00003,,,0,0
https://openalex.org/w2106346448,https://doi.org/10.1097/01.mcp.0000174250.38188.6d,https://pubmed.ncbi.nlm.nih.gov/16093821,,0,0
https://openalex.org/w1977158126,https://doi.org/10.1007/s00296-013-2735-y,https://pubmed.ncbi.nlm.nih.gov/23553518,,0,0
https://openalex.org/w2097867256,,https://pubmed.ncbi.nlm.nih.gov/19218713,,0,0
https://openalex.org/w138978808,,https://pubmed.ncbi.nlm.nih.gov/12173666,,0,0
https://openalex.org/w2124203673,https://doi.org/10.1681/asn.v95842,https://pubmed.ncbi.nlm.nih.gov/9596082,,0,0
https://openalex.org/w1897748761,https://doi.org/10.1128/jvi.69.2.1339-1343.1995,https://pubmed.ncbi.nlm.nih.gov/7815518,,0,0
https://openalex.org/w2047384830,https://doi.org/10.7589/0090-3558-20.4.308,,,0,0
https://openalex.org/w2077895684,https://doi.org/10.1080/13506120701816827,https://pubmed.ncbi.nlm.nih.gov/18266125,,0,0
https://openalex.org/w1995033240,https://doi.org/10.1007/s00415-014-7375-y,https://pubmed.ncbi.nlm.nih.gov/24848633,,0,0
https://openalex.org/w2091206421,https://doi.org/10.1097/00063198-200309000-00010,https://pubmed.ncbi.nlm.nih.gov/12904710,,0,0
https://openalex.org/w1965660689,https://doi.org/10.1016/j.rmed.2007.07.009,https://pubmed.ncbi.nlm.nih.gov/17855065,,0,0
https://openalex.org/w2031500777,https://doi.org/10.1038/bmt.2008.297,,,0,0
https://openalex.org/w2129270308,https://doi.org/10.2106/jbjs.f.00822,,,0,0
https://openalex.org/w2172803364,https://doi.org/10.1164/rccm.201505-1029le,https://pubmed.ncbi.nlm.nih.gov/26568245,,0,0
https://openalex.org/w4238628289,https://doi.org/10.1007/s10840-011-9557-1,,,0,0
https://openalex.org/w2104630272,https://doi.org/10.1136/ard.2010.137968,https://pubmed.ncbi.nlm.nih.gov/21216816,,0,0
https://openalex.org/w2513832019,https://doi.org/10.1038/mi.2016.73,https://pubmed.ncbi.nlm.nih.gov/27554297,,0,0
https://openalex.org/w2086776329,https://doi.org/10.1111/j.1742-4658.2006.05293.x,https://pubmed.ncbi.nlm.nih.gov/16817903,,0,0
https://openalex.org/w2048446407,https://doi.org/10.1378/chest.08-2233,https://pubmed.ncbi.nlm.nih.gov/19225060,,1,1
https://openalex.org/w2032897155,https://doi.org/10.1097/hp.0b013e3182a32ccf,https://pubmed.ncbi.nlm.nih.gov/24276549,,0,0
https://openalex.org/w2328543163,https://doi.org/10.1158/1538-7445.am2012-4875,,,0,0
https://openalex.org/w2041953404,https://doi.org/10.1259/0007-1285-69-828-1099,https://pubmed.ncbi.nlm.nih.gov/9135463,,0,0
https://openalex.org/w2080523664,https://doi.org/10.1148/radiology.210.2.r99ja15333,,,0,0
https://openalex.org/w2075016766,https://doi.org/10.1111/j.1440-1843.2006.00830.x,,034-272-758-260-598,0,0
https://openalex.org/w2002599570,https://doi.org/10.1089/dna.2007.0706,https://pubmed.ncbi.nlm.nih.gov/18466089,,0,0
https://openalex.org/w1892300836,https://doi.org/10.1002/ajim.22465,https://pubmed.ncbi.nlm.nih.gov/25940153,,0,0
https://openalex.org/w2127173719,https://doi.org/10.1186/1546-0096-12-2,https://pubmed.ncbi.nlm.nih.gov/24397895,,0,0
https://openalex.org/w1988822569,https://doi.org/10.1016/j.amjoto.2014.12.010,https://pubmed.ncbi.nlm.nih.gov/25630847,,0,0
https://openalex.org/w1745752643,,https://pubmed.ncbi.nlm.nih.gov/25078636,,0,0
https://openalex.org/w2023913685,https://doi.org/10.1590/s0482-50042012000200007,https://pubmed.ncbi.nlm.nih.gov/22460412,,0,0
https://openalex.org/w2727458804,https://doi.org/10.1080/17512433.2017.1353910,https://pubmed.ncbi.nlm.nih.gov/28691537,,0,0
https://openalex.org/w2004561407,https://doi.org/10.1017/s0022215114001650,https://pubmed.ncbi.nlm.nih.gov/25180544,,0,0
https://openalex.org/w2165938921,https://doi.org/10.1136/ard.59.4.257,https://pubmed.ncbi.nlm.nih.gov/10733471,,0,0
https://openalex.org/w3022783504,https://doi.org/10.1136/gutjnl-2018-bsgabstracts.419,,,0,1
https://openalex.org/w1991025828,https://doi.org/10.1016/j.bbrc.2005.04.027,https://pubmed.ncbi.nlm.nih.gov/15882992,,0,0
https://openalex.org/w1796613449,,,,0,1
https://openalex.org/w2082208895,https://doi.org/10.1016/0022-510x(93)90112-c,,,0,0
https://openalex.org/w1775400584,https://doi.org/10.1016/j.neuroscience.2015.09.042,https://pubmed.ncbi.nlm.nih.gov/26393428,,0,0
https://openalex.org/w2095122630,https://doi.org/10.1007/bf00571731,https://pubmed.ncbi.nlm.nih.gov/2017876,,0,0
https://openalex.org/w2080670515,https://doi.org/10.1007/s00330-012-2634-8,https://pubmed.ncbi.nlm.nih.gov/22918563,,0,0
https://openalex.org/w2415319192,https://doi.org/10.5588/ijtld.11.0256,https://pubmed.ncbi.nlm.nih.gov/21943865,,0,0
https://openalex.org/w2066932975,https://doi.org/10.1016/j.jtcvs.2013.09.050,,,0,0
https://openalex.org/w2181773081,https://doi.org/,https://pubmed.ncbi.nlm.nih.gov/22369298,,0,0
https://openalex.org/w2804240928,https://doi.org/10.1159/000488358,https://pubmed.ncbi.nlm.nih.gov/29768275,,0,1
https://openalex.org/w2011448016,https://doi.org/10.4065/82.3.342,https://pubmed.ncbi.nlm.nih.gov/17352370,,0,0
https://openalex.org/w2327449982,https://doi.org/10.1164/ajrccm-conference.2010.181.1_meetingabstracts.a2354,,,0,1
https://openalex.org/w2036825857,https://doi.org/10.1016/j.clinph.2013.10.032,,,0,0
https://openalex.org/w2273531914,,https://pubmed.ncbi.nlm.nih.gov/24687346,,0,0
https://openalex.org/w1579079048,https://doi.org/10.1111/j.1445-5994.2008.01682.x,https://pubmed.ncbi.nlm.nih.gov/18715311,,0,0
https://openalex.org/w4302566666,https://doi.org/10.1111/imm.12001,,,0,0
https://openalex.org/w2131737079,https://doi.org/10.1002/mus.880140514,,093-229-849-781-010,0,0
https://openalex.org/w2155262394,https://doi.org/10.1016/j.rmed.2007.02.017,https://pubmed.ncbi.nlm.nih.gov/17428649,,0,0
https://openalex.org/w2138889386,https://doi.org/10.5694/j.1326-5377.2007.tb00809.x,,,0,0
https://openalex.org/w2794795983,https://doi.org/10.1186/s12890-018-0599-3,https://pubmed.ncbi.nlm.nih.gov/29422061,,0,0
https://openalex.org/w2188109585,,,,0,0
https://openalex.org/w2165050287,https://doi.org/10.1148/radiol.2511080917,https://pubmed.ncbi.nlm.nih.gov/19221055,,0,0
https://openalex.org/w2417888962,https://doi.org/10.1016/s0749-0690(18)30390-2,,,0,0
https://openalex.org/w2039904937,https://doi.org/10.1007/s00330-003-2026-1,,,0,0
https://openalex.org/w2091212987,https://doi.org/10.4103/0019-5154.100486,https://pubmed.ncbi.nlm.nih.gov/23112358,,0,0
https://openalex.org/w2554101529,https://doi.org/10.1016/j.lpm.2016.09.014,https://pubmed.ncbi.nlm.nih.gov/27816346,,0,0
https://openalex.org/w1979853070,https://doi.org/10.2169/internalmedicine.37.103,https://pubmed.ncbi.nlm.nih.gov/9510414,,0,0
https://openalex.org/w2043915302,https://doi.org/10.1111/resp.12588,,,0,0
https://openalex.org/w1977090344,https://doi.org/10.5414/cnp59001,https://pubmed.ncbi.nlm.nih.gov/12572924,,0,0
https://openalex.org/w4238028623,https://doi.org/10.1016/s0195-5616(03)00083-4,,,0,0
https://openalex.org/w2033866572,https://doi.org/10.1016/j.lungcan.2012.02.010,https://pubmed.ncbi.nlm.nih.gov/22405567,,0,0
https://openalex.org/w2065744472,https://doi.org/10.1016/j.autrev.2012.01.006,,,1,1
https://openalex.org/w2138840402,https://doi.org/10.1128/iai.01187-10,https://pubmed.ncbi.nlm.nih.gov/21282416,,0,0
https://openalex.org/w2159299361,https://doi.org/10.1158/0008-5472.can-08-0878,https://pubmed.ncbi.nlm.nih.gov/18922908,,0,0
https://openalex.org/w2083119828,https://doi.org/10.1016/j.immuni.2007.03.008,https://pubmed.ncbi.nlm.nih.gov/17433728,,0,0
https://openalex.org/w1856651500,,https://pubmed.ncbi.nlm.nih.gov/18597412,,0,0
https://openalex.org/w2000419801,https://doi.org/10.1007/s11926-012-0246-6,https://pubmed.ncbi.nlm.nih.gov/22367479,,0,1
https://openalex.org/w1979823863,https://doi.org/10.1111/j.1365-2036.2009.04190.x,https://pubmed.ncbi.nlm.nih.gov/19886949,,0,0
https://openalex.org/w2752296305,https://doi.org/10.1093/rheumatology/kex062.002,,,0,1
https://openalex.org/w2559349215,https://doi.org/10.1183/13993003.01841-2016,https://pubmed.ncbi.nlm.nih.gov/27903693,044-721-624-653-939,0,0
https://openalex.org/w1967887521,https://doi.org/10.12968/hosp.2000.61.4.1313,https://pubmed.ncbi.nlm.nih.gov/10858801,,0,0
https://openalex.org/w172026653,,https://pubmed.ncbi.nlm.nih.gov/22400361,,0,0
https://openalex.org/w2802154815,https://doi.org/10.1016/j.coi.2018.04.026,https://pubmed.ncbi.nlm.nih.gov/29753885,,0,0
https://openalex.org/w2069502810,https://doi.org/10.1038/ni1346,https://pubmed.ncbi.nlm.nih.gov/16648852,,0,0
https://openalex.org/w2022878868,https://doi.org/10.1136/annrheumdis-2015-207259.162,,,0,1
https://openalex.org/w2611807174,https://doi.org/10.5858/arpa.2016-0427-oa,https://pubmed.ncbi.nlm.nih.gov/28467213,,0,0
https://openalex.org/w2007558266,https://doi.org/10.1016/j.rehab.2014.03.733,,,0,0
https://openalex.org/w1776165819,https://doi.org/10.1016/j.rdc.2015.04.006,,044-342-385-328-29X,0,0
https://openalex.org/w2769308188,https://doi.org/10.1080/17843286.2017.1403133,https://pubmed.ncbi.nlm.nih.gov/29173135,,0,0
https://openalex.org/w1978336142,https://doi.org/10.1016/j.jpain.2006.02.009,https://pubmed.ncbi.nlm.nih.gov/16885017,,0,0
https://openalex.org/w2414954730,,https://pubmed.ncbi.nlm.nih.gov/9606799,,0,0
https://openalex.org/w2592338411,https://doi.org/10.1007/s00595-017-1476-z,https://pubmed.ncbi.nlm.nih.gov/28247107,,0,0
https://openalex.org/w2024712262,https://doi.org/10.1007/s00223-012-9684-4,,,0,0
https://openalex.org/w2034953918,https://doi.org/10.1016/j.jpeds.2011.12.035,https://pubmed.ncbi.nlm.nih.gov/22284564,,0,0
https://openalex.org/w1600249209,https://doi.org/10.4193/rhin14.074,https://pubmed.ncbi.nlm.nih.gov/26363169,,0,0
https://openalex.org/w2067383524,,https://pubmed.ncbi.nlm.nih.gov/8024273,,0,0
https://openalex.org/w2398556509,,https://pubmed.ncbi.nlm.nih.gov/8202608,,0,0
https://openalex.org/w1567364560,https://doi.org/10.1002/art.38702,https://pubmed.ncbi.nlm.nih.gov/24838199,110-520-302-133-480,0,0
https://openalex.org/w1497766601,https://doi.org/10.1034/j.1600-0854.2000.010310.x,,,0,0
https://openalex.org/w2152424937,https://doi.org/10.1002/1097-4598(200010)23:10<1569::aid-mus14>3.0.co;2-m,,,0,0
https://openalex.org/w1963879937,https://doi.org/10.1007/s10147-013-0566-1,https://pubmed.ncbi.nlm.nih.gov/23660786,,0,0
https://openalex.org/w2067864764,https://doi.org/10.1016/s0002-9343(02)01046-x,https://pubmed.ncbi.nlm.nih.gov/11959061,,0,0
https://openalex.org/w2602791743,https://doi.org/10.1097/lbr.0000000000000366,,,0,0
https://openalex.org/w2160224852,https://doi.org/10.1099/mic.0.037564-0,https://pubmed.ncbi.nlm.nih.gov/20378647,,0,0
https://openalex.org/w1970988271,https://doi.org/10.1034/j.1600-0404.2001.104002101.x,https://pubmed.ncbi.nlm.nih.gov/11493227,,0,0
https://openalex.org/w2086458733,https://doi.org/10.1038/jid.1993.35,https://pubmed.ncbi.nlm.nih.gov/8423381,,0,0
https://openalex.org/w2162854465,https://doi.org/10.1136/jnnp.2008.161448,https://pubmed.ncbi.nlm.nih.gov/19240048,,0,1
https://openalex.org/w2134620358,https://doi.org/10.1016/j.rmed.2012.02.015,https://pubmed.ncbi.nlm.nih.gov/22425136,,0,0
https://openalex.org/w2281712900,https://doi.org/10.1097/dcr.0b013e31828d97c9,,,0,0
https://openalex.org/w2041187301,https://doi.org/10.1056/nejm198910263211704,https://pubmed.ncbi.nlm.nih.gov/2797079,,0,0
https://openalex.org/w2175852844,https://doi.org/10.1177/112067210301300811,https://pubmed.ncbi.nlm.nih.gov/14620179,,0,0
https://openalex.org/w2050574626,https://doi.org/10.1159/000303045,https://pubmed.ncbi.nlm.nih.gov/20332621,,0,0
https://openalex.org/w2297208196,,,,0,0
https://openalex.org/w2753249885,https://doi.org/10.1016/j.monrhu.2017.08.002,,,0,0
https://openalex.org/w2117871981,https://doi.org/10.1001/archdermatol.2009.152,https://pubmed.ncbi.nlm.nih.gov/19687419,,0,0
https://openalex.org/w2413729372,,https://pubmed.ncbi.nlm.nih.gov/16652421,,0,0
https://openalex.org/w2404954426,https://doi.org/10.33588/rn.6211.2016056,https://pubmed.ncbi.nlm.nih.gov/27222088,,0,0
https://openalex.org/w2079473683,https://doi.org/10.1111/j.1479-8077.2005.00147.x,,,0,0
https://openalex.org/w2040244231,https://doi.org/10.1016/j.nmd.2008.10.013,,,0,0
https://openalex.org/w2048436440,https://doi.org/10.1016/s0300-9084(02)00023-8,,,0,0
https://openalex.org/w2056512551,https://doi.org/10.1023/b:pham.0000048186.86886.e6,,,0,0
https://openalex.org/w2084229289,https://doi.org/10.1016/j.vaccine.2004.01.058,https://pubmed.ncbi.nlm.nih.gov/15297066,,0,0
https://openalex.org/w2130516208,https://doi.org/10.1083/jcb.120.2.477,,,0,0
https://openalex.org/w2050557400,https://doi.org/10.1038/ki.1997.422,https://pubmed.ncbi.nlm.nih.gov/9328939,,0,0
https://openalex.org/w2409422283,,https://pubmed.ncbi.nlm.nih.gov/22504451,,0,0
https://openalex.org/w1890194848,https://doi.org/10.1160/th14-10-0858,https://pubmed.ncbi.nlm.nih.gov/25588465,,0,0
https://openalex.org/w2572511296,https://doi.org/10.1186/s12890-016-0358-2,,,0,0
https://openalex.org/w1983439763,https://doi.org/10.1097/jto.0000000000000359,,,0,0
https://openalex.org/w2062050210,https://doi.org/10.1016/j.vaccine.2007.09.051,https://pubmed.ncbi.nlm.nih.gov/17977633,,0,0
https://openalex.org/w2038459981,https://doi.org/10.1016/j.rmed.2012.01.001,https://pubmed.ncbi.nlm.nih.gov/22280877,,1,1
https://openalex.org/w1972654829,https://doi.org/10.1007/s00455-011-9338-0,https://pubmed.ncbi.nlm.nih.gov/21442390,,0,0
https://openalex.org/w2042926190,https://doi.org/10.1016/j.rmed.2013.02.015,https://pubmed.ncbi.nlm.nih.gov/23517887,,0,0
https://openalex.org/w2003143282,https://doi.org/10.1164/ajrccm.171.6.951,https://pubmed.ncbi.nlm.nih.gov/15753486,,0,0
https://openalex.org/w1022220652,,https://pubmed.ncbi.nlm.nih.gov/26219968,,0,0
https://openalex.org/w2073251141,https://doi.org/10.1016/j.autrev.2011.09.007,https://pubmed.ncbi.nlm.nih.gov/21985773,,0,1
https://openalex.org/w2000409345,https://doi.org/10.1016/j.jviromet.2011.03.001,,,0,0
https://openalex.org/w2549287231,https://doi.org/10.1183/13993003.congress-2016.pa4876,,,0,0
https://openalex.org/w4300439011,https://doi.org/10.1111/imm.12002,,,0,0
https://openalex.org/w2015793257,https://doi.org/10.1167/iovs.12-11572,,,0,0
https://openalex.org/w2131101222,https://doi.org/10.1136/jclinpath-2014-202367,https://pubmed.ncbi.nlm.nih.gov/24891607,,1,1
https://openalex.org/w2315548113,https://doi.org/10.1097/00000421-199602000-00008,https://pubmed.ncbi.nlm.nih.gov/8554033,,0,0
https://openalex.org/w2025629617,https://doi.org/10.1016/0006-291x(91)90681-v,,,0,0
https://openalex.org/w1968009907,https://doi.org/10.1097/01.md.0000217525.82287.eb,https://pubmed.ncbi.nlm.nih.gov/16609350,,0,0
https://openalex.org/w1988294705,https://doi.org/10.1007/s10067-010-1666-1,https://pubmed.ncbi.nlm.nih.gov/21221686,,0,0
https://openalex.org/w2755290865,https://doi.org/10.1111/echo.13660,https://pubmed.ncbi.nlm.nih.gov/28929619,,0,0
https://openalex.org/w2179066481,https://doi.org/10.1177/0310057x1504300607,https://pubmed.ncbi.nlm.nih.gov/26603794,,0,0
https://openalex.org/w2022777831,https://doi.org/10.1379/csc-45r1.1,,,0,0
https://openalex.org/w1960068786,https://doi.org/10.1128/iai.66.5.2207-2212.1998,,,0,0
https://openalex.org/w1966477287,https://doi.org/10.1097/mao.0b013e31822558fd,https://pubmed.ncbi.nlm.nih.gov/21725265,,0,0
https://openalex.org/w279462010,https://doi.org/10.1016/j.biomaterials.2015.04.040,https://pubmed.ncbi.nlm.nih.gov/25950985,,0,0
https://openalex.org/w2414542343,https://doi.org/10.1016/s0031-3955(16)38769-7,,,0,0
https://openalex.org/w2180497433,https://doi.org/10.1152/ajprenal.2001.281.3.f557,,,0,0
https://openalex.org/w2049386347,https://doi.org/10.1046/j.1440-1843.2001.00298.x,,,0,0
https://openalex.org/w2015353173,https://doi.org/10.1001/archneurol.2010.124,,,0,0
https://openalex.org/w2157993431,https://doi.org/10.1080/00313020400010955,https://pubmed.ncbi.nlm.nih.gov/15841689,,0,0
https://openalex.org/w2107509312,https://doi.org/10.1016/j.jbspin.2006.04.005,,,0,1
https://openalex.org/w2340613913,,,,0,0
https://openalex.org/w59821575,,,,0,0
https://openalex.org/w29182258,https://doi.org/10.1016/s1047-2797(02)00263-6,https://pubmed.ncbi.nlm.nih.gov/12062913,,0,0
https://openalex.org/w2349410467,https://doi.org/10.1371/journal.pone.0155381,https://pubmed.ncbi.nlm.nih.gov/27171228,,0,1
https://openalex.org/w4241707223,https://doi.org/10.1097/bor.0b013e3283317fa5,https://pubmed.ncbi.nlm.nih.gov/19730376,,0,0
https://openalex.org/w2137539040,,https://pubmed.ncbi.nlm.nih.gov/15140741,,0,0
https://openalex.org/w2166041900,https://doi.org/10.1148/radiol.11103532,https://pubmed.ncbi.nlm.nih.gov/21613438,,0,0
https://openalex.org/w1791509896,https://doi.org/10.1111/j.1440-1843.2010.01860.x,https://pubmed.ncbi.nlm.nih.gov/20920139,,0,0
https://openalex.org/w4234134550,https://doi.org/10.1016/s0755-4982(06)74572-9,https://pubmed.ncbi.nlm.nih.gov/16493331,,0,0
https://openalex.org/w2100065217,https://doi.org/10.1093/rheumatology/ker305,,,0,0
https://openalex.org/w2061815178,https://doi.org/10.1038/nm.2767,https://pubmed.ncbi.nlm.nih.gov/22561817,,0,0
https://openalex.org/w2113472548,https://doi.org/10.1002/eji.1830220228,,,0,0
https://openalex.org/w2401234012,,https://pubmed.ncbi.nlm.nih.gov/2613632,,0,0
https://openalex.org/w2126951283,https://doi.org/10.3109/01676830.2010.539766,https://pubmed.ncbi.nlm.nih.gov/21322792,,0,0
https://openalex.org/w2031399599,https://doi.org/10.1016/s0022-3476(95)70408-6,https://pubmed.ncbi.nlm.nih.gov/7752003,,0,0
https://openalex.org/w1984949703,https://doi.org/10.1002/art.21240,https://pubmed.ncbi.nlm.nih.gov/16052580,,0,1
https://openalex.org/w2255561078,https://doi.org/10.3346/jkms.2016.31.3.389,https://pubmed.ncbi.nlm.nih.gov/26955239,,0,0
https://openalex.org/w2078252702,https://doi.org/10.1016/s0022-3476(00)90062-3,https://pubmed.ncbi.nlm.nih.gov/10636985,,0,0
https://openalex.org/w2318187582,https://doi.org/10.1016/j.ygcen.2016.04.008,https://pubmed.ncbi.nlm.nih.gov/27080548,,0,0
https://openalex.org/w2495046142,,,,0,1
https://openalex.org/w1996631285,https://doi.org/10.1046/j.1365-4362.1997.00190.x,https://pubmed.ncbi.nlm.nih.gov/9466195,,0,0
https://openalex.org/w1973455528,https://doi.org/10.1002/art.24372,https://pubmed.ncbi.nlm.nih.gov/19116970,,0,0
https://openalex.org/w4244938696,https://doi.org/10.1111/resp.12184,,,0,0
https://openalex.org/w2324202059,https://doi.org/10.1136/annrheumdis-2014-eular.1878,,,0,0
https://openalex.org/w2154804117,,https://pubmed.ncbi.nlm.nih.gov/20420729,,0,0
https://openalex.org/w2600894220,https://doi.org/10.1016/j.jns.2017.03.033,https://pubmed.ncbi.nlm.nih.gov/28477693,,0,0
https://openalex.org/w2058409432,https://doi.org/10.1034/j.1600-0854.2001.21204.x,https://pubmed.ncbi.nlm.nih.gov/11737826,,0,0
https://openalex.org/w2625106749,https://doi.org/10.1016/j.nmd.2017.06.006,https://pubmed.ncbi.nlm.nih.gov/28687435,,0,0
https://openalex.org/w2052100574,https://doi.org/10.1097/00002030-200012010-00016,https://pubmed.ncbi.nlm.nih.gov/11125895,,0,0
https://openalex.org/w2045930677,https://doi.org/10.1172/jci116493,,,0,0
https://openalex.org/w2281798811,,,,0,0
https://openalex.org/w2106145925,https://doi.org/10.1016/j.chom.2014.07.001,https://pubmed.ncbi.nlm.nih.gov/25121751,,0,0
https://openalex.org/w2099806775,https://doi.org/10.4049/jimmunol.1200195,https://pubmed.ncbi.nlm.nih.gov/22547706,,0,0
https://openalex.org/w1994422482,https://doi.org/10.1016/j.ab.2009.08.007,,,0,0
https://openalex.org/w2413932101,https://doi.org/10.1177/000313480206800317,,,0,0
https://openalex.org/w2327294071,https://doi.org/10.1136/annrheumdis-2012-eular.2197,,,0,0
https://openalex.org/w2783641193,https://doi.org/10.1111/resp.13250,https://pubmed.ncbi.nlm.nih.gov/29327393,,0,0
https://openalex.org/w2049963591,https://doi.org/10.2169/internalmedicine.39.448,https://pubmed.ncbi.nlm.nih.gov/10852160,027-681-418-362-321,0,0
https://openalex.org/w2336176678,https://doi.org/10.1128/iai.01526-15,https://pubmed.ncbi.nlm.nih.gov/27045038,,0,0
https://openalex.org/w4292602968,https://doi.org/10.1007/s12072-013-9429-0,,,0,0
https://openalex.org/w2083083927,https://doi.org/10.1515/bc.2002.149,https://pubmed.ncbi.nlm.nih.gov/12437123,,0,0
https://openalex.org/w2137209281,https://doi.org/10.4049/jimmunol.180.11.7558,https://pubmed.ncbi.nlm.nih.gov/18490757,,0,0
https://openalex.org/w2051751619,https://doi.org/10.1053/j.semperi.2005.12.001,,,0,0
https://openalex.org/w2808222226,https://doi.org/10.1136/annrheumdis-2018-eular.6020,,,0,0
https://openalex.org/w1873761051,https://doi.org/10.1007/s12016-015-8513-8,,,0,1
https://openalex.org/w2160242253,https://doi.org/10.1378/chest.104.4.1176,,,0,0
https://openalex.org/w2120712525,https://doi.org/10.1093/rheumatology/kep351,,,0,0
https://openalex.org/w2412198542,,https://pubmed.ncbi.nlm.nih.gov/3068534,,0,0
https://openalex.org/w2532708602,https://doi.org/10.1016/j.athoracsur.2016.08.074,https://pubmed.ncbi.nlm.nih.gov/27765171,,0,0
https://openalex.org/w2472117798,,https://pubmed.ncbi.nlm.nih.gov/26016976,,0,0
https://openalex.org/w2315182217,https://doi.org/10.1136/annrheumdis-2014-eular.5614,,,0,1
https://openalex.org/w2754179813,https://doi.org/10.1136/annrheumdis-2017-eular.2688,,,0,1
https://openalex.org/w2778477693,https://doi.org/10.1080/17843286.2017.1420521,https://pubmed.ncbi.nlm.nih.gov/29287518,,0,0
https://openalex.org/w2290562273,https://doi.org/10.3978/j.issn.2223-4292.2016.02.03,,,0,0
https://openalex.org/w4294376173,https://doi.org/10.1016/s0761-8425(09)74668-6,,,0,0
https://openalex.org/w1991249147,https://doi.org/10.1007/s10067-010-1493-4,https://pubmed.ncbi.nlm.nih.gov/20544245,,0,0
https://openalex.org/w2616916843,https://doi.org/10.1016/j.rmed.2017.05.012,,,0,0
https://openalex.org/w2065760840,https://doi.org/10.1111/bjd.12564,https://pubmed.ncbi.nlm.nih.gov/23909921,,0,0
https://openalex.org/w2138366499,https://doi.org/10.1128/jvi.02621-09,https://pubmed.ncbi.nlm.nih.gov/20130054,,0,0
https://openalex.org/w2318774857,https://doi.org/10.1097/00063198-200009000-00010,https://pubmed.ncbi.nlm.nih.gov/10958237,,0,0
https://openalex.org/w2295375930,https://doi.org/10.1089/vim.2016.0003,https://pubmed.ncbi.nlm.nih.gov/26950058,,0,0
https://openalex.org/w2086596008,https://doi.org/10.1007/s00784-013-1117-x,https://pubmed.ncbi.nlm.nih.gov/24493229,,0,0
https://openalex.org/w2755455390,https://doi.org/10.1097/cpm.0000000000000227,https://pubmed.ncbi.nlm.nih.gov/29276366,,0,0
https://openalex.org/w2465416800,https://doi.org/10.1159/000447430,https://pubmed.ncbi.nlm.nih.gov/27348534,,0,0
https://openalex.org/w4234017298,https://doi.org/10.1007/s00787-011-0181-5,,,0,0
https://openalex.org/w2793338196,https://doi.org/10.1093/qjmed/hcy035,,,0,1
https://openalex.org/w2884763390,https://doi.org/10.1186/s13075-018-1678-9,https://pubmed.ncbi.nlm.nih.gov/30092841,,0,0
https://openalex.org/w1125318244,https://doi.org/10.1097/md.0000000000001144,https://pubmed.ncbi.nlm.nih.gov/26266346,,0,1
https://openalex.org/w2890683128,https://doi.org/10.1186/s12931-018-0891-z,,,0,0
https://openalex.org/w2150804806,https://doi.org/10.1093/ndt/gfm028,https://pubmed.ncbi.nlm.nih.gov/17309883,,0,0
https://openalex.org/w2418460045,https://doi.org/10.1136/annrheumdis-2015-eular.6064,,,0,1
https://openalex.org/w2143102054,https://doi.org/10.1126/science.1240988,https://pubmed.ncbi.nlm.nih.gov/24031018,,0,0
https://openalex.org/w2057692491,https://doi.org/10.1111/j.1346-8138.1992.tb03199.x,https://pubmed.ncbi.nlm.nih.gov/1640021,,0,0
https://openalex.org/w1790191554,https://doi.org/10.1002/acr.21895,https://pubmed.ncbi.nlm.nih.gov/23203765,,1,1
https://openalex.org/w2426814526,,https://pubmed.ncbi.nlm.nih.gov/10949878,,0,0
https://openalex.org/w2101456887,https://doi.org/10.1136/postgradmedj-2013-131752,https://pubmed.ncbi.nlm.nih.gov/23596213,,0,0
https://openalex.org/w2607771665,https://doi.org/10.1007/s00296-017-3729-y,https://pubmed.ncbi.nlm.nih.gov/28451794,,0,1
https://openalex.org/w2569068426,https://doi.org/10.1016/j.lpm.2016.09.013,https://pubmed.ncbi.nlm.nih.gov/28087208,,0,0
https://openalex.org/w2096148117,https://doi.org/10.1136/ard.52.12.857,https://pubmed.ncbi.nlm.nih.gov/8311535,,0,0
https://openalex.org/w2023300348,https://doi.org/10.1159/000348389,https://pubmed.ncbi.nlm.nih.gov/23548546,027-591-712-628-670,0,0
https://openalex.org/w2071366247,https://doi.org/10.1016/s0264-410x(96)00101-6,,,0,0
https://openalex.org/w2206645294,,https://pubmed.ncbi.nlm.nih.gov/25571898,,0,0
https://openalex.org/w2068014499,https://doi.org/10.1016/j.ejrad.2014.11.026,https://pubmed.ncbi.nlm.nih.gov/25541020,,1,1
https://openalex.org/w1589903709,,https://pubmed.ncbi.nlm.nih.gov/19960783,,0,0
https://openalex.org/w2790901111,https://doi.org/10.3899/jrheum.170258,https://pubmed.ncbi.nlm.nih.gov/29496922,045-771-955-451-807,0,1
https://openalex.org/w3081999196,,,,0,0
https://openalex.org/w2090208079,https://doi.org/10.1016/s0167-4889(01)00104-5,https://pubmed.ncbi.nlm.nih.gov/11420116,,0,0
https://openalex.org/w2080855765,https://doi.org/10.1016/j.vaccine.2008.05.076,https://pubmed.ncbi.nlm.nih.gov/18602728,,0,0
https://openalex.org/w2594185577,https://doi.org/10.1016/j.ccm.2016.12.013,,,0,0
https://openalex.org/w2065314620,https://doi.org/10.1111/1523-1747.ep12356607,,,0,1
https://openalex.org/w2321821735,https://doi.org/10.1055/s-0034-1371528,https://pubmed.ncbi.nlm.nih.gov/24668538,,0,1
https://openalex.org/w2583180705,https://doi.org/10.3899/jrheum.160763,https://pubmed.ncbi.nlm.nih.gov/28148694,,0,0
https://openalex.org/w2418225726,https://doi.org/10.1136/annrheumdis-2015-eular.5354,,,0,0
https://openalex.org/w4241507161,https://doi.org/10.3899/jrheum.171430,,102-597-254-759-117,0,0
https://openalex.org/w2417801499,https://doi.org/10.1093/brain/aww126,,015-519-150-999-629,0,0
https://openalex.org/w2910749370,https://doi.org/10.1136/annrheumdis-2018-eular.2859,,,0,1
https://openalex.org/w2418643918,,https://pubmed.ncbi.nlm.nih.gov/7752973,,0,0
https://openalex.org/w2896399914,https://doi.org/10.1097/rlu.0000000000002312,https://pubmed.ncbi.nlm.nih.gov/30325823,,0,0
https://openalex.org/w2072170037,https://doi.org/10.1016/s0006-291x(03)00309-7,,,0,0
https://openalex.org/w2151817540,https://doi.org/10.1016/j.bbmt.2009.09.016,https://pubmed.ncbi.nlm.nih.gov/19781655,,0,0
https://openalex.org/w2048404319,https://doi.org/10.1378/chest.109.2.430,https://pubmed.ncbi.nlm.nih.gov/8620718,,0,0
https://openalex.org/w2330522200,https://doi.org/10.5271/sjweh.2106,https://pubmed.ncbi.nlm.nih.gov/3493526,014-952-311-538-382,0,0
https://openalex.org/w1617530752,,https://pubmed.ncbi.nlm.nih.gov/26343166,,0,0
https://openalex.org/w207060674,https://doi.org/10.1016/s0889-857x(21)00073-9,https://pubmed.ncbi.nlm.nih.gov/7855329,,0,0
https://openalex.org/w2317750155,https://doi.org/10.1136/annrheumdis-2014-eular.3272,,,0,1
https://openalex.org/w1983394796,https://doi.org/10.1016/0190-9622(95)91315-7,https://pubmed.ncbi.nlm.nih.gov/7673511,,0,0
https://openalex.org/w2322077772,https://doi.org/10.1164/ajrccm-conference.2010.181.1_meetingabstracts.a1408,,,0,0
https://openalex.org/w1996827693,https://doi.org/10.1021/bm050475o,https://pubmed.ncbi.nlm.nih.gov/16283774,,0,0
https://openalex.org/w2029441949,https://doi.org/10.1021/bi972332v,https://pubmed.ncbi.nlm.nih.gov/9485377,,0,0
https://openalex.org/w2128726900,https://doi.org/10.1016/s1873-9954(10)70015-x,,,0,0
https://openalex.org/w1999546448,https://doi.org/10.1016/s0264-410x(98)00135-2,https://pubmed.ncbi.nlm.nih.gov/9778751,,0,0
https://openalex.org/w2055537742,https://doi.org/10.1097/bor.0b013e32834bab42,https://pubmed.ncbi.nlm.nih.gov/21934500,,0,0
https://openalex.org/w2126463428,https://doi.org/10.1111/1348-0421.12333,https://pubmed.ncbi.nlm.nih.gov/26500022,,0,0
https://openalex.org/w2767125448,https://doi.org/10.1186/s12890-017-0479-2,https://pubmed.ncbi.nlm.nih.gov/29065861,,0,0
https://openalex.org/w2121941718,https://doi.org/10.2217/ijr.11.78,,,0,0
https://openalex.org/w2510857789,https://doi.org/10.1111/imj.8_13197,,,0,0
https://openalex.org/w2789383555,https://doi.org/10.3389/fimmu.2018.00541,https://pubmed.ncbi.nlm.nih.gov/29632529,,0,1
https://openalex.org/w2404590652,,,,0,0
https://openalex.org/w1977100459,https://doi.org/10.1038/ni.2263,https://pubmed.ncbi.nlm.nih.gov/22484733,,0,0
https://openalex.org/w4301776090,,https://pubmed.ncbi.nlm.nih.gov/1870011,,0,0
https://openalex.org/w2760717370,https://doi.org/10.1016/s0009-9260(97)80159-6,,,0,0
https://openalex.org/w2337760507,,,,0,0
https://openalex.org/w2144391868,https://doi.org/10.1093/annonc/mdj125,https://pubmed.ncbi.nlm.nih.gov/16403810,,0,0
https://openalex.org/w2139555005,https://doi.org/10.1093/icvts/ivs174,,,0,0
https://openalex.org/w2011347121,https://doi.org/10.1164/ajrccm.150.4.7921435,https://pubmed.ncbi.nlm.nih.gov/7921435,,0,0
https://openalex.org/w2111579712,https://doi.org/10.2214/ajr.170.3.9490955,,,0,0
https://openalex.org/w2129887930,https://doi.org/10.1177/1479972309354689,,,0,0
https://openalex.org/w1517716585,https://doi.org/10.1016/s0304-5412(09)71711-1,,,0,1
https://openalex.org/w2006475823,https://doi.org/10.1007/s004080000083,https://pubmed.ncbi.nlm.nih.gov/12172901,,0,0
https://openalex.org/w2118129832,https://doi.org/10.1093/rheumatology/kel311,,,0,0
https://openalex.org/w2125373871,https://doi.org/10.1016/s0140-6736(89)91793-5,https://pubmed.ncbi.nlm.nih.gov/2572904,,0,0
https://openalex.org/w2783076904,https://doi.org/10.1111/1756-185x.13247,,,0,0
https://openalex.org/w2319567475,https://doi.org/10.12809/hkmj144317,https://pubmed.ncbi.nlm.nih.gov/25104011,,0,0
https://openalex.org/w2129869318,https://doi.org/10.1016/j.ijcard.2011.06.038,https://pubmed.ncbi.nlm.nih.gov/21703697,,0,0
https://openalex.org/w2416257857,https://doi.org/10.5694/mja15.01209,https://pubmed.ncbi.nlm.nih.gov/26821095,,0,0
https://openalex.org/w1983776994,https://doi.org/10.1055/s-2005-922033,https://pubmed.ncbi.nlm.nih.gov/16267701,,0,0
https://openalex.org/w2336777967,https://doi.org/10.1136/annrheumdis-2015-eular.4744,,,0,1
https://openalex.org/w1981633600,https://doi.org/10.4081/reumatismo.2005.187,https://pubmed.ncbi.nlm.nih.gov/16258603,,0,0
https://openalex.org/w2772643633,https://doi.org/10.1177/102490791602300309,,,0,0
https://openalex.org/w2170114895,https://doi.org/10.1002/pbc.21924,https://pubmed.ncbi.nlm.nih.gov/19142995,,0,0
https://openalex.org/w2095875028,https://doi.org/10.3904/kjim.2014.29.6.814,,,0,0
https://openalex.org/w2088362149,https://doi.org/10.1371/journal.pone.0003262,https://pubmed.ncbi.nlm.nih.gov/18810271,,0,0
https://openalex.org/w2334848702,https://doi.org/10.1136/annrheumdis-2012-eular.841,,,0,1
https://openalex.org/w4230459002,https://doi.org/10.1038/ajg.2015.270,,,0,0
https://openalex.org/w2088401612,https://doi.org/10.1006/viro.1996.0581,https://pubmed.ncbi.nlm.nih.gov/8918540,,0,0
https://openalex.org/w1985155190,https://doi.org/10.2169/internalmedicine.50.4645,,,0,0
https://openalex.org/w2410386601,,https://pubmed.ncbi.nlm.nih.gov/12527841,,0,0
https://openalex.org/w2578123871,,,,0,0
https://openalex.org/w2339893971,https://doi.org/10.1007/s10741-016-9551-x,https://pubmed.ncbi.nlm.nih.gov/27086030,,0,0
https://openalex.org/w2767590952,https://doi.org/10.1007/s40674-017-0078-7,,,0,1
https://openalex.org/w2042262759,https://doi.org/10.1590/s0482-50042012000400007,https://pubmed.ncbi.nlm.nih.gov/22885422,,0,0
https://openalex.org/w2986426213,,,,1,1
https://openalex.org/w2396706158,https://doi.org/10.1016/s0022-5347(17)42660-7,,,0,0
https://openalex.org/w2466904431,https://doi.org/10.1016/j.berh.2016.04.006,,,0,1
https://openalex.org/w2557674719,https://doi.org/10.3899/jrheum.160618,https://pubmed.ncbi.nlm.nih.gov/27909085,,0,0
https://openalex.org/w2591350027,https://doi.org/10.1080/20018525.2017.1290339,,,0,0
https://openalex.org/w1992859824,https://doi.org/10.1016/0738-081x(88)90049-1,https://pubmed.ncbi.nlm.nih.gov/3293744,,0,0
https://openalex.org/w2008432433,https://doi.org/10.1016/j.virol.2004.04.045,https://pubmed.ncbi.nlm.nih.gov/15246259,,0,0
https://openalex.org/w159009003,https://doi.org/10.2003/jcpsp.600603,,,0,0
https://openalex.org/w2099106299,https://doi.org/10.1093/rheumatology/keu024,,,0,1
https://openalex.org/w2525122611,https://doi.org/10.3791/54732,,,0,0
https://openalex.org/w2045195731,https://doi.org/10.1159/000364948,https://pubmed.ncbi.nlm.nih.gov/25171783,,0,0
https://openalex.org/w2128173706,https://doi.org/10.2169/internalmedicine.48.1714,https://pubmed.ncbi.nlm.nih.gov/19443969,,0,0
https://openalex.org/w2566086857,https://doi.org/10.1155/2016/4131324,https://pubmed.ncbi.nlm.nih.gov/28078309,,0,0
https://openalex.org/w2415055227,https://doi.org/10.1097/mao.0000000000000792,https://pubmed.ncbi.nlm.nih.gov/26065403,,0,0
https://openalex.org/w2119049179,https://doi.org/10.1183/09031936.00101506,,032-485-362-727-733,0,0
https://openalex.org/w3139405950,https://doi.org/10.1007/s13365-012-0101-6,,,0,0
https://openalex.org/w2340321885,,https://pubmed.ncbi.nlm.nih.gov/12734898,,0,0
https://openalex.org/w2140713876,https://doi.org/10.1089/ped.2010.0010,,,0,0
https://openalex.org/w75246611,,https://pubmed.ncbi.nlm.nih.gov/3055093,,0,0
https://openalex.org/w2041341172,https://doi.org/10.1016/j.clinre.2011.03.012,https://pubmed.ncbi.nlm.nih.gov/21550330,,0,0
https://openalex.org/w2156368652,https://doi.org/10.1097/01.mcp.0000136404.09581.41,,,0,0
https://openalex.org/w1998025455,https://doi.org/10.1378/chest.124.2.554,https://pubmed.ncbi.nlm.nih.gov/12907542,,0,0
https://openalex.org/w2318747983,https://doi.org/10.5761/atcs.oa.15-00315,https://pubmed.ncbi.nlm.nih.gov/27052999,,0,0
https://openalex.org/w2255284919,https://doi.org/10.1016/j.reuma.2015.03.012,,,0,0
https://openalex.org/w2789631442,https://doi.org/10.1002/ehf2.12201,https://pubmed.ncbi.nlm.nih.gov/28967698,,0,0
https://openalex.org/w1995249748,https://doi.org/10.5588/ijtld.10.0461,https://pubmed.ncbi.nlm.nih.gov/21396213,,0,0
https://openalex.org/w2011735016,https://doi.org/10.1016/j.vaccine.2007.01.030,https://pubmed.ncbi.nlm.nih.gov/17276554,,0,0
https://openalex.org/w2766394799,https://doi.org/10.24875/ric.17002162,,,0,0
https://openalex.org/w2041179231,https://doi.org/10.1016/s0248-8663(01)00473-8,https://pubmed.ncbi.nlm.nih.gov/11817120,,0,0
https://openalex.org/w2134147726,https://doi.org/10.1093/rheumatology/ket191,https://pubmed.ncbi.nlm.nih.gov/23740186,014-669-642-424-343,0,0
https://openalex.org/w2417074036,https://doi.org/10.1186/s12890-016-0253-x,https://pubmed.ncbi.nlm.nih.gov/27278093,,0,0
https://openalex.org/w2741842157,https://doi.org/10.1002/acr.23113,,,0,0
https://openalex.org/w1967721132,https://doi.org/10.1002/art.1780390910,,,0,1
https://openalex.org/w2063420032,https://doi.org/10.1016/j.antiviral.2008.05.012,https://pubmed.ncbi.nlm.nih.gov/18573280,,0,0
https://openalex.org/w2011589552,https://doi.org/10.1002/(sici)1521-4141(199812)28:12<4138::aid-immu4138>3.0.co;2-l,,,0,0
https://openalex.org/w2214000934,https://doi.org/10.21037/qims.2015.11.04,https://pubmed.ncbi.nlm.nih.gov/27190773,,0,0
https://openalex.org/w283807249,https://doi.org/10.1007/bf02974865,,,0,0
https://openalex.org/w2043313470,https://doi.org/10.3949/ccjm.69.suppl_2.sii152,https://pubmed.ncbi.nlm.nih.gov/12086258,,0,0
https://openalex.org/w2491289931,https://doi.org/10.1007/s00408-016-9924-x,https://pubmed.ncbi.nlm.nih.gov/27448400,,0,0
https://openalex.org/w2133037831,https://doi.org/10.1136/ard.2008.099051,https://pubmed.ncbi.nlm.nih.gov/19015208,,0,0
https://openalex.org/w4232179688,https://doi.org/10.1111/resp.13206_108,,,0,0
https://openalex.org/w2329703414,https://doi.org/10.2169/internalmedicine.55.5362,https://pubmed.ncbi.nlm.nih.gov/27041155,,0,0
https://openalex.org/w2096879291,https://doi.org/10.1093/rheumatology/keu335,https://pubmed.ncbi.nlm.nih.gov/25342374,103-500-378-285-630,0,0
https://openalex.org/w2783007619,https://doi.org/10.1097/md.0000000000009639,https://pubmed.ncbi.nlm.nih.gov/29480875,,0,0
https://openalex.org/w1967623251,https://doi.org/10.1097/00001648-199511000-00010,https://pubmed.ncbi.nlm.nih.gov/8589094,,0,0
https://openalex.org/w2020600978,https://doi.org/10.1159/000367790,https://pubmed.ncbi.nlm.nih.gov/25402425,,0,0
https://openalex.org/w2087058780,https://doi.org/10.1002/ajim.4700120203,https://pubmed.ncbi.nlm.nih.gov/3661567,,0,0
https://openalex.org/w2767803935,https://doi.org/10.1007/s11926-017-0701-5,,,0,0
https://openalex.org/w2074399624,https://doi.org/10.1051/parasite/2001082091,,,0,0
https://openalex.org/w2110201345,https://doi.org/10.1371/journal.pone.0133702,https://pubmed.ncbi.nlm.nih.gov/26539981,,1,1
https://openalex.org/w2156354476,https://doi.org/10.1084/jem.20081667,https://pubmed.ncbi.nlm.nih.gov/19139171,,0,0
https://openalex.org/w2168988686,https://doi.org/10.1128/jvi.01522-07,https://pubmed.ncbi.nlm.nih.gov/17881439,,0,0
https://openalex.org/w2330481161,https://doi.org/10.5588/ijtld.12.0428,https://pubmed.ncbi.nlm.nih.gov/23407231,,0,0
https://openalex.org/w2084019799,https://doi.org/10.1016/s0248-8663(05)80142-0,https://pubmed.ncbi.nlm.nih.gov/8009021,,0,0
https://openalex.org/w2585125143,,,,0,0
https://openalex.org/w2302415776,https://doi.org/10.1038/ncomms10791,https://pubmed.ncbi.nlm.nih.gov/26972847,,0,0
https://openalex.org/w2146696453,https://doi.org/10.1083/jcb.111.3.1255,,,0,0
https://openalex.org/w2069111512,https://doi.org/10.1097/00002030-199102000-00022,https://pubmed.ncbi.nlm.nih.gov/2031702,,0,0
https://openalex.org/w2045847983,https://doi.org/10.1378/chest.95.3.598,https://pubmed.ncbi.nlm.nih.gov/2920588,,0,0
https://openalex.org/w2134810534,,,,1,1
https://openalex.org/w1963663746,https://doi.org/10.1097/cpm.0b013e3181b56ac0,,,0,0
https://openalex.org/w2303401172,https://doi.org/10.1093/ejcts/ezw065,https://pubmed.ncbi.nlm.nih.gov/26987880,,0,0
https://openalex.org/w2100736582,https://doi.org/10.1186/s12974-015-0367-8,https://pubmed.ncbi.nlm.nih.gov/26253422,,0,0
https://openalex.org/w2770941639,https://doi.org/10.4103/0973-3698.219084,,,0,0
https://openalex.org/w2416348040,https://doi.org/10.2147/vhrm.s75308,https://pubmed.ncbi.nlm.nih.gov/27350751,,0,0
https://openalex.org/w1971293134,https://doi.org/10.1007/s00776-010-1542-5,https://pubmed.ncbi.nlm.nih.gov/21116899,,0,0
https://openalex.org/w2163415153,https://doi.org/10.1093/rheumatology/keq073,https://pubmed.ncbi.nlm.nih.gov/20385617,,0,0
https://openalex.org/w2068075645,https://doi.org/10.1007/s11926-009-0071-8,,,0,0
https://openalex.org/w2345360588,https://doi.org/10.1136/jnnp-2016-313166,,,0,0
https://openalex.org/w2135825021,https://doi.org/10.1128/cvi.00509-09,https://pubmed.ncbi.nlm.nih.gov/20660137,,0,0
https://openalex.org/w2131870965,https://doi.org/10.1093/rheumatology/keu243,https://pubmed.ncbi.nlm.nih.gov/24929635,,0,0
https://openalex.org/w4299291065,,,,0,0
https://openalex.org/w2038160635,https://doi.org/10.1097/00002281-199505000-00004,,,0,0
https://openalex.org/w2037620073,https://doi.org/10.1016/j.revmed.2014.04.005,https://pubmed.ncbi.nlm.nih.gov/24856457,,0,0
https://openalex.org/w2125822476,https://doi.org/10.2174/157339710791330740,,,0,0
https://openalex.org/w1964568436,https://doi.org/10.1002/ajim.4700190113,https://pubmed.ncbi.nlm.nih.gov/1989432,,0,0
https://openalex.org/w2125488087,https://doi.org/10.1111/j.1542-474x.2001.tb00085.x,,,0,0
https://openalex.org/w198168958,,https://pubmed.ncbi.nlm.nih.gov/11357045,,0,0
https://openalex.org/w2030794679,https://doi.org/10.1016/j.ccm.2004.05.009,,,0,0
https://openalex.org/w1991024927,https://doi.org/10.1016/j.jinsphys.2008.08.013,https://pubmed.ncbi.nlm.nih.gov/18835273,,0,0
https://openalex.org/w153765466,,,,0,0
https://openalex.org/w4241326942,https://doi.org/10.1016/j.cyto.2009.07.021,,,0,0
https://openalex.org/w1991349996,https://doi.org/10.1038/bjc.1994.268,https://pubmed.ncbi.nlm.nih.gov/8018529,,0,0
https://openalex.org/w2328164930,https://doi.org/10.1097/bor.0000000000000106,https://pubmed.ncbi.nlm.nih.gov/25203117,,0,0
https://openalex.org/w2729008641,https://doi.org/10.1164/rccm.201612-2492oc,https://pubmed.ncbi.nlm.nih.gov/28657784,,0,0
https://openalex.org/w2328566170,https://doi.org/10.1183/13993003.02084-2015,,066-427-168-965-568,0,0
https://openalex.org/w2346876383,https://doi.org/10.1183/13993003.congress-2015.pa3795,,,0,1
https://openalex.org/w2042686900,https://doi.org/10.1006/jaut.1998.0265,https://pubmed.ncbi.nlm.nih.gov/10047434,,0,0
https://openalex.org/w2599059969,https://doi.org/10.1136/ejhpharm-2017-000640.272,,,0,0
https://openalex.org/w2107483871,https://doi.org/10.1136/ard.2005.040980,https://pubmed.ncbi.nlm.nih.gov/16150786,,0,0
https://openalex.org/w2166555965,https://doi.org/10.1007/s10014-011-0034-4,https://pubmed.ncbi.nlm.nih.gov/21526418,,0,0
https://openalex.org/w2070142653,,https://pubmed.ncbi.nlm.nih.gov/6235781,,0,0
https://openalex.org/w2304947633,https://doi.org/10.5414/cnp67149,https://pubmed.ncbi.nlm.nih.gov/17390739,,0,0
https://openalex.org/w1978944908,https://doi.org/10.1002/ana.410290505,https://pubmed.ncbi.nlm.nih.gov/1823316,004-744-426-580-75X,0,0
https://openalex.org/w2153720944,https://doi.org/10.1177/021849230401200116,,,0,0
https://openalex.org/w2126925991,,https://pubmed.ncbi.nlm.nih.gov/20196880,,0,0
https://openalex.org/w2777970206,https://doi.org/10.1001/jamaneurol.2017.3872,https://pubmed.ncbi.nlm.nih.gov/29255888,,0,1
https://openalex.org/w2079923062,https://doi.org/10.1073/pnas.1417945112,https://pubmed.ncbi.nlm.nih.gov/25605939,,0,0
https://openalex.org/w2596164329,https://doi.org/10.1016/j.ijrobp.2017.03.010,,,0,0
https://openalex.org/w1858528492,,,,0,0
https://openalex.org/w2754519760,https://doi.org/10.1136/annrheumdis-2017-eular.3822,,,0,1
https://openalex.org/w1994489182,https://doi.org/10.1159/000076670,,,0,0
https://openalex.org/w2415056214,https://doi.org/10.1002/acr.22521,https://pubmed.ncbi.nlm.nih.gov/25470457,,0,0
https://openalex.org/w2063410307,https://doi.org/10.1002/art.24702,,,0,0
https://openalex.org/w1971734001,https://doi.org/10.1093/qjmed/77.1.1019,https://pubmed.ncbi.nlm.nih.gov/2267280,,0,1
https://openalex.org/w2005170775,https://doi.org/10.1007/s00296-011-1967-y,,,0,0
https://openalex.org/w2419223776,,https://pubmed.ncbi.nlm.nih.gov/2963994,,0,0
https://openalex.org/w1974969464,https://doi.org/10.1074/jbc.272.26.16133,,,0,0
https://openalex.org/w2015764242,https://doi.org/10.1080/02841850701675701,https://pubmed.ncbi.nlm.nih.gov/18210312,,0,0
https://openalex.org/w2155088804,https://doi.org/10.1128/iai.00070-09,https://pubmed.ncbi.nlm.nih.gov/19841075,,0,0
https://openalex.org/w2782942564,https://doi.org/10.2174/1573398x11666150619181948,,,0,0
https://openalex.org/w2549265287,https://doi.org/10.1111/resp.12945,https://pubmed.ncbi.nlm.nih.gov/27862639,,0,0
https://openalex.org/w2036353024,https://doi.org/10.1016/j.rmed.2014.09.006,,,0,0
https://openalex.org/w2010609146,https://doi.org/10.1016/0165-5876(94)90197-x,https://pubmed.ncbi.nlm.nih.gov/8063500,,0,0
https://openalex.org/w2169771694,https://doi.org/10.1212/wnl.0000000000001767,,031-165-728-737-954,0,1
https://openalex.org/w2007442858,https://doi.org/10.1164/ajrccm.164.10.2108127,,,0,0
https://openalex.org/w1977403607,https://doi.org/10.2169/internalmedicine.39.444,,067-227-091-242-90X,0,0
https://openalex.org/w2162477470,https://doi.org/10.1016/s0140-6736(95)92189-3,https://pubmed.ncbi.nlm.nih.gov/7630256,,0,0
https://openalex.org/w2097625974,https://doi.org/10.1111/j.1759-1961.2012.00028.x,,,0,1
https://openalex.org/w1980376664,https://doi.org/10.1111/j.1462-5822.2007.00963.x,https://pubmed.ncbi.nlm.nih.gov/17506816,,0,0
https://openalex.org/w1987463569,https://doi.org/10.1038/ni1344,https://pubmed.ncbi.nlm.nih.gov/16648853,101-030-232-005-812,0,0
https://openalex.org/w2309984228,https://doi.org/10.1016/j.rmed.2016.03.012,https://pubmed.ncbi.nlm.nih.gov/27109811,,0,0
https://openalex.org/w2077563725,https://doi.org/10.1016/s0761-8425(09)74668-6,https://pubmed.ncbi.nlm.nih.gov/19543168,,0,0
https://openalex.org/w1502019564,https://doi.org/10.1016/s0021-9258(17)37603-2,https://pubmed.ncbi.nlm.nih.gov/8106439,,0,0
https://openalex.org/w2162924217,https://doi.org/10.1111/bjd.12245,https://pubmed.ncbi.nlm.nih.gov/23330740,,0,0
https://openalex.org/w2441654666,https://doi.org/10.2169/internalmedicine.55.6009,https://pubmed.ncbi.nlm.nih.gov/27301501,,0,0
https://openalex.org/w2185519999,https://doi.org/10.1111/1756-185x.12792,https://pubmed.ncbi.nlm.nih.gov/26621603,,0,0
https://openalex.org/w2212341047,https://doi.org/10.1182/blood.v92.4.1199,,,0,0
https://openalex.org/w1882335503,https://doi.org/10.1016/j.hoc.2015.06.006,https://pubmed.ncbi.nlm.nih.gov/26461148,,0,0
https://openalex.org/w41639039,,https://pubmed.ncbi.nlm.nih.gov/17519103,,0,0
https://openalex.org/w2087242822,https://doi.org/10.1006/viro.1994.1018,,,0,0
https://openalex.org/w2737594973,https://doi.org/10.1186/s13075-017-1383-0,https://pubmed.ncbi.nlm.nih.gov/28738907,,0,1
https://openalex.org/w4236423954,https://doi.org/10.1089/aid.2010.9998,,,0,0
https://openalex.org/w1991988026,https://doi.org/10.1210/jcem.87.6.8546,https://pubmed.ncbi.nlm.nih.gov/12050243,,0,0
https://openalex.org/w4294350677,https://doi.org/10.1002/art.39977,,,1,1
https://openalex.org/w2062289201,https://doi.org/10.1080/08916930600622645,https://pubmed.ncbi.nlm.nih.gov/16769655,,0,1
https://openalex.org/w2038261211,https://doi.org/10.1016/s0025-6196(12)61219-1,,,0,0
https://openalex.org/w2154796864,https://doi.org/10.1128/iai.01705-14,https://pubmed.ncbi.nlm.nih.gov/24643544,,0,0
https://openalex.org/w4248340472,https://doi.org/10.1016/j.anai.2017.07.004,,,0,0
https://openalex.org/w2137040154,https://doi.org/10.1152/ajplung.00447.2001,https://pubmed.ncbi.nlm.nih.gov/12003796,,0,0
https://openalex.org/w2563230450,https://doi.org/10.1182/blood.v118.21.519.519,,,0,0
https://openalex.org/w2025630027,https://doi.org/10.2214/ajr.11.7516,https://pubmed.ncbi.nlm.nih.gov/22733897,,0,0
https://openalex.org/w1964355354,,https://pubmed.ncbi.nlm.nih.gov/19218712,,0,0
https://openalex.org/w2327033520,https://doi.org/10.1136/annrheumdis-2012-eular.842,,,0,1
https://openalex.org/w2094517568,https://doi.org/10.7754/clin.lab.2012.120405,https://pubmed.ncbi.nlm.nih.gov/23724617,,0,0
https://openalex.org/w2972486420,https://doi.org/10.1097/rhu.0000000000000372,,,0,1
https://openalex.org/w2153318621,https://doi.org/10.4049/jimmunol.1201447,https://pubmed.ncbi.nlm.nih.gov/23024281,,0,0
https://openalex.org/w2152055220,https://doi.org/10.1183/09059180.00002713,https://pubmed.ncbi.nlm.nih.gov/23997057,,0,0
https://openalex.org/w2016149113,https://doi.org/10.1016/0022-510x(84)90086-8,https://pubmed.ncbi.nlm.nih.gov/6481399,,0,0
https://openalex.org/w2891506216,,,,1,1
https://openalex.org/w2163437226,https://doi.org/10.1146/annurev.me.43.020192.000313,,,0,0
https://openalex.org/w2136713302,https://doi.org/10.1093/infdis/jis935,https://pubmed.ncbi.nlm.nih.gov/23307936,,0,0
https://openalex.org/w2000647490,https://doi.org/10.1016/j.bbi.2013.05.006,https://pubmed.ncbi.nlm.nih.gov/23727274,,0,0
https://openalex.org/w2157903492,https://doi.org/10.5144/1658-3876.2010.174,https://pubmed.ncbi.nlm.nih.gov/21150236,,0,0
https://openalex.org/w1564837568,,https://pubmed.ncbi.nlm.nih.gov/23461077,,0,0
https://openalex.org/w1968009833,https://doi.org/10.1016/s0761-8425(07)91144-4,https://pubmed.ncbi.nlm.nih.gov/17632429,,0,0
https://openalex.org/w2090276762,https://doi.org/10.1159/000375492,https://pubmed.ncbi.nlm.nih.gov/25791920,,0,0
https://openalex.org/w2886550009,https://doi.org/10.1111/resp.13380,,,0,0
https://openalex.org/w2148786063,https://doi.org/10.1111/j.1365-2230.2009.03603.x,https://pubmed.ncbi.nlm.nih.gov/20055847,,0,0
https://openalex.org/w2115114648,https://doi.org/10.1136/annrheumdis-2013-203279,https://pubmed.ncbi.nlm.nih.gov/23881732,,0,0
https://openalex.org/w2034062319,https://doi.org/10.1016/s0022-3476(86)80223-2,https://pubmed.ncbi.nlm.nih.gov/3489829,,0,0
https://openalex.org/w2116152362,https://doi.org/10.7863/ultra.15.14.10055,https://pubmed.ncbi.nlm.nih.gov/26283756,,0,0
https://openalex.org/w2242871818,https://doi.org/10.1002/glia.20915,,,0,0
https://openalex.org/w2599888456,https://doi.org/10.1016/j.jbspin.2017.03.005,https://pubmed.ncbi.nlm.nih.gov/28343013,,0,1
https://openalex.org/w2216124388,https://doi.org/10.1128/jvi.02275-15,https://pubmed.ncbi.nlm.nih.gov/26512088,,0,0
https://openalex.org/w2398515902,https://doi.org/10.7417/ct.2013.1639,https://pubmed.ncbi.nlm.nih.gov/24424225,,0,0
https://openalex.org/w2033380650,https://doi.org/10.1093/rheumatology/32.5.435,https://pubmed.ncbi.nlm.nih.gov/8495270,,0,0
https://openalex.org/w2120863315,https://doi.org/10.1128/jvi.01355-09,https://pubmed.ncbi.nlm.nih.gov/19828606,,0,0
https://openalex.org/w2463609283,,https://pubmed.ncbi.nlm.nih.gov/19253786,,0,0
https://openalex.org/w2014094896,https://doi.org/10.1371/journal.ppat.1002452,https://pubmed.ncbi.nlm.nih.gov/22241982,,0,0
https://openalex.org/w2735320869,https://doi.org/10.1186/s12969-017-0182-0,https://pubmed.ncbi.nlm.nih.gov/28693511,,0,0
https://openalex.org/w2111075765,https://doi.org/10.1093/jnci/90.23.1787,,,0,0
https://openalex.org/w2012408437,https://doi.org/10.1191/0961203305lu2205oa,,,0,0
https://openalex.org/w2757414514,https://doi.org/10.1186/s12969-017-0199-4,https://pubmed.ncbi.nlm.nih.gov/28934971,,0,0
https://openalex.org/w2412900389,,,,0,0
https://openalex.org/w2078567667,https://doi.org/10.1016/s1201-9712(97)90008-4,,,0,0
https://openalex.org/w4247891036,https://doi.org/10.1111/all.12974,,,0,0
https://openalex.org/w2051906249,https://doi.org/10.1016/0264-410x(90)90250-p,,,0,0
https://openalex.org/w2277815977,https://doi.org/10.1093/oxfordjournals.qjmed.a068752,https://pubmed.ncbi.nlm.nih.gov/8265772,,0,0
https://openalex.org/w2031821970,https://doi.org/10.1016/j.lpm.2014.08.002,,,0,0
https://openalex.org/w4292646845,https://doi.org/10.1002/pro.2823,,,0,0
https://openalex.org/w2324348813,https://doi.org/10.1164/ajrccm-conference.2011.183.1_meetingabstracts.a3802,,,0,1
https://openalex.org/w2418933524,,,,0,0
https://openalex.org/w2330880774,https://doi.org/10.1097/00063198-200109000-00011,,,0,0
https://openalex.org/w4250148601,https://doi.org/10.1111/ene.12813,,,0,1
https://openalex.org/w2004992299,https://doi.org/10.1016/j.ultrasmedbio.2011.05.010,https://pubmed.ncbi.nlm.nih.gov/21683507,,0,0
https://openalex.org/w2050860687,https://doi.org/10.1371/journal.pone.0008593,https://pubmed.ncbi.nlm.nih.gov/20098691,,0,0
https://openalex.org/w2036117331,https://doi.org/10.1378/chest.1994393,,,0,0
https://openalex.org/w2805496536,https://doi.org/10.1007/s00417-018-4014-9,https://pubmed.ncbi.nlm.nih.gov/29846785,,0,0
https://openalex.org/w2145737795,https://doi.org/10.1016/s0954-6111(98)90519-4,https://pubmed.ncbi.nlm.nih.gov/9659538,043-670-377-143-582,0,0
https://openalex.org/w2048751953,https://doi.org/10.1016/j.jalz.2012.05.825,,,0,0
https://openalex.org/w2100211265,https://doi.org/10.1016/j.amjcard.2012.09.031,https://pubmed.ncbi.nlm.nih.gov/23290599,,0,0
https://openalex.org/w2103046969,https://doi.org/10.1007/s00405-007-0518-3,https://pubmed.ncbi.nlm.nih.gov/18000676,,0,0
https://openalex.org/w2082968125,https://doi.org/10.2174/157339808785161332,,,0,0
https://openalex.org/w2119115210,https://doi.org/10.1186/ar3125,,,0,0
https://openalex.org/w1972905054,https://doi.org/10.1111/j.1468-3083.2008.02971.x,https://pubmed.ncbi.nlm.nih.gov/18752541,,0,0
https://openalex.org/w2426710852,,https://pubmed.ncbi.nlm.nih.gov/3480824,,0,0
https://openalex.org/w2499350660,https://doi.org/10.1513/annalsats.201603-179ps,https://pubmed.ncbi.nlm.nih.gov/27482830,,0,0
https://openalex.org/w2745631600,https://doi.org/10.1371/journal.pone.0183781,https://pubmed.ncbi.nlm.nih.gov/28841684,,0,0
https://openalex.org/w4292668261,https://doi.org/10.1016/j.jneuroim.2010.08.001,,,0,0
https://openalex.org/w2083009475,https://doi.org/10.1513/pats.200508-087tt,,,0,0
https://openalex.org/w2894091238,https://doi.org/10.26444/aaem/91467,https://pubmed.ncbi.nlm.nih.gov/30260171,,0,0
https://openalex.org/w2086735198,https://doi.org/10.1136/ard.2007.078907,https://pubmed.ncbi.nlm.nih.gov/19088260,,0,0
https://openalex.org/w1987130030,https://doi.org/10.5588/ijtld.12.0665,https://pubmed.ncbi.nlm.nih.gov/23485390,,0,0
https://openalex.org/w2158463761,https://doi.org/10.1007/s100670050139,,,0,0
https://openalex.org/w2112859856,https://doi.org/10.1164/ajrccm.150.5.7952577,https://pubmed.ncbi.nlm.nih.gov/7952577,,0,0
https://openalex.org/w2417256862,https://doi.org/10.1136/annrheumdis-2015-eular.6826,,,0,1
https://openalex.org/w2023350518,https://doi.org/10.1002/ibd.20423,https://pubmed.ncbi.nlm.nih.gov/18338780,,0,0
https://openalex.org/w2021411864,https://doi.org/10.1016/j.vaccine.2008.12.013,https://pubmed.ncbi.nlm.nih.gov/19114075,,0,0
https://openalex.org/w2493920829,https://doi.org/10.1111/j.1399-0039.2011.01671.x,,,0,0
https://openalex.org/w2033284475,https://doi.org/10.1016/s0025-7753(01)71993-8,https://pubmed.ncbi.nlm.nih.gov/11440692,,0,0
https://openalex.org/w2325330937,https://doi.org/10.5271/sjweh.949,https://pubmed.ncbi.nlm.nih.gov/16425586,,0,0
https://openalex.org/w2022058938,https://doi.org/10.1016/j.semarthrit.2011.09.008,https://pubmed.ncbi.nlm.nih.gov/22078416,,1,1
https://openalex.org/w2030750014,https://doi.org/10.1099/0022-1317-65-3-577,https://pubmed.ncbi.nlm.nih.gov/6366120,,0,0
https://openalex.org/w2411179986,,,,0,0
https://openalex.org/w2395918034,,https://pubmed.ncbi.nlm.nih.gov/7565296,,0,0
https://openalex.org/w2955069973,https://doi.org/10.1177/1352458516663067,,,0,0
https://openalex.org/w2731234284,https://doi.org/10.1183/13993003.00379-2017,https://pubmed.ncbi.nlm.nih.gov/28679612,,0,0
https://openalex.org/w1969784891,https://doi.org/10.1038/sj.onc.1208201,https://pubmed.ncbi.nlm.nih.gov/15580302,,0,0
https://openalex.org/w1839071323,,https://pubmed.ncbi.nlm.nih.gov/12966617,,0,0
https://openalex.org/w1989551489,https://doi.org/10.1016/s0003-4975(00)01913-5,,,0,0
https://openalex.org/w2036689207,https://doi.org/10.1007/s00296-009-1222-y,https://pubmed.ncbi.nlm.nih.gov/19847427,,0,0
https://openalex.org/w2028333192,https://doi.org/10.1007/s12026-014-8607-z,https://pubmed.ncbi.nlm.nih.gov/25480740,,0,0
https://openalex.org/w2147446676,https://doi.org/10.1128/iai.01546-08,https://pubmed.ncbi.nlm.nih.gov/19720760,,0,0
https://openalex.org/w2010694953,https://doi.org/10.1186/s12917-015-0399-4,https://pubmed.ncbi.nlm.nih.gov/25880824,,0,0
https://openalex.org/w1655056550,,https://pubmed.ncbi.nlm.nih.gov/15666603,,0,0
https://openalex.org/w2105031721,https://doi.org/10.1177/0036933014542387,https://pubmed.ncbi.nlm.nih.gov/24996784,,0,0
https://openalex.org/w2023938849,https://doi.org/10.1200/jco.2003.05.048,https://pubmed.ncbi.nlm.nih.gov/12885816,,0,0
https://openalex.org/w2313161786,https://doi.org/10.5152/ttd.2013.12,,,0,0
https://openalex.org/w2005361097,https://doi.org/10.1016/j.athoracsur.2006.10.002,,,0,0
https://openalex.org/w2525969270,https://doi.org/10.3389/fimmu.2016.00399,https://pubmed.ncbi.nlm.nih.gov/27746785,,0,0
https://openalex.org/w63689860,,https://pubmed.ncbi.nlm.nih.gov/11258512,,0,0
https://openalex.org/w2088147008,https://doi.org/10.1007/s00381-012-1764-2,https://pubmed.ncbi.nlm.nih.gov/22543433,,0,0
https://openalex.org/w2006025566,https://doi.org/10.1016/j.virol.2014.04.011,https://pubmed.ncbi.nlm.nih.gov/24928044,,0,0
https://openalex.org/w1978525079,https://doi.org/10.1637/9315-032410-reg.1,https://pubmed.ncbi.nlm.nih.gov/21313834,,0,0
https://openalex.org/w2333551703,https://doi.org/10.1093/rheumatology/kew195,https://pubmed.ncbi.nlm.nih.gov/27060110,,0,1
https://openalex.org/w2138577291,https://doi.org/10.1016/s0039-6257(99)00101-0,https://pubmed.ncbi.nlm.nih.gov/10588439,,0,0
https://openalex.org/w2898921001,https://doi.org/10.4103/lungindia.lungindia_4_18,https://pubmed.ncbi.nlm.nih.gov/30381565,,0,1
https://openalex.org/w2169819791,https://doi.org/10.1093/carcin/bgu005,https://pubmed.ncbi.nlm.nih.gov/24403310,,0,0
https://openalex.org/w1988956153,https://doi.org/10.1097/01.bor.0000434675.70268.bd,,,0,0
https://openalex.org/w2050115311,https://doi.org/10.1038/mi.2012.115,https://pubmed.ncbi.nlm.nih.gov/23212196,,0,0
https://openalex.org/w2397460590,https://doi.org/10.1177/030089168807400105,https://pubmed.ncbi.nlm.nih.gov/2832986,,0,0
https://openalex.org/w2029677716,https://doi.org/10.1016/j.neuroscience.2011.01.033,https://pubmed.ncbi.nlm.nih.gov/21277940,,0,0
https://openalex.org/w2137853291,https://doi.org/10.1016/j.pain.2005.10.030,https://pubmed.ncbi.nlm.nih.gov/16360266,,0,0
https://openalex.org/w2740355137,,,,0,0
https://openalex.org/w2765326471,https://doi.org/10.1016/j.chest.2017.08.510,,,0,1
https://openalex.org/w2107248819,,https://pubmed.ncbi.nlm.nih.gov/10515434,,0,0
https://openalex.org/w1987264326,https://doi.org/10.1016/j.jcmg.2011.05.009,https://pubmed.ncbi.nlm.nih.gov/22172790,010-599-511-781-176,0,0
https://openalex.org/w1985647334,https://doi.org/10.1083/jcb.100.1.136,,,0,0
https://openalex.org/w2414739709,,,,0,0
https://openalex.org/w1490496509,https://doi.org/10.4049/jimmunol.1300645,https://pubmed.ncbi.nlm.nih.gov/24078693,,0,0
https://openalex.org/w2108596127,https://doi.org/10.1080/19338244.2010.506494,https://pubmed.ncbi.nlm.nih.gov/21337184,,0,0
https://openalex.org/w2624150445,https://doi.org/10.1159/000477351,,,0,0
https://openalex.org/w2159769341,https://doi.org/10.1099/jmm.0.006825-0,https://pubmed.ncbi.nlm.nih.gov/19498203,,0,0
https://openalex.org/w4238969518,https://doi.org/10.3233/jnd-149001,,,0,1
https://openalex.org/w2897448040,https://doi.org/10.1186/s42358-018-0035-7,https://pubmed.ncbi.nlm.nih.gov/30657093,,0,1
https://openalex.org/w2143688274,https://doi.org/10.1128/jvi.05540-11,https://pubmed.ncbi.nlm.nih.gov/22130540,,0,0
https://openalex.org/w1990270643,https://doi.org/10.1006/clin.1995.1156,https://pubmed.ncbi.nlm.nih.gov/7586740,,0,0
https://openalex.org/w2007580382,https://doi.org/10.1111/j.1365-2230.2004.01510.x,https://pubmed.ncbi.nlm.nih.gov/15115510,,0,0
https://openalex.org/w2143206369,https://doi.org/10.1097/md.0000000000000875,https://pubmed.ncbi.nlm.nih.gov/26166127,,0,0
https://openalex.org/w1985444930,https://doi.org/10.1034/j.1600-0404.2003.00087.x,https://pubmed.ncbi.nlm.nih.gov/12807389,,0,0
https://openalex.org/w1963923496,https://doi.org/10.1074/jbc.273.2.800,,,0,0
https://openalex.org/w118214493,https://doi.org/10.4049/jimmunol.190.supp.123.20,,,0,0
https://openalex.org/w1973450297,https://doi.org/10.1159/000158637,https://pubmed.ncbi.nlm.nih.gov/18827482,,0,0
https://openalex.org/w1555106144,https://doi.org/10.1001/archinte.168.15.1718,https://pubmed.ncbi.nlm.nih.gov/18695091,,0,0
https://openalex.org/w4253045304,https://doi.org/10.1007/s13530-016-0286-9,,,0,0
https://openalex.org/w2151528404,https://doi.org/10.1186/s12968-015-0113-5,https://pubmed.ncbi.nlm.nih.gov/25871501,,0,0
https://openalex.org/w2402790992,,https://pubmed.ncbi.nlm.nih.gov/10229501,,0,0
https://openalex.org/w2085129201,https://doi.org/10.2174/1568014053005363,,,0,0
https://openalex.org/w2003773986,https://doi.org/10.1186/ar2766,,,0,0
https://openalex.org/w2101842601,https://doi.org/10.1016/j.lpm.2010.12.012,,,0,0
https://openalex.org/w1889364224,https://doi.org/10.1164/rccm.200805-725oc,https://pubmed.ncbi.nlm.nih.gov/18755924,,0,0
https://openalex.org/w1805709456,https://doi.org/10.4049/jimmunol.1402071,https://pubmed.ncbi.nlm.nih.gov/25870238,,0,0
https://openalex.org/w2333082996,https://doi.org/10.2143/ac.63.6.2033386,https://pubmed.ncbi.nlm.nih.gov/19157164,,0,0
https://openalex.org/w2092778478,https://doi.org/10.1016/s0163-4453(98)90260-2,,,0,0
https://openalex.org/w1992910123,https://doi.org/10.1007/s00441-005-0046-7,,,0,0
https://openalex.org/w2098253601,https://doi.org/10.1083/jcb.105.6.2887,https://pubmed.ncbi.nlm.nih.gov/2447101,,0,0
https://openalex.org/w2615443777,https://doi.org/10.1002/mp.12350,https://pubmed.ncbi.nlm.nih.gov/28513858,,0,0
https://openalex.org/w2756697896,https://doi.org/10.1371/journal.pone.0185718,https://pubmed.ncbi.nlm.nih.gov/28961278,,0,0
https://openalex.org/w2161933308,https://doi.org/10.1136/annrheumdis-2011-201235.19,,,0,0
https://openalex.org/w1958307240,https://doi.org/10.1128/jcm.22.2.259-264.1985,,,0,0
https://openalex.org/w2403217717,https://doi.org/10.1055/s-0036-1580689,https://pubmed.ncbi.nlm.nih.gov/27231868,,0,1
https://openalex.org/w2019930573,https://doi.org/10.5271/sjweh.1411,https://pubmed.ncbi.nlm.nih.gov/7973489,,0,0
https://openalex.org/w2040971574,https://doi.org/10.1007/s00296-006-0239-8,https://pubmed.ncbi.nlm.nih.gov/17033833,,0,0
https://openalex.org/w2165280980,https://doi.org/10.1002/acr.22498,https://pubmed.ncbi.nlm.nih.gov/25331610,,0,0
https://openalex.org/w2161738112,https://doi.org/10.1038/nm.3443,,,0,0
https://openalex.org/w2174731795,https://doi.org/10.1093/brain/awv192,,031-625-107-830-763,1,1
https://openalex.org/w2042928441,https://doi.org/10.1016/0042-6822(88)90588-0,,,0,0
https://openalex.org/w1979724386,https://doi.org/10.1016/s0022-3476(05)80330-0,,,0,0
https://openalex.org/w1573600138,https://doi.org/10.1186/rr46,,,0,0
https://openalex.org/w2754315387,https://doi.org/10.1136/annrheumdis-2017-eular.5956,,,0,1
https://openalex.org/w2031357104,https://doi.org/10.1016/0264-410x(85)90118-5,,,0,0
https://openalex.org/w1964694234,https://doi.org/10.1016/j.prp.2005.11.005,https://pubmed.ncbi.nlm.nih.gov/16413694,,0,0
https://openalex.org/w3189184575,https://doi.org/10.2165/00128071-200001050-00005,,,0,0
https://openalex.org/w2399916174,,,,0,1
https://openalex.org/w1487316276,https://doi.org/10.4049/jimmunol.153.11.5222,https://pubmed.ncbi.nlm.nih.gov/7963577,,0,0
https://openalex.org/w2063894714,https://doi.org/10.1002/eji.200940185,https://pubmed.ncbi.nlm.nih.gov/20201015,,0,0
https://openalex.org/w2073476321,https://doi.org/10.1212/01.wnl.0000180407.15369.92,https://pubmed.ncbi.nlm.nih.gov/16247064,,0,0
https://openalex.org/w2127661289,https://doi.org/10.3109/08830189509056718,,,0,0
https://openalex.org/w2766019886,https://doi.org/10.1038/s41598-017-14823-w,https://pubmed.ncbi.nlm.nih.gov/29089574,,0,0
https://openalex.org/w2507763780,https://doi.org/10.1097/cpm.0000000000000171,https://pubmed.ncbi.nlm.nih.gov/27594777,,0,1
https://openalex.org/w2138661781,https://doi.org/10.1189/jlb.1206755,https://pubmed.ncbi.nlm.nih.gov/17470531,,0,0
https://openalex.org/w2108355886,https://doi.org/10.3899/jrheum.090061,https://pubmed.ncbi.nlm.nih.gov/19648306,,0,0
https://openalex.org/w2521809735,https://doi.org/10.1016/j.autrev.2016.09.025,,,0,0
https://openalex.org/w2015573643,https://doi.org/10.2739/kurumemedj.50.81,https://pubmed.ncbi.nlm.nih.gov/14768469,,0,0
https://openalex.org/w2013221792,https://doi.org/10.1002/art.21321,https://pubmed.ncbi.nlm.nih.gov/16082631,,0,0
https://openalex.org/w2514410479,https://doi.org/10.1038/nrrheum.2016.143,https://pubmed.ncbi.nlm.nih.gov/27558658,,0,0
https://openalex.org/w2072842100,https://doi.org/10.1155/2013/185362,https://pubmed.ncbi.nlm.nih.gov/24093091,,0,0
https://openalex.org/w1987346323,https://doi.org/10.1242/jeb.00543,,,0,0
https://openalex.org/w2061718370,https://doi.org/10.1016/0002-9343(86)90709-6,https://pubmed.ncbi.nlm.nih.gov/3953615,,0,0
https://openalex.org/w2409335783,https://doi.org/10.1016/s0929-693x(96)80012-1,https://pubmed.ncbi.nlm.nih.gov/8745830,,0,0
https://openalex.org/w2759980572,https://doi.org/10.4049/jimmunol.194.supp.212.8,,,0,0
https://openalex.org/w2806666065,https://doi.org/10.12688/f1000research.14834.1,https://pubmed.ncbi.nlm.nih.gov/30079243,,0,1
https://openalex.org/w2791851551,https://doi.org/10.5606/archrheumatol.2018.6401,https://pubmed.ncbi.nlm.nih.gov/29900970,,0,1
https://openalex.org/w2125564484,https://doi.org/10.1183/09031936.00156312,https://pubmed.ncbi.nlm.nih.gov/23397301,,1,1
https://openalex.org/w2112178092,https://doi.org/10.2214/ajr.169.1.9207505,https://pubmed.ncbi.nlm.nih.gov/9207505,,0,0
https://openalex.org/w2047691308,https://doi.org/10.1006/bbrc.2001.5689,https://pubmed.ncbi.nlm.nih.gov/11573962,,0,0
https://openalex.org/w69257189,,,,0,0
https://openalex.org/w2004011194,https://doi.org/10.1016/j.nmd.2014.06.088,,,0,0
https://openalex.org/w2626751509,https://doi.org/10.2169/internalmedicine.56.8110,https://pubmed.ncbi.nlm.nih.gov/28626183,,0,0
https://openalex.org/w2330915189,https://doi.org/10.1136/practneurol-2012-000305,https://pubmed.ncbi.nlm.nih.gov/23144302,006-440-314-402-537,0,0
https://openalex.org/w2121936313,https://doi.org/10.1080/03009740600844381,,,0,0
https://openalex.org/w2138154968,https://doi.org/10.4049/jimmunol.179.7.4783,,,0,0
https://openalex.org/w2403472187,,https://pubmed.ncbi.nlm.nih.gov/16173257,,0,0
https://openalex.org/w2131496027,https://doi.org/10.1016/j.lpm.2012.04.003,https://pubmed.ncbi.nlm.nih.gov/22608948,,0,0
https://openalex.org/w1561100993,,https://pubmed.ncbi.nlm.nih.gov/2533813,,0,0
https://openalex.org/w2024857591,https://doi.org/10.1111/1523-1747.ep12356956,https://pubmed.ncbi.nlm.nih.gov/8423382,,0,0
https://openalex.org/w1485917376,https://doi.org/10.1542/peds.89.3.466,https://pubmed.ncbi.nlm.nih.gov/1741222,,0,0
https://openalex.org/w1516976717,https://doi.org/10.1111/j.1365-2567.2009.03228.x,https://pubmed.ncbi.nlm.nih.gov/20201988,,0,0
https://openalex.org/w2117098575,https://doi.org/10.1378/chest.14-0359,https://pubmed.ncbi.nlm.nih.gov/25166895,,0,0
https://openalex.org/w2103844456,https://doi.org/10.1002/mpo.2950240407,https://pubmed.ncbi.nlm.nih.gov/7700170,,0,0
https://openalex.org/w1930448738,https://doi.org/10.1002/14651858.cd002872,,,0,0
https://openalex.org/w2076409440,https://doi.org/10.1016/s0140-6736(00)03535-2,https://pubmed.ncbi.nlm.nih.gov/11197441,,0,0
https://openalex.org/w2414672220,https://doi.org/10.1124/mol.54.3.485,,,0,0
https://openalex.org/w2567594725,https://doi.org/10.1007/s10067-016-3504-6,https://pubmed.ncbi.nlm.nih.gov/28028682,,0,0
https://openalex.org/w2412784864,https://doi.org/10.1016/s0889-8588(18)30683-x,https://pubmed.ncbi.nlm.nih.gov/3312147,,0,0
https://openalex.org/w2069078312,https://doi.org/10.1007/s00705-008-0277-5,,,0,0
https://openalex.org/w2116855052,https://doi.org/10.1002/art.1780380826,https://pubmed.ncbi.nlm.nih.gov/7639819,,0,0
https://openalex.org/w2013730120,https://doi.org/10.1055/s-2007-985666,https://pubmed.ncbi.nlm.nih.gov/17764062,,0,1
https://openalex.org/w2065592830,https://doi.org/10.1034/j.1600-0625.2002.110411.x,,,0,0
https://openalex.org/w2072746635,https://doi.org/10.1002/art.1780330826,,,0,1
https://openalex.org/w2154486847,https://doi.org/10.1378/chest.08-2306,https://pubmed.ncbi.nlm.nih.gov/19225068,,0,0
https://openalex.org/w1965967498,https://doi.org/10.1016/j.rmed.2005.04.016,,,0,0
https://openalex.org/w2031998845,https://doi.org/10.1016/j.bone.2012.02.193,,,0,0
https://openalex.org/w1969538886,https://doi.org/10.1016/0030-4220(92)90381-y,https://pubmed.ncbi.nlm.nih.gov/1508527,,0,0
https://openalex.org/w2137842843,https://doi.org/10.1111/crj.12098,https://pubmed.ncbi.nlm.nih.gov/24405843,,0,0
https://openalex.org/w2339523494,https://doi.org/10.3899/jrheum.160272,,,0,1
https://openalex.org/w2009646683,https://doi.org/10.1016/s0151-9638(09)73383-6,https://pubmed.ncbi.nlm.nih.gov/20110057,,0,0
https://openalex.org/w2765868821,https://doi.org/10.1016/j.resinv.2017.09.007,https://pubmed.ncbi.nlm.nih.gov/29325685,,0,0
https://openalex.org/w2032653393,https://doi.org/10.1001/archinte.1985.00360100097016,https://pubmed.ncbi.nlm.nih.gov/3876087,,0,0
https://openalex.org/w2033735491,https://doi.org/10.1016/j.amjsurg.2007.05.045,,,0,0
https://openalex.org/w2081371882,https://doi.org/10.3928/0090-4481-20001101-08,,,0,0
https://openalex.org/w1965072779,https://doi.org/10.1016/j.nmd.2004.09.006,https://pubmed.ncbi.nlm.nih.gov/15639118,,0,0
https://openalex.org/w1972869927,https://doi.org/10.1016/j.vaccine.2006.05.052,https://pubmed.ncbi.nlm.nih.gov/16797802,,0,0
https://openalex.org/w2133917466,https://doi.org/10.2174/187152812800959013,,,0,0
https://openalex.org/w2412785627,https://doi.org/10.47102/annals-acadmedsg.v30n5p468,https://pubmed.ncbi.nlm.nih.gov/11603127,,0,0
https://openalex.org/w28049034,,,,0,0
https://openalex.org/w2156421486,https://doi.org/10.4049/jimmunol.1002165,https://pubmed.ncbi.nlm.nih.gov/21037094,,0,0
https://openalex.org/w2754128926,https://doi.org/10.1007/s00428-017-2205-0,,,0,0
https://openalex.org/w2106624090,https://doi.org/10.1016/s0889-8588(05)70383-x,https://pubmed.ncbi.nlm.nih.gov/8880195,,0,0
https://openalex.org/w2575658961,https://doi.org/10.1074/jbc.m116.763979,https://pubmed.ncbi.nlm.nih.gov/27974463,,0,0
https://openalex.org/w2539505152,https://doi.org/10.1161/atv.0b013e3181ab66e7,,,0,0
https://openalex.org/w2597174445,https://doi.org/10.1016/j.ijmm.2011.08.002,,,0,0
https://openalex.org/w1992452967,https://doi.org/10.1097/00043764-200008000-00011,,,0,0
https://openalex.org/w2317971935,https://doi.org/10.1016/j.semarthrit.2016.03.011,https://pubmed.ncbi.nlm.nih.gov/27139168,,1,1
https://openalex.org/w2097714951,https://doi.org/10.1038/ni.1960,https://pubmed.ncbi.nlm.nih.gov/21057511,,0,0
https://openalex.org/w2006728474,https://doi.org/10.1378/chest.103.3.765,,,0,0
https://openalex.org/w2610839505,https://doi.org/10.1186/s12865-017-0203-2,https://pubmed.ncbi.nlm.nih.gov/28468643,,0,0
https://openalex.org/w2145213528,https://doi.org/10.3899/jrheum.140566,https://pubmed.ncbi.nlm.nih.gov/25448790,,0,0
https://openalex.org/w1982138457,https://doi.org/10.1016/j.revmed.2003.11.009,,,0,0
https://openalex.org/w1996926499,https://doi.org/10.1016/j.ijporl.2014.08.015,https://pubmed.ncbi.nlm.nih.gov/25200852,,0,0
https://openalex.org/w2079354921,https://doi.org/10.1042/bj20091349,https://pubmed.ncbi.nlm.nih.gov/20085538,,0,0
https://openalex.org/w7423635,https://doi.org/10.3904/kjim.1996.11.2.122,,,0,0
https://openalex.org/w1978478585,https://doi.org/10.1378/chest.106.2.648b,https://pubmed.ncbi.nlm.nih.gov/7774371,,0,0
https://openalex.org/w2330387667,https://doi.org/10.1183/13993003.00019-2016,,078-468-859-084-264,0,0
https://openalex.org/w2754804220,https://doi.org/10.1136/annrheumdis-2017-eular.2332,,,0,0
https://openalex.org/w2887102447,https://doi.org/10.1111/resp.13379,,,0,0
https://openalex.org/w2089635408,https://doi.org/10.1097/00003086-199703000-00033,https://pubmed.ncbi.nlm.nih.gov/9060511,,0,0
https://openalex.org/w2115711788,https://doi.org/10.1155/2014/879703,https://pubmed.ncbi.nlm.nih.gov/24895622,,0,0
https://openalex.org/w2133748009,https://doi.org/10.1093/rheumatology/keu259,https://pubmed.ncbi.nlm.nih.gov/24987158,,0,0
https://openalex.org/w2087626595,https://doi.org/10.1016/j.vaccine.2011.08.091,https://pubmed.ncbi.nlm.nih.gov/21911027,,0,0
https://openalex.org/w1969999318,https://doi.org/10.1007/s12016-007-8066-6,https://pubmed.ncbi.nlm.nih.gov/18172777,,0,0
https://openalex.org/w1988587775,https://doi.org/10.1078/1438-4639-00210,https://pubmed.ncbi.nlm.nih.gov/12872536,,0,0
https://openalex.org/w1989005759,https://doi.org/10.1016/0140-6736(90)90967-a,https://pubmed.ncbi.nlm.nih.gov/1969576,,0,0
https://openalex.org/w2553314900,https://doi.org/10.1111/resp.12947,https://pubmed.ncbi.nlm.nih.gov/27860028,,0,0
https://openalex.org/w2091839357,https://doi.org/10.1007/s00296-009-0884-9,https://pubmed.ncbi.nlm.nih.gov/19266202,,1,1
https://openalex.org/w2045515509,https://doi.org/10.1016/s0761-8425(09)74046-x,https://pubmed.ncbi.nlm.nih.gov/19421094,,0,0
https://openalex.org/w2041499786,https://doi.org/10.1002/(sici)1097-0347(200001)22:1<42::aid-hed7>3.0.co;2-5,https://pubmed.ncbi.nlm.nih.gov/10585604,,0,0
https://openalex.org/w3175177955,https://doi.org/10.1096/fasebj.2018.32.1_supplement.793.6,,,0,0
https://openalex.org/w2125935972,https://doi.org/10.1371/journal.pone.0135383,https://pubmed.ncbi.nlm.nih.gov/26267900,,0,0
https://openalex.org/w2910184455,https://doi.org/10.1136/annrheumdis-2018-eular.6512,,,0,1
https://openalex.org/w2333249749,https://doi.org/10.1097/rhu.0000000000000084,https://pubmed.ncbi.nlm.nih.gov/25417684,,0,0
https://openalex.org/w2156291394,https://doi.org/10.1183/09059180.00003112,,,0,0
https://openalex.org/w2149937527,,https://pubmed.ncbi.nlm.nih.gov/26443871,,1,1
https://openalex.org/w2405264665,https://doi.org/10.1136/annrheumdis-2015-eular.1038,,,0,0
https://openalex.org/w2561412818,https://doi.org/10.1002/ccr3.747,https://pubmed.ncbi.nlm.nih.gov/28096992,,0,0
https://openalex.org/w2062192369,https://doi.org/10.1002/msj.20087,https://pubmed.ncbi.nlm.nih.gov/19170214,,0,0
https://openalex.org/w2082099191,https://doi.org/10.1016/j.lpm.2009.01.013,,,0,1
https://openalex.org/w2090571806,https://doi.org/10.1016/j.lpm.2012.12.003,https://pubmed.ncbi.nlm.nih.gov/23428662,,1,1
https://openalex.org/w2078448530,https://doi.org/10.1371/journal.pone.0039075,https://pubmed.ncbi.nlm.nih.gov/22720032,,0,0
https://openalex.org/w2395891714,,https://pubmed.ncbi.nlm.nih.gov/25362776,,0,0
https://openalex.org/w2505403520,https://doi.org/10.1080/14397595.2016.1213947,https://pubmed.ncbi.nlm.nih.gov/27487571,025-272-613-052-409,0,0
https://openalex.org/w2053733736,https://doi.org/10.1080/02841850902787677,,,0,0
https://openalex.org/w4239386117,https://doi.org/10.1002/eji.200990046,,,0,0
https://openalex.org/w2115828459,https://doi.org/10.1128/jvi.80.5.2539-2547.2006,https://pubmed.ncbi.nlm.nih.gov/16474160,,0,0
https://openalex.org/w1975948359,https://doi.org/10.1053/sarh.2002.50012,https://pubmed.ncbi.nlm.nih.gov/12701038,,0,1
https://openalex.org/w2027828867,https://doi.org/10.1136/adc.78.5.469,https://pubmed.ncbi.nlm.nih.gov/9659097,,0,0
https://openalex.org/w2056913087,https://doi.org/10.2807/1560-7917.es2014.19.37.20906,,,0,0
https://openalex.org/w2058685541,https://doi.org/10.1089/adt.2008.152,https://pubmed.ncbi.nlm.nih.gov/18699727,,0,0
https://openalex.org/w2038184238,https://doi.org/10.1016/j.revmed.2012.07.018,https://pubmed.ncbi.nlm.nih.gov/22998975,,0,0
https://openalex.org/w2780390912,https://doi.org/10.1093/rheumatology/kex458,,,0,0
https://openalex.org/w4239776240,https://doi.org/10.1136/bmj.299.6702.791,https://pubmed.ncbi.nlm.nih.gov/2508926,098-462-504-959-162,0,0
https://openalex.org/w1501370688,https://doi.org/10.1111/j.1440-1843.2012.02127.x,,035-072-499-790-26X,0,0
https://openalex.org/w2090052765,https://doi.org/10.3109/10428194.2012.686614,https://pubmed.ncbi.nlm.nih.gov/22762549,025-467-727-039-990,0,0
https://openalex.org/w2318962406,https://doi.org/10.1097/mcp.0b013e3283541232,https://pubmed.ncbi.nlm.nih.gov/22617807,,0,0
https://openalex.org/w1562262390,,,,0,0
https://openalex.org/w2140016142,https://doi.org/10.1539/joh.14-0177-oa,https://pubmed.ncbi.nlm.nih.gov/25519805,,0,0
https://openalex.org/w2073447201,https://doi.org/10.1212/wnl.0000000000001422,https://pubmed.ncbi.nlm.nih.gov/25746564,,1,1
https://openalex.org/w2099752168,https://doi.org/10.3892/ijmm.11.6.779,,,0,0
https://openalex.org/w2426816621,https://doi.org/10.1097/mph.0000000000000607,https://pubmed.ncbi.nlm.nih.gov/27299591,,0,0
https://openalex.org/w2414910535,,,,0,0
https://openalex.org/w4230890715,https://doi.org/10.1007/s004180050078,,,0,0
https://openalex.org/w4244946671,https://doi.org/10.4081/itjm.2015.s2,,,0,0
https://openalex.org/w2051010532,https://doi.org/10.1155/2014/815245,https://pubmed.ncbi.nlm.nih.gov/24800252,,0,0
https://openalex.org/w1994290668,https://doi.org/10.1016/s2213-2600(13)70121-8,https://pubmed.ncbi.nlm.nih.gov/24429187,,0,0
https://openalex.org/w2408709896,,,,0,0
https://openalex.org/w1547768454,https://doi.org/10.1016/j.cell.2015.06.026,https://pubmed.ncbi.nlm.nih.gov/26140596,,0,0
https://openalex.org/w2338557222,https://doi.org/10.1007/5584_2016_229,https://pubmed.ncbi.nlm.nih.gov/27068927,,0,0
https://openalex.org/w2911095962,https://doi.org/10.1136/annrheumdis-2018-eular.2639,,,0,1
https://openalex.org/w2508904605,https://doi.org/10.1172/jci86953,https://pubmed.ncbi.nlm.nih.gov/27617861,,0,0
https://openalex.org/w2005233485,https://doi.org/10.1038/nature13322,https://pubmed.ncbi.nlm.nih.gov/25043000,,0,0
https://openalex.org/w1836894206,,,,0,0
https://openalex.org/w2012576192,https://doi.org/10.1074/jbc.m610762200,https://pubmed.ncbi.nlm.nih.gov/17491021,,0,0
https://openalex.org/w2408429025,,https://pubmed.ncbi.nlm.nih.gov/8134710,,0,0
https://openalex.org/w2028371610,https://doi.org/10.1007/s10875-010-9386-5,https://pubmed.ncbi.nlm.nih.gov/20349122,,0,0
https://openalex.org/w2419476026,,https://pubmed.ncbi.nlm.nih.gov/8978968,,0,0
https://openalex.org/w2087241347,https://doi.org/10.1084/jem.21112insight5,https://pubmed.ncbi.nlm.nih.gov/25403807,037-435-297-489-893,0,0
https://openalex.org/w2070490676,https://doi.org/10.1378/chest.12-0170,https://pubmed.ncbi.nlm.nih.gov/22948573,,0,0
https://openalex.org/w2031102521,https://doi.org/10.1378/chest.14-1475,https://pubmed.ncbi.nlm.nih.gov/25340385,,0,0
https://openalex.org/w2802160919,https://doi.org/10.1097/rhu.0000000000000746,https://pubmed.ncbi.nlm.nih.gov/29742539,061-526-781-312-17X,0,0
https://openalex.org/w2337834294,https://doi.org/10.1371/journal.pone.0140437,https://pubmed.ncbi.nlm.nih.gov/26460792,,0,0
https://openalex.org/w2076813810,https://doi.org/10.1016/j.lpm.2008.09.021,https://pubmed.ncbi.nlm.nih.gov/19084369,,0,0
https://openalex.org/w65838659,,,,0,0
https://openalex.org/w2059823694,https://doi.org/10.2169/internalmedicine.47.0713,,,0,0
https://openalex.org/w1938959953,,,,0,0
https://openalex.org/w1989743929,https://doi.org/10.1006/bbrc.2001.4891,https://pubmed.ncbi.nlm.nih.gov/11355874,,0,0
https://openalex.org/w2554719128,https://doi.org/10.1007/s00436-016-5326-5,https://pubmed.ncbi.nlm.nih.gov/27864674,,0,0
https://openalex.org/w2168443853,https://doi.org/10.3109/08977198909069081,,,0,0
https://openalex.org/w2766233267,https://doi.org/10.2174/1573398x11666150619183225,,,0,0
https://openalex.org/w2759133134,https://doi.org/10.5606/archrheumatol.2017.6175,,,0,0
https://openalex.org/w4300256846,,https://pubmed.ncbi.nlm.nih.gov/24600790,,0,0
https://openalex.org/w2168804812,https://doi.org/10.1093/ije/25.5.913,https://pubmed.ncbi.nlm.nih.gov/8921475,,0,0
https://openalex.org/w2589728093,,,,0,0
https://openalex.org/w118615920,,https://pubmed.ncbi.nlm.nih.gov/7855330,,0,0
https://openalex.org/w2012106786,https://doi.org/10.1089/jir.2008.0022,https://pubmed.ncbi.nlm.nih.gov/18844581,,0,0
https://openalex.org/w2766959657,https://doi.org/10.1111/crj.12728,https://pubmed.ncbi.nlm.nih.gov/29087047,,0,0
https://openalex.org/w2273665400,,https://pubmed.ncbi.nlm.nih.gov/18320743,,0,0
https://openalex.org/w2770754434,https://doi.org/10.1016/j.rdc.2017.09.006,https://pubmed.ncbi.nlm.nih.gov/29149920,,0,0
https://openalex.org/w2037766770,https://doi.org/10.1002/ijc.20764,https://pubmed.ncbi.nlm.nih.gov/15578719,,0,0
https://openalex.org/w1732419787,https://doi.org/10.1378/chest.14-2546,https://pubmed.ncbi.nlm.nih.gov/26437815,,0,0
https://openalex.org/w1974113719,https://doi.org/10.1002/art.10794,,,0,1
https://openalex.org/w2511874198,https://doi.org/10.1016/j.semarthrit.2016.08.001,https://pubmed.ncbi.nlm.nih.gov/27637319,,0,0
https://openalex.org/w2016580391,https://doi.org/10.1007/bf00383363,,,0,0
https://openalex.org/w2069657650,https://doi.org/10.3354/dao062177,,,0,0
https://openalex.org/w1981781818,https://doi.org/10.12659/msm.890880,https://pubmed.ncbi.nlm.nih.gov/25746669,,0,0
https://openalex.org/w2465259507,https://doi.org/10.1155/2016/7379829,https://pubmed.ncbi.nlm.nih.gov/27433359,,0,0
https://openalex.org/w2083483303,https://doi.org/10.1002/ajim.4700260613,https://pubmed.ncbi.nlm.nih.gov/7892835,,0,0
https://openalex.org/w2090198543,https://doi.org/10.1590/s0100-879x2005000200020,https://pubmed.ncbi.nlm.nih.gov/15785843,,0,0
https://openalex.org/w1982402027,https://doi.org/10.1378/chest.1113856,,,0,0
https://openalex.org/w2067359483,https://doi.org/10.1111/j.1365-2133.2009.09484.x,https://pubmed.ncbi.nlm.nih.gov/19845665,,0,1
https://openalex.org/w2795671329,https://doi.org/10.1016/j.monrhu.2018.03.002,,,0,0
https://openalex.org/w2890146673,https://doi.org/10.1136/bmjresp-2018-000289,https://pubmed.ncbi.nlm.nih.gov/30233802,,0,0
https://openalex.org/w2411267774,,https://pubmed.ncbi.nlm.nih.gov/16350547,,0,0
https://openalex.org/w2168103186,https://doi.org/10.1016/j.jaad.2010.10.016,https://pubmed.ncbi.nlm.nih.gov/21722989,,0,0
https://openalex.org/w227541203,https://doi.org/10.1016/j.rmr.2015.01.005,https://pubmed.ncbi.nlm.nih.gov/26003197,,0,0
https://openalex.org/w2075336253,https://doi.org/10.1378/chest.14-0030,https://pubmed.ncbi.nlm.nih.gov/25010956,,0,0
https://openalex.org/w1490392562,https://doi.org/10.1111/crj.12102,https://pubmed.ncbi.nlm.nih.gov/24406019,,0,0
https://openalex.org/w2739504219,https://doi.org/10.1016/j.autrev.2017.07.016,https://pubmed.ncbi.nlm.nih.gov/28778704,,0,1
https://openalex.org/w2058311318,https://doi.org/10.1186/1546-0096-9-s1-p290,,,0,0
https://openalex.org/w2797143750,https://doi.org/10.1007/s11926-018-0731-7,https://pubmed.ncbi.nlm.nih.gov/29637383,,0,1
https://openalex.org/w2756019235,https://doi.org/10.1136/annrheumdis-2017-eular.5465,,,0,0
https://openalex.org/w2004676369,https://doi.org/10.1016/j.neuroscience.2010.05.029,https://pubmed.ncbi.nlm.nih.gov/20493242,,0,0
https://openalex.org/w2093808149,https://doi.org/10.1001/archderm.1990.01670290077012,https://pubmed.ncbi.nlm.nih.gov/2334184,,0,0
https://openalex.org/w4300294683,https://doi.org/10.1111/resp.12417,,,0,1
https://openalex.org/w2155287377,https://doi.org/10.1164/rccm.200905-0798oc,https://pubmed.ncbi.nlm.nih.gov/20185751,,0,0
https://openalex.org/w2514129238,https://doi.org/10.1017/s1431927616011491,https://pubmed.ncbi.nlm.nih.gov/27515473,,0,0
https://openalex.org/w2171595780,https://doi.org/10.1128/cvi.00269-10,https://pubmed.ncbi.nlm.nih.gov/21228147,,0,0
https://openalex.org/w2517860978,https://doi.org/10.1080/14397595.2016.1231102,https://pubmed.ncbi.nlm.nih.gov/27588444,,0,0
https://openalex.org/w1843565867,,https://pubmed.ncbi.nlm.nih.gov/14528512,,0,0
https://openalex.org/w2578781586,https://doi.org/10.1183/16000617.0053-2016,https://pubmed.ncbi.nlm.nih.gov/28096284,,0,0
https://openalex.org/w1832315563,,https://pubmed.ncbi.nlm.nih.gov/18203322,,0,0
https://openalex.org/w2046396863,https://doi.org/10.1097/01.bor.0000179949.65895.53,,,0,0
https://openalex.org/w2025420163,https://doi.org/10.1021/ac102241k,https://pubmed.ncbi.nlm.nih.gov/21067137,,0,0
https://openalex.org/w2159234564,https://doi.org/10.1164/rccm.201411-2094ci,https://pubmed.ncbi.nlm.nih.gov/25906089,,0,0
https://openalex.org/w2025750305,https://doi.org/10.1016/s0168-1702(97)00143-3,,,0,0
https://openalex.org/w2807359949,https://doi.org/10.1186/s13014-018-1030-1,https://pubmed.ncbi.nlm.nih.gov/29716649,,0,0
https://openalex.org/w4313359665,https://doi.org/10.4049/jimmunol.200.supp.112.3,,,0,0
https://openalex.org/w2076638092,https://doi.org/10.1007/bf00734634,https://pubmed.ncbi.nlm.nih.gov/6426146,,0,0
https://openalex.org/w2412701043,,https://pubmed.ncbi.nlm.nih.gov/1320275,,0,0
https://openalex.org/w2057035694,https://doi.org/10.1002/pbc.20760,https://pubmed.ncbi.nlm.nih.gov/16470521,,0,0
https://openalex.org/w2431616013,,,,0,0
https://openalex.org/w1029607250,https://doi.org/10.4049/jimmunol.186.supp.59.10,,,0,0
https://openalex.org/w2149246488,https://doi.org/10.1093/rheumatology/ken136,https://pubmed.ncbi.nlm.nih.gov/18448482,,0,0
https://openalex.org/w2580849852,https://doi.org/10.1111/resp.12986,https://pubmed.ncbi.nlm.nih.gov/28117530,,0,0
https://openalex.org/w3174867019,https://doi.org/10.1096/fasebj.2018.32.1_supplement.558.5,,,0,0
https://openalex.org/w2799849965,https://doi.org/10.1002/art.40543,https://pubmed.ncbi.nlm.nih.gov/29732705,,0,0
https://openalex.org/w2039729234,https://doi.org/10.1016/j.rmed.2006.03.035,https://pubmed.ncbi.nlm.nih.gov/16704928,,0,0
https://openalex.org/w2436844842,,https://pubmed.ncbi.nlm.nih.gov/3485238,,0,0
https://openalex.org/w2607850333,https://doi.org/10.1091/mbc.e15-09-0674,,,0,0
https://openalex.org/w2799425171,https://doi.org/10.20452/pamw.4253,,,0,0
https://openalex.org/w2183658795,https://doi.org/10.1016/j.pupt.2015.08.009,https://pubmed.ncbi.nlm.nih.gov/26341666,,0,0
https://openalex.org/w2277404699,https://doi.org/10.3892/mmr.2016.4934,https://pubmed.ncbi.nlm.nih.gov/26935900,,0,0
https://openalex.org/w1976424418,https://doi.org/10.1371/journal.pone.0022062,https://pubmed.ncbi.nlm.nih.gov/21799770,,0,0
https://openalex.org/w2585168991,https://doi.org/10.1093/rheumatology/kew480,,,0,0
https://openalex.org/w2315414524,https://doi.org/10.2174/1573398x113099990001,,,0,0
https://openalex.org/w1993606607,https://doi.org/10.1371/journal.pone.0094775,https://pubmed.ncbi.nlm.nih.gov/24736601,,0,0
https://openalex.org/w2128773681,https://doi.org/10.1089/ped.2010.0008,,,0,0
https://openalex.org/w2145556247,https://doi.org/10.4049/jimmunol.180.10.6808,https://pubmed.ncbi.nlm.nih.gov/18453601,,0,0
https://openalex.org/w2432258954,,https://pubmed.ncbi.nlm.nih.gov/3173697,,0,0
https://openalex.org/w2258088524,https://doi.org/10.1016/j.chest.2015.10.076,https://pubmed.ncbi.nlm.nih.gov/26867839,,0,0
https://openalex.org/w2012628581,https://doi.org/10.1111/j.1365-2265.1986.tb01707.x,https://pubmed.ncbi.nlm.nih.gov/3497738,,0,0
https://openalex.org/w2268138101,https://doi.org/10.1371/journal.pone.0141616,,,0,0
https://openalex.org/w2069707248,https://doi.org/10.1136/ard.54.12.991,https://pubmed.ncbi.nlm.nih.gov/8546533,,0,0
https://openalex.org/w1965534708,https://doi.org/10.1016/j.carbpol.2013.08.052,https://pubmed.ncbi.nlm.nih.gov/24274541,,0,0
https://openalex.org/w2155106226,https://doi.org/10.1378/chest.119.5.1449,,,0,0
https://openalex.org/w1774531487,,,,0,0
https://openalex.org/w2009136636,https://doi.org/10.4067/s0370-41061991000100006,https://pubmed.ncbi.nlm.nih.gov/1844000,,0,0
https://openalex.org/w2152391238,https://doi.org/10.1093/rheumatology/kev033,https://pubmed.ncbi.nlm.nih.gov/25832614,,0,0
https://openalex.org/w1996842986,https://doi.org/10.1097/01.md.0000173991.74008.b0,,,0,1
https://openalex.org/w2008082024,https://doi.org/10.1097/mcp.0b013e328356d8e1,https://pubmed.ncbi.nlm.nih.gov/22828212,,0,0
https://openalex.org/w3144005563,https://doi.org/10.1164/rccm.201507-1307le,https://pubmed.ncbi.nlm.nih.gov/26568246,,0,0
https://openalex.org/w2079096997,https://doi.org/10.1038/ni1459,https://pubmed.ncbi.nlm.nih.gov/17435760,,0,0
https://openalex.org/w1709111196,https://doi.org/10.1002/acr.21889,,,0,0
https://openalex.org/w2021888480,https://doi.org/10.1016/0165-2427(92)90094-7,,,0,0
https://openalex.org/w2081343476,https://doi.org/10.1016/j.smim.2009.05.007,,,0,0
https://openalex.org/w2890487262,https://doi.org/10.21037/jtd.2018.08.101,,034-230-630-701-125,0,0
https://openalex.org/w2171347998,https://doi.org/10.1186/ar3097,,,0,0
https://openalex.org/w2100116817,https://doi.org/10.1017/s0950268808001337,https://pubmed.ncbi.nlm.nih.gov/18817585,,0,0
https://openalex.org/w1985650205,https://doi.org/10.1016/j.autrev.2011.03.004,https://pubmed.ncbi.nlm.nih.gov/21447407,,0,0
https://openalex.org/w2113753962,https://doi.org/10.1183/13993003.01537-2014,https://pubmed.ncbi.nlm.nih.gov/26250495,,0,0
https://openalex.org/w2117497424,https://doi.org/10.1155/2013/751374,https://pubmed.ncbi.nlm.nih.gov/24453428,,0,0
https://openalex.org/w2146335814,https://doi.org/10.1002/elps.201500429,https://pubmed.ncbi.nlm.nih.gov/26530634,,0,0
https://openalex.org/w1988197452,https://doi.org/10.1038/nature10394,https://pubmed.ncbi.nlm.nih.gov/21874021,,0,0
https://openalex.org/w2000802347,https://doi.org/10.1136/pgmj.2009.089656,https://pubmed.ncbi.nlm.nih.gov/20145055,,0,1
https://openalex.org/w2297991183,https://doi.org/10.1164/rccm.201510-2079le,https://pubmed.ncbi.nlm.nih.gov/26977973,,0,0
https://openalex.org/w2024246500,https://doi.org/10.1016/j.ccm.2010.04.002,https://pubmed.ncbi.nlm.nih.gov/20692537,,0,0
https://openalex.org/w2414212698,,https://pubmed.ncbi.nlm.nih.gov/3499106,,0,0
https://openalex.org/w1992679662,https://doi.org/10.1007/s11926-013-0359-6,https://pubmed.ncbi.nlm.nih.gov/23888366,,0,1
https://openalex.org/w2430259725,https://doi.org/10.3109/03009742.2016.1167952,https://pubmed.ncbi.nlm.nih.gov/27308737,012-911-616-493-441,0,1
https://openalex.org/w1793398124,https://doi.org/10.1002/jca.21285,https://pubmed.ncbi.nlm.nih.gov/23908096,,0,0
https://openalex.org/w24821500,,https://pubmed.ncbi.nlm.nih.gov/8871835,,0,0
https://openalex.org/w2009935308,https://doi.org/10.1136/oem.50.6.544,https://pubmed.ncbi.nlm.nih.gov/8329320,,0,0
https://openalex.org/w4242407599,https://doi.org/10.1136/ard.2010.149021.19,,,0,0
https://openalex.org/w2144760974,https://doi.org/10.1016/j.ejcts.2010.05.017,https://pubmed.ncbi.nlm.nih.gov/20598898,,0,0
https://openalex.org/w2884062350,https://doi.org/10.5152/eurjrheum.2018.17167,https://pubmed.ncbi.nlm.nih.gov/30071936,,0,0
https://openalex.org/w2408990701,https://doi.org/10.1128/jvi.00285-16,https://pubmed.ncbi.nlm.nih.gov/27053553,,0,0
https://openalex.org/w4210576710,https://doi.org/10.1007/bf02771754,,,0,0
https://openalex.org/w2073243710,https://doi.org/10.1378/chest.06-2317,https://pubmed.ncbi.nlm.nih.gov/17426200,,0,0
https://openalex.org/w2043705860,https://doi.org/10.1016/j.revmed.2004.04.009,https://pubmed.ncbi.nlm.nih.gov/15165689,,0,0
https://openalex.org/w2118215169,https://doi.org/10.1099/0022-1317-77-10-2471,,,0,0
https://openalex.org/w2323558772,https://doi.org/10.1016/j.joca.2016.01.045,,,0,0
https://openalex.org/w2154177967,,https://pubmed.ncbi.nlm.nih.gov/16544735,,0,0
https://openalex.org/w2789754687,https://doi.org/10.2214/ajr.17.18947,https://pubmed.ncbi.nlm.nih.gov/29547052,,0,0
https://openalex.org/w2320069937,https://doi.org/10.1097/00000478-198901000-00012,https://pubmed.ncbi.nlm.nih.gov/2909200,,0,0
https://openalex.org/w2171625698,https://doi.org/10.1016/s0385-8146(02)00062-7,https://pubmed.ncbi.nlm.nih.gov/12393040,,0,0
https://openalex.org/w2078510901,https://doi.org/10.1016/s0014-5793(00)02165-7,,,0,0
https://openalex.org/w2053352311,https://doi.org/10.1126/science.1236381,https://pubmed.ncbi.nlm.nih.gov/23765277,,0,0
https://openalex.org/w1982450688,https://doi.org/10.1186/1471-2334-10-134,https://pubmed.ncbi.nlm.nih.gov/20504306,,0,0
https://openalex.org/w2008789985,https://doi.org/10.1016/s0248-8663(05)82836-x,https://pubmed.ncbi.nlm.nih.gov/7863114,,0,0
https://openalex.org/w2471790426,,,,0,0
https://openalex.org/w2413708802,,https://pubmed.ncbi.nlm.nih.gov/2944106,,0,0
https://openalex.org/w2074198447,https://doi.org/10.1136/thx.52.2.198,https://pubmed.ncbi.nlm.nih.gov/9059487,,0,0
https://openalex.org/w2043224698,,,,1,1
https://openalex.org/w1964229038,https://doi.org/10.4103/0028-3886.60386,,,0,0
https://openalex.org/w1987213193,https://doi.org/10.1080/08916930600622884,https://pubmed.ncbi.nlm.nih.gov/16769657,,0,1
https://openalex.org/w2127075206,https://doi.org/10.1093/rheumatology/kep157,,,1,1
https://openalex.org/w2285519214,,https://pubmed.ncbi.nlm.nih.gov/11198830,,0,0
https://openalex.org/w2801481587,https://doi.org/10.1183/16000617.0139-2017,https://pubmed.ncbi.nlm.nih.gov/29720509,,0,0
https://openalex.org/w2891506196,https://doi.org/10.1001/jamaneurol.2018.2598,https://pubmed.ncbi.nlm.nih.gov/30208379,,0,1
https://openalex.org/w4237668060,https://doi.org/10.1016/s1297-319x(03)00012-5,https://pubmed.ncbi.nlm.nih.gov/12814758,,0,1
https://openalex.org/w4247075574,https://doi.org/10.1016/j.hrthm.2011.03.024,,,0,0
https://openalex.org/w2040729303,https://doi.org/10.1016/s0022-3476(05)81703-2,,,0,0
https://openalex.org/w2190169073,https://doi.org/10.1038/srep17935,https://pubmed.ncbi.nlm.nih.gov/26659006,,0,0
https://openalex.org/w2538749261,https://doi.org/10.1007/s10067-016-3453-0,https://pubmed.ncbi.nlm.nih.gov/27761751,,0,0
https://openalex.org/w2770383743,https://doi.org/10.1007/s10554-017-1278-9,https://pubmed.ncbi.nlm.nih.gov/29168054,,0,0
https://openalex.org/w2042671527,https://doi.org/10.1016/j.otorri.2012.07.003,https://pubmed.ncbi.nlm.nih.gov/23063377,,0,0
https://openalex.org/w2059228153,https://doi.org/10.1002/eji.1830211107,,,0,0
https://openalex.org/w2555847489,https://doi.org/10.1136/annrheumdis-2016-eular.1549,,,0,0
https://openalex.org/w4253057342,https://doi.org/10.1002/(sici)1098-2264(199804)21:4<290::aid-gcc2>3.3.co;2-l,,,0,0
https://openalex.org/w2414885202,,https://pubmed.ncbi.nlm.nih.gov/3148173,,0,0
https://openalex.org/w2755890423,https://doi.org/10.1186/s13613-017-0320-3,https://pubmed.ncbi.nlm.nih.gov/28921478,,0,0
https://openalex.org/w2045048491,https://doi.org/10.1007/s11926-008-0053-2,,,0,1
https://openalex.org/w2617681610,https://doi.org/10.12659/msm.902016,https://pubmed.ncbi.nlm.nih.gov/28548078,,0,0
https://openalex.org/w2075604537,https://doi.org/10.1007/s00296-011-1931-x,https://pubmed.ncbi.nlm.nih.gov/21479881,,0,1
https://openalex.org/w2053385542,https://doi.org/10.1016/j.cardfail.2014.07.012,https://pubmed.ncbi.nlm.nih.gov/25084215,,0,1
https://openalex.org/w2127864198,https://doi.org/10.1016/j.arbr.2015.02.001,,,0,0
https://openalex.org/w2051709714,https://doi.org/10.1055/s-0029-1233315,https://pubmed.ncbi.nlm.nih.gov/19634085,,0,0
https://openalex.org/w2031826595,https://doi.org/10.1002/art.24683,https://pubmed.ncbi.nlm.nih.gov/19644880,,0,1
https://openalex.org/w2026193125,https://doi.org/10.1016/j.nmd.2013.07.007,,,0,1
https://openalex.org/w1621923665,,https://pubmed.ncbi.nlm.nih.gov/9427800,,0,0
https://openalex.org/w2891073400,https://doi.org/10.5114/reum.2018.77977,,,0,0
https://openalex.org/w2095200801,https://doi.org/10.1097/00005537-200308000-00008,https://pubmed.ncbi.nlm.nih.gov/12897550,,0,0
https://openalex.org/w2020330031,https://doi.org/10.1177/41.4.8450191,,,0,0
https://openalex.org/w2084613639,https://doi.org/10.1136/jnnp-2014-310008,https://pubmed.ncbi.nlm.nih.gov/25857661,,0,0
https://openalex.org/w2272430157,https://doi.org/10.1097/mcp.0000000000000217,https://pubmed.ncbi.nlm.nih.gov/26390339,,0,0
https://openalex.org/w2005119123,https://doi.org/10.1097/00045413-199605000-00003,,,0,0
https://openalex.org/w196223398,,https://pubmed.ncbi.nlm.nih.gov/15373315,,0,0
https://openalex.org/w2307240925,https://doi.org/10.1007/s12098-016-2053-y,https://pubmed.ncbi.nlm.nih.gov/26988579,,0,0
https://openalex.org/w1603236694,https://doi.org/10.1111/cmi.12088,https://pubmed.ncbi.nlm.nih.gov/23227931,,0,0
https://openalex.org/w88758825,,,,0,1
https://openalex.org/w1966389225,https://doi.org/10.1016/s1386-6346(99)00070-4,,,0,0
https://openalex.org/w2051827680,https://doi.org/10.1002/cncr.21677,https://pubmed.ncbi.nlm.nih.gov/16411224,,0,0
https://openalex.org/w2323403854,https://doi.org/10.3899/jrheum.151067,https://pubmed.ncbi.nlm.nih.gov/27036381,,1,1
https://openalex.org/w2419767807,,https://pubmed.ncbi.nlm.nih.gov/12844017,,0,0
https://openalex.org/w2111822935,https://doi.org/10.1016/j.immuni.2015.10.010,https://pubmed.ncbi.nlm.nih.gov/26572063,,0,0
https://openalex.org/w4197475,,https://pubmed.ncbi.nlm.nih.gov/2974979,,0,0
https://openalex.org/w2340054689,https://doi.org/10.1183/13993003.01565-2015,https://pubmed.ncbi.nlm.nih.gov/27103387,,0,0
https://openalex.org/w2527653820,https://doi.org/10.1111/cas.13087,,,0,0
https://openalex.org/w95468533,https://doi.org/10.1007/s13631-013-0044-9,,,0,1
https://openalex.org/w2110824804,https://doi.org/10.1161/01.str.0000034125.94759.41,,,0,0
https://openalex.org/w1967810140,https://doi.org/10.1159/000342046,https://pubmed.ncbi.nlm.nih.gov/23171837,,0,0
https://openalex.org/w2435980154,,,,0,0
https://openalex.org/w2008631375,https://doi.org/10.4167/jbv.2011.41.3.133,,,0,0
https://openalex.org/w2083560168,https://doi.org/10.1007/s10620-005-2853-9,,,0,0
https://openalex.org/w1970668845,https://doi.org/10.1007/s11926-012-0249-3,https://pubmed.ncbi.nlm.nih.gov/22410829,,0,0
https://openalex.org/w2537336679,https://doi.org/10.1097/rct.0000000000000501,https://pubmed.ncbi.nlm.nih.gov/27759597,,0,0
https://openalex.org/w2552617566,https://doi.org/10.1183/13993003.congress-2016.pa4874,,,0,0
https://openalex.org/w977301819,https://doi.org/10.1007/s11926-015-0532-1,,,0,0
https://openalex.org/w2465717748,,,,0,0
https://openalex.org/w2090508337,https://doi.org/10.1186/2049-6958-6-3-183,https://pubmed.ncbi.nlm.nih.gov/22958322,,0,0
https://openalex.org/w2771245835,https://doi.org/10.1016/j.jns.2017.08.100,,,0,1
https://openalex.org/w2400559152,,,,0,0
https://openalex.org/w1587343184,https://doi.org/10.1186/s12882-015-0082-9,https://pubmed.ncbi.nlm.nih.gov/26108549,,0,0
https://openalex.org/w2054302491,https://doi.org/10.1016/s0003-4975(02)03848-1,https://pubmed.ncbi.nlm.nih.gov/12400736,,0,0
https://openalex.org/w1969288826,https://doi.org/10.1159/000227263,https://pubmed.ncbi.nlm.nih.gov/20160900,,0,0
https://openalex.org/w2775802807,https://doi.org/10.2174/0929866525666171214104959,https://pubmed.ncbi.nlm.nih.gov/29237366,,0,0
https://openalex.org/w2040853605,https://doi.org/10.4065/82.4.441,https://pubmed.ncbi.nlm.nih.gov/17418072,,0,0
https://openalex.org/w2101171269,https://doi.org/10.1186/ar4198,https://pubmed.ncbi.nlm.nih.gov/23566358,,0,0
https://openalex.org/w2133210342,https://doi.org/10.1093/rheumatology/kel435,https://pubmed.ncbi.nlm.nih.gov/17255133,,0,1
https://openalex.org/w1508933930,https://doi.org/10.14800/pm.745,https://pubmed.ncbi.nlm.nih.gov/26086043,,0,0
https://openalex.org/w2112232886,https://doi.org/10.1073/pnas.251548398,,,0,0
https://openalex.org/w2146650664,https://doi.org/10.4049/jimmunol.1202479,https://pubmed.ncbi.nlm.nih.gov/23100513,,0,0
https://openalex.org/w2548108365,https://doi.org/10.1016/j.rmed.2016.11.003,https://pubmed.ncbi.nlm.nih.gov/27884593,,0,0
https://openalex.org/w2068301214,https://doi.org/10.1289/ehp.97105504,https://pubmed.ncbi.nlm.nih.gov/9222135,,0,0
https://openalex.org/w2268900133,,https://pubmed.ncbi.nlm.nih.gov/25556362,,0,0
https://openalex.org/w1998049178,https://doi.org/10.1016/j.jns.2014.07.014,,,0,0
https://openalex.org/w56750325,,https://pubmed.ncbi.nlm.nih.gov/21413357,,0,0
https://openalex.org/w2116397269,https://doi.org/10.1111/j.1365-2273.1990.tb00488.x,https://pubmed.ncbi.nlm.nih.gov/2225511,,0,0
https://openalex.org/w2429782412,https://doi.org/10.1016/j.rppnen.2016.05.004,,,0,0
https://openalex.org/w2419220416,,https://pubmed.ncbi.nlm.nih.gov/1464870,,0,0
https://openalex.org/w1608233570,https://doi.org/10.1136/bmj.326.7393.804,https://pubmed.ncbi.nlm.nih.gov/12691086,012-354-124-390-21X,0,0
https://openalex.org/w2605685784,https://doi.org/10.1084/jem.20150237,https://pubmed.ncbi.nlm.nih.gov/28404595,,0,0
https://openalex.org/w2021504025,https://doi.org/10.1097/00003226-199609000-00013,,,0,0
https://openalex.org/w2120722829,https://doi.org/10.1016/j.jcrc.2014.07.016,https://pubmed.ncbi.nlm.nih.gov/25201432,,0,0
https://openalex.org/w2030767157,https://doi.org/10.1016/j.jcrc.2015.03.014,https://pubmed.ncbi.nlm.nih.gov/25840520,,0,0
https://openalex.org/w2408938134,,https://pubmed.ncbi.nlm.nih.gov/12856326,,0,0
https://openalex.org/w1794686813,,,,0,0
https://openalex.org/w2320110195,https://doi.org/10.1136/annrheumdis-2013-eular.1508,,,0,1
https://openalex.org/w2020008646,https://doi.org/10.1523/jneurosci.2510-14.2015,,,0,0
https://openalex.org/w2473906669,,https://pubmed.ncbi.nlm.nih.gov/10089790,,0,0
https://openalex.org/w2054916573,https://doi.org/10.1371/journal.pone.0097418,https://pubmed.ncbi.nlm.nih.gov/24827856,,0,0
https://openalex.org/w1597736506,https://doi.org/10.1016/j.chom.2015.07.004,https://pubmed.ncbi.nlm.nih.gov/26269955,,0,0
https://openalex.org/w2122782169,https://doi.org/10.1074/jbc.272.31.19464,https://pubmed.ncbi.nlm.nih.gov/9235948,,0,0
https://openalex.org/w2108485483,https://doi.org/10.1016/j.patbio.2007.08.010,https://pubmed.ncbi.nlm.nih.gov/18178329,,0,0
https://openalex.org/w2041565487,https://doi.org/10.7326/0003-4819-120-1-199401010-00003,https://pubmed.ncbi.nlm.nih.gov/8250451,,0,0
https://openalex.org/w2339886323,https://doi.org/10.1097/rhu.0000000000000092,https://pubmed.ncbi.nlm.nih.gov/24662550,,0,0
https://openalex.org/w2608524394,https://doi.org/10.1136/archdischild-2016-312185,https://pubmed.ncbi.nlm.nih.gov/28442470,,0,0
https://openalex.org/w2524663621,https://doi.org/10.1212/wnl.0000000000003281,https://pubmed.ncbi.nlm.nih.gov/27694268,,0,0
https://openalex.org/w4256141288,https://doi.org/10.1111/resp.13207_300,,,0,0
https://openalex.org/w2061318025,https://doi.org/10.1002/art.1780350718,,,1,1
https://openalex.org/w2319179573,https://doi.org/10.1136/annrheumdis-2012-eular.846,,,0,0
https://openalex.org/w2104787106,https://doi.org/10.1128/jvi.76.6.2634-2640.2002,,,0,0
https://openalex.org/w2334459635,https://doi.org/10.1136/annrheumdis-2013-eular.638,,,0,0
https://openalex.org/w2080935918,https://doi.org/10.1046/j.1365-2249.2002.01827.x,,,0,0
https://openalex.org/w2106020009,https://doi.org/10.1007/s10165-005-0451-5,https://pubmed.ncbi.nlm.nih.gov/16622727,,0,0
https://openalex.org/w339402728,https://doi.org/10.1007/bf01644803,,,0,0
https://openalex.org/w3027580460,https://doi.org/10.1083/jcb.126.4.979,,,0,0
https://openalex.org/w2132594366,https://doi.org/10.1111/j.1365-2036.2011.04870.x,https://pubmed.ncbi.nlm.nih.gov/21999527,,0,0
https://openalex.org/w2153811192,https://doi.org/10.1038/embor.2010.49,https://pubmed.ncbi.nlm.nih.gov/20414249,,0,0
https://openalex.org/w2117112583,https://doi.org/10.1093/rheumatology/keq196,https://pubmed.ncbi.nlm.nih.gov/20601655,,0,0
https://openalex.org/w1482562461,https://doi.org/10.1111/crj.12261,,,0,0
https://openalex.org/w2560414833,https://doi.org/10.1111/cei.12914,,,0,1
https://openalex.org/w1952038288,https://doi.org/10.1111/j.1468-3083.2010.03929.x,https://pubmed.ncbi.nlm.nih.gov/21118310,,0,0
https://openalex.org/w2748076679,https://doi.org/10.1084/jem.20170014,https://pubmed.ncbi.nlm.nih.gov/28821568,,0,0
https://openalex.org/w2277120484,https://doi.org/10.1111/1346-8138.13319,https://pubmed.ncbi.nlm.nih.gov/26919552,,0,1
https://openalex.org/w3000881747,https://doi.org/10.1186/s12969-017-0185-x,,,0,0
https://openalex.org/w1502384597,https://doi.org/10.1111/j.1750-2659.2011.00295.x,https://pubmed.ncbi.nlm.nih.gov/21974811,,0,0
https://openalex.org/w2027277335,https://doi.org/10.1371/journal.pone.0033133,https://pubmed.ncbi.nlm.nih.gov/22586441,,0,0
https://openalex.org/w2753999978,https://doi.org/10.1136/annrheumdis-2017-eular.2742,,,0,1
https://openalex.org/w2087786242,https://doi.org/10.1016/s0264-410x(97)00087-x,,,0,0
https://openalex.org/w1985550073,https://doi.org/10.1164/ajrccm.183.2.277a,https://pubmed.ncbi.nlm.nih.gov/21242595,,0,0
https://openalex.org/w2161077089,https://doi.org/10.1093/rheumatology/kem355,,,0,0
https://openalex.org/w2791328951,https://doi.org/10.1002/art.40478,https://pubmed.ncbi.nlm.nih.gov/29513937,,0,0
https://openalex.org/w2800267095,https://doi.org/10.1111/resp.13313,https://pubmed.ncbi.nlm.nih.gov/29693298,,0,0
https://openalex.org/w4214643885,https://doi.org/10.1016/j.cult.2008.01.004,,,0,0
https://openalex.org/w4301257135,https://doi.org/10.1111/imm.12184,,,0,0
https://openalex.org/w2020968569,https://doi.org/10.1111/j.1600-0404.1994.tb01647.x,,,0,0
https://openalex.org/w1715349917,https://doi.org/10.1111/ggi.12071,https://pubmed.ncbi.nlm.nih.gov/23617534,,0,0
https://openalex.org/w1977316189,https://doi.org/10.1055/s-0031-1279829,https://pubmed.ncbi.nlm.nih.gov/21674418,,0,0
https://openalex.org/w2088905449,https://doi.org/10.1016/s1096-6374(10)70155-6,,,0,0
https://openalex.org/w2969792565,https://doi.org/10.1080/03009742.2018.1487639,,,0,1
https://openalex.org/w33781691,https://doi.org/10.1097/00007611-199704000-00010,https://pubmed.ncbi.nlm.nih.gov/9114833,,0,0
https://openalex.org/w2057776686,https://doi.org/10.1002/acr.22522,https://pubmed.ncbi.nlm.nih.gov/25470567,,0,0
https://openalex.org/w4300109870,,https://pubmed.ncbi.nlm.nih.gov/15382372,,0,0
https://openalex.org/w4233288996,https://doi.org/10.1091/mbc.e10-10-0839,,,0,0
https://openalex.org/w2503511134,https://doi.org/10.1016/j.rmed.2016.07.009,https://pubmed.ncbi.nlm.nih.gov/27578469,,1,1
https://openalex.org/w38827469,,https://pubmed.ncbi.nlm.nih.gov/8456347,,0,0
https://openalex.org/w2098063632,https://doi.org/10.1093/rheumatology/kep455,,,1,1
https://openalex.org/w2019105052,https://doi.org/10.1159/000051611,https://pubmed.ncbi.nlm.nih.gov/11306833,,0,0
https://openalex.org/w2537641001,https://doi.org/10.5167/uzh-130763,,,1,1
https://openalex.org/w2000224708,https://doi.org/10.1016/0738-081x(93)90062-h,https://pubmed.ncbi.nlm.nih.gov/8348440,,0,0
https://openalex.org/w2529071244,https://doi.org/10.1016/j.resinv.2016.08.007,https://pubmed.ncbi.nlm.nih.gov/28012490,,0,1
https://openalex.org/w2014603754,https://doi.org/10.1016/j.pcad.2012.08.003,https://pubmed.ncbi.nlm.nih.gov/23009908,,0,0
https://openalex.org/w166966713,,,,0,0
https://openalex.org/w2739202702,https://doi.org/10.1016/j.jns.2017.07.031,https://pubmed.ncbi.nlm.nih.gov/28870555,,0,0
https://openalex.org/w2085876615,https://doi.org/10.1055/s-2007-1004429,,,0,0
https://openalex.org/w2087871296,https://doi.org/10.1378/chest.07-0104,https://pubmed.ncbi.nlm.nih.gov/17475632,,0,0
https://openalex.org/w2031549201,https://doi.org/10.1038/nm0798-748a,https://pubmed.ncbi.nlm.nih.gov/9662347,,0,0
https://openalex.org/w2346294312,https://doi.org/10.1084/jem.20132234,https://pubmed.ncbi.nlm.nih.gov/27139490,,0,0
https://openalex.org/w1974763413,https://doi.org/10.1007/s00415-008-0751-8,https://pubmed.ncbi.nlm.nih.gov/18227990,,0,0
https://openalex.org/w2891132577,https://doi.org/10.1186/s12969-017-0142-8,,,0,0
https://openalex.org/w2004246909,https://doi.org/10.1016/j.vaccine.2010.03.045,https://pubmed.ncbi.nlm.nih.gov/20382243,,0,0
https://openalex.org/w2788787138,https://doi.org/10.1128/mbio.02284-17,https://pubmed.ncbi.nlm.nih.gov/29362240,,0,0
https://openalex.org/w121298430,https://doi.org/10.1155/2011/202516,https://pubmed.ncbi.nlm.nih.gov/22379485,,0,0
https://openalex.org/w2057688066,https://doi.org/10.1111/j.1365-2133.2009.09274.x,https://pubmed.ncbi.nlm.nih.gov/19558555,,0,0
https://openalex.org/w2072465685,https://doi.org/10.1002/art.10435,https://pubmed.ncbi.nlm.nih.gov/12355516,,0,0
https://openalex.org/w2466552256,https://doi.org/10.1177/0194599816657044,https://pubmed.ncbi.nlm.nih.gov/27352890,,0,0
https://openalex.org/w2796691348,https://doi.org/10.1093/qjmed/hcx028,https://pubmed.ncbi.nlm.nih.gov/28158871,,0,0
https://openalex.org/w1989996154,https://doi.org/10.1016/s0272-5231(05)70111-8,https://pubmed.ncbi.nlm.nih.gov/9917961,,0,0
https://openalex.org/w2100326526,,https://pubmed.ncbi.nlm.nih.gov/11884502,,0,0
https://openalex.org/w2594771276,https://doi.org/10.1111/ced.13063,,,0,0
https://openalex.org/w2755402955,https://doi.org/10.1136/annrheumdis-2017-eular.3476,,,1,1
https://openalex.org/w2015070712,https://doi.org/10.1615/critrevimmunol.v27.i6.60,,,0,0
https://openalex.org/w2519935824,https://doi.org/10.1089/vim.2016.0021,https://pubmed.ncbi.nlm.nih.gov/27508998,,0,0
https://openalex.org/w2168845228,https://doi.org/10.1093/rheumatology/keq149,https://pubmed.ncbi.nlm.nih.gov/20498012,,0,0
https://openalex.org/w202163383,,,,0,0
https://openalex.org/w2082925258,https://doi.org/10.1078/1438-4639-00211,https://pubmed.ncbi.nlm.nih.gov/12872537,,0,0
https://openalex.org/w2027045996,https://doi.org/10.7326/0003-4819-158-6-201303190-00016,https://pubmed.ncbi.nlm.nih.gov/23553005,131-930-211-092-146,0,0
https://openalex.org/w1963719145,https://doi.org/10.2169/internalmedicine.53.1772,https://pubmed.ncbi.nlm.nih.gov/25175135,,0,0
https://openalex.org/w1996985859,https://doi.org/10.1016/j.vaccine.2013.01.042,,,0,0
https://openalex.org/w1572087800,https://doi.org/10.4049/jimmunol.157.1.351,,,0,0
https://openalex.org/w2611330109,https://doi.org/10.3899/jrheum.161480,https://pubmed.ncbi.nlm.nih.gov/28461650,,1,1
https://openalex.org/w2023388704,https://doi.org/10.1371/journal.pone.0025797,https://pubmed.ncbi.nlm.nih.gov/22039424,,0,0
https://openalex.org/w2041629304,https://doi.org/10.1053/prrv.2000.0103,https://pubmed.ncbi.nlm.nih.gov/16263482,,0,0
https://openalex.org/w2134340655,https://doi.org/10.1007/s00415-014-7618-y,https://pubmed.ncbi.nlm.nih.gov/25577176,,0,0
https://openalex.org/w2053468738,https://doi.org/10.1016/j.ijid.2012.05.105,,,0,0
https://openalex.org/w2016616979,https://doi.org/10.1007/s00405-012-2110-8,https://pubmed.ncbi.nlm.nih.gov/22806056,,0,0
https://openalex.org/w1502652214,https://doi.org/10.4049/jimmunol.151.1.310,https://pubmed.ncbi.nlm.nih.gov/7686938,,0,0
https://openalex.org/w2139044332,https://doi.org/10.1017/s0950268811002810,https://pubmed.ncbi.nlm.nih.gov/22214835,,0,0
https://openalex.org/w2016224449,https://doi.org/10.3109/00313025.2010.508779,,,0,0
https://openalex.org/w2118863232,https://doi.org/10.4049/jimmunol.1200415,https://pubmed.ncbi.nlm.nih.gov/23284055,,0,0
https://openalex.org/w2510619044,https://doi.org/10.1016/j.jns.2016.08.060,https://pubmed.ncbi.nlm.nih.gov/27653927,,0,0
https://openalex.org/w2590815617,https://doi.org/10.1177/1479972316674425,https://pubmed.ncbi.nlm.nih.gov/28019103,,0,0
https://openalex.org/w4255786064,https://doi.org/10.1213/01.ane.0000470325.07465.0f,,,0,0
https://openalex.org/w1571640112,,,,0,0
https://openalex.org/w1930957864,https://doi.org/10.1111/resp.12643,,,0,0
https://openalex.org/w1986731647,https://doi.org/10.1016/j.cell.2006.08.002,https://pubmed.ncbi.nlm.nih.gov/16923387,,0,0
https://openalex.org/w4256672126,https://doi.org/10.3109/17482968.2011.615515,,,0,0
https://openalex.org/w2404919825,https://doi.org/10.1007/s10545-016-9942-0,https://pubmed.ncbi.nlm.nih.gov/27215558,,0,0
https://openalex.org/w2066728749,https://doi.org/10.1016/j.pep.2008.05.005,https://pubmed.ncbi.nlm.nih.gov/18556213,,0,0
https://openalex.org/w1988703823,https://doi.org/10.1159/000163039,https://pubmed.ncbi.nlm.nih.gov/19060484,,0,0
https://openalex.org/w2811018519,https://doi.org/10.1016/j.hfc.2018.03.006,https://pubmed.ncbi.nlm.nih.gov/29966637,,0,0
https://openalex.org/w2023402104,https://doi.org/10.1378/chest.125.3.1028,https://pubmed.ncbi.nlm.nih.gov/15006964,,0,0
https://openalex.org/w2111849970,https://doi.org/10.1093/qjmed/hcu175,https://pubmed.ncbi.nlm.nih.gov/25253897,,0,0
https://openalex.org/w1973718183,https://doi.org/10.1016/s1085-5629(99)80028-5,https://pubmed.ncbi.nlm.nih.gov/10604795,,0,0
https://openalex.org/w2059427717,https://doi.org/10.1097/00002030-199308000-00009,,,0,0
https://openalex.org/w2148455668,https://doi.org/10.1186/1743-422x-7-200,https://pubmed.ncbi.nlm.nih.gov/20735849,,0,0
https://openalex.org/w2342356318,,,,0,0
https://openalex.org/w1716707690,https://doi.org/10.1128/jvi.70.6.3781-3787.1996,,,0,0
https://openalex.org/w2809935417,https://doi.org/10.3390/vaccines6030036,https://pubmed.ncbi.nlm.nih.gov/29966222,,0,0
https://openalex.org/w2486526528,https://doi.org/10.5114/reum.2016.60215,,,0,1
https://openalex.org/w2417573664,,https://pubmed.ncbi.nlm.nih.gov/11091812,,0,0
https://openalex.org/w2093208203,https://doi.org/10.2169/internalmedicine.39.213,,,0,0
https://openalex.org/w2008864473,https://doi.org/10.1016/s0761-8425(09)73549-1,https://pubmed.ncbi.nlm.nih.gov/20032858,,0,0
https://openalex.org/w1229213846,,,,0,0
https://openalex.org/w1967565402,https://doi.org/10.11150/kansenshogakuzasshi1970.64.1394,,,0,0
https://openalex.org/w2065105660,https://doi.org/10.1111/j.1365-2222.1989.tb02758.x,https://pubmed.ncbi.nlm.nih.gov/2598102,,0,0
https://openalex.org/w2001946059,https://doi.org/10.1097/00003226-200101000-00015,,,0,0
https://openalex.org/w2091850789,https://doi.org/10.1177/0748233707078216,https://pubmed.ncbi.nlm.nih.gov/18220153,,0,0
https://openalex.org/w2464266164,,https://pubmed.ncbi.nlm.nih.gov/26886056,,0,0
https://openalex.org/w2262266324,,,,0,0
https://openalex.org/w2605471103,https://doi.org/10.1016/j.rmed.2017.04.007,,,0,1
https://openalex.org/w1967246357,https://doi.org/10.1002/pbc.20021,https://pubmed.ncbi.nlm.nih.gov/15049016,,0,0
https://openalex.org/w2794031950,https://doi.org/10.1136/bmjopen-2017-018865,https://pubmed.ncbi.nlm.nih.gov/29453299,,0,0
https://openalex.org/w1546066541,https://doi.org/10.1111/j.1365-2559.2010.03650.x,,,0,0
https://openalex.org/w2069725679,https://doi.org/10.1590/s1806-37132009001200004,https://pubmed.ncbi.nlm.nih.gov/20126919,,0,0
https://openalex.org/w2481820521,https://doi.org/10.4049/jimmunol.1501902,,,0,1
https://openalex.org/w2026138533,https://doi.org/10.1016/s0248-8663(03)00266-2,https://pubmed.ncbi.nlm.nih.gov/14990292,,0,0
https://openalex.org/w2090517715,https://doi.org/10.1016/j.jpeds.2009.02.049,,,0,0
https://openalex.org/w2148261626,https://doi.org/10.1378/chest.12-1044,,,0,0
https://openalex.org/w2182106397,,,,0,0
https://openalex.org/w2511466710,https://doi.org/10.1111/jcmm.12933,https://pubmed.ncbi.nlm.nih.gov/27470220,,0,0
https://openalex.org/w1757074547,,https://pubmed.ncbi.nlm.nih.gov/16859598,,0,0
https://openalex.org/w4239687712,https://doi.org/10.1007/s10072-016-2586-x,https://pubmed.ncbi.nlm.nih.gov/27098244,,0,0
https://openalex.org/w2144737936,https://doi.org/10.1093/rheumatology/39.12.1424,https://pubmed.ncbi.nlm.nih.gov/11136889,,0,0
https://openalex.org/w1564254985,https://doi.org/10.1111/resp.12359,https://pubmed.ncbi.nlm.nih.gov/25123812,,0,0
https://openalex.org/w2170639557,https://doi.org/10.1186/1750-1172-7-16,https://pubmed.ncbi.nlm.nih.gov/22429393,,0,0
https://openalex.org/w2088397569,https://doi.org/10.1016/j.cyto.2013.07.006,https://pubmed.ncbi.nlm.nih.gov/23910012,,0,0
https://openalex.org/w1872257859,https://doi.org/10.4049/jimmunol.1003784,https://pubmed.ncbi.nlm.nih.gov/22079982,,0,0
https://openalex.org/w1974241633,https://doi.org/10.1095/biolreprod.106.056267,https://pubmed.ncbi.nlm.nih.gov/17005939,,0,0
https://openalex.org/w2515744638,https://doi.org/10.1111/jnc.13834,https://pubmed.ncbi.nlm.nih.gov/27566099,035-256-168-499-837,0,0
https://openalex.org/w2062453401,https://doi.org/10.1016/s0895-3988(10)60043-8,https://pubmed.ncbi.nlm.nih.gov/20514989,,0,0
https://openalex.org/w157460217,,https://pubmed.ncbi.nlm.nih.gov/10949321,,0,0
https://openalex.org/w2136929932,https://doi.org/10.1136/thoraxjnl-2013-204864,https://pubmed.ncbi.nlm.nih.gov/24393767,124-671-877-720-965,0,0
https://openalex.org/w1973926983,https://doi.org/10.1159/000184498,https://pubmed.ncbi.nlm.nih.gov/3683693,,0,0
https://openalex.org/w2776798182,https://doi.org/10.1016/j.celrep.2017.11.088,https://pubmed.ncbi.nlm.nih.gov/29262324,,0,0
https://openalex.org/w2085375516,https://doi.org/10.1055/s-2007-985613,,,0,0
https://openalex.org/w2548437760,https://doi.org/10.1155/2016/9510316,https://pubmed.ncbi.nlm.nih.gov/27885350,,0,0
https://openalex.org/w1993114009,https://doi.org/10.2169/internalmedicine1962.24.3,https://pubmed.ncbi.nlm.nih.gov/3999462,,0,0
https://openalex.org/w2463776479,,,,0,0
https://openalex.org/w2153051824,https://doi.org/10.1097/00063198-199609000-00011,,,0,0
https://openalex.org/w1977152758,https://doi.org/10.1021/bi960889p,https://pubmed.ncbi.nlm.nih.gov/8794741,,0,0
https://openalex.org/w2233947783,,https://pubmed.ncbi.nlm.nih.gov/8949496,,0,0
https://openalex.org/w2022609732,https://doi.org/10.1016/j.vaccine.2007.06.009,https://pubmed.ncbi.nlm.nih.gov/17640779,,0,0
https://openalex.org/w1490668700,,,,0,0
https://openalex.org/w1588082828,https://doi.org/10.1002/jcla.21828,https://pubmed.ncbi.nlm.nih.gov/25545734,,0,0
https://openalex.org/w2762431360,https://doi.org/10.1111/resp.13192,https://pubmed.ncbi.nlm.nih.gov/28980363,,0,0
https://openalex.org/w2791746848,https://doi.org/10.1080/08916934.2018.1441830,https://pubmed.ncbi.nlm.nih.gov/29463118,,1,1
https://openalex.org/w2083466973,https://doi.org/10.1111/j.1365-2133.1995.tb06948.x,https://pubmed.ncbi.nlm.nih.gov/8547024,,0,0
https://openalex.org/w2019985851,https://doi.org/10.1378/chest.121.6.2081,https://pubmed.ncbi.nlm.nih.gov/12065389,,0,0
https://openalex.org/w2409252364,,https://pubmed.ncbi.nlm.nih.gov/1669939,,0,0
https://openalex.org/w2794900939,https://doi.org/10.3899/jrheum.170541,https://pubmed.ncbi.nlm.nih.gov/29606668,,1,1
https://openalex.org/w2029915664,https://doi.org/10.1016/s0891-8422(03)00078-8,,,0,0
https://openalex.org/w4240416769,https://doi.org/10.1002/jhm.709,,,0,0
https://openalex.org/w2096259698,https://doi.org/10.1007/s00281-007-0079-y,https://pubmed.ncbi.nlm.nih.gov/17703304,,0,0
https://openalex.org/w2147417977,https://doi.org/10.1586/ecp.12.9,,,0,0
https://openalex.org/w2044985597,https://doi.org/10.4065/71.4.391,,,0,0
https://openalex.org/w2089184717,https://doi.org/10.1378/chest.111.6.1615,,,0,0
https://openalex.org/w2416878105,,,,0,0
https://openalex.org/w1661041446,https://doi.org/10.4049/jimmunol.157.2.910,https://pubmed.ncbi.nlm.nih.gov/8752945,,0,0
https://openalex.org/w2330583103,https://doi.org/10.1097/bor.0b013e3283585748,https://pubmed.ncbi.nlm.nih.gov/22907594,,0,0
https://openalex.org/w1936348222,https://doi.org/10.1016/j.bpj.2015.09.014,https://pubmed.ncbi.nlm.nih.gov/26536268,,0,0
https://openalex.org/w4301754489,https://doi.org/10.1007/s11307-010-0453-3,,,0,0
https://openalex.org/w2115046554,https://doi.org/10.1183/09031936.00115511,https://pubmed.ncbi.nlm.nih.gov/22135282,,0,0
https://openalex.org/w2410347021,,,,0,1
https://openalex.org/w2110688076,https://doi.org/10.1002/art.38623,,,0,0
https://openalex.org/w1991487775,,https://pubmed.ncbi.nlm.nih.gov/20134032,,0,0
https://openalex.org/w1867744840,,,,0,1
https://openalex.org/w2322058369,https://doi.org/10.1164/ajrccm-conference.2012.185.1_meetingabstracts.a4501,,,0,0
https://openalex.org/w2793104795,https://doi.org/10.1016/j.resinv.2017.11.007,https://pubmed.ncbi.nlm.nih.gov/29548652,,0,0
https://openalex.org/w2889147194,https://doi.org/10.1136/bcr-2018-226019,https://pubmed.ncbi.nlm.nih.gov/30158272,,0,0
https://openalex.org/w2060752372,https://doi.org/10.1016/0002-9343(89)90420-8,https://pubmed.ncbi.nlm.nih.gov/2712084,,0,0
https://openalex.org/w2158755381,https://doi.org/10.1164/rccm.201403-0446oc,https://pubmed.ncbi.nlm.nih.gov/24937643,,0,0
https://openalex.org/w2105482019,https://doi.org/10.1128/jvi.73.9.7812-7816.1999,,,0,0
https://openalex.org/w1527580044,https://doi.org/10.1111/j.1749-6632.2009.05292.x,https://pubmed.ncbi.nlm.nih.gov/20398000,,0,0
https://openalex.org/w2981855342,https://doi.org/10.3109/03602532.2011.629832,,,0,0
https://openalex.org/w4300355259,https://doi.org/10.1111/resp.13010,,,0,1
https://openalex.org/w2071429712,https://doi.org/10.1016/j.berh.2006.08.009,,,0,0
https://openalex.org/w2084284968,https://doi.org/10.1007/s00401-003-0794-y,https://pubmed.ncbi.nlm.nih.gov/14712398,,0,0
https://openalex.org/w1978169810,https://doi.org/10.3899/jrheum.140438,https://pubmed.ncbi.nlm.nih.gov/25452187,152-275-411-156-03X,0,0
https://openalex.org/w2025591541,https://doi.org/10.1097/md.0b013e318260977c,https://pubmed.ncbi.nlm.nih.gov/22732951,,1,1
https://openalex.org/w1985934139,https://doi.org/10.1016/j.jalz.2011.05.1579,,,0,0
https://openalex.org/w2469871316,https://doi.org/10.1097/mcp.0000000000000302,,,0,0
https://openalex.org/w2400377742,https://doi.org/10.3760/cma.j.issn.0366-6999.2010.05.002,https://pubmed.ncbi.nlm.nih.gov/20367973,,0,0
https://openalex.org/w2739798277,https://doi.org/10.1111/crj.12665,,,0,0
https://openalex.org/w2397580418,https://doi.org/10.1007/s10067-016-3296-8,https://pubmed.ncbi.nlm.nih.gov/27210465,,0,0
https://openalex.org/w1826741741,,https://pubmed.ncbi.nlm.nih.gov/25750330,,0,0
https://openalex.org/w2122322821,https://doi.org/10.1016/j.trsl.2012.03.005,https://pubmed.ncbi.nlm.nih.gov/22683422,,0,0
https://openalex.org/w2084425909,https://doi.org/10.1016/s0761-8425(06)72081-2,https://pubmed.ncbi.nlm.nih.gov/17202971,,0,1
https://openalex.org/w1974638873,https://doi.org/10.1136/oem.49.2.73,https://pubmed.ncbi.nlm.nih.gov/1536823,,0,0
https://openalex.org/w1982347103,https://doi.org/10.1007/s00408-014-9665-7,https://pubmed.ncbi.nlm.nih.gov/25394672,,0,1
https://openalex.org/w2077673149,https://doi.org/10.1093/emboj/19.16.4393,,,0,0
https://openalex.org/w2044291548,https://doi.org/10.1007/s10072-011-0814-y,https://pubmed.ncbi.nlm.nih.gov/21993833,,0,0
https://openalex.org/w2115437000,https://doi.org/10.1152/ajpcell.00206.2011,,087-045-738-118-300,0,0
https://openalex.org/w2039039501,https://doi.org/10.1016/j.ejim.2013.01.002,https://pubmed.ncbi.nlm.nih.gov/23375620,,1,1
https://openalex.org/w2140070248,https://doi.org/10.1136/jnnp.68.4.472,https://pubmed.ncbi.nlm.nih.gov/10727483,,1,1
https://openalex.org/w2148348857,https://doi.org/10.1086/374665,,,0,0
https://openalex.org/w2799475155,https://doi.org/10.1007/s10067-018-4122-2,https://pubmed.ncbi.nlm.nih.gov/29713969,,0,0
https://openalex.org/w2056011992,https://doi.org/10.1136/hrt.57.2.176,https://pubmed.ncbi.nlm.nih.gov/3493020,,0,0
https://openalex.org/w1985604931,https://doi.org/10.1038/ncprheum0375,,,0,0
https://openalex.org/w2020092155,https://doi.org/10.1016/j.bbrc.2010.04.040,https://pubmed.ncbi.nlm.nih.gov/20382115,,0,0
https://openalex.org/w2754163795,https://doi.org/10.4049/jimmunol.196.supp.198.8,,,0,0
https://openalex.org/w2042777839,https://doi.org/10.1016/j.bbrc.2014.08.128,https://pubmed.ncbi.nlm.nih.gov/25193701,,0,0
https://openalex.org/w2401440120,https://doi.org/10.2174/187152731406150624121902,https://pubmed.ncbi.nlm.nih.gov/26008858,,0,0
https://openalex.org/w2071793391,https://doi.org/10.1080/08916930500124023,,,0,0
https://openalex.org/w2415819949,,https://pubmed.ncbi.nlm.nih.gov/10432823,,0,0
https://openalex.org/w2317202667,https://doi.org/10.1097/00002281-199911000-00011,https://pubmed.ncbi.nlm.nih.gov/10551676,,0,0
https://openalex.org/w2113882751,https://doi.org/10.1007/s10165-011-0523-7,https://pubmed.ncbi.nlm.nih.gov/21971942,,0,0
https://openalex.org/w2566006968,https://doi.org/10.1038/srep38949,https://pubmed.ncbi.nlm.nih.gov/27958346,,0,0
https://openalex.org/w2516852325,,https://pubmed.ncbi.nlm.nih.gov/27537718,,0,0
https://openalex.org/w1897547016,https://doi.org/10.1164/ajrccm.165.2.2101141,https://pubmed.ncbi.nlm.nih.gov/11790664,137-410-446-294-147,0,0
https://openalex.org/w1985042500,https://doi.org/10.1038/emboj.2012.328,https://pubmed.ncbi.nlm.nih.gov/23222484,,0,0
https://openalex.org/w2121474326,https://doi.org/10.1164/rccm.201307-1358oc,https://pubmed.ncbi.nlm.nih.gov/24555512,,0,0
https://openalex.org/w2188414749,https://doi.org/10.1681/asn.v11111969,,,0,0
https://openalex.org/w2015184980,https://doi.org/10.1007/s12026-013-8408-9,https://pubmed.ncbi.nlm.nih.gov/23572427,,0,1
https://openalex.org/w2005846870,https://doi.org/10.1073/pnas.1419925111,https://pubmed.ncbi.nlm.nih.gov/25422455,,0,0
https://openalex.org/w2164008827,https://doi.org/10.1016/j.jcrc.2014.08.002,https://pubmed.ncbi.nlm.nih.gov/25212494,,0,0
https://openalex.org/w2532525333,https://doi.org/10.1016/j.chest.2016.08.877,,,0,0
https://openalex.org/w2062986138,https://doi.org/10.1001/archinte.1990.00390200053010,https://pubmed.ncbi.nlm.nih.gov/2393316,,0,0
https://openalex.org/w2042118611,https://doi.org/10.1016/s0013-9351(05)80127-6,https://pubmed.ncbi.nlm.nih.gov/2226376,,0,0
https://openalex.org/w1976210642,https://doi.org/10.1046/j.1365-3083.2001.00896.x,,,0,0
https://openalex.org/w2418965613,,,,0,0
https://openalex.org/w2075611712,https://doi.org/10.1073/pnas.0707370105,https://pubmed.ncbi.nlm.nih.gov/18337499,,0,0
https://openalex.org/w2005513115,https://doi.org/10.1002/art.21883,https://pubmed.ncbi.nlm.nih.gov/16732549,,0,1
https://openalex.org/w125438173,,https://pubmed.ncbi.nlm.nih.gov/8929698,,0,0
https://openalex.org/w2013705055,https://doi.org/10.1159/000350445,https://pubmed.ncbi.nlm.nih.gov/23735701,,0,0
https://openalex.org/w2012096651,https://doi.org/10.1210/endo.140.5.6689,,,0,0
https://openalex.org/w2130534668,https://doi.org/10.1128/cdli.4.6.711-714.1997,,,0,0
https://openalex.org/w1983456875,https://doi.org/10.1016/s1877-1203(09)72541-8,,,0,1
https://openalex.org/w2244981134,https://doi.org/10.1002/psc.2688,,,0,0
https://openalex.org/w2437589899,https://doi.org/10.1111/bjd.14801,https://pubmed.ncbi.nlm.nih.gov/27292591,051-872-693-163-177,0,1
https://openalex.org/w2147898664,https://doi.org/10.1093/ejcts/ezs560,,,0,0
https://openalex.org/w2810225662,https://doi.org/10.3899/jrheum.171098,https://pubmed.ncbi.nlm.nih.gov/29961694,,1,1
https://openalex.org/w2023818883,https://doi.org/10.1016/j.semarthrit.2005.08.005,https://pubmed.ncbi.nlm.nih.gov/16616149,,0,0
https://openalex.org/w2416587013,,https://pubmed.ncbi.nlm.nih.gov/1787483,,0,0
https://openalex.org/w2257087671,https://doi.org/10.1016/j.athoracsur.2015.09.049,https://pubmed.ncbi.nlm.nih.gov/26777965,,0,0
https://openalex.org/w2749346207,https://doi.org/10.1055/s-0037-1604957,,,0,0
https://openalex.org/w2769595592,https://doi.org/10.1007/s00428-017-2269-x,,,1,1
https://openalex.org/w2172252732,https://doi.org/10.1111/resp.12532,,060-403-066-745-703,0,0
https://openalex.org/w4239676369,https://doi.org/10.1128/.66.9.4025-4029.1998,,,0,0
https://openalex.org/w2005529636,https://doi.org/10.1007/s00408-015-9718-6,https://pubmed.ncbi.nlm.nih.gov/25787222,,0,0
https://openalex.org/w2094721991,https://doi.org/10.1007/s11926-011-0172-z,https://pubmed.ncbi.nlm.nih.gov/21365210,,0,0
https://openalex.org/w2124731360,https://doi.org/10.1016/j.ijporl.2009.07.010,https://pubmed.ncbi.nlm.nih.gov/19671478,,0,0
https://openalex.org/w2012878675,https://doi.org/10.1378/chest.105.1.8,https://pubmed.ncbi.nlm.nih.gov/8275791,,0,0
https://openalex.org/w189787842,,,,0,0
https://openalex.org/w2626574050,https://doi.org/10.1136/annrheumdis-2017-211138,,,0,0
https://openalex.org/w2068718688,https://doi.org/10.4103/0028-3886.108022,https://pubmed.ncbi.nlm.nih.gov/23466851,,0,0
https://openalex.org/w2734803542,https://doi.org/10.2174/157339807781387508,,,0,0
https://openalex.org/w2154626534,https://doi.org/10.1001/archinternmed.2007.59,https://pubmed.ncbi.nlm.nih.gov/18227362,,0,0
https://openalex.org/w1989098746,https://doi.org/10.1002/art.27569,,,0,0
https://openalex.org/w2079936799,https://doi.org/10.4081/reumatismo.2007.202,,,0,0
https://openalex.org/w2017706536,https://doi.org/10.1590/s1807-59322007000100011,,,0,0
https://openalex.org/w2152008474,https://doi.org/10.1093/rheumatology/kes149,,,0,0
https://openalex.org/w1908974670,,https://pubmed.ncbi.nlm.nih.gov/3567932,,0,0
https://openalex.org/w1557054330,https://doi.org/10.1111/resp.12323,https://pubmed.ncbi.nlm.nih.gov/24890329,,0,0
https://openalex.org/w2091871560,https://doi.org/10.1055/s-0030-1250644,https://pubmed.ncbi.nlm.nih.gov/21480134,,0,0
https://openalex.org/w2645019724,https://doi.org/10.1111/j.1445-5994.2012.02888.x,,,0,0
https://openalex.org/w2019463423,https://doi.org/10.1016/s0755-4982(11)70006-9,https://pubmed.ncbi.nlm.nih.gov/21536179,,0,0
https://openalex.org/w2152060498,https://doi.org/10.1093/rheumatology/ken283,,,0,0
https://openalex.org/w2801856719,https://doi.org/10.1016/s0168-8278(18)31163-2,,,0,0
https://openalex.org/w2172041813,https://doi.org/10.1093/rheumatology/ket453,https://pubmed.ncbi.nlm.nih.gov/24501248,,0,1
https://openalex.org/w2253648528,,https://pubmed.ncbi.nlm.nih.gov/3059903,,0,0
https://openalex.org/w2615520173,https://doi.org/10.2223/jped.1635,https://pubmed.ncbi.nlm.nih.gov/17551654,,0,0
https://openalex.org/w1978714047,https://doi.org/10.1016/s0929-693x(00)80168-2,,,0,0
https://openalex.org/w2011796826,https://doi.org/10.1038/ejcn.2011.223,https://pubmed.ncbi.nlm.nih.gov/22252107,,0,0
https://openalex.org/w2333974409,https://doi.org/10.1097/cnd.0b013e3182650718,https://pubmed.ncbi.nlm.nih.gov/23172388,,0,0
https://openalex.org/w2232117347,https://doi.org/10.4103/0970-2113.173062,,,0,0
https://openalex.org/w1989120326,https://doi.org/10.1002/ddr.10180,,,0,0
https://openalex.org/w2609701644,https://doi.org/10.1136/lupus-2017-000215.321,,,0,1
https://openalex.org/w2053049602,https://doi.org/10.1007/s12016-009-8194-2,,,0,0
https://openalex.org/w34334026,https://doi.org/10.1055/s-0038-1646526,https://pubmed.ncbi.nlm.nih.gov/2546279,,0,0
https://openalex.org/w2103366618,https://doi.org/10.1128/cvi.05618-11,https://pubmed.ncbi.nlm.nih.gov/22131355,,0,0
https://openalex.org/w2550261234,https://doi.org/10.1136/annrheumdis-2016-eular.5472,,,0,0
https://openalex.org/w2810424622,https://doi.org/10.21873/invivo.11324,,,0,0
https://openalex.org/w2157179644,https://doi.org/10.1378/chest.06-2553,https://pubmed.ncbi.nlm.nih.gov/17400659,,0,0
https://openalex.org/w1963813577,https://doi.org/10.1016/j.febslet.2014.04.048,https://pubmed.ncbi.nlm.nih.gov/24815693,,0,0
https://openalex.org/w3049659399,https://doi.org/10.1111/nmo.13423,,,0,0
https://openalex.org/w1995545032,https://doi.org/10.7785/tcrt.2012.500445,https://pubmed.ncbi.nlm.nih.gov/24988054,,0,0
https://openalex.org/w2074738166,https://doi.org/10.1097/00002281-200011000-00005,,,0,0
https://openalex.org/w197245752,,,,0,0
https://openalex.org/w2395848082,,,,0,0
https://openalex.org/w2008306398,https://doi.org/10.1016/j.jbspin.2011.05.014,https://pubmed.ncbi.nlm.nih.gov/21727017,,0,0
https://openalex.org/w2135871041,https://doi.org/10.1155/2011/208219,,,0,0
https://openalex.org/w2117690675,https://doi.org/10.1053/j.ro.2009.07.001,,,0,0
https://openalex.org/w2094896555,https://doi.org/10.1016/j.intimp.2012.06.014,https://pubmed.ncbi.nlm.nih.gov/22749731,,0,0
https://openalex.org/w1857071204,https://doi.org/10.1183/13993003.00150-2015,https://pubmed.ncbi.nlm.nih.gov/26160873,,0,0
https://openalex.org/w1602421977,https://doi.org/10.1111/j.1440-1843.2010.01872.x,https://pubmed.ncbi.nlm.nih.gov/20920145,,0,0
https://openalex.org/w2081691726,https://doi.org/10.1002/art.1780270307,https://pubmed.ncbi.nlm.nih.gov/6704192,,0,0
https://openalex.org/w2093407885,https://doi.org/10.1016/j.medcli.2013.06.026,,,0,0
https://openalex.org/w2158726078,https://doi.org/10.1016/j.berh.2009.12.008,,,0,0
https://openalex.org/w2084197551,https://doi.org/10.1002/ajim.4700220322,https://pubmed.ncbi.nlm.nih.gov/1519630,,0,0
https://openalex.org/w2097982180,https://doi.org/10.1055/s-0031-1279825,https://pubmed.ncbi.nlm.nih.gov/21674414,,0,0
https://openalex.org/w2031040665,https://doi.org/10.1111/j.1365-2230.2009.03216.x,https://pubmed.ncbi.nlm.nih.gov/19522981,,0,0
https://openalex.org/w2007583054,https://doi.org/10.1055/s-2007-985664,,,0,0
https://openalex.org/w2144977941,https://doi.org/10.1016/j.arbres.2011.11.002,,,0,0
https://openalex.org/w2171926064,https://doi.org/10.1016/s1047-2797(01)00271-x,https://pubmed.ncbi.nlm.nih.gov/12062914,,0,0
https://openalex.org/w2114124365,https://doi.org/10.1016/j.medcli.2011.02.026,https://pubmed.ncbi.nlm.nih.gov/21543090,,0,1
https://openalex.org/w2056035327,https://doi.org/10.1007/s10554-012-0158-6,https://pubmed.ncbi.nlm.nih.gov/23212274,,0,0
https://openalex.org/w2128067844,https://doi.org/10.1183/09031936.04.00138403,,,0,0
https://openalex.org/w2114402755,https://doi.org/10.1016/s0016-5085(10)61192-4,,,0,0
https://openalex.org/w2066815906,https://doi.org/10.1097/iop.0b013e3181b80cad,https://pubmed.ncbi.nlm.nih.gov/19935242,,0,0
https://openalex.org/w2118243553,https://doi.org/10.1016/s0272-5231(02)00022-9,https://pubmed.ncbi.nlm.nih.gov/12371000,,0,0
https://openalex.org/w2000529048,https://doi.org/10.1002/anr.1780321015,,,0,0
https://openalex.org/w1726651294,,,,0,0
https://openalex.org/w34168887,https://doi.org/10.1016/s0025-7125(16)30629-0,https://pubmed.ncbi.nlm.nih.gov/2671542,,0,0
https://openalex.org/w2408881169,,https://pubmed.ncbi.nlm.nih.gov/9633206,,0,0
https://openalex.org/w2097496123,https://doi.org/10.1136/ard.2005.045898,,000-842-278-311-454,0,0
https://openalex.org/w2111539292,https://doi.org/10.1111/j.1600-0463.1990.tb05739.x,https://pubmed.ncbi.nlm.nih.gov/2285543,,0,0
https://openalex.org/w2016420316,https://doi.org/10.1016/0887-8994(94)00097-l,,,0,0
https://openalex.org/w4292807815,https://doi.org/10.1007/s11096-016-0404-4,,,0,0
https://openalex.org/w2766190731,https://doi.org/10.1016/j.jviromet.2017.10.022,,,0,0
https://openalex.org/w2414731152,https://doi.org/10.1167/iovs.15-17488,,,0,0
https://openalex.org/w2156730853,https://doi.org/10.1196/annals.1398.047,https://pubmed.ncbi.nlm.nih.gov/17785330,,1,1
https://openalex.org/w2396151610,,https://pubmed.ncbi.nlm.nih.gov/18061965,,0,0
https://openalex.org/w2394924997,,,,0,0
https://openalex.org/w1984476806,https://doi.org/10.1016/j.chom.2014.07.010,https://pubmed.ncbi.nlm.nih.gov/25121744,,0,0
https://openalex.org/w2109586613,https://doi.org/10.1002/art.21083,https://pubmed.ncbi.nlm.nih.gov/15818648,,0,0
https://openalex.org/w4206805156,https://doi.org/10.1111/bjd.12367,,,0,1
https://openalex.org/w2007106350,https://doi.org/10.1002/(sici)1098-2264(199804)21:4<290::aid-gcc2>3.0.co;2-u,https://pubmed.ncbi.nlm.nih.gov/9559340,,0,0
https://openalex.org/w2054164626,https://doi.org/10.1016/j.chom.2008.03.006,,,0,0
https://openalex.org/w2597316271,https://doi.org/10.1182/blood.v128.22.4427.4427,,,0,0
https://openalex.org/w2468020212,https://doi.org/10.1007/bf02779124,,,0,0
https://openalex.org/w2040949307,https://doi.org/10.4161/auto.5101,,,0,0
https://openalex.org/w2911191676,https://doi.org/10.1136/annrheumdis-2018-eular.3017,,,0,0
https://openalex.org/w2115904972,https://doi.org/10.1016/j.jaip.2015.07.004,https://pubmed.ncbi.nlm.nih.gov/26372540,,0,0
https://openalex.org/w2070638032,https://doi.org/10.1186/1471-2466-13-61,https://pubmed.ncbi.nlm.nih.gov/24180379,,0,0
https://openalex.org/w2026320489,https://doi.org/10.1016/s0720-048x(03)00094-9,https://pubmed.ncbi.nlm.nih.gov/14962653,,0,0
https://openalex.org/w2066113994,https://doi.org/10.1007/bf01269886,,,0,0
https://openalex.org/w1976008877,https://doi.org/10.1371/journal.pone.0014535,https://pubmed.ncbi.nlm.nih.gov/21264294,,0,0
https://openalex.org/w2067948000,https://doi.org/10.2169/internalmedicine.40.998,https://pubmed.ncbi.nlm.nih.gov/11688843,,0,0
https://openalex.org/w2313250060,https://doi.org/10.1136/annrheumdis-2013-eular.116,,,0,1
https://openalex.org/w2406653960,https://doi.org/10.1093/ofid/ofw102,https://pubmed.ncbi.nlm.nih.gov/27419174,,0,0
https://openalex.org/w2409744406,,https://pubmed.ncbi.nlm.nih.gov/1845413,,0,0
https://openalex.org/w2035860258,https://doi.org/10.1055/s-2007-1006332,,,0,0
https://openalex.org/w1979923231,https://doi.org/10.1080/00313020400012050,https://pubmed.ncbi.nlm.nih.gov/15841687,,0,0
https://openalex.org/w1993421016,https://doi.org/10.1007/s11926-014-0467-y,https://pubmed.ncbi.nlm.nih.gov/25366934,,0,0
https://openalex.org/w4253911725,https://doi.org/10.1111/resp.13207_291,,,0,0
https://openalex.org/w2042527654,https://doi.org/10.1016/j.jinf.2011.05.008,,,0,0
https://openalex.org/w2059336893,https://doi.org/10.1378/chest.95.4.836,https://pubmed.ncbi.nlm.nih.gov/2924612,,0,0
https://openalex.org/w2023117230,https://doi.org/10.1006/viro.1999.9624,https://pubmed.ncbi.nlm.nih.gov/10329552,,0,0
https://openalex.org/w2020145744,https://doi.org/10.1053/srin.2003.50005,https://pubmed.ncbi.nlm.nih.gov/12652451,,0,0
https://openalex.org/w4235629132,https://doi.org/10.1111/j.1749-4486.2012.02518.x,,,0,0
https://openalex.org/w2249623286,https://doi.org/10.1002/jcb.25448,https://pubmed.ncbi.nlm.nih.gov/26587792,,0,0
https://openalex.org/w2129275039,https://doi.org/10.1128/jvi.69.4.2075-2081.1995,,,0,0
https://openalex.org/w2792840761,https://doi.org/10.1093/rheumatology/kex516,https://pubmed.ncbi.nlm.nih.gov/29474663,,0,0
https://openalex.org/w2549933216,https://doi.org/10.1136/annrheumdis-2016-eular.2136,,,0,0
https://openalex.org/w2015846266,https://doi.org/10.1159/000327738,https://pubmed.ncbi.nlm.nih.gov/21625073,,0,0
https://openalex.org/w2063482699,https://doi.org/10.2967/jnumed.114.150318,https://pubmed.ncbi.nlm.nih.gov/25593114,,0,0
https://openalex.org/w2331621769,https://doi.org/10.1097/cpm.0b013e318247c735,,,0,1
https://openalex.org/w2604894107,https://doi.org/10.1016/j.rmed.2017.04.003,,,0,0
https://openalex.org/w2008849432,https://doi.org/10.1177/0269216313497226,https://pubmed.ncbi.nlm.nih.gov/23885010,,0,0
https://openalex.org/w2000040082,https://doi.org/10.1016/j.autrev.2014.03.004,https://pubmed.ncbi.nlm.nih.gov/24704867,,1,1
https://openalex.org/w2112197417,https://doi.org/10.3899/jrheum.131223,https://pubmed.ncbi.nlm.nih.gov/24786927,,0,1
https://openalex.org/w2022965761,https://doi.org/10.1007/978-1-4757-9182-2_49,https://pubmed.ncbi.nlm.nih.gov/8296624,,0,0
https://openalex.org/w2589542476,https://doi.org/10.1186/s12952-017-0071-6,https://pubmed.ncbi.nlm.nih.gov/28285600,,0,0
https://openalex.org/w2090341324,https://doi.org/10.1007/s11926-002-0087-9,https://pubmed.ncbi.nlm.nih.gov/12217247,,0,0
https://openalex.org/w2035303364,https://doi.org/10.1016/s0895-3988(08)60030-6,https://pubmed.ncbi.nlm.nih.gov/18714817,,0,0
https://openalex.org/w2001590535,https://doi.org/10.1002/path.2271,https://pubmed.ncbi.nlm.nih.gov/18161746,,0,0
https://openalex.org/w2076063079,https://doi.org/10.1016/j.immuni.2012.01.018,https://pubmed.ncbi.nlm.nih.gov/22444631,,0,0
https://openalex.org/w2095804947,https://doi.org/10.1067/mjd.2003.199,,,0,0
https://openalex.org/w2114788630,https://doi.org/10.1093/rheumatology/keh723,https://pubmed.ncbi.nlm.nih.gov/15972351,,0,0
https://openalex.org/w2312527138,https://doi.org/10.1097/mcp.0b013e328363f4a3,https://pubmed.ncbi.nlm.nih.gov/23912192,,0,0
https://openalex.org/w1981265844,https://doi.org/10.1016/j.jsbmb.2007.03.033,,,0,0
https://openalex.org/w2022961516,https://doi.org/10.1128/jvi.01724-13,,,0,0
https://openalex.org/w2121921684,https://doi.org/10.1136/thx.51.suppl_2.s9,https://pubmed.ncbi.nlm.nih.gov/8869346,,0,0
https://openalex.org/w1965731198,https://doi.org/10.1136/annrheumdis-2014-eular.4660,,,0,1
https://openalex.org/w1972389590,https://doi.org/10.1007/s00408-013-9499-8,,,0,0
https://openalex.org/w2089910596,https://doi.org/10.1177/0194599813509784,https://pubmed.ncbi.nlm.nih.gov/24154746,,0,0
https://openalex.org/w2107916810,https://doi.org/10.1016/s0272-5231(05)70345-2,https://pubmed.ncbi.nlm.nih.gov/9016377,,0,0
https://openalex.org/w2417175126,https://doi.org/10.3109/01913123.2016.1170085,https://pubmed.ncbi.nlm.nih.gov/27281118,,0,0
https://openalex.org/w2160601042,https://doi.org/10.1016/j.ijcard.2013.06.033,https://pubmed.ncbi.nlm.nih.gov/23849967,,0,0
https://openalex.org/w2021407166,https://doi.org/10.1016/s0161-6420(01)00655-8,https://pubmed.ncbi.nlm.nih.gov/11535446,,0,0
https://openalex.org/w2046853144,https://doi.org/10.1002/art.1780350415,,,0,0
https://openalex.org/w133861824,,https://pubmed.ncbi.nlm.nih.gov/9636749,,0,0
https://openalex.org/w295253739,https://doi.org/10.1007/s00330-002-1421-3,https://pubmed.ncbi.nlm.nih.gov/12541105,,0,0
https://openalex.org/w2793541629,https://doi.org/10.1536/ihj.17-204,https://pubmed.ncbi.nlm.nih.gov/29563381,,0,0
https://openalex.org/w2106046179,https://doi.org/10.1002/mus.880170625,https://pubmed.ncbi.nlm.nih.gov/8196719,,0,0
https://openalex.org/w2135040289,https://doi.org/10.1080/10408370490430331,https://pubmed.ncbi.nlm.nih.gov/15115156,,0,0
https://openalex.org/w102213565,,https://pubmed.ncbi.nlm.nih.gov/10720210,,0,0
https://openalex.org/w2015133119,https://doi.org/10.1016/j.ijtb.2015.02.006,,,0,0
https://openalex.org/w2143489366,https://doi.org/10.1007/s10165-007-0610-y,https://pubmed.ncbi.nlm.nih.gov/17929135,,0,0
https://openalex.org/w2046682547,https://doi.org/10.1177/154510970200100303,,,0,0
https://openalex.org/w2419167470,https://doi.org/10.1136/annrheumdis-2015-eular.2845,,,0,1
https://openalex.org/w2048940287,https://doi.org/10.1002/art.30423,,,0,0
https://openalex.org/w2312448574,https://doi.org/10.1136/annrheumdis-2012-eular.2377,,,0,0
https://openalex.org/w2012146686,https://doi.org/10.1016/j.ultrasmedbio.2012.08.016,https://pubmed.ncbi.nlm.nih.gov/23122640,,0,0
https://openalex.org/w4250811663,https://doi.org/10.1183/09031936.50036408,,189-748-060-117-652,0,0
https://openalex.org/w2024920387,https://doi.org/10.3899/jrheum.111604,https://pubmed.ncbi.nlm.nih.gov/22859355,,1,1
https://openalex.org/w126627448,https://doi.org/10.1097/rhu.0b013e3181f3bf9c,,,1,1
https://openalex.org/w2081394003,https://doi.org/10.1002/(sici)1097-4598(199805)21:5<659::aid-mus17>3.0.co;2-q,https://pubmed.ncbi.nlm.nih.gov/9572250,,0,0
https://openalex.org/w1761102136,https://doi.org/10.1186/1471-2091-7-6,https://pubmed.ncbi.nlm.nih.gov/16507103,,0,0
https://openalex.org/w2027191603,https://doi.org/10.1136/oem.42.11.734,https://pubmed.ncbi.nlm.nih.gov/4063216,,0,0
https://openalex.org/w2599346166,https://doi.org/10.1016/j.ocl.2016.12.009,https://pubmed.ncbi.nlm.nih.gov/28336041,,0,0
https://openalex.org/w2171808990,https://doi.org/10.1177/0284185113512300,,,0,0
https://openalex.org/w2909953668,https://doi.org/10.1136/annrheumdis-2018-eular.2189,,,0,1
https://openalex.org/w2018036090,https://doi.org/10.1164/ajrccm.162.1.9906138,https://pubmed.ncbi.nlm.nih.gov/10903257,,0,0
https://openalex.org/w2226774627,https://doi.org/10.1371/journal.pone.0132155,https://pubmed.ncbi.nlm.nih.gov/26147378,,0,0
https://openalex.org/w2887284193,https://doi.org/10.1111/crj.12797,https://pubmed.ncbi.nlm.nih.gov/29633527,,0,0
https://openalex.org/w2128163368,https://doi.org/10.4049/jimmunol.1302839,https://pubmed.ncbi.nlm.nih.gov/24453255,,0,0
https://openalex.org/w1983836528,https://doi.org/10.1016/s0165-5728(97)00251-8,,,0,0
https://openalex.org/w2075074354,https://doi.org/10.1097/nen.0b013e31815f38b7,https://pubmed.ncbi.nlm.nih.gov/18091562,097-186-583-799-958,0,0
https://openalex.org/w2169383331,https://doi.org/10.1210/endo.138.9.5491,https://pubmed.ncbi.nlm.nih.gov/9275098,,0,0
https://openalex.org/w2032363462,https://doi.org/10.1016/j.jviromet.2006.01.023,https://pubmed.ncbi.nlm.nih.gov/16530857,,0,0
https://openalex.org/w1996197689,https://doi.org/10.1016/j.rdc.2014.12.005,,,0,0
https://openalex.org/w2093470863,https://doi.org/10.1097/jom.0b013e3181452830,https://pubmed.ncbi.nlm.nih.gov/17848858,,0,0
https://openalex.org/w2514239272,https://doi.org/10.1097/bor.0000000000000330,,,0,0
https://openalex.org/w1975048478,https://doi.org/10.1074/jbc.m106673200,,,0,0
https://openalex.org/w2765540207,https://doi.org/10.1016/j.resinv.2017.09.001,https://pubmed.ncbi.nlm.nih.gov/29325680,,0,0
https://openalex.org/w2006109123,https://doi.org/10.1002/ajim.4700180505,https://pubmed.ncbi.nlm.nih.gov/2173890,,0,0
https://openalex.org/w2409963593,,https://pubmed.ncbi.nlm.nih.gov/8885477,,0,1
https://openalex.org/w2030307110,https://doi.org/10.1111/j.1440-1819.1997.tb02580.x,,,0,0
https://openalex.org/w1957499897,,https://pubmed.ncbi.nlm.nih.gov/25667495,,0,0
https://openalex.org/w2229142889,https://doi.org/10.1016/j.amjmed.2015.11.026,https://pubmed.ncbi.nlm.nih.gov/26706386,,0,0
https://openalex.org/w2255242179,https://doi.org/10.1093/rheumatology/kev129,https://pubmed.ncbi.nlm.nih.gov/26001634,,0,0
https://openalex.org/w2972507112,,https://pubmed.ncbi.nlm.nih.gov/28638428,,0,0
https://openalex.org/w1972085827,https://doi.org/10.1002/ajim.4700240204,https://pubmed.ncbi.nlm.nih.gov/8213844,,0,0
https://openalex.org/w2412428589,,https://pubmed.ncbi.nlm.nih.gov/4095416,,0,0
https://openalex.org/w2161436488,https://doi.org/10.1093/rheumatology/kev029,https://pubmed.ncbi.nlm.nih.gov/25832615,,0,0
https://openalex.org/w2560586870,https://doi.org/10.1016/s1877-1203(16)30076-3,,,0,0
https://openalex.org/w1966326152,https://doi.org/10.1155/2011/531302,,,0,0
https://openalex.org/w2019904961,https://doi.org/10.1093/rheumatology/36.5.611,,,0,0
https://openalex.org/w4253468475,https://doi.org/10.1111/resp.13207_290,,,0,0
https://openalex.org/w2084574995,https://doi.org/10.1159/000357046,https://pubmed.ncbi.nlm.nih.gov/24577160,,0,0
https://openalex.org/w4236911040,https://doi.org/10.1038/labinvest.2016.177,,,0,1
https://openalex.org/w2395257529,,,,0,0
https://openalex.org/w2341043325,,,,0,0
https://openalex.org/w2064886451,https://doi.org/10.1097/00001432-199010000-00021,,,0,0
https://openalex.org/w1997762752,https://doi.org/10.1089/vim.1993.6.75,,,0,0
https://openalex.org/w4238228517,https://doi.org/10.1002/acn3.490,,,0,0
https://openalex.org/w2153860457,https://doi.org/10.1111/j.1742-1241.2008.01624.x,https://pubmed.ncbi.nlm.nih.gov/18720579,,0,0
https://openalex.org/w1993533928,https://doi.org/10.1097/rct.0b013e318181d551,https://pubmed.ncbi.nlm.nih.gov/19478636,,0,0
https://openalex.org/w2097339965,https://doi.org/10.1002/ppul.20114,,,0,0
https://openalex.org/w2062464623,https://doi.org/10.1074/jbc.m009782200,https://pubmed.ncbi.nlm.nih.gov/11152467,,0,0
https://openalex.org/w1977504338,https://doi.org/10.3899/jrheum.120555,https://pubmed.ncbi.nlm.nih.gov/23322463,,0,0
https://openalex.org/w2063411824,https://doi.org/10.1002/mpo.1306,https://pubmed.ncbi.nlm.nih.gov/11836717,,0,0
https://openalex.org/w899607841,https://doi.org/10.4049/jimmunol.194.supp.196.10,,,0,0
https://openalex.org/w1982320230,https://doi.org/10.1007/s10067-009-1110-6,https://pubmed.ncbi.nlm.nih.gov/19247576,,0,1
https://openalex.org/w4237987079,https://doi.org/10.1016/j.jtcvs.2017.06.067,,,0,0
https://openalex.org/w2118044722,https://doi.org/10.1080/17402520500116723,,,0,0
https://openalex.org/w1980067095,https://doi.org/10.1016/j.nmd.2011.06.1052,,,0,0
https://openalex.org/w2049387979,https://doi.org/10.1016/s0264-410x(01)00326-7,,,0,0
https://openalex.org/w1977212476,https://doi.org/10.1016/s0025-7753(02)72291-4,https://pubmed.ncbi.nlm.nih.gov/11809156,,0,0
https://openalex.org/w2165015715,https://doi.org/10.1093/jjco/27.2.84,https://pubmed.ncbi.nlm.nih.gov/9152796,,0,0
https://openalex.org/w2267965529,https://doi.org/10.1536/ihj.15-276,https://pubmed.ncbi.nlm.nih.gov/26742885,,0,0
https://openalex.org/w2594091219,https://doi.org/10.1038/s41598-017-00240-6,https://pubmed.ncbi.nlm.nih.gov/28298642,,0,0
https://openalex.org/w2005891295,https://doi.org/10.1378/chest.125.3.1052,https://pubmed.ncbi.nlm.nih.gov/15006968,,0,0
https://openalex.org/w2903715598,https://doi.org/10.1136/annrheumdis-2018-eular.3958,,,1,1
https://openalex.org/w2574458358,https://doi.org/10.1128/jvi.01693-16,https://pubmed.ncbi.nlm.nih.gov/28077631,,0,0
https://openalex.org/w2017139263,https://doi.org/10.1164/rccm.200702-254oc,https://pubmed.ncbi.nlm.nih.gov/17641157,,0,0
https://openalex.org/w2604486972,https://doi.org/10.1515/folmed-2017-0003,https://pubmed.ncbi.nlm.nih.gov/28384112,,0,1
https://openalex.org/w3046436874,https://doi.org/10.1091/mbc.e13-10-0584,,,0,0
https://openalex.org/w2133170591,https://doi.org/10.1016/j.semarthrit.2010.03.002,,,0,0
https://openalex.org/w2047673498,https://doi.org/10.1002/pbc.22186,https://pubmed.ncbi.nlm.nih.gov/19813249,,0,0
https://openalex.org/w2435751205,,https://pubmed.ncbi.nlm.nih.gov/8999213,,0,0
https://openalex.org/w2021081017,https://doi.org/10.1073/pnas.1019041108,https://pubmed.ncbi.nlm.nih.gov/21746921,,0,0
https://openalex.org/w1992332027,https://doi.org/10.2169/internalmedicine.36.448,https://pubmed.ncbi.nlm.nih.gov/9240490,046-583-590-953-377,0,0
https://openalex.org/w2077410464,https://doi.org/10.1016/0264-410x(94)90177-5,,,0,0
https://openalex.org/w2109954213,https://doi.org/10.3109/09273948.2012.747618,https://pubmed.ncbi.nlm.nih.gov/23252657,,0,0
https://openalex.org/w4251687551,https://doi.org/10.1016/j.injr.2013.10.006,,,0,1
https://openalex.org/w2793515405,https://doi.org/10.3899/jrheum.171244,,020-876-897-640-178,0,0
https://openalex.org/w2800644644,https://doi.org/10.3389/fimmu.2018.00865,https://pubmed.ncbi.nlm.nih.gov/29740451,,0,0
https://openalex.org/w2135924224,https://doi.org/10.1183/09031936.00134706,https://pubmed.ncbi.nlm.nih.gov/17182648,,0,0
https://openalex.org/w2041232678,https://doi.org/10.1080/15321810600734901,,,0,0
https://openalex.org/w1991216587,https://doi.org/10.1007/s10067-014-2730-z,https://pubmed.ncbi.nlm.nih.gov/24989017,,0,0
https://openalex.org/w2103477888,,https://pubmed.ncbi.nlm.nih.gov/21796893,,0,0
https://openalex.org/w2085673384,https://doi.org/10.1164/ajrccm.161.1.9807024,https://pubmed.ncbi.nlm.nih.gov/10619823,,0,0
https://openalex.org/w2058388819,https://doi.org/10.1007/s10875-014-0089-1,https://pubmed.ncbi.nlm.nih.gov/25186973,,0,0
https://openalex.org/w2071554858,https://doi.org/10.1097/spc.0b013e3282ff6336,,,0,0
https://openalex.org/w2122125606,https://doi.org/10.4049/jimmunol.1301434,https://pubmed.ncbi.nlm.nih.gov/24337744,,0,0
https://openalex.org/w2993339102,,https://pubmed.ncbi.nlm.nih.gov/11362310,,0,0
https://openalex.org/w1824604588,https://doi.org/10.4049/jimmunol.133.5.2285,,,0,0
https://openalex.org/w2010842318,https://doi.org/10.1007/bf01314425,,,0,0
https://openalex.org/w2032091798,https://doi.org/10.1159/000331458,https://pubmed.ncbi.nlm.nih.gov/21934289,,0,0
https://openalex.org/w3175688394,https://doi.org/10.1096/fasebj.23.1_supplement.45.8,,,0,0
https://openalex.org/w2796837232,https://doi.org/10.1038/nrrheum.2018.41,,,0,1
https://openalex.org/w2414541135,,https://pubmed.ncbi.nlm.nih.gov/2385397,,0,0
https://openalex.org/w2058834884,https://doi.org/10.1038/nature08100,https://pubmed.ncbi.nlm.nih.gov/19494813,,0,0
https://openalex.org/w4255651733,https://doi.org/10.1016/j.hrthm.2012.03.028,,,0,0
https://openalex.org/w4234713485,https://doi.org/10.1111/j.1939-1676.2000.tb02229.x,,,0,0
https://openalex.org/w2129352112,https://doi.org/10.1093/ndt/gfs566,https://pubmed.ncbi.nlm.nih.gov/23243041,,0,0
https://openalex.org/w1970012861,https://doi.org/10.1016/s0034-5288(97)90206-x,,,0,0
https://openalex.org/w2021483622,https://doi.org/10.1016/s0022-5223(03)00791-8,,,0,0
https://openalex.org/w2168493609,https://doi.org/10.1016/s0016-5085(09)61205-1,,,0,0
https://openalex.org/w2272249560,https://doi.org/10.1038/srep16303,https://pubmed.ncbi.nlm.nih.gov/26573418,,0,0
https://openalex.org/w1563520955,https://doi.org/10.1016/s0161-6420(96)30559-9,https://pubmed.ncbi.nlm.nih.gov/8684802,,0,0
https://openalex.org/w1995548119,https://doi.org/10.1167/iovs.02-0910,,,0,0
https://openalex.org/w2534138400,https://doi.org/10.1097/rct.0000000000000520,https://pubmed.ncbi.nlm.nih.gov/27768620,,0,0
https://openalex.org/w2094833231,https://doi.org/10.1111/j.1600-0781.2004.00115.x,https://pubmed.ncbi.nlm.nih.gov/15379871,,0,0
https://openalex.org/w2027593158,https://doi.org/10.1371/journal.pone.0089827,https://pubmed.ncbi.nlm.nih.gov/24587064,,0,0
https://openalex.org/w2066446621,https://doi.org/10.1097/00002281-200311000-00011,https://pubmed.ncbi.nlm.nih.gov/14569205,,0,0
https://openalex.org/w2093868280,https://doi.org/10.1016/j.spinee.2014.03.013,https://pubmed.ncbi.nlm.nih.gov/24647385,,0,0
https://openalex.org/w2155538302,https://doi.org/10.1073/pnas.0913087107,https://pubmed.ncbi.nlm.nih.gov/20133635,,0,0
https://openalex.org/w2796470728,https://doi.org/10.1016/j.resinv.2018.03.002,https://pubmed.ncbi.nlm.nih.gov/29764748,,0,0
https://openalex.org/w1974697089,https://doi.org/10.1097/00005537-200204000-00025,https://pubmed.ncbi.nlm.nih.gov/12150531,,0,0
https://openalex.org/w2098085255,https://doi.org/10.1172/jci66142,https://pubmed.ncbi.nlm.nih.gov/23478406,,0,0
https://openalex.org/w2140091107,https://doi.org/10.3899/jrheum.110320,https://pubmed.ncbi.nlm.nih.gov/21844145,,0,0
https://openalex.org/w4235589384,https://doi.org/10.1007/s12072-016-9783-9,,,0,0
https://openalex.org/w2060513098,https://doi.org/10.1378/chest.128.1.30,https://pubmed.ncbi.nlm.nih.gov/16002912,,0,0
https://openalex.org/w2808044492,https://doi.org/10.1016/j.resinv.2018.05.003,https://pubmed.ncbi.nlm.nih.gov/29903606,,0,0
https://openalex.org/w1972197732,https://doi.org/10.2169/internalmedicine.49.3225,,,0,0
https://openalex.org/w2769046022,https://doi.org/10.1007/s12026-017-8974-3,https://pubmed.ncbi.nlm.nih.gov/29159696,,0,1
https://openalex.org/w4240925066,https://doi.org/10.7861/clinmedicine.17-6-591a,https://pubmed.ncbi.nlm.nih.gov/29196375,031-004-742-651-973,0,1
https://openalex.org/w2161114503,https://doi.org/10.4049/jimmunol.1100478,https://pubmed.ncbi.nlm.nih.gov/21508259,,0,0
https://openalex.org/w1794781494,https://doi.org/10.1007/978-1-4419-0901-5_10,,,0,0
https://openalex.org/w2028771633,https://doi.org/10.1164/ajrccm.149.5.8173768,https://pubmed.ncbi.nlm.nih.gov/8173768,,0,0
https://openalex.org/w2470668144,https://doi.org/10.1097/mcp.0000000000000298,,,0,0
https://openalex.org/w788982601,,,,0,0
https://openalex.org/w2415989719,,,,0,0
https://openalex.org/w2146135494,https://doi.org/10.1378/chest.07-2952,https://pubmed.ncbi.nlm.nih.gov/18263672,,0,0
https://openalex.org/w1991855818,https://doi.org/10.3899/jrheum.121026,https://pubmed.ncbi.nlm.nih.gov/23418387,,0,1
https://openalex.org/w2111058855,https://doi.org/10.1189/jlb.0607402,https://pubmed.ncbi.nlm.nih.gov/17875812,,0,0
https://openalex.org/w1985188790,https://doi.org/10.1111/j.1462-5822.2007.01059.x,https://pubmed.ncbi.nlm.nih.gov/17944960,,0,0
https://openalex.org/w2614252755,https://doi.org/10.1016/j.rmed.2017.05.009,https://pubmed.ncbi.nlm.nih.gov/28610674,,0,0
https://openalex.org/w2025808076,https://doi.org/10.1136/thx.48.7.746,https://pubmed.ncbi.nlm.nih.gov/8153925,,0,0
https://openalex.org/w2149629418,https://doi.org/10.1002/art.39260,https://pubmed.ncbi.nlm.nih.gov/26139542,,0,0
https://openalex.org/w4245861045,https://doi.org/10.1007/s12079-014-0238-6,,,0,0
https://openalex.org/w2002783210,https://doi.org/10.1002/ajim.4700280403,https://pubmed.ncbi.nlm.nih.gov/8533788,,0,0
https://openalex.org/w1997310965,https://doi.org/10.1016/j.jhin.2005.07.018,https://pubmed.ncbi.nlm.nih.gov/16488511,,0,0
https://openalex.org/w2146766013,https://doi.org/10.1378/chest.130.1.30,,,0,0
https://openalex.org/w1526235408,,https://pubmed.ncbi.nlm.nih.gov/24751458,,0,0
https://openalex.org/w2395440683,,https://pubmed.ncbi.nlm.nih.gov/3494844,,0,0
https://openalex.org/w2091619460,https://doi.org/10.1148/radiographics.22.suppl_1.g02oc04s151,,,0,0
https://openalex.org/w2091687933,https://doi.org/10.1007/s00705-013-1954-6,https://pubmed.ncbi.nlm.nih.gov/24357081,,0,0
https://openalex.org/w1997279602,https://doi.org/10.1212/wnl.0000000000000984,https://pubmed.ncbi.nlm.nih.gov/25320098,,0,0
https://openalex.org/w2067449517,https://doi.org/10.1016/s0013-9351(86)80195-5,https://pubmed.ncbi.nlm.nih.gov/3757978,,0,0
https://openalex.org/w2587262265,https://doi.org/10.1016/j.ejphar.2017.02.012,https://pubmed.ncbi.nlm.nih.gov/28192096,,0,0
https://openalex.org/w3308287,https://doi.org/10.1016/j.revmed.2013.09.003,,,0,1
https://openalex.org/w2485901918,https://doi.org/10.1007/s10067-016-3357-z,https://pubmed.ncbi.nlm.nih.gov/27448151,,0,0
https://openalex.org/w1984687903,https://doi.org/10.1111/j.1550-7408.1996.tb05028.x,,,0,0
https://openalex.org/w1970902896,https://doi.org/10.1038/sj.bjc.6602061,,,0,0
https://openalex.org/w2470121280,,,,0,0
https://openalex.org/w1999992586,https://doi.org/10.1016/s0022-1759(96)00200-1,,,0,0
https://openalex.org/w2018661082,https://doi.org/10.1210/endo.143.8.8945,https://pubmed.ncbi.nlm.nih.gov/12130577,,0,0
https://openalex.org/w114505501,https://doi.org/10.1023/a:1018992924025,,,0,0
https://openalex.org/w2615604846,https://doi.org/10.1016/j.athoracsur.2017.02.013,,,0,0
https://openalex.org/w1985469068,https://doi.org/10.2169/internalmedicine.33.6,,,0,0
https://openalex.org/w2105205869,https://doi.org/10.1093/chromsci/bms084,https://pubmed.ncbi.nlm.nih.gov/22718743,,0,0
https://openalex.org/w1886716828,https://doi.org/10.1177/039463200902200208,,,0,0
https://openalex.org/w2418912913,,https://pubmed.ncbi.nlm.nih.gov/3893229,,0,0
https://openalex.org/w2735647123,https://doi.org/10.1016/j.jneuroim.2017.07.004,https://pubmed.ncbi.nlm.nih.gov/28778433,,0,0
https://openalex.org/w2316218812,https://doi.org/10.4137/ccrpm.s36748,,,0,1
https://openalex.org/w2064476678,https://doi.org/10.1097/00043764-200001000-00016,https://pubmed.ncbi.nlm.nih.gov/10652691,,0,0
https://openalex.org/w2322406306,https://doi.org/10.1097/00001622-200009000-00010,,,0,0
https://openalex.org/w2170143274,https://doi.org/10.1016/s0733-8635(02)00021-9,https://pubmed.ncbi.nlm.nih.gov/12170874,,0,0
https://openalex.org/w2034299936,https://doi.org/10.1016/j.vetmic.2012.05.035,https://pubmed.ncbi.nlm.nih.gov/22763171,,0,0
https://openalex.org/w2107232317,https://doi.org/10.1097/mcp.0b013e3283043e30,https://pubmed.ncbi.nlm.nih.gov/18664977,,0,0
https://openalex.org/w3023343862,,https://pubmed.ncbi.nlm.nih.gov/1360686,,0,0
https://openalex.org/w4313383859,https://doi.org/10.4049/jimmunol.200.supp.60.16,,,0,0
https://openalex.org/w2020579860,https://doi.org/10.1038/ni0606-549,,,0,0
https://openalex.org/w2400673934,https://doi.org/10.1093/oxfordjournals.qjmed.a068407,,,0,0
https://openalex.org/w2142042293,https://doi.org/10.1002/lary.23737,https://pubmed.ncbi.nlm.nih.gov/23288622,,0,0
https://openalex.org/w2415015688,,,,0,0
https://openalex.org/w2117172373,https://doi.org/10.2152/jmi.54.295,https://pubmed.ncbi.nlm.nih.gov/17878679,,0,0
https://openalex.org/w2443460301,,https://pubmed.ncbi.nlm.nih.gov/9513862,,0,0
https://openalex.org/w2138690758,https://doi.org/10.1016/s0030-6665(03)00023-9,https://pubmed.ncbi.nlm.nih.gov/14567060,,0,0
https://openalex.org/w2610463023,https://doi.org/10.1016/j.autrev.2017.05.003,https://pubmed.ncbi.nlm.nih.gov/28479486,,0,1
https://openalex.org/w2768244985,https://doi.org/10.1186/s13075-017-1469-8,https://pubmed.ncbi.nlm.nih.gov/29178913,,0,0
https://openalex.org/w1978274182,https://doi.org/10.1038/sj.cdd.4402195,https://pubmed.ncbi.nlm.nih.gov/17599094,,0,0
https://openalex.org/w2057632769,https://doi.org/10.1007/s00296-008-0761-y,https://pubmed.ncbi.nlm.nih.gov/18989672,010-142-216-546-050,0,0
https://openalex.org/w2148920525,https://doi.org/10.1136/ard.2004.029694,,,0,0
https://openalex.org/w2183835649,,https://pubmed.ncbi.nlm.nih.gov/19218906,,0,0
https://openalex.org/w2026147799,https://doi.org/10.1016/j.rmr.2012.02.012,https://pubmed.ncbi.nlm.nih.gov/23101644,,0,0
https://openalex.org/w2100685941,https://doi.org/10.1093/qjmed/hcm118,https://pubmed.ncbi.nlm.nih.gov/18160417,,0,0
https://openalex.org/w2166825401,https://doi.org/10.1128/mbio.00620-12,https://pubmed.ncbi.nlm.nih.gov/23404401,,0,0
https://openalex.org/w2395329519,,https://pubmed.ncbi.nlm.nih.gov/2195967,,0,0
https://openalex.org/w2551866307,https://doi.org/10.1136/annrheumdis-2016-eular.4661,,,0,0
https://openalex.org/w2058921662,https://doi.org/10.1016/j.rdc.2013.10.002,,,0,0
https://openalex.org/w122470728,,https://pubmed.ncbi.nlm.nih.gov/8299252,,0,0
https://openalex.org/w1977065340,https://doi.org/10.1016/j.annder.2014.04.112,https://pubmed.ncbi.nlm.nih.gov/25288059,,0,0
https://openalex.org/w1991729240,https://doi.org/10.1016/j.dld.2006.05.012,https://pubmed.ncbi.nlm.nih.gov/16824811,,0,0
https://openalex.org/w2282727967,https://doi.org/10.4137/ccrpm.s23315,,,0,0
https://openalex.org/w3148832087,https://doi.org/10.1111/1756-185x.12962,,,0,1
https://openalex.org/w329715897,,https://pubmed.ncbi.nlm.nih.gov/3602703,,0,0
https://openalex.org/w2512898335,https://doi.org/10.1259/bjr.20160347,https://pubmed.ncbi.nlm.nih.gov/27603510,,0,0
https://openalex.org/w2412757768,https://doi.org/10.1183/13993003.00690-2016,https://pubmed.ncbi.nlm.nih.gov/27246077,024-402-049-262-881,0,0
https://openalex.org/w1983508164,https://doi.org/10.1007/s00420-004-0513-6,https://pubmed.ncbi.nlm.nih.gov/15156325,,0,0
https://openalex.org/w4232518833,https://doi.org/10.1093/cvr/cvy060,,,0,0
https://openalex.org/w2089903482,https://doi.org/10.1371/journal.pone.0009097,https://pubmed.ncbi.nlm.nih.gov/20140098,,0,0
https://openalex.org/w2414192175,,https://pubmed.ncbi.nlm.nih.gov/17659753,,0,0
https://openalex.org/w1954875375,https://doi.org/10.1183/09031936.95.08091559,,,0,0
https://openalex.org/w2300122869,https://doi.org/10.1093/ejcts/ezv256,https://pubmed.ncbi.nlm.nih.gov/26156944,,0,0
https://openalex.org/w2163580731,https://doi.org/10.1093/ndt/gfs414,https://pubmed.ncbi.nlm.nih.gov/23045430,,0,0
https://openalex.org/w2237658324,https://doi.org/10.1586/1744666x.2016.1139454,https://pubmed.ncbi.nlm.nih.gov/26752397,,0,0
https://openalex.org/w4300377197,https://doi.org/10.1007/s12072-015-9609-1,,,0,0
https://openalex.org/w2412585866,,https://pubmed.ncbi.nlm.nih.gov/6531498,,0,0
https://openalex.org/w1159002732,https://doi.org/10.1016/j.athoracsur.2015.06.024,https://pubmed.ncbi.nlm.nih.gov/26319484,,0,0
https://openalex.org/w2036641662,https://doi.org/10.1007/bf02751713,https://pubmed.ncbi.nlm.nih.gov/7744453,,0,0
https://openalex.org/w1960468457,https://doi.org/10.1002/ppul.19502308141,,,0,0
https://openalex.org/w2577260743,https://doi.org/10.1080/17476348.2017.1281745,https://pubmed.ncbi.nlm.nih.gov/28076979,,0,0
https://openalex.org/w2136281780,https://doi.org/10.1164/rccm.201005-0697ed,https://pubmed.ncbi.nlm.nih.gov/20713640,,0,0
https://openalex.org/w1981925397,https://doi.org/10.1044/1059-0889(1999/011),https://pubmed.ncbi.nlm.nih.gov/10499116,,0,0
https://openalex.org/w2004009723,https://doi.org/10.1016/j.autrev.2014.01.022,https://pubmed.ncbi.nlm.nih.gov/24424190,,0,1
https://openalex.org/w2149749547,https://doi.org/10.1111/j.1365-2133.1990.tb01818.x,https://pubmed.ncbi.nlm.nih.gov/2117968,,0,0
https://openalex.org/w2072091174,https://doi.org/10.3899/jrheum.090652,https://pubmed.ncbi.nlm.nih.gov/20231208,,0,1
https://openalex.org/w2322669094,https://doi.org/10.1136/annrheumdis-2016-209124.167,,,0,1
https://openalex.org/w2097351176,https://doi.org/10.1093/rheumatology/40.2.216,https://pubmed.ncbi.nlm.nih.gov/11257161,,0,0
https://openalex.org/w122675118,,,,0,0
https://openalex.org/w2071842907,https://doi.org/10.1136/thx.50.2.181,https://pubmed.ncbi.nlm.nih.gov/7701459,,0,0
https://openalex.org/w2328092576,https://doi.org/10.1164/ajrccm-conference.2012.185.1_meetingabstracts.a6609,,,0,1
https://openalex.org/w2128940003,https://doi.org/10.1002/eji.200737532,https://pubmed.ncbi.nlm.nih.gov/17935074,,0,0
https://openalex.org/w2416097871,https://doi.org/10.1177/0961203316651748,https://pubmed.ncbi.nlm.nih.gov/27252271,,0,0
https://openalex.org/w1529476232,https://doi.org/10.1016/s0021-9258(20)30113-7,,,0,0
https://openalex.org/w2473790099,https://doi.org/10.1177/1759720x16655126,,,0,0
https://openalex.org/w2417808683,,https://pubmed.ncbi.nlm.nih.gov/9805972,,0,0
https://openalex.org/w2012941429,https://doi.org/10.1016/j.jbspin.2009.08.008,https://pubmed.ncbi.nlm.nih.gov/20188618,,0,1
https://openalex.org/w2168592759,https://doi.org/10.1093/qjmed/hcv152,https://pubmed.ncbi.nlm.nih.gov/26319707,046-170-576-286-613,0,0
https://openalex.org/w2894488490,https://doi.org/10.1097/bor.0000000000000555,https://pubmed.ncbi.nlm.nih.gov/30239350,,0,0
https://openalex.org/w2065602118,https://doi.org/10.1016/j.ejrad.2007.05.017,https://pubmed.ncbi.nlm.nih.gov/17604929,,1,1
https://openalex.org/w2065067818,https://doi.org/10.1164/rccm.200912-1875oc,https://pubmed.ncbi.nlm.nih.gov/20508217,,0,0
https://openalex.org/w1987353768,https://doi.org/10.1016/s0049-0172(96)80026-6,https://pubmed.ncbi.nlm.nih.gov/8870113,,0,1
https://openalex.org/w4298340585,https://doi.org/10.1002/art.38216,,,0,1
https://openalex.org/w2418940919,,,,0,0
https://openalex.org/w1976767390,https://doi.org/10.1016/s0264-410x(00)00087-6,,,0,0
https://openalex.org/w2039472941,https://doi.org/10.1111/j.1440-1843.2009.01666.x,https://pubmed.ncbi.nlm.nih.gov/19947998,,0,0
https://openalex.org/w2157494458,https://doi.org/10.1136/ard.2004.029033,https://pubmed.ncbi.nlm.nih.gov/15374854,,0,0
https://openalex.org/w2171149741,,https://pubmed.ncbi.nlm.nih.gov/25326405,,0,0
https://openalex.org/w2738928912,https://doi.org/10.1159/000478786,,,0,0
https://openalex.org/w2766056306,https://doi.org/10.1016/j.rmed.2017.10.020,https://pubmed.ncbi.nlm.nih.gov/29229096,,1,1
https://openalex.org/w2109898767,https://doi.org/10.1016/j.vaccine.2009.04.050,https://pubmed.ncbi.nlm.nih.gov/19406182,,0,0
https://openalex.org/w2791185849,https://doi.org/10.1093/rheumatology/key031,,,0,0
https://openalex.org/w2057459031,https://doi.org/10.1016/j.semarthrit.2005.12.004,https://pubmed.ncbi.nlm.nih.gov/16616154,,0,0
https://openalex.org/w2021799975,https://doi.org/10.1378/chest.105.4.1299a,https://pubmed.ncbi.nlm.nih.gov/8018163,,0,0
https://openalex.org/w1560867514,https://doi.org/10.1111/j.1365-2249.2011.04440.x,,,0,0
https://openalex.org/w2410377448,,,,0,0
https://openalex.org/w1023021049,,,,0,0
https://openalex.org/w2080514957,https://doi.org/10.1002/art.1780310408,,,0,1
https://openalex.org/w2254693768,https://doi.org/10.3760/cma.j.issn.0366-6999.2010.05.001,,,0,0
https://openalex.org/w2011732857,https://doi.org/10.1259/bjr.20140596,https://pubmed.ncbi.nlm.nih.gov/25490255,,0,0
https://openalex.org/w2410348075,,https://pubmed.ncbi.nlm.nih.gov/3175519,,0,0
https://openalex.org/w2805348578,https://doi.org/10.7150/jca.24936,,,0,0
https://openalex.org/w2045953344,https://doi.org/10.1084/jem.20100257,https://pubmed.ncbi.nlm.nih.gov/20603313,019-297-565-634-722,0,0
https://openalex.org/w2014935861,https://doi.org/10.1016/j.transproceed.2014.09.163,,,0,0
https://openalex.org/w2321119904,https://doi.org/10.1097/md.0000000000000798,https://pubmed.ncbi.nlm.nih.gov/26131832,,0,1
https://openalex.org/w1582335905,https://doi.org/10.1186/1471-2407-4-1,https://pubmed.ncbi.nlm.nih.gov/14725718,,0,0
https://openalex.org/w94428560,,https://pubmed.ncbi.nlm.nih.gov/9306506,,0,0
https://openalex.org/w1993577147,https://doi.org/10.1073/pnas.1414070111,https://pubmed.ncbi.nlm.nih.gov/25157133,,0,0
https://openalex.org/w2401933868,,,,0,0
https://openalex.org/w2069200039,https://doi.org/10.1371/journal.pone.0120313,https://pubmed.ncbi.nlm.nih.gov/25789468,,0,1
https://openalex.org/w37119766,https://doi.org/10.1016/s0002-9440(10)65400-4,https://pubmed.ncbi.nlm.nih.gov/10329599,166-546-132-174-745,0,0
https://openalex.org/w1720954935,https://doi.org/10.1111/j.1365-2567.2011.03414.x,https://pubmed.ncbi.nlm.nih.gov/21342182,,0,0
https://openalex.org/w2002572126,https://doi.org/10.1002/1097-0045(20000801)44:3<204::aid-pros4>3.0.co;2-w,,,0,0
https://openalex.org/w2537423540,https://doi.org/10.1111/his.13103,https://pubmed.ncbi.nlm.nih.gov/27757985,,0,0
https://openalex.org/w2415926476,,https://pubmed.ncbi.nlm.nih.gov/3270497,,0,0
https://openalex.org/w2587453185,https://doi.org/10.1016/j.resinv.2016.09.006,https://pubmed.ncbi.nlm.nih.gov/28274528,,0,0
https://openalex.org/w4250199578,https://doi.org/10.1089/thy.2011.2110.abs,,,0,0
https://openalex.org/w2886141662,https://doi.org/10.1016/j.reuma.2018.06.002,https://pubmed.ncbi.nlm.nih.gov/30120021,,0,0
https://openalex.org/w2000753721,https://doi.org/10.1002/art.11484,https://pubmed.ncbi.nlm.nih.gov/14730618,,0,0
https://openalex.org/w1767426513,https://doi.org/10.1111/cmi.12168,https://pubmed.ncbi.nlm.nih.gov/23848378,,0,0
https://openalex.org/w2115430090,https://doi.org/10.4049/jimmunol.176.2.1122,https://pubmed.ncbi.nlm.nih.gov/16394001,,0,0
https://openalex.org/w2359945972,,,,0,0
https://openalex.org/w1986680297,https://doi.org/10.1016/j.ejrad.2013.05.026,https://pubmed.ncbi.nlm.nih.gov/23791520,,0,0
https://openalex.org/w2416763102,,,,0,0
https://openalex.org/w4302334286,,https://pubmed.ncbi.nlm.nih.gov/10897851,,0,0
https://openalex.org/w2104358923,https://doi.org/10.1016/j.vaccine.2008.07.084,https://pubmed.ncbi.nlm.nih.gov/18706956,,0,0
https://openalex.org/w2032183557,https://doi.org/10.1074/jbc.m112.358705,https://pubmed.ncbi.nlm.nih.gov/22461621,,0,0
https://openalex.org/w1988225321,https://doi.org/10.1016/j.resp.2012.02.004,https://pubmed.ncbi.nlm.nih.gov/22366153,,0,0
https://openalex.org/w2013775250,https://doi.org/10.1016/j.rmed.2012.09.003,https://pubmed.ncbi.nlm.nih.gov/23034317,,0,0
https://openalex.org/w2605427239,https://doi.org/10.7860/jcdr/2017/20281.9626,,,0,0
https://openalex.org/w2790921473,https://doi.org/10.1155/2018/9263537,https://pubmed.ncbi.nlm.nih.gov/29670798,,0,0
https://openalex.org/w2132726700,https://doi.org/10.1074/jbc.m114.563114,https://pubmed.ncbi.nlm.nih.gov/24798340,,0,0
https://openalex.org/w2416329596,,https://pubmed.ncbi.nlm.nih.gov/7899739,,0,0
https://openalex.org/w2417912351,https://doi.org/10.1097/rhu.0b013e3181f4e000,https://pubmed.ncbi.nlm.nih.gov/20859220,,0,0
https://openalex.org/w2223212997,https://doi.org/10.1016/s0891-5520(20)30436-0,https://pubmed.ncbi.nlm.nih.gov/1578120,,0,0
https://openalex.org/w2048716562,https://doi.org/10.1371/journal.pone.0060442,https://pubmed.ncbi.nlm.nih.gov/23573256,,0,1
https://openalex.org/w2039405338,https://doi.org/10.1126/scitranslmed.3003658,https://pubmed.ncbi.nlm.nih.gov/22323826,,0,0
https://openalex.org/w4232910936,https://doi.org/10.1097/00002281-199411000-00007,https://pubmed.ncbi.nlm.nih.gov/7865378,,0,0
https://openalex.org/w2063999393,https://doi.org/10.1378/chest.1829030,,,0,0
https://openalex.org/w2155488858,https://doi.org/10.1093/nar/29.20.4179,,,0,0
https://openalex.org/w4300065822,,,,0,0
https://openalex.org/w2056431518,https://doi.org/10.1289/ehp.99107731,https://pubmed.ncbi.nlm.nih.gov/10464074,,0,0
https://openalex.org/w4250419168,https://doi.org/10.1038/labinvest.2016.165,,,0,0
https://openalex.org/w2003835843,https://doi.org/10.1016/j.jbiotec.2012.12.013,https://pubmed.ncbi.nlm.nih.gov/23313887,,0,0
https://openalex.org/w1973609668,https://doi.org/10.1017/s0022215106005032,https://pubmed.ncbi.nlm.nih.gov/17140461,,0,0
https://openalex.org/w2594091337,https://doi.org/10.1016/j.rmed.2017.03.004,https://pubmed.ncbi.nlm.nih.gov/28285991,,0,0
https://openalex.org/w2066036573,https://doi.org/10.1021/jo4012442,https://pubmed.ncbi.nlm.nih.gov/23848545,,0,0
https://openalex.org/w2106261552,https://doi.org/10.1378/chest.11-0801,https://pubmed.ncbi.nlm.nih.gov/22156609,,0,0
https://openalex.org/w2111110422,https://doi.org/10.1086/517309,https://pubmed.ncbi.nlm.nih.gov/9291341,134-261-726-535-43X,0,0
https://openalex.org/w2791575892,https://doi.org/10.1016/j.monrhu.2018.01.004,,,0,1
https://openalex.org/w2299637892,https://doi.org/10.1007/s10545-014-9740-5,,,0,0
https://openalex.org/w2016547132,https://doi.org/10.1002/acr.20433,https://pubmed.ncbi.nlm.nih.gov/21452269,,0,0
https://openalex.org/w1997886998,https://doi.org/10.1016/j.chom.2014.01.010,https://pubmed.ncbi.nlm.nih.gov/24528867,,0,0
https://openalex.org/w52437442,https://doi.org/10.1182/blood.v93.3.1038,,,0,0
https://openalex.org/w2019646743,https://doi.org/10.1371/journal.ppat.1003400,https://pubmed.ncbi.nlm.nih.gov/23762026,,0,0
https://openalex.org/w2020060831,https://doi.org/10.1159/000314225,https://pubmed.ncbi.nlm.nih.gov/20431280,,0,0
https://openalex.org/w2043208670,https://doi.org/10.1016/j.cyto.2007.09.001,,,0,0
https://openalex.org/w2573748772,https://doi.org/10.1186/s13075-016-1214-8,https://pubmed.ncbi.nlm.nih.gov/28103926,,0,0
https://openalex.org/w2132482634,https://doi.org/10.1146/annurev.biochem.74.082803.133347,https://pubmed.ncbi.nlm.nih.gov/15952891,,0,0
https://openalex.org/w2612945735,https://doi.org/10.3389/fmicb.2017.00872,https://pubmed.ncbi.nlm.nih.gov/28555133,,0,0
https://openalex.org/w2123300417,https://doi.org/10.1136/thx.52.10.892,https://pubmed.ncbi.nlm.nih.gov/9404377,,0,0
https://openalex.org/w2259735240,,https://pubmed.ncbi.nlm.nih.gov/2392206,,0,0
https://openalex.org/w2004587307,https://doi.org/10.1016/j.ejca.2006.05.031,https://pubmed.ncbi.nlm.nih.gov/16959486,,0,0
https://openalex.org/w4206608585,https://doi.org/10.1007/3-540-29668-9_2865,https://pubmed.ncbi.nlm.nih.gov/1524346,,0,0
https://openalex.org/w3374666,,https://pubmed.ncbi.nlm.nih.gov/8248104,,0,0
https://openalex.org/w2128574214,https://doi.org/10.1210/jc.2003-030907,https://pubmed.ncbi.nlm.nih.gov/14764769,,0,0
https://openalex.org/w2916200525,https://doi.org/10.1002/ana.410170402,https://pubmed.ncbi.nlm.nih.gov/2988409,,0,0
https://openalex.org/w61146713,,,,0,0
https://openalex.org/w2188152465,https://doi.org/10.1371/journal.pone.0141911,https://pubmed.ncbi.nlm.nih.gov/26630396,,0,0
https://openalex.org/w2138437290,https://doi.org/10.1016/j.trstmh.2012.06.008,https://pubmed.ncbi.nlm.nih.gov/22819770,,0,0
https://openalex.org/w2897995591,https://doi.org/10.1136/bcr-2018-226119,https://pubmed.ncbi.nlm.nih.gov/30323103,,0,0
https://openalex.org/w2021215548,https://doi.org/10.1111/j.1365-4362.1988.tb02400.x,https://pubmed.ncbi.nlm.nih.gov/3061945,,0,0
https://openalex.org/w1959806629,https://doi.org/10.1155/2004/812840,https://pubmed.ncbi.nlm.nih.gov/15124039,132-792-830-485-786,0,0
https://openalex.org/w2025432731,https://doi.org/10.1007/s11739-015-1204-x,https://pubmed.ncbi.nlm.nih.gov/25672832,,0,0
https://openalex.org/w2121677135,https://doi.org/10.1016/j.revmed.2009.03.356,https://pubmed.ncbi.nlm.nih.gov/19683369,,0,0
https://openalex.org/w2126719591,https://doi.org/10.1186/ar4606,,,0,0
https://openalex.org/w1973603028,https://doi.org/10.1016/j.micinf.2007.01.017,https://pubmed.ncbi.nlm.nih.gov/17382568,,0,0
https://openalex.org/w40136811,,,,0,0
https://openalex.org/w2808386561,https://doi.org/10.1016/j.rmed.2018.06.012,,,0,0
https://openalex.org/w2128943836,https://doi.org/10.1016/j.anai.2014.04.024,,,0,0
https://openalex.org/w2285543512,https://doi.org/10.1126/science.aac6468,https://pubmed.ncbi.nlm.nih.gov/26516283,,0,0
https://openalex.org/w1969808218,https://doi.org/10.1155/2013/648570,https://pubmed.ncbi.nlm.nih.gov/24106519,,1,1
https://openalex.org/w2200982879,https://doi.org/10.1164/ajrccm/145.1.36,https://pubmed.ncbi.nlm.nih.gov/1731596,,0,0
https://openalex.org/w2278415158,https://doi.org/10.1093/qjmed/hcv159,https://pubmed.ncbi.nlm.nih.gov/26354763,137-361-831-777-825,0,0
https://openalex.org/w2149704700,https://doi.org/10.3892/ijmm.3.3.263,,,0,0
https://openalex.org/w97009088,https://doi.org/10.1007/978-94-007-4549-0_35,,,0,0
https://openalex.org/w2607106027,https://doi.org/10.1016/j.immuni.2017.03.016,https://pubmed.ncbi.nlm.nih.gov/28410991,,0,0
https://openalex.org/w2412354948,https://doi.org/10.1093/brain/aww125,,039-176-923-291-948,1,1
https://openalex.org/w2130743280,https://doi.org/10.1084/jem.20130627,https://pubmed.ncbi.nlm.nih.gov/24638169,,0,0
https://openalex.org/w2460064485,,https://pubmed.ncbi.nlm.nih.gov/1345026,,0,0
https://openalex.org/w2069871416,https://doi.org/10.1136/bjo.2007.125252,https://pubmed.ncbi.nlm.nih.gov/17962390,,0,0
https://openalex.org/w4249583914,https://doi.org/10.1111/1756-185x.13360,,,0,1
https://openalex.org/w2323779518,https://doi.org/10.1136/annrheumdis-2014-eular.1734,,,0,1
https://openalex.org/w2773057785,https://doi.org/10.1016/j.jns.2017.08.3053,,,0,0
https://openalex.org/w2047495049,https://doi.org/10.1111/j.1440-1843.2006.00881.x,https://pubmed.ncbi.nlm.nih.gov/16771927,,0,0
https://openalex.org/w2094975067,https://doi.org/10.1016/j.jaad.2005.10.041,https://pubmed.ncbi.nlm.nih.gov/16546580,,0,0
https://openalex.org/w1987514170,https://doi.org/10.1016/0003-9861(87)90332-8,,,0,0
https://openalex.org/w3187837017,https://doi.org/10.1002/eji.200990224,,,0,0
https://openalex.org/w2171982502,https://doi.org/10.1038/nm.2729,https://pubmed.ncbi.nlm.nih.gov/22522562,,0,0
https://openalex.org/w2167782836,https://doi.org/10.1111/j.1365-2990.2012.01302.x,,,0,1
https://openalex.org/w41348099,https://doi.org/10.1007/bf02779294,,,0,0
https://openalex.org/w2132803021,https://doi.org/10.2174/157016209789973619,https://pubmed.ncbi.nlm.nih.gov/19929800,053-917-015-189-430,0,0
https://openalex.org/w2513275059,https://doi.org/10.1016/j.rmed.2016.09.002,https://pubmed.ncbi.nlm.nih.gov/27692137,,1,1
https://openalex.org/w2023301028,https://doi.org/10.1191/0961203305lu2158oa,https://pubmed.ncbi.nlm.nih.gov/16130510,,0,1
https://openalex.org/w2083348598,https://doi.org/10.1016/j.semarthrit.2015.04.009,https://pubmed.ncbi.nlm.nih.gov/25959492,,0,0
https://openalex.org/w2165897088,https://doi.org/10.1148/rg.271065074,,,0,0
https://openalex.org/w2332979689,https://doi.org/10.1097/00063198-200109000-00006,,,0,0
https://openalex.org/w2474065575,,https://pubmed.ncbi.nlm.nih.gov/3068535,,0,0
https://openalex.org/w1970098002,https://doi.org/10.4103/1817-1737.124447,,,0,0
https://openalex.org/w2039409669,https://doi.org/10.1016/s0168-8278(13)61239-8,,,0,0
https://openalex.org/w2474941211,,,,0,0
https://openalex.org/w2044376573,https://doi.org/10.1136/bjo.83.8.941,https://pubmed.ncbi.nlm.nih.gov/10413698,,0,0
https://openalex.org/w2041184125,https://doi.org/10.3899/jrheum.141104,https://pubmed.ncbi.nlm.nih.gov/25641890,,0,0
https://openalex.org/w2276157690,,https://pubmed.ncbi.nlm.nih.gov/11845039,,0,0
https://openalex.org/w2089210049,https://doi.org/10.1136/oemed-2012-101290,https://pubmed.ncbi.nlm.nih.gov/23248187,016-487-207-010-213,0,0
https://openalex.org/w2098843843,https://doi.org/10.1016/j.rmed.2009.05.001,https://pubmed.ncbi.nlm.nih.gov/19497723,,1,1
https://openalex.org/w1964470748,https://doi.org/10.1371/journal.ppat.1003926,https://pubmed.ncbi.nlm.nih.gov/24516390,,0,0
https://openalex.org/w2018617983,https://doi.org/10.1136/ejhpharm-2012-000074.260,,,0,0
https://openalex.org/w1985204683,https://doi.org/10.1186/1471-2407-14-508,https://pubmed.ncbi.nlm.nih.gov/25012241,,0,0
https://openalex.org/w2073099341,https://doi.org/10.1016/j.jviromet.2008.06.011,https://pubmed.ncbi.nlm.nih.gov/18606190,,0,0
https://openalex.org/w2011140990,https://doi.org/10.1111/j.1364-3703.2006.00335.x,https://pubmed.ncbi.nlm.nih.gov/20507444,,0,0
https://openalex.org/w2632386355,https://doi.org/10.1016/j.rmed.2017.06.015,https://pubmed.ncbi.nlm.nih.gov/28732824,,0,0
https://openalex.org/w2330119315,https://doi.org/10.1097/mcp.0000000000000081,https://pubmed.ncbi.nlm.nih.gov/25022317,,0,0
https://openalex.org/w2137107967,https://doi.org/10.1006/abbi.2001.2558,https://pubmed.ncbi.nlm.nih.gov/11697862,,0,0
https://openalex.org/w2021400893,https://doi.org/10.1191/0961203302lu186oa,https://pubmed.ncbi.nlm.nih.gov/12090563,,0,0
https://openalex.org/w2463280399,,https://pubmed.ncbi.nlm.nih.gov/3423679,,0,0
https://openalex.org/w2553451901,https://doi.org/10.1136/bmjopen-2016-012744,https://pubmed.ncbi.nlm.nih.gov/27856478,,0,0
https://openalex.org/w2241843895,https://doi.org/10.1002/hep.24666,,,0,0
https://openalex.org/w1990459312,https://doi.org/10.1097/maj.0b013e3181ad5984,https://pubmed.ncbi.nlm.nih.gov/19826245,,0,0
https://openalex.org/w1971493000,https://doi.org/10.1016/j.jtcvs.2014.08.086,,,0,0
https://openalex.org/w4250594825,https://doi.org/10.1007/s11845-016-1467-x,,,0,0
https://openalex.org/w2536250760,https://doi.org/10.1080/17476348.2016.1251843,https://pubmed.ncbi.nlm.nih.gov/27766905,,0,0
https://openalex.org/w2015585326,https://doi.org/10.1016/j.injr.2014.10.005,,,0,1
https://openalex.org/w2415956876,https://doi.org/10.1136/annrheumdis-2015-eular.3761,,,0,1
https://openalex.org/w2024103532,https://doi.org/10.1073/pnas.88.8.3460,,,0,0
https://openalex.org/w2157635632,https://doi.org/10.1046/j.1365-2133.1999.02818.x,,,0,0
https://openalex.org/w2056952763,https://doi.org/10.1002/gps.1360,https://pubmed.ncbi.nlm.nih.gov/16035120,,0,0
https://openalex.org/w2110664280,https://doi.org/10.1186/ar2533,https://pubmed.ncbi.nlm.nih.gov/18928561,,0,0
https://openalex.org/w2143866572,https://doi.org/10.1128/jvi.70.8.5016-5024.1996,https://pubmed.ncbi.nlm.nih.gov/8764008,,0,0
https://openalex.org/w2017317273,https://doi.org/10.1111/j.1440-1843.2008.01477.x,https://pubmed.ncbi.nlm.nih.gov/19192220,,0,0
https://openalex.org/w2316116247,https://doi.org/10.1136/annrheumdis-2014-eular.5417,,,0,0
https://openalex.org/w2553968598,https://doi.org/10.1136/annrheumdis-2016-eular.5670,,,0,1
https://openalex.org/w2007607120,https://doi.org/10.1136/oem.52.9.606,https://pubmed.ncbi.nlm.nih.gov/7550801,,0,0
https://openalex.org/w2133789246,https://doi.org/10.1007/s10552-012-0107-7,https://pubmed.ncbi.nlm.nih.gov/23187858,,0,0
https://openalex.org/w2620280050,https://doi.org/10.1016/j.autrev.2017.05.021,https://pubmed.ncbi.nlm.nih.gov/28572050,,0,1
https://openalex.org/w2155221296,https://doi.org/10.1083/jcb.123.1.127,,,0,0
https://openalex.org/w2135687748,https://doi.org/10.1136/oem.57.5.358,https://pubmed.ncbi.nlm.nih.gov/10769303,,0,0
https://openalex.org/w2022374656,https://doi.org/10.1038/cmi.2015.33,https://pubmed.ncbi.nlm.nih.gov/25914934,,0,0
https://openalex.org/w2089283560,https://doi.org/10.1002/lary.21121,https://pubmed.ncbi.nlm.nih.gov/20972970,,0,0
https://openalex.org/w1974770611,https://doi.org/10.1378/chest.1386114,,,0,0
https://openalex.org/w2434399039,,,,0,0
https://openalex.org/w1970065250,https://doi.org/10.1016/s0761-8425(07)78508-x,https://pubmed.ncbi.nlm.nih.gov/18216750,,0,0
https://openalex.org/w1262308645,,https://pubmed.ncbi.nlm.nih.gov/7837150,,0,0
https://openalex.org/w2045766876,https://doi.org/10.1016/s0304-5412(13)70583-3,,,0,0
https://openalex.org/w207326852,,https://pubmed.ncbi.nlm.nih.gov/17201110,,0,0
https://openalex.org/w2036487008,https://doi.org/10.1183/09031936.03.00026703,https://pubmed.ncbi.nlm.nih.gov/12952255,,0,0
https://openalex.org/w1991496611,https://doi.org/10.1046/j.1440-1843.2001.00347.x,,,0,0
https://openalex.org/w2035203355,https://doi.org/10.1155/s1357714x00000074,,,0,0
https://openalex.org/w2070121598,https://doi.org/10.1016/s0025-6196(12)62030-8,https://pubmed.ncbi.nlm.nih.gov/3724244,,0,0
https://openalex.org/w2005073648,https://doi.org/10.1007/s00264-008-0529-8,https://pubmed.ncbi.nlm.nih.gov/18338168,,0,0
https://openalex.org/w2331665241,https://doi.org/10.1164/ajrccm-conference.2012.185.1_meetingabstracts.a6614,,,0,1
https://openalex.org/w1983732602,https://doi.org/10.2169/internalmedicine.49.2889,,,1,1
https://openalex.org/w2025583913,https://doi.org/10.1016/s0378-5955(97)00054-3,,,0,0
https://openalex.org/w2083197722,https://doi.org/10.1097/mog.0b013e3282f21388,https://pubmed.ncbi.nlm.nih.gov/18043228,,0,0
https://openalex.org/w113614861,,https://pubmed.ncbi.nlm.nih.gov/9677636,,0,0
https://openalex.org/w2032003226,https://doi.org/10.1097/00124743-199604000-00006,https://pubmed.ncbi.nlm.nih.gov/19078036,,0,0
https://openalex.org/w2755373769,https://doi.org/10.3892/mmr.2017.7542,https://pubmed.ncbi.nlm.nih.gov/28944850,,0,0
https://openalex.org/w1516247662,https://doi.org/10.1111/cei.12319,https://pubmed.ncbi.nlm.nih.gov/24611519,,0,0
https://openalex.org/w2415996558,,https://pubmed.ncbi.nlm.nih.gov/3706909,,0,0
https://openalex.org/w2324329782,https://doi.org/10.1016/j.exphem.2014.07.253,,,0,0
https://openalex.org/w2055113240,https://doi.org/10.1097/spc.0b013e3283392b51,,,0,0
https://openalex.org/w2078385754,https://doi.org/10.1006/exer.2001.1119,,,0,0
https://openalex.org/w2022568656,https://doi.org/10.1097/00124743-200202000-00010,https://pubmed.ncbi.nlm.nih.gov/17039200,,0,0
https://openalex.org/w2409837433,,https://pubmed.ncbi.nlm.nih.gov/15095740,,0,0
https://openalex.org/w1971495430,https://doi.org/10.1371/journal.pone.0051105,https://pubmed.ncbi.nlm.nih.gov/23226472,,0,0
https://openalex.org/w2315855923,https://doi.org/10.1055/s-0033-1356548,https://pubmed.ncbi.nlm.nih.gov/24037628,,0,0
https://openalex.org/w241327618,,,,0,0
https://openalex.org/w2163038928,https://doi.org/10.1161/strokeaha.108.516955,https://pubmed.ncbi.nlm.nih.gov/18635839,027-854-870-380-094,0,0
https://openalex.org/w2416117952,,https://pubmed.ncbi.nlm.nih.gov/26914299,,0,0
https://openalex.org/w2024693756,https://doi.org/10.1177/0885066613516579,https://pubmed.ncbi.nlm.nih.gov/24371251,,0,1
https://openalex.org/w2072328225,https://doi.org/10.1016/j.lpm.2010.06.008,https://pubmed.ncbi.nlm.nih.gov/20655695,,0,1
https://openalex.org/w2041658579,https://doi.org/10.1046/j.1365-2249.2001.01650.x,,,0,0
https://openalex.org/w2143839322,https://doi.org/10.1091/mbc.e08-11-1129,,,0,0
https://openalex.org/w2397123636,https://doi.org/10.1152/ajplung.00228.2015,https://pubmed.ncbi.nlm.nih.gov/26472815,,0,0
https://openalex.org/w2035733535,https://doi.org/10.1006/abio.2002.5711,,,0,0
https://openalex.org/w2991909096,,https://pubmed.ncbi.nlm.nih.gov/18204147,,0,0
https://openalex.org/w2116540410,https://doi.org/10.1136/thx.2004.022244,https://pubmed.ncbi.nlm.nih.gov/15618580,,0,0
https://openalex.org/w100012186,,https://pubmed.ncbi.nlm.nih.gov/18204139,,0,0
https://openalex.org/w1983463618,https://doi.org/10.1136/ard.2003.006122,https://pubmed.ncbi.nlm.nih.gov/14962966,,0,0
https://openalex.org/w2013337140,https://doi.org/10.1016/j.humpath.2014.01.018,https://pubmed.ncbi.nlm.nih.gov/24767252,,1,1
https://openalex.org/w2387188896,https://doi.org/10.3969/j.issn.1672-7347.2010.07.002,https://pubmed.ncbi.nlm.nih.gov/20693704,,0,0
https://openalex.org/w2320611120,https://doi.org/10.1136/annrheumdis-2013-205124.28,,,0,0
https://openalex.org/w2044715616,https://doi.org/10.1016/s0140-6736(00)04587-6,https://pubmed.ncbi.nlm.nih.gov/11360940,,0,0
https://openalex.org/w2237759033,https://doi.org/10.1097/smj.0b013e3180485c62,,,0,0
https://openalex.org/w2755942384,https://doi.org/10.1109/embc.2017.8037618,https://pubmed.ncbi.nlm.nih.gov/29060659,,0,0
https://openalex.org/w1967542881,https://doi.org/10.1007/s10067-010-1661-6,https://pubmed.ncbi.nlm.nih.gov/21221687,,0,0
https://openalex.org/w2059448593,https://doi.org/10.1097/00063198-200309000-00015,https://pubmed.ncbi.nlm.nih.gov/12904715,,0,0
https://openalex.org/w2249118663,,https://pubmed.ncbi.nlm.nih.gov/10897849,,0,0
https://openalex.org/w2223009545,https://doi.org/10.1172/jci84428,https://pubmed.ncbi.nlm.nih.gov/26731473,,0,0
https://openalex.org/w2035944617,https://doi.org/10.1111/jam.12325,,,0,0
https://openalex.org/w2576043950,https://doi.org/10.1111/nan.12380,,,0,1
https://openalex.org/w2052037194,https://doi.org/10.3766/jaaa.20.6.3,https://pubmed.ncbi.nlm.nih.gov/19594083,,0,0
https://openalex.org/w83806136,,https://pubmed.ncbi.nlm.nih.gov/6497337,,0,0
https://openalex.org/w2204249924,https://doi.org/10.1016/j.jbspin.2015.03.016,https://pubmed.ncbi.nlm.nih.gov/26471411,,0,0
https://openalex.org/w2465780439,,https://pubmed.ncbi.nlm.nih.gov/8692777,,0,0
https://openalex.org/w2094851773,https://doi.org/10.1016/j.hlc.2005.01.002,,,0,0
https://openalex.org/w1993946952,https://doi.org/10.1016/j.lungcan.2010.04.014,https://pubmed.ncbi.nlm.nih.gov/20493578,,0,0
https://openalex.org/w2136036129,https://doi.org/10.1242/jcs.041178,https://pubmed.ncbi.nlm.nih.gov/19208760,,0,0
https://openalex.org/w2113079522,https://doi.org/10.1186/1744-8069-10-25,https://pubmed.ncbi.nlm.nih.gov/24725960,,0,0
https://openalex.org/w2316962974,https://doi.org/10.1093/jnci/85.20.1697,https://pubmed.ncbi.nlm.nih.gov/8411249,,0,0
https://openalex.org/w2184467070,https://doi.org/10.1167/iovs.15-16748,,,0,0
https://openalex.org/w2014890186,https://doi.org/10.1002/art.24111,https://pubmed.ncbi.nlm.nih.gov/18821659,,0,0
https://openalex.org/w2055069386,https://doi.org/10.1074/jbc.m004646200,https://pubmed.ncbi.nlm.nih.gov/10922368,,0,0
https://openalex.org/w2070691527,https://doi.org/10.1002/ijc.10100,,,0,0
https://openalex.org/w1992505355,https://doi.org/10.1002/ijc.10475,https://pubmed.ncbi.nlm.nih.gov/12115561,,0,0
https://openalex.org/w2113777343,https://doi.org/10.1097/01.mcp.0000134390.27904.a9,https://pubmed.ncbi.nlm.nih.gov/15316438,,0,0
https://openalex.org/w2098903653,https://doi.org/10.3899/jrheum.130346,https://pubmed.ncbi.nlm.nih.gov/24429180,,0,0
https://openalex.org/w2885188094,https://doi.org/10.1016/s1474-4422(18)30254-0,https://pubmed.ncbi.nlm.nih.gov/30129477,,0,1
https://openalex.org/w1992042556,https://doi.org/10.1002/art.21331,,,0,0
https://openalex.org/w1966598885,https://doi.org/10.1007/s00330-005-2671-7,https://pubmed.ncbi.nlm.nih.gov/15856248,,0,0
https://openalex.org/w2119531770,https://doi.org/10.1016/j.ejcts.2008.07.028,https://pubmed.ncbi.nlm.nih.gov/18722134,,0,0
https://openalex.org/w39925445,,https://pubmed.ncbi.nlm.nih.gov/1299788,,0,0
https://openalex.org/w2142641204,https://doi.org/10.1186/1465-9921-11-37,https://pubmed.ncbi.nlm.nih.gov/20398288,,0,0
https://openalex.org/w2162574513,https://doi.org/10.3899/jrheum.120682,,,0,1
https://openalex.org/w2140251406,https://doi.org/10.1177/104063870101300513,,,0,0
https://openalex.org/w2895002324,https://doi.org/10.1007/5584_2018_271,https://pubmed.ncbi.nlm.nih.gov/30276725,,0,0
https://openalex.org/w4211185484,https://doi.org/10.1016/s2213-2600(18)30064-x,https://pubmed.ncbi.nlm.nih.gov/29625772,,0,0
https://openalex.org/w2083008554,https://doi.org/10.3389/fmicb.2011.00036,https://pubmed.ncbi.nlm.nih.gov/21687427,,0,0
https://openalex.org/w2474997083,,https://pubmed.ncbi.nlm.nih.gov/6724996,,0,0
https://openalex.org/w2005161151,https://doi.org/10.1007/s11926-002-0086-x,,,0,1
https://openalex.org/w2609418094,https://doi.org/10.1183/16000617.0004-2017,,,0,0
https://openalex.org/w2916808144,https://doi.org/10.1164/rccm.200901-0011up,https://pubmed.ncbi.nlm.nih.gov/19264979,,0,0
https://openalex.org/w2061042417,https://doi.org/10.1074/jbc.m112.393512,https://pubmed.ncbi.nlm.nih.gov/23012363,,0,0
https://openalex.org/w2185741692,,https://pubmed.ncbi.nlm.nih.gov/17649786,,0,0
https://openalex.org/w1988768242,https://doi.org/10.1097/00002281-200211000-00006,https://pubmed.ncbi.nlm.nih.gov/12410088,,0,0
https://openalex.org/w2094590653,https://doi.org/10.1111/j.1600-0714.2004.00280.x,https://pubmed.ncbi.nlm.nih.gov/15689230,,0,0
https://openalex.org/w2067266235,https://doi.org/10.2169/internalmedicine.40.1093,https://pubmed.ncbi.nlm.nih.gov/11757762,,0,0
https://openalex.org/w2029858613,https://doi.org/10.1159/000213656,,,0,0
https://openalex.org/w2143296376,https://doi.org/10.1196/annals.1361.078,https://pubmed.ncbi.nlm.nih.gov/16126978,,0,0
https://openalex.org/w2081830573,https://doi.org/10.1136/oem.43.3.145,https://pubmed.ncbi.nlm.nih.gov/3511951,068-905-777-928-363,0,0
https://openalex.org/w2803991150,https://doi.org/10.1186/s12890-018-0643-3,,,0,0
https://openalex.org/w2803100162,https://doi.org/10.1093/rheumatology/key075.206,,,0,0
https://openalex.org/w2340944545,https://doi.org/10.1111/apha.12269,,,0,0
https://openalex.org/w2591201074,https://doi.org/10.1183/16000617.0099-2016,,,0,0
https://openalex.org/w1899408447,,,,0,1
https://openalex.org/w2162784834,,,,0,0
https://openalex.org/w2886045473,https://doi.org/10.1002/art.40679,https://pubmed.ncbi.nlm.nih.gov/30058242,,0,0
https://openalex.org/w2014427307,https://doi.org/10.1155/2014/179180,https://pubmed.ncbi.nlm.nih.gov/24600322,,0,1
https://openalex.org/w2515531479,https://doi.org/10.1371/journal.pone.0161436,https://pubmed.ncbi.nlm.nih.gov/27537498,,0,0
https://openalex.org/w1994867055,https://doi.org/10.3899/jrheum.090549,https://pubmed.ncbi.nlm.nih.gov/19918034,,0,0
https://openalex.org/w2017735,https://doi.org/10.1155/2011/354325,,,0,0
https://openalex.org/w2033708648,https://doi.org/10.1164/rccm.200808-1339ed,https://pubmed.ncbi.nlm.nih.gov/19050202,,0,0
https://openalex.org/w4245110800,https://doi.org/10.1097/rti.0000000000000288,,,0,0
https://openalex.org/w2152721190,https://doi.org/10.1378/chest.11-2490,https://pubmed.ncbi.nlm.nih.gov/22459770,,0,0
https://openalex.org/w2138995541,https://doi.org/10.1136/ard.2008.091710,,,0,0
https://openalex.org/w2026510910,https://doi.org/10.1111/j.1445-5994.2006.01103.x,,,0,0
https://openalex.org/w2341397583,https://doi.org/10.1016/j.transproceed.2015.12.039,,,0,0
https://openalex.org/w2590372893,https://doi.org/10.1007/s00415-017-8416-0,https://pubmed.ncbi.nlm.nih.gov/28220286,,0,0
https://openalex.org/w2051272737,https://doi.org/10.3390/v6062465,https://pubmed.ncbi.nlm.nih.gov/24960271,,0,0
https://openalex.org/w2002755671,https://doi.org/10.1007/s004380050833,,,0,0
https://openalex.org/w1972784084,https://doi.org/10.1378/chest.129.5.1246,https://pubmed.ncbi.nlm.nih.gov/16685015,,0,0
https://openalex.org/w2086029630,https://doi.org/10.1007/s10165-007-0554-2,https://pubmed.ncbi.nlm.nih.gov/17437168,,0,0
https://openalex.org/w2532043364,https://doi.org/10.1016/j.bios.2016.10.045,https://pubmed.ncbi.nlm.nih.gov/27825520,,0,0
https://openalex.org/w629881574,https://doi.org/10.1371/journal.pone.0129276,https://pubmed.ncbi.nlm.nih.gov/26083421,,0,0
https://openalex.org/w2014508000,https://doi.org/10.1136/ard.51.3.378,https://pubmed.ncbi.nlm.nih.gov/1575586,,0,0
https://openalex.org/w1773691734,https://doi.org/10.1378/chest.2270908,,,0,0
https://openalex.org/w2128624908,https://doi.org/10.1016/j.lpm.2010.08.006,,,0,0
https://openalex.org/w2064643982,https://doi.org/10.3109/s101650300008,https://pubmed.ncbi.nlm.nih.gov/24387117,,0,0
https://openalex.org/w2323416307,https://doi.org/10.1097/md.0000000000000748,https://pubmed.ncbi.nlm.nih.gov/25906106,,0,0
https://openalex.org/w2067216995,https://doi.org/10.1097/00004032-199509000-00012,https://pubmed.ncbi.nlm.nih.gov/7635737,,0,0
https://openalex.org/w1999149884,https://doi.org/10.1038/onc.2011.101,,,0,0
https://openalex.org/w2207688015,https://doi.org/10.1155/2016/2970783,,,0,0
https://openalex.org/w2607011111,https://doi.org/10.1111/crj.12641,https://pubmed.ncbi.nlm.nih.gov/28419740,,0,0
https://openalex.org/w2171025985,https://doi.org/10.1093/rheumatology/ken369,,,0,0
https://openalex.org/w1990103298,https://doi.org/10.1016/s0248-8663(01)00552-5,,,0,1
https://openalex.org/w2955330547,,https://pubmed.ncbi.nlm.nih.gov/28461832,,0,1
https://openalex.org/w2018227707,https://doi.org/10.1097/01.bor.0000434667.55020.e1,,,0,0
https://openalex.org/w2014433482,https://doi.org/10.1007/s11325-003-0111-y,,,0,0
https://openalex.org/w2467259684,https://doi.org/10.1007/s11739-016-1501-z,https://pubmed.ncbi.nlm.nih.gov/27393142,,0,0
https://openalex.org/w1908875495,https://doi.org/10.4049/jimmunol.133.4.2194,,,0,0
https://openalex.org/w2217038405,https://doi.org/10.3899/jrheum.140977,,,0,0
https://openalex.org/w2055986053,https://doi.org/10.1111/irv.12124,https://pubmed.ncbi.nlm.nih.gov/23710832,,0,0
https://openalex.org/w2049648801,https://doi.org/10.1097/md.0000000000000222,https://pubmed.ncbi.nlm.nih.gov/25500701,,0,0
https://openalex.org/w2165021929,https://doi.org/10.1164/ajrccm/151.3_pt_1.795,https://pubmed.ncbi.nlm.nih.gov/7881673,,0,0
https://openalex.org/w1847463453,https://doi.org/10.4049/jimmunol.1501223,https://pubmed.ncbi.nlm.nih.gov/26232428,,0,0
https://openalex.org/w1967817492,https://doi.org/10.1002/(sici)1097-0274(199712)32:6<595::aid-ajim4>3.0.co;2-p,https://pubmed.ncbi.nlm.nih.gov/9358915,,0,0
https://openalex.org/w2034230597,https://doi.org/10.1016/j.molcel.2014.02.018,https://pubmed.ncbi.nlm.nih.gov/24657167,,0,0
https://openalex.org/w1964234364,https://doi.org/10.1016/j.vaccine.2008.07.102,https://pubmed.ncbi.nlm.nih.gov/18761047,,0,0
https://openalex.org/w2031595735,https://doi.org/10.3791/4041,,,0,0
https://openalex.org/w2117130934,https://doi.org/10.1093/rheumatology/keu336,https://pubmed.ncbi.nlm.nih.gov/25187644,,0,0
https://openalex.org/w1997734224,https://doi.org/10.1016/s0016-5085(10)61225-5,,,0,0
https://openalex.org/w2419502787,https://doi.org/10.1136/annrheumdis-2015-eular.2846,,,0,1
https://openalex.org/w4247199550,https://doi.org/10.1111/j.1540-8159.2009.02627.x,https://pubmed.ncbi.nlm.nih.gov/19954499,,0,0
https://openalex.org/w2894703524,https://doi.org/10.1016/j.jbspin.2018.09.019,https://pubmed.ncbi.nlm.nih.gov/30291977,,0,0
https://openalex.org/w2530681911,https://doi.org/10.1155/2016/5139651,https://pubmed.ncbi.nlm.nih.gov/27803925,,0,0
https://openalex.org/w2623521794,https://doi.org/10.1136/rmdopen-2016-000331,https://pubmed.ncbi.nlm.nih.gov/28879041,,0,1
https://openalex.org/w1993905218,https://doi.org/10.1016/j.nmd.2010.07.069,,,0,0
https://openalex.org/w2011202525,https://doi.org/10.1164/ajrccm/145.1.238,https://pubmed.ncbi.nlm.nih.gov/1567505,,0,0
https://openalex.org/w2012453171,https://doi.org/10.1016/j.ccm.2010.05.008,https://pubmed.ncbi.nlm.nih.gov/20692542,,0,1
https://openalex.org/w2481395072,https://doi.org/10.1007/978-3-319-41171-2_8,https://pubmed.ncbi.nlm.nih.gov/27460809,,0,0
https://openalex.org/w2009183164,https://doi.org/10.1111/j.1440-1843.2009.01547.x,https://pubmed.ncbi.nlm.nih.gov/19659650,,0,0
https://openalex.org/w2155821966,https://doi.org/10.1080/088800199276921,https://pubmed.ncbi.nlm.nih.gov/10505313,,0,0
https://openalex.org/w2742100186,https://doi.org/10.1371/journal.pone.0181692,https://pubmed.ncbi.nlm.nih.gov/28763468,,0,0
https://openalex.org/w2407260446,,,,0,0
https://openalex.org/w2908572531,https://doi.org/10.1136/annrheumdis-2018-eular.7852,,,0,1
https://openalex.org/w1966644815,https://doi.org/10.1016/j.yexmp.2010.10.014,https://pubmed.ncbi.nlm.nih.gov/21073868,,0,0
https://openalex.org/w4235720409,https://doi.org/10.1002/art.40473,,,0,0
https://openalex.org/w180486017,,https://pubmed.ncbi.nlm.nih.gov/16206356,,0,0
https://openalex.org/w2762629232,https://doi.org/10.1111/resp.13184,https://pubmed.ncbi.nlm.nih.gov/29024319,,0,0
https://openalex.org/w2149661661,https://doi.org/10.1096/fj.10-173815,https://pubmed.ncbi.nlm.nih.gov/21478263,,0,0
https://openalex.org/w2486571869,https://doi.org/10.1620/tjem.239.297,https://pubmed.ncbi.nlm.nih.gov/27487743,,0,0
https://openalex.org/w2117099028,https://doi.org/10.1309/dedu-v6uc-587a-9cgd,https://pubmed.ncbi.nlm.nih.gov/11789737,,0,0
https://openalex.org/w2131733508,https://doi.org/10.1128/ec.00005-10,https://pubmed.ncbi.nlm.nih.gov/20305001,,0,0
https://openalex.org/w2148954037,https://doi.org/10.1212/wnl.0b013e3182a08f2c,https://pubmed.ncbi.nlm.nih.gov/23864315,,0,0
https://openalex.org/w2512408433,,,,0,0
https://openalex.org/w2016070484,https://doi.org/10.1016/s0166-0934(99)00015-4,,,0,0
https://openalex.org/w2739493670,https://doi.org/10.1158/1538-7445.am2017-5222,,,0,0
https://openalex.org/w2441767704,,,,0,0
https://openalex.org/w2616796904,https://doi.org/10.2217/ijr.09.32,,,0,0
https://openalex.org/w1978976903,https://doi.org/10.1128/jvi.01381-14,https://pubmed.ncbi.nlm.nih.gov/25122788,,0,0
https://openalex.org/w2056585987,https://doi.org/10.1016/j.sleep.2009.01.004,https://pubmed.ncbi.nlm.nih.gov/19272836,,0,0
https://openalex.org/w2015361913,https://doi.org/10.1016/j.clindermatol.2013.05.037,https://pubmed.ncbi.nlm.nih.gov/24314389,,0,0
https://openalex.org/w1979692855,https://doi.org/10.1080/07853890701576172,https://pubmed.ncbi.nlm.nih.gov/18038361,,0,0
https://openalex.org/w2170620123,https://doi.org/10.1183/09031936.00101212,https://pubmed.ncbi.nlm.nih.gov/23471347,,0,0
https://openalex.org/w1964469110,https://doi.org/10.2169/internalmedicine.41.1135,https://pubmed.ncbi.nlm.nih.gov/12521202,,0,1
https://openalex.org/w2044856076,https://doi.org/10.1002/ana.410330103,https://pubmed.ncbi.nlm.nih.gov/8388187,,0,0
https://openalex.org/w2002622137,https://doi.org/10.1111/acer.12157,https://pubmed.ncbi.nlm.nih.gov/23763294,,0,0
https://openalex.org/w1929255521,,https://pubmed.ncbi.nlm.nih.gov/18085732,,0,0
https://openalex.org/w1986501265,https://doi.org/10.1097/00005382-199623000-00002,https://pubmed.ncbi.nlm.nih.gov/8892194,,0,1
https://openalex.org/w2460569280,,,,0,0
https://openalex.org/w2052161026,https://doi.org/10.1155/2012/143637,,,0,0
https://openalex.org/w2062734860,https://doi.org/10.1007/s10067-015-2891-4,,,0,1
https://openalex.org/w2097614784,https://doi.org/10.4269/ajtmh.1999.61.548,,,0,0
https://openalex.org/w1988328108,https://doi.org/10.1016/j.trim.2010.02.004,https://pubmed.ncbi.nlm.nih.gov/20226241,,0,0
https://openalex.org/w2285756703,https://doi.org/10.1002/glia.21210,,,0,0
https://openalex.org/w2415229514,https://doi.org/10.1016/j.rmed.2016.06.001,https://pubmed.ncbi.nlm.nih.gov/27492515,,0,0
https://openalex.org/w2751120709,https://doi.org/10.1111/coa.12977,https://pubmed.ncbi.nlm.nih.gov/28881107,,0,0
https://openalex.org/w2119101466,https://doi.org/10.1097/00063198-200409000-00017,https://pubmed.ncbi.nlm.nih.gov/15316443,,0,0
https://openalex.org/w2178863027,https://doi.org/10.1097/rti.0000000000000191,https://pubmed.ncbi.nlm.nih.gov/26554660,,0,0
https://openalex.org/w2271084573,,,,0,0
https://openalex.org/w2761868833,https://doi.org/10.2174/1573398x11666150619184220,,,0,0
https://openalex.org/w1980437549,https://doi.org/10.1002/lary.20161,https://pubmed.ncbi.nlm.nih.gov/19263410,,0,0
https://openalex.org/w170837394,https://doi.org/10.1164/arrd.1987.135.3.692,https://pubmed.ncbi.nlm.nih.gov/3826894,,0,0
https://openalex.org/w2066927066,https://doi.org/10.1053/j.ro.2014.04.006,https://pubmed.ncbi.nlm.nih.gov/25498401,,0,1
https://openalex.org/w1832278583,https://doi.org/10.1016/j.arbr.2015.02.033,,,0,0
https://openalex.org/w2011148385,https://doi.org/10.1016/j.bbrc.2009.04.092,https://pubmed.ncbi.nlm.nih.gov/19394309,,0,0
https://openalex.org/w2410263260,,https://pubmed.ncbi.nlm.nih.gov/10813293,,0,0
https://openalex.org/w2071019860,https://doi.org/10.1371/journal.pone.0121525,https://pubmed.ncbi.nlm.nih.gov/25811392,,0,0
https://openalex.org/w2055600987,https://doi.org/10.1378/chest.113.5.1250,https://pubmed.ncbi.nlm.nih.gov/9596302,,0,0
https://openalex.org/w2761380321,https://doi.org/10.1016/j.resinv.2017.08.010,https://pubmed.ncbi.nlm.nih.gov/29325681,,0,0
https://openalex.org/w1532594816,https://doi.org/10.3233/jad-2010-100609,,,0,0
https://openalex.org/w2030095056,https://doi.org/10.1016/s0248-8663(99)80106-4,https://pubmed.ncbi.nlm.nih.gov/10434347,,0,0
https://openalex.org/w2119663701,https://doi.org/10.1128/jvi.05397-11,https://pubmed.ncbi.nlm.nih.gov/21865387,,0,0
https://openalex.org/w2121283752,,,,0,0
https://openalex.org/w2053746900,https://doi.org/10.1016/j.micinf.2008.07.002,https://pubmed.ncbi.nlm.nih.gov/18662798,,0,0
https://openalex.org/w2095934572,https://doi.org/10.1378/chest.128.3.1483,https://pubmed.ncbi.nlm.nih.gov/16162747,,0,0
https://openalex.org/w2083175431,https://doi.org/10.2459/jcm.0b013e32833cdca8,https://pubmed.ncbi.nlm.nih.gov/20625308,,0,0
https://openalex.org/w2150978188,https://doi.org/10.1016/j.regg.2013.09.004,,,0,0
https://openalex.org/w2025444425,https://doi.org/10.1517/14656560802591430,,,0,0
https://openalex.org/w47860834,,,,0,1
https://openalex.org/w1998602548,https://doi.org/10.1073/pnas.112202799,https://pubmed.ncbi.nlm.nih.gov/12119386,,0,0
https://openalex.org/w2006105901,https://doi.org/10.1016/s0016-5085(10)60262-4,,,0,0
https://openalex.org/w2809168099,https://doi.org/10.1159/000489936,https://pubmed.ncbi.nlm.nih.gov/29920503,,0,1
https://openalex.org/w2784299924,https://doi.org/10.1212/nxi.0000000000000434,https://pubmed.ncbi.nlm.nih.gov/29359173,,0,1
https://openalex.org/w2094727031,https://doi.org/10.1016/j.autrev.2013.05.001,https://pubmed.ncbi.nlm.nih.gov/23684699,,0,0
https://openalex.org/w2114245279,https://doi.org/10.1183/09031936.06.00044006,,,0,0
https://openalex.org/w2049535616,https://doi.org/10.1002/jso.2930320216,https://pubmed.ncbi.nlm.nih.gov/3724195,,0,0
https://openalex.org/w2046514437,https://doi.org/10.1080/15216549600201812,,,0,0
https://openalex.org/w2127547339,https://doi.org/10.1136/annrheumdis-2013-203927,https://pubmed.ncbi.nlm.nih.gov/24243925,,0,0
https://openalex.org/w2091030087,https://doi.org/10.1016/j.cllc.2011.11.001,https://pubmed.ncbi.nlm.nih.gov/22169479,,0,0
https://openalex.org/w4298251831,https://doi.org/10.1007/s00125-017-4350-z,,,0,0
https://openalex.org/w2040074973,https://doi.org/10.1097/rti.0b013e318166d32f,https://pubmed.ncbi.nlm.nih.gov/18728542,,0,0
https://openalex.org/w2750853980,https://doi.org/10.1016/j.molimm.2017.07.011,https://pubmed.ncbi.nlm.nih.gov/28846926,,0,0
https://openalex.org/w2021805511,https://doi.org/10.1016/s0022-3476(96)70395-5,,,0,0
https://openalex.org/w2013461458,https://doi.org/10.1097/mcg.0b013e31818aa11e,,,0,0
https://openalex.org/w1842096922,,https://pubmed.ncbi.nlm.nih.gov/11361183,,0,0
https://openalex.org/w2124055918,https://doi.org/10.1136/bjo.87.1.38,,,0,0
https://openalex.org/w2082866099,https://doi.org/10.1371/journal.pone.0092449,https://pubmed.ncbi.nlm.nih.gov/24743261,067-538-989-403-915,0,0
https://openalex.org/w2405935133,,https://pubmed.ncbi.nlm.nih.gov/7633172,,0,0
https://openalex.org/w2929651583,https://doi.org/10.1097/rti.0000000000000319,https://pubmed.ncbi.nlm.nih.gov/29346191,,0,0
https://openalex.org/w2152466788,https://doi.org/10.1016/j.vaccine.2007.01.106,https://pubmed.ncbi.nlm.nih.gov/17337102,,0,0
https://openalex.org/w2135407686,https://doi.org/10.1074/jbc.274.35.24959,,,0,0
https://openalex.org/w2360905742,https://doi.org/10.1371/journal.pone.0154746,https://pubmed.ncbi.nlm.nih.gov/27167831,,0,0
https://openalex.org/w2407734149,,https://pubmed.ncbi.nlm.nih.gov/1332640,,0,0
https://openalex.org/w2094148926,https://doi.org/10.1378/chest.1387287,,,0,0
https://openalex.org/w2593263968,https://doi.org/10.1016/j.ebiom.2017.03.007,https://pubmed.ncbi.nlm.nih.gov/28286060,,0,0
https://openalex.org/w2403263402,,https://pubmed.ncbi.nlm.nih.gov/10507903,,0,0
https://openalex.org/w169147976,https://doi.org/10.1016/s0889-857x(21)00737-7,,,0,1
https://openalex.org/w2035249736,https://doi.org/10.1111/j.1440-1843.2012.02138.x,,,0,0
https://openalex.org/w2756312716,https://doi.org/10.1136/annrheumdis-2017-eular.4280,,,0,0
https://openalex.org/w2752722423,https://doi.org/10.3899/jrheum.161217,https://pubmed.ncbi.nlm.nih.gov/28864644,,0,0
https://openalex.org/w1968949814,https://doi.org/10.1002/(sici)1097-0274(200003)37:3<252::aid-ajim2>3.0.co;2-#,https://pubmed.ncbi.nlm.nih.gov/10642414,,0,0
https://openalex.org/w1984533779,https://doi.org/10.1002/art.1780330317,https://pubmed.ncbi.nlm.nih.gov/2180406,,0,0
https://openalex.org/w2737045773,https://doi.org/10.1016/j.rmed.2017.07.015,,,0,0
https://openalex.org/w2069360787,https://doi.org/10.1371/journal.ppat.1000559,https://pubmed.ncbi.nlm.nih.gov/19696895,,0,0
https://openalex.org/w2029722068,https://doi.org/10.1074/jbc.273.28.17504,,,0,0
https://openalex.org/w4248032920,https://doi.org/10.1111/resp.13207_301,,,0,0
https://openalex.org/w2048492291,https://doi.org/10.1016/j.healun.2007.11.576,https://pubmed.ncbi.nlm.nih.gov/18342757,,0,0
https://openalex.org/w2509848036,https://doi.org/10.12932/ap0788,https://pubmed.ncbi.nlm.nih.gov/27543728,,0,0
https://openalex.org/w1995571382,https://doi.org/10.1097/00002281-200011000-00004,https://pubmed.ncbi.nlm.nih.gov/11092198,,0,0
https://openalex.org/w2399242883,https://doi.org/10.5588/ijtld.13.0119,https://pubmed.ncbi.nlm.nih.gov/23485376,,0,0
https://openalex.org/w2802790110,https://doi.org/10.1007/s10067-018-4111-5,https://pubmed.ncbi.nlm.nih.gov/29667101,,0,0
https://openalex.org/w2147525448,https://doi.org/10.1016/j.arbres.2014.09.009,,,0,0
https://openalex.org/w2123718813,https://doi.org/10.1093/rheumatology/36.3.360,https://pubmed.ncbi.nlm.nih.gov/9133969,,0,0
https://openalex.org/w2410932134,https://doi.org/10.1016/j.rmed.2016.05.030,https://pubmed.ncbi.nlm.nih.gov/27492512,,0,0
https://openalex.org/w1971303281,https://doi.org/10.1080/01947649609511008,https://pubmed.ncbi.nlm.nih.gov/8691057,041-742-102-343-101,0,0
https://openalex.org/w2149202604,https://doi.org/10.1083/jcb.121.3.491,,,0,0
https://openalex.org/w2028432579,https://doi.org/10.1378/chest.125.2.363,,,0,0
https://openalex.org/w1984994672,https://doi.org/10.1159/000225932,https://pubmed.ncbi.nlm.nih.gov/19546508,,0,0
https://openalex.org/w2171688398,https://doi.org/10.1177/0009922814554502,https://pubmed.ncbi.nlm.nih.gov/25320060,,0,0
https://openalex.org/w2529047451,https://doi.org/10.1111/resp.12909,https://pubmed.ncbi.nlm.nih.gov/27712021,,0,0
https://openalex.org/w2014802921,https://doi.org/10.1016/j.toxlet.2009.06.115,,,0,0
https://openalex.org/w2787166873,https://doi.org/10.4049/jimmunol.1701088,https://pubmed.ncbi.nlm.nih.gov/29427414,,0,0
https://openalex.org/w2754490384,https://doi.org/10.1136/annrheumdis-2017-eular.2939,,,0,0
https://openalex.org/w2159847506,https://doi.org/10.1084/jem.20141091,https://pubmed.ncbi.nlm.nih.gov/25385754,,0,0
https://openalex.org/w2025694141,https://doi.org/10.1007/s00408-014-9664-8,https://pubmed.ncbi.nlm.nih.gov/25381634,,0,0
https://openalex.org/w2328491503,https://doi.org/10.1136/annrheumdis-2014-eular.3113,,,0,1
https://openalex.org/w2094862518,https://doi.org/10.1016/j.lungcan.2013.10.009,https://pubmed.ncbi.nlm.nih.gov/24199683,,0,0
https://openalex.org/w2046775437,https://doi.org/10.1111/j.1365-2273.1993.tb00856.x,https://pubmed.ncbi.nlm.nih.gov/8877194,,0,0
https://openalex.org/w2137108971,https://doi.org/10.1093/ndt/gfr036,https://pubmed.ncbi.nlm.nih.gov/21430178,033-255-316-462-925,0,0
https://openalex.org/w199442158,https://doi.org/10.1007/bf02249019,,,0,0
https://openalex.org/w2071752732,https://doi.org/10.1136/adc.88.2.178-b,https://pubmed.ncbi.nlm.nih.gov/12538337,005-977-043-775-377,0,0
https://openalex.org/w2768654995,https://doi.org/10.1126/science.aao1140,https://pubmed.ncbi.nlm.nih.gov/29146805,,0,0
https://openalex.org/w1986649720,https://doi.org/10.1055/s-0030-1251248,,,0,0
https://openalex.org/w2072335655,https://doi.org/10.1002/art.21103,,,0,0
https://openalex.org/w2038165924,https://doi.org/10.1007/s10875-010-9425-2,https://pubmed.ncbi.nlm.nih.gov/20490635,,0,0
https://openalex.org/w2128104539,https://doi.org/10.1189/jlb.1206756,https://pubmed.ncbi.nlm.nih.gov/17442855,,0,0
https://openalex.org/w2808692777,https://doi.org/10.1136/annrheumdis-2018-eular.6539,,,1,1
https://openalex.org/w2040734887,https://doi.org/10.1002/1529-0131(200012)43:12<2853::aid-anr30>3.0.co;2-g,https://pubmed.ncbi.nlm.nih.gov/11145048,,0,0
https://openalex.org/w2123508611,https://doi.org/10.1016/s0950-3579(05)80155-4,https://pubmed.ncbi.nlm.nih.gov/7728881,,0,0
https://openalex.org/w2032231272,https://doi.org/10.1097/mog.0b013e32801182b0,,,0,0
https://openalex.org/w2077950073,https://doi.org/10.1016/j.semarthrit.2009.09.001,https://pubmed.ncbi.nlm.nih.gov/19914686,,0,0
https://openalex.org/w2335969303,,https://pubmed.ncbi.nlm.nih.gov/18085731,,0,1
https://openalex.org/w2049839906,https://doi.org/10.1016/j.jchromb.2013.08.005,https://pubmed.ncbi.nlm.nih.gov/24141045,,0,0
https://openalex.org/w2798145257,https://doi.org/10.1089/mab.2017.0061,https://pubmed.ncbi.nlm.nih.gov/29630477,,0,0
https://openalex.org/w2070204694,https://doi.org/10.1111/j.1440-1673.1992.tb03208.x,,,0,0
https://openalex.org/w1837470997,https://doi.org/10.1042/bj2600277,,,0,0
https://openalex.org/w4320301119,https://doi.org/10.2340/00015555-0177,https://pubmed.ncbi.nlm.nih.gov/17225013,,0,1
https://openalex.org/w2782831587,https://doi.org/10.1111/resp.13254,https://pubmed.ncbi.nlm.nih.gov/29320807,,0,0
https://openalex.org/w2408834303,,,,0,0
https://openalex.org/w2143766332,https://doi.org/10.1186/ar4135,https://pubmed.ncbi.nlm.nih.gov/23298514,,0,0
https://openalex.org/w2153285556,https://doi.org/10.1590/s0004-28032011000200002,https://pubmed.ncbi.nlm.nih.gov/21709948,,0,0
https://openalex.org/w2119179263,https://doi.org/10.1148/radiol.11111251,https://pubmed.ncbi.nlm.nih.gov/21846759,054-720-086-350-436,0,0
https://openalex.org/w2140374265,https://doi.org/10.1097/01.mcp.0000174249.07762.37,https://pubmed.ncbi.nlm.nih.gov/16093815,,0,0
https://openalex.org/w2016387801,https://doi.org/10.1097/rti.0b013e3181c1acec,https://pubmed.ncbi.nlm.nih.gov/19935226,,0,0
https://openalex.org/w1074544,https://doi.org/10.1007/978-94-007-4546-9_36,https://pubmed.ncbi.nlm.nih.gov/22826078,,0,0
https://openalex.org/w3023043003,https://doi.org/10.1016/j.mpmed.2009.10.015,,,0,0
https://openalex.org/w2067813116,https://doi.org/10.3109/01902149809041536,https://pubmed.ncbi.nlm.nih.gov/9635252,,0,0
https://openalex.org/w2044361331,https://doi.org/10.1159/000312878,https://pubmed.ncbi.nlm.nih.gov/20407274,,0,0
https://openalex.org/w4300936722,https://doi.org/10.1111/imm.12406,,,0,0
https://openalex.org/w2462845869,,,,0,0
https://openalex.org/w2140203757,https://doi.org/10.12659/ajcr.883998,https://pubmed.ncbi.nlm.nih.gov/23986797,,0,0
https://openalex.org/w2039602526,https://doi.org/10.1056/nejm199102143240701,https://pubmed.ncbi.nlm.nih.gov/1988827,,0,0
https://openalex.org/w2403305718,https://doi.org/10.1242/jcs.110.8.1005,,,0,0
https://openalex.org/w2571122918,https://doi.org/10.1016/j.medcli.2016.12.007,https://pubmed.ncbi.nlm.nih.gov/28073518,,0,1
https://openalex.org/w2401638211,https://doi.org/10.4081/reumatismo.2015.837,,,0,0
https://openalex.org/w2006064941,https://doi.org/10.1378/chest.109.5.1276,https://pubmed.ncbi.nlm.nih.gov/8625680,,0,0
https://openalex.org/w1978215483,https://doi.org/10.1118/1.3566070,https://pubmed.ncbi.nlm.nih.gov/21626936,,0,0
https://openalex.org/w2006245320,https://doi.org/10.1016/j.acra.2010.02.014,https://pubmed.ncbi.nlm.nih.gov/20471869,,0,0
https://openalex.org/w2027747922,https://doi.org/10.1002/(sici)1096-911x(199704)28:4<289::aid-mpo8>3.0.co;2-e,https://pubmed.ncbi.nlm.nih.gov/9078326,,0,0
https://openalex.org/w2095281023,https://doi.org/10.1016/j.jpeds.2010.11.033,,,0,0
https://openalex.org/w2210358786,https://doi.org/10.1016/j.autrev.2015.09.003,https://pubmed.ncbi.nlm.nih.gov/26384526,,0,0
https://openalex.org/w1968467134,https://doi.org/10.1007/s10067-012-1986-4,https://pubmed.ncbi.nlm.nih.gov/22526479,,0,0
https://openalex.org/w62372618,,https://pubmed.ncbi.nlm.nih.gov/3303380,,0,0
https://openalex.org/w2398165140,,,,0,0
https://openalex.org/w4236058384,https://doi.org/10.1111/j.1742-4658.2006.05355_2.x,,,0,0
https://openalex.org/w2513609898,https://doi.org/10.1016/j.chest.2016.07.027,,,0,0
https://openalex.org/w2097190663,https://doi.org/10.1016/j.rdc.2014.12.003,,,0,0
https://openalex.org/w2102934414,https://doi.org/10.1093/rheumatology/keu258,https://pubmed.ncbi.nlm.nih.gov/24970922,,0,1
https://openalex.org/w2584671495,https://doi.org/10.1016/j.virusres.2017.01.025,https://pubmed.ncbi.nlm.nih.gov/28159612,,0,0
https://openalex.org/w2761912693,,https://pubmed.ncbi.nlm.nih.gov/28770709,,0,1
https://openalex.org/w2130512045,https://doi.org/10.1007/s00408-014-9571-z,,,0,0
https://openalex.org/w2089150909,https://doi.org/10.1016/j.bbamem.2008.03.009,https://pubmed.ncbi.nlm.nih.gov/18405659,,0,0
https://openalex.org/w2044583738,https://doi.org/10.1136/bmj.290.6484.1775,https://pubmed.ncbi.nlm.nih.gov/3924249,,0,0
https://openalex.org/w2792411592,https://doi.org/10.3389/fimmu.2018.00047,https://pubmed.ncbi.nlm.nih.gov/29416543,,0,0
https://openalex.org/w2177507962,https://doi.org/10.1016/j.ejcdt.2015.10.003,,,0,0
https://openalex.org/w2117355544,https://doi.org/10.1016/j.rmed.2011.03.022,https://pubmed.ncbi.nlm.nih.gov/21514811,,1,1
https://openalex.org/w2626429968,https://doi.org/10.2169/internalmedicine.56.8082,https://pubmed.ncbi.nlm.nih.gov/28626194,,0,0
https://openalex.org/w1964120775,https://doi.org/10.2169/internalmedicine.44.527,,,0,1
https://openalex.org/w2105206369,https://doi.org/10.1016/j.reumae.2014.03.007,https://pubmed.ncbi.nlm.nih.gov/24529938,,0,0
https://openalex.org/w1995087740,https://doi.org/10.1007/s10334-012-0351-6,https://pubmed.ncbi.nlm.nih.gov/23086288,,0,0
https://openalex.org/w2029826845,https://doi.org/10.1111/1756-185x.12203,https://pubmed.ncbi.nlm.nih.gov/24400862,,0,0
https://openalex.org/w2022820489,https://doi.org/10.1016/0952-8180(91)90193-q,https://pubmed.ncbi.nlm.nih.gov/1931072,,0,0
https://openalex.org/w2475331264,,https://pubmed.ncbi.nlm.nih.gov/10381073,,0,0
https://openalex.org/w103229627,,https://pubmed.ncbi.nlm.nih.gov/6493661,,0,0
https://openalex.org/w2021836383,https://doi.org/10.1097/00002281-199411000-00001,https://pubmed.ncbi.nlm.nih.gov/7865372,,0,0
https://openalex.org/w1979392752,https://doi.org/10.1002/(sici)1099-0496(199608)22:2<111::aid-ppul6>3.0.co;2-t,,,0,0
https://openalex.org/w2753953123,https://doi.org/10.1186/s13075-017-1409-7,,,0,0
https://openalex.org/w2040463134,https://doi.org/10.1002/art.1780340629,https://pubmed.ncbi.nlm.nih.gov/2053931,,0,0
https://openalex.org/w1966961316,https://doi.org/10.1016/s0016-5085(14)62379-9,,,0,0
https://openalex.org/w2001426288,https://doi.org/10.1016/s0006-291x(02)02418-x,,,0,0
https://openalex.org/w2116577338,https://doi.org/10.1128/iai.01382-08,https://pubmed.ncbi.nlm.nih.gov/19237518,,0,0
https://openalex.org/w1972274375,https://doi.org/10.1055/s-2007-1006337,,,0,0
https://openalex.org/w2604779189,https://doi.org/10.1111/ene.13092,,,0,0
https://openalex.org/w2884228519,https://doi.org/10.1136/bcr-2018-224475,https://pubmed.ncbi.nlm.nih.gov/30042104,,0,0
https://openalex.org/w2139600493,https://doi.org/10.1016/j.rmed.2007.01.023,https://pubmed.ncbi.nlm.nih.gov/17353121,,0,0
https://openalex.org/w2075768749,https://doi.org/10.1378/chest.101.6.1610,https://pubmed.ncbi.nlm.nih.gov/1600781,,0,0
https://openalex.org/w2009415022,https://doi.org/10.1016/0008-8749(87)90288-7,,,0,0
https://openalex.org/w2202826406,https://doi.org/10.4049/jimmunol.190.supp.112.15,,,0,0
https://openalex.org/w2086635788,https://doi.org/10.1111/j.1365-2133.1994.tb08492.x,https://pubmed.ncbi.nlm.nih.gov/7917983,,0,0
https://openalex.org/w2062091761,https://doi.org/10.1038/ejhg.2010.9,https://pubmed.ncbi.nlm.nih.gov/20179743,,0,0
https://openalex.org/w2008414985,https://doi.org/10.1016/j.lungcan.2004.04.007,https://pubmed.ncbi.nlm.nih.gov/15261425,,0,0
https://openalex.org/w2045187723,https://doi.org/10.1002/1529-0131(199908)42:8<1752::aid-anr26>3.0.co;2-6,https://pubmed.ncbi.nlm.nih.gov/10446877,,0,0
https://openalex.org/w2061690584,https://doi.org/10.1111/j.1440-1827.1987.tb02867.x,,,0,0
https://openalex.org/w2783384712,https://doi.org/10.1186/s12985-017-0886-2,https://pubmed.ncbi.nlm.nih.gov/29334981,,0,0
https://openalex.org/w2147612783,https://doi.org/10.1186/ar3275,,,0,1
https://openalex.org/w2418375547,,https://pubmed.ncbi.nlm.nih.gov/15633713,,0,0
https://openalex.org/w1529921068,https://doi.org/10.1002/art.20839,https://pubmed.ncbi.nlm.nih.gov/15593175,,0,0
https://openalex.org/w1996129985,https://doi.org/10.1136/thx.2005.043893,https://pubmed.ncbi.nlm.nih.gov/15994273,008-439-683-591-585,0,0
https://openalex.org/w1986881489,https://doi.org/10.1016/j.nmd.2012.06.168,,,0,1
https://openalex.org/w2142609479,https://doi.org/10.1016/j.ejrad.2010.11.033,https://pubmed.ncbi.nlm.nih.gov/21183303,,0,0
https://openalex.org/w2281145417,,https://pubmed.ncbi.nlm.nih.gov/26847100,,0,0
https://openalex.org/w2222457393,,https://pubmed.ncbi.nlm.nih.gov/10897852,,0,0
https://openalex.org/w2397157755,,https://pubmed.ncbi.nlm.nih.gov/8511124,,0,0
https://openalex.org/w2473858717,https://doi.org/10.1016/j.nbt.2016.06.1385,,,0,0
https://openalex.org/w2417711924,https://doi.org/10.1056/nejm199207163270318,,,0,0
https://openalex.org/w270119087,https://doi.org/10.1016/s0014-5793(01)03093-9,,,0,0
https://openalex.org/w4300758089,https://doi.org/10.1002/hep.26040,,,0,0
https://openalex.org/w2059597460,https://doi.org/10.1002/pbc.21656,https://pubmed.ncbi.nlm.nih.gov/18623210,,0,0
https://openalex.org/w2756223582,https://doi.org/10.1016/j.ccm.2017.07.003,,,0,0
https://openalex.org/w231539742,,https://pubmed.ncbi.nlm.nih.gov/9093360,,0,0
https://openalex.org/w2769178595,https://doi.org/10.1016/j.autrev.2017.09.013,,,0,0
https://openalex.org/w2238822973,https://doi.org/10.1016/s0889-857x(21)00070-3,https://pubmed.ncbi.nlm.nih.gov/7855326,,0,1
https://openalex.org/w2137966576,https://doi.org/10.1183/09031936.00029708,https://pubmed.ncbi.nlm.nih.gov/18591348,053-072-043-403-623,0,0
https://openalex.org/w2333858538,https://doi.org/10.4149/av_2011_01_3,,,0,0
https://openalex.org/w2992790762,,https://pubmed.ncbi.nlm.nih.gov/23662384,,0,0
https://openalex.org/w2061781937,https://doi.org/10.1067/j.cpradiol.2004.04.003,https://pubmed.ncbi.nlm.nih.gov/15459629,,0,0
https://openalex.org/w4232365179,https://doi.org/10.1038/sj.bdj.2008.361,https://pubmed.ncbi.nlm.nih.gov/18469743,,0,0
https://openalex.org/w2345834474,,https://pubmed.ncbi.nlm.nih.gov/27055836,,0,0
https://openalex.org/w2155809127,https://doi.org/10.1164/rccm.201306-1088oc,,,0,0
https://openalex.org/w2315990390,https://doi.org/10.3233/jnd-149002,,,0,1
https://openalex.org/w2012747016,https://doi.org/10.1016/s0264-410x(98)00252-7,,,0,0
https://openalex.org/w2481644027,https://doi.org/10.1038/nm.4153,https://pubmed.ncbi.nlm.nih.gov/27455510,,0,0
https://openalex.org/w2162363851,https://doi.org/10.1148/radiol.12111904,https://pubmed.ncbi.nlm.nih.gov/22438452,,0,0
https://openalex.org/w2095285762,https://doi.org/10.3109/00016489.2014.913312,https://pubmed.ncbi.nlm.nih.gov/24909624,,0,0
https://openalex.org/w2056652947,https://doi.org/10.1097/cpm.0b013e3181ad37f5,,,0,0
https://openalex.org/w2410465647,,https://pubmed.ncbi.nlm.nih.gov/2691768,,0,0
https://openalex.org/w2010030246,https://doi.org/10.1136/oem.50.7.633,https://pubmed.ncbi.nlm.nih.gov/8343424,,0,0
https://openalex.org/w2064405020,https://doi.org/10.3949/ccjm.69.suppl_2.sii149,https://pubmed.ncbi.nlm.nih.gov/12086256,,0,0
https://openalex.org/w2257399745,https://doi.org/10.1016/j.rmed.2016.01.019,https://pubmed.ncbi.nlm.nih.gov/26921132,,0,1
https://openalex.org/w4247980240,https://doi.org/10.1016/j.injr.2012.11.002,,,0,1
https://openalex.org/w2168896807,https://doi.org/10.1517/14656566.2011.577066,https://pubmed.ncbi.nlm.nih.gov/21517697,,0,0
https://openalex.org/w2098281309,https://doi.org/10.1111/j.1442-2050.2012.01446.x,https://pubmed.ncbi.nlm.nih.gov/23107023,,0,0
https://openalex.org/w2051947793,https://doi.org/10.1007/s12185-014-1717-5,https://pubmed.ncbi.nlm.nih.gov/25491495,,0,0
https://openalex.org/w2979942854,https://doi.org/10.21873/anticanres.11943,https://pubmed.ncbi.nlm.nih.gov/28870955,,0,0
https://openalex.org/w2014912901,https://doi.org/10.1007/s15010-004-4003-2,,,0,0
https://openalex.org/w2005440199,https://doi.org/10.1016/j.bios.2010.07.047,https://pubmed.ncbi.nlm.nih.gov/20729069,,0,0
https://openalex.org/w4254373363,https://doi.org/10.1002/14651858.cd011716,,,0,0
https://openalex.org/w2139605305,https://doi.org/10.4049/jimmunol.1000724,https://pubmed.ncbi.nlm.nih.gov/20562263,,0,0
https://openalex.org/w2416340333,https://doi.org/10.1093/rheumatology/kew215,https://pubmed.ncbi.nlm.nih.gov/27247435,,0,0
https://openalex.org/w2015794596,https://doi.org/10.2174/187152709789541970,https://pubmed.ncbi.nlm.nih.gov/19702569,,0,0
https://openalex.org/w2101494487,https://doi.org/10.1034/j.1399-3003.1999.14a20.x,https://pubmed.ncbi.nlm.nih.gov/10489838,,0,0
https://openalex.org/w2118295898,https://doi.org/10.4049/jimmunol.1001512,https://pubmed.ncbi.nlm.nih.gov/20713892,,0,0
https://openalex.org/w2405652829,https://doi.org/10.1016/j.ejrad.2016.05.012,https://pubmed.ncbi.nlm.nih.gov/27423682,,1,1
https://openalex.org/w2043055409,https://doi.org/10.1074/jbc.m512205200,https://pubmed.ncbi.nlm.nih.gov/16537542,,0,0
https://openalex.org/w2132565443,https://doi.org/10.7883/yoken.64.40,,,0,0
https://openalex.org/w2002739941,https://doi.org/10.1016/s0761-8425(06)72094-0,https://pubmed.ncbi.nlm.nih.gov/17886356,,0,0
https://openalex.org/w2070831801,https://doi.org/10.1002/pbc.24042,https://pubmed.ncbi.nlm.nih.gov/22183971,,0,0
https://openalex.org/w2109946007,https://doi.org/10.1016/j.physio.2013.06.002,https://pubmed.ncbi.nlm.nih.gov/23954023,,0,0
https://openalex.org/w2091161446,https://doi.org/10.1016/j.rmed.2012.06.018,https://pubmed.ncbi.nlm.nih.gov/22801586,,0,0
https://openalex.org/w2006805319,https://doi.org/10.1006/viro.1995.9946,https://pubmed.ncbi.nlm.nih.gov/8525609,,0,0
https://openalex.org/w2318581346,https://doi.org/10.1164/ajrccm-conference.2011.183.1_meetingabstracts.a6106,,,0,0
https://openalex.org/w1953948364,https://doi.org/10.1016/j.immuni.2015.08.013,https://pubmed.ncbi.nlm.nih.gov/26384545,,0,0
https://openalex.org/w1496431868,,https://pubmed.ncbi.nlm.nih.gov/3651219,,0,0
https://openalex.org/w2150318747,https://doi.org/10.1183/09031936.01.18s320069,https://pubmed.ncbi.nlm.nih.gov/11816826,,0,0
https://openalex.org/w4249005083,https://doi.org/10.1212/01.con.0000511070.50715.ab,,,0,1
https://openalex.org/w2043585854,https://doi.org/10.1378/chest.126.3.1000,https://pubmed.ncbi.nlm.nih.gov/15364787,,0,0
https://openalex.org/w2121921435,https://doi.org/10.1007/s10067-013-2467-0,https://pubmed.ncbi.nlm.nih.gov/24384826,,0,0
https://openalex.org/w2777765601,https://doi.org/10.1371/journal.pone.0178263,https://pubmed.ncbi.nlm.nih.gov/28614400,,0,0
https://openalex.org/w1843007555,https://doi.org/10.3109/14397595.2015.1091155,https://pubmed.ncbi.nlm.nih.gov/26344678,,0,1
https://openalex.org/w2044521507,https://doi.org/10.1007/s10875-010-9383-8,https://pubmed.ncbi.nlm.nih.gov/20358394,,0,0
https://openalex.org/w1976270948,https://doi.org/10.1016/j.nephro.2009.05.003,https://pubmed.ncbi.nlm.nih.gov/19577974,,0,0
https://openalex.org/w2735559606,https://doi.org/10.1016/j.cllc.2017.06.021,,,0,0
https://openalex.org/w2122161608,https://doi.org/10.1093/rheumatology/kev004,https://pubmed.ncbi.nlm.nih.gov/25740830,,1,1
https://openalex.org/w2754932193,https://doi.org/10.1136/annrheumdis-2017-eular.2592,,,0,1
https://openalex.org/w2154435229,https://doi.org/10.1093/ndt/15.5.611,https://pubmed.ncbi.nlm.nih.gov/10809800,,0,0
https://openalex.org/w4240147368,https://doi.org/10.7326/0003-4819-157-6-201209180-00001,https://pubmed.ncbi.nlm.nih.gov/22986393,,0,0
https://openalex.org/w2754302331,https://doi.org/10.1136/annrheumdis-2017-eular.5550,,,0,0
https://openalex.org/w2421975835,,https://pubmed.ncbi.nlm.nih.gov/3480827,,0,0
https://openalex.org/w2060916191,https://doi.org/10.1016/j.vaccine.2010.10.059,https://pubmed.ncbi.nlm.nih.gov/21055499,,0,0
https://openalex.org/w2165774906,https://doi.org/10.1093/jmcb/mjv012,https://pubmed.ncbi.nlm.nih.gov/25714839,,0,0
https://openalex.org/w2408965924,https://doi.org/10.1136/annrheumdis-2015-eular.2947,,,1,1
https://openalex.org/w2330286114,https://doi.org/10.1016/j.morpho.2016.01.002,https://pubmed.ncbi.nlm.nih.gov/26948677,,0,0
https://openalex.org/w2334776581,https://doi.org/10.3899/jrheum.150966,,,0,1
https://openalex.org/w4231391278,https://doi.org/10.1210/en.143.8.3114,,,0,0
https://openalex.org/w2111465889,https://doi.org/10.4049/jimmunol.163.6.3022,,,0,0
https://openalex.org/w1969753254,https://doi.org/10.1097/pas.0b013e31802efb75,https://pubmed.ncbi.nlm.nih.gov/17414118,,0,0
https://openalex.org/w2120143628,https://doi.org/10.1016/j.str.2015.10.001,https://pubmed.ncbi.nlm.nih.gov/26585513,,0,0
https://openalex.org/w2318862125,https://doi.org/10.1097/jom.0000000000000302,https://pubmed.ncbi.nlm.nih.gov/25563541,,0,0
https://openalex.org/w2560184636,https://doi.org/10.1093/rheumatology/kew425,https://pubmed.ncbi.nlm.nih.gov/27940598,,0,0
https://openalex.org/w2557208661,https://doi.org/10.1515/jpem-2016-0140,https://pubmed.ncbi.nlm.nih.gov/27845884,,0,0
https://openalex.org/w2576401392,https://doi.org/10.1016/j.ejim.2017.01.010,,,0,0
https://openalex.org/w2019623902,https://doi.org/10.1097/01.bor.0000181534.67685.5a,,,0,0
https://openalex.org/w2594289710,https://doi.org/10.5152/eurjrheum.2017.16077,https://pubmed.ncbi.nlm.nih.gov/28293456,,0,0
https://openalex.org/w2793556654,https://doi.org/10.1016/j.jns.2018.02.040,https://pubmed.ncbi.nlm.nih.gov/29627033,,0,0
https://openalex.org/w2082888832,https://doi.org/10.1371/journal.pone.0098794,https://pubmed.ncbi.nlm.nih.gov/24901704,,0,0
https://openalex.org/w1699321428,https://doi.org/10.1002/eji.201243187,https://pubmed.ncbi.nlm.nih.gov/23401008,,0,0
https://openalex.org/w2980202319,,,,0,1
https://openalex.org/w1594777830,https://doi.org/10.1002/pds.2123,,,0,0
https://openalex.org/w2746773579,https://doi.org/10.1136/annrheumdis-2017-eular.2954,,,0,0
https://openalex.org/w2727441399,https://doi.org/10.1371/journal.pone.0180314,https://pubmed.ncbi.nlm.nih.gov/28662134,,0,0
https://openalex.org/w2021560181,https://doi.org/10.1006/viro.1994.1073,https://pubmed.ncbi.nlm.nih.gov/7507281,,0,0
https://openalex.org/w2098565347,https://doi.org/10.1128/iai.00905-09,https://pubmed.ncbi.nlm.nih.gov/20048047,,0,0
https://openalex.org/w2039498348,https://doi.org/10.1378/chest.129.1_suppl.180s,https://pubmed.ncbi.nlm.nih.gov/16428708,,0,0
https://openalex.org/w2130652869,https://doi.org/10.1378/chest.14-0041,https://pubmed.ncbi.nlm.nih.gov/25121965,,0,0
https://openalex.org/w2097323721,https://doi.org/10.4049/jimmunol.181.5.3177,,,0,0
https://openalex.org/w1972983363,https://doi.org/10.1016/0002-9343(90)90149-8,,,0,1
https://openalex.org/w2892785198,https://doi.org/10.1016/j.jcv.2018.09.016,https://pubmed.ncbi.nlm.nih.gov/30292135,,0,0
https://openalex.org/w1974946256,https://doi.org/10.1016/j.autrev.2012.06.006,https://pubmed.ncbi.nlm.nih.gov/22771754,,1,1
https://openalex.org/w2051585963,https://doi.org/10.1021/bc025601p,https://pubmed.ncbi.nlm.nih.gov/12526694,,0,0
https://openalex.org/w2137220969,https://doi.org/10.1016/s0950-3579(05)80149-9,https://pubmed.ncbi.nlm.nih.gov/7728875,,0,0
https://openalex.org/w2735765856,https://doi.org/10.3748/wjg.v23.i26.4788,https://pubmed.ncbi.nlm.nih.gov/28765700,,0,0
https://openalex.org/w2890950978,https://doi.org/10.3389/fimmu.2018.02060,https://pubmed.ncbi.nlm.nih.gov/30271406,,0,0
https://openalex.org/w2604517169,https://doi.org/10.1002/art.40063,,,0,0
https://openalex.org/w2019545224,https://doi.org/10.1016/0049-0172(94)90090-6,https://pubmed.ncbi.nlm.nih.gov/7939725,,0,0
https://openalex.org/w2417236351,,https://pubmed.ncbi.nlm.nih.gov/8071722,,0,0
https://openalex.org/w148429392,,https://pubmed.ncbi.nlm.nih.gov/8456350,,0,0
https://openalex.org/w2052702188,https://doi.org/10.1016/j.clineuro.2004.02.024,https://pubmed.ncbi.nlm.nih.gov/15567550,,0,0
https://openalex.org/w2007937936,https://doi.org/10.1016/j.rmed.2012.09.005,https://pubmed.ncbi.nlm.nih.gov/23137883,,0,1
https://openalex.org/w2794020868,https://doi.org/10.1007/s12185-018-2426-2,https://pubmed.ncbi.nlm.nih.gov/29516290,,0,0
https://openalex.org/w2412653784,https://doi.org/10.1097/lbr.0000000000000292,,,0,0
https://openalex.org/w2884497506,https://doi.org/10.1615/critrevimmunol.2018025744,,,0,1
https://openalex.org/w2405970014,,https://pubmed.ncbi.nlm.nih.gov/23659409,,0,0
https://openalex.org/w2169289861,https://doi.org/10.1093/icvts/ivr085,,,0,0
https://openalex.org/w2293062471,https://doi.org/10.1016/j.rmcr.2016.03.005,https://pubmed.ncbi.nlm.nih.gov/27144110,,0,0
https://openalex.org/w2017227948,https://doi.org/10.4103/1319-2442.111079,https://pubmed.ncbi.nlm.nih.gov/23640643,,0,0
https://openalex.org/w1979285544,https://doi.org/10.1002/art.22237,https://pubmed.ncbi.nlm.nih.gov/17013837,,0,1
https://openalex.org/w1993068173,https://doi.org/10.1371/journal.pone.0104897,https://pubmed.ncbi.nlm.nih.gov/25115557,,0,0
https://openalex.org/w2162747928,https://doi.org/10.1378/chest.08-2740,https://pubmed.ncbi.nlm.nih.gov/19581351,,0,0
https://openalex.org/w2413463475,,https://pubmed.ncbi.nlm.nih.gov/8567296,,0,0
https://openalex.org/w2024036714,https://doi.org/10.1002/ana.10121,https://pubmed.ncbi.nlm.nih.gov/11891832,,0,0
https://openalex.org/w2887258615,https://doi.org/10.3892/mmr.2018.9356,,,0,0
https://openalex.org/w1972110106,https://doi.org/10.1016/j.rppnen.2014.09.005,https://pubmed.ncbi.nlm.nih.gov/25854138,046-775-794-156-771,0,0
https://openalex.org/w2071866722,https://doi.org/10.1136/oem.48.4.229,https://pubmed.ncbi.nlm.nih.gov/2025587,,0,0
https://openalex.org/w2007673256,https://doi.org/10.1007/s10753-014-0023-y,https://pubmed.ncbi.nlm.nih.gov/25342284,,0,0
https://openalex.org/w2774932810,https://doi.org/10.1080/1744666x.2018.1411190,,,0,0
https://openalex.org/w1210051766,https://doi.org/10.1007/s10067-015-3064-1,https://pubmed.ncbi.nlm.nih.gov/26345632,,0,0
https://openalex.org/w2021261305,https://doi.org/10.1136/ard.46.1.23,https://pubmed.ncbi.nlm.nih.gov/3813671,,0,0
https://openalex.org/w2799525020,https://doi.org/10.1038/nrrheum.2018.56,,,0,1
https://openalex.org/w2083585452,https://doi.org/10.1046/j.1365-2516.2003.00854.x,https://pubmed.ncbi.nlm.nih.gov/14962211,,0,0
https://openalex.org/w2795056006,https://doi.org/10.1016/j.reuma.2017.12.003,https://pubmed.ncbi.nlm.nih.gov/29396013,,0,0
https://openalex.org/w2811185887,https://doi.org/10.21037/jtd.2018.05.75,,,0,0
https://openalex.org/w2022157315,https://doi.org/10.1378/chest.106.6.1931,https://pubmed.ncbi.nlm.nih.gov/7988241,,0,0
https://openalex.org/w98983434,,,,0,0
https://openalex.org/w2069358528,https://doi.org/10.1055/s-0033-1358600,,,0,0
https://openalex.org/w2030589581,https://doi.org/10.1167/iovs.04-0528,,,0,0
https://openalex.org/w2501120166,https://doi.org/10.1513/annalsats.201606-461sr,,,0,0
https://openalex.org/w2007626585,https://doi.org/10.1007/s00408-007-9012-3,,,0,0
https://openalex.org/w2087255337,https://doi.org/10.1164/ajrccm/141.6.1497,https://pubmed.ncbi.nlm.nih.gov/2350091,,0,0
https://openalex.org/w1521861229,https://doi.org/10.1002/glia.22530,,,0,0
https://openalex.org/w159068696,https://doi.org/10.1615/critrevimmunol.v27.i5.10,https://pubmed.ncbi.nlm.nih.gov/18197804,,0,0
https://openalex.org/w2565485301,https://doi.org/10.1001/jamaoto.2016.3484,https://pubmed.ncbi.nlm.nih.gov/27978568,,0,0
https://openalex.org/w2788453830,,,,0,0
https://openalex.org/w2297429770,https://doi.org/10.1164/rccm.201509-1809le,,,0,0
https://openalex.org/w2326255611,https://doi.org/10.1155/2004/534612,https://pubmed.ncbi.nlm.nih.gov/15124038,067-274-372-572-632,0,0
https://openalex.org/w4231677937,https://doi.org/10.1179/crn.2009.027,,,0,0
https://openalex.org/w2604274477,https://doi.org/10.1093/rheumatology/kex070,https://pubmed.ncbi.nlm.nih.gov/28387857,,0,0
https://openalex.org/w4254492377,https://doi.org/10.1164/ajrccm.152.4.7551403,https://pubmed.ncbi.nlm.nih.gov/7551403,118-959-754-884-076,0,0
https://openalex.org/w4293087454,https://doi.org/10.1016/j.jneuroim.2012.10.001,,,0,0
https://openalex.org/w2442726728,,https://pubmed.ncbi.nlm.nih.gov/8299023,,0,0
https://openalex.org/w2520353256,https://doi.org/10.18632/aging.101046,https://pubmed.ncbi.nlm.nih.gov/27632569,,0,0
https://openalex.org/w2105151988,https://doi.org/10.4049/jimmunol.1403013,https://pubmed.ncbi.nlm.nih.gov/26109647,,0,0
https://openalex.org/w1993230763,https://doi.org/10.1097/00005382-198810000-00010,https://pubmed.ncbi.nlm.nih.gov/3054139,,0,0
https://openalex.org/w2052226040,https://doi.org/10.1093/ndt/13.7.1713,https://pubmed.ncbi.nlm.nih.gov/9681717,,0,0
https://openalex.org/w2110239825,https://doi.org/10.1096/fj.11-200907,https://pubmed.ncbi.nlm.nih.gov/22415303,,0,0
https://openalex.org/w2039991309,https://doi.org/10.1084/jem.174.1.243,,,0,0
https://openalex.org/w2405062829,,https://pubmed.ncbi.nlm.nih.gov/24600789,,0,0
https://openalex.org/w2086462075,https://doi.org/10.1097/00002281-200101000-00002,https://pubmed.ncbi.nlm.nih.gov/11148709,,0,0
https://openalex.org/w2064817994,https://doi.org/10.1046/j.1443-9573.2002.00090.x,,,0,0
https://openalex.org/w2403287889,https://doi.org/10.1016/j.berh.2016.04.007,,,0,0
https://openalex.org/w1959470891,https://doi.org/10.1002/acr.22772,https://pubmed.ncbi.nlm.nih.gov/26502301,,0,0
https://openalex.org/w2137687261,https://doi.org/10.4161/chan.2.6.6793,https://pubmed.ncbi.nlm.nih.gov/18797193,,0,0
https://openalex.org/w1485860856,,https://pubmed.ncbi.nlm.nih.gov/11533808,,0,0
https://openalex.org/w2028804214,https://doi.org/10.1007/s00296-014-3023-1,https://pubmed.ncbi.nlm.nih.gov/24748492,,0,0
https://openalex.org/w1999115033,https://doi.org/10.1067/mpd.2001.110324,,,0,0
https://openalex.org/w2016852492,https://doi.org/10.1001/jama.298.23.2739-a,https://pubmed.ncbi.nlm.nih.gov/18165664,045-800-321-751-824,0,0
https://openalex.org/w1984700285,https://doi.org/10.1001/archinte.1991.00400100153034,https://pubmed.ncbi.nlm.nih.gov/1929704,036-001-133-615-473,0,0
https://openalex.org/w2130289080,https://doi.org/10.1093/rheumatology/kep145,,,0,0
https://openalex.org/w2129514617,https://doi.org/10.1016/s2213-2600(13)70105-x,https://pubmed.ncbi.nlm.nih.gov/24429201,,0,0
https://openalex.org/w2782887618,https://doi.org/10.1093/qjmed/hcy008,https://pubmed.ncbi.nlm.nih.gov/29346626,,0,1
https://openalex.org/w1980459001,https://doi.org/10.1289/ehp.109-a74,https://pubmed.ncbi.nlm.nih.gov/11266347,035-798-215-701-476,0,0
https://openalex.org/w60433491,,https://pubmed.ncbi.nlm.nih.gov/16193702,,0,0
https://openalex.org/w2585419784,https://doi.org/10.1378/chest.12-0026,,,0,0
https://openalex.org/w2059407078,https://doi.org/10.1097/00042423-199803000-00003,,,0,0
https://openalex.org/w1520447517,https://doi.org/10.1002/jcp.24903,https://pubmed.ncbi.nlm.nih.gov/25535911,,0,0
https://openalex.org/w2156517988,https://doi.org/10.1093/intimm/10.5.663,,,0,0
https://openalex.org/w2407667348,https://doi.org/10.1111/bjd.14771,https://pubmed.ncbi.nlm.nih.gov/27229750,095-413-856-294-766,0,0
https://openalex.org/w2095698811,https://doi.org/10.1136/thx.53.7.624d,https://pubmed.ncbi.nlm.nih.gov/9797771,125-305-782-787-098,0,0
https://openalex.org/w2145190116,https://doi.org/10.4049/jimmunol.1102998,https://pubmed.ncbi.nlm.nih.gov/22504649,,0,0
https://openalex.org/w2994282311,,https://pubmed.ncbi.nlm.nih.gov/18204197,,0,0
https://openalex.org/w2152950394,https://doi.org/10.1128/jcm.35.1.33-40.1997,,,0,0
https://openalex.org/w2034813530,https://doi.org/10.4161/hv.27567,,,0,0
https://openalex.org/w2080108372,https://doi.org/10.1016/j.rdc.2014.12.006,,,0,1
https://openalex.org/w2078775008,https://doi.org/10.1016/j.biocel.2010.01.003,https://pubmed.ncbi.nlm.nih.gov/20067841,,0,0
https://openalex.org/w2906021319,https://doi.org/10.2217/17584272.4.1.45,,,0,1
https://openalex.org/w2736908072,,,,0,0
https://openalex.org/w1516277836,https://doi.org/10.14943/jjvr.48.4.187,,,0,0
https://openalex.org/w2891393606,https://doi.org/10.1111/1346-8138.14661,https://pubmed.ncbi.nlm.nih.gov/30230582,,0,0
https://openalex.org/w2008935934,https://doi.org/10.1186/1471-2334-13-371,https://pubmed.ncbi.nlm.nih.gov/23937571,,0,0
https://openalex.org/w2038578483,https://doi.org/10.1038/modpathol.2010.157,https://pubmed.ncbi.nlm.nih.gov/20729813,,0,0
https://openalex.org/w2161531589,https://doi.org/10.1148/radiol.2362041363,https://pubmed.ncbi.nlm.nih.gov/16040925,,0,0
https://openalex.org/w2039556801,https://doi.org/10.1002/ajim.4700100107,https://pubmed.ncbi.nlm.nih.gov/3017101,,0,0
https://openalex.org/w2090596704,https://doi.org/10.1016/0360-3016(92)90006-4,https://pubmed.ncbi.nlm.nih.gov/1612952,,0,0
https://openalex.org/w2023238496,https://doi.org/10.1016/j.rmed.2010.02.008,https://pubmed.ncbi.nlm.nih.gov/20199856,,0,0
https://openalex.org/w2404364819,,,,0,0
https://openalex.org/w1974534927,https://doi.org/10.1002/ijc.20715,https://pubmed.ncbi.nlm.nih.gov/15523685,,0,0
https://openalex.org/w1975977009,https://doi.org/10.1016/j.febslet.2004.04.095,https://pubmed.ncbi.nlm.nih.gov/15196924,,0,0
https://openalex.org/w2115930642,https://doi.org/10.1093/rheumatology/ken313,https://pubmed.ncbi.nlm.nih.gov/18784151,,0,0
https://openalex.org/w1978000678,https://doi.org/10.1159/000079152,,,0,0
https://openalex.org/w2011172056,https://doi.org/10.3390/s141018886,https://pubmed.ncbi.nlm.nih.gov/25313491,,0,0
https://openalex.org/w2808641721,https://doi.org/10.1136/annrheumdis-2018-eular.3146,,,1,1
https://openalex.org/w2087495866,https://doi.org/10.1038/sj.cdd.4401890,https://pubmed.ncbi.nlm.nih.gov/16528382,,0,0
https://openalex.org/w2136886493,https://doi.org/10.1007/s10165-007-0553-3,https://pubmed.ncbi.nlm.nih.gov/17437167,,0,0
https://openalex.org/w2341086241,https://doi.org/10.1186/s12890-016-0207-3,,,0,0
https://openalex.org/w2896684003,https://doi.org/10.1016/j.jalz.2018.06.245,,,0,0
https://openalex.org/w1596194885,https://doi.org/10.1007/pl00021252,https://pubmed.ncbi.nlm.nih.gov/12013591,,0,0
https://openalex.org/w1980994236,https://doi.org/10.1016/j.autrev.2011.10.024,https://pubmed.ncbi.nlm.nih.gov/22079677,,0,0
https://openalex.org/w1510517065,,https://pubmed.ncbi.nlm.nih.gov/7605472,,0,0
https://openalex.org/w2335735627,https://doi.org/10.1097/00005792-199707000-00006,,,0,0
https://openalex.org/w139654109,,,,0,0
https://openalex.org/w2005641467,https://doi.org/10.1378/chest.111.4.1142-a,https://pubmed.ncbi.nlm.nih.gov/9106608,,0,0
https://openalex.org/w2161445223,https://doi.org/10.1191/0961203304lu1098oa,,,0,0
https://openalex.org/w2139485450,https://doi.org/10.1038/ni.1646,https://pubmed.ncbi.nlm.nih.gov/18724372,,0,0
https://openalex.org/w2124724296,https://doi.org/10.1093/rheumatology/keq281,https://pubmed.ncbi.nlm.nih.gov/20724434,,0,1
https://openalex.org/w2002247399,https://doi.org/10.1007/s11325-014-1033-6,https://pubmed.ncbi.nlm.nih.gov/25028171,,0,0
https://openalex.org/w2397863671,,https://pubmed.ncbi.nlm.nih.gov/11417405,,0,0
https://openalex.org/w1985281029,https://doi.org/10.1111/j.1349-7006.2008.00857.x,,,0,0
https://openalex.org/w2084499963,https://doi.org/10.1136/oem.58.12.762,,,0,0
https://openalex.org/w1971118159,https://doi.org/10.1007/bf02478911,,,0,0
https://openalex.org/w2011992752,https://doi.org/10.1016/s0300-2896(09)72851-0,,,0,0
https://openalex.org/w2276994408,https://doi.org/10.1007/s12016-016-8528-9,https://pubmed.ncbi.nlm.nih.gov/26782036,,0,1
https://openalex.org/w2129613919,https://doi.org/10.1093/qjmed/hcv148,https://pubmed.ncbi.nlm.nih.gov/26319930,079-052-761-747-098,0,0
https://openalex.org/w134419007,https://doi.org/10.4049/jimmunol.186.supp.52.22,,,0,0
https://openalex.org/w2416318275,https://doi.org/10.1016/j.antiviral.2016.05.021,https://pubmed.ncbi.nlm.nih.gov/27247060,,0,0
https://openalex.org/w2598229606,https://doi.org/10.1016/s1590-8658(17)30561-3,,,0,0
https://openalex.org/w2578584320,https://doi.org/10.1186/s12968-016-0315-5,https://pubmed.ncbi.nlm.nih.gov/28077133,,0,0
https://openalex.org/w2152859631,https://doi.org/10.1002/art.1780371019,,,0,0
https://openalex.org/w1548480696,https://doi.org/10.1111/j.1742-1241.2004.00248.x,https://pubmed.ncbi.nlm.nih.gov/15854195,,0,0
https://openalex.org/w2020896072,https://doi.org/10.1002/mus.20699,https://pubmed.ncbi.nlm.nih.gov/17143892,,0,0
https://openalex.org/w2517605463,https://doi.org/10.3347/kjp.2016.54.4.461,https://pubmed.ncbi.nlm.nih.gov/27658598,,0,0
https://openalex.org/w1995466941,https://doi.org/10.1007/s00595-012-0428-x,,,0,0
https://openalex.org/w2005487426,https://doi.org/10.1007/s11926-996-0025-3,,,0,1
https://openalex.org/w4240942849,https://doi.org/10.1038/jid.2012.88,,,0,0
https://openalex.org/w2005032657,https://doi.org/10.1016/j.jalz.2013.05.658,,,0,0
https://openalex.org/w2083709120,https://doi.org/10.1007/s11926-008-0052-3,,,0,0
https://openalex.org/w2110848728,https://doi.org/10.1016/j.rmed.2012.03.014,https://pubmed.ncbi.nlm.nih.gov/22521226,,0,0
https://openalex.org/w148736747,,,,0,0
https://openalex.org/w2067785586,https://doi.org/10.1097/00000478-199912000-00012,,,0,0
https://openalex.org/w2015744968,https://doi.org/10.1186/1753-6561-7-s6-p10,,,0,0
https://openalex.org/w2139838713,https://doi.org/10.1128/jvi.76.17.8682-8689.2002,,,0,0
https://openalex.org/w2440724390,https://doi.org/10.1111/joim.12524,https://pubmed.ncbi.nlm.nih.gov/27320359,,0,1
https://openalex.org/w2328168443,https://doi.org/10.1016/j.jim.2016.02.017,https://pubmed.ncbi.nlm.nih.gov/26906088,,0,0
https://openalex.org/w2603167199,https://doi.org/10.2214/ajr.16.17121,https://pubmed.ncbi.nlm.nih.gov/28350485,,0,0
https://openalex.org/w2472398632,https://doi.org/10.1007/s00432-016-2199-z,https://pubmed.ncbi.nlm.nih.gov/27350261,,0,0
https://openalex.org/w2164999236,https://doi.org/10.1086/597274,https://pubmed.ncbi.nlm.nih.gov/19222370,,0,0
https://openalex.org/w2294662507,,,,0,0
https://openalex.org/w2110817415,https://doi.org/10.1016/j.smrv.2015.03.005,https://pubmed.ncbi.nlm.nih.gov/26168886,,0,0
https://openalex.org/w2010379493,https://doi.org/10.1378/chest.104.1.326b,https://pubmed.ncbi.nlm.nih.gov/8325110,,0,0
https://openalex.org/w1972258809,https://doi.org/10.1007/s00216-010-4419-8,https://pubmed.ncbi.nlm.nih.gov/21110011,,0,0
https://openalex.org/w2323473847,https://doi.org/10.1097/00004728-200307000-00003,https://pubmed.ncbi.nlm.nih.gov/12886127,,0,0
https://openalex.org/w2183675419,https://doi.org/10.1126/science.aac5489,https://pubmed.ncbi.nlm.nih.gov/26449475,,0,0
https://openalex.org/w2088478490,https://doi.org/10.1016/j.rmed.2012.07.006,,,0,0
https://openalex.org/w4239768987,https://doi.org/10.1111/1756-185x.12961,,,0,0
https://openalex.org/w1972449972,https://doi.org/10.1002/(sici)1097-0274(200003)37:3<245::aid-ajim1>3.0.co;2-2,https://pubmed.ncbi.nlm.nih.gov/10642413,,0,0
https://openalex.org/w2067236833,https://doi.org/10.1055/s-0030-1249110,,,0,0
https://openalex.org/w4298262644,,,,0,0
https://openalex.org/w2093524804,https://doi.org/10.1128/jvi.02949-14,https://pubmed.ncbi.nlm.nih.gov/25392225,,0,0
https://openalex.org/w2756049836,https://doi.org/10.1136/annrheumdis-2017-eular.4762,,,0,0
https://openalex.org/w2275294493,https://doi.org/10.1016/j.ajpath.2015.11.010,https://pubmed.ncbi.nlm.nih.gov/26806087,,0,0
https://openalex.org/w1990404537,https://doi.org/10.1385/mo:23:2:161,,,0,0
https://openalex.org/w1963817680,https://doi.org/10.1378/chest.112.5.1221,,,0,0
https://openalex.org/w2008632363,https://doi.org/10.1006/excr.2000.5103,,,0,0
https://openalex.org/w2120111957,https://doi.org/10.1164/ajrccm/141.3.727,https://pubmed.ncbi.nlm.nih.gov/2310101,,0,0
https://openalex.org/w2079414417,https://doi.org/10.1073/pnas.0913496107,https://pubmed.ncbi.nlm.nih.gov/20660723,,0,0
https://openalex.org/w2908640988,https://doi.org/10.1136/annrheumdis-2018-eular.5809,,,0,1
https://openalex.org/w205387478,https://doi.org/10.1016/s0755-4982(06)74663-2,,,0,1
https://openalex.org/w1967220162,https://doi.org/10.1111/j.1365-4362.1985.tb05816.x,https://pubmed.ncbi.nlm.nih.gov/4055199,,0,0
https://openalex.org/w189589850,,https://pubmed.ncbi.nlm.nih.gov/1845403,,0,0
https://openalex.org/w2972961781,https://doi.org/10.1097/bor.0000000000000663,,,0,1
https://openalex.org/w2097931069,https://doi.org/10.1093/rheumatology/keq259,,,0,0
https://openalex.org/w2050694562,https://doi.org/10.1378/chest.07-1529,https://pubmed.ncbi.nlm.nih.gov/18079245,,0,0
https://openalex.org/w2053101151,https://doi.org/10.1007/s12185-011-0965-x,https://pubmed.ncbi.nlm.nih.gov/22139588,,0,0
https://openalex.org/w2128333023,https://doi.org/10.1097/01.mcp.0000239552.55326.ee,,,0,0
https://openalex.org/w1980204384,https://doi.org/10.7326/0003-4819-157-6-201209180-00003,https://pubmed.ncbi.nlm.nih.gov/22986377,,0,0
https://openalex.org/w2043753343,https://doi.org/10.1371/journal.ppat.1000361,https://pubmed.ncbi.nlm.nih.gov/19343209,,0,0
https://openalex.org/w2486147505,https://doi.org/10.1038/jhg.2016.99,https://pubmed.ncbi.nlm.nih.gov/27488440,,0,0
https://openalex.org/w2059436962,https://doi.org/10.3892/mmr.2014.2045,https://pubmed.ncbi.nlm.nih.gov/24626681,,0,0
https://openalex.org/w1967925045,https://doi.org/10.5271/sjweh.696,https://pubmed.ncbi.nlm.nih.gov/12539804,,0,0
https://openalex.org/w1571207214,https://doi.org/10.1016/s0021-9258(19)61975-7,,,0,0
https://openalex.org/w2061220490,https://doi.org/10.1111/j.1346-8138.1992.tb03264.x,https://pubmed.ncbi.nlm.nih.gov/1401507,,0,0
https://openalex.org/w2110042007,https://doi.org/10.1093/rheumatology/kep009,https://pubmed.ncbi.nlm.nih.gov/19213850,,0,0
https://openalex.org/w2337848738,https://doi.org/10.7860/jcdr/2016/16872.7361,https://pubmed.ncbi.nlm.nih.gov/27134916,,0,0
https://openalex.org/w2568830944,https://doi.org/10.21037/jtd.2016.12.60,,,0,0
https://openalex.org/w2061545872,https://doi.org/10.1038/477543a,https://pubmed.ncbi.nlm.nih.gov/21956324,,0,0
https://openalex.org/w2083702020,https://doi.org/10.1097/00002281-198901040-00007,https://pubmed.ncbi.nlm.nih.gov/2562009,,0,0
https://openalex.org/w2413738092,https://doi.org/10.1136/annrheumdis-2015-eular.2838,,,0,0
https://openalex.org/w2018657019,https://doi.org/10.1055/s-0034-1371696,,,0,0
https://openalex.org/w1993952505,https://doi.org/10.1002/eji.201040421,https://pubmed.ncbi.nlm.nih.gov/21072873,,0,0
https://openalex.org/w1969764622,https://doi.org/10.2169/internalmedicine.37.669,,,0,0
https://openalex.org/w2800815918,https://doi.org/10.1183/23120541.00124-2017,,,0,0
https://openalex.org/w2244306209,https://doi.org/10.1007/s12016-015-8524-5,https://pubmed.ncbi.nlm.nih.gov/26590948,,0,0
https://openalex.org/w1979720913,https://doi.org/10.1183/09031936.00148613,https://pubmed.ncbi.nlm.nih.gov/25537566,,0,0
https://openalex.org/w2607875264,https://doi.org/10.1007/s10067-017-3651-4,https://pubmed.ncbi.nlm.nih.gov/28455828,,0,0
https://openalex.org/w2605608219,https://doi.org/10.1016/j.jtcvs.2017.04.029,,,0,0
https://openalex.org/w2411314308,https://doi.org/10.1136/annrheumdis-2015-eular.2019,,,0,0
https://openalex.org/w2790289926,https://doi.org/10.1016/j.arbres.2018.02.003,,,0,0
https://openalex.org/w2044124752,https://doi.org/10.1159/000067461,https://pubmed.ncbi.nlm.nih.gov/11185490,007-209-744-691-767,0,0
https://openalex.org/w2271042168,https://doi.org/10.1007/s10545-015-9901-1,https://pubmed.ncbi.nlm.nih.gov/26634836,,0,0
https://openalex.org/w2101696108,https://doi.org/10.1053/j.ajkd.2008.12.022,https://pubmed.ncbi.nlm.nih.gov/19303682,,0,0
https://openalex.org/w2159874181,https://doi.org/10.2217/ijr.10.48,,,0,1
https://openalex.org/w2412877512,,https://pubmed.ncbi.nlm.nih.gov/12180742,,0,0
https://openalex.org/w1789735474,https://doi.org/10.1097/jto.0b013e3181dc2e2b,,,0,0
https://openalex.org/w2170927236,https://doi.org/10.1007/s12032-009-9283-z,https://pubmed.ncbi.nlm.nih.gov/19657749,,0,0
https://openalex.org/w334600261,,https://pubmed.ncbi.nlm.nih.gov/24141345,,0,0
https://openalex.org/w1593721864,https://doi.org/10.1111/j.1346-8138.2012.01590.x,https://pubmed.ncbi.nlm.nih.gov/22681409,,0,1
https://openalex.org/w2050824002,https://doi.org/10.1002/art.1780391020,https://pubmed.ncbi.nlm.nih.gov/8843868,,0,0
https://openalex.org/w2335806732,https://doi.org/10.1111/resp.12787,,,0,0
https://openalex.org/w2793779642,https://doi.org/10.1016/j.chroma.2018.03.020,https://pubmed.ncbi.nlm.nih.gov/29576276,,0,0
https://openalex.org/w2749711020,https://doi.org/10.1097/bor.0000000000000442,https://pubmed.ncbi.nlm.nih.gov/28841590,,0,0
https://openalex.org/w1983356303,https://doi.org/10.1016/j.rmed.2015.01.019,https://pubmed.ncbi.nlm.nih.gov/25698652,,0,0
https://openalex.org/w2082695511,https://doi.org/10.1159/000324230,https://pubmed.ncbi.nlm.nih.gov/21525719,,0,0
https://openalex.org/w2096435127,https://doi.org/10.1016/s0973-3698(10)60024-6,,,0,0
https://openalex.org/w2047348794,https://doi.org/10.1016/j.jpainsymman.2011.04.026,https://pubmed.ncbi.nlm.nih.gov/22285287,,0,0
https://openalex.org/w2287985949,https://doi.org/10.1093/brain/aww024,https://pubmed.ncbi.nlm.nih.gov/26920676,,0,0
https://openalex.org/w2794090607,https://doi.org/10.1007/s00408-018-0108-8,https://pubmed.ncbi.nlm.nih.gov/29532165,,0,1
https://openalex.org/w4248984353,https://doi.org/10.1210/en.138.9.4038,,,0,0
https://openalex.org/w2118006960,https://doi.org/10.1164/ajrccm.160.5.9904045,https://pubmed.ncbi.nlm.nih.gov/10556138,,0,0
https://openalex.org/w2033979235,https://doi.org/10.1371/journal.pone.0098824,https://pubmed.ncbi.nlm.nih.gov/24905449,,0,0
https://openalex.org/w1502860325,https://doi.org/10.1002/acr.21992,https://pubmed.ncbi.nlm.nih.gov/23436757,,0,1
https://openalex.org/w2146828886,https://doi.org/10.1053/j.jvca.2014.08.007,https://pubmed.ncbi.nlm.nih.gov/25440625,,0,0
https://openalex.org/w2056917732,https://doi.org/10.1177/147323001103900433,https://pubmed.ncbi.nlm.nih.gov/21986147,,0,0
https://openalex.org/w2567091002,https://doi.org/10.1183/13993003.congress-2015.pa3803,,,0,0
https://openalex.org/w2033184490,https://doi.org/10.1016/s0006-291x(02)00699-x,,,0,0
https://openalex.org/w2080836472,https://doi.org/10.6061/clinics/2013(07)04,,,0,1
https://openalex.org/w1963761265,https://doi.org/10.1378/chest.12-1330,https://pubmed.ncbi.nlm.nih.gov/23131930,,0,0
https://openalex.org/w2142531797,https://doi.org/10.1164/rccm.201001-0124up,,,0,0
https://openalex.org/w2132697429,https://doi.org/10.1093/rheumatology/kep263,,,0,0
https://openalex.org/w2745938098,https://doi.org/10.21037/jtd.2017.06.39,,,0,0
https://openalex.org/w1992627055,https://doi.org/10.2214/ajr.169.1.9207558,,,0,0
https://openalex.org/w2017164741,https://doi.org/10.1164/rccm.201108-1420pp,,,0,0
https://openalex.org/w1983663486,https://doi.org/10.1007/s00455-011-9384-7,,,0,0
https://openalex.org/w2326146566,https://doi.org/10.1136/annrheumdis-2012-eular.793,,,0,1
https://openalex.org/w2592394733,https://doi.org/10.1016/j.chest.2017.03.004,https://pubmed.ncbi.nlm.nih.gov/28300570,,0,0
https://openalex.org/w2001086494,https://doi.org/10.1136/thoraxjnl-2014-206260.392,,,0,1
https://openalex.org/w2804665683,https://doi.org/10.1016/j.jaci.2018.04.033,https://pubmed.ncbi.nlm.nih.gov/29778503,,0,0
https://openalex.org/w2766989885,https://doi.org/10.1007/s00330-017-5091-6,https://pubmed.ncbi.nlm.nih.gov/29038933,,0,0
https://openalex.org/w2091593501,https://doi.org/10.1016/s0161-6420(95)31065-2,https://pubmed.ncbi.nlm.nih.gov/7831031,,0,0
https://openalex.org/w2030871695,https://doi.org/10.1007/s10067-013-2420-2,https://pubmed.ncbi.nlm.nih.gov/24352751,,0,0
https://openalex.org/w182640998,https://doi.org/10.1007/978-1-60761-913-0_22,,,0,0
https://openalex.org/w2075121403,https://doi.org/10.1378/chest.103.6.1854,https://pubmed.ncbi.nlm.nih.gov/8404113,,0,0
https://openalex.org/w2024167459,https://doi.org/10.1097/00001813-200211000-00001,,,0,0
https://openalex.org/w1912223278,,,,0,0
https://openalex.org/w2041011374,https://doi.org/10.1002/clc.4960161212,,,0,0
https://openalex.org/w2766452062,https://doi.org/10.2174/1573398x11666150619182817,,,0,1
https://openalex.org/w4238393603,https://doi.org/10.1007/springerreference_226560,https://pubmed.ncbi.nlm.nih.gov/1534378,,0,0
https://openalex.org/w2014684830,https://doi.org/10.1002/mrm.21874,https://pubmed.ncbi.nlm.nih.gov/19097241,,0,0
https://openalex.org/w2084525871,https://doi.org/10.1007/s13665-012-0028-7,,,0,1
https://openalex.org/w1521070250,,https://pubmed.ncbi.nlm.nih.gov/24687345,,0,0
https://openalex.org/w2436247322,,,,0,1
https://openalex.org/w2561321104,https://doi.org/10.1016/j.ccm.2016.11.014,https://pubmed.ncbi.nlm.nih.gov/28159164,,0,0
https://openalex.org/w2121406869,https://doi.org/10.1309/hv74-n24t-2k2c-3e8q,https://pubmed.ncbi.nlm.nih.gov/10941338,,0,0
https://openalex.org/w2518714214,https://doi.org/10.1016/s2213-2600(16)30222-3,https://pubmed.ncbi.nlm.nih.gov/27599614,,0,0
https://openalex.org/w1997951114,https://doi.org/10.1161/circep.110.960435,https://pubmed.ncbi.nlm.nih.gov/21946388,,0,0
https://openalex.org/w2955775765,https://doi.org/10.1007/s00125-015-3687-4,,,0,0
https://openalex.org/w2008995588,https://doi.org/10.1164/ajrccm.171.6.950,https://pubmed.ncbi.nlm.nih.gov/15753487,,0,0
https://openalex.org/w1485412380,,https://pubmed.ncbi.nlm.nih.gov/2943248,,0,0
https://openalex.org/w2071892415,https://doi.org/10.1097/rct.0b013e31815b63dd,https://pubmed.ncbi.nlm.nih.gov/19204453,,0,0
https://openalex.org/w2605649105,https://doi.org/10.1016/j.rmed.2017.04.012,https://pubmed.ncbi.nlm.nih.gov/28502419,,0,0
https://openalex.org/w2788907779,https://doi.org/10.1007/s11548-011-0613-1,,,0,0
https://openalex.org/w2081653529,https://doi.org/10.3389/fncel.2014.00216,https://pubmed.ncbi.nlm.nih.gov/25136295,,0,0
https://openalex.org/w2314020799,https://doi.org/10.1097/mcp.0b013e3283486d52,https://pubmed.ncbi.nlm.nih.gov/21681100,,0,0
https://openalex.org/w1977159891,https://doi.org/10.1073/pnas.1419090112,https://pubmed.ncbi.nlm.nih.gov/25775556,,0,0
https://openalex.org/w2050564347,https://doi.org/10.1097/00002281-198901040-00008,https://pubmed.ncbi.nlm.nih.gov/2702047,007-667-571-665-453,0,0
https://openalex.org/w2572874653,https://doi.org/10.1038/modpathol.2016.235,https://pubmed.ncbi.nlm.nih.gov/28084334,,0,0
https://openalex.org/w2097201764,https://doi.org/10.1002/ijc.10444,https://pubmed.ncbi.nlm.nih.gov/12115591,,0,0
https://openalex.org/w2255475677,https://doi.org/10.1007/s10554-016-0843-y,https://pubmed.ncbi.nlm.nih.gov/26831057,,0,0
https://openalex.org/w2110405971,https://doi.org/10.1177/153303460400300506,,,0,0
https://openalex.org/w2029291384,https://doi.org/10.1007/s10067-015-2866-5,,,0,0
https://openalex.org/w2019284560,https://doi.org/10.1016/j.mehy.2011.07.007,https://pubmed.ncbi.nlm.nih.gov/21802861,,0,0
https://openalex.org/w2065314311,https://doi.org/10.1038/ni.2212,https://pubmed.ncbi.nlm.nih.gov/22261960,,0,0
https://openalex.org/w2001323352,https://doi.org/10.1179/joc.2011.23.6.367,https://pubmed.ncbi.nlm.nih.gov/22233823,,0,0
https://openalex.org/w2121744878,https://doi.org/10.1093/infdis/jis652,https://pubmed.ncbi.nlm.nih.gov/23087428,,0,0
https://openalex.org/w2049896998,https://doi.org/10.1016/j.ccm.2011.12.005,https://pubmed.ncbi.nlm.nih.gov/22365245,,0,0
https://openalex.org/w2112593734,https://doi.org/10.1165/ajrcmb.18.2.2988,,,0,0
https://openalex.org/w1590260451,https://doi.org/10.4049/jimmunol.147.6.2024,https://pubmed.ncbi.nlm.nih.gov/1909739,,0,0
https://openalex.org/w2535079183,https://doi.org/10.1016/j.chest.2016.08.488,,,0,0
https://openalex.org/w4313351810,https://doi.org/10.4049/jimmunol.188.supp.118.1,,,0,0
https://openalex.org/w2129572294,https://doi.org/10.12659/msm.894981,,,0,0
https://openalex.org/w2292001589,https://doi.org/10.1097/md.0000000000002944,https://pubmed.ncbi.nlm.nih.gov/26945404,,0,0
https://openalex.org/w1967590758,https://doi.org/10.1007/s10067-009-1152-9,https://pubmed.ncbi.nlm.nih.gov/19294477,,0,0
https://openalex.org/w2084449053,https://doi.org/10.1038/labinvest.2010.73,https://pubmed.ncbi.nlm.nih.gov/20404807,,0,0
https://openalex.org/w2132971674,https://doi.org/10.1378/chest.130.5.1481,https://pubmed.ncbi.nlm.nih.gov/17099027,,0,0
https://openalex.org/w2890790285,https://doi.org/10.1186/s13613-018-0433-3,,,1,1
https://openalex.org/w2096742544,https://doi.org/10.1007/s00330-005-2655-7,,,0,0
https://openalex.org/w2507219139,https://doi.org/10.1183/13993003.00308-2016,,,0,0
https://openalex.org/w2060380039,https://doi.org/10.1007/s00464-009-0438-y,https://pubmed.ncbi.nlm.nih.gov/19296167,,0,0
https://openalex.org/w1965540493,https://doi.org/10.1016/j.vaccine.2009.12.041,https://pubmed.ncbi.nlm.nih.gov/20044052,,0,0
https://openalex.org/w2036632833,https://doi.org/10.1007/s001470050031,https://pubmed.ncbi.nlm.nih.gov/9090004,,0,0
https://openalex.org/w2340222182,https://doi.org/10.1002/ejhf.277,,,0,0
https://openalex.org/w2093873038,https://doi.org/10.1378/chest.123.4.1096,https://pubmed.ncbi.nlm.nih.gov/12684299,,0,0
https://openalex.org/w4232669431,https://doi.org/10.1016/j.athoracsur.2015.04.098,https://pubmed.ncbi.nlm.nih.gov/26354628,,0,0
https://openalex.org/w2563036536,https://doi.org/10.1007/s10067-016-3520-6,https://pubmed.ncbi.nlm.nih.gov/28012056,,0,0
https://openalex.org/w2077947464,,https://pubmed.ncbi.nlm.nih.gov/2192925,,0,0
https://openalex.org/w1983044008,https://doi.org/10.1159/000369470,https://pubmed.ncbi.nlm.nih.gov/25633753,,0,0
https://openalex.org/w2137323196,https://doi.org/10.1016/j.jns.2011.05.011,,,0,0
https://openalex.org/w2112893017,https://doi.org/10.1093/rheumatology/kem077,https://pubmed.ncbi.nlm.nih.gov/17478468,,0,0
https://openalex.org/w2062006349,https://doi.org/10.1378/chest.127.6.2019,https://pubmed.ncbi.nlm.nih.gov/15947315,,0,0
https://openalex.org/w2773337105,https://doi.org/10.1016/j.jns.2017.08.3521,,,0,0
https://openalex.org/w1988324336,https://doi.org/10.1158/1538-7445.am2012-2792,,,0,0
https://openalex.org/w1972955717,https://doi.org/10.2500/aap.2007.28.2873,,,0,0
https://openalex.org/w4252912826,https://doi.org/10.3899/jrheum.140420,,,0,0
https://openalex.org/w2063791291,https://doi.org/10.1002/art.23571,https://pubmed.ncbi.nlm.nih.gov/18438901,,0,0
https://openalex.org/w197169283,https://doi.org/10.1016/j.revmed.2012.04.017,https://pubmed.ncbi.nlm.nih.gov/22658165,,0,0
https://openalex.org/w1585091320,https://doi.org/10.1097/00129492-200409000-00030,https://pubmed.ncbi.nlm.nih.gov/15354019,,0,0
https://openalex.org/w2123324771,https://doi.org/10.1034/j.1399-3003.2000.15a11.x,,,0,0
https://openalex.org/w2764104198,https://doi.org/10.1093/jjco/hyx142,https://pubmed.ncbi.nlm.nih.gov/29036303,,0,0
https://openalex.org/w2782767111,https://doi.org/10.1097/rhu.0000000000000644,https://pubmed.ncbi.nlm.nih.gov/29319552,,0,0
https://openalex.org/w2005980391,https://doi.org/10.1186/1471-2180-8-238,https://pubmed.ncbi.nlm.nih.gov/19116038,,0,0
https://openalex.org/w4252713467,https://doi.org/10.1016/j.ijmm.2012.08.002,,,0,0
https://openalex.org/w2006300160,https://doi.org/10.3899/jrheum.091280,https://pubmed.ncbi.nlm.nih.gov/20889595,,0,0
https://openalex.org/w2062438894,https://doi.org/10.1016/j.rdc.2005.10.001,,,0,0
https://openalex.org/w4247557089,https://doi.org/10.1016/j.chest.2015.11.014,https://pubmed.ncbi.nlm.nih.gov/26867838,003-433-083-135-931,0,0
https://openalex.org/w2408501642,,https://pubmed.ncbi.nlm.nih.gov/10091464,,0,0
https://openalex.org/w2132292736,https://doi.org/10.1001/archderm.136.12.1461,,,0,0
https://openalex.org/w2053044093,https://doi.org/10.1016/j.jaci.2009.12.787,,,0,0
https://openalex.org/w2151022818,https://doi.org/10.5858/arpa.2012-0102-oa,https://pubmed.ncbi.nlm.nih.gov/23020731,,0,0
https://openalex.org/w1992120284,https://doi.org/10.1016/j.jcrc.2014.03.019,https://pubmed.ncbi.nlm.nih.gov/24768565,,0,0
https://openalex.org/w4248349873,https://doi.org/10.1046/j.1398-9219.2001.00001.x,,,0,0
https://openalex.org/w1981806197,https://doi.org/10.7326/0003-4819-121-1-199407010-00023,https://pubmed.ncbi.nlm.nih.gov/8198355,,0,0
https://openalex.org/w2128298757,https://doi.org/10.1186/1465-9921-14-80,https://pubmed.ncbi.nlm.nih.gov/23915349,,0,0
https://openalex.org/w2415198137,,https://pubmed.ncbi.nlm.nih.gov/3606889,,0,0
https://openalex.org/w2782148001,https://doi.org/10.1016/j.semarthrit.2017.12.012,,,0,0
https://openalex.org/w2794372383,https://doi.org/10.1016/j.ebiom.2018.01.038,https://pubmed.ncbi.nlm.nih.gov/29422289,,0,0
https://openalex.org/w2088538756,https://doi.org/10.1097/01.j.pain.0000460322.72396.53,https://pubmed.ncbi.nlm.nih.gov/25687541,,0,0
https://openalex.org/w2155264719,https://doi.org/10.1097/01.mcp.0000175520.41729.4e,,,0,0
https://openalex.org/w2438464291,,https://pubmed.ncbi.nlm.nih.gov/3068530,,0,0
https://openalex.org/w2400889283,,https://pubmed.ncbi.nlm.nih.gov/3152826,,0,0
https://openalex.org/w2052014520,https://doi.org/10.1016/j.virol.2009.11.025,,,0,0
https://openalex.org/w2081554080,https://doi.org/10.1111/j.1462-5822.2009.01294.x,https://pubmed.ncbi.nlm.nih.gov/19191786,,0,0
https://openalex.org/w2054872900,https://doi.org/10.1093/nar/26.2.521,,,0,0
https://openalex.org/w2777171271,https://doi.org/10.1001/jamaneurol.2017.3875,https://pubmed.ncbi.nlm.nih.gov/29255891,,0,1
https://openalex.org/w2020014404,https://doi.org/10.1016/s0002-9343(99)80046-1,,,0,0
https://openalex.org/w2060956340,https://doi.org/10.1001/archotol.1995.01890110072013,https://pubmed.ncbi.nlm.nih.gov/7576478,,0,0
https://openalex.org/w2529393815,https://doi.org/10.1038/ncomms13007,https://pubmed.ncbi.nlm.nih.gov/27708283,,0,0
https://openalex.org/w2133040980,https://doi.org/10.1136/thx.2009.121962,https://pubmed.ncbi.nlm.nih.gov/19996344,,0,0
https://openalex.org/w1993697908,https://doi.org/10.1038/mi.2010.57,https://pubmed.ncbi.nlm.nih.gov/20844479,,0,0
https://openalex.org/w2763462629,https://doi.org/10.1007/s11926-017-0697-x,https://pubmed.ncbi.nlm.nih.gov/28994016,,0,0
https://openalex.org/w2094750535,https://doi.org/10.1074/jbc.c700181200,https://pubmed.ncbi.nlm.nih.gov/17911114,,0,0
https://openalex.org/w1966193593,https://doi.org/10.1159/000184481,https://pubmed.ncbi.nlm.nih.gov/3696321,,0,0
https://openalex.org/w2028424320,https://doi.org/10.1038/sj.bjp.0705197,https://pubmed.ncbi.nlm.nih.gov/12721111,,0,0
https://openalex.org/w2247258362,https://doi.org/10.1136/bjophthalmol-2015-307460,https://pubmed.ncbi.nlm.nih.gov/26567022,,0,0
https://openalex.org/w2126996887,https://doi.org/10.1093/rheumatology/kel112,https://pubmed.ncbi.nlm.nih.gov/16754626,,0,0
https://openalex.org/w2058547810,https://doi.org/10.1016/j.clineuro.2014.10.022,https://pubmed.ncbi.nlm.nih.gov/25462102,,0,0
https://openalex.org/w2020683003,https://doi.org/10.1073/pnas.0712183105,https://pubmed.ncbi.nlm.nih.gov/18256184,,0,0
https://openalex.org/w2150472652,https://doi.org/10.1002/1529-0131(199809)41:9<1625::aid-art13>3.0.co;2-d,https://pubmed.ncbi.nlm.nih.gov/9751095,,0,1
https://openalex.org/w2884991631,https://doi.org/10.1136/rmdopen-2018-000661,https://pubmed.ncbi.nlm.nih.gov/30116555,,0,0
https://openalex.org/w183824076,,https://pubmed.ncbi.nlm.nih.gov/12102610,,0,0
https://openalex.org/w2020900323,https://doi.org/10.1002/1529-0131(199707)40:7<1257::aid-art10>3.0.co;2-r,https://pubmed.ncbi.nlm.nih.gov/9214426,,0,1
https://openalex.org/w2120739486,https://doi.org/10.1093/ndt/16.9.1952,https://pubmed.ncbi.nlm.nih.gov/11522891,,0,0
https://openalex.org/w2046726344,https://doi.org/10.1016/j.vaccine.2006.05.100,https://pubmed.ncbi.nlm.nih.gov/16870313,,0,0
https://openalex.org/w1980367277,https://doi.org/10.1067/mjd.2000.103267,https://pubmed.ncbi.nlm.nih.gov/10727330,,0,0
https://openalex.org/w2069730958,https://doi.org/10.1007/bf01451281,https://pubmed.ncbi.nlm.nih.gov/9890673,,0,0
https://openalex.org/w2433647603,,https://pubmed.ncbi.nlm.nih.gov/8838516,,0,0
https://openalex.org/w2397846125,,https://pubmed.ncbi.nlm.nih.gov/6496259,,0,0
https://openalex.org/w2775115534,https://doi.org/10.1016/j.ejim.2017.11.011,https://pubmed.ncbi.nlm.nih.gov/29198444,,0,0
https://openalex.org/w2761770672,https://doi.org/10.1007/s10067-017-3854-8,https://pubmed.ncbi.nlm.nih.gov/28975463,,0,1
https://openalex.org/w2414254691,,https://pubmed.ncbi.nlm.nih.gov/11362600,,0,0
https://openalex.org/w2086894831,https://doi.org/10.1136/bmj.299.6696.419,https://pubmed.ncbi.nlm.nih.gov/2506999,,0,0
https://openalex.org/w2597786296,https://doi.org/10.1016/j.lungcan.2017.03.013,https://pubmed.ncbi.nlm.nih.gov/28625624,,0,0
https://openalex.org/w2072683161,https://doi.org/10.1016/s0304-3835(01)00760-1,,,0,0
https://openalex.org/w2790655304,https://doi.org/10.1007/s10067-018-4032-3,https://pubmed.ncbi.nlm.nih.gov/29453582,,1,1
https://openalex.org/w2031801716,https://doi.org/10.1007/s10067-014-2567-5,,,0,0
https://openalex.org/w85740055,,https://pubmed.ncbi.nlm.nih.gov/16261958,,0,0
https://openalex.org/w1988202481,https://doi.org/10.1016/j.clim.2009.03.253,,,0,0
https://openalex.org/w4239902271,https://doi.org/10.3109/10799893.2013.782222,,,0,0
https://openalex.org/w2097799671,https://doi.org/10.3899/jrheum.091402,https://pubmed.ncbi.nlm.nih.gov/20810525,032-629-669-433-377,1,1
https://openalex.org/w4230017467,https://doi.org/10.1210/endo-meetings.2011.part1.p8.p1-167,,,0,0
https://openalex.org/w32962388,https://doi.org/10.1007/s11547-013-0934-1,,,0,0
https://openalex.org/w2143500555,https://doi.org/10.1186/s13075-015-0547-z,,,0,0
https://openalex.org/w2167078439,https://doi.org/10.1371/journal.pone.0103088,https://pubmed.ncbi.nlm.nih.gov/25047039,,0,0
https://openalex.org/w2081885269,https://doi.org/10.1038/mi.2012.8,https://pubmed.ncbi.nlm.nih.gov/22318495,,0,0
https://openalex.org/w2339782759,https://doi.org/10.1002/vms3.18,https://pubmed.ncbi.nlm.nih.gov/29067179,,0,0
https://openalex.org/w2415223431,https://doi.org/10.1007/978-1-62703-161-5_29,,,0,0
https://openalex.org/w1996683461,https://doi.org/10.1016/0896-8411(89)90014-0,,,0,1
https://openalex.org/w2026061268,https://doi.org/10.1267/ahc.38.43,,,0,0
https://openalex.org/w2013164163,https://doi.org/10.1016/j.semarthrit.2007.10.012,https://pubmed.ncbi.nlm.nih.gov/18221987,,0,0
https://openalex.org/w2316866470,https://doi.org/10.2486/indhealth.54_201,https://pubmed.ncbi.nlm.nih.gov/27020917,121-338-445-303-22X,0,0
https://openalex.org/w2024886438,https://doi.org/10.1159/000063303,https://pubmed.ncbi.nlm.nih.gov/12218333,,0,0
https://openalex.org/w2165405415,https://doi.org/10.1016/j.rmed.2004.02.011,https://pubmed.ncbi.nlm.nih.gov/15303635,,0,0
https://openalex.org/w2323310340,https://doi.org/10.1164/ajrccm-conference.2010.181.1_meetingabstracts.a2359,,,0,1
https://openalex.org/w2033469495,https://doi.org/10.1164/rccm.201406-1094ed,https://pubmed.ncbi.nlm.nih.gov/25025352,,0,0
https://openalex.org/w2417763478,,https://pubmed.ncbi.nlm.nih.gov/8975302,,0,0
https://openalex.org/w2340996229,https://doi.org/10.1212/wnl.86.16_supplement.p3.125,,,0,1
https://openalex.org/w2010387718,https://doi.org/10.1097/bor.0b013e3282f18bef,https://pubmed.ncbi.nlm.nih.gov/18281851,,0,0
https://openalex.org/w2807736033,https://doi.org/10.1136/annrheumdis-2018-eular.2031,,,0,0
https://openalex.org/w4249790553,https://doi.org/10.1007/s13530-015-0245-x,,,0,0
https://openalex.org/w2019681094,https://doi.org/10.1159/000174984,,,0,0
https://openalex.org/w2719199767,https://doi.org/10.1016/j.ijporl.2017.06.022,https://pubmed.ncbi.nlm.nih.gov/28802389,,0,0
https://openalex.org/w2011385347,https://doi.org/10.1002/ajh.2830310204,https://pubmed.ncbi.nlm.nih.gov/2660547,,0,0
https://openalex.org/w2316322580,https://doi.org/10.2174/187153006779025775,,,0,0
https://openalex.org/w2332144397,https://doi.org/10.1016/s0248-8663(89)80007-4,https://pubmed.ncbi.nlm.nih.gov/2569757,,0,0
https://openalex.org/w2130948721,https://doi.org/10.4049/jimmunol.0802173,https://pubmed.ncbi.nlm.nih.gov/19717512,,0,0
https://openalex.org/w2766592407,https://doi.org/10.1016/j.athoracsur.2017.07.026,https://pubmed.ncbi.nlm.nih.gov/29100647,,0,0
https://openalex.org/w2167786292,https://doi.org/10.1378/chest.113.6.1517,https://pubmed.ncbi.nlm.nih.gov/9631787,,0,0
https://openalex.org/w2546438413,https://doi.org/10.1016/j.rmed.2016.10.019,https://pubmed.ncbi.nlm.nih.gov/27888997,,0,1
https://openalex.org/w2017814194,https://doi.org/10.1136/thx.2005.042838,https://pubmed.ncbi.nlm.nih.gov/16227329,,0,0
https://openalex.org/w2075376454,https://doi.org/10.1034/j.1399-0039.2002.590105.x,,,0,0
https://openalex.org/w2766028155,https://doi.org/10.1186/s12969-017-0205-x,,,0,0
https://openalex.org/w1974317480,https://doi.org/10.1038/nm0498-428,,,0,0
https://openalex.org/w2058966169,https://doi.org/10.1016/j.revmed.2004.04.012,,,0,1
https://openalex.org/w2169759248,https://doi.org/10.1183/09031936.06.00038806,https://pubmed.ncbi.nlm.nih.gov/16837503,,0,0
https://openalex.org/w2006899442,https://doi.org/10.1371/journal.pone.0117829,https://pubmed.ncbi.nlm.nih.gov/25689302,,0,0
https://openalex.org/w1904362652,https://doi.org/10.1002/ajim.4700170128,https://pubmed.ncbi.nlm.nih.gov/2305806,,0,0
https://openalex.org/w2020006350,https://doi.org/10.1084/jem.168.6.2337,,,0,0
https://openalex.org/w2058696910,https://doi.org/10.1093/rheumatology/ken272,https://pubmed.ncbi.nlm.nih.gov/18784150,,0,0
https://openalex.org/w4249488347,https://doi.org/10.3233/jnd-189001,,,0,1
https://openalex.org/w2012609078,https://doi.org/10.1111/j.1440-1746.2006.04431.x,https://pubmed.ncbi.nlm.nih.gov/16984610,,0,0
https://openalex.org/w2581749430,https://doi.org/10.1016/j.autrev.2017.01.008,https://pubmed.ncbi.nlm.nih.gov/28147261,,1,1
https://openalex.org/w2616799193,https://doi.org/10.1016/j.jaci.2017.02.042,,,0,0
https://openalex.org/w2011227029,https://doi.org/10.1128/cvi.00096-13,https://pubmed.ncbi.nlm.nih.gov/23803900,,0,0
https://openalex.org/w2604309799,https://doi.org/10.1007/s10067-017-3598-5,https://pubmed.ncbi.nlm.nih.gov/28389987,,0,1
https://openalex.org/w1969694269,https://doi.org/10.1016/j.revmed.2006.03.004,https://pubmed.ncbi.nlm.nih.gov/16697082,,0,0
https://openalex.org/w2586610126,https://doi.org/10.1182/blood.v120.21.3299.3299,,,0,0
https://openalex.org/w2099687329,https://doi.org/10.1128/cvi.05528-11,https://pubmed.ncbi.nlm.nih.gov/22258708,,0,0
https://openalex.org/w2796649231,https://doi.org/10.1007/s00296-018-4025-1,https://pubmed.ncbi.nlm.nih.gov/29644434,,0,0
https://openalex.org/w2139130466,https://doi.org/10.1128/jvi.02667-05,https://pubmed.ncbi.nlm.nih.gov/16699033,,0,0
https://openalex.org/w1565394899,https://doi.org/10.1016/s0889-8588(05)70516-5,https://pubmed.ncbi.nlm.nih.gov/9561906,,0,0
https://openalex.org/w1995293612,https://doi.org/10.1007/s11739-007-0075-1,,,0,0
https://openalex.org/w2087608439,https://doi.org/10.1016/j.lpm.2009.01.016,https://pubmed.ncbi.nlm.nih.gov/19394191,,0,0
https://openalex.org/w1803983606,https://doi.org/10.1007/s12020-015-0756-x,https://pubmed.ncbi.nlm.nih.gov/26429781,,0,0
https://openalex.org/w1601786971,https://doi.org/10.1016/s0014-5793(01)02340-7,,,0,0
https://openalex.org/w2530449342,https://doi.org/10.1111/fcp.12247,,,0,0
https://openalex.org/w2134812071,,https://pubmed.ncbi.nlm.nih.gov/10645182,,0,0
https://openalex.org/w4213380398,https://doi.org/10.1007/s101650300008,,,0,0
https://openalex.org/w2560252244,,https://pubmed.ncbi.nlm.nih.gov/27908312,,0,0
https://openalex.org/w2065253499,https://doi.org/10.1002/ijc.22133,https://pubmed.ncbi.nlm.nih.gov/17036327,,0,0
https://openalex.org/w2072482921,https://doi.org/10.1097/00002281-199911000-00004,https://pubmed.ncbi.nlm.nih.gov/10551670,,0,1
https://openalex.org/w2618143444,https://doi.org/10.1111/his.13269,https://pubmed.ncbi.nlm.nih.gov/28556957,,0,0
https://openalex.org/w1509311189,https://doi.org/10.1002/acr.22014,https://pubmed.ncbi.nlm.nih.gov/23568855,,0,0
https://openalex.org/w2038143978,https://doi.org/10.1038/ni1412,https://pubmed.ncbi.nlm.nih.gov/17110941,,0,0
https://openalex.org/w2010863266,https://doi.org/10.1006/bbrc.1997.6408,https://pubmed.ncbi.nlm.nih.gov/9144577,,0,0
https://openalex.org/w2048488611,https://doi.org/10.1136/ard.60.4.429,,068-881-337-610-243,0,0
https://openalex.org/w2052092450,https://doi.org/10.1016/0264-410x(93)90279-7,,,0,0
https://openalex.org/w1920998454,https://doi.org/10.5603/arm.27559,,,0,0
https://openalex.org/w2574767649,https://doi.org/10.5578/tt.25269,https://pubmed.ncbi.nlm.nih.gov/28393729,,0,0
https://openalex.org/w2412630573,,https://pubmed.ncbi.nlm.nih.gov/1410717,,0,0
https://openalex.org/w2157783137,https://doi.org/10.1074/jbc.m604933200,https://pubmed.ncbi.nlm.nih.gov/16984919,,0,0
https://openalex.org/w1947496979,https://doi.org/10.1016/j.medcli.2015.05.006,,,0,0
https://openalex.org/w2034550137,https://doi.org/10.1038/nature11351,https://pubmed.ncbi.nlm.nih.gov/22902502,,0,0
https://openalex.org/w2623592054,https://doi.org/10.1001/jamaneurol.2017.0934,https://pubmed.ncbi.nlm.nih.gov/28586844,,1,1
https://openalex.org/w199116547,https://doi.org/10.1097/mcp.0b013e328273bc5c,https://pubmed.ncbi.nlm.nih.gov/17940490,,0,0
https://openalex.org/w2079151190,https://doi.org/10.1097/brs.0b013e3181af77b4,https://pubmed.ncbi.nlm.nih.gov/19934807,,0,0
https://openalex.org/w1980467923,https://doi.org/10.1358/dot.2008.44.6.1220138,,,0,0
https://openalex.org/w2625915911,https://doi.org/10.1186/s13063-017-2016-2,,,0,0
https://openalex.org/w2334842053,https://doi.org/10.1097/00006982-200004000-00026,https://pubmed.ncbi.nlm.nih.gov/10950432,,0,0
https://openalex.org/w2153344618,https://doi.org/10.1016/s0002-9343(01)00847-6,,,0,0
https://openalex.org/w2006010216,https://doi.org/10.1111/j.1365-2567.2006.02421.x,https://pubmed.ncbi.nlm.nih.gov/16925526,,0,0
https://openalex.org/w2051675618,https://doi.org/10.1016/j.virol.2013.11.035,https://pubmed.ncbi.nlm.nih.gov/24418561,,0,0
https://openalex.org/w2122839841,https://doi.org/10.1051/vetres:2001139,,,0,0
https://openalex.org/w2061597050,https://doi.org/10.1016/j.mce.2004.04.011,https://pubmed.ncbi.nlm.nih.gov/15223127,,0,0
https://openalex.org/w2029562600,https://doi.org/10.1136/ard.2003.019125,https://pubmed.ncbi.nlm.nih.gov/15130900,,0,0
https://openalex.org/w2164241251,https://doi.org/10.1128/cvi.00577-12,https://pubmed.ncbi.nlm.nih.gov/23365205,,0,0
https://openalex.org/w2156065370,https://doi.org/10.1359/jbmr.071002,https://pubmed.ncbi.nlm.nih.gov/17907925,,0,0
https://openalex.org/w304919270,https://doi.org/10.1016/j.provac.2015.05.009,,,0,0
https://openalex.org/w2070668707,https://doi.org/10.1111/j.1365-2273.1989.tb00403.x,https://pubmed.ncbi.nlm.nih.gov/2582643,,0,0
https://openalex.org/w2518224553,https://doi.org/10.1016/j.nmd.2015.06.230,,,0,1
https://openalex.org/w2001584057,https://doi.org/10.1002/glia.22454,https://pubmed.ncbi.nlm.nih.gov/23355222,,0,0
https://openalex.org/w4249455508,https://doi.org/10.1093/qjmed/hcw130,,,0,1
https://openalex.org/w2221610582,https://doi.org/10.1016/j.ijcard.2012.09.109,https://pubmed.ncbi.nlm.nih.gov/23022085,,0,0
https://openalex.org/w2255256785,https://doi.org/10.6557/gjta.199203_9(1).0004,,,0,0
https://openalex.org/w1998998852,https://doi.org/10.1016/j.jviromet.2013.10.035,https://pubmed.ncbi.nlm.nih.gov/24216235,,0,0
https://openalex.org/w1989074271,https://doi.org/10.1371/journal.pone.0112829,https://pubmed.ncbi.nlm.nih.gov/25405768,,0,0
https://openalex.org/w2042608110,https://doi.org/10.1016/j.rmed.2009.02.009,https://pubmed.ncbi.nlm.nih.gov/19304475,,0,0
https://openalex.org/w1213159758,,,,0,1
https://openalex.org/w2133832004,https://doi.org/10.1002/lary.22367,https://pubmed.ncbi.nlm.nih.gov/22109754,,0,0
https://openalex.org/w2415919261,,https://pubmed.ncbi.nlm.nih.gov/16983974,,0,0
https://openalex.org/w2088121511,https://doi.org/10.1038/nrrheum.2010.2,,,0,0
https://openalex.org/w1970948379,https://doi.org/10.2174/1874306401206010063,,,0,0
https://openalex.org/w2165828459,https://doi.org/10.1136/thoraxjnl-2012-201823,,,0,0
https://openalex.org/w2078289340,https://doi.org/10.1002/mpo.2950230204,https://pubmed.ncbi.nlm.nih.gov/8202046,,0,0
https://openalex.org/w4234496545,https://doi.org/10.1016/j.arbr.2014.06.027,,,0,0
https://openalex.org/w2086052247,https://doi.org/10.1097/md.0b013e31829d08f9,,,0,0
https://openalex.org/w4247233646,https://doi.org/10.1074/jbc.a116.729202,,,0,0
https://openalex.org/w2119048858,https://doi.org/10.1128/jvi.01289-13,https://pubmed.ncbi.nlm.nih.gov/23804633,,0,0
https://openalex.org/w2115535632,https://doi.org/10.1016/j.ijcard.2015.06.087,https://pubmed.ncbi.nlm.nih.gov/26209947,,0,0
https://openalex.org/w2131267289,https://doi.org/10.4081/reumatismo.2014.746,,,0,0
https://openalex.org/w1457787080,https://doi.org/10.1007/s00408-015-9799-2,https://pubmed.ncbi.nlm.nih.gov/26349475,,0,0
https://openalex.org/w1983908738,https://doi.org/10.1016/0738-081x(88)90052-1,,,0,0
https://openalex.org/w2152218879,https://doi.org/10.1055/s-2008-1062267,,,0,0
https://openalex.org/w2142969308,https://doi.org/10.1148/rg.321115060,https://pubmed.ncbi.nlm.nih.gov/22236893,,0,0
https://openalex.org/w2148726143,https://doi.org/10.4049/jimmunol.178.12.8022,,,0,0
https://openalex.org/w2024558712,https://doi.org/10.1016/j.ijsu.2007.07.001,,,0,0
https://openalex.org/w2043752436,https://doi.org/10.1196/annals.1423.029,https://pubmed.ncbi.nlm.nih.gov/17911442,,0,0
https://openalex.org/w2161520144,https://doi.org/10.1177/107602960401000402,,,0,0
https://openalex.org/w2122099608,https://doi.org/10.1378/chest.14-2714,https://pubmed.ncbi.nlm.nih.gov/25811599,,0,0
https://openalex.org/w1975581529,https://doi.org/10.1016/j.rvsc.2008.09.007,https://pubmed.ncbi.nlm.nih.gov/19010505,,0,0
https://openalex.org/w2800329794,https://doi.org/10.1212/wnl.0000000000005638,https://pubmed.ncbi.nlm.nih.gov/29728522,,0,0
https://openalex.org/w2401223668,,https://pubmed.ncbi.nlm.nih.gov/8587065,,0,0
https://openalex.org/w2024323842,https://doi.org/10.1002/ppul.1030,,,0,0
https://openalex.org/w2168120687,https://doi.org/10.1126/science.aac5789,https://pubmed.ncbi.nlm.nih.gov/26449474,,0,0
https://openalex.org/w4299009394,https://doi.org/10.1002/ppul.21583,,,0,0
https://openalex.org/w2513888049,https://doi.org/10.1371/journal.pone.0160753,https://pubmed.ncbi.nlm.nih.gov/27504827,,0,0
https://openalex.org/w2083794097,https://doi.org/10.1038/sj.gt.3301853,https://pubmed.ncbi.nlm.nih.gov/12571639,,0,0
https://openalex.org/w2136477857,https://doi.org/10.5603/piap.2015.0020,https://pubmed.ncbi.nlm.nih.gov/25754054,,0,0
https://openalex.org/w2192249726,https://doi.org/10.1155/2015/909827,https://pubmed.ncbi.nlm.nih.gov/26635450,,0,0
https://openalex.org/w2107930144,https://doi.org/10.1093/ndt/14.7.1658,https://pubmed.ncbi.nlm.nih.gov/10435873,,0,0
https://openalex.org/w1506990034,,,,0,0
https://openalex.org/w2412221291,,https://pubmed.ncbi.nlm.nih.gov/20975637,,0,0
https://openalex.org/w2148728047,https://doi.org/10.1111/j.1365-2362.2006.01695.x,https://pubmed.ncbi.nlm.nih.gov/16919010,,0,0
https://openalex.org/w2750833087,https://doi.org/10.1186/s13014-017-0881-1,https://pubmed.ncbi.nlm.nih.gov/28865463,,0,0
https://openalex.org/w2090750844,https://doi.org/10.1016/j.jinsphys.2009.01.013,https://pubmed.ncbi.nlm.nih.gov/19232405,,0,0
https://openalex.org/w2126664265,https://doi.org/10.1002/ppul.20209,,,0,0
https://openalex.org/w2080155742,https://doi.org/10.1038/ni.2289,https://pubmed.ncbi.nlm.nih.gov/22513324,,0,0
https://openalex.org/w2894656007,https://doi.org/10.21873/anticanres.12939,https://pubmed.ncbi.nlm.nih.gov/30275222,,0,0
https://openalex.org/w2107461742,https://doi.org/10.1073/pnas.1105152108,https://pubmed.ncbi.nlm.nih.gov/22109549,,0,0
https://openalex.org/w2781223921,https://doi.org/10.4103/0366-6999.219162,https://pubmed.ncbi.nlm.nih.gov/29176155,,0,0
https://openalex.org/w2063781275,https://doi.org/10.3109/13547501003777823,,,0,0
https://openalex.org/w2898819105,https://doi.org/10.1007/s10067-018-4353-2,https://pubmed.ncbi.nlm.nih.gov/30392161,,1,1
https://openalex.org/w4243056560,https://doi.org/10.7326/0003-4819-134-12-200106190-00003,https://pubmed.ncbi.nlm.nih.gov/11419414,151-584-798-022-935,0,0
https://openalex.org/w2071512357,https://doi.org/10.1186/1749-8090-7-18,https://pubmed.ncbi.nlm.nih.gov/22394587,,0,0
https://openalex.org/w2754886569,https://doi.org/10.1136/annrheumdis-2017-eular.6327,,,0,1
https://openalex.org/w2128966604,https://doi.org/10.1093/annonc/mdq061,,,0,0
https://openalex.org/w2564586146,https://doi.org/10.1182/blood.v114.22.565.565,,,0,0
https://openalex.org/w2811174811,https://doi.org/10.1159/000489890,,,0,0
https://openalex.org/w2013030673,https://doi.org/10.1080/08880010050034300,https://pubmed.ncbi.nlm.nih.gov/10914047,,0,0
https://openalex.org/w2016198028,https://doi.org/10.1111/j.1348-0421.2008.00010.x,https://pubmed.ncbi.nlm.nih.gov/18380802,,0,0
https://openalex.org/w2587527342,https://doi.org/10.3892/ijmm.2017.2878,https://pubmed.ncbi.nlm.nih.gov/28204826,,0,0
https://openalex.org/w2024559376,https://doi.org/10.1016/j.cca.2014.01.005,https://pubmed.ncbi.nlm.nih.gov/24508626,,0,0
https://openalex.org/w2549720491,https://doi.org/10.1136/annrheumdis-2016-eular.2857,,,0,1
https://openalex.org/w1498129869,,https://pubmed.ncbi.nlm.nih.gov/12746665,,0,0
https://openalex.org/w2164601343,https://doi.org/10.3899/jrheum.100675,,,0,0
https://openalex.org/w2323790802,https://doi.org/10.1007/s12013-014-0092-4,https://pubmed.ncbi.nlm.nih.gov/25005772,,0,0
https://openalex.org/w1981257023,https://doi.org/10.1016/j.imlet.2007.11.024,https://pubmed.ncbi.nlm.nih.gov/18215426,,0,0
https://openalex.org/w2112660188,https://doi.org/10.1016/j.yexcr.2007.07.005,https://pubmed.ncbi.nlm.nih.gov/17662978,,0,0
https://openalex.org/w2012069459,https://doi.org/10.1164/ajrccm.155.4.9105101,https://pubmed.ncbi.nlm.nih.gov/9105101,024-178-126-876-841,0,0
https://openalex.org/w2013312965,https://doi.org/10.1016/j.nmd.2010.06.007,https://pubmed.ncbi.nlm.nih.gov/20630756,,0,0
https://openalex.org/w2150710291,https://doi.org/10.1001/jama.1994.03520240067043,https://pubmed.ncbi.nlm.nih.gov/7990247,,0,0
https://openalex.org/w2171246731,https://doi.org/10.1177/000992288702601101,https://pubmed.ncbi.nlm.nih.gov/3665326,,0,0
https://openalex.org/w2401045052,,,,0,0
https://openalex.org/w1974885063,https://doi.org/10.1074/mcp.m800132-mcp200,https://pubmed.ncbi.nlm.nih.gov/18667412,,0,0
https://openalex.org/w751821038,https://doi.org/10.1007/s10067-015-3001-3,https://pubmed.ncbi.nlm.nih.gov/26149923,,0,0
https://openalex.org/w1991982026,https://doi.org/10.1097/bor.0b013e32834ba787,,,0,0
https://openalex.org/w1817891117,https://doi.org/10.1016/j.athoracsur.2015.03.094,https://pubmed.ncbi.nlm.nih.gov/26116477,,0,0
https://openalex.org/w2046902772,https://doi.org/10.1111/j.1365-2133.2000.03746.x,https://pubmed.ncbi.nlm.nih.gov/10971365,,0,0
https://openalex.org/w2403985339,,,,0,0
https://openalex.org/w1991456920,https://doi.org/10.4149/bll_2013_148,,,0,0
https://openalex.org/w2061496103,https://doi.org/10.1002/art.22506,,,1,1
https://openalex.org/w3140705025,https://doi.org/10.1183/09031936.00036408,,,0,0
https://openalex.org/w2033652535,https://doi.org/10.1213/ane.0b013e318188af7a,https://pubmed.ncbi.nlm.nih.gov/19095855,,0,0
https://openalex.org/w2005094986,https://doi.org/10.1097/00005373-200301000-00011,,,0,0
https://openalex.org/w2034729087,https://doi.org/10.1164/ajrccm.172.6.957,https://pubmed.ncbi.nlm.nih.gov/16148203,,0,0
https://openalex.org/w2058368291,https://doi.org/10.1016/0264-410x(93)90375-8,,,0,0
https://openalex.org/w2036749877,https://doi.org/10.1016/j.antiviral.2014.12.008,https://pubmed.ncbi.nlm.nih.gov/25513756,,0,0
https://openalex.org/w2113309994,https://doi.org/10.1136/oem.54.10.746,https://pubmed.ncbi.nlm.nih.gov/9404323,,0,0
https://openalex.org/w2124328515,,https://pubmed.ncbi.nlm.nih.gov/12067081,,0,0
https://openalex.org/w2249033322,,https://pubmed.ncbi.nlm.nih.gov/10897850,,0,0
https://openalex.org/w2135791473,https://doi.org/10.1183/09031936.00104310,https://pubmed.ncbi.nlm.nih.gov/21357927,033-482-508-353-66X,1,1
https://openalex.org/w3168204505,https://doi.org/10.1096/fasebj.24.1_supplement.476.8,,,0,0
https://openalex.org/w2601611703,https://doi.org/10.1634/theoncologist.2016-0486,https://pubmed.ncbi.nlm.nih.gov/28341759,,0,0
https://openalex.org/w2286655369,https://doi.org/10.1016/j.vaccine.2016.02.028,https://pubmed.ncbi.nlm.nih.gov/26902548,,0,0
https://openalex.org/w17578667,,,,0,0
https://openalex.org/w2416789646,,,,0,0
https://openalex.org/w2020458505,https://doi.org/10.1074/jbc.m110.124297,https://pubmed.ncbi.nlm.nih.gov/20702413,,0,0
https://openalex.org/w2039465298,https://doi.org/10.1007/s00296-012-2561-7,,,0,0
https://openalex.org/w4248767946,https://doi.org/10.1016/s0140-6736(99)05157-0,https://pubmed.ncbi.nlm.nih.gov/10615903,,0,1
https://openalex.org/w2060129596,https://doi.org/10.1016/s0360-3016(01)02770-5,https://pubmed.ncbi.nlm.nih.gov/11955730,,0,0
https://openalex.org/w2025209619,https://doi.org/10.1073/pnas.1215366110,https://pubmed.ncbi.nlm.nih.gov/23213215,,0,0
https://openalex.org/w2066524840,https://doi.org/10.1016/0049-0172(84)90010-6,https://pubmed.ncbi.nlm.nih.gov/6385255,,0,0
https://openalex.org/w2164843456,https://doi.org/10.1086/598954,https://pubmed.ncbi.nlm.nih.gov/19385735,,0,0
https://openalex.org/w2766778218,https://doi.org/10.1016/j.jaapos.2017.08.005,https://pubmed.ncbi.nlm.nih.gov/29108856,,0,0
https://openalex.org/w2567033333,https://doi.org/10.1097/md.0000000000005716,https://pubmed.ncbi.nlm.nih.gov/27977621,,0,0
https://openalex.org/w2569464351,https://doi.org/10.1016/j.reuma.2016.11.008,https://pubmed.ncbi.nlm.nih.gov/28063779,,0,0
https://openalex.org/w2131942689,https://doi.org/10.1128/iai.02024-14,https://pubmed.ncbi.nlm.nih.gov/25156732,,0,0
https://openalex.org/w2118800225,https://doi.org/10.1016/j.chom.2010.11.007,https://pubmed.ncbi.nlm.nih.gov/21147462,,0,0
https://openalex.org/w2417788154,,https://pubmed.ncbi.nlm.nih.gov/18652405,,0,0
https://openalex.org/w2038524766,https://doi.org/10.1016/s0022-510x(00)00395-6,https://pubmed.ncbi.nlm.nih.gov/11054491,,0,0
https://openalex.org/w1998870253,https://doi.org/10.1007/s00296-005-0030-2,https://pubmed.ncbi.nlm.nih.gov/16163542,,0,0
https://openalex.org/w2013623200,https://doi.org/10.1111/j.1440-1843.2007.01033.x,https://pubmed.ncbi.nlm.nih.gov/17539848,,0,0
https://openalex.org/w2063075581,https://doi.org/10.1016/s0033-8389(05)70334-1,,,0,0
https://openalex.org/w2073864150,https://doi.org/10.1002/(sici)1096-911x(199612)27:6<540::aid-mpo6>3.0.co;2-l,https://pubmed.ncbi.nlm.nih.gov/8888814,,0,0
https://openalex.org/w2160546056,https://doi.org/10.1093/ndt/gfm353,https://pubmed.ncbi.nlm.nih.gov/17556410,,0,0
https://openalex.org/w2068352599,https://doi.org/10.1378/chest.112.5.1202,https://pubmed.ncbi.nlm.nih.gov/9367458,,0,0
https://openalex.org/w2554496899,https://doi.org/10.1183/13993003.congress-2016.pa4881,,,0,1
https://openalex.org/w1972365029,https://doi.org/10.1371/journal.pone.0021004,https://pubmed.ncbi.nlm.nih.gov/21698210,,0,0
https://openalex.org/w2011466270,https://doi.org/10.1055/s-2007-991525,,,0,0
https://openalex.org/w2147430097,https://doi.org/10.1378/chest.108.3.647,https://pubmed.ncbi.nlm.nih.gov/7656611,,0,0
https://openalex.org/w2412720593,,,,0,0
https://openalex.org/w4242874797,https://doi.org/10.1016/j.jaad.2014.01.754,,,0,0
https://openalex.org/w2088766462,https://doi.org/10.1016/j.tripleo.2005.04.018,https://pubmed.ncbi.nlm.nih.gov/16122651,,0,0
https://openalex.org/w2395586047,https://doi.org/10.1053/j.ro.2009.09.001,,,0,0
https://openalex.org/w2142630086,https://doi.org/10.1016/s2173-5115(09)70122-8,,,0,0
https://openalex.org/w4255533565,https://doi.org/10.1007/s11307-014-0809-1,,,0,0
https://openalex.org/w1953262738,https://doi.org/10.1111/j.1365-2559.2011.03788.x,,,0,0
https://openalex.org/w2271616951,https://doi.org/10.1513/pats.200703-045ms,,,0,0
https://openalex.org/w2023133155,https://doi.org/10.1097/00002030-199307000-00021,https://pubmed.ncbi.nlm.nih.gov/8357550,,0,0
https://openalex.org/w2103984122,https://doi.org/10.1002/art.1780370904,,,0,0
https://openalex.org/w2242497196,https://doi.org/10.1002/eji.200990286,,,0,0
https://openalex.org/w1501936064,https://doi.org/10.4049/jimmunol.133.6.3371,,,0,0
https://openalex.org/w2743111855,https://doi.org/10.1371/journal.ppat.1006502,https://pubmed.ncbi.nlm.nih.gov/28771586,,0,0
https://openalex.org/w2749726689,https://doi.org/10.1186/s13063-017-1902-y,,,0,1
https://openalex.org/w2147284892,https://doi.org/10.1128/iai.02803-14,https://pubmed.ncbi.nlm.nih.gov/25644011,,0,0
https://openalex.org/w2063651487,https://doi.org/10.1093/tropej/fml019,https://pubmed.ncbi.nlm.nih.gov/16735366,,0,0
https://openalex.org/w4211217520,https://doi.org/10.1016/j.cell.2010.01.040,https://pubmed.ncbi.nlm.nih.gov/20303873,,0,0
https://openalex.org/w2600665403,https://doi.org/10.1016/j.semarthrit.2017.03.019,,,0,0
https://openalex.org/w2151258162,https://doi.org/10.1093/icvts/ivr029,https://pubmed.ncbi.nlm.nih.gov/22159236,,0,0
https://openalex.org/w2134455236,https://doi.org/10.1099/vir.0.81185-0,https://pubmed.ncbi.nlm.nih.gov/16186239,,0,0
https://openalex.org/w2150575723,https://doi.org/10.1016/s2173-5743(07)70265-4,https://pubmed.ncbi.nlm.nih.gov/21794447,,0,0
https://openalex.org/w2128008175,https://doi.org/10.4049/jimmunol.1301581,https://pubmed.ncbi.nlm.nih.gov/24123685,,0,0
https://openalex.org/w2091623305,https://doi.org/10.1136/thoraxjnl-2014-206260.14,,,0,1
https://openalex.org/w1971305693,https://doi.org/10.2217/fmb.12.69,https://pubmed.ncbi.nlm.nih.gov/22913358,,0,0
https://openalex.org/w2748268894,https://doi.org/10.1186/s12890-017-0453-z,https://pubmed.ncbi.nlm.nih.gov/28807021,,0,0
https://openalex.org/w2045057898,https://doi.org/10.1097/01.pcc.0000128886.08534.9e,,,0,0
https://openalex.org/w2489282153,https://doi.org/10.1038/nrrheum.2016.120,,,0,1
https://openalex.org/w2048432257,https://doi.org/10.2147/dddt.s64907,https://pubmed.ncbi.nlm.nih.gov/25061279,,0,0
https://openalex.org/w2770834065,https://doi.org/10.3899/jrheum.170307,,,0,0
https://openalex.org/w2000245371,https://doi.org/10.1097/rhu.0b013e31823b1878,https://pubmed.ncbi.nlm.nih.gov/22126809,,0,0
https://openalex.org/w2419582408,https://doi.org/10.3899/jrheum.150844,https://pubmed.ncbi.nlm.nih.gov/27252419,,1,1
https://openalex.org/w2596844954,https://doi.org/10.1038/srep44476,https://pubmed.ncbi.nlm.nih.gov/28300205,,0,0
https://openalex.org/w1945667287,https://doi.org/10.1002/ppul.23124,,,0,0
https://openalex.org/w4233629083,https://doi.org/10.1016/s1577-3566(07)75600-2,,,0,1
https://openalex.org/w2563194183,https://doi.org/10.1016/j.rmed.2016.12.014,https://pubmed.ncbi.nlm.nih.gov/28137500,,0,1
https://openalex.org/w2141691218,https://doi.org/10.1212/wnl.0b013e31820c3648,,098-674-120-563-921,0,1
https://openalex.org/w2885217225,https://doi.org/10.1038/s41426-018-0133-y,https://pubmed.ncbi.nlm.nih.gov/30076293,,0,0
https://openalex.org/w2100113677,https://doi.org/10.1155/2013/390563,https://pubmed.ncbi.nlm.nih.gov/23818915,,0,0
https://openalex.org/w2122154004,https://doi.org/10.1128/iai.66.9.4025-4029.1998,https://pubmed.ncbi.nlm.nih.gov/9712742,,0,0
https://openalex.org/w2095276337,https://doi.org/10.1097/00063198-200307000-00004,https://pubmed.ncbi.nlm.nih.gov/12806238,,0,0
https://openalex.org/w2240628038,https://doi.org/10.1111/imj.12752,,,0,1
https://openalex.org/w2910451191,https://doi.org/10.1136/annrheumdis-2018-eular.5593,,,0,0
https://openalex.org/w1973014837,https://doi.org/10.1371/journal.pntd.0003178,https://pubmed.ncbi.nlm.nih.gov/25232720,,0,0
https://openalex.org/w2059050589,https://doi.org/10.1016/s0022-1759(98)00122-7,,,0,0
https://openalex.org/w2145391189,https://doi.org/10.1136/thx.42.2.117,https://pubmed.ncbi.nlm.nih.gov/3433234,,0,0
https://openalex.org/w2769745607,https://doi.org/10.12688/f1000research.12999.1,,,0,0
https://openalex.org/w2468743358,https://doi.org/10.4046/trd.2016.79.3.188,https://pubmed.ncbi.nlm.nih.gov/27433180,,0,0
https://openalex.org/w1995529556,https://doi.org/10.1097/bor.0000000000000109,,,0,0
https://openalex.org/w2738096628,https://doi.org/10.1084/jem.20170633,https://pubmed.ncbi.nlm.nih.gov/28739603,,0,0
https://openalex.org/w2524823759,https://doi.org/10.1097/md.0000000000004911,https://pubmed.ncbi.nlm.nih.gov/27684828,,0,1
https://openalex.org/w1910618583,https://doi.org/10.4049/jimmunol.1200860,,,0,0
https://openalex.org/w2111718416,https://doi.org/10.1136/adc.2007.125872,https://pubmed.ncbi.nlm.nih.gov/19457881,,0,0
https://openalex.org/w2039068808,https://doi.org/10.1007/s10067-009-1181-4,https://pubmed.ncbi.nlm.nih.gov/19387765,,0,0
https://openalex.org/w2910800510,https://doi.org/10.1136/annrheumdis-2018-eular.4602,,,0,1
https://openalex.org/w2560182650,https://doi.org/10.1016/s1877-1203(16)30075-1,,,0,0
https://openalex.org/w2096063671,https://doi.org/10.1093/rheumatology/kem131,https://pubmed.ncbi.nlm.nih.gov/17569746,,0,0
https://openalex.org/w1938236294,,,,0,0
https://openalex.org/w2042195001,https://doi.org/10.1016/j.nmd.2008.04.015,https://pubmed.ncbi.nlm.nih.gov/18534849,,0,0
https://openalex.org/w2472827494,https://doi.org/10.2174/1573398x11666150619183704,,,0,0
https://openalex.org/w2460401844,,https://pubmed.ncbi.nlm.nih.gov/2080396,,0,0
https://openalex.org/w4250236795,https://doi.org/10.1139/bcb-2014-0111,,,0,0
https://openalex.org/w2326191365,https://doi.org/10.1136/annrheumdis-2015-eular.5862,,,0,1
https://openalex.org/w2049220055,https://doi.org/10.1159/000064006,https://pubmed.ncbi.nlm.nih.gov/12232448,,0,0
https://openalex.org/w2110174748,https://doi.org/10.1242/jcs.112.1.137,,,0,0
https://openalex.org/w2064171315,https://doi.org/10.1016/s0041-1345(01)02109-1,https://pubmed.ncbi.nlm.nih.gov/11406259,,0,0
https://openalex.org/w1994021670,https://doi.org/10.1016/j.rbr.2014.10.001,https://pubmed.ncbi.nlm.nih.gov/25577487,,0,0
https://openalex.org/w2564242860,https://doi.org/10.1016/j.healun.2016.12.013,,,0,0
https://openalex.org/w2053981659,https://doi.org/10.1097/mcp.0000000000000084,https://pubmed.ncbi.nlm.nih.gov/25046428,,0,0
https://openalex.org/w2414842824,,https://pubmed.ncbi.nlm.nih.gov/3069018,,0,0
https://openalex.org/w2285186378,https://doi.org/10.1136/bmj.h6819,,,0,0
https://openalex.org/w2059498235,https://doi.org/10.1371/journal.pone.0096067,https://pubmed.ncbi.nlm.nih.gov/24776932,,0,0
https://openalex.org/w1966425077,https://doi.org/10.1378/chest.08-2839,https://pubmed.ncbi.nlm.nih.gov/19429722,,0,0
https://openalex.org/w2088338885,https://doi.org/10.1164/ajrccm.164.7.2103110,https://pubmed.ncbi.nlm.nih.gov/11673206,,0,1
https://openalex.org/w1946820747,https://doi.org/10.1200/jco.2000.18.13.2593,,,0,0
https://openalex.org/w2808540731,https://doi.org/10.1136/annrheumdis-2018-eular.7400,,,0,1
https://openalex.org/w2153154971,https://doi.org/10.1097/bor.0000000000000104,https://pubmed.ncbi.nlm.nih.gov/25203119,,0,1
https://openalex.org/w2005202584,https://doi.org/10.1007/s10067-008-0917-x,https://pubmed.ncbi.nlm.nih.gov/18512115,,0,0
https://openalex.org/w2121560754,https://doi.org/10.1038/sj.cdd.4402038,https://pubmed.ncbi.nlm.nih.gov/16977329,,0,0
https://openalex.org/w2107843571,https://doi.org/10.1093/rheumatology/kel221,,,0,0
https://openalex.org/w1969016804,https://doi.org/10.1006/exer.1996.0211,,,0,0
https://openalex.org/w2044304655,https://doi.org/10.1007/bf01314648,,,0,0
https://openalex.org/w2399082130,,https://pubmed.ncbi.nlm.nih.gov/24773767,,0,1
https://openalex.org/w2130330673,https://doi.org/10.1183/09031936.06.00076705,https://pubmed.ncbi.nlm.nih.gov/16571614,,0,0
https://openalex.org/w2031732281,https://doi.org/10.1016/s1201-9712(10)60197-x,,,0,0
https://openalex.org/w62737630,,https://pubmed.ncbi.nlm.nih.gov/1669976,,0,0
https://openalex.org/w4255600027,https://doi.org/10.1038/jid.2012.83,,,0,0
https://openalex.org/w2100033365,https://doi.org/10.2214/ajr.04.1663,https://pubmed.ncbi.nlm.nih.gov/16554569,,0,0
https://openalex.org/w112807945,,https://pubmed.ncbi.nlm.nih.gov/9307858,,0,0
https://openalex.org/w2615714060,https://doi.org/10.1016/s2255-5021(13)70025-7,https://pubmed.ncbi.nlm.nih.gov/23856799,,0,0
https://openalex.org/w1612945256,,https://pubmed.ncbi.nlm.nih.gov/1489362,,0,0
https://openalex.org/w1912285568,https://doi.org/10.1111/j.1440-1843.2011.01944.x,https://pubmed.ncbi.nlm.nih.gov/21299689,,0,0
https://openalex.org/w2410397979,https://doi.org/10.1111/j.1346-8138.2010.01029.x,,,0,1
https://openalex.org/w1508536868,https://doi.org/10.1038/cddis.2015.186,,,0,0
https://openalex.org/w2177540623,https://doi.org/10.1165/rcmb.2015-0040oc,https://pubmed.ncbi.nlm.nih.gov/26600305,,0,0
https://openalex.org/w1895556623,,https://pubmed.ncbi.nlm.nih.gov/1609153,,0,0
https://openalex.org/w2127800509,https://doi.org/10.1046/j.1365-2249.1998.00720.x,https://pubmed.ncbi.nlm.nih.gov/9822271,,0,0
https://openalex.org/w2134588814,,,,0,1
https://openalex.org/w2092162808,https://doi.org/10.1378/chest.09-0711,https://pubmed.ncbi.nlm.nih.gov/19736203,,0,0
https://openalex.org/w4251022963,https://doi.org/10.1002/1873-3468.12674,,,0,0
https://openalex.org/w66359485,https://doi.org/10.1023/a:1005021607135,,,0,0
https://openalex.org/w2028662413,https://doi.org/10.1371/journal.ppat.1002379,https://pubmed.ncbi.nlm.nih.gov/22174673,,0,0
https://openalex.org/w2440523980,,https://pubmed.ncbi.nlm.nih.gov/8929702,,0,0
https://openalex.org/w2416992996,,https://pubmed.ncbi.nlm.nih.gov/9835969,,0,0
https://openalex.org/w2121152496,https://doi.org/10.1177/0300060513476435,https://pubmed.ncbi.nlm.nih.gov/23569020,,0,1
https://openalex.org/w1532239153,https://doi.org/10.1155/2015/151626,,,0,0
https://openalex.org/w2330712401,https://doi.org/10.1097/bto.0b013e31823a0960,,,0,0
https://openalex.org/w2751698971,https://doi.org/10.1016/j.jid.2017.07.115,,,0,1
https://openalex.org/w137314936,,,,0,0
https://openalex.org/w2007135130,https://doi.org/10.1051/parasite/2011182121,,,0,0
https://openalex.org/w2170174981,https://doi.org/10.1016/j.bbrc.2008.01.058,https://pubmed.ncbi.nlm.nih.gov/18211804,,0,0
https://openalex.org/w4237063332,https://doi.org/10.1164/ajrccm.186.3.e5,,,0,0
https://openalex.org/w2339041748,https://doi.org/10.1002/jcla.21948,https://pubmed.ncbi.nlm.nih.gov/27074881,,0,0
https://openalex.org/w2004718673,https://doi.org/10.1128/jvi.74.18.8219-8225.2000,,,0,0
https://openalex.org/w1975676668,https://doi.org/10.1007/s00296-010-1665-1,https://pubmed.ncbi.nlm.nih.gov/21132550,,0,0
https://openalex.org/w2090488485,https://doi.org/10.1097/iop.0b013e3182601041,https://pubmed.ncbi.nlm.nih.gov/23034682,,0,0
https://openalex.org/w2619345447,https://doi.org/10.1111/resp.13084,,,0,0
https://openalex.org/w1990090552,https://doi.org/10.1016/s0889-857x(03)00025-5,,,0,0
https://openalex.org/w2142040453,https://doi.org/10.1017/s1355838299990118,,,0,0
https://openalex.org/w4236929393,https://doi.org/10.1097/rti.0b013e3181d9cce4,https://pubmed.ncbi.nlm.nih.gov/20463522,,0,0
https://openalex.org/w2740406892,https://doi.org/10.1016/j.cell.2017.06.048,https://pubmed.ncbi.nlm.nih.gov/28757252,,0,0
https://openalex.org/w2153773747,https://doi.org/10.1111/j.1525-1470.2008.00669.x,https://pubmed.ncbi.nlm.nih.gov/18577030,,0,0
https://openalex.org/w2058135257,https://doi.org/10.1111/j.1423-0410.1987.tb02989.x,https://pubmed.ncbi.nlm.nih.gov/3111089,,0,0
https://openalex.org/w2043260789,https://doi.org/10.4161/15548627.2014.981915,https://pubmed.ncbi.nlm.nih.gov/25700738,,0,0
https://openalex.org/w2164252410,https://doi.org/10.3109/13561820903163801,https://pubmed.ncbi.nlm.nih.gov/20377396,,0,0
https://openalex.org/w2066846597,https://doi.org/10.1289/ehp.94102372,https://pubmed.ncbi.nlm.nih.gov/7925177,,0,0
https://openalex.org/w2883622103,https://doi.org/10.1111/1346-8138.14580,,,0,0
https://openalex.org/w2008406467,https://doi.org/10.3892/mmr.2014.1948,https://pubmed.ncbi.nlm.nih.gov/24535137,,0,0
https://openalex.org/w2093069130,https://doi.org/10.1007/s10803-011-1343-5,https://pubmed.ncbi.nlm.nih.gov/21842325,,0,0
https://openalex.org/w2103991165,https://doi.org/10.1093/ndt/16.suppl_6.52,https://pubmed.ncbi.nlm.nih.gov/11568242,,0,0
https://openalex.org/w2132189654,https://doi.org/10.1093/icvts/ivt217,,,0,0
https://openalex.org/w2324709416,https://doi.org/10.1136/annrheumdis-2014-eular.5508,,,0,1
https://openalex.org/w2024518287,https://doi.org/10.1097/00063198-200109000-00007,https://pubmed.ncbi.nlm.nih.gov/11584178,,0,0
https://openalex.org/w2462109416,https://doi.org/10.1056/nejm198511143132019,https://pubmed.ncbi.nlm.nih.gov/4058516,,0,0
https://openalex.org/w2598616858,https://doi.org/10.1016/j.siny.2017.03.003,,,0,0
https://openalex.org/w1776367803,https://doi.org/10.3906/sag-1409-99,https://pubmed.ncbi.nlm.nih.gov/26422878,,0,0
https://openalex.org/w2142171911,https://doi.org/10.1093/rheumatology/keu404,https://pubmed.ncbi.nlm.nih.gov/25349440,,1,1
https://openalex.org/w2126631378,https://doi.org/10.1016/s0264-410x(98)00413-7,,,0,0
https://openalex.org/w2073042502,https://doi.org/10.1097/00043764-200009000-00001,https://pubmed.ncbi.nlm.nih.gov/10998760,,0,0
https://openalex.org/w2409362766,,https://pubmed.ncbi.nlm.nih.gov/11887493,,0,0
https://openalex.org/w2562514953,https://doi.org/10.1038/srep39303,https://pubmed.ncbi.nlm.nih.gov/27966632,,0,0
https://openalex.org/w2064614407,https://doi.org/10.1016/s0264-410x(97)00113-8,,,0,0
https://openalex.org/w2003306388,https://doi.org/10.1093/oxfordjournals.jbchem.a022479,,,0,0
https://openalex.org/w2062445437,https://doi.org/10.1128/jvi.74.21.10165-10175.2000,,,0,0
https://openalex.org/w2021201478,https://doi.org/10.1016/s0140-6736(88)91391-8,https://pubmed.ncbi.nlm.nih.gov/2894529,,0,0
https://openalex.org/w2055744942,https://doi.org/10.1016/j.virol.2013.08.029,https://pubmed.ncbi.nlm.nih.gov/24210106,,0,0
https://openalex.org/w2016448428,https://doi.org/10.1539/joh.l10062,https://pubmed.ncbi.nlm.nih.gov/20679738,,0,0
https://openalex.org/w2037119222,https://doi.org/10.1097/pas.0000000000000135,https://pubmed.ncbi.nlm.nih.gov/24525506,,0,0
https://openalex.org/w58538674,,https://pubmed.ncbi.nlm.nih.gov/20684435,,0,0
https://openalex.org/w166517451,https://doi.org/10.1155/2010/686098,https://pubmed.ncbi.nlm.nih.gov/21165350,,0,0
https://openalex.org/w2072284335,https://doi.org/10.1016/j.bbalip.2004.08.001,https://pubmed.ncbi.nlm.nih.gov/15522820,,0,0
https://openalex.org/w2897506614,https://doi.org/10.1007/s13311-018-00676-2,https://pubmed.ncbi.nlm.nih.gov/30341597,,0,1
https://openalex.org/w2471149841,,https://pubmed.ncbi.nlm.nih.gov/3494420,,0,0
https://openalex.org/w2889298419,https://doi.org/10.1016/j.virusres.2018.08.019,https://pubmed.ncbi.nlm.nih.gov/30179704,,0,0
https://openalex.org/w2001301232,https://doi.org/10.1016/j.lungcan.2013.08.024,https://pubmed.ncbi.nlm.nih.gov/24054547,,0,0
https://openalex.org/w1987565696,https://doi.org/10.1164/rccm.201409-1726le,,,0,0
https://openalex.org/w4292522261,,https://pubmed.ncbi.nlm.nih.gov/25140376,,0,0
https://openalex.org/w2163283585,https://doi.org/10.1093/occmed/kqn171,https://pubmed.ncbi.nlm.nih.gov/19233828,,0,0
https://openalex.org/w2407639645,https://doi.org/10.18632/oncotarget.9397,https://pubmed.ncbi.nlm.nih.gov/27203210,,0,0
https://openalex.org/w2002680856,https://doi.org/10.1007/s00467-002-0914-2,https://pubmed.ncbi.nlm.nih.gov/12215830,,0,0
https://openalex.org/w2087795190,https://doi.org/10.1007/s11926-005-0061-4,,,0,0
https://openalex.org/w2022024632,https://doi.org/10.1089/vim.1994.7.25,,,0,0
https://openalex.org/w2062920936,https://doi.org/10.1002/art.20126,,,0,0
https://openalex.org/w2025998635,https://doi.org/10.1152/ajpgi.00274.2006,https://pubmed.ncbi.nlm.nih.gov/17082224,,0,0
https://openalex.org/w2038117964,https://doi.org/10.1016/j.vaccine.2009.09.112,https://pubmed.ncbi.nlm.nih.gov/19819211,,0,0
https://openalex.org/w2790696411,https://doi.org/10.1159/000486286,https://pubmed.ncbi.nlm.nih.gov/29414827,,0,0
https://openalex.org/w2111534059,https://doi.org/10.1038/nrrheum.2013.197,,,0,0
https://openalex.org/w2413132590,,,,0,0
https://openalex.org/w2789273332,https://doi.org/10.1016/j.rmed.2018.02.024,https://pubmed.ncbi.nlm.nih.gov/29605201,,0,0
https://openalex.org/w2115328111,https://doi.org/10.1378/chest.124.1.367,https://pubmed.ncbi.nlm.nih.gov/12853546,,0,0
https://openalex.org/w2014751351,https://doi.org/10.1111/j.1349-7006.2003.tb01506.x,https://pubmed.ncbi.nlm.nih.gov/12901796,,0,0
https://openalex.org/w2127873582,https://doi.org/10.1182/blood-2003-05-1454,https://pubmed.ncbi.nlm.nih.gov/12893754,,0,0
https://openalex.org/w2080208573,https://doi.org/10.1517/14740338.7.4.421,,,0,0
https://openalex.org/w2057354172,https://doi.org/10.2739/kurumemedj.31.209,,046-257-704-755-739,0,0
https://openalex.org/w2056320756,https://doi.org/10.1007/bf00233439,,,0,0
https://openalex.org/w1996293496,https://doi.org/10.1016/j.cyto.2012.07.011,https://pubmed.ncbi.nlm.nih.gov/22863719,,0,0
https://openalex.org/w2032528638,https://doi.org/10.1097/00006454-199305000-00001,,,0,0
https://openalex.org/w86092257,,https://pubmed.ncbi.nlm.nih.gov/11965087,,0,0
https://openalex.org/w2161984127,https://doi.org/10.1136/thoraxjnl-2014-206598,https://pubmed.ncbi.nlm.nih.gov/25492930,061-031-404-762-314,0,0
https://openalex.org/w1973074503,https://doi.org/10.1016/j.dld.2006.09.006,https://pubmed.ncbi.nlm.nih.gov/17035110,,0,0
https://openalex.org/w2110774752,https://doi.org/10.1118/1.4901521,https://pubmed.ncbi.nlm.nih.gov/25563244,,0,0
https://openalex.org/w2169263688,https://doi.org/10.1016/j.rmed.2012.12.013,https://pubmed.ncbi.nlm.nih.gov/23312985,,0,0
https://openalex.org/w2565022730,https://doi.org/10.1111/crj.12604,https://pubmed.ncbi.nlm.nih.gov/28026153,,0,0
https://openalex.org/w2766610948,https://doi.org/10.1016/j.chest.2017.08.509,,,0,0
https://openalex.org/w2071154223,https://doi.org/10.1136/thx.50.suppl_1.s16,https://pubmed.ncbi.nlm.nih.gov/7570457,036-801-389-305-730,0,0
https://openalex.org/w2418474481,https://doi.org/10.5603/piap.2015.0051,https://pubmed.ncbi.nlm.nih.gov/26166793,,0,0
https://openalex.org/w1979509781,https://doi.org/10.1378/chest.129.1.140,https://pubmed.ncbi.nlm.nih.gov/16424424,,0,0
https://openalex.org/w2556504190,https://doi.org/10.1183/13993003.congress-2016.pa813,,,0,0
https://openalex.org/w1966679211,https://doi.org/10.1016/j.neurobiolaging.2013.08.016,https://pubmed.ncbi.nlm.nih.gov/24054992,,0,0
https://openalex.org/w1529136188,https://doi.org/10.3233/cbm-2009-0125,https://pubmed.ncbi.nlm.nih.gov/20660960,,0,0
https://openalex.org/w2606356293,https://doi.org/10.1016/j.jbspin.2017.04.004,,051-047-463-276-563,0,0
https://openalex.org/w2614190777,https://doi.org/10.2223/jped.1746,,,0,0
https://openalex.org/w2031473913,https://doi.org/10.1002/(sici)1096-911x(199707)29:1<36::aid-mpo7>3.0.co;2-t,https://pubmed.ncbi.nlm.nih.gov/9142204,,0,0
https://openalex.org/w2060695647,https://doi.org/10.1159/000076995,https://pubmed.ncbi.nlm.nih.gov/14988611,,0,0
https://openalex.org/w4237291840,https://doi.org/10.1007/s10165-013-0840-0,,,0,0
https://openalex.org/w2916972142,https://doi.org/10.1007/s11999-008-0244-1,,001-833-006-053-908,0,0
https://openalex.org/w2414368972,,https://pubmed.ncbi.nlm.nih.gov/9441069,,0,0
https://openalex.org/w2078874821,https://doi.org/10.1016/0049-0172(90)90073-o,https://pubmed.ncbi.nlm.nih.gov/2196677,,0,0
https://openalex.org/w2115557171,https://doi.org/10.1242/jcs.109.13.2979,,,0,0
https://openalex.org/w2555530739,https://doi.org/10.1136/annrheumdis-2016-eular.2205,,,0,0
https://openalex.org/w2590540868,https://doi.org/10.1002/mus.25628,,,0,0
https://openalex.org/w2069434374,https://doi.org/10.1097/01.rhu.0000049718.58846.22,https://pubmed.ncbi.nlm.nih.gov/17041429,,0,0
https://openalex.org/w1980764654,https://doi.org/10.1016/0738-081x(88)90044-2,,,0,0
https://openalex.org/w2155920985,https://doi.org/10.1016/j.cupe.2006.05.011,,,0,0
https://openalex.org/w2137438479,https://doi.org/10.1083/jcb.122.3.589,,,0,0
https://openalex.org/w2056641504,https://doi.org/10.1078/1438-4639-00149,https://pubmed.ncbi.nlm.nih.gov/12040923,,0,0
https://openalex.org/w2084616132,https://doi.org/10.1111/j.1365-2052.1991.tb00675.x,https://pubmed.ncbi.nlm.nih.gov/1928831,,0,0
https://openalex.org/w2162352841,https://doi.org/10.1378/chest.10-2899,https://pubmed.ncbi.nlm.nih.gov/21467070,,0,0
https://openalex.org/w2743453615,https://doi.org/10.1097/bor.0000000000000434,https://pubmed.ncbi.nlm.nih.gov/28796005,,0,1
https://openalex.org/w1569186198,https://doi.org/10.1684/ejd.2014.2363,https://pubmed.ncbi.nlm.nih.gov/25091812,,0,0
https://openalex.org/w2135512423,https://doi.org/10.1213/ane.0000000000000021,https://pubmed.ncbi.nlm.nih.gov/24361843,,0,0
https://openalex.org/w2019083017,https://doi.org/10.1073/pnas.0702857104,https://pubmed.ncbi.nlm.nih.gov/17989235,,0,0
https://openalex.org/w2082960908,https://doi.org/10.1007/s10875-007-9138-3,https://pubmed.ncbi.nlm.nih.gov/18026856,,0,0
https://openalex.org/w2107934345,https://doi.org/10.1136/gut.52.4.471,https://pubmed.ncbi.nlm.nih.gov/12631653,,0,0
https://openalex.org/w2319089216,https://doi.org/10.1097/md.0000000000001088,https://pubmed.ncbi.nlm.nih.gov/26266344,,0,0
https://openalex.org/w117377297,,,,0,0
https://openalex.org/w1999763867,https://doi.org/10.1016/s0248-8663(94)80037-5,https://pubmed.ncbi.nlm.nih.gov/8059153,,0,0
https://openalex.org/w2121596705,https://doi.org/10.1111/j.1462-5822.2010.01541.x,https://pubmed.ncbi.nlm.nih.gov/20955240,,0,0
https://openalex.org/w2102030590,https://doi.org/10.1128/jvi.80.10.4833-4846.2006,https://pubmed.ncbi.nlm.nih.gov/16641275,,0,0
https://openalex.org/w2006658324,https://doi.org/10.1002/anr.1780320418,https://pubmed.ncbi.nlm.nih.gov/2468339,,0,0
https://openalex.org/w2011397287,https://doi.org/10.1097/00004424-199006000-00005,https://pubmed.ncbi.nlm.nih.gov/2354926,,0,0
https://openalex.org/w2075586114,https://doi.org/10.1166/jnn.2013.7127,https://pubmed.ncbi.nlm.nih.gov/23755574,,0,0
https://openalex.org/w2146923528,https://doi.org/10.1007/s00296-011-2151-0,https://pubmed.ncbi.nlm.nih.gov/22045517,,0,0
https://openalex.org/w2099492708,https://doi.org/10.3978/j.issn.2072-1439.2013.04.12,,,0,0
https://openalex.org/w1907977147,https://doi.org/10.1016/j.jpeds.2010.03.001,https://pubmed.ncbi.nlm.nih.gov/20434166,,0,0
https://openalex.org/w2217894778,https://doi.org/10.1016/j.ccm.2015.08.011,https://pubmed.ncbi.nlm.nih.gov/17937106,,0,0
https://openalex.org/w2070660435,https://doi.org/10.1080/08916930600623791,https://pubmed.ncbi.nlm.nih.gov/16769659,,1,1
https://openalex.org/w2435013454,,https://pubmed.ncbi.nlm.nih.gov/12174300,,0,0
https://openalex.org/w2002229094,https://doi.org/10.1002/eji.200737871,https://pubmed.ncbi.nlm.nih.gov/17960661,,0,0
https://openalex.org/w2063972293,https://doi.org/10.1080/03009740801998796,https://pubmed.ncbi.nlm.nih.gov/18609261,,0,0
https://openalex.org/w2004452898,https://doi.org/10.1002/art.21538,https://pubmed.ncbi.nlm.nih.gov/16385514,,0,0
https://openalex.org/w2207941088,https://doi.org/10.1186/s12890-015-0154-4,https://pubmed.ncbi.nlm.nih.gov/26651481,,0,0
https://openalex.org/w1980783494,https://doi.org/10.1021/pr4009892,https://pubmed.ncbi.nlm.nih.gov/24400740,,0,0
https://openalex.org/w2188410346,,https://pubmed.ncbi.nlm.nih.gov/21822179,,0,0
https://openalex.org/w1899284337,https://doi.org/10.1002/art.39021,,,0,0
https://openalex.org/w2065673342,https://doi.org/10.1371/journal.pone.0094128,https://pubmed.ncbi.nlm.nih.gov/24713868,,0,0
https://openalex.org/w2790801316,https://doi.org/10.1136/lupus-2018-abstract.56,,,0,0
https://openalex.org/w2067657613,https://doi.org/10.3109/01902149409064396,https://pubmed.ncbi.nlm.nih.gov/7843074,,0,0
https://openalex.org/w2588649905,https://doi.org/10.1155/2017/1430350,https://pubmed.ncbi.nlm.nih.gov/28286407,,0,0
https://openalex.org/w2032620800,https://doi.org/10.1007/bf00839212,https://pubmed.ncbi.nlm.nih.gov/1371805,,0,0
https://openalex.org/w2778016417,https://doi.org/10.1136/annrheumdis-2017-212382,https://pubmed.ncbi.nlm.nih.gov/29259048,058-106-317-084-274,0,0
https://openalex.org/w850443871,,,,0,0
https://openalex.org/w2077259221,https://doi.org/10.1016/s2173-5115(10)70021-x,,,0,0
https://openalex.org/w2072940997,https://doi.org/10.1007/s00266-010-9568-9,https://pubmed.ncbi.nlm.nih.gov/20835824,,0,0
https://openalex.org/w2080329808,https://doi.org/10.1002/art.1780370814,https://pubmed.ncbi.nlm.nih.gov/8053959,,0,0
https://openalex.org/w2198271089,https://doi.org/10.1016/j.pupt.2015.10.009,https://pubmed.ncbi.nlm.nih.gov/26545874,,0,0
https://openalex.org/w2167187387,https://doi.org/10.3121/cmr.2013.1173-8,https://pubmed.ncbi.nlm.nih.gov/24085854,046-610-645-275-667,0,0
https://openalex.org/w2103258766,https://doi.org/10.1136/thx.2008.101691,,067-563-744-112-612,0,0
https://openalex.org/w2151167724,https://doi.org/10.1378/chest.07-1481,https://pubmed.ncbi.nlm.nih.gov/17989156,,0,0
https://openalex.org/w1983586904,https://doi.org/10.1007/s11926-014-0464-1,,,0,0
https://openalex.org/w2058497971,https://doi.org/10.1002/yea.1008,https://pubmed.ncbi.nlm.nih.gov/12898714,,0,0
https://openalex.org/w2099543863,https://doi.org/10.1183/09031936.00024113,,113-298-715-157-848,0,0
https://openalex.org/w189575936,,,,0,1
https://openalex.org/w2032432948,https://doi.org/10.1165/ajrcmb.16.2.9032122,,,0,0
https://openalex.org/w1722521205,https://doi.org/10.3389/fimmu.2015.00440,https://pubmed.ncbi.nlm.nih.gov/26388868,,0,0
https://openalex.org/w1977715789,https://doi.org/10.1148/radiology.193.3.7972829,,,0,0
https://openalex.org/w2566736475,https://doi.org/10.1016/j.rmed.2016.12.016,https://pubmed.ncbi.nlm.nih.gov/28137504,,0,0
https://openalex.org/w2782734649,https://doi.org/10.1371/journal.ppat.1006796,https://pubmed.ncbi.nlm.nih.gov/29346435,,0,0
https://openalex.org/w2901465586,https://doi.org/10.3967/bes2018.058,https://pubmed.ncbi.nlm.nih.gov/30025557,,0,0
https://openalex.org/w2408990727,https://doi.org/10.1055/s-0042-100551,,,0,0
https://openalex.org/w2774765846,https://doi.org/10.1016/j.ab.2017.12.019,https://pubmed.ncbi.nlm.nih.gov/29247608,,0,0
https://openalex.org/w2611493938,https://doi.org/10.3390/jcm6050051,https://pubmed.ncbi.nlm.nih.gov/28471413,,0,1
https://openalex.org/w1989387140,https://doi.org/10.1016/j.transproceed.2007.02.066,https://pubmed.ncbi.nlm.nih.gov/17580157,,0,0
https://openalex.org/w2017634455,https://doi.org/10.1097/rti.0b013e3181b2361d,,,0,1
https://openalex.org/w2033925303,https://doi.org/10.1097/iio.0b013e3181924f9c,https://pubmed.ncbi.nlm.nih.gov/19125071,,0,0
https://openalex.org/w2000279824,https://doi.org/10.1007/s00405-009-1184-4,https://pubmed.ncbi.nlm.nih.gov/20043173,,0,0
https://openalex.org/w2135572139,https://doi.org/10.1378/chest.124.6.2112,https://pubmed.ncbi.nlm.nih.gov/14665488,,0,0
https://openalex.org/w2901085012,https://doi.org/10.1136/annrheumdis-2018-eular.7229,,,0,0
https://openalex.org/w2016509159,https://doi.org/10.1172/jci114136,,,0,1
https://openalex.org/w2045378292,https://doi.org/10.1007/s00420-002-0365-x,https://pubmed.ncbi.nlm.nih.gov/12373322,,0,0
https://openalex.org/w2092162284,https://doi.org/10.2460/javma.232.7.1004,https://pubmed.ncbi.nlm.nih.gov/18380616,,0,0
https://openalex.org/w2439671419,,https://pubmed.ncbi.nlm.nih.gov/1795338,,0,0
https://openalex.org/w1986076498,https://doi.org/10.1186/1471-2466-14-194,https://pubmed.ncbi.nlm.nih.gov/25476922,,0,0
https://openalex.org/w2160751035,https://doi.org/10.3892/etm.2011.342,,,0,0
https://openalex.org/w4301253159,,https://pubmed.ncbi.nlm.nih.gov/1687268,,0,0
https://openalex.org/w2030067176,https://doi.org/10.1378/chest.08-2776,https://pubmed.ncbi.nlm.nih.gov/19567497,,0,0
https://openalex.org/w2129501431,https://doi.org/10.1093/jnci/91.2.135,,,0,0
https://openalex.org/w2106440646,https://doi.org/10.1084/jem.163.5.1281,,,0,1
https://openalex.org/w2888916742,https://doi.org/10.1002/anie.201808070,https://pubmed.ncbi.nlm.nih.gov/30168634,,0,0
https://openalex.org/w2077526441,https://doi.org/10.1177/000992289002900406,,,0,0
https://openalex.org/w1987508991,https://doi.org/10.1016/j.bpg.2013.06.016,,,0,0
https://openalex.org/w1953808663,https://doi.org/10.1002/ijc.29887,,,0,0
https://openalex.org/w2025410213,https://doi.org/10.1016/0049-0172(90)90094-v,,,0,0
https://openalex.org/w2003012793,https://doi.org/10.1089/ars.2008.2105,,,0,0
https://openalex.org/w1971898307,https://doi.org/10.1152/ajprenal.00214.2009,https://pubmed.ncbi.nlm.nih.gov/19794110,,0,0
https://openalex.org/w2428200914,,https://pubmed.ncbi.nlm.nih.gov/12725280,,0,0
https://openalex.org/w818406843,,,,0,0
https://openalex.org/w2009654227,https://doi.org/10.1159/000327918,https://pubmed.ncbi.nlm.nih.gov/21677422,,0,0
https://openalex.org/w2560426711,https://doi.org/10.1002/mus.25507,https://pubmed.ncbi.nlm.nih.gov/27935079,,1,1
https://openalex.org/w2754541007,https://doi.org/10.1136/annrheumdis-2017-eular.3268,,,0,1
https://openalex.org/w1736954244,https://doi.org/10.1016/j.rmed.2015.07.004,https://pubmed.ncbi.nlm.nih.gov/26187000,,0,0
https://openalex.org/w2069949336,https://doi.org/10.1097/mog.0b013e3282f50fdf,https://pubmed.ncbi.nlm.nih.gov/18301258,,0,0
https://openalex.org/w2006990207,https://doi.org/10.1007/s00281-007-0078-z,https://pubmed.ncbi.nlm.nih.gov/17690885,,0,0
https://openalex.org/w2015015407,https://doi.org/10.1016/j.cjca.2011.03.005,,,0,0
https://openalex.org/w2279787234,https://doi.org/10.1016/j.semarthrit.2016.02.004,https://pubmed.ncbi.nlm.nih.gov/27033049,,0,0
https://openalex.org/w2052874989,https://doi.org/10.1038/nature10510,https://pubmed.ncbi.nlm.nih.gov/21918512,,0,0
https://openalex.org/w2141699260,https://doi.org/10.1186/ar4332,https://pubmed.ncbi.nlm.nih.gov/24286268,,1,1
https://openalex.org/w2312209467,https://doi.org/10.1093/rheumatology/ket195,,,0,1
https://openalex.org/w1992650090,https://doi.org/10.1007/s10067-007-0562-9,,,0,0
https://openalex.org/w1967765140,https://doi.org/10.1159/000338787,,,0,0
https://openalex.org/w2262627589,https://doi.org/10.1111/nan.12223,,,0,0
https://openalex.org/w2066736467,https://doi.org/10.1111/j.1365-4362.1993.tb00953.x,https://pubmed.ncbi.nlm.nih.gov/8425794,,0,0
https://openalex.org/w2085406905,https://doi.org/10.1007/s10072-012-1107-9,https://pubmed.ncbi.nlm.nih.gov/22569568,057-833-948-896-425,0,0
https://openalex.org/w2594723614,https://doi.org/10.1093/rheumatology/kex021,https://pubmed.ncbi.nlm.nih.gov/28339994,,0,1
https://openalex.org/w2065915262,https://doi.org/10.1159/000194814,https://pubmed.ncbi.nlm.nih.gov/4059668,,0,0
https://openalex.org/w2129657185,https://doi.org/10.3945/an.111.000398,,,0,0
https://openalex.org/w2568935058,https://doi.org/10.1016/j.medcli.2016.11.021,https://pubmed.ncbi.nlm.nih.gov/28073522,,0,1
https://openalex.org/w2416080448,,https://pubmed.ncbi.nlm.nih.gov/2934693,,0,0
https://openalex.org/w1535384969,https://doi.org/10.1002/art.37735,,,0,1
https://openalex.org/w2577752809,https://doi.org/10.1177/2324709616687587,https://pubmed.ncbi.nlm.nih.gov/28210638,,0,0
https://openalex.org/w2781029361,https://doi.org/10.1093/icvts/ivx400,,,0,0
https://openalex.org/w2003694447,https://doi.org/10.1007/bf02982094,,,0,0
https://openalex.org/w2118749559,https://doi.org/10.1074/jbc.m412284200,https://pubmed.ncbi.nlm.nih.gov/15701651,,0,0
https://openalex.org/w2091913641,https://doi.org/10.1136/thx.46.4.229,https://pubmed.ncbi.nlm.nih.gov/2038729,,0,0
https://openalex.org/w2038449452,https://doi.org/10.1177/0961203314554849,https://pubmed.ncbi.nlm.nih.gov/25297551,,0,0
https://openalex.org/w4298307239,,https://pubmed.ncbi.nlm.nih.gov/3060971,,0,0
https://openalex.org/w2119560279,https://doi.org/10.7326/0003-4819-134-12-200106190-00008,https://pubmed.ncbi.nlm.nih.gov/11412048,,0,1
https://openalex.org/w2056577741,https://doi.org/10.1016/j.revmed.2011.11.017,https://pubmed.ncbi.nlm.nih.gov/22204922,,1,1
https://openalex.org/w2145631699,https://doi.org/10.1128/ec.00053-08,https://pubmed.ncbi.nlm.nih.gov/18310357,,0,0
https://openalex.org/w2108487693,https://doi.org/10.1152/ajprenal.00257.2012,https://pubmed.ncbi.nlm.nih.gov/22811485,,0,0
https://openalex.org/w2027014282,https://doi.org/10.1007/s00330-009-1562-8,,,0,0
https://openalex.org/w1998639445,https://doi.org/10.1073/pnas.1402911111,https://pubmed.ncbi.nlm.nih.gov/24803432,,0,0
https://openalex.org/w2071029926,https://doi.org/10.1099/0022-1317-73-8-1969,,,0,0
https://openalex.org/w2090461035,https://doi.org/10.1016/j.coi.2006.11.005,https://pubmed.ncbi.nlm.nih.gov/17126540,,0,0
https://openalex.org/w2317711728,https://doi.org/10.1097/rct.0000000000000144,https://pubmed.ncbi.nlm.nih.gov/25162293,,0,0
https://openalex.org/w2141566628,https://doi.org/10.1016/0264-410x(94)90118-x,,,0,0
https://openalex.org/w2157368972,https://doi.org/10.1164/rccm.201411-2033le,,,0,0
https://openalex.org/w2080165437,https://doi.org/10.1097/00005382-199203000-00006,https://pubmed.ncbi.nlm.nih.gov/1578525,,0,0
https://openalex.org/w4293259117,https://doi.org/10.1111/j.1742-4658.2011.08137.x,,,0,0
https://openalex.org/w2136458230,https://doi.org/10.1093/ejcts/ezu389,,,0,0
https://openalex.org/w2049342216,https://doi.org/10.1016/j.virol.2005.06.006,https://pubmed.ncbi.nlm.nih.gov/15996702,,0,0
https://openalex.org/w1972627296,https://doi.org/10.1136/ard.2004.023937,https://pubmed.ncbi.nlm.nih.gov/15361369,047-571-484-405-359,0,0
https://openalex.org/w1990284586,https://doi.org/10.1136/oem.2005.020669,https://pubmed.ncbi.nlm.nih.gov/15961616,029-104-110-716-659,0,0
https://openalex.org/w2147987506,https://doi.org/10.1093/rheumatology/keq153,https://pubmed.ncbi.nlm.nih.gov/20501546,,0,0
https://openalex.org/w2125501515,https://doi.org/10.1038/ni.2195,https://pubmed.ncbi.nlm.nih.gov/22231517,,0,0
https://openalex.org/w2095052729,https://doi.org/10.1055/s-0028-1101270,,,0,0
https://openalex.org/w2067976388,https://doi.org/10.1097/cnd.0000000000000068,https://pubmed.ncbi.nlm.nih.gov/25695917,,0,0
https://openalex.org/w2108730380,https://doi.org/10.1128/jvi.02782-12,https://pubmed.ncbi.nlm.nih.gov/23175364,,0,0
https://openalex.org/w2589276275,https://doi.org/10.1097/rhu.0000000000000487,https://pubmed.ncbi.nlm.nih.gov/28225510,,0,0
https://openalex.org/w2617234125,https://doi.org/10.1080/17476348.2017.1335600,https://pubmed.ncbi.nlm.nih.gov/28544856,,0,0
https://openalex.org/w2035918387,https://doi.org/10.3899/jrheum.141513,https://pubmed.ncbi.nlm.nih.gov/25934819,,0,0
https://openalex.org/w2124011273,https://doi.org/10.1097/md.0000000000000523,https://pubmed.ncbi.nlm.nih.gov/25997035,,0,1
https://openalex.org/w135463605,https://doi.org/10.3978/j.issn.2072-1439.2013.07.07,,,0,0
https://openalex.org/w2407217677,,https://pubmed.ncbi.nlm.nih.gov/2955378,,0,0
https://openalex.org/w2122741496,https://doi.org/10.1126/scitranslmed.3002868,https://pubmed.ncbi.nlm.nih.gov/22323829,,0,0
https://openalex.org/w1976332045,https://doi.org/10.1016/s0264-410x(02)00539-x,,,0,0
https://openalex.org/w2468881667,,https://pubmed.ncbi.nlm.nih.gov/3071836,,0,0
https://openalex.org/w1511765608,https://doi.org/10.1111/j.1365-2249.2009.04073.x,https://pubmed.ncbi.nlm.nih.gov/20015095,,0,0
https://openalex.org/w1975032025,https://doi.org/10.1038/nature02664,https://pubmed.ncbi.nlm.nih.gov/15190255,,0,0
https://openalex.org/w2112422020,https://doi.org/10.1002/ajim.4700140606,https://pubmed.ncbi.nlm.nih.gov/3232686,,0,0
https://openalex.org/w2039674319,https://doi.org/10.1038/ki.2012.375,https://pubmed.ncbi.nlm.nih.gov/23254902,,0,0
https://openalex.org/w2508503562,https://doi.org/10.1002/path.4806,https://pubmed.ncbi.nlm.nih.gov/27578244,,0,0
https://openalex.org/w1504833620,https://doi.org/10.18926/amo/31727,,,0,0
https://openalex.org/w2146934518,https://doi.org/10.1093/rheumatology/keu166,https://pubmed.ncbi.nlm.nih.gov/24764266,,0,0
https://openalex.org/w2133228019,https://doi.org/10.1586/ers.11.11,https://pubmed.ncbi.nlm.nih.gov/21510729,,0,0
https://openalex.org/w138772712,,https://pubmed.ncbi.nlm.nih.gov/1855316,,0,0
https://openalex.org/w50209081,,,,0,0
https://openalex.org/w2086083086,https://doi.org/10.1002/1529-0131(200105)44:5<1139::aid-anr195>3.0.co;2-m,https://pubmed.ncbi.nlm.nih.gov/11352246,,0,0
https://openalex.org/w862651496,,https://pubmed.ncbi.nlm.nih.gov/18204198,,0,0
https://openalex.org/w2130829606,https://doi.org/10.1186/s13075-015-0835-7,https://pubmed.ncbi.nlm.nih.gov/26555431,,0,0
https://openalex.org/w2604388473,https://doi.org/10.1182/blood.v128.22.5335.5335,,,0,0
https://openalex.org/w1030206653,https://doi.org/10.1007/s10067-015-3023-x,https://pubmed.ncbi.nlm.nih.gov/26219488,,0,0
https://openalex.org/w2464232119,https://doi.org/10.1007/s00705-016-2968-7,https://pubmed.ncbi.nlm.nih.gov/27406044,,0,0
https://openalex.org/w2754449968,https://doi.org/10.1136/annrheumdis-2017-eular.6320,,,0,1
https://openalex.org/w2146882048,https://doi.org/10.1016/j.jalz.2011.05.1139,,,0,0
https://openalex.org/w2807154477,https://doi.org/10.1186/s13104-018-3434-2,https://pubmed.ncbi.nlm.nih.gov/29769093,,0,0
https://openalex.org/w2401649057,,https://pubmed.ncbi.nlm.nih.gov/8970068,,0,0
https://openalex.org/w2097230806,https://doi.org/10.1128/jvi.00458-10,https://pubmed.ncbi.nlm.nih.gov/20410266,,0,0
https://openalex.org/w2093320453,https://doi.org/10.4038/cmj.v47i1.6417,,033-750-573-846-506,0,0
https://openalex.org/w2042146535,https://doi.org/10.1159/000114246,https://pubmed.ncbi.nlm.nih.gov/18216461,,0,0
https://openalex.org/w2050158629,https://doi.org/10.3324/haematol.11827,https://pubmed.ncbi.nlm.nih.gov/18287136,,0,0
https://openalex.org/w2615737272,https://doi.org/10.1186/s12887-017-0881-1,https://pubmed.ncbi.nlm.nih.gov/28506211,,0,0
https://openalex.org/w2081233433,https://doi.org/10.1007/s00415-004-0449-5,,,1,1
https://openalex.org/w4254224876,https://doi.org/10.1111/resp.12183,,,0,1
https://openalex.org/w2015840233,https://doi.org/10.1016/s0147-9563(00)90037-2,https://pubmed.ncbi.nlm.nih.gov/10636957,,0,0
https://openalex.org/w2107513683,https://doi.org/10.1016/s1010-7940(99)00320-6,,,0,0
https://openalex.org/w1853675464,https://doi.org/10.1177/0218492315593694,,,0,0
https://openalex.org/w2338945725,https://doi.org/10.1002/elps.201600004,https://pubmed.ncbi.nlm.nih.gov/27066909,,0,0
https://openalex.org/w1970406069,https://doi.org/10.1002/1529-0131(199807)41:7<1323::aid-art26>3.0.co;2-g,https://pubmed.ncbi.nlm.nih.gov/9663493,,0,0
https://openalex.org/w2011470678,https://doi.org/10.1002/(sici)1097-0029(19980801)42:3<234::aid-jemt8>3.0.co;2-s,https://pubmed.ncbi.nlm.nih.gov/9764924,,0,0
https://openalex.org/w2002988650,https://doi.org/10.1259/bjr/34705892,https://pubmed.ncbi.nlm.nih.gov/16728414,,0,0
https://openalex.org/w2018915293,https://doi.org/10.1097/01.bor.0000245721.02512.77,https://pubmed.ncbi.nlm.nih.gov/17053509,,0,0
https://openalex.org/w2319202517,https://doi.org/10.1097/bor.0b013e32833f1987,,,0,0
https://openalex.org/w2191208797,https://doi.org/10.3109/09273948.2015.1063669,https://pubmed.ncbi.nlm.nih.gov/26645946,,0,0
https://openalex.org/w2008688183,https://doi.org/10.1016/0003-9861(92)90591-j,,,0,0
https://openalex.org/w2069335581,https://doi.org/10.3109/s101650070002,https://pubmed.ncbi.nlm.nih.gov/24383629,,0,1
https://openalex.org/w2196996620,https://doi.org/10.1378/chest.2281566,,,0,0
https://openalex.org/w2419078561,https://doi.org/10.1093/rheumatology/29.5.334,https://pubmed.ncbi.nlm.nih.gov/2224399,,0,0
https://openalex.org/w2508877170,https://doi.org/10.1016/j.chest.2016.08.002,https://pubmed.ncbi.nlm.nih.gov/27554299,,0,0
https://openalex.org/w2560829762,https://doi.org/10.1016/j.resinv.2016.10.008,,,0,0
https://openalex.org/w2058840586,https://doi.org/10.1016/j.vaccine.2010.12.088,https://pubmed.ncbi.nlm.nih.gov/21215341,,0,0
https://openalex.org/w2618255833,https://doi.org/10.1016/j.chest.2017.05.015,,,0,0
https://openalex.org/w3003894877,https://doi.org/10.1111/j.1469-0691.2009.02857.x,,,0,0
https://openalex.org/w2148510526,https://doi.org/10.13181/mji.v5i4.877,,,0,0
https://openalex.org/w2764117485,https://doi.org/10.2174/1573398x11666150619181454,,,0,0
https://openalex.org/w2056543374,https://doi.org/10.1177/000348949610500501,https://pubmed.ncbi.nlm.nih.gov/8651624,,0,0
https://openalex.org/w2302877177,https://doi.org/10.1136/jclinpath-2015-203385,https://pubmed.ncbi.nlm.nih.gov/26729012,,0,0
https://openalex.org/w1985597562,https://doi.org/10.1016/s0924-8579(09)70380-2,,,0,0
https://openalex.org/w2410437788,,https://pubmed.ncbi.nlm.nih.gov/2950445,,0,1
https://openalex.org/w2745808567,https://doi.org/10.14639/0392-100x-1586,https://pubmed.ncbi.nlm.nih.gov/28663599,,0,0
https://openalex.org/w2887650684,https://doi.org/10.3899/jrheum.171314,https://pubmed.ncbi.nlm.nih.gov/30111640,,0,1
https://openalex.org/w1767114213,https://doi.org/10.3899/jrheum.141470,https://pubmed.ncbi.nlm.nih.gov/26034230,099-200-855-897-983,0,1
https://openalex.org/w1972527717,https://doi.org/10.1002/jmv.20247,https://pubmed.ncbi.nlm.nih.gov/15543590,,0,0
https://openalex.org/w2005669547,https://doi.org/10.1007/s00247-014-2886-3,https://pubmed.ncbi.nlm.nih.gov/24577684,,0,0
https://openalex.org/w2511390000,https://doi.org/10.1097/wco.0000000000000376,https://pubmed.ncbi.nlm.nih.gov/27538058,,0,0
https://openalex.org/w2728038199,https://doi.org/10.1371/journal.pone.0180283,https://pubmed.ncbi.nlm.nih.gov/28666014,,0,0
https://openalex.org/w2062525824,https://doi.org/10.1371/journal.pone.0034581,https://pubmed.ncbi.nlm.nih.gov/22514639,,0,0
https://openalex.org/w2554811211,https://doi.org/10.1016/j.ab.2016.11.012,https://pubmed.ncbi.nlm.nih.gov/27888099,,0,0
https://openalex.org/w838985239,,,,0,0
https://openalex.org/w2113485094,https://doi.org/10.1111/j.1600-065x.2008.00730.x,https://pubmed.ncbi.nlm.nih.gov/19120479,,0,0
https://openalex.org/w2428869959,,https://pubmed.ncbi.nlm.nih.gov/18409262,,0,0
https://openalex.org/w2467736742,https://doi.org/10.1182/blood.v87.8.3450.bloodjournal8783450,https://pubmed.ncbi.nlm.nih.gov/8605364,,0,0
https://openalex.org/w2342497576,,,,0,1
https://openalex.org/w2161771158,https://doi.org/10.1128/jvi.79.5.2910-2919.2005,https://pubmed.ncbi.nlm.nih.gov/15709010,,0,0
https://openalex.org/w1985507342,https://doi.org/10.2214/ajr.164.3.7863915,https://pubmed.ncbi.nlm.nih.gov/7863915,,0,0
https://openalex.org/w1974681586,https://doi.org/10.1093/rheumatology/kel335,,,0,0
https://openalex.org/w2013200373,https://doi.org/10.1378/chest.1705282,,,0,0
https://openalex.org/w1983664125,https://doi.org/10.1006/viro.1993.1534,,,0,0
https://openalex.org/w2547138062,https://doi.org/10.1016/j.virol.2016.10.024,https://pubmed.ncbi.nlm.nih.gov/27825034,,0,0
https://openalex.org/w2014306380,https://doi.org/10.1002/ajim.4700060210,https://pubmed.ncbi.nlm.nih.gov/6087658,,0,0
https://openalex.org/w2412243335,,https://pubmed.ncbi.nlm.nih.gov/2533700,,0,0
https://openalex.org/w2005797712,https://doi.org/10.1259/bjr.74.887.741003,https://pubmed.ncbi.nlm.nih.gov/11709464,,0,0
https://openalex.org/w2098440893,https://doi.org/10.1016/j.trsl.2015.04.001,https://pubmed.ncbi.nlm.nih.gov/26024800,,0,0
https://openalex.org/w2563084525,https://doi.org/10.1159/000452996,https://pubmed.ncbi.nlm.nih.gov/27951529,,0,0
https://openalex.org/w2165539528,https://doi.org/10.7326/0003-4819-142-8-200505030-00011,https://pubmed.ncbi.nlm.nih.gov/15838068,,0,0
https://openalex.org/w2341436488,,https://pubmed.ncbi.nlm.nih.gov/3222518,,0,1
https://openalex.org/w2575783179,https://doi.org/10.1016/j.chom.2016.12.004,https://pubmed.ncbi.nlm.nih.gov/28081443,,0,0
https://openalex.org/w1974813754,https://doi.org/10.1016/0042-6822(90)90422-n,,,0,0
https://openalex.org/w2033093833,https://doi.org/10.1038/mi.2013.95,https://pubmed.ncbi.nlm.nih.gov/24280936,,0,0
https://openalex.org/w2588105174,https://doi.org/10.1097/bor.0000000000000384,,,0,0
https://openalex.org/w140484599,,,,1,1
https://openalex.org/w2042193556,https://doi.org/10.1016/j.cyto.2011.12.010,,,0,0
https://openalex.org/w4206020284,https://doi.org/10.1038/s41572-021-00321-x,,,0,1
https://openalex.org/w2022655839,https://doi.org/10.1016/j.bbrc.2012.02.070,https://pubmed.ncbi.nlm.nih.gov/22382022,,0,0
https://openalex.org/w2004903995,https://doi.org/10.1007/s11883-012-0308-2,https://pubmed.ncbi.nlm.nih.gov/23341225,,0,0
https://openalex.org/w2791105053,https://doi.org/10.21037/jtd.2018.02.50,,,0,0
https://openalex.org/w2297889999,https://doi.org/10.1038/jid.2009.76,,,0,0
https://openalex.org/w1994170932,https://doi.org/10.1111/j.1365-2230.2009.03227.x,https://pubmed.ncbi.nlm.nih.gov/19508476,,0,1
https://openalex.org/w2741548960,https://doi.org/10.1016/j.chest.2017.07.019,https://pubmed.ncbi.nlm.nih.gov/28774636,,0,0
https://openalex.org/w2144687525,https://doi.org/10.2214/ajr.165.1.7785630,,,0,0
https://openalex.org/w3144874601,https://doi.org/10.1080/08035259950170196,https://pubmed.ncbi.nlm.nih.gov/10229054,,0,0
https://openalex.org/w2106968226,https://doi.org/10.1016/j.adengl.2014.07.009,https://pubmed.ncbi.nlm.nih.gov/24484630,,0,0
https://openalex.org/w2321978971,https://doi.org/10.1016/j.jalz.2013.04.277,,,0,0
https://openalex.org/w2029109132,https://doi.org/10.1159/000329893,https://pubmed.ncbi.nlm.nih.gov/21912082,,0,0
https://openalex.org/w2142628255,https://doi.org/10.1378/chest.07-0323,https://pubmed.ncbi.nlm.nih.gov/17400667,,0,0
https://openalex.org/w2007812932,https://doi.org/10.1007/bf00489922,,,0,0
https://openalex.org/w2124871474,https://doi.org/10.1111/j.1440-1789.1998.tb00099.x,,,0,0
https://openalex.org/w2087232529,https://doi.org/10.1002/(sici)1097-4652(199611)169:2<248::aid-jcp4>3.0.co;2-o,https://pubmed.ncbi.nlm.nih.gov/8908192,,0,0
https://openalex.org/w2221159815,,,,1,1
https://openalex.org/w2791436486,https://doi.org/10.1007/s10067-018-4019-0,https://pubmed.ncbi.nlm.nih.gov/29460094,,0,0
https://openalex.org/w4242457689,https://doi.org/10.1007/3-540-29662-x_1151,https://pubmed.ncbi.nlm.nih.gov/2682545,,0,0
https://openalex.org/w2810368654,https://doi.org/10.1183/16000617.0047-2018,,002-116-200-678-543,0,0
https://openalex.org/w4214919884,https://doi.org/10.1097/cnd.0b013e3182a3b21c,,,0,0
https://openalex.org/w2421297433,,https://pubmed.ncbi.nlm.nih.gov/1359823,,0,0
https://openalex.org/w53265832,,,,0,0
https://openalex.org/w2410203051,,https://pubmed.ncbi.nlm.nih.gov/23659408,,0,0
https://openalex.org/w2219896299,,https://pubmed.ncbi.nlm.nih.gov/11196524,,0,0
https://openalex.org/w2065166357,https://doi.org/10.1002/acr.22024,https://pubmed.ncbi.nlm.nih.gov/23554341,,0,0
https://openalex.org/w2091674223,https://doi.org/10.1007/s11926-996-0024-4,,,0,0
https://openalex.org/w2754617629,https://doi.org/10.1007/s10067-017-3835-y,https://pubmed.ncbi.nlm.nih.gov/28914375,,0,0
https://openalex.org/w2125034145,https://doi.org/10.1164/ajrccm.158.2.9710012,https://pubmed.ncbi.nlm.nih.gov/9700147,,0,0
https://openalex.org/w4293471992,https://doi.org/10.1111/j.1468-1331.2011.03551.x,,,0,0
https://openalex.org/w2141421472,https://doi.org/10.1016/s0002-9343(01)00760-4,https://pubmed.ncbi.nlm.nih.gov/11403760,,0,0
https://openalex.org/w2002459123,https://doi.org/10.1016/j.jocn.2014.08.013,https://pubmed.ncbi.nlm.nih.gov/25497706,,0,0
https://openalex.org/w2061578531,https://doi.org/10.1378/chest.108.5.1185-a,,,0,0
https://openalex.org/w2294803674,https://doi.org/10.1016/j.jbspin.2015.10.014,https://pubmed.ncbi.nlm.nih.gov/26968110,,0,0
https://openalex.org/w2007260964,https://doi.org/10.1016/s0248-8663(02)00711-7,https://pubmed.ncbi.nlm.nih.gov/12481392,,0,0
https://openalex.org/w1997487941,https://doi.org/10.1016/j.antiviral.2008.12.009,https://pubmed.ncbi.nlm.nih.gov/19135483,,0,0
https://openalex.org/w2116746801,https://doi.org/10.1016/j.bbrc.2008.02.130,https://pubmed.ncbi.nlm.nih.gov/18329383,,0,0
https://openalex.org/w1993962324,https://doi.org/10.2515/therapie/2011023,,,0,0
https://openalex.org/w1507535592,https://doi.org/10.4049/jimmunol.1401989,https://pubmed.ncbi.nlm.nih.gov/25582856,,0,0
https://openalex.org/w1580353632,https://doi.org/10.4049/jimmunol.137.7.2190,,,0,0
https://openalex.org/w2123938922,https://doi.org/10.1136/ard.2010.131433,https://pubmed.ncbi.nlm.nih.gov/20805295,,0,0
https://openalex.org/w2000642096,https://doi.org/10.1097/01.rti.0000139405.51472.7a,,,0,0
https://openalex.org/w2539176260,https://doi.org/10.19191/ep16.5.p336.108,https://pubmed.ncbi.nlm.nih.gov/27764930,,0,0
https://openalex.org/w2416036256,,,,0,0
https://openalex.org/w1523869034,https://doi.org/10.1111/imj.12234,,,0,0
https://openalex.org/w2756264505,https://doi.org/10.1016/j.jos.2017.08.018,https://pubmed.ncbi.nlm.nih.gov/28927957,,0,0
https://openalex.org/w2891283379,https://doi.org/10.1080/13497413.2018.1481571,,,0,1
https://openalex.org/w2022260568,https://doi.org/10.1097/00043764-200103000-00004,https://pubmed.ncbi.nlm.nih.gov/11285867,,0,0
https://openalex.org/w2086606597,https://doi.org/10.1097/00063198-200109000-00004,,,0,0
https://openalex.org/w2248207514,https://doi.org/10.1007/s00467-013-2523-7,,,0,0
https://openalex.org/w2051789148,https://doi.org/10.1128/jvi.03562-13,https://pubmed.ncbi.nlm.nih.gov/24696468,,0,0
https://openalex.org/w2548860305,https://doi.org/10.1186/s12890-016-0300-7,https://pubmed.ncbi.nlm.nih.gov/27809901,,0,0
https://openalex.org/w2755730863,https://doi.org/10.1136/annrheumdis-2017-eular.5376,,,0,1
https://openalex.org/w2419157361,,https://pubmed.ncbi.nlm.nih.gov/15595200,,0,0
https://openalex.org/w2014303563,https://doi.org/10.3109/03009742.2014.956141,https://pubmed.ncbi.nlm.nih.gov/25379698,,0,0
https://openalex.org/w2810522367,https://doi.org/10.3390/vaccines6030035,https://pubmed.ncbi.nlm.nih.gov/29949942,,0,0
https://openalex.org/w2487576731,https://doi.org/10.1016/j.ijcard.2016.07.288,https://pubmed.ncbi.nlm.nih.gov/27526357,,0,0
https://openalex.org/w1992063999,https://doi.org/10.1378/chest.90.2.307-a,https://pubmed.ncbi.nlm.nih.gov/3731914,,0,0
https://openalex.org/w2319195880,https://doi.org/10.1097/00002281-199911000-00012,,,0,0
https://openalex.org/w2524618796,https://doi.org/10.1016/j.jdermsci.2016.08.315,,,0,1
https://openalex.org/w2103065566,https://doi.org/10.1002/art.24547,https://pubmed.ncbi.nlm.nih.gov/19479859,,0,0
https://openalex.org/w2909590705,https://doi.org/10.1136/annrheumdis-2018-eular.4977,,,0,1
https://openalex.org/w1976347176,https://doi.org/10.1097/bor.0b013e3282f798ed,https://pubmed.ncbi.nlm.nih.gov/18388528,,0,0
https://openalex.org/w391225997,https://doi.org/10.1371/journal.pone.0127786,,,0,0
https://openalex.org/w2332213070,https://doi.org/10.1097/bor.0b013e32833f1970,https://pubmed.ncbi.nlm.nih.gov/20827201,,0,1
https://openalex.org/w2334067888,https://doi.org/10.1136/annrheumdis-2012-eular.2979,,,0,1
https://openalex.org/w2976595234,https://doi.org/10.3389/fmed.2019.00209,,,0,0
https://openalex.org/w2586454712,https://doi.org/10.1016/j.chest.2016.10.060,,,0,0
https://openalex.org/w1994967905,https://doi.org/10.1016/j.vaccine.2009.07.107,https://pubmed.ncbi.nlm.nih.gov/19686692,,0,0
https://openalex.org/w1983527118,https://doi.org/10.1002/ajim.4700120211,https://pubmed.ncbi.nlm.nih.gov/3661574,,0,0
https://openalex.org/w1975563740,https://doi.org/10.1097/qad.0b013e32834d697f,https://pubmed.ncbi.nlm.nih.gov/21971358,,0,0
https://openalex.org/w2135733194,https://doi.org/10.1007/s11748-012-0180-6,https://pubmed.ncbi.nlm.nih.gov/23188513,,0,0
https://openalex.org/w56813977,https://doi.org/10.1007/978-94-007-4546-9_28,https://pubmed.ncbi.nlm.nih.gov/22826070,,0,0
https://openalex.org/w1982846307,https://doi.org/10.1016/s0248-8663(05)82125-3,https://pubmed.ncbi.nlm.nih.gov/8052749,,0,0
https://openalex.org/w2002221271,https://doi.org/10.1016/s0025-6196(12)60171-2,https://pubmed.ncbi.nlm.nih.gov/8423702,,0,0
https://openalex.org/w295039891,,https://pubmed.ncbi.nlm.nih.gov/12102608,,0,0
https://openalex.org/w1929834566,https://doi.org/10.1002/acr.22423,https://pubmed.ncbi.nlm.nih.gov/25073637,,0,0
https://openalex.org/w2317782315,https://doi.org/10.1136/annrheumdis-2012-eular.780,,,0,1
https://openalex.org/w2469597291,,https://pubmed.ncbi.nlm.nih.gov/11272632,,0,0
https://openalex.org/w2009307237,https://doi.org/10.1016/j.ncl.2011.12.007,,,0,0
https://openalex.org/w4292524659,https://doi.org/10.1002/art.38914,,,0,1
https://openalex.org/w96915669,,https://pubmed.ncbi.nlm.nih.gov/9186990,,0,0
https://openalex.org/w2674204723,https://doi.org/10.1016/j.lungcan.2017.06.008,https://pubmed.ncbi.nlm.nih.gov/28838377,,0,0
https://openalex.org/w2790767010,https://doi.org/10.1002/art.40491,,,0,0
https://openalex.org/w2083859580,https://doi.org/10.1073/pnas.1211521110,https://pubmed.ncbi.nlm.nih.gov/23307811,,0,0
https://openalex.org/w1983654825,https://doi.org/10.1097/md.0b013e31816bc604,https://pubmed.ncbi.nlm.nih.gov/18344805,,0,0
https://openalex.org/w1984195111,https://doi.org/10.1016/j.micinf.2008.02.012,https://pubmed.ncbi.nlm.nih.gov/18468935,,0,0
https://openalex.org/w1966705948,https://doi.org/10.1007/s00405-010-1421-x,https://pubmed.ncbi.nlm.nih.gov/21085976,,0,0
https://openalex.org/w2016244758,https://doi.org/10.1371/journal.pone.0085582,https://pubmed.ncbi.nlm.nih.gov/24465606,,0,0
https://openalex.org/w2126910882,https://doi.org/10.1016/j.semarthrit.2005.12.003,https://pubmed.ncbi.nlm.nih.gov/16616151,,0,0
https://openalex.org/w1978734653,https://doi.org/10.1016/s0161-6420(91)32099-2,https://pubmed.ncbi.nlm.nih.gov/1961633,,0,0
https://openalex.org/w4206602798,https://doi.org/10.1089/thy.2009.1589,,,0,0
https://openalex.org/w2168084375,https://doi.org/10.3389/fimmu.2012.00087,https://pubmed.ncbi.nlm.nih.gov/22586427,,0,0
https://openalex.org/w2076463758,https://doi.org/10.1016/j.rmr.2010.10.035,https://pubmed.ncbi.nlm.nih.gov/21549906,,0,0
https://openalex.org/w2043742172,https://doi.org/10.1159/000063378,https://pubmed.ncbi.nlm.nih.gov/12077540,,0,0
https://openalex.org/w2195720705,https://doi.org/10.1007/s10067-015-3139-z,https://pubmed.ncbi.nlm.nih.gov/26660480,,0,0
https://openalex.org/w1547607823,https://doi.org/10.4049/jimmunol.170.5.2742,,,0,0
https://openalex.org/w2114150790,https://doi.org/10.3899/jrheum.100103,,003-528-207-430-513,0,0
https://openalex.org/w2057569585,https://doi.org/10.1016/j.btre.2014.05.001,https://pubmed.ncbi.nlm.nih.gov/28626654,,0,0
https://openalex.org/w2058692497,https://doi.org/10.1097/00005382-199203000-00005,,,0,0
https://openalex.org/w2134418422,https://doi.org/10.1164/rccm.201508-1701oc,,,0,0
https://openalex.org/w2061612281,https://doi.org/10.1111/j.1540-8167.2011.02099.x,https://pubmed.ncbi.nlm.nih.gov/21615816,,0,0
https://openalex.org/w2001205592,https://doi.org/10.1186/1471-2199-8-45,https://pubmed.ncbi.nlm.nih.gov/17535448,,0,0
https://openalex.org/w4241907431,https://doi.org/10.1038/jcbfm.2009.144,,,0,0
https://openalex.org/w2278493454,https://doi.org/10.1080/21645515.2015.1079676,https://pubmed.ncbi.nlm.nih.gov/26325257,,0,0
https://openalex.org/w1961194530,https://doi.org/10.1093/jn/128.3.577,,,0,0
https://openalex.org/w2064760433,https://doi.org/10.1016/j.rppneu.2012.06.004,https://pubmed.ncbi.nlm.nih.gov/22884276,,0,0
https://openalex.org/w2032311322,https://doi.org/10.1016/j.hepres.2004.12.003,https://pubmed.ncbi.nlm.nih.gov/15715972,,0,0
https://openalex.org/w2435561970,,https://pubmed.ncbi.nlm.nih.gov/2812484,,0,0
https://openalex.org/w2045589918,https://doi.org/10.1097/01.mot.0000244649.93093.c0,,,0,0
https://openalex.org/w2006600534,https://doi.org/10.1002/eji.201041214,https://pubmed.ncbi.nlm.nih.gov/21538346,,0,0
https://openalex.org/w4232337875,https://doi.org/10.1002/hep.26864,,,0,0
https://openalex.org/w2113567731,https://doi.org/10.1001/archderm.139.2.178,,,0,0
https://openalex.org/w2082915759,https://doi.org/10.1159/000375318,https://pubmed.ncbi.nlm.nih.gov/25720852,111-560-500-379-679,0,0
https://openalex.org/w2152912310,https://doi.org/10.1128/jvi.02052-06,https://pubmed.ncbi.nlm.nih.gov/17251294,,0,0
https://openalex.org/w2408948363,,https://pubmed.ncbi.nlm.nih.gov/8140296,,0,0
https://openalex.org/w2072096269,https://doi.org/10.1371/journal.pone.0058810,https://pubmed.ncbi.nlm.nih.gov/23527030,,0,0
https://openalex.org/w2544026145,https://doi.org/10.1002/ppul.23632,https://pubmed.ncbi.nlm.nih.gov/27774750,,0,0
https://openalex.org/w2114971941,https://doi.org/10.1097/00063198-199709000-00003,https://pubmed.ncbi.nlm.nih.gov/9331533,,0,0
https://openalex.org/w2056698396,https://doi.org/10.1002/pbc.21315,https://pubmed.ncbi.nlm.nih.gov/17729246,,0,0
